{
  "metadata": {
    "pump_modes": [
      1,
      3,
      5,
      7,
      9,
      11,
      13,
      15,
      17,
      19
    ],
    "pump_basis": "positive_phasor",
    "real_reconstruction_factor": 2,
    "omega_p": 44252474118.46583,
    "phase_convention": "exp_plus_i_k_omega_t",
    "pump_mode_policy": "positive_odd_jc",
    "pump_source_mode": 1,
    "pump_freq_ghz": 7.043,
    "nt": 40,
    "pump_current_a": 2.484232772337182e-06,
    "pump_current_ratio_ic_median": 0.935250225435489,
    "pump_backend": "schur_cpu_mt"
  },
  "solution_summary": {
    "x_rms": 6.358289025793391e-16,
    "x_max_abs": 1.464680971856977e-15,
    "branch_psi_rms": 3.595014052050094e-17,
    "branch_psi_max_abs": 6.925459007304833e-17,
    "branch_i_rms": 2.889838649943436e-07,
    "branch_i_max_abs": 5.548393908262231e-07,
    "X_h1_norm": 3.6096935633046874e-14,
    "X_h2_norm": 2.2352860493297097e-17,
    "X_h3_norm": 1.9302315609697135e-19,
    "X_h4_norm": 1.0016098957398228e-21,
    "X_h5_norm": 7.217735616145806e-24,
    "X_h6_norm": 2.4183123958442055e-25,
    "X_h7_norm": 2.207581800066743e-27,
    "X_h8_norm": 2.0618185261076632e-29,
    "X_h9_norm": 7.149730865410079e-31,
    "X_h10_norm": 4.447900760665225e-31
  },
  "reports": [
    {
      "converged": true,
      "source_scale": 1.0,
      "coeff_abs": 2.9929373612207153e-22,
      "coeff_rel": 5.407271763327333e-14,
      "time_abs": null,
      "time_rel": null,
      "newton_iterations": 2,
      "gmres_iterations_total": 2,
      "factor_runtime_s": 0.2819585000106599,
      "runtime_s": 0.5614852999860886,
      "failure_reason": "",
      "preconditioner_assembly_runtime_s": 0.08435710001504049,
      "preconditioner_numeric_factor_runtime_s": 0.19650520000141114
    }
  ],
  "final_status": "VALID_CONVERGED"
}