{
  "metadata": {
    "pump_modes": [
      1,
      3,
      5,
      7,
      9,
      11,
      13,
      15,
      17,
      19
    ],
    "pump_basis": "positive_phasor",
    "real_reconstruction_factor": 2,
    "omega_p": 51227194494.314,
    "phase_convention": "exp_plus_i_k_omega_t",
    "pump_mode_policy": "positive_odd_jc",
    "pump_source_mode": 1,
    "pump_freq_ghz": 8.1530612245,
    "nt": 40,
    "pump_current_a": 1.3181360842499953e-05,
    "pump_current_ratio_ic_median": 4.962445885413737,
    "pump_backend": "full"
  },
  "solution_summary": {
    "x_rms": 2.9771909326455874e-15,
    "x_max_abs": 6.763888103840644e-15,
    "branch_psi_rms": 1.124968251666675e-16,
    "branch_psi_max_abs": 2.2092035459547048e-16,
    "branch_i_rms": 8.780740378102711e-07,
    "branch_i_max_abs": 1.6521285692029449e-06,
    "X_h1_norm": 1.6901862918747643e-13,
    "X_h2_norm": 5.457457019174745e-16,
    "X_h3_norm": 1.3480833731103159e-17,
    "X_h4_norm": 4.3062374144840883e-19,
    "X_h5_norm": 2.0101448599164433e-20,
    "X_h6_norm": 9.908175343530832e-22,
    "X_h7_norm": 5.603896862716766e-23,
    "X_h8_norm": 3.5191301050245885e-24,
    "X_h9_norm": 3.5297803414972673e-25,
    "X_h10_norm": 5.09644729720703e-26
  },
  "reports": [
    {
      "converged": true,
      "source_scale": 1.0,
      "coeff_abs": 9.49836134136047e-18,
      "coeff_rel": 5.174621423355448e-10,
      "time_abs": 6.007318720615946e-17,
      "time_rel": 5.174645150362278e-10,
      "newton_iterations": 2,
      "gmres_iterations_total": 2,
      "factor_runtime_s": 1.2163634000171442,
      "runtime_s": 1.7415983999962918,
      "failure_reason": "",
      "preconditioner_assembly_runtime_s": 0.0,
      "preconditioner_numeric_factor_runtime_s": 0.0
    }
  ],
  "final_status": "VALID_CONVERGED"
}