{
  "metadata": {
    "pump_modes": [
      1,
      3,
      5,
      7,
      9,
      11,
      13,
      15,
      17,
      19
    ],
    "pump_basis": "positive_phasor",
    "real_reconstruction_factor": 2,
    "omega_p": 51227194494.314,
    "phase_convention": "exp_plus_i_k_omega_t",
    "pump_mode_policy": "positive_odd_jc",
    "pump_source_mode": 1,
    "pump_freq_ghz": 8.1530612245,
    "nt": 40,
    "pump_current_a": 1.4221986075543935e-05,
    "pump_current_ratio_ic_median": 5.35421472231005,
    "pump_backend": "full"
  },
  "solution_summary": {
    "x_rms": 3.152080110674577e-15,
    "x_max_abs": 7.21643380913329e-15,
    "branch_psi_rms": 1.4545411968584278e-16,
    "branch_psi_max_abs": 2.5585682321187963e-16,
    "branch_i_rms": 1.117440142666917e-06,
    "branch_i_max_abs": 1.8632072519081362e-06,
    "X_h1_norm": 1.7894470951243225e-13,
    "X_h2_norm": 1.1209541021846472e-15,
    "X_h3_norm": 4.770895460324631e-17,
    "X_h4_norm": 2.8132989398914383e-18,
    "X_h5_norm": 2.443700701840765e-19,
    "X_h6_norm": 2.5758925545544655e-20,
    "X_h7_norm": 2.7773433107724568e-21,
    "X_h8_norm": 3.8465094850589834e-22,
    "X_h9_norm": 5.1424994214565814e-23,
    "X_h10_norm": 1.256056153095839e-23
  },
  "reports": [
    {
      "converged": false,
      "source_scale": 1.0,
      "coeff_abs": 3.1740904423674e-10,
      "coeff_rel": 0.016026887644631314,
      "time_abs": 2.00747105945052e-09,
      "time_rel": 0.016026887644631636,
      "newton_iterations": 4,
      "gmres_iterations_total": 4,
      "factor_runtime_s": 2.257691100006923,
      "runtime_s": 3.9194545000209473,
      "failure_reason": "stalled at Newton 4 (reduction ratio 0.927)",
      "preconditioner_assembly_runtime_s": 0.0,
      "preconditioner_numeric_factor_runtime_s": 0.0
    }
  ],
  "final_status": "FAIL"
}