{
  "metadata": {
    "pump_modes": [
      1,
      3,
      5,
      7,
      9,
      11,
      13,
      15,
      17,
      19
    ],
    "pump_basis": "positive_phasor",
    "real_reconstruction_factor": 2,
    "omega_p": 44252474118.46583,
    "phase_convention": "exp_plus_i_k_omega_t",
    "pump_mode_policy": "positive_odd_jc",
    "pump_source_mode": 1,
    "pump_freq_ghz": 7.043,
    "nt": 40,
    "pump_current_a": 1.2874688529976693e-05,
    "pump_current_ratio_ic_median": 4.846991587967864,
    "pump_backend": "schur_cpu_mt"
  },
  "solution_summary": {
    "x_rms": 1.6473853837282795e-15,
    "x_max_abs": 3.750512022356513e-15,
    "branch_psi_rms": 9.145664055946734e-17,
    "branch_psi_max_abs": 1.9481039851569298e-16,
    "branch_i_rms": 7.195908667932874e-07,
    "branch_i_max_abs": 1.4820938475849112e-06,
    "X_h1_norm": 9.352360050842762e-14,
    "X_h2_norm": 4.0833662062613474e-16,
    "X_h3_norm": 1.202896827649529e-17,
    "X_h4_norm": 6.122443481251401e-19,
    "X_h5_norm": 1.9828767262161644e-20,
    "X_h6_norm": 1.3905541894743367e-21,
    "X_h7_norm": 5.906424349097289e-23,
    "X_h8_norm": 1.9861902035177502e-23,
    "X_h9_norm": 3.0040905204228394e-24,
    "X_h10_norm": 3.4032651104758446e-26
  },
  "reports": [
    {
      "converged": false,
      "source_scale": 1.0,
      "coeff_abs": 1.903956116334948e-09,
      "coeff_rel": 0.06637324630449716,
      "time_abs": null,
      "time_rel": null,
      "newton_iterations": 6,
      "gmres_iterations_total": 6,
      "factor_runtime_s": 0.7151279000099748,
      "runtime_s": 1.4201284000009764,
      "failure_reason": "stalled at Newton 6 (reduction ratio 0.997)",
      "preconditioner_assembly_runtime_s": 0.2252499999885913,
      "preconditioner_numeric_factor_runtime_s": 0.4874130000243895
    },
    {
      "converged": false,
      "source_scale": 0.5,
      "coeff_abs": 8.542865342898007e-14,
      "coeff_rel": 5.956205615093819e-06,
      "time_abs": null,
      "time_rel": null,
      "newton_iterations": 15,
      "gmres_iterations_total": 15,
      "factor_runtime_s": 1.7445098000171129,
      "runtime_s": 3.3536234000057448,
      "failure_reason": "stalled at Newton 15 (reduction ratio 0.997)",
      "preconditioner_assembly_runtime_s": 0.5315979000006337,
      "preconditioner_numeric_factor_runtime_s": 1.2054097999935038
    },
    {
      "converged": true,
      "source_scale": 0.25,
      "coeff_abs": 5.440766581418744e-18,
      "coeff_rel": 7.586757642060148e-10,
      "time_abs": null,
      "time_rel": null,
      "newton_iterations": 5,
      "gmres_iterations_total": 5,
      "factor_runtime_s": 0.7198530000459868,
      "runtime_s": 1.3340478999889456,
      "failure_reason": "",
      "preconditioner_assembly_runtime_s": 0.25437089998740703,
      "preconditioner_numeric_factor_runtime_s": 0.4623007999616675
    },
    {
      "converged": false,
      "source_scale": 0.625,
      "coeff_abs": 4.464679238505187e-10,
      "coeff_rel": 0.024902696210315187,
      "time_abs": null,
      "time_rel": null,
      "newton_iterations": 5,
      "gmres_iterations_total": 5,
      "factor_runtime_s": 0.6277101000014227,
      "runtime_s": 1.3035327999969013,
      "failure_reason": "stalled at Newton 5 (reduction ratio 0.825)",
      "preconditioner_assembly_runtime_s": 0.1872680000087712,
      "preconditioner_numeric_factor_runtime_s": 0.4377165999612771
    },
    {
      "converged": true,
      "source_scale": 0.4375,
      "coeff_abs": 8.09826554031406e-20,
      "coeff_rel": 6.452827877520889e-12,
      "time_abs": null,
      "time_rel": null,
      "newton_iterations": 16,
      "gmres_iterations_total": 16,
      "factor_runtime_s": 2.17031400007545,
      "runtime_s": 4.0971658999915235,
      "failure_reason": "",
      "preconditioner_assembly_runtime_s": 0.7251577000133693,
      "preconditioner_numeric_factor_runtime_s": 1.4361629999766592
    },
    {
      "converged": false,
      "source_scale": 0.71875,
      "coeff_abs": 9.066205500519087e-10,
      "coeff_rel": 0.04397277021217105,
      "time_abs": null,
      "time_rel": null,
      "newton_iterations": 5,
      "gmres_iterations_total": 5,
      "factor_runtime_s": 0.6416580000077374,
      "runtime_s": 1.2686917000100948,
      "failure_reason": "stalled at Newton 5 (reduction ratio 0.988)",
      "preconditioner_assembly_runtime_s": 0.18471870000939816,
      "preconditioner_numeric_factor_runtime_s": 0.45411520000197925
    },
    {
      "converged": false,
      "source_scale": 0.578125,
      "coeff_abs": 2.1197233738318251e-13,
      "coeff_rel": 1.278184550298552e-05,
      "time_abs": null,
      "time_rel": null,
      "newton_iterations": 22,
      "gmres_iterations_total": 22,
      "factor_runtime_s": 2.9045612000045367,
      "runtime_s": 5.536547600000631,
      "failure_reason": "stalled at Newton 22 (reduction ratio 0.968)",
      "preconditioner_assembly_runtime_s": 0.9650619999447372,
      "preconditioner_numeric_factor_runtime_s": 1.9285781999933533
    },
    {
      "converged": false,
      "source_scale": 0.5078125,
      "coeff_abs": 8.053532074614902e-16,
      "coeff_rel": 5.5286504297519646e-08,
      "time_abs": null,
      "time_rel": null,
      "newton_iterations": 30,
      "gmres_iterations_total": 30,
      "factor_runtime_s": 3.907365399907576,
      "runtime_s": 7.581827500020154,
      "failure_reason": "maximum Newton iterations reached",
      "preconditioner_assembly_runtime_s": 1.273853099992266,
      "preconditioner_numeric_factor_runtime_s": 2.617326899926411
    },
    {
      "converged": true,
      "source_scale": 0.05,
      "coeff_abs": 6.207915280538748e-23,
      "coeff_rel": 4.328245660890673e-14,
      "time_abs": null,
      "time_rel": null,
      "newton_iterations": 3,
      "gmres_iterations_total": 3,
      "factor_runtime_s": 0.3771163999917917,
      "runtime_s": 0.7588779000216164,
      "failure_reason": "",
      "preconditioner_assembly_runtime_s": 0.115018999989843,
      "preconditioner_numeric_factor_runtime_s": 0.2607897999987472
    },
    {
      "converged": true,
      "source_scale": 0.1,
      "coeff_abs": 8.116600404999821e-20,
      "coeff_rel": 2.8295038589085882e-11,
      "time_abs": null,
      "time_rel": null,
      "newton_iterations": 3,
      "gmres_iterations_total": 3,
      "factor_runtime_s": 0.410490199981723,
      "runtime_s": 0.7465086999873165,
      "failure_reason": "",
      "preconditioner_assembly_runtime_s": 0.13788880000356585,
      "preconditioner_numeric_factor_runtime_s": 0.27097860001958907
    },
    {
      "converged": true,
      "source_scale": 0.15,
      "coeff_abs": 2.4502258797222265e-22,
      "coeff_rel": 5.694439573166661e-14,
      "time_abs": null,
      "time_rel": null,
      "newton_iterations": 3,
      "gmres_iterations_total": 3,
      "factor_runtime_s": 0.4250629000016488,
      "runtime_s": 0.7789349000086077,
      "failure_reason": "",
      "preconditioner_assembly_runtime_s": 0.14188630002900027,
      "preconditioner_numeric_factor_runtime_s": 0.2814055000199005
    },
    {
      "converged": true,
      "source_scale": 0.2,
      "coeff_abs": 1.2338752844070763e-18,
      "coeff_rel": 2.1506879139270815e-10,
      "time_abs": null,
      "time_rel": null,
      "newton_iterations": 3,
      "gmres_iterations_total": 3,
      "factor_runtime_s": 0.41627760001574643,
      "runtime_s": 0.7765631999936886,
      "failure_reason": "",
      "preconditioner_assembly_runtime_s": 0.13861669998732395,
      "preconditioner_numeric_factor_runtime_s": 0.2759162000147626
    },
    {
      "converged": true,
      "source_scale": 0.25,
      "coeff_abs": 2.773635386274982e-22,
      "coeff_rel": 3.867635037859497e-14,
      "time_abs": null,
      "time_rel": null,
      "newton_iterations": 4,
      "gmres_iterations_total": 4,
      "factor_runtime_s": 0.5431680999463424,
      "runtime_s": 1.0182878999912646,
      "failure_reason": "",