{
  "metadata": {
    "pump_modes": [
      1,
      3,
      5,
      7,
      9,
      11,
      13,
      15,
      17,
      19
    ],
    "pump_basis": "positive_phasor",
    "real_reconstruction_factor": 2,
    "omega_p": 51227194494.314,
    "phase_convention": "exp_plus_i_k_omega_t",
    "pump_mode_policy": "positive_odd_jc",
    "pump_source_mode": 1,
    "pump_freq_ghz": 8.1530612245,
    "nt": 40,
    "pump_current_a": 1.3954370481496895e-05,
    "pump_current_ratio_ic_median": 5.253464282395728,
    "pump_backend": "full"
  },
  "solution_summary": {
    "x_rms": 3.1404786935528666e-15,
    "x_max_abs": 7.185348621386718e-15,
    "branch_psi_rms": 1.4303485179675012e-16,
    "branch_psi_max_abs": 2.4594122961107243e-16,
    "branch_i_rms": 1.1014218977536445e-06,
    "branch_i_max_abs": 1.8053321149539384e-06,
    "X_h1_norm": 1.7828721468194736e-13,
    "X_h2_norm": 9.21086521881071e-16,
    "X_h3_norm": 3.442599628958638e-17,
    "X_h4_norm": 1.4463320717786971e-18,
    "X_h5_norm": 9.438077025958161e-20,
    "X_h6_norm": 6.280031582696971e-21,
    "X_h7_norm": 5.467157565620638e-22,
    "X_h8_norm": 7.135122528262216e-23,
    "X_h9_norm": 4.692573953419776e-24,
    "X_h10_norm": 6.632931075958122e-25
  },
  "reports": [
    {
      "converged": true,
      "source_scale": 1.0,
      "coeff_abs": 1.746587172846173e-18,
      "coeff_rel": 8.988146889768381e-11,
      "time_abs": 1.1047881798400107e-17,
      "time_rel": 8.98936300699971e-11,
      "newton_iterations": 4,
      "gmres_iterations_total": 4,
      "factor_runtime_s": 2.5026051999884658,
      "runtime_s": 3.3627988999942318,
      "failure_reason": "",
      "preconditioner_assembly_runtime_s": 0.0,
      "preconditioner_numeric_factor_runtime_s": 0.0
    }
  ],
  "final_status": "VALID_CONVERGED"
}