{
  "metadata": {
    "pump_modes": [
      1,
      3,
      5,
      7,
      9,
      11,
      13,
      15,
      17,
      19
    ],
    "pump_basis": "positive_phasor",
    "real_reconstruction_factor": 2,
    "omega_p": 44252474118.46583,
    "phase_convention": "exp_plus_i_k_omega_t",
    "pump_mode_policy": "positive_odd_jc",
    "pump_source_mode": 1,
    "pump_freq_ghz": 7.043,
    "nt": 40,
    "pump_current_a": 7.403588748781424e-06,
    "pump_current_ratio_ic_median": 2.7872621774549486,
    "pump_backend": "schur_cpu_mt"
  },
  "solution_summary": {
    "x_rms": 1.9043569808987688e-15,
    "x_max_abs": 4.282162719055841e-15,
    "branch_psi_rms": 1.061411027260734e-16,
    "branch_psi_max_abs": 2.2065624507230493e-16,
    "branch_i_rms": 8.279216142349158e-07,
    "branch_i_max_abs": 1.6504589040670536e-06,
    "X_h1_norm": 1.0811219185133e-13,
    "X_h2_norm": 4.546132244805341e-16,
    "X_h3_norm": 1.3044451851799573e-17,
    "X_h4_norm": 8.580399268829319e-19,
    "X_h5_norm": 5.123374880654473e-20,
    "X_h6_norm": 1.4877109068982999e-21,
    "X_h7_norm": 1.0815536778189128e-22,
    "X_h8_norm": 8.971487453491074e-24,
    "X_h9_norm": 6.317394587653559e-24,
    "X_h10_norm": 7.411394818358479e-26
  },
  "reports": [
    {
      "converged": true,
      "source_scale": 1.0,
      "coeff_abs": 5.482562832979421e-22,
      "coeff_rel": 3.323641608497464e-14,
      "time_abs": null,
      "time_rel": null,
      "newton_iterations": 2,
      "gmres_iterations_total": 2,
      "factor_runtime_s": 0.3535113999969326,
      "runtime_s": 0.6585523000103422,
      "failure_reason": "",
      "preconditioner_assembly_runtime_s": 0.12784770000143908,
      "preconditioner_numeric_factor_runtime_s": 0.22440479998476803
    }
  ],
  "final_status": "VALID_CONVERGED"
}