{
  "metadata": {
    "pump_modes": [
      1,
      3,
      5,
      7,
      9,
      11,
      13,
      15,
      17,
      19
    ],
    "pump_basis": "positive_phasor",
    "real_reconstruction_factor": 2,
    "omega_p": 51227194494.314,
    "phase_convention": "exp_plus_i_k_omega_t",
    "pump_mode_policy": "positive_odd_jc",
    "pump_source_mode": 1,
    "pump_freq_ghz": 8.1530612245,
    "nt": 40,
    "pump_current_a": 1.3380127414570926e-05,
    "pump_current_ratio_ic_median": 5.037276426017033,
    "pump_backend": "full"
  },
  "solution_summary": {
    "x_rms": 3.0060240155265737e-15,
    "x_max_abs": 6.8448328994357916e-15,
    "branch_psi_rms": 1.3340846505020384e-16,
    "branch_psi_max_abs": 2.6055403601108803e-16,
    "branch_i_rms": 1.0311080679941165e-06,
    "branch_i_max_abs": 1.89003667030544e-06,
    "X_h1_norm": 1.7065441495605475e-13,
    "X_h2_norm": 8.240636901401174e-16,
    "X_h3_norm": 3.074302302187115e-17,
    "X_h4_norm": 9.168081900907727e-19,
    "X_h5_norm": 5.921859311551858e-20,
    "X_h6_norm": 3.375024454658794e-21,
    "X_h7_norm": 3.136880999529305e-22,
    "X_h8_norm": 2.891590758294907e-23,
    "X_h9_norm": 1.807297095010976e-24,
    "X_h10_norm": 3.2773439878070726e-25
  },
  "reports": [
    {
      "converged": true,
      "source_scale": 1.0,
      "coeff_abs": 9.496748543154644e-19,
      "coeff_rel": 5.0968849883493887e-11,
      "time_abs": 6.008990772659418e-18,
      "time_rel": 5.099192841435429e-11,
      "newton_iterations": 2,
      "gmres_iterations_total": 2,
      "factor_runtime_s": 1.3093427999992855,
      "runtime_s": 1.790808099991409,
      "failure_reason": "",
      "preconditioner_assembly_runtime_s": 0.0,
      "preconditioner_numeric_factor_runtime_s": 0.0
    }
  ],
  "final_status": "VALID_CONVERGED"
}