{
  "metadata": {
    "pump_modes": [
      1,
      3,
      5,
      7,
      9,
      11,
      13,
      15,
      17,
      19
    ],
    "pump_basis": "positive_phasor",
    "real_reconstruction_factor": 2,
    "omega_p": 51227194494.314,
    "phase_convention": "exp_plus_i_k_omega_t",
    "pump_mode_policy": "positive_odd_jc",
    "pump_source_mode": 1,
    "pump_freq_ghz": 8.1530612245,
    "nt": 40,
    "pump_current_a": 1.3558456406484859e-05,
    "pump_current_ratio_ic_median": 5.1044127393876515,
    "pump_backend": "full"
  },
  "solution_summary": {
    "x_rms": 3.0510408229851962e-15,
    "x_max_abs": 6.95688876236225e-15,
    "branch_psi_rms": 1.363640629104417e-16,
    "branch_psi_max_abs": 2.585786258807916e-16,
    "branch_i_rms": 1.052577670282797e-06,
    "branch_i_max_abs": 1.8788001714041465e-06,
    "X_h1_norm": 1.7320861184334053e-13,
    "X_h2_norm": 1.094794225531019e-15,
    "X_h3_norm": 4.5710751194919755e-17,
    "X_h4_norm": 1.7494295572498915e-18,
    "X_h5_norm": 1.592121095249725e-19,
    "X_h6_norm": 1.0125943350004328e-20,
    "X_h7_norm": 2.1987236369955862e-21,
    "X_h8_norm": 1.721395322354024e-22,
    "X_h9_norm": 9.195336854619245e-24,
    "X_h10_norm": 1.5183842654380132e-24
  },
  "reports": [
    {
      "converged": true,
      "source_scale": 1.0,
      "coeff_abs": 2.899543584805781e-18,
      "coeff_rel": 1.535711145753109e-10,
      "time_abs": 1.8339219797227053e-17,
      "time_rel": 1.5357861789997067e-10,
      "newton_iterations": 2,
      "gmres_iterations_total": 2,
      "factor_runtime_s": 1.220159299991792,
      "runtime_s": 1.705775900016306,
      "failure_reason": "",
      "preconditioner_assembly_runtime_s": 0.0,
      "preconditioner_numeric_factor_runtime_s": 0.0
    }
  ],
  "final_status": "VALID_CONVERGED"
}