{
  "metadata": {
    "pump_modes": [
      1,
      3,
      5,
      7,
      9,
      11,
      13,
      15,
      17,
      19
    ],
    "pump_basis": "positive_phasor",
    "real_reconstruction_factor": 2,
    "omega_p": 44252474118.46583,
    "phase_convention": "exp_plus_i_k_omega_t",
    "pump_mode_policy": "positive_odd_jc",
    "pump_source_mode": 1,
    "pump_freq_ghz": 7.043,
    "nt": 40,
    "pump_current_a": 7.992677444212163e-06,
    "pump_current_ratio_ic_median": 3.009039034011254,
    "pump_backend": "schur_cpu_mt"
  },
  "solution_summary": {
    "x_rms": 2.060549572672007e-15,
    "x_max_abs": 4.6688744625511806e-15,
    "branch_psi_rms": 1.1324432873859911e-16,
    "branch_psi_max_abs": 2.2983896250393015e-16,
    "branch_i_rms": 8.798111592539984e-07,
    "branch_i_max_abs": 1.7078793496075563e-06,
    "X_h1_norm": 1.169787764630959e-13,
    "X_h2_norm": 6.219553411538082e-16,
    "X_h3_norm": 2.1060572940681428e-17,
    "X_h4_norm": 1.5005437755080042e-18,
    "X_h5_norm": 9.218799373679079e-20,
    "X_h6_norm": 3.846518882375491e-21,
    "X_h7_norm": 2.8586577018830415e-22,
    "X_h8_norm": 2.4507906009759732e-23,
    "X_h9_norm": 2.008313251151724e-23,
    "X_h10_norm": 2.0620420301763267e-25
  },
  "reports": [
    {
      "converged": true,
      "source_scale": 1.0,
      "coeff_abs": 7.926931612405315e-21,
      "coeff_rel": 4.451287865346701e-13,
      "time_abs": null,
      "time_rel": null,
      "newton_iterations": 2,
      "gmres_iterations_total": 2,
      "factor_runtime_s": 0.1998541000066325,
      "runtime_s": 0.3961317999928724,
      "failure_reason": "",
      "preconditioner_assembly_runtime_s": 0.06005959998583421,
      "preconditioner_numeric_factor_runtime_s": 0.13887579998117872
    }
  ],
  "final_status": "VALID_CONVERGED"
}