{
  "metadata": {
    "pump_modes": [
      1,
      3,
      5,
      7,
      9,
      11,
      13,
      15,
      17,
      19
    ],
    "pump_basis": "positive_phasor",
    "real_reconstruction_factor": 2,
    "omega_p": 44252474118.46583,
    "phase_convention": "exp_plus_i_k_omega_t",
    "pump_mode_policy": "positive_odd_jc",
    "pump_source_mode": 1,
    "pump_freq_ghz": 7.043,
    "nt": 40,
    "pump_current_a": 1.757667535146201e-05,
    "pump_current_ratio_ic_median": 6.617169601782412,
    "pump_backend": "schur_cpu_mt"
  },
  "solution_summary": {
    "x_rms": 1.574979758546773e-15,
    "x_max_abs": 3.613552089611428e-15,
    "branch_psi_rms": 8.803723068217626e-17,
    "branch_psi_max_abs": 1.8546219807346649e-16,
    "branch_i_rms": 6.939736100962824e-07,
    "branch_i_max_abs": 1.4188917741663148e-06,
    "X_h1_norm": 8.941314409080382e-14,
    "X_h2_norm": 3.71444984828539e-16,
    "X_h3_norm": 2.3837139387032166e-17,
    "X_h4_norm": 4.350043047993777e-19,
    "X_h5_norm": 2.2725266228096947e-20,
    "X_h6_norm": 1.1791943882533777e-20,
    "X_h7_norm": 1.2457639585523944e-22,
    "X_h8_norm": 6.571223509086055e-22,
    "X_h9_norm": 1.6256716335968704e-23,
    "X_h10_norm": 2.137457610141322e-24
  },
  "reports": [
    {
      "converged": false,
      "source_scale": 1.0,
      "coeff_abs": 1.1532146655259922e-08,
      "coeff_rel": 0.294473543162224,
      "time_abs": null,
      "time_rel": null,
      "newton_iterations": 5,
      "gmres_iterations_total": 5,
      "factor_runtime_s": 0.5524394000240136,
      "runtime_s": 1.2051764999923762,
      "failure_reason": "stalled at Newton 5 (reduction ratio 0.999)",
      "preconditioner_assembly_runtime_s": 0.16223460002220236,
      "preconditioner_numeric_factor_runtime_s": 0.3877599000115879
    },
    {
      "converged": false,
      "source_scale": 0.5,
      "coeff_abs": 5.569263240727024e-10,
      "coeff_rel": 0.028442244593759082,
      "time_abs": null,
      "time_rel": null,
      "newton_iterations": 6,
      "gmres_iterations_total": 6,
      "factor_runtime_s": 0.7380881000717636,
      "runtime_s": 1.5053040999919176,
      "failure_reason": "stalled at Newton 6 (reduction ratio 0.999)",
      "preconditioner_assembly_runtime_s": 0.2129092999966815,
      "preconditioner_numeric_factor_runtime_s": 0.5221300999983214
    },
    {
      "converged": true,
      "source_scale": 0.25,
      "coeff_abs": 2.123058828123707e-19,
      "coeff_rel": 2.1684936001894304e-11,
      "time_abs": null,
      "time_rel": null,
      "newton_iterations": 7,
      "gmres_iterations_total": 7,
      "factor_runtime_s": 0.9271444999030791,
      "runtime_s": 1.7473042999918107,
      "failure_reason": "",
      "preconditioner_assembly_runtime_s": 0.3026337000192143,
      "preconditioner_numeric_factor_runtime_s": 0.6208728000347037
    },
    {
      "converged": false,
      "source_scale": 0.625,
      "coeff_abs": 6.029986876273963e-10,
      "coeff_rel": 0.02463612930025589,
      "time_abs": null,
      "time_rel": null,
      "newton_iterations": 5,
      "gmres_iterations_total": 5,
      "factor_runtime_s": 0.6671931000018958,
      "runtime_s": 1.3347034999751486,
      "failure_reason": "line search failed at Newton 5",
      "preconditioner_assembly_runtime_s": 0.20409490005113184,
      "preconditioner_numeric_factor_runtime_s": 0.4605429999937769
    },
    {
      "converged": false,
      "source_scale": 0.4375,
      "coeff_abs": 5.200733884638544e-10,
      "coeff_rel": 0.030354473180011908,
      "time_abs": null,
      "time_rel": null,
      "newton_iterations": 4,
      "gmres_iterations_total": 4,
      "factor_runtime_s": 0.5421471000299789,
      "runtime_s": 1.0635924999951385,
      "failure_reason": "stalled at Newton 4 (reduction ratio 0.955)",
      "preconditioner_assembly_runtime_s": 0.16521919998922385,
      "preconditioner_numeric_factor_runtime_s": 0.37462630003574304
    },
    {
      "converged": true,
      "source_scale": 0.34375,
      "coeff_abs": 6.298737707539043e-21,
      "coeff_rel": 4.678934247523318e-13,
      "time_abs": null,
      "time_rel": null,
      "newton_iterations": 6,
      "gmres_iterations_total": 6,
      "factor_runtime_s": 0.7989771999418736,
      "runtime_s": 1.561062699998729,
      "failure_reason": "",
      "preconditioner_assembly_runtime_s": 0.25021330002346076,
      "preconditioner_numeric_factor_runtime_s": 0.5456752000027336
    },
    {
      "converged": false,
      "source_scale": 0.484375,
      "coeff_abs": 5.769209917048374e-10,
      "coeff_rel": 0.030413804271568905,
      "time_abs": null,
      "time_rel": null,
      "newton_iterations": 5,
      "gmres_iterations_total": 5,
      "factor_runtime_s": 0.6210940999735612,
      "runtime_s": 1.1811520000046585,
      "failure_reason": "stalled at Newton 5 (reduction ratio 0.985)",
      "preconditioner_assembly_runtime_s": 0.19533400001819246,
      "preconditioner_numeric_factor_runtime_s": 0.42319389997282997
    },
    {
      "converged": true,
      "source_scale": 0.4140625,
      "coeff_abs": 4.903603428346336e-19,
      "coeff_rel": 3.024026309232035e-11,
      "time_abs": null,
      "time_rel": null,
      "newton_iterations": 9,
      "gmres_iterations_total": 9,
      "factor_runtime_s": 1.2000419000105467,
      "runtime_s": 2.3429603000113275,
      "failure_reason": "",
      "preconditioner_assembly_runtime_s": 0.37858080002479255,
      "preconditioner_numeric_factor_runtime_s": 0.816509300027974
    },
    {
      "converged": false,
      "source_scale": 0.51953125,
      "coeff_abs": 1.3846186321223689e-09,
      "coeff_rel": 0.06805415108606439,
      "time_abs": null,
      "time_rel": null,
      "newton_iterations": 5,
      "gmres_iterations_total": 5,
      "factor_runtime_s": 0.6270826000254601,
      "runtime_s": 1.2493095000099856,
      "failure_reason": "stalled at Newton 5 (reduction ratio 0.976)",
      "preconditioner_assembly_runtime_s": 0.17855109999072738,
      "preconditioner_numeric_factor_runtime_s": 0.44568589999107644
    },
    {
      "converged": false,
      "source_scale": 0.466796875,
      "coeff_abs": 6.693532999083227e-10,
      "coeff_rel": 0.036615384075325205,
      "time_abs": null,
      "time_rel": null,
      "newton_iterations": 5,
      "gmres_iterations_total": 5,
      "factor_runtime_s": 0.5782726999896113,
      "runtime_s": 1.171791700005997,
      "failure_reason": "stalled at Newton 5 (reduction ratio 0.994)",
      "preconditioner_assembly_runtime_s": 0.16811690005124547,
      "preconditioner_numeric_factor_runtime_s": 0.4075203000102192
    },
    {
      "converged": true,
      "source_scale": 0.05,
      "coeff_abs": 4.2131896297550794e-21,
      "coeff_rel": 2.151677246876555e-12,
      "time_abs": null,
      "time_rel": null,
      "newton_iterations": 3,
      "gmres_iterations_total": 3,
      "factor_runtime_s": 0.3767029999871738,
      "runtime_s": 0.7069413000135683,
      "failure_reason": "",
      "preconditioner_assembly_runtime_s": 0.11481860003550537,
      "preconditioner_numeric_factor_runtime_s": 0.26057620003120974
    },
    {
      "converged": true,
      "source_scale": 0.1,
      "coeff_abs": 1.3318692059405526e-22,
      "coeff_rel": 3.4009300768221336e-14,
      "time_abs": null,
      "time_rel": null,
      "newton_iterations": 4,
      "gmres_iterations_total": 4,
      "factor_runtime_s": 0.5365911000117194,
      "runtime_s": 0.9973806999914814,
      "failure_reason": "",
      "preconditioner_assembly_runtime_s": 0.17083519999869168,
      "preconditioner_numeric_factor_runtime_s": 0.36350419995142147
    },
    {
      "converged": true,
      "source_scale": 0.15,
      "coeff_abs": 4.038417350909359e-20,
      "coeff_rel": 6.874736633401339e-12,
      "time_abs": null,
      "time_rel": null,
      "newton_iterations": 3,
      "gmres_iterations_total": 3,
      "factor_runtime_s": 0.4024891000299249,