{
  "metadata": {
    "pump_modes": [
      1,
      3,
      5,
      7,
      9,
      11,
      13,
      15,
      17,
      19
    ],
    "pump_basis": "positive_phasor",
    "real_reconstruction_factor": 2,
    "omega_p": 51227194494.314,
    "phase_convention": "exp_plus_i_k_omega_t",
    "pump_mode_policy": "positive_odd_jc",
    "pump_source_mode": 1,
    "pump_freq_ghz": 8.1530612245,
    "nt": 40,
    "pump_current_a": 1.4069814580072947e-05,
    "pump_current_ratio_ic_median": 5.296926038645273,
    "pump_backend": "full"
  },
  "solution_summary": {
    "x_rms": 3.173580243129981e-15,
    "x_max_abs": 7.380583086520992e-15,
    "branch_psi_rms": 2.561437107968489e-16,
    "branch_psi_max_abs": 1.0093299406034346e-15,
    "branch_i_rms": 1.466952035736794e-06,
    "branch_i_max_abs": 2.6562225708678276e-06,
    "X_h1_norm": 1.7987226457807065e-13,
    "X_h2_norm": 1.0311887808892802e-14,
    "X_h3_norm": 6.442078972096564e-16,
    "X_h4_norm": 1.4213685663973257e-16,
    "X_h5_norm": 4.366997047660105e-17,
    "X_h6_norm": 1.720766197539814e-17,
    "X_h7_norm": 6.911697921401077e-18,
    "X_h8_norm": 1.9094864392507575e-18,
    "X_h9_norm": 6.864937727372257e-19,
    "X_h10_norm": 3.9484820693596676e-19
  },
  "reports": [
    {
      "converged": false,
      "source_scale": 1.0,
      "coeff_abs": 4.0811179500688634e-08,
      "coeff_rel": 2.0829599356707074,
      "time_abs": 2.581125624402988e-07,
      "time_rel": 2.0829599356707074,
      "newton_iterations": 4,
      "gmres_iterations_total": 4,
      "factor_runtime_s": 2.740327100007562,
      "runtime_s": 4.7493792999885045,
      "failure_reason": "stalled at Newton 4 (reduction ratio 0.989)",
      "preconditioner_assembly_runtime_s": 0.0,
      "preconditioner_numeric_factor_runtime_s": 0.0
    }
  ],
  "final_status": "FAIL"
}