{
  "metadata": {
    "pump_modes": [
      1,
      3,
      5,
      7,
      9,
      11,
      13,
      15,
      17,
      19
    ],
    "pump_basis": "positive_phasor",
    "real_reconstruction_factor": 2,
    "omega_p": 51227194494.314,
    "phase_convention": "exp_plus_i_k_omega_t",
    "pump_mode_policy": "positive_odd_jc",
    "pump_source_mode": 1,
    "pump_freq_ghz": 8.1530612245,
    "nt": 40,
    "pump_current_a": 1.3120797990689735e-05,
    "pump_current_ratio_ic_median": 4.939645517654626,
    "pump_backend": "full"
  },
  "solution_summary": {
    "x_rms": 2.963713779293281e-15,
    "x_max_abs": 6.732571616135417e-15,
    "branch_psi_rms": 1.1123493380583608e-16,
    "branch_psi_max_abs": 2.257033119542085e-16,
    "branch_i_rms": 8.682780205774059e-07,
    "branch_i_max_abs": 1.6821806189414464e-06,
    "X_h1_norm": 1.6825297048644553e-13,
    "X_h2_norm": 6.916699400949531e-16,
    "X_h3_norm": 1.6436870061133785e-17,
    "X_h4_norm": 5.010640875661549e-19,
    "X_h5_norm": 2.9078922399273503e-20,
    "X_h6_norm": 1.5299012712753704e-21,
    "X_h7_norm": 9.774406240297343e-23,
    "X_h8_norm": 6.574595078271518e-24,
    "X_h9_norm": 5.949439657259414e-25,
    "X_h10_norm": 9.164519312079098e-26
  },
  "reports": [
    {
      "converged": true,
      "source_scale": 1.0,
      "coeff_abs": 1.3411872494484327e-20,
      "coeff_rel": 7.340392975901883e-13,
      "time_abs": 2.0089264287585956e-19,
      "time_rel": 1.7384569139248405e-12,
      "newton_iterations": 7,
      "gmres_iterations_total": 7,
      "factor_runtime_s": 4.17226160003338,
      "runtime_s": 5.803569300012896,
      "failure_reason": "",
      "preconditioner_assembly_runtime_s": 0.0,
      "preconditioner_numeric_factor_runtime_s": 0.0
    }
  ],
  "final_status": "VALID_CONVERGED"
}