{
  "metadata": {
    "pump_modes": [
      1,
      3,
      5,
      7,
      9,
      11,
      13,
      15,
      17,
      19
    ],
    "pump_basis": "positive_phasor",
    "real_reconstruction_factor": 2,
    "omega_p": 51227194494.314,
    "phase_convention": "exp_plus_i_k_omega_t",
    "pump_mode_policy": "positive_odd_jc",
    "pump_source_mode": 1,
    "pump_freq_ghz": 8.1530612245,
    "nt": 40,
    "pump_current_a": 1.3318651313317586e-05,
    "pump_current_ratio_ic_median": 5.014132243154495,
    "pump_backend": "full"
  },
  "solution_summary": {
    "x_rms": 2.990965918947104e-15,
    "x_max_abs": 6.809645363040124e-15,
    "branch_psi_rms": 1.3248480889070104e-16,
    "branch_psi_max_abs": 2.6147375937396275e-16,
    "branch_i_rms": 1.024444286251102e-06,
    "branch_i_max_abs": 1.895245019394708e-06,
    "X_h1_norm": 1.6980010403749053e-13,
    "X_h2_norm": 6.971745016448574e-16,
    "X_h3_norm": 2.450665410127456e-17,
    "X_h4_norm": 7.173437280903381e-19,
    "X_h5_norm": 4.265909037884587e-20,
    "X_h6_norm": 2.4955887656444106e-21,
    "X_h7_norm": 1.7428437121989364e-22,
    "X_h8_norm": 1.280502123337997e-23,
    "X_h9_norm": 8.2539310766258195e-25,
    "X_h10_norm": 1.0376248966322958e-25
  },
  "reports": [
    {
      "converged": true,
      "source_scale": 1.0,
      "coeff_abs": 1.936577502698254e-19,
      "coeff_rel": 1.044154530811602e-11,
      "time_abs": 1.2377627953216958e-18,
      "time_rel": 1.0552061746181663e-11,
      "newton_iterations": 2,
      "gmres_iterations_total": 2,
      "factor_runtime_s": 1.3594454000121914,
      "runtime_s": 1.8880666999903042,
      "failure_reason": "",
      "preconditioner_assembly_runtime_s": 0.0,
      "preconditioner_numeric_factor_runtime_s": 0.0
    }
  ],
  "final_status": "VALID_CONVERGED"
}