{
  "metadata": {
    "pump_modes": [
      1,
      3,
      5,
      7,
      9,
      11,
      13,
      15,
      17,
      19
    ],
    "pump_basis": "positive_phasor",
    "real_reconstruction_factor": 2,
    "omega_p": 51227194494.314,
    "phase_convention": "exp_plus_i_k_omega_t",
    "pump_mode_policy": "positive_odd_jc",
    "pump_source_mode": 1,
    "pump_freq_ghz": 8.1530612245,
    "nt": 40,
    "pump_current_a": 1.3581891260644555e-05,
    "pump_current_ratio_ic_median": 5.113235363772919,
    "pump_backend": "full"
  },
  "solution_summary": {
    "x_rms": 3.0567050613625186e-15,
    "x_max_abs": 6.970736833150491e-15,
    "branch_psi_rms": 1.3665448480496934e-16,
    "branch_psi_max_abs": 2.583184052540031e-16,
    "branch_i_rms": 1.0546619098217635e-06,
    "branch_i_max_abs": 1.8773149338152227e-06,
    "X_h1_norm": 1.7352999458294169e-13,
    "X_h2_norm": 1.1245927386168238e-15,
    "X_h3_norm": 4.6743532985646034e-17,
    "X_h4_norm": 1.8115156182732596e-18,
    "X_h5_norm": 1.6160536813719538e-19,
    "X_h6_norm": 1.0600747904142051e-20,
    "X_h7_norm": 2.296021388066212e-21,
    "X_h8_norm": 2.10265125277912e-22,
    "X_h9_norm": 9.961078310788971e-24,
    "X_h10_norm": 1.3817138550340765e-24
  },
  "reports": [
    {
      "converged": true,
      "source_scale": 1.0,
      "coeff_abs": 1.2600800200699173e-20,
      "coeff_rel": 6.6623588394776e-13,
      "time_abs": 1.9995939359259612e-19,
      "time_rel": 1.6716359803549106e-12,
      "newton_iterations": 3,
      "gmres_iterations_total": 3,
      "factor_runtime_s": 2.0108455999870785,
      "runtime_s": 2.783393800025806,
      "failure_reason": "",
      "preconditioner_assembly_runtime_s": 0.0,
      "preconditioner_numeric_factor_runtime_s": 0.0
    }
  ],
  "final_status": "VALID_CONVERGED"
}