{
  "metadata": {
    "pump_modes": [
      1,
      3,
      5,
      7,
      9,
      11,
      13,
      15,
      17,
      19
    ],
    "pump_basis": "positive_phasor",
    "real_reconstruction_factor": 2,
    "omega_p": 51227194494.314,
    "phase_convention": "exp_plus_i_k_omega_t",
    "pump_mode_policy": "positive_odd_jc",
    "pump_source_mode": 1,
    "pump_freq_ghz": 8.1530612245,
    "nt": 40,
    "pump_current_a": 1.3503932209229473e-05,
    "pump_current_ratio_ic_median": 5.083885770923737,
    "pump_backend": "full"
  },
  "solution_summary": {
    "x_rms": 3.0375940667955655e-15,
    "x_max_abs": 6.922384757597199e-15,
    "branch_psi_rms": 1.3566126263728634e-16,
    "branch_psi_max_abs": 2.6610021657049923e-16,
    "branch_i_rms": 1.0470606659664312e-06,
    "branch_i_max_abs": 1.9212191042213227e-06,
    "X_h1_norm": 1.7244454332037902e-13,
    "X_h2_norm": 1.1944300205614092e-15,
    "X_h3_norm": 4.457164396120722e-17,
    "X_h4_norm": 1.8854973317983808e-18,
    "X_h5_norm": 1.515351540223024e-19,
    "X_h6_norm": 1.0301250782087812e-20,
    "X_h7_norm": 1.4837377273779456e-21,
    "X_h8_norm": 9.839296735678752e-23,
    "X_h9_norm": 9.353509093420274e-24,
    "X_h10_norm": 1.702163048539498e-24
  },
  "reports": [
    {
      "converged": false,
      "source_scale": 1.0,
      "coeff_abs": 1.937226049138777e-11,
      "coeff_rel": 0.0010301730759231166,
      "time_abs": 1.2252093315777014e-10,
      "time_rel": 0.0010301730759232344,
      "newton_iterations": 6,
      "gmres_iterations_total": 6,
      "factor_runtime_s": 4.049793200014392,
      "runtime_s": 5.833479100023396,
      "failure_reason": "stalled at Newton 6 (reduction ratio 0.946)",
      "preconditioner_assembly_runtime_s": 0.0,
      "preconditioner_numeric_factor_runtime_s": 0.0
    }
  ],
  "final_status": "FAIL"
}