{
  "metadata": {
    "pump_modes": [
      1,
      3,
      5,
      7,
      9,
      11,
      13,
      15,
      17,
      19
    ],
    "pump_basis": "positive_phasor",
    "real_reconstruction_factor": 2,
    "omega_p": 51227194494.314,
    "phase_convention": "exp_plus_i_k_omega_t",
    "pump_mode_policy": "positive_odd_jc",
    "pump_source_mode": 1,
    "pump_freq_ghz": 8.1530612245,
    "nt": 40,
    "pump_current_a": 1.4181110761654641e-05,
    "pump_current_ratio_ic_median": 5.3388262100275465,
    "pump_backend": "full"
  },
  "solution_summary": {
    "x_rms": 3.1460380805940202e-15,
    "x_max_abs": 7.203702400906276e-15,
    "branch_psi_rms": 1.4513703221685445e-16,
    "branch_psi_max_abs": 2.5547416891834437e-16,
    "branch_i_rms": 1.1152951039677125e-06,
    "branch_i_max_abs": 1.8610048237341608e-06,
    "X_h1_norm": 1.7860184330670323e-13,
    "X_h2_norm": 1.0959820132408557e-15,
    "X_h3_norm": 4.5807041754517097e-17,
    "X_h4_norm": 2.450863127641564e-18,
    "X_h5_norm": 1.9901302063025442e-19,
    "X_h6_norm": 1.798872086426779e-20,
    "X_h7_norm": 1.832477232845833e-21,
    "X_h8_norm": 2.370442093724682e-22,
    "X_h9_norm": 3.385223404662627e-23,
    "X_h10_norm": 8.83954414925221e-24
  },
  "reports": [
    {
      "converged": false,
      "source_scale": 1.0,
      "coeff_abs": 2.857507693549603e-10,
      "coeff_rel": 0.014469959092792192,
      "time_abs": 1.8072465486142114e-09,
      "time_rel": 0.014469959092791994,
      "newton_iterations": 4,
      "gmres_iterations_total": 4,
      "factor_runtime_s": 2.445335900003556,
      "runtime_s": 4.322542500012787,
      "failure_reason": "stalled at Newton 4 (reduction ratio 0.979)",
      "preconditioner_assembly_runtime_s": 0.0,
      "preconditioner_numeric_factor_runtime_s": 0.0
    }
  ],
  "final_status": "FAIL"
}