{
  "metadata": {
    "pump_modes": [
      1,
      3,
      5,
      7,
      9,
      11,
      13,
      15,
      17,
      19
    ],
    "pump_basis": "positive_phasor",
    "real_reconstruction_factor": 2,
    "omega_p": 44252474118.46583,
    "phase_convention": "exp_plus_i_k_omega_t",
    "pump_mode_policy": "positive_odd_jc",
    "pump_source_mode": 1,
    "pump_freq_ghz": 7.043,
    "nt": 40,
    "pump_current_a": 6.771615443119741e-06,
    "pump_current_ratio_ic_median": 2.5493403598334723,
    "pump_backend": "schur_cpu_mt"
  },
  "solution_summary": {
    "x_rms": 1.7336523538590753e-15,
    "x_max_abs": 3.898319139392287e-15,
    "branch_psi_rms": 9.593498823269656e-17,
    "branch_psi_max_abs": 2.045623886030349e-16,
    "branch_i_rms": 7.529121480874425e-07,
    "branch_i_max_abs": 1.546750811194368e-06,
    "X_h1_norm": 9.842113274723712e-14,
    "X_h2_norm": 4.1196253179609545e-16,
    "X_h3_norm": 1.1198161797101784e-17,
    "X_h4_norm": 5.367261796419397e-19,
    "X_h5_norm": 2.7004783657648478e-20,
    "X_h6_norm": 2.144989484211136e-21,
    "X_h7_norm": 6.893590261810133e-23,
    "X_h8_norm": 5.927998174178707e-24,
    "X_h9_norm": 3.218022704702092e-24,
    "X_h10_norm": 2.5573305605080612e-26
  },
  "reports": [
    {
      "converged": true,
      "source_scale": 1.0,
      "coeff_abs": 5.588062925631339e-22,
      "coeff_rel": 3.7037516466017887e-14,
      "time_abs": null,
      "time_rel": null,
      "newton_iterations": 3,
      "gmres_iterations_total": 3,
      "factor_runtime_s": 0.42369910000707023,
      "runtime_s": 0.8610419000033289,
      "failure_reason": "",
      "preconditioner_assembly_runtime_s": 0.13371850000112318,
      "preconditioner_numeric_factor_runtime_s": 0.2884591000038199
    }
  ],
  "final_status": "VALID_CONVERGED"
}