{
  "metadata": {
    "pump_modes": [
      1,
      3,
      5,
      7,
      9,
      11,
      13,
      15,
      17,
      19
    ],
    "pump_basis": "positive_phasor",
    "real_reconstruction_factor": 2,
    "omega_p": 51227194494.314,
    "phase_convention": "exp_plus_i_k_omega_t",
    "pump_mode_policy": "positive_odd_jc",
    "pump_source_mode": 1,
    "pump_freq_ghz": 8.1530612245,
    "nt": 40,
    "pump_current_a": 1.4156641985094423e-05,
    "pump_current_ratio_ic_median": 5.329614340250728,
    "pump_backend": "full"
  },
  "solution_summary": {
    "x_rms": 3.2446882563232915e-15,
    "x_max_abs": 7.256451086869777e-15,
    "branch_psi_rms": 3.5615996819741e-16,
    "branch_psi_max_abs": 1.6553920993087483e-15,
    "branch_i_rms": 1.5249104022477765e-06,
    "branch_i_max_abs": 2.656222584003534e-06,
    "X_h1_norm": 1.8350731631457102e-13,
    "X_h2_norm": 1.6002753412556556e-14,
    "X_h3_norm": 8.243326633285732e-16,
    "X_h4_norm": 1.8955315739288055e-16,
    "X_h5_norm": 8.770270383955051e-17,
    "X_h6_norm": 5.0244791308189324e-17,
    "X_h7_norm": 2.2910010560852623e-17,
    "X_h8_norm": 1.33337369962434e-17,
    "X_h9_norm": 1.4040274681848994e-17,
    "X_h10_norm": 1.5263673672627116e-17
  },
  "reports": [
    {
      "converged": false,
      "source_scale": 1.0,
      "coeff_abs": 1.1586556491738366e-07,
      "coeff_rel": 5.877386869933261,
      "time_abs": 7.327981750420631e-07,
      "time_rel": 5.877386869933262,
      "newton_iterations": 4,
      "gmres_iterations_total": 4,
      "factor_runtime_s": 2.631009099975927,
      "runtime_s": 5.223231999989366,
      "failure_reason": "stalled at Newton 4 (reduction ratio 0.998)",
      "preconditioner_assembly_runtime_s": 0.0,
      "preconditioner_numeric_factor_runtime_s": 0.0
    }
  ],
  "final_status": "FAIL"
}