{
  "metadata": {
    "pump_modes": [
      1,
      3,
      5,
      7,
      9,
      11,
      13,
      15,
      17,
      19
    ],
    "pump_basis": "positive_phasor",
    "real_reconstruction_factor": 2,
    "omega_p": 44252474118.46583,
    "phase_convention": "exp_plus_i_k_omega_t",
    "pump_mode_policy": "positive_odd_jc",
    "pump_source_mode": 1,
    "pump_freq_ghz": 7.043,
    "nt": 40,
    "pump_current_a": 1.4785146090070608e-05,
    "pump_current_ratio_ic_median": 5.566230092370081,
    "pump_backend": "schur_cpu_mt"
  },
  "solution_summary": {
    "x_rms": 1.911806536342512e-15,
    "x_max_abs": 4.255001904305533e-15,
    "branch_psi_rms": 1.0426722403675853e-16,
    "branch_psi_max_abs": 2.4791574426159244e-16,
    "branch_i_rms": 8.13671864917015e-07,
    "branch_i_max_abs": 1.8169892842698378e-06,
    "X_h1_norm": 1.0852725198371031e-13,
    "X_h2_norm": 1.382679295877022e-15,
    "X_h3_norm": 4.870233150345944e-17,
    "X_h4_norm": 6.622527378273809e-18,
    "X_h5_norm": 2.913508401110336e-19,
    "X_h6_norm": 2.514625442895471e-20,
    "X_h7_norm": 2.5841462810104414e-21,
    "X_h8_norm": 5.984012865209637e-22,
    "X_h9_norm": 7.98090976303525e-22,
    "X_h10_norm": 9.94729258062569e-24
  },
  "reports": [
    {
      "converged": false,
      "source_scale": 1.0,
      "coeff_abs": 6.307903908210027e-09,
      "coeff_rel": 0.19148391801912099,
      "time_abs": null,
      "time_rel": null,
      "newton_iterations": 4,
      "gmres_iterations_total": 4,
      "factor_runtime_s": 0.5282389999483712,
      "runtime_s": 1.1054609999991953,
      "failure_reason": "line search failed at Newton 4",
      "preconditioner_assembly_runtime_s": 0.1655678000242915,
      "preconditioner_numeric_factor_runtime_s": 0.36066749997553416
    },
    {
      "converged": false,
      "source_scale": 0.5,
      "coeff_abs": 3.3026068860284886e-10,
      "coeff_rel": 0.02005091121919505,
      "time_abs": null,
      "time_rel": null,
      "newton_iterations": 9,
      "gmres_iterations_total": 9,
      "factor_runtime_s": 1.1605931000085548,
      "runtime_s": 2.264418000006117,
      "failure_reason": "stalled at Newton 9 (reduction ratio 0.996)",
      "preconditioner_assembly_runtime_s": 0.3488818999903742,
      "preconditioner_numeric_factor_runtime_s": 0.8067119000188541
    },
    {
      "converged": true,
      "source_scale": 0.25,
      "coeff_abs": 3.995208881760986e-20,
      "coeff_rel": 4.8511725043159155e-12,
      "time_abs": null,
      "time_rel": null,
      "newton_iterations": 6,
      "gmres_iterations_total": 6,
      "factor_runtime_s": 0.809240399976261,
      "runtime_s": 1.4968898000079207,
      "failure_reason": "",
      "preconditioner_assembly_runtime_s": 0.27127900000778027,
      "preconditioner_numeric_factor_runtime_s": 0.5343390000343788
    },
    {
      "converged": false,
      "source_scale": 0.625,
      "coeff_abs": 8.26333933360334e-10,
      "coeff_rel": 0.040134957400614756,
      "time_abs": null,
      "time_rel": null,
      "newton_iterations": 5,
      "gmres_iterations_total": 5,
      "factor_runtime_s": 0.6097250000166241,
      "runtime_s": 1.183587199979229,
      "failure_reason": "stalled at Newton 5 (reduction ratio 0.998)",
      "preconditioner_assembly_runtime_s": 0.19533459999365732,
      "preconditioner_numeric_factor_runtime_s": 0.4118702000414487
    },
    {
      "converged": true,
      "source_scale": 0.4375,
      "coeff_abs": 2.0356377807232108e-20,
      "coeff_rel": 1.4124389377162982e-12,
      "time_abs": null,
      "time_rel": null,
      "newton_iterations": 16,
      "gmres_iterations_total": 16,
      "factor_runtime_s": 1.8189684999233577,
      "runtime_s": 3.4814077999908477,
      "failure_reason": "",
      "preconditioner_assembly_runtime_s": 0.5485027000249829,
      "preconditioner_numeric_factor_runtime_s": 1.2627182000142056
    },
    {
      "converged": false,
      "source_scale": 0.71875,
      "coeff_abs": 6.678034455520892e-09,
      "coeff_rel": 0.2820447590429455,
      "time_abs": null,
      "time_rel": null,
      "newton_iterations": 4,
      "gmres_iterations_total": 4,
      "factor_runtime_s": 0.5170308999950066,
      "runtime_s": 1.0128475000092294,
      "failure_reason": "stalled at Newton 4 (reduction ratio 0.998)",
      "preconditioner_assembly_runtime_s": 0.15527190000284463,
      "preconditioner_numeric_factor_runtime_s": 0.35949130001245067
    },
    {
      "converged": false,
      "source_scale": 0.578125,
      "coeff_abs": 4.928641143253734e-10,
      "coeff_rel": 0.025879309489324334,
      "time_abs": null,
      "time_rel": null,
      "newton_iterations": 5,
      "gmres_iterations_total": 5,
      "factor_runtime_s": 0.584969200019259,
      "runtime_s": 1.2262342000030912,
      "failure_reason": "stalled at Newton 5 (reduction ratio 0.993)",
      "preconditioner_assembly_runtime_s": 0.17856779997237027,
      "preconditioner_numeric_factor_runtime_s": 0.404114099976141
    },
    {
      "converged": false,
      "source_scale": 0.5078125,
      "coeff_abs": 2.376128561889511e-10,
      "coeff_rel": 0.014204102055301095,
      "time_abs": null,
      "time_rel": null,
      "newton_iterations": 5,
      "gmres_iterations_total": 5,
      "factor_runtime_s": 0.5609103000024334,
      "runtime_s": 1.1214841000037268,
      "failure_reason": "stalled at Newton 5 (reduction ratio 0.920)",
      "preconditioner_assembly_runtime_s": 0.1719821999722626,
      "preconditioner_numeric_factor_runtime_s": 0.3865634000103455
    },
    {
      "converged": true,
      "source_scale": 0.05,
      "coeff_abs": 3.212277653857933e-22,
      "coeff_rel": 1.9502500985324345e-13,
      "time_abs": null,
      "time_rel": null,
      "newton_iterations": 3,
      "gmres_iterations_total": 3,
      "factor_runtime_s": 0.3361601999786217,
      "runtime_s": 0.6064633000059985,
      "failure_reason": "",
      "preconditioner_assembly_runtime_s": 0.09578079998027533,
      "preconditioner_numeric_factor_runtime_s": 0.23911929997848347
    },
    {
      "converged": true,
      "source_scale": 0.1,
      "coeff_abs": 1.9889031282110276e-18,
      "coeff_rel": 6.037551761919661e-10,
      "time_abs": null,
      "time_rel": null,
      "newton_iterations": 3,
      "gmres_iterations_total": 3,
      "factor_runtime_s": 0.3559954999946058,
      "runtime_s": 0.6581907999934629,
      "failure_reason": "",
      "preconditioner_assembly_runtime_s": 0.12916969999787398,
      "preconditioner_numeric_factor_runtime_s": 0.22541909996652976
    },
    {
      "converged": true,
      "source_scale": 0.15,
      "coeff_abs": 2.7011488198712002e-22,
      "coeff_rel": 5.4664387907417564e-14,
      "time_abs": null,
      "time_rel": null,
      "newton_iterations": 3,
      "gmres_iterations_total": 3,
      "factor_runtime_s": 0.34183700001449324,
      "runtime_s": 0.6455885999894235,
      "failure_reason": "",
      "preconditioner_assembly_runtime_s": 0.09875460003968328,
      "preconditioner_numeric_factor_runtime_s": 0.24144969999906607
    },
    {
      "converged": true,
      "source_scale": 0.2,
      "coeff_abs": 2.6314928485621094e-22,
      "coeff_rel": 3.994104604432353e-14,
      "time_abs": null,
      "time_rel": null,
      "newton_iterations": 4,
      "gmres_iterations_total": 4,
      "factor_runtime_s": 0.5019660000107251,
      "runtime_s": 1.0240370999963488,
      "failure_reason": "",
      "preconditioner_assembly_runtime_s": 0.13762220003991388,
      "preconditioner_numeric_factor_runtime_s": 0.3619878999888897
    },
    {
      "converged": true,
      "source_scale": 0.25,
      "coeff_abs": 1.1808130894627998e-18,
      "coeff_rel": 1.433799373667132e-10,
      "time_abs": null,
      "time_rel": null,
      "newton_iterations": 4,
      "gmres_iterations_total": 4,
      "factor_runtime_s": 0.5277851999853738,
      "runtime_s": 0.9965257000003476,
      "failure_reason": "",