{
  "metadata": {
    "pump_modes": [
      1,
      3,
      5,
      7,
      9,
      11,
      13,
      15,
      17,
      19
    ],
    "pump_basis": "positive_phasor",
    "real_reconstruction_factor": 2,
    "omega_p": 51227194494.314,
    "phase_convention": "exp_plus_i_k_omega_t",
    "pump_mode_policy": "positive_odd_jc",
    "pump_source_mode": 1,
    "pump_freq_ghz": 8.1530612245,
    "nt": 40,
    "pump_current_a": 1.3826436043935793e-05,
    "pump_current_ratio_ic_median": 5.205300232350846,
    "pump_backend": "full"
  },
  "solution_summary": {
    "x_rms": 3.113394293420809e-15,
    "x_max_abs": 7.113490930840453e-15,
    "branch_psi_rms": 1.4047439946553913e-16,
    "branch_psi_max_abs": 2.5357418882669767e-16,
    "branch_i_rms": 1.082828709949875e-06,
    "branch_i_max_abs": 1.8500319828989737e-06,
    "X_h1_norm": 1.767487208327577e-13,
    "X_h2_norm": 1.0720686273912882e-15,
    "X_h3_norm": 3.7239816288813175e-17,
    "X_h4_norm": 1.6753596328043988e-18,
    "X_h5_norm": 1.1437791406138503e-19,
    "X_h6_norm": 8.66751851900733e-21,
    "X_h7_norm": 8.458280316152784e-22,
    "X_h8_norm": 1.1077531427481454e-22,
    "X_h9_norm": 7.061985082587951e-24,
    "X_h10_norm": 9.53821009301409e-25
  },
  "reports": [
    {
      "converged": false,
      "source_scale": 1.0,
      "coeff_abs": 1.67203495770049e-11,
      "coeff_rel": 0.0008684108643433726,
      "time_abs": 1.0574877587514654e-10,
      "time_rel": 0.0008684108643434525,
      "newton_iterations": 5,
      "gmres_iterations_total": 5,
      "factor_runtime_s": 3.4422797999868635,
      "runtime_s": 5.04866659999243,
      "failure_reason": "stalled at Newton 5 (reduction ratio 0.993)",
      "preconditioner_assembly_runtime_s": 0.0,
      "preconditioner_numeric_factor_runtime_s": 0.0
    }
  ],
  "final_status": "FAIL"
}