{
  "metadata": {
    "pump_modes": [
      1,
      3,
      5,
      7,
      9,
      11,
      13,
      15,
      17,
      19
    ],
    "pump_basis": "positive_phasor",
    "real_reconstruction_factor": 2,
    "omega_p": 43416810472.61094,
    "phase_convention": "exp_plus_i_k_omega_t",
    "pump_mode_policy": "positive_odd_jc",
    "pump_source_mode": 1,
    "pump_freq_ghz": 6.91,
    "nt": 40,
    "pump_current_a": 2.6802880363824262e-05,
    "pump_current_ratio_ic_median": 6.433877497527913,
    "pump_backend": "schur_cpu_mt"
  },
  "solution_summary": {
    "x_rms": 8.433454636316485e-15,
    "x_max_abs": 1.75214812765752e-14,
    "branch_psi_rms": 1.2847752609995025e-16,
    "branch_psi_max_abs": 2.7731801210368343e-16,
    "branch_i_rms": 1.5350909874729412e-06,
    "branch_i_max_abs": 3.1094388134999027e-06,
    "X_h1_norm": 8.280950807613542e-13,
    "X_h2_norm": 5.263017533689965e-15,
    "X_h3_norm": 5.616050844778699e-16,
    "X_h4_norm": 5.67687678776049e-17,
    "X_h5_norm": 5.205655912689694e-18,
    "X_h6_norm": 7.015231541586439e-19,
    "X_h7_norm": 7.962640363421103e-20,
    "X_h8_norm": 1.3246757542219252e-20,
    "X_h9_norm": 1.9247987858883956e-21,
    "X_h10_norm": 2.5612911482936177e-22
  },
  "reports": [
    {
      "converged": true,
      "source_scale": 1.0,
      "coeff_abs": 3.944471756049923e-18,
      "coeff_rel": 7.133527660598615e-11,
      "time_abs": null,
      "time_rel": null,
      "newton_iterations": 4,
      "gmres_iterations_total": 4,
      "factor_runtime_s": 0.5584073000354692,
      "runtime_s": 1.0031030000245664,
      "failure_reason": "",
      "preconditioner_assembly_runtime_s": 0.15416999996523373,
      "preconditioner_numeric_factor_runtime_s": 0.40188139997189865
    }
  ],
  "final_status": "VALID_CONVERGED"
}