{
  "metadata": {
    "pump_modes": [
      1,
      3,
      5,
      7,
      9,
      11,
      13,
      15,
      17,
      19
    ],
    "pump_basis": "positive_phasor",
    "real_reconstruction_factor": 2,
    "omega_p": 44252474118.46583,
    "phase_convention": "exp_plus_i_k_omega_t",
    "pump_mode_policy": "positive_odd_jc",
    "pump_source_mode": 1,
    "pump_freq_ghz": 7.043,
    "nt": 40,
    "pump_current_a": 2.0184854355430344e-05,
    "pump_current_ratio_ic_median": 7.599082419534423,
    "pump_backend": "schur_cpu_mt"
  },
  "solution_summary": {
    "x_rms": 1.5509750509672033e-15,
    "x_max_abs": 3.5655920803557e-15,
    "branch_psi_rms": 8.716241798630006e-17,
    "branch_psi_max_abs": 1.8289063655296813e-16,
    "branch_i_rms": 6.875286503374069e-07,
    "branch_i_max_abs": 1.4013028058227895e-06,
    "X_h1_norm": 8.805028205612412e-14,
    "X_h2_norm": 3.557145203773114e-16,
    "X_h3_norm": 1.5455365389213624e-16,
    "X_h4_norm": 9.708569430434732e-19,
    "X_h5_norm": 3.302118830892127e-19,
    "X_h6_norm": 2.0686019698978952e-19,
    "X_h7_norm": 5.748176700473069e-21,
    "X_h8_norm": 6.277772562770954e-20,
    "X_h9_norm": 7.382201792410582e-22,
    "X_h10_norm": 2.617326602955435e-22
  },
  "reports": [
    {
      "converged": false,
      "source_scale": 1.0,
      "coeff_abs": 1.4088311808927964e-08,
      "coeff_rel": 0.31326090002510076,
      "time_abs": null,
      "time_rel": null,
      "newton_iterations": 4,
      "gmres_iterations_total": 4,
      "factor_runtime_s": 0.802197500015609,
      "runtime_s": 1.6171944999950938,
      "failure_reason": "line search failed at Newton 4",
      "preconditioner_assembly_runtime_s": 0.3371214000217151,
      "preconditioner_numeric_factor_runtime_s": 0.4627139999938663
    },
    {
      "converged": false,
      "source_scale": 0.5,
      "coeff_abs": 8.629109672672894e-10,
      "coeff_rel": 0.038374543368124216,
      "time_abs": null,
      "time_rel": null,
      "newton_iterations": 4,
      "gmres_iterations_total": 4,
      "factor_runtime_s": 0.5944102999637835,
      "runtime_s": 1.2010914999991655,
      "failure_reason": "line search failed at Newton 4",
      "preconditioner_assembly_runtime_s": 0.19465869999839924,
      "preconditioner_numeric_factor_runtime_s": 0.39722519999486394
    },
    {
      "converged": false,
      "source_scale": 0.25,
      "coeff_abs": 1.1578934791051255e-12,
      "coeff_rel": 0.00010298544163902001,
      "time_abs": null,
      "time_rel": null,
      "newton_iterations": 10,
      "gmres_iterations_total": 10,
      "factor_runtime_s": 1.5301313000090886,
      "runtime_s": 2.894838800013531,
      "failure_reason": "stalled at Newton 10 (reduction ratio 0.982)",
      "preconditioner_assembly_runtime_s": 0.5439600999525283,
      "preconditioner_numeric_factor_runtime_s": 0.9800371000601444
    },
    {
      "converged": true,
      "source_scale": 0.125,
      "coeff_abs": 2.5141164952006057e-22,
      "coeff_rel": 4.472214452581304e-14,
      "time_abs": null,
      "time_rel": null,
      "newton_iterations": 5,
      "gmres_iterations_total": 5,
      "factor_runtime_s": 0.8158880000119098,
      "runtime_s": 1.547771500016097,
      "failure_reason": "",
      "preconditioner_assembly_runtime_s": 0.32630990000325255,
      "preconditioner_numeric_factor_runtime_s": 0.48686749997432344
    },
    {
      "converged": true,
      "source_scale": 0.3125,
      "coeff_abs": 1.747286438349147e-21,
      "coeff_rel": 1.24325816680358e-13,
      "time_abs": null,
      "time_rel": null,
      "newton_iterations": 10,
      "gmres_iterations_total": 10,
      "factor_runtime_s": 1.324860000051558,
      "runtime_s": 2.605616300017573,
      "failure_reason": "",
      "preconditioner_assembly_runtime_s": 0.39458499997272156,
      "preconditioner_numeric_factor_runtime_s": 0.9241263000294566
    },
    {
      "converged": false,
      "source_scale": 0.59375,
      "coeff_abs": 6.610974167188918e-09,
      "coeff_rel": 0.24757630320492688,
      "time_abs": null,
      "time_rel": null,
      "newton_iterations": 4,
      "gmres_iterations_total": 4,
      "factor_runtime_s": 0.5249696999962907,
      "runtime_s": 1.1011168000113685,
      "failure_reason": "stalled at Newton 4 (reduction ratio 0.994)",
      "preconditioner_assembly_runtime_s": 0.15571189997717738,
      "preconditioner_numeric_factor_runtime_s": 0.3673731000162661
    },
    {
      "converged": false,
      "source_scale": 0.453125,
      "coeff_abs": 4.788171846219541e-10,
      "coeff_rel": 0.023496270919916608,
      "time_abs": null,
      "time_rel": null,
      "newton_iterations": 5,
      "gmres_iterations_total": 5,
      "factor_runtime_s": 0.5589334999967832,
      "runtime_s": 1.0980736000055913,
      "failure_reason": "stalled at Newton 5 (reduction ratio 0.986)",
      "preconditioner_assembly_runtime_s": 0.17170529998838902,
      "preconditioner_numeric_factor_runtime_s": 0.3848569999972824
    },
    {
      "converged": false,
      "source_scale": 0.3828125,
      "coeff_abs": 2.7572893858980773e-10,
      "coeff_rel": 0.016015609641588675,
      "time_abs": null,
      "time_rel": null,
      "newton_iterations": 5,
      "gmres_iterations_total": 5,
      "factor_runtime_s": 0.5660862999502569,
      "runtime_s": 1.0873030999791808,
      "failure_reason": "stalled at Newton 5 (reduction ratio 0.919)",
      "preconditioner_assembly_runtime_s": 0.16872169997077435,
      "preconditioner_numeric_factor_runtime_s": 0.39493680000305176
    },
    {
      "converged": true,
      "source_scale": 0.05,
      "coeff_abs": 3.3355275806801095e-20,
      "coeff_rel": 1.483343620092559e-11,
      "time_abs": null,
      "time_rel": null,
      "newton_iterations": 3,
      "gmres_iterations_total": 3,
      "factor_runtime_s": 0.3118553999811411,
      "runtime_s": 0.5722651999967638,
      "failure_reason": "",
      "preconditioner_assembly_runtime_s": 0.09167989995330572,
      "preconditioner_numeric_factor_runtime_s": 0.21893249996355735
    },
    {
      "converged": true,
      "source_scale": 0.1,
      "coeff_abs": 1.452858995663189e-22,
      "coeff_rel": 3.230507123661161e-14,
      "time_abs": null,
      "time_rel": null,
      "newton_iterations": 4,
      "gmres_iterations_total": 4,
      "factor_runtime_s": 0.429199600010179,
      "runtime_s": 0.8583679999865126,
      "failure_reason": "",
      "preconditioner_assembly_runtime_s": 0.1311036999686621,
      "preconditioner_numeric_factor_runtime_s": 0.2961660999862943
    },
    {
      "converged": true,
      "source_scale": 0.15,
      "coeff_abs": 6.652262130924003e-22,
      "coeff_rel": 9.861099283807517e-14,
      "time_abs": null,
      "time_rel": null,
      "newton_iterations": 4,
      "gmres_iterations_total": 4,
      "factor_runtime_s": 0.4461289000173565,
      "runtime_s": 0.8430897000071127,
      "failure_reason": "",
      "preconditioner_assembly_runtime_s": 0.14219450001837686,
      "preconditioner_numeric_factor_runtime_s": 0.30225889998837374
    },
    {
      "converged": true,
      "source_scale": 0.2,
      "coeff_abs": 1.6169191641928612e-21,
      "coeff_rel": 1.7976516970681395e-13,
      "time_abs": null,
      "time_rel": null,
      "newton_iterations": 7,
      "gmres_iterations_total": 7,
      "factor_runtime_s": 0.7715789999929257,
      "runtime_s": 1.4702685000083875,
      "failure_reason": "",
      "preconditioner_assembly_runtime_s": 0.22278970005572774,
      "preconditioner_numeric_factor_runtime_s": 0.5454224000568502
    },
    {
      "converged": true,
      "source_scale": 0.25,
      "coeff_abs": 4.109423257755511e-22,
      "coeff_rel": 3.6550060667816246e-14,
      "time_abs": null,
      "time_rel": null,
      "newton_iterations": 6,
      "gmres_iterations_total": 6,
      "factor_runtime_s": 0.6947158000257332,
      "runtime_s": 1.2902026000083424,
      "failure_reason": "",