{
  "metadata": {
    "pump_modes": [
      1,
      3,
      5,
      7,
      9,
      11,
      13,
      15,
      17,
      19
    ],
    "pump_basis": "positive_phasor",
    "real_reconstruction_factor": 2,
    "omega_p": 51227194494.314,
    "phase_convention": "exp_plus_i_k_omega_t",
    "pump_mode_policy": "positive_odd_jc",
    "pump_source_mode": 1,
    "pump_freq_ghz": 8.1530612245,
    "nt": 40,
    "pump_current_a": 1.3395540726447551e-05,
    "pump_current_ratio_ic_median": 5.043079144493273,
    "pump_backend": "full"
  },
  "solution_summary": {
    "x_rms": 3.009792284157797e-15,
    "x_max_abs": 6.853324228092664e-15,
    "branch_psi_rms": 1.3360786334998286e-16,
    "branch_psi_max_abs": 2.5935621866251738e-16,
    "branch_i_rms": 1.032543176393065e-06,
    "branch_i_max_abs": 1.8832313640583566e-06,
    "X_h1_norm": 1.7086820402874756e-13,
    "X_h2_norm": 8.532881589508895e-16,
    "X_h3_norm": 3.148183637887107e-17,
    "X_h4_norm": 9.683251214074253e-19,
    "X_h5_norm": 6.199472942662075e-20,
    "X_h6_norm": 3.62458549230336e-21,
    "X_h7_norm": 3.3730198168461203e-22,
    "X_h8_norm": 3.317869748244855e-23,
    "X_h9_norm": 2.2264281607415334e-24,
    "X_h10_norm": 3.9921855957765526e-25
  },
  "reports": [
    {
      "converged": true,
      "source_scale": 1.0,
      "coeff_abs": 7.605167436893202e-19,
      "coeff_rel": 4.076980882541015e-11,
      "time_abs": 4.813233915743431e-18,
      "time_rel": 4.079781154883596e-11,
      "newton_iterations": 2,
      "gmres_iterations_total": 2,
      "factor_runtime_s": 1.251831299974583,
      "runtime_s": 1.7212855000107083,
      "failure_reason": "",
      "preconditioner_assembly_runtime_s": 0.0,
      "preconditioner_numeric_factor_runtime_s": 0.0
    }
  ],
  "final_status": "VALID_CONVERGED"
}