{
  "metadata": {
    "pump_modes": [
      1,
      3,
      5,
      7,
      9,
      11,
      13,
      15,
      17,
      19
    ],
    "pump_basis": "positive_phasor",
    "real_reconstruction_factor": 2,
    "omega_p": 44252474118.46583,
    "phase_convention": "exp_plus_i_k_omega_t",
    "pump_mode_policy": "positive_odd_jc",
    "pump_source_mode": 1,
    "pump_freq_ghz": 7.043,
    "nt": 40,
    "pump_current_a": 2.399588275020208e-05,
    "pump_current_ratio_ic_median": 9.03383732859153,
    "pump_backend": "schur_cpu_mt"
  },
  "solution_summary": {
    "x_rms": 2.1505306026494585e-15,
    "x_max_abs": 4.860893516969754e-15,
    "branch_psi_rms": 1.220664470629682e-16,
    "branch_psi_max_abs": 3.308649702159789e-16,
    "branch_i_rms": 9.412362584444297e-07,
    "branch_i_max_abs": 2.2427728738752113e-06,
    "X_h1_norm": 1.2208345554050988e-13,
    "X_h2_norm": 1.1071707310559758e-15,
    "X_h3_norm": 2.6855854178045323e-16,
    "X_h4_norm": 6.076142537487193e-17,
    "X_h5_norm": 1.448457143651256e-17,
    "X_h6_norm": 2.0530677362417584e-18,
    "X_h7_norm": 5.01199375658817e-19,
    "X_h8_norm": 2.852597695670386e-19,
    "X_h9_norm": 1.6514963786455262e-18,
    "X_h10_norm": 2.98677841639762e-20
  },
  "reports": [
    {
      "converged": false,
      "source_scale": 1.0,
      "coeff_abs": 2.6269206668259194e-08,
      "coeff_rel": 0.4913410871702608,
      "time_abs": null,
      "time_rel": null,
      "newton_iterations": 3,
      "gmres_iterations_total": 3,
      "factor_runtime_s": 0.46603480001795106,
      "runtime_s": 0.9736527999921236,
      "failure_reason": "line search failed at Newton 3",
      "preconditioner_assembly_runtime_s": 0.16856600000755861,
      "preconditioner_numeric_factor_runtime_s": 0.2957493000139948
    },
    {
      "converged": false,
      "source_scale": 0.5,
      "coeff_abs": 1.8552401636130885e-09,
      "coeff_rel": 0.06940108473492736,
      "time_abs": null,
      "time_rel": null,
      "newton_iterations": 6,
      "gmres_iterations_total": 6,
      "factor_runtime_s": 0.9446457999583799,
      "runtime_s": 1.8970924000022933,
      "failure_reason": "stalled at Newton 6 (reduction ratio 0.996)",
      "preconditioner_assembly_runtime_s": 0.3359870999993291,
      "preconditioner_numeric_factor_runtime_s": 0.6050522999721579
    },
    {
      "converged": true,
      "source_scale": 0.25,
      "coeff_abs": 6.872694094800673e-19,
      "coeff_rel": 5.141894128699655e-11,
      "time_abs": null,
      "time_rel": null,
      "newton_iterations": 8,
      "gmres_iterations_total": 8,
      "factor_runtime_s": 1.2804286999744363,
      "runtime_s": 2.2878911000152584,
      "failure_reason": "",
      "preconditioner_assembly_runtime_s": 0.4640552999917418,
      "preconditioner_numeric_factor_runtime_s": 0.8122516000585165
    },
    {
      "converged": false,
      "source_scale": 0.625,
      "coeff_abs": 5.14193660892634e-09,
      "coeff_rel": 0.153880229760763,
      "time_abs": null,
      "time_rel": null,
      "newton_iterations": 4,
      "gmres_iterations_total": 4,
      "factor_runtime_s": 0.4829119999485556,
      "runtime_s": 0.9699395000061486,
      "failure_reason": "stalled at Newton 4 (reduction ratio 0.998)",
      "preconditioner_assembly_runtime_s": 0.15057139995042235,
      "preconditioner_numeric_factor_runtime_s": 0.3306715999788139
    },
    {
      "converged": false,
      "source_scale": 0.4375,
      "coeff_abs": 4.4043364057333205e-10,
      "coeff_rel": 0.01882948973187004,
      "time_abs": null,
      "time_rel": null,
      "newton_iterations": 5,
      "gmres_iterations_total": 5,
      "factor_runtime_s": 0.5826531999919098,
      "runtime_s": 1.1537811000016518,
      "failure_reason": "line search failed at Newton 5",
      "preconditioner_assembly_runtime_s": 0.1706450000347104,
      "preconditioner_numeric_factor_runtime_s": 0.40934039995772764
    },
    {
      "converged": false,
      "source_scale": 0.34375,
      "coeff_abs": 3.39465893888669e-10,
      "coeff_rel": 0.01847096415945987,
      "time_abs": null,
      "time_rel": null,
      "newton_iterations": 5,
      "gmres_iterations_total": 5,
      "factor_runtime_s": 0.5850791000411846,
      "runtime_s": 1.201137199997902,
      "failure_reason": "stalled at Newton 5 (reduction ratio 0.995)",
      "preconditioner_assembly_runtime_s": 0.18036589998519048,
      "preconditioner_numeric_factor_runtime_s": 0.40246209999895655
    },
    {
      "converged": true,
      "source_scale": 0.05,
      "coeff_abs": 4.411429753257519e-19,
      "coeff_rel": 1.650233840947905e-10,
      "time_abs": null,
      "time_rel": null,
      "newton_iterations": 3,
      "gmres_iterations_total": 3,
      "factor_runtime_s": 0.3771973000257276,
      "runtime_s": 0.697339300008025,
      "failure_reason": "",
      "preconditioner_assembly_runtime_s": 0.11628670000936836,
      "preconditioner_numeric_factor_runtime_s": 0.259576799988281
    },
    {
      "converged": true,
      "source_scale": 0.1,
      "coeff_abs": 2.6606650406938107e-20,
      "coeff_rel": 4.9765265856695725e-12,
      "time_abs": null,
      "time_rel": null,
      "newton_iterations": 4,
      "gmres_iterations_total": 4,
      "factor_runtime_s": 0.5118369000265375,
      "runtime_s": 0.970430999994278,
      "failure_reason": "",
      "preconditioner_assembly_runtime_s": 0.16492599999764934,
      "preconditioner_numeric_factor_runtime_s": 0.34463189999223687
    },
    {
      "converged": true,
      "source_scale": 0.15,
      "coeff_abs": 2.8116324215745505e-22,
      "coeff_rel": 3.505931357033352e-14,
      "time_abs": null,
      "time_rel": null,
      "newton_iterations": 4,
      "gmres_iterations_total": 4,
      "factor_runtime_s": 0.603490800014697,
      "runtime_s": 1.1635580000001937,
      "failure_reason": "",
      "preconditioner_assembly_runtime_s": 0.19248259998857975,
      "preconditioner_numeric_factor_runtime_s": 0.40853310000966303
    },
    {
      "converged": true,
      "source_scale": 0.2,
      "coeff_abs": 4.3323140438490265e-20,
      "coeff_rel": 4.0515953130015674e-12,
      "time_abs": null,
      "time_rel": null,
      "newton_iterations": 5,
      "gmres_iterations_total": 5,
      "factor_runtime_s": 0.8002825000148732,
      "runtime_s": 1.4748683999932837,
      "failure_reason": "",
      "preconditioner_assembly_runtime_s": 0.275805000012042,
      "preconditioner_numeric_factor_runtime_s": 0.5216848999843933
    },
    {
      "converged": true,
      "source_scale": 0.25,
      "coeff_abs": 1.9648339070931608e-18,
      "coeff_rel": 1.4700156578182956e-10,
      "time_abs": null,
      "time_rel": null,
      "newton_iterations": 5,
      "gmres_iterations_total": 5,
      "factor_runtime_s": 0.8199506000091787,
      "runtime_s": 1.5710547000053339,
      "failure_reason": "",
      "preconditioner_assembly_runtime_s": 0.2902359999716282,
      "preconditioner_numeric_factor_runtime_s": 0.5264874999702442
    },
    {
      "converged": true,
      "source_scale": 0.3,
      "coeff_abs": 4.1155596500735384e-18,
      "coeff_rel": 2.5659238949972115e-10,
      "time_abs": null,
      "time_rel": null,
      "newton_iterations": 10,
      "gmres_iterations_total": 10,
      "factor_runtime_s": 1.4682560999935959,
      "runtime_s": 2.7054716999991797,
      "failure_reason": "",
      "preconditioner_assembly_runtime_s": 0.5266239000193309,
      "preconditioner_numeric_factor_runtime_s": 0.9360658999939915
    },
    {
      "converged": false,
      "source_scale": 0.35,
      "coeff_abs": 3.656043356128666e-10,
      "coeff_rel": 0.01953796908652415,
      "time_abs": null,
      "time_rel": null,
      "newton_iterations": 7,
      "gmres_iterations_total": 7,
      "factor_runtime_s": 0.837831999961054,
      "runtime_s": 1.6267739000031725,
      "failure_reason": "stalled at Newton 7 (reduction ratio 0.865)",