{
  "metadata": {
    "pump_modes": [
      1,
      3,
      5,
      7,
      9,
      11,
      13,
      15,
      17,
      19
    ],
    "pump_basis": "positive_phasor",
    "real_reconstruction_factor": 2,
    "omega_p": 51227194494.314,
    "phase_convention": "exp_plus_i_k_omega_t",
    "pump_mode_policy": "positive_odd_jc",
    "pump_source_mode": 1,
    "pump_freq_ghz": 8.1530612245,
    "nt": 40,
    "pump_current_a": 1.4034929941436183e-05,
    "pump_current_ratio_ic_median": 5.2837928626753845,
    "pump_backend": "full"
  },
  "solution_summary": {
    "x_rms": 3.1430584726753623e-15,
    "x_max_abs": 7.194691286237935e-15,
    "branch_psi_rms": 1.4442792374900038e-16,
    "branch_psi_max_abs": 2.5222488576949486e-16,
    "branch_i_rms": 1.1105697682231047e-06,
    "branch_i_max_abs": 1.842201969256525e-06,
    "X_h1_norm": 1.784329236478725e-13,
    "X_h2_norm": 1.0563935644467578e-15,
    "X_h3_norm": 3.9602679515201115e-17,
    "X_h4_norm": 2.0385723050694513e-18,
    "X_h5_norm": 1.5120936177125038e-19,
    "X_h6_norm": 1.1988258927181489e-20,
    "X_h7_norm": 1.0918142901899346e-21,
    "X_h8_norm": 1.2218042886123504e-22,
    "X_h9_norm": 1.5999623913286732e-23,
    "X_h10_norm": 3.1372563840333117e-24
  },
  "reports": [
    {
      "converged": false,
      "source_scale": 1.0,
      "coeff_abs": 9.355098487789683e-11,
      "coeff_rel": 0.004786612371725001,
      "time_abs": 5.916683791322303e-10,
      "time_rel": 0.004786612371724873,
      "newton_iterations": 4,
      "gmres_iterations_total": 4,
      "factor_runtime_s": 2.5265260999731254,
      "runtime_s": 4.220071799994912,
      "failure_reason": "stalled at Newton 4 (reduction ratio 0.990)",
      "preconditioner_assembly_runtime_s": 0.0,
      "preconditioner_numeric_factor_runtime_s": 0.0
    }
  ],
  "final_status": "FAIL"
}