{
  "metadata": {
    "pump_modes": [
      1,
      3,
      5,
      7,
      9,
      11,
      13,
      15,
      17,
      19
    ],
    "pump_basis": "positive_phasor",
    "real_reconstruction_factor": 2,
    "omega_p": 51227194494.314,
    "phase_convention": "exp_plus_i_k_omega_t",
    "pump_mode_policy": "positive_odd_jc",
    "pump_source_mode": 1,
    "pump_freq_ghz": 8.1530612245,
    "nt": 40,
    "pump_current_a": 1.3257457669092347e-05,
    "pump_current_ratio_ic_median": 4.991094398152946,
    "pump_backend": "full"
  },
  "solution_summary": {
    "x_rms": 2.9945242327163104e-15,
    "x_max_abs": 6.8099078447431736e-15,
    "branch_psi_rms": 1.151493820286402e-16,
    "branch_psi_max_abs": 2.208393210582116e-16,
    "branch_i_rms": 8.982497634320491e-07,
    "branch_i_max_abs": 1.6516163990977367e-06,
    "X_h1_norm": 1.700026129057703e-13,
    "X_h2_norm": 5.636230796212788e-16,
    "X_h3_norm": 1.3590663339099085e-17,
    "X_h4_norm": 5.623017435001173e-19,
    "X_h5_norm": 2.783150782251737e-20,
    "X_h6_norm": 1.9512734219509427e-21,
    "X_h7_norm": 1.3146072114413028e-22,
    "X_h8_norm": 1.1185536480534289e-23,
    "X_h9_norm": 1.2142162103006543e-24,
    "X_h10_norm": 1.8730392010336486e-25
  },
  "reports": [
    {
      "converged": false,
      "source_scale": 1.0,
      "coeff_abs": 2.7331458306063837e-11,
      "coeff_rel": 0.0014804464388796436,
      "time_abs": 1.7285932004218216e-10,
      "time_rel": 0.0014804464388796766,
      "newton_iterations": 7,
      "gmres_iterations_total": 7,
      "factor_runtime_s": 4.817195600044215,
      "runtime_s": 7.0463774999952875,
      "failure_reason": "stalled at Newton 7 (reduction ratio 0.939)",
      "preconditioner_assembly_runtime_s": 0.0,
      "preconditioner_numeric_factor_runtime_s": 0.0
    }
  ],
  "final_status": "FAIL"
}