{
  "metadata": {
    "pump_modes": [
      1,
      3,
      5,
      7,
      9,
      11,
      13,
      15,
      17,
      19
    ],
    "pump_basis": "positive_phasor",
    "real_reconstruction_factor": 2,
    "omega_p": 51227194494.314,
    "phase_convention": "exp_plus_i_k_omega_t",
    "pump_mode_policy": "positive_odd_jc",
    "pump_source_mode": 1,
    "pump_freq_ghz": 8.1530612245,
    "nt": 40,
    "pump_current_a": 1.4034929941436183e-05,
    "pump_current_ratio_ic_median": 5.2837928626753845,
    "pump_backend": "full"
  },
  "solution_summary": {
    "x_rms": 3.1542741478026953e-15,
    "x_max_abs": 7.22837452263964e-15,
    "branch_psi_rms": 1.967718058458892e-16,
    "branch_psi_max_abs": 7.693022418849901e-16,
    "branch_i_rms": 1.3389125436088819e-06,
    "branch_i_max_abs": 2.6562225836784623e-06,
    "X_h1_norm": 1.7896286827921836e-13,
    "X_h2_norm": 6.266066359888288e-15,
    "X_h3_norm": 2.988648539519947e-16,
    "X_h4_norm": 3.6413333597257023e-17,
    "X_h5_norm": 7.764395819864146e-18,
    "X_h6_norm": 2.351199611011187e-18,
    "X_h7_norm": 5.079813476100471e-19,
    "X_h8_norm": 1.3058204104725292e-19,
    "X_h9_norm": 6.751265320511218e-20,
    "X_h10_norm": 1.2324985405002665e-20
  },
  "reports": [
    {
      "converged": false,
      "source_scale": 1.0,
      "coeff_abs": 1.602525446775996e-08,
      "coeff_rel": 0.8199452030947518,
      "time_abs": 1.0135260840382168e-07,
      "time_rel": 0.8199452030947518,
      "newton_iterations": 3,
      "gmres_iterations_total": 3,
      "factor_runtime_s": 2.027924999973038,
      "runtime_s": 3.7505115999956615,
      "failure_reason": "line search failed at Newton 3",
      "preconditioner_assembly_runtime_s": 0.0,
      "preconditioner_numeric_factor_runtime_s": 0.0
    }
  ],
  "final_status": "FAIL"
}