{
  "metadata": {
    "pump_modes": [
      1,
      3,
      5,
      7,
      9,
      11,
      13,
      15,
      17,
      19
    ],
    "pump_basis": "positive_phasor",
    "real_reconstruction_factor": 2,
    "omega_p": 44252474118.46583,
    "phase_convention": "exp_plus_i_k_omega_t",
    "pump_mode_policy": "positive_odd_jc",
    "pump_source_mode": 1,
    "pump_freq_ghz": 7.043,
    "nt": 40,
    "pump_current_a": 7.937656239699116e-06,
    "pump_current_ratio_ic_median": 2.988324955001602,
    "pump_backend": "schur_cpu_mt"
  },
  "solution_summary": {
    "x_rms": 2.0462186952904596e-15,
    "x_max_abs": 4.63472001414008e-15,
    "branch_psi_rms": 1.1270475222489755e-16,
    "branch_psi_max_abs": 2.3010214413713876e-16,
    "branch_i_rms": 8.758649257122172e-07,
    "branch_i_max_abs": 1.70950566275493e-06,
    "X_h1_norm": 1.1616528321061697e-13,
    "X_h2_norm": 6.023669325278636e-16,
    "X_h3_norm": 2.042085326945442e-17,
    "X_h4_norm": 1.4635432345094331e-18,
    "X_h5_norm": 9.130566677954591e-20,
    "X_h6_norm": 3.634461778398755e-21,
    "X_h7_norm": 2.727930825940833e-22,
    "X_h8_norm": 2.4413194461237213e-23,
    "X_h9_norm": 2.1176723438091102e-23,
    "X_h10_norm": 2.432612148101183e-25
  },
  "reports": [
    {
      "converged": true,
      "source_scale": 1.0,
      "coeff_abs": 7.198919164503752e-22,
      "coeff_rel": 4.0705010077122974e-14,
      "time_abs": null,
      "time_rel": null,
      "newton_iterations": 2,
      "gmres_iterations_total": 2,
      "factor_runtime_s": 0.26884780000546016,
      "runtime_s": 0.5672424999938812,
      "failure_reason": "",
      "preconditioner_assembly_runtime_s": 0.08982099997228943,
      "preconditioner_numeric_factor_runtime_s": 0.17781739999190904
    }
  ],
  "final_status": "VALID_CONVERGED"
}