{
  "metadata": {
    "pump_modes": [
      1,
      3,
      5,
      7,
      9,
      11,
      13,
      15,
      17,
      19
    ],
    "pump_basis": "positive_phasor",
    "real_reconstruction_factor": 2,
    "omega_p": 44252474118.46583,
    "phase_convention": "exp_plus_i_k_omega_t",
    "pump_mode_policy": "positive_odd_jc",
    "pump_source_mode": 1,
    "pump_freq_ghz": 7.043,
    "nt": 40,
    "pump_current_a": 6.913409574365626e-06,
    "pump_current_ratio_ic_median": 2.6027222307635385,
    "pump_backend": "schur_cpu_mt"
  },
  "solution_summary": {
    "x_rms": 1.7711691614303219e-15,
    "x_max_abs": 3.965862879934125e-15,
    "branch_psi_rms": 9.810696007392429e-17,
    "branch_psi_max_abs": 2.083888971410367e-16,
    "branch_i_rms": 7.689529690420268e-07,
    "branch_i_max_abs": 1.571753190477463e-06,
    "X_h1_norm": 1.0055104446104026e-13,
    "X_h2_norm": 4.097249916627402e-16,
    "X_h3_norm": 1.1926219505669449e-17,
    "X_h4_norm": 6.618468556238199e-19,
    "X_h5_norm": 3.6338367762044487e-20,
    "X_h6_norm": 1.276235776277837e-21,
    "X_h7_norm": 8.1360937755105e-23,
    "X_h8_norm": 7.686908896836893e-24,
    "X_h9_norm": 7.420065931960913e-24,
    "X_h10_norm": 5.903739535851481e-26
  },
  "reports": [
    {
      "converged": true,
      "source_scale": 1.0,
      "coeff_abs": 6.27083191553469e-20,
      "coeff_rel": 4.071043375473705e-12,
      "time_abs": null,
      "time_rel": null,
      "newton_iterations": 2,
      "gmres_iterations_total": 2,
      "factor_runtime_s": 0.2609705000068061,
      "runtime_s": 0.5377705999999307,
      "failure_reason": "",
      "preconditioner_assembly_runtime_s": 0.08491279996815138,
      "preconditioner_numeric_factor_runtime_s": 0.17485170002328232
    }
  ],
  "final_status": "VALID_CONVERGED"
}