{
  "metadata": {
    "pump_modes": [
      1,
      3,
      5,
      7,
      9,
      11,
      13,
      15,
      17,
      19
    ],
    "pump_basis": "positive_phasor",
    "real_reconstruction_factor": 2,
    "omega_p": 44252474118.46583,
    "phase_convention": "exp_plus_i_k_omega_t",
    "pump_mode_policy": "positive_odd_jc",
    "pump_source_mode": 1,
    "pump_freq_ghz": 7.043,
    "nt": 40,
    "pump_current_a": 7.369572348379832e-06,
    "pump_current_ratio_ic_median": 2.7744558710176648,
    "pump_backend": "schur_cpu_mt"
  },
  "solution_summary": {
    "x_rms": 1.8951284850121603e-15,
    "x_max_abs": 4.257751721000733e-15,
    "branch_psi_rms": 1.0562782382427447e-16,
    "branch_psi_max_abs": 2.2035606828508311e-16,
    "branch_i_rms": 8.24163905378317e-07,
    "branch_i_max_abs": 1.6485599359990618e-06,
    "X_h1_norm": 1.075882942442239e-13,
    "X_h2_norm": 4.49295886157602e-16,
    "X_h3_norm": 1.2982259736602774e-17,
    "X_h4_norm": 8.693628331326977e-19,
    "X_h5_norm": 5.1760210700886104e-20,
    "X_h6_norm": 1.47155050811571e-21,
    "X_h7_norm": 1.1162375220054842e-22,
    "X_h8_norm": 9.118752273705286e-24,
    "X_h9_norm": 7.50766848471527e-24,
    "X_h10_norm": 8.024755895350567e-26
  },
  "reports": [
    {
      "converged": true,
      "source_scale": 1.0,
      "coeff_abs": 5.487237276156099e-22,
      "coeff_rel": 3.3418296640474864e-14,
      "time_abs": null,
      "time_rel": null,
      "newton_iterations": 2,
      "gmres_iterations_total": 2,
      "factor_runtime_s": 0.2769379000237677,
      "runtime_s": 0.5708840999868698,
      "failure_reason": "",
      "preconditioner_assembly_runtime_s": 0.11253870002110489,
      "preconditioner_numeric_factor_runtime_s": 0.1634951000160072
    }
  ],
  "final_status": "VALID_CONVERGED"
}