{
  "metadata": {
    "pump_modes": [
      1,
      3,
      5,
      7,
      9,
      11,
      13,
      15,
      17,
      19
    ],
    "pump_basis": "positive_phasor",
    "real_reconstruction_factor": 2,
    "omega_p": 44252474118.46583,
    "phase_convention": "exp_plus_i_k_omega_t",
    "pump_mode_policy": "positive_odd_jc",
    "pump_source_mode": 1,
    "pump_freq_ghz": 7.043,
    "nt": 40,
    "pump_current_a": 1.2014128887816446e-05,
    "pump_current_ratio_ic_median": 4.523012849625298,
    "pump_backend": "schur_cpu_mt"
  },
  "solution_summary": {
    "x_rms": 1.3865070781582132e-15,
    "x_max_abs": 3.2180140820736412e-15,
    "branch_psi_rms": 7.924261567335517e-17,
    "branch_psi_max_abs": 1.627789919374999e-16,
    "branch_i_rms": 6.274201788022553e-07,
    "branch_i_max_abs": 1.2608772977265895e-06,
    "X_h1_norm": 7.871350743653433e-14,
    "X_h2_norm": 2.7547080050990793e-16,
    "X_h3_norm": 9.546915209483731e-17,
    "X_h4_norm": 7.756580518114773e-19,
    "X_h5_norm": 8.648664515650994e-20,
    "X_h6_norm": 5.122004009393571e-20,
    "X_h7_norm": 1.6412386463161833e-21,
    "X_h8_norm": 3.892563124062163e-21,
    "X_h9_norm": 1.0851402866447877e-22,
    "X_h10_norm": 1.389773219356646e-23
  },
  "reports": [
    {
      "converged": false,
      "source_scale": 1.0,
      "coeff_abs": 1.8366202264155332e-09,
      "coeff_rel": 0.06861197685646961,
      "time_abs": null,
      "time_rel": null,
      "newton_iterations": 6,
      "gmres_iterations_total": 6,
      "factor_runtime_s": 2.344338399998378,
      "runtime_s": 3.151789199997438,
      "failure_reason": "stalled at Newton 6 (reduction ratio 0.977)",
      "preconditioner_assembly_runtime_s": 0.2912804000079632,
      "preconditioner_numeric_factor_runtime_s": 1.1987747999664862
    },
    {
      "converged": true,
      "source_scale": 0.5,
      "coeff_abs": 7.41652151525336e-19,
      "coeff_rel": 5.541289323086688e-11,
      "time_abs": null,
      "time_rel": null,
      "newton_iterations": 8,
      "gmres_iterations_total": 8,
      "factor_runtime_s": 1.0868924999958836,
      "runtime_s": 2.037641100003384,
      "failure_reason": "",
      "preconditioner_assembly_runtime_s": 0.3488763000059407,
      "preconditioner_numeric_factor_runtime_s": 0.7331037000112701
    },
    {
      "converged": false,
      "source_scale": 1.0,
      "coeff_abs": 2.4010699350698046e-09,
      "coeff_rel": 0.0896985410736197,
      "time_abs": null,
      "time_rel": null,
      "newton_iterations": 4,
      "gmres_iterations_total": 4,
      "factor_runtime_s": 0.4848721000016667,
      "runtime_s": 0.9890092000132427,
      "failure_reason": "stalled at Newton 4 (reduction ratio 0.990)",
      "preconditioner_assembly_runtime_s": 0.14681409997865558,
      "preconditioner_numeric_factor_runtime_s": 0.3358447999926284
    },
    {
      "converged": false,
      "source_scale": 0.75,
      "coeff_abs": 6.85122322404677e-10,
      "coeff_rel": 0.034126160108359095,
      "time_abs": null,
      "time_rel": null,
      "newton_iterations": 4,
      "gmres_iterations_total": 4,
      "factor_runtime_s": 0.44783859999733977,
      "runtime_s": 0.8822666000050958,
      "failure_reason": "line search failed at Newton 4",
      "preconditioner_assembly_runtime_s": 0.1271905999747105,
      "preconditioner_numeric_factor_runtime_s": 0.3188159999845084
    },
    {
      "converged": false,
      "source_scale": 0.625,
      "coeff_abs": 7.361542190847998e-11,
      "coeff_rel": 0.00440016900750051,
      "time_abs": null,
      "time_rel": null,
      "newton_iterations": 7,
      "gmres_iterations_total": 7,
      "factor_runtime_s": 0.7794311000034213,
      "runtime_s": 1.5590612999803852,
      "failure_reason": "stalled at Newton 7 (reduction ratio 0.959)",
      "preconditioner_assembly_runtime_s": 0.22902369999792427,
      "preconditioner_numeric_factor_runtime_s": 0.5471985999611206
    },
    {
      "converged": true,
      "source_scale": 0.5625,
      "coeff_abs": 6.007479835698702e-22,
      "coeff_rel": 3.9897930051620646e-14,
      "time_abs": null,
      "time_rel": null,
      "newton_iterations": 6,
      "gmres_iterations_total": 6,
      "factor_runtime_s": 0.7111651000159327,
      "runtime_s": 1.2979583000123966,
      "failure_reason": "",
      "preconditioner_assembly_runtime_s": 0.22681650004233234,
      "preconditioner_numeric_factor_runtime_s": 0.4817035000596661
    },
    {
      "converged": true,
      "source_scale": 0.65625,
      "coeff_abs": 1.022603826990988e-17,
      "coeff_rel": 5.821282383532003e-10,
      "time_abs": null,
      "time_rel": null,
      "newton_iterations": 9,
      "gmres_iterations_total": 9,
      "factor_runtime_s": 1.142690200038487,
      "runtime_s": 2.1499261999852024,
      "failure_reason": "",
      "preconditioner_assembly_runtime_s": 0.3822303999622818,
      "preconditioner_numeric_factor_runtime_s": 0.7562029999389779
    },
    {
      "converged": false,
      "source_scale": 0.796875,
      "coeff_abs": 1.147726589163184e-09,
      "coeff_rel": 0.05380576499947921,
      "time_abs": null,
      "time_rel": null,
      "newton_iterations": 8,
      "gmres_iterations_total": 8,
      "factor_runtime_s": 1.0774652999825776,
      "runtime_s": 2.187359600007767,
      "failure_reason": "stalled at Newton 8 (reduction ratio 0.998)",
      "preconditioner_assembly_runtime_s": 0.33462360000703484,
      "preconditioner_numeric_factor_runtime_s": 0.7382397999754176
    },
    {
      "converged": true,
      "source_scale": 0.7265625,
      "coeff_abs": 1.3111555774729466e-21,
      "coeff_rel": 6.741581939357323e-14,
      "time_abs": null,
      "time_rel": null,
      "newton_iterations": 9,
      "gmres_iterations_total": 9,
      "factor_runtime_s": 1.1976782000565436,
      "runtime_s": 2.256199399998877,
      "failure_reason": "",
      "preconditioner_assembly_runtime_s": 0.39036770004895516,
      "preconditioner_numeric_factor_runtime_s": 0.8026943000149913
    },
    {
      "converged": false,
      "source_scale": 0.83203125,
      "coeff_abs": 1.298290833833157e-09,
      "coeff_rel": 0.05829253235186122,
      "time_abs": null,
      "time_rel": null,
      "newton_iterations": 6,
      "gmres_iterations_total": 6,
      "factor_runtime_s": 0.7530797999643255,
      "runtime_s": 1.4846412999904715,
      "failure_reason": "stalled at Newton 6 (reduction ratio 0.925)",
      "preconditioner_assembly_runtime_s": 0.24726729994290508,
      "preconditioner_numeric_factor_runtime_s": 0.5022633000044152
    },
    {
      "converged": true,
      "source_scale": 0.779296875,
      "coeff_abs": 8.460547346627197e-20,
      "coeff_rel": 4.0557959303910525e-12,
      "time_abs": null,
      "time_rel": null,
      "newton_iterations": 7,
      "gmres_iterations_total": 7,
      "factor_runtime_s": 0.8472429999965243,
      "runtime_s": 1.5360845999966841,
      "failure_reason": "",
      "preconditioner_assembly_runtime_s": 0.27038159998483025,
      "preconditioner_numeric_factor_runtime_s": 0.573926399985794
    },
    {
      "converged": false,
      "source_scale": 0.8583984375,
      "coeff_abs": 1.4616379618347043e-10,
      "coeff_rel": 0.006361088901287411,
      "time_abs": null,
      "time_rel": null,
      "newton_iterations": 5,
      "gmres_iterations_total": 5,
      "factor_runtime_s": 0.5552622000104748,
      "runtime_s": 1.0582445000181906,
      "failure_reason": "stalled at Newton 5 (reduction ratio 0.939)",
      "preconditioner_assembly_runtime_s": 0.158599399990635,
      "preconditioner_numeric_factor_runtime_s": 0.39438589999917895
    },
    {
      "converged": true,
      "source_scale": 0.05,
      "coeff_abs": 4.5439733308699005e-23,
      "coeff_rel": 3.3950512852897534e-14,
      "time_abs": null,
      "time_rel": null,
      "newton_iterations": 3,
      "gmres_iterations_total": 3,
      "factor_runtime_s": 0.3428227000113111,