{
  "metadata": {
    "pump_modes": [
      1,
      3,
      5,
      7,
      9,
      11,
      13,
      15,
      17,
      19
    ],
    "pump_basis": "positive_phasor",
    "real_reconstruction_factor": 2,
    "omega_p": 44252474118.46583,
    "phase_convention": "exp_plus_i_k_omega_t",
    "pump_mode_policy": "positive_odd_jc",
    "pump_source_mode": 1,
    "pump_freq_ghz": 7.043,
    "nt": 40,
    "pump_current_a": 7.0581728015125646e-06,
    "pump_current_ratio_ic_median": 2.6572218905102245,
    "pump_backend": "schur_cpu_mt"
  },
  "solution_summary": {
    "x_rms": 1.810162735706287e-15,
    "x_max_abs": 4.044887229650158e-15,
    "branch_psi_rms": 1.0047906455803224e-16,
    "branch_psi_max_abs": 2.1226557386884513e-16,
    "branch_i_rms": 7.864128351449982e-07,
    "branch_i_max_abs": 1.5968666788622642e-06,
    "X_h1_norm": 1.0276476870410807e-13,
    "X_h2_norm": 4.1382857729908676e-16,
    "X_h3_norm": 1.1128247473360112e-17,
    "X_h4_norm": 6.413548405450511e-19,
    "X_h5_norm": 3.881847184254242e-20,
    "X_h6_norm": 1.154910007075764e-21,
    "X_h7_norm": 8.147009109933319e-23,
    "X_h8_norm": 7.34520349126484e-24,
    "X_h9_norm": 6.844301072343574e-24,
    "X_h10_norm": 6.117035706827252e-26
  },
  "reports": [
    {
      "converged": true,
      "source_scale": 1.0,
      "coeff_abs": 1.2262366886742719e-19,
      "coeff_rel": 7.79749088198486e-12,
      "time_abs": null,
      "time_rel": null,
      "newton_iterations": 2,
      "gmres_iterations_total": 2,
      "factor_runtime_s": 0.29972079998697154,
      "runtime_s": 0.5682739999901969,
      "failure_reason": "",
      "preconditioner_assembly_runtime_s": 0.11558670000522397,
      "preconditioner_numeric_factor_runtime_s": 0.182684600003995
    }
  ],
  "final_status": "VALID_CONVERGED"
}