{
  "metadata": {
    "pump_modes": [
      1,
      3,
      5,
      7,
      9,
      11,
      13,
      15,
      17,
      19
    ],
    "pump_basis": "positive_phasor",
    "real_reconstruction_factor": 2,
    "omega_p": 51227194494.314,
    "phase_convention": "exp_plus_i_k_omega_t",
    "pump_mode_policy": "positive_odd_jc",
    "pump_source_mode": 1,
    "pump_freq_ghz": 8.1530612245,
    "nt": 40,
    "pump_current_a": 1.4246567794845125e-05,
    "pump_current_ratio_ic_median": 5.363469112145831,
    "pump_backend": "full"
  },
  "solution_summary": {
    "x_rms": 3.1513980185033548e-15,
    "x_max_abs": 7.211714412076721e-15,
    "branch_psi_rms": 1.4591298967413237e-16,
    "branch_psi_max_abs": 2.559549614244989e-16,
    "branch_i_rms": 1.1204861111049048e-06,
    "branch_i_max_abs": 1.8637716964130405e-06,
    "X_h1_norm": 1.789055920395042e-13,
    "X_h2_norm": 1.1820153657703685e-15,
    "X_h3_norm": 4.8929555073903714e-17,
    "X_h4_norm": 2.7618705799812915e-18,
    "X_h5_norm": 2.4346100588685435e-19,
    "X_h6_norm": 2.4338524117367933e-20,
    "X_h7_norm": 2.886319531902917e-21,
    "X_h8_norm": 3.958926000668323e-22,
    "X_h9_norm": 4.399479693610239e-23,
    "X_h10_norm": 8.96584263954711e-24
  },
  "reports": [
    {
      "converged": false,
      "source_scale": 1.0,
      "coeff_abs": 3.5719927305349186e-10,
      "coeff_rel": 0.018004889541740697,
      "time_abs": 2.2591265628109142e-09,
      "time_rel": 0.018004889541740933,
      "newton_iterations": 4,
      "gmres_iterations_total": 4,
      "factor_runtime_s": 2.6282951000030152,
      "runtime_s": 4.551194300001953,
      "failure_reason": "stalled at Newton 4 (reduction ratio 0.933)",
      "preconditioner_assembly_runtime_s": 0.0,
      "preconditioner_numeric_factor_runtime_s": 0.0
    }
  ],
  "final_status": "FAIL"
}