{
  "metadata": {
    "pump_modes": [
      1,
      3,
      5,
      7,
      9,
      11,
      13,
      15,
      17,
      19
    ],
    "pump_basis": "positive_phasor",
    "real_reconstruction_factor": 2,
    "omega_p": 51227194494.314,
    "phase_convention": "exp_plus_i_k_omega_t",
    "pump_mode_policy": "positive_odd_jc",
    "pump_source_mode": 1,
    "pump_freq_ghz": 8.1530612245,
    "nt": 40,
    "pump_current_a": 1.3613200753548498e-05,
    "pump_current_ratio_ic_median": 5.1250225886347565,
    "pump_backend": "full"
  },
  "solution_summary": {
    "x_rms": 3.0643554994422138e-15,
    "x_max_abs": 6.9902846302200595e-15,
    "branch_psi_rms": 1.37088771630347e-16,
    "branch_psi_max_abs": 2.6118422077245454e-16,
    "branch_i_rms": 1.0576408858258586e-06,
    "branch_i_max_abs": 1.8936069707106903e-06,
    "X_h1_norm": 1.7396364322098047e-13,
    "X_h2_norm": 1.2261874902708305e-15,
    "X_h3_norm": 4.919151971783531e-17,
    "X_h4_norm": 2.0938969054435266e-18,
    "X_h5_norm": 1.721581119298371e-19,
    "X_h6_norm": 1.2455231280425119e-20,
    "X_h7_norm": 2.3288710038563574e-21,
    "X_h8_norm": 2.865706121156641e-22,
    "X_h9_norm": 1.142375480384007e-23,
    "X_h10_norm": 1.6182519710701664e-24
  },
  "reports": [
    {
      "converged": true,
      "source_scale": 1.0,
      "coeff_abs": 1.2497008316634157e-20,
      "coeff_rel": 6.59228468369671e-13,
      "time_abs": 1.9709847421929365e-19,
      "time_rel": 1.6439293970010558e-12,
      "newton_iterations": 3,
      "gmres_iterations_total": 3,
      "factor_runtime_s": 1.8219611000386067,
      "runtime_s": 2.5168138000008184,
      "failure_reason": "",
      "preconditioner_assembly_runtime_s": 0.0,
      "preconditioner_numeric_factor_runtime_s": 0.0
    }
  ],
  "final_status": "VALID_CONVERGED"
}