{
  "metadata": {
    "pump_modes": [
      1,
      3,
      5,
      7,
      9,
      11,
      13,
      15,
      17,
      19
    ],
    "pump_basis": "positive_phasor",
    "real_reconstruction_factor": 2,
    "omega_p": 44252474118.46583,
    "phase_convention": "exp_plus_i_k_omega_t",
    "pump_mode_policy": "positive_odd_jc",
    "pump_source_mode": 1,
    "pump_freq_ghz": 7.043,
    "nt": 40,
    "pump_current_a": 1.5844190832087745e-05,
    "pump_current_ratio_ic_median": 5.964933404212294,
    "pump_backend": "schur_cpu_mt"
  },
  "solution_summary": {
    "x_rms": 1.6222127815687103e-15,
    "x_max_abs": 3.704344340271162e-15,
    "branch_psi_rms": 9.024671854750198e-17,
    "branch_psi_max_abs": 1.9090518648623843e-16,
    "branch_i_rms": 7.106066890818462e-07,
    "branch_i_max_abs": 1.455833684468976e-06,
    "X_h1_norm": 9.209448346386135e-14,
    "X_h2_norm": 4.0238004239104336e-16,
    "X_h3_norm": 9.056529588219169e-17,
    "X_h4_norm": 7.787865554004841e-19,
    "X_h5_norm": 1.6554264019619173e-19,
    "X_h6_norm": 1.0181101530537416e-19,
    "X_h7_norm": 3.525629990775462e-21,
    "X_h8_norm": 1.8746950255204904e-20,
    "X_h9_norm": 3.275336213634866e-22,
    "X_h10_norm": 3.9131493320208e-23
  },
  "reports": [
    {
      "converged": false,
      "source_scale": 1.0,
      "coeff_abs": 8.497866033048244e-09,
      "coeff_rel": 0.24072027568055002,
      "time_abs": null,
      "time_rel": null,
      "newton_iterations": 5,
      "gmres_iterations_total": 5,
      "factor_runtime_s": 0.6785717000020668,
      "runtime_s": 1.396708000014769,
      "failure_reason": "stalled at Newton 5 (reduction ratio 0.999)",
      "preconditioner_assembly_runtime_s": 0.19943099995725788,
      "preconditioner_numeric_factor_runtime_s": 0.4767031000519637
    },
    {
      "converged": false,
      "source_scale": 0.5,
      "coeff_abs": 6.090033588973847e-10,
      "coeff_rel": 0.03450265181259233,
      "time_abs": null,
      "time_rel": null,
      "newton_iterations": 6,
      "gmres_iterations_total": 6,
      "factor_runtime_s": 0.8120464000094216,
      "runtime_s": 1.5616556000022683,
      "failure_reason": "stalled at Newton 6 (reduction ratio 0.988)",
      "preconditioner_assembly_runtime_s": 0.2660567000275478,
      "preconditioner_numeric_factor_runtime_s": 0.5429373999359086
    },
    {
      "converged": true,
      "source_scale": 0.25,
      "coeff_abs": 7.740385870047693e-20,
      "coeff_rel": 8.770521037942734e-12,
      "time_abs": null,
      "time_rel": null,
      "newton_iterations": 6,
      "gmres_iterations_total": 6,
      "factor_runtime_s": 0.8323421999521088,
      "runtime_s": 1.5269122000026982,
      "failure_reason": "",
      "preconditioner_assembly_runtime_s": 0.2731423999648541,
      "preconditioner_numeric_factor_runtime_s": 0.5555710999469738
    },
    {
      "converged": false,
      "source_scale": 0.625,
      "coeff_abs": 1.8094361811279251e-09,
      "coeff_rel": 0.08200985511488174,
      "time_abs": null,
      "time_rel": null,
      "newton_iterations": 4,
      "gmres_iterations_total": 4,
      "factor_runtime_s": 0.5097850999736693,
      "runtime_s": 1.0297702999960165,
      "failure_reason": "stalled at Newton 4 (reduction ratio 0.996)",
      "preconditioner_assembly_runtime_s": 0.1599494999682065,
      "preconditioner_numeric_factor_runtime_s": 0.3481849000090733
    },
    {
      "converged": false,
      "source_scale": 0.4375,
      "coeff_abs": 3.4676991350584824e-13,
      "coeff_rel": 2.245257442339802e-05,
      "time_abs": null,
      "time_rel": null,
      "newton_iterations": 15,
      "gmres_iterations_total": 15,
      "factor_runtime_s": 1.6491247999947518,
      "runtime_s": 3.146281799999997,
      "failure_reason": "stalled at Newton 15 (reduction ratio 0.974)",
      "preconditioner_assembly_runtime_s": 0.4590892000705935,
      "preconditioner_numeric_factor_runtime_s": 1.1830841000191867
    },
    {
      "converged": true,
      "source_scale": 0.34375,
      "coeff_abs": 4.632685541500118e-22,
      "coeff_rel": 3.8176218447973074e-14,
      "time_abs": null,
      "time_rel": null,
      "newton_iterations": 6,
      "gmres_iterations_total": 6,
      "factor_runtime_s": 0.6390023000130896,
      "runtime_s": 1.1925974000187125,
      "failure_reason": "",
      "preconditioner_assembly_runtime_s": 0.18033689999720082,
      "preconditioner_numeric_factor_runtime_s": 0.45618580002337694
    },
    {
      "converged": false,
      "source_scale": 0.484375,
      "coeff_abs": 8.616552501449111e-10,
      "coeff_rel": 0.05039118954816813,
      "time_abs": null,
      "time_rel": null,
      "newton_iterations": 5,
      "gmres_iterations_total": 5,
      "factor_runtime_s": 0.6001089999917895,
      "runtime_s": 1.1877268999814987,
      "failure_reason": "stalled at Newton 5 (reduction ratio 0.915)",
      "preconditioner_assembly_runtime_s": 0.17986609999206848,
      "preconditioner_numeric_factor_runtime_s": 0.4176026000350248
    },
    {
      "converged": false,
      "source_scale": 0.4140625,
      "coeff_abs": 3.1579283424218853e-10,
      "coeff_rel": 0.02160424844574259,
      "time_abs": null,
      "time_rel": null,
      "newton_iterations": 5,
      "gmres_iterations_total": 5,
      "factor_runtime_s": 0.5724011000129394,
      "runtime_s": 1.082439100020565,
      "failure_reason": "stalled at Newton 5 (reduction ratio 0.931)",
      "preconditioner_assembly_runtime_s": 0.1814588000124786,
      "preconditioner_numeric_factor_runtime_s": 0.38868939998792484
    },
    {
      "converged": true,
      "source_scale": 0.05,
      "coeff_abs": 8.938013613592263e-22,
      "coeff_rel": 5.063767992418348e-13,
      "time_abs": null,
      "time_rel": null,
      "newton_iterations": 3,
      "gmres_iterations_total": 3,
      "factor_runtime_s": 0.3519446999707725,
      "runtime_s": 0.6731710000021849,
      "failure_reason": "",
      "preconditioner_assembly_runtime_s": 0.10539860001881607,
      "preconditioner_numeric_factor_runtime_s": 0.2449647999892477
    },
    {
      "converged": true,
      "source_scale": 0.1,
      "coeff_abs": 1.8101532119365672e-18,
      "coeff_rel": 5.127647088184331e-10,
      "time_abs": null,
      "time_rel": null,
      "newton_iterations": 3,
      "gmres_iterations_total": 3,
      "factor_runtime_s": 0.318006300018169,
      "runtime_s": 0.5853743999905419,
      "failure_reason": "",
      "preconditioner_assembly_runtime_s": 0.09256620000815019,
      "preconditioner_numeric_factor_runtime_s": 0.2242850000038743
    },
    {
      "converged": true,
      "source_scale": 0.15,
      "coeff_abs": 3.6876853064570944e-22,
      "coeff_rel": 6.964106205339813e-14,
      "time_abs": null,
      "time_rel": null,
      "newton_iterations": 3,
      "gmres_iterations_total": 3,
      "factor_runtime_s": 0.334746200038353,
      "runtime_s": 0.6282064999977592,
      "failure_reason": "",
      "preconditioner_assembly_runtime_s": 0.10246499997447245,
      "preconditioner_numeric_factor_runtime_s": 0.230822099983925
    },
    {
      "converged": true,
      "source_scale": 0.2,
      "coeff_abs": 1.4796870941254036e-18,
      "coeff_rel": 2.095765477083257e-10,
      "time_abs": null,
      "time_rel": null,
      "newton_iterations": 3,
      "gmres_iterations_total": 3,
      "factor_runtime_s": 0.3899117000109982,
      "runtime_s": 0.7195761999755632,
      "failure_reason": "",
      "preconditioner_assembly_runtime_s": 0.124929500016151,
      "preconditioner_numeric_factor_runtime_s": 0.26382120000198483
    },
    {
      "converged": true,
      "source_scale": 0.25,
      "coeff_abs": 2.8271479169597925e-19,
      "coeff_rel": 3.2034010576941765e-11,
      "time_abs": null,
      "time_rel": null,
      "newton_iterations": 4,
      "gmres_iterations_total": 4,
      "factor_runtime_s": 0.4788096999982372,
      "runtime_s": 0.9721536000142805,
      "failure_reason": "",