{
  "metadata": {
    "pump_modes": [
      1,
      3,
      5,
      7,
      9,
      11,
      13,
      15,
      17,
      19
    ],
    "pump_basis": "positive_phasor",
    "real_reconstruction_factor": 2,
    "omega_p": 51227194494.314,
    "phase_convention": "exp_plus_i_k_omega_t",
    "pump_mode_policy": "positive_odd_jc",
    "pump_source_mode": 1,
    "pump_freq_ghz": 8.1530612245,
    "nt": 40,
    "pump_current_a": 1.348063186939959e-05,
    "pump_current_ratio_ic_median": 5.075113787749986,
    "pump_backend": "schur_cpu_mt"
  },
  "solution_summary": {
    "x_rms": 1.821338413399937e-15,
    "x_max_abs": 4.197635915586839e-15,
    "branch_psi_rms": 1.0846473462155533e-16,
    "branch_psi_max_abs": 2.269450891790257e-16,
    "branch_i_rms": 8.466061562216649e-07,
    "branch_i_max_abs": 1.6899250530193463e-06,
    "X_h1_norm": 1.0339930854523178e-13,
    "X_h2_norm": 3.9466219896679706e-16,
    "X_h3_norm": 9.938146779298652e-18,
    "X_h4_norm": 3.527004764755941e-19,
    "X_h5_norm": 1.5624800563021983e-20,
    "X_h6_norm": 8.212067997833071e-22,
    "X_h7_norm": 5.158070168163716e-23,
    "X_h8_norm": 3.967956572216382e-24,
    "X_h9_norm": 2.636950401053346e-25,
    "X_h10_norm": 2.7988189613768833e-26
  },
  "reports": [
    {
      "converged": false,
      "source_scale": 1.0,
      "coeff_abs": 6.0662929513380245e-09,
      "coeff_rel": 0.2019695912612155,
      "time_abs": null,
      "time_rel": null,
      "newton_iterations": 3,
      "gmres_iterations_total": 3,
      "factor_runtime_s": 0.40966870001284406,
      "runtime_s": 0.8159463000192773,
      "failure_reason": "line search failed at Newton 3",
      "preconditioner_assembly_runtime_s": 0.12670550000621006,
      "preconditioner_numeric_factor_runtime_s": 0.28144089996931143
    },
    {
      "converged": true,
      "source_scale": 0.5,
      "coeff_abs": 4.018718415047388e-19,
      "coeff_rel": 2.6759634662945697e-11,
      "time_abs": null,
      "time_rel": null,
      "newton_iterations": 14,
      "gmres_iterations_total": 14,
      "factor_runtime_s": 1.9284096999908797,
      "runtime_s": 3.7092443000001367,
      "failure_reason": "",
      "preconditioner_assembly_runtime_s": 0.6053600000159349,
      "preconditioner_numeric_factor_runtime_s": 1.3146491999505088
    },
    {
      "converged": false,
      "source_scale": 1.0,
      "coeff_abs": 4.2073505545137055e-09,
      "coeff_rel": 0.14007844306304942,
      "time_abs": null,
      "time_rel": null,
      "newton_iterations": 4,
      "gmres_iterations_total": 4,
      "factor_runtime_s": 0.5357297000009567,
      "runtime_s": 1.1283135999983642,
      "failure_reason": "stalled at Newton 4 (reduction ratio 0.996)",
      "preconditioner_assembly_runtime_s": 0.15861329998006113,
      "preconditioner_numeric_factor_runtime_s": 0.3747731000476051
    },
    {
      "converged": false,
      "source_scale": 0.75,
      "coeff_abs": 5.707962362651391e-10,
      "coeff_rel": 0.02533859002121608,
      "time_abs": null,
      "time_rel": null,
      "newton_iterations": 5,
      "gmres_iterations_total": 5,
      "factor_runtime_s": 0.6727179999870714,
      "runtime_s": 1.3363437000080012,
      "failure_reason": "stalled at Newton 5 (reduction ratio 0.954)",
      "preconditioner_assembly_runtime_s": 0.21140480000758544,
      "preconditioner_numeric_factor_runtime_s": 0.45841580000706017
    },
    {
      "converged": false,
      "source_scale": 0.625,
      "coeff_abs": 2.707833299052033e-10,
      "coeff_rel": 0.014424624435387211,
      "time_abs": null,
      "time_rel": null,
      "newton_iterations": 4,
      "gmres_iterations_total": 4,
      "factor_runtime_s": 0.6232735000085086,
      "runtime_s": 1.045988599973498,
      "failure_reason": "stalled at Newton 4 (reduction ratio 0.913)",
      "preconditioner_assembly_runtime_s": 0.20298119998187758,
      "preconditioner_numeric_factor_runtime_s": 0.41809820002526976
    },
    {
      "converged": false,
      "source_scale": 0.5625,
      "coeff_abs": 9.20353469965028e-11,
      "coeff_rel": 0.005447468587071512,
      "time_abs": null,
      "time_rel": null,
      "newton_iterations": 5,
      "gmres_iterations_total": 5,
      "factor_runtime_s": 0.6944539999822155,
      "runtime_s": 1.2445579000050202,
      "failure_reason": "stalled at Newton 5 (reduction ratio 0.985)",
      "preconditioner_assembly_runtime_s": 0.24383240003953688,
      "preconditioner_numeric_factor_runtime_s": 0.4481852999597322
    },
    {
      "converged": true,
      "source_scale": 0.05,
      "coeff_abs": 2.930720718808367e-22,
      "coeff_rel": 1.9514931785414163e-13,
      "time_abs": null,
      "time_rel": null,
      "newton_iterations": 3,
      "gmres_iterations_total": 3,
      "factor_runtime_s": 0.36562060003052466,
      "runtime_s": 0.6527044999820646,
      "failure_reason": "",
      "preconditioner_assembly_runtime_s": 0.10761460004141554,
      "preconditioner_numeric_factor_runtime_s": 0.2565996999910567
    },
    {
      "converged": true,
      "source_scale": 0.1,
      "coeff_abs": 5.921674860929571e-19,
      "coeff_rel": 1.9715471389820742e-10,
      "time_abs": null,
      "time_rel": null,
      "newton_iterations": 3,
      "gmres_iterations_total": 3,
      "factor_runtime_s": 0.33679239999037236,
      "runtime_s": 0.6265971999964677,
      "failure_reason": "",
      "preconditioner_assembly_runtime_s": 0.10534750000806525,
      "preconditioner_numeric_factor_runtime_s": 0.22985719997086562
    },
    {
      "converged": true,
      "source_scale": 0.15,
      "coeff_abs": 1.2241359373890573e-22,
      "coeff_rel": 2.7170710559249668e-14,
      "time_abs": null,
      "time_rel": null,
      "newton_iterations": 3,
      "gmres_iterations_total": 3,
      "factor_runtime_s": 0.35514540001167916,
      "runtime_s": 0.6633175000024494,
      "failure_reason": "",
      "preconditioner_assembly_runtime_s": 0.09737619999214076,
      "preconditioner_numeric_factor_runtime_s": 0.2562793999968562
    },
    {
      "converged": true,
      "source_scale": 0.2,
      "coeff_abs": 2.871115516000336e-21,
      "coeff_rel": 4.779508934714565e-13,
      "time_abs": null,
      "time_rel": null,
      "newton_iterations": 3,
      "gmres_iterations_total": 3,
      "factor_runtime_s": 0.37190829997416586,
      "runtime_s": 0.7414006000035442,
      "failure_reason": "",
      "preconditioner_assembly_runtime_s": 0.11077349999686703,
      "preconditioner_numeric_factor_runtime_s": 0.259266100008972
    },
    {
      "converged": true,
      "source_scale": 0.25,
      "coeff_abs": 3.595220641371462e-18,
      "coeff_rel": 4.787933911246539e-10,
      "time_abs": null,
      "time_rel": null,
      "newton_iterations": 3,
      "gmres_iterations_total": 3,
      "factor_runtime_s": 0.39658220001729205,
      "runtime_s": 0.729871000017738,
      "failure_reason": "",
      "preconditioner_assembly_runtime_s": 0.11651510000228882,
      "preconditioner_numeric_factor_runtime_s": 0.27833420006209053
    },
    {
      "converged": true,
      "source_scale": 0.3,
      "coeff_abs": 3.178653975770838e-22,
      "coeff_rel": 3.527642825676988e-14,
      "time_abs": null,
      "time_rel": null,
      "newton_iterations": 4,
      "gmres_iterations_total": 4,
      "factor_runtime_s": 0.44122389997937717,
      "runtime_s": 0.8222747000108939,
      "failure_reason": "",
      "preconditioner_assembly_runtime_s": 0.12355650003883056,
      "preconditioner_numeric_factor_runtime_s": 0.3159097000025213
    },
    {
      "converged": true,
      "source_scale": 0.35,
      "coeff_abs": 1.6168573705178857e-18,
      "coeff_rel": 1.5380351953265845e-10,
      "time_abs": null,
      "time_rel": null,
      "newton_iterations": 4,
      "gmres_iterations_total": 4,
      "factor_runtime_s": 0.4621993000037037,
      "runtime_s": 0.8447311999916565,
      "failure_reason": "",