{
  "metadata": {
    "pump_modes": [
      1,
      3,
      5,
      7,
      9,
      11,
      13,
      15,
      17,
      19
    ],
    "pump_basis": "positive_phasor",
    "real_reconstruction_factor": 2,
    "omega_p": 51227194494.314,
    "phase_convention": "exp_plus_i_k_omega_t",
    "pump_mode_policy": "positive_odd_jc",
    "pump_source_mode": 1,
    "pump_freq_ghz": 8.1530612245,
    "nt": 40,
    "pump_current_a": 1.3242203239732789e-05,
    "pump_current_ratio_ic_median": 4.985351494888693,
    "pump_backend": "full"
  },
  "solution_summary": {
    "x_rms": 2.9904792080336953e-15,
    "x_max_abs": 6.804658690354299e-15,
    "branch_psi_rms": 1.16014781553289e-16,
    "branch_psi_max_abs": 2.238240387828295e-16,
    "branch_i_rms": 9.047713294231198e-07,
    "branch_i_max_abs": 1.670414883800463e-06,
    "X_h1_norm": 1.6977302566654783e-13,
    "X_h2_norm": 5.464471871564581e-16,
    "X_h3_norm": 1.5051274114988396e-17,
    "X_h4_norm": 5.406007989154015e-19,
    "X_h5_norm": 2.82443928998411e-20,
    "X_h6_norm": 1.9480052729454763e-21,
    "X_h7_norm": 1.3768216766992016e-22,
    "X_h8_norm": 1.1416651701168051e-23,
    "X_h9_norm": 1.3193462927377555e-24,
    "X_h10_norm": 1.5047502716201516e-25
  },
  "reports": [
    {
      "converged": false,
      "source_scale": 1.0,
      "coeff_abs": 2.969689026265617e-11,
      "coeff_rel": 0.0016104263545167548,
      "time_abs": 1.878196253081405e-10,
      "time_rel": 0.0016104263545167682,
      "newton_iterations": 5,
      "gmres_iterations_total": 5,
      "factor_runtime_s": 3.231398999982048,
      "runtime_s": 5.083933000016259,
      "failure_reason": "stalled at Newton 5 (reduction ratio 0.999)",
      "preconditioner_assembly_runtime_s": 0.0,
      "preconditioner_numeric_factor_runtime_s": 0.0
    }
  ],
  "final_status": "FAIL"
}