{
  "metadata": {
    "pump_modes": [
      1,
      3,
      5,
      7,
      9,
      11,
      13,
      15,
      17,
      19
    ],
    "pump_basis": "positive_phasor",
    "real_reconstruction_factor": 2,
    "omega_p": 51227194494.314,
    "phase_convention": "exp_plus_i_k_omega_t",
    "pump_mode_policy": "positive_odd_jc",
    "pump_source_mode": 1,
    "pump_freq_ghz": 8.1530612245,
    "nt": 40,
    "pump_current_a": 1.3280372267752337e-05,
    "pump_current_ratio_ic_median": 4.999721159622788,
    "pump_backend": "schur_cpu_mt"
  },
  "solution_summary": {
    "x_rms": 1.7934577744997716e-15,
    "x_max_abs": 4.124546003141409e-15,
    "branch_psi_rms": 1.0698852145442019e-16,
    "branch_psi_max_abs": 2.2321056724455563e-16,
    "branch_i_rms": 8.358390327041852e-07,
    "branch_i_max_abs": 1.6665622563053075e-06,
    "X_h1_norm": 1.0181638565731305e-13,
    "X_h2_norm": 4.162950657650895e-16,
    "X_h3_norm": 1.1072719441695924e-17,
    "X_h4_norm": 4.0354981782310903e-19,
    "X_h5_norm": 1.7989802584760874e-20,
    "X_h6_norm": 1.0037095108290905e-21,
    "X_h7_norm": 7.743644958468806e-23,
    "X_h8_norm": 7.635861430195911e-24,
    "X_h9_norm": 4.20333204498771e-25,
    "X_h10_norm": 4.668219589793879e-26
  },
  "reports": [
    {
      "converged": false,
      "source_scale": 1.0,
      "coeff_abs": 5.386237239008885e-09,
      "coeff_rel": 0.18203214448650776,
      "time_abs": null,
      "time_rel": null,
      "newton_iterations": 5,
      "gmres_iterations_total": 5,
      "factor_runtime_s": 0.5994922999816481,
      "runtime_s": 1.210990399995353,
      "failure_reason": "stalled at Newton 5 (reduction ratio 0.998)",
      "preconditioner_assembly_runtime_s": 0.1760964000131935,
      "preconditioner_numeric_factor_runtime_s": 0.4208341999910772
    },
    {
      "converged": true,
      "source_scale": 0.5,
      "coeff_abs": 4.61169389771471e-19,
      "coeff_rel": 3.1171168021957435e-11,
      "time_abs": null,
      "time_rel": null,
      "newton_iterations": 13,
      "gmres_iterations_total": 13,
      "factor_runtime_s": 1.8046354999823961,
      "runtime_s": 3.3852794999838807,
      "failure_reason": "",
      "preconditioner_assembly_runtime_s": 0.5581686999939848,
      "preconditioner_numeric_factor_runtime_s": 1.2389124000619631
    },
    {
      "converged": false,
      "source_scale": 1.0,
      "coeff_abs": 3.3181514550150445e-09,
      "coeff_rel": 0.1121395509119011,
      "time_abs": null,
      "time_rel": null,
      "newton_iterations": 2,
      "gmres_iterations_total": 2,
      "factor_runtime_s": 0.2988731999939773,
      "runtime_s": 0.6198231999878772,
      "failure_reason": "line search failed at Newton 2",
      "preconditioner_assembly_runtime_s": 0.11369460000423715,
      "preconditioner_numeric_factor_runtime_s": 0.18416999996406958
    },
    {
      "converged": false,
      "source_scale": 0.75,
      "coeff_abs": 5.387109520675996e-10,
      "coeff_rel": 0.02427488319131368,
      "time_abs": null,
      "time_rel": null,
      "newton_iterations": 5,
      "gmres_iterations_total": 5,
      "factor_runtime_s": 0.7307388999615796,
      "runtime_s": 1.4428144000121392,
      "failure_reason": "stalled at Newton 5 (reduction ratio 1.000)",
      "preconditioner_assembly_runtime_s": 0.2508541999850422,
      "preconditioner_numeric_factor_runtime_s": 0.47698829995351844
    },
    {
      "converged": false,
      "source_scale": 0.625,
      "coeff_abs": 2.9487328575824885e-10,
      "coeff_rel": 0.015944761190870613,
      "time_abs": null,
      "time_rel": null,
      "newton_iterations": 4,
      "gmres_iterations_total": 4,
      "factor_runtime_s": 0.6913142999983393,
      "runtime_s": 1.2503192000149284,
      "failure_reason": "stalled at Newton 4 (reduction ratio 0.850)",
      "preconditioner_assembly_runtime_s": 0.22832649998599663,
      "preconditioner_numeric_factor_runtime_s": 0.4606507999706082
    },
    {
      "converged": false,
      "source_scale": 0.5625,
      "coeff_abs": 1.1234979168640326e-10,
      "coeff_rel": 0.006750133342784127,
      "time_abs": null,
      "time_rel": null,
      "newton_iterations": 5,
      "gmres_iterations_total": 5,
      "factor_runtime_s": 0.7119987999612931,
      "runtime_s": 1.3939976000110619,
      "failure_reason": "stalled at Newton 5 (reduction ratio 0.957)",
      "preconditioner_assembly_runtime_s": 0.22506150000845082,
      "preconditioner_numeric_factor_runtime_s": 0.48385969997616485
    },
    {
      "converged": true,
      "source_scale": 0.05,
      "coeff_abs": 2.351503242086989e-22,
      "coeff_rel": 1.5894182113776889e-13,
      "time_abs": null,
      "time_rel": null,
      "newton_iterations": 3,
      "gmres_iterations_total": 3,
      "factor_runtime_s": 0.39926239996566437,
      "runtime_s": 0.7597943000146188,
      "failure_reason": "",
      "preconditioner_assembly_runtime_s": 0.1082841000170447,
      "preconditioner_numeric_factor_runtime_s": 0.2891581000003498
    },
    {
      "converged": true,
      "source_scale": 0.1,
      "coeff_abs": 4.731700045813903e-19,
      "coeff_rel": 1.599115427312486e-10,
      "time_abs": null,
      "time_rel": null,
      "newton_iterations": 3,
      "gmres_iterations_total": 3,
      "factor_runtime_s": 0.43019769998500124,
      "runtime_s": 0.7791491999814752,
      "failure_reason": "",
      "preconditioner_assembly_runtime_s": 0.13661970000248402,
      "preconditioner_numeric_factor_runtime_s": 0.2918070000014268
    },
    {
      "converged": true,
      "source_scale": 0.15,
      "coeff_abs": 1.2231877647338676e-22,
      "coeff_rel": 2.7559064834301672e-14,
      "time_abs": null,
      "time_rel": null,
      "newton_iterations": 3,
      "gmres_iterations_total": 3,
      "factor_runtime_s": 0.39125360004254617,
      "runtime_s": 0.7784358999924734,
      "failure_reason": "",
      "preconditioner_assembly_runtime_s": 0.12420679998467676,
      "preconditioner_numeric_factor_runtime_s": 0.2652067000162788
    },
    {
      "converged": true,
      "source_scale": 0.2,
      "coeff_abs": 1.6356962831142648e-21,
      "coeff_rel": 2.76398243274082e-13,
      "time_abs": null,
      "time_rel": null,
      "newton_iterations": 3,
      "gmres_iterations_total": 3,
      "factor_runtime_s": 0.42559349999646656,
      "runtime_s": 0.8064214000187349,
      "failure_reason": "",
      "preconditioner_assembly_runtime_s": 0.1416410000238102,
      "preconditioner_numeric_factor_runtime_s": 0.2820652000082191
    },
    {
      "converged": true,
      "source_scale": 0.25,
      "coeff_abs": 2.2228106090676554e-18,
      "coeff_rel": 3.004865652968527e-10,
      "time_abs": null,
      "time_rel": null,
      "newton_iterations": 3,
      "gmres_iterations_total": 3,
      "factor_runtime_s": 0.39991909998934716,
      "runtime_s": 0.7641425000037998,
      "failure_reason": "",
      "preconditioner_assembly_runtime_s": 0.1221827000263147,
      "preconditioner_numeric_factor_runtime_s": 0.27585840004030615
    },
    {
      "converged": true,
      "source_scale": 0.3,
      "coeff_abs": 2.779014333076756e-22,
      "coeff_rel": 3.130632859027134e-14,
      "time_abs": null,
      "time_rel": null,
      "newton_iterations": 4,
      "gmres_iterations_total": 4,
      "factor_runtime_s": 0.5856060000078287,
      "runtime_s": 1.0787061000009999,
      "failure_reason": "",
      "preconditioner_assembly_runtime_s": 0.20054049996542744,
      "preconditioner_numeric_factor_runtime_s": 0.3825925000128336
    },
    {
      "converged": true,
      "source_scale": 0.35,
      "coeff_abs": 7.407378838013941e-19,
      "coeff_rel": 7.152520635064063e-11,
      "time_abs": null,
      "time_rel": null,
      "newton_iterations": 4,
      "gmres_iterations_total": 4,
      "factor_runtime_s": 0.48072860002866946,
      "runtime_s": 0.8714498000044841,
      "failure_reason": "",
      "preconditioner_assembly_runtime_s": 0.14322819997323677,