{
  "metadata": {
    "pump_modes": [
      1,
      3,
      5,
      7,
      9,
      11,
      13,
      15,
      17,
      19
    ],
    "pump_basis": "positive_phasor",
    "real_reconstruction_factor": 2,
    "omega_p": 51227194494.314,
    "phase_convention": "exp_plus_i_k_omega_t",
    "pump_mode_policy": "positive_odd_jc",
    "pump_source_mode": 1,
    "pump_freq_ghz": 8.1530612245,
    "nt": 40,
    "pump_current_a": 1.4219427920242618e-05,
    "pump_current_ratio_ic_median": 5.3532516421394245,
    "pump_backend": "full"
  },
  "solution_summary": {
    "x_rms": 3.362066615249836e-15,
    "x_max_abs": 7.88918115563783e-15,
    "branch_psi_rms": 4.870365967179339e-16,
    "branch_psi_max_abs": 2.565294596765273e-15,
    "branch_i_rms": 1.6138344652747422e-06,
    "branch_i_max_abs": 2.6562225823716743e-06,
    "X_h1_norm": 1.8948117298844272e-13,
    "X_h2_norm": 2.295998135514268e-14,
    "X_h3_norm": 9.069854203940875e-16,
    "X_h4_norm": 2.001245101318404e-16,
    "X_h5_norm": 1.085829004780668e-16,
    "X_h6_norm": 6.153878838457055e-17,
    "X_h7_norm": 1.955340927853322e-17,
    "X_h8_norm": 1.1026606002592312e-17,
    "X_h9_norm": 7.333412575654988e-18,
    "X_h10_norm": 2.6916718255563972e-18
  },
  "reports": [
    {
      "converged": false,
      "source_scale": 1.0,
      "coeff_abs": 2.0077367386188297e-07,
      "coeff_rel": 10.139459059772253,
      "time_abs": 1.2698042072067292e-06,
      "time_rel": 10.139459059772253,
      "newton_iterations": 2,
      "gmres_iterations_total": 2,
      "factor_runtime_s": 1.1745090000040364,
      "runtime_s": 2.471807499998249,
      "failure_reason": "line search failed at Newton 2",
      "preconditioner_assembly_runtime_s": 0.0,
      "preconditioner_numeric_factor_runtime_s": 0.0
    }
  ],
  "final_status": "FAIL"
}