{
  "metadata": {
    "pump_modes": [
      1,
      3,
      5,
      7,
      9,
      11,
      13,
      15,
      17,
      19
    ],
    "pump_basis": "positive_phasor",
    "real_reconstruction_factor": 2,
    "omega_p": 44252474118.46583,
    "phase_convention": "exp_plus_i_k_omega_t",
    "pump_mode_policy": "positive_odd_jc",
    "pump_source_mode": 1,
    "pump_freq_ghz": 7.043,
    "nt": 40,
    "pump_current_a": 7.765908812736409e-06,
    "pump_current_ratio_ic_median": 2.9236664328319106,
    "pump_backend": "schur_cpu_mt"
  },
  "solution_summary": {
    "x_rms": 2.0011908304063623e-15,
    "x_max_abs": 4.5273482366762766e-15,
    "branch_psi_rms": 1.1087167726759875e-16,
    "branch_psi_max_abs": 2.2661231785943247e-16,
    "branch_i_rms": 8.624821274250721e-07,
    "branch_i_max_abs": 1.6878520557057028e-06,
    "X_h1_norm": 1.1360925416026043e-13,
    "X_h2_norm": 5.42047199036409e-16,
    "X_h3_norm": 1.7562847457249866e-17,
    "X_h4_norm": 1.2588147675970229e-18,
    "X_h5_norm": 7.942444882007806e-20,
    "X_h6_norm": 2.8223343108411823e-21,
    "X_h7_norm": 2.133780844663748e-22,
    "X_h8_norm": 1.963549329756692e-23,
    "X_h9_norm": 1.682439497458835e-23,
    "X_h10_norm": 1.9055491891192084e-25
  },
  "reports": [
    {
      "converged": true,
      "source_scale": 1.0,
      "coeff_abs": 2.474709597013544e-21,
      "coeff_rel": 1.4302264721486063e-13,
      "time_abs": null,
      "time_rel": null,
      "newton_iterations": 3,
      "gmres_iterations_total": 3,
      "factor_runtime_s": 0.3142828999843914,
      "runtime_s": 0.5660581999982242,
      "failure_reason": "",
      "preconditioner_assembly_runtime_s": 0.08614699999452569,
      "preconditioner_numeric_factor_runtime_s": 0.22686609998345375
    }
  ],
  "final_status": "VALID_CONVERGED"
}