{
  "metadata": {
    "pump_modes": [
      1,
      3,
      5,
      7,
      9,
      11,
      13,
      15,
      17,
      19
    ],
    "pump_basis": "positive_phasor",
    "real_reconstruction_factor": 2,
    "omega_p": 51227194494.314,
    "phase_convention": "exp_plus_i_k_omega_t",
    "pump_mode_policy": "positive_odd_jc",
    "pump_source_mode": 1,
    "pump_freq_ghz": 8.1530612245,
    "nt": 40,
    "pump_current_a": 1.404503251959006e-05,
    "pump_current_ratio_ic_median": 5.287596225468559,
    "pump_backend": "full"
  },
  "solution_summary": {
    "x_rms": 3.1739493535545445e-15,
    "x_max_abs": 7.224183032849505e-15,
    "branch_psi_rms": 2.120613121863976e-16,
    "branch_psi_max_abs": 9.89465222652152e-16,
    "branch_i_rms": 1.3723143120475527e-06,
    "branch_i_max_abs": 2.6562221351917378e-06,
    "X_h1_norm": 1.8004533835609552e-13,
    "X_h2_norm": 7.20313292666642e-15,
    "X_h3_norm": 3.731111533098347e-16,
    "X_h4_norm": 8.222054997502831e-17,
    "X_h5_norm": 1.7824296732427984e-17,
    "X_h6_norm": 8.290998733907253e-18,
    "X_h7_norm": 1.846585682553808e-18,
    "X_h8_norm": 5.2544666315558235e-19,
    "X_h9_norm": 2.0299540531650922e-19,
    "X_h10_norm": 6.378331596025163e-20
  },
  "reports": [
    {
      "converged": false,
      "source_scale": 1.0,
      "coeff_abs": 2.3251533848365398e-08,
      "coeff_rel": 1.188827937665701,
      "time_abs": 1.470556121066697e-07,
      "time_rel": 1.1888279376657014,
      "newton_iterations": 2,
      "gmres_iterations_total": 2,
      "factor_runtime_s": 1.1280920000281185,
      "runtime_s": 2.211185899999691,
      "failure_reason": "line search failed at Newton 2",
      "preconditioner_assembly_runtime_s": 0.0,
      "preconditioner_numeric_factor_runtime_s": 0.0
    }
  ],
  "final_status": "FAIL"
}