{
  "metadata": {
    "pump_modes": [
      1,
      3,
      5,
      7,
      9,
      11,
      13,
      15,
      17,
      19
    ],
    "pump_basis": "positive_phasor",
    "real_reconstruction_factor": 2,
    "omega_p": 51227194494.314,
    "phase_convention": "exp_plus_i_k_omega_t",
    "pump_mode_policy": "positive_odd_jc",
    "pump_source_mode": 1,
    "pump_freq_ghz": 8.1530612245,
    "nt": 40,
    "pump_current_a": 1.358971187647064e-05,
    "pump_current_ratio_ic_median": 5.116179625999807,
    "pump_backend": "schur_cpu_mt"
  },
  "solution_summary": {
    "x_rms": 1.5104408814645696e-15,
    "x_max_abs": 3.4634497904279037e-15,
    "branch_psi_rms": 9.941202127218521e-17,
    "branch_psi_max_abs": 2.256448313499551e-16,
    "branch_i_rms": 7.77371497316664e-07,
    "branch_i_max_abs": 1.6818153090409963e-06,
    "X_h1_norm": 8.574276744054266e-14,
    "X_h2_norm": 1.1096269047248086e-15,
    "X_h3_norm": 2.8014813733283927e-17,
    "X_h4_norm": 1.871057192443416e-18,
    "X_h5_norm": 1.1856840672282999e-19,
    "X_h6_norm": 1.018944729516302e-20,
    "X_h7_norm": 8.804550571569363e-22,
    "X_h8_norm": 9.83733423802131e-23,
    "X_h9_norm": 1.3964391221715556e-23,
    "X_h10_norm": 3.60764734321457e-24
  },
  "reports": [
    {
      "converged": false,
      "source_scale": 1.0,
      "coeff_abs": 4.7360613262301874e-09,
      "coeff_rel": 0.1564155494635945,
      "time_abs": null,
      "time_rel": null,
      "newton_iterations": 5,
      "gmres_iterations_total": 5,
      "factor_runtime_s": 0.5900247000099625,
      "runtime_s": 1.297964099998353,
      "failure_reason": "line search failed at Newton 5",
      "preconditioner_assembly_runtime_s": 0.1710357999545522,
      "preconditioner_numeric_factor_runtime_s": 0.41624160000355914
    },
    {
      "converged": true,
      "source_scale": 0.5,
      "coeff_abs": 1.4953312640977953e-18,
      "coeff_rel": 9.87711286627795e-11,
      "time_abs": null,
      "time_rel": null,
      "newton_iterations": 14,
      "gmres_iterations_total": 14,
      "factor_runtime_s": 1.8150341999717057,
      "runtime_s": 3.426467900018906,
      "failure_reason": "",
      "preconditioner_assembly_runtime_s": 0.5451602000102866,
      "preconditioner_numeric_factor_runtime_s": 1.2626357999979518
    },
    {
      "converged": false,
      "source_scale": 1.0,
      "coeff_abs": 3.4461415522280973e-09,
      "coeff_rel": 0.11381400858044627,
      "time_abs": null,
      "time_rel": null,
      "newton_iterations": 3,
      "gmres_iterations_total": 3,
      "factor_runtime_s": 0.39338239998323843,
      "runtime_s": 0.8050513000052888,
      "failure_reason": "line search failed at Newton 3",
      "preconditioner_assembly_runtime_s": 0.11457509998581372,
      "preconditioner_numeric_factor_runtime_s": 0.2771157000097446
    },
    {
      "converged": false,
      "source_scale": 0.75,
      "coeff_abs": 5.040675414563093e-10,
      "coeff_rel": 0.022196785059062318,
      "time_abs": null,
      "time_rel": null,
      "newton_iterations": 5,
      "gmres_iterations_total": 5,
      "factor_runtime_s": 0.6469297999865375,
      "runtime_s": 1.3517012000083923,
      "failure_reason": "stalled at Newton 5 (reduction ratio 0.991)",
      "preconditioner_assembly_runtime_s": 0.17757790003088303,
      "preconditioner_numeric_factor_runtime_s": 0.4664457000035327
    },
    {
      "converged": false,
      "source_scale": 0.625,
      "coeff_abs": 1.7026582254446807e-10,
      "coeff_rel": 0.008997255855844275,
      "time_abs": null,
      "time_rel": null,
      "newton_iterations": 6,
      "gmres_iterations_total": 6,
      "factor_runtime_s": 0.7589005000481848,
      "runtime_s": 1.455858100001933,
      "failure_reason": "stalled at Newton 6 (reduction ratio 0.814)",
      "preconditioner_assembly_runtime_s": 0.22280079999472946,
      "preconditioner_numeric_factor_runtime_s": 0.533041599963326
    },
    {
      "converged": false,
      "source_scale": 0.5625,
      "coeff_abs": 4.775547786583013e-11,
      "coeff_rel": 0.002803904874911868,
      "time_abs": null,
      "time_rel": null,
      "newton_iterations": 5,
      "gmres_iterations_total": 5,
      "factor_runtime_s": 0.5514679999905638,
      "runtime_s": 1.0467974999919534,
      "failure_reason": "stalled at Newton 5 (reduction ratio 0.847)",
      "preconditioner_assembly_runtime_s": 0.1514303000003565,
      "preconditioner_numeric_factor_runtime_s": 0.3976414000499062
    },
    {
      "converged": true,
      "source_scale": 0.05,
      "coeff_abs": 3.3000126407180777e-22,
      "coeff_rel": 2.1797576293024458e-13,
      "time_abs": null,
      "time_rel": null,
      "newton_iterations": 3,
      "gmres_iterations_total": 3,
      "factor_runtime_s": 0.3663381999649573,
      "runtime_s": 0.6914276999887079,
      "failure_reason": "",
      "preconditioner_assembly_runtime_s": 0.10454269999172539,
      "preconditioner_numeric_factor_runtime_s": 0.25986989997909404
    },
    {
      "converged": true,
      "source_scale": 0.1,
      "coeff_abs": 6.681997896918004e-19,
      "coeff_rel": 2.2068303186288044e-10,
      "time_abs": null,
      "time_rel": null,
      "newton_iterations": 3,
      "gmres_iterations_total": 3,
      "factor_runtime_s": 0.3875122999888845,
      "runtime_s": 0.7464388000080362,
      "failure_reason": "",
      "preconditioner_assembly_runtime_s": 0.10750269997515716,
      "preconditioner_numeric_factor_runtime_s": 0.27836259998730384
    },
    {
      "converged": true,
      "source_scale": 0.15,
      "coeff_abs": 1.2376876330651274e-22,
      "coeff_rel": 2.7250997239412063e-14,
      "time_abs": null,
      "time_rel": null,
      "newton_iterations": 3,
      "gmres_iterations_total": 3,
      "factor_runtime_s": 0.36468229998718016,
      "runtime_s": 0.7344006999919657,
      "failure_reason": "",
      "preconditioner_assembly_runtime_s": 0.10060329997213557,
      "preconditioner_numeric_factor_runtime_s": 0.2624595999659505
    },
    {
      "converged": true,
      "source_scale": 0.2,
      "coeff_abs": 3.891477658447875e-21,
      "coeff_rel": 6.426095168999108e-13,
      "time_abs": null,
      "time_rel": null,
      "newton_iterations": 3,
      "gmres_iterations_total": 3,
      "factor_runtime_s": 0.40101670002331957,
      "runtime_s": 0.7465351999853738,
      "failure_reason": "",
      "preconditioner_assembly_runtime_s": 0.11363680000067689,
      "preconditioner_numeric_factor_runtime_s": 0.2855930999794509
    },
    {
      "converged": true,
      "source_scale": 0.25,
      "coeff_abs": 4.461868855592683e-18,
      "coeff_rel": 5.89439722679899e-10,
      "time_abs": null,
      "time_rel": null,
      "newton_iterations": 3,
      "gmres_iterations_total": 3,
      "factor_runtime_s": 0.44913680001627654,
      "runtime_s": 0.8370944999915082,
      "failure_reason": "",
      "preconditioner_assembly_runtime_s": 0.14585600001737475,
      "preconditioner_numeric_factor_runtime_s": 0.30107969997334294
    },
    {
      "converged": true,
      "source_scale": 0.3,
      "coeff_abs": 3.7597731663106594e-22,
      "coeff_rel": 4.1390721470736385e-14,
      "time_abs": null,
      "time_rel": null,
      "newton_iterations": 4,
      "gmres_iterations_total": 4,
      "factor_runtime_s": 0.518313400039915,
      "runtime_s": 0.962827199982712,
      "failure_reason": "",
      "preconditioner_assembly_runtime_s": 0.13995599996997043,
      "preconditioner_numeric_factor_runtime_s": 0.3757474999583792
    },
    {
      "converged": true,
      "source_scale": 0.35,
      "coeff_abs": 3.2868891722182154e-18,
      "coeff_rel": 3.1015559764882967e-10,
      "time_abs": null,
      "time_rel": null,
      "newton_iterations": 4,
      "gmres_iterations_total": 4,
      "factor_runtime_s": 0.5190323999850079,
      "runtime_s": 0.9987324000103399,
      "failure_reason": "",
      "preconditioner_assembly_runtime_s": 0.15037449999363162,