{
  "metadata": {
    "pump_modes": [
      1,
      3,
      5,
      7,
      9,
      11,
      13,
      15,
      17,
      19
    ],
    "pump_basis": "positive_phasor",
    "real_reconstruction_factor": 2,
    "omega_p": 51227194494.314,
    "phase_convention": "exp_plus_i_k_omega_t",
    "pump_mode_policy": "positive_odd_jc",
    "pump_source_mode": 1,
    "pump_freq_ghz": 8.1530612245,
    "nt": 40,
    "pump_current_a": 1.3699674516348365e-05,
    "pump_current_ratio_ic_median": 5.1575777529709645,
    "pump_backend": "full"
  },
  "solution_summary": {
    "x_rms": 3.0846662825477714e-15,
    "x_max_abs": 7.040987841627565e-15,
    "branch_psi_rms": 1.3805931448747344e-16,
    "branch_psi_max_abs": 2.523670316002529e-16,
    "branch_i_rms": 1.0648702173521307e-06,
    "branch_i_max_abs": 1.8430283039061847e-06,
    "X_h1_norm": 1.751168076111377e-13,
    "X_h2_norm": 1.2173848033914485e-15,
    "X_h3_norm": 4.382722758679369e-17,
    "X_h4_norm": 2.047733266420265e-18,
    "X_h5_norm": 1.467305826910481e-19,
    "X_h6_norm": 1.084084485942943e-20,
    "X_h7_norm": 1.3105569305264238e-21,
    "X_h8_norm": 1.7891952344561018e-22,
    "X_h9_norm": 7.591034245856675e-24,
    "X_h10_norm": 8.665761400478017e-25
  },
  "reports": [
    {
      "converged": true,
      "source_scale": 1.0,
      "coeff_abs": 1.3123595984309916e-20,
      "coeff_rel": 6.879117807345863e-13,
      "time_abs": 1.963051978322027e-19,
      "time_rel": 1.6269780675082931e-12,
      "newton_iterations": 3,
      "gmres_iterations_total": 3,
      "factor_runtime_s": 1.737806500022998,
      "runtime_s": 2.3971861000172794,
      "failure_reason": "",
      "preconditioner_assembly_runtime_s": 0.0,
      "preconditioner_numeric_factor_runtime_s": 0.0
    }
  ],
  "final_status": "VALID_CONVERGED"
}