{
  "metadata": {
    "pump_modes": [
      1,
      3,
      5,
      7,
      9,
      11,
      13,
      15,
      17,
      19
    ],
    "pump_basis": "positive_phasor",
    "real_reconstruction_factor": 2,
    "omega_p": 44252474118.46583,
    "phase_convention": "exp_plus_i_k_omega_t",
    "pump_mode_policy": "positive_odd_jc",
    "pump_source_mode": 1,
    "pump_freq_ghz": 7.043,
    "nt": 40,
    "pump_current_a": 7.395069956989315e-06,
    "pump_current_ratio_ic_median": 2.784055069798723,
    "pump_backend": "schur_cpu_mt"
  },
  "solution_summary": {
    "x_rms": 1.9020479358550552e-15,
    "x_max_abs": 4.276053405230623e-15,
    "branch_psi_rms": 1.0601366176503956e-16,
    "branch_psi_max_abs": 2.2062328190048627e-16,
    "branch_i_rms": 8.269887929538398e-07,
    "branch_i_max_abs": 1.650250440665109e-06,
    "X_h1_norm": 1.0798110875483644e-13,
    "X_h2_norm": 4.531984398567545e-16,
    "X_h3_norm": 1.301891625492684e-17,
    "X_h4_norm": 8.612050510475215e-19,
    "X_h5_norm": 5.136969265229345e-20,
    "X_h6_norm": 1.4806653593632876e-21,
    "X_h7_norm": 1.0897254520590778e-22,
    "X_h8_norm": 8.998857697809835e-24,
    "X_h9_norm": 6.578875921253227e-24,
    "X_h10_norm": 7.580875352241262e-26
  },
  "reports": [
    {
      "converged": true,
      "source_scale": 1.0,
      "coeff_abs": 5.484110087367729e-22,
      "coeff_rel": 3.3284093535868536e-14,
      "time_abs": null,
      "time_rel": null,
      "newton_iterations": 2,
      "gmres_iterations_total": 2,
      "factor_runtime_s": 0.22936239998671226,
      "runtime_s": 0.5277270000078715,
      "failure_reason": "",
      "preconditioner_assembly_runtime_s": 0.06849969999166206,
      "preconditioner_numeric_factor_runtime_s": 0.15983069999492727
    }
  ],
  "final_status": "VALID_CONVERGED"
}