{
  "metadata": {
    "pump_modes": [
      1,
      3,
      5,
      7,
      9,
      11,
      13,
      15,
      17,
      19
    ],
    "pump_basis": "positive_phasor",
    "real_reconstruction_factor": 2,
    "omega_p": 51227194494.314,
    "phase_convention": "exp_plus_i_k_omega_t",
    "pump_mode_policy": "positive_odd_jc",
    "pump_source_mode": 1,
    "pump_freq_ghz": 8.1530612245,
    "nt": 40,
    "pump_current_a": 1.4164793549278528e-05,
    "pump_current_ratio_ic_median": 5.3326831960865135,
    "pump_backend": "full"
  },
  "solution_summary": {
    "x_rms": 3.255252099363174e-15,
    "x_max_abs": 7.288287190640702e-15,
    "branch_psi_rms": 3.6729568573635705e-16,
    "branch_psi_max_abs": 1.7525376232450522e-15,
    "branch_i_rms": 1.5129265621512735e-06,
    "branch_i_max_abs": 2.656222583316317e-06,
    "X_h1_norm": 1.8403457963831486e-13,
    "X_h2_norm": 1.684446513594905e-14,
    "X_h3_norm": 7.453729357618447e-16,
    "X_h4_norm": 1.5844175252621032e-16,
    "X_h5_norm": 9.55872443744865e-17,
    "X_h6_norm": 4.985384796553853e-17,
    "X_h7_norm": 1.886344964722398e-17,
    "X_h8_norm": 7.406890227205628e-18,
    "X_h9_norm": 5.2960606101341235e-18,
    "X_h10_norm": 2.56298482918223e-18
  },
  "reports": [
    {
      "converged": false,
      "source_scale": 1.0,
      "coeff_abs": 1.2849972340874363e-07,
      "coeff_rel": 6.51451499173169,
      "time_abs": 8.127036093465715e-07,
      "time_rel": 6.51451499173169,
      "newton_iterations": 4,
      "gmres_iterations_total": 4,
      "factor_runtime_s": 2.498733300017193,
      "runtime_s": 4.7524831000191625,
      "failure_reason": "stalled at Newton 4 (reduction ratio 0.999)",
      "preconditioner_assembly_runtime_s": 0.0,
      "preconditioner_numeric_factor_runtime_s": 0.0
    }
  ],
  "final_status": "FAIL"
}