{
  "metadata": {
    "pump_modes": [
      1,
      3,
      5,
      7,
      9,
      11,
      13,
      15,
      17,
      19
    ],
    "pump_basis": "positive_phasor",
    "real_reconstruction_factor": 2,
    "omega_p": 44252474118.46583,
    "phase_convention": "exp_plus_i_k_omega_t",
    "pump_mode_policy": "positive_odd_jc",
    "pump_source_mode": 1,
    "pump_freq_ghz": 7.043,
    "nt": 40,
    "pump_current_a": 7.239228529686658e-06,
    "pump_current_ratio_ic_median": 2.7253847504792197,
    "pump_backend": "schur_cpu_mt"
  },
  "solution_summary": {
    "x_rms": 1.859582586719254e-15,
    "x_max_abs": 4.1644499999076426e-15,
    "branch_psi_rms": 1.0352319447193119e-16,
    "branch_psi_max_abs": 2.1702825868504743e-16,
    "branch_i_rms": 8.087565213261092e-07,
    "branch_i_max_abs": 1.6274161366906234e-06,
    "X_h1_norm": 1.0557031386472442e-13,
    "X_h2_norm": 4.4176762438643746e-16,
    "X_h3_norm": 2.076153617394645e-17,
    "X_h4_norm": 8.955773187260006e-19,
    "X_h5_norm": 8.403896496483099e-20,
    "X_h6_norm": 2.230725783349437e-20,
    "X_h7_norm": 4.99915685089477e-22,
    "X_h8_norm": 5.8538071481072375e-22,
    "X_h9_norm": 4.8180607345416205e-23,
    "X_h10_norm": 1.4730875907998572e-24
  },
  "reports": [
    {
      "converged": true,
      "source_scale": 1.0,
      "coeff_abs": 2.0346783779103507e-19,
      "coeff_rel": 1.2614682946853125e-11,
      "time_abs": null,
      "time_rel": null,
      "newton_iterations": 4,
      "gmres_iterations_total": 4,
      "factor_runtime_s": 0.6059569999924861,
      "runtime_s": 1.0820249000098556,
      "failure_reason": "",
      "preconditioner_assembly_runtime_s": 0.2233624999935273,
      "preconditioner_numeric_factor_runtime_s": 0.3805064999614842
    }
  ],
  "final_status": "VALID_CONVERGED"
}