{
  "metadata": {
    "pump_modes": [
      1,
      3,
      5,
      7,
      9,
      11,
      13,
      15,
      17,
      19
    ],
    "pump_basis": "positive_phasor",
    "real_reconstruction_factor": 2,
    "omega_p": 51227194494.314,
    "phase_convention": "exp_plus_i_k_omega_t",
    "pump_mode_policy": "positive_odd_jc",
    "pump_source_mode": 1,
    "pump_freq_ghz": 8.1530612245,
    "nt": 40,
    "pump_current_a": 1.3341671680959304e-05,
    "pump_current_ratio_ic_median": 5.022798823946064,
    "pump_backend": "full"
  },
  "solution_summary": {
    "x_rms": 2.9965925880186322e-15,
    "x_max_abs": 6.8228486332076925e-15,
    "branch_psi_rms": 1.3285388714875171e-16,
    "branch_psi_max_abs": 2.606195840513037e-16,
    "branch_i_rms": 1.0271122549173198e-06,
    "branch_i_max_abs": 1.8904083546921635e-06,
    "X_h1_norm": 1.70119337923198e-13,
    "X_h2_norm": 7.449929838688214e-16,
    "X_h3_norm": 2.7147920067626303e-17,
    "X_h4_norm": 7.874655363303957e-19,
    "X_h5_norm": 4.89052765354246e-20,
    "X_h6_norm": 2.7850642826762984e-21,
    "X_h7_norm": 2.1967406909321176e-22,
    "X_h8_norm": 1.7866805466171705e-23,
    "X_h9_norm": 1.0351026218157434e-24,
    "X_h10_norm": 1.6629663286423974e-25
  },
  "reports": [
    {
      "converged": true,
      "source_scale": 1.0,
      "coeff_abs": 9.092106101140903e-19,
      "coeff_rel": 4.8937794182560785e-11,
      "time_abs": 5.75317712480691e-18,
      "time_rel": 4.896183029952415e-11,
      "newton_iterations": 2,
      "gmres_iterations_total": 2,
      "factor_runtime_s": 1.3381617999984883,
      "runtime_s": 1.829209699993953,
      "failure_reason": "",
      "preconditioner_assembly_runtime_s": 0.0,
      "preconditioner_numeric_factor_runtime_s": 0.0
    }
  ],
  "final_status": "VALID_CONVERGED"
}