{
  "metadata": {
    "pump_modes": [
      1,
      3,
      5,
      7,
      9,
      11,
      13,
      15,
      17,
      19
    ],
    "pump_basis": "positive_phasor",
    "real_reconstruction_factor": 2,
    "omega_p": 44252474118.46583,
    "phase_convention": "exp_plus_i_k_omega_t",
    "pump_mode_policy": "positive_odd_jc",
    "pump_source_mode": 1,
    "pump_freq_ghz": 7.043,
    "nt": 40,
    "pump_current_a": 7.51090530815036e-06,
    "pump_current_ratio_ic_median": 2.8276641226592747,
    "pump_backend": "schur_cpu_mt"
  },
  "solution_summary": {
    "x_rms": 1.933313808612566e-15,
    "x_max_abs": 4.3577122698887785e-15,
    "branch_psi_rms": 1.0768735616243633e-16,
    "branch_psi_max_abs": 2.2260833079693173e-16,
    "branch_i_rms": 8.392261035298935e-07,
    "branch_i_max_abs": 1.6627745528860064e-06,
    "X_h1_norm": 1.0975604827679003e-13,
    "X_h2_norm": 4.734192335207712e-16,
    "X_h3_norm": 1.403116132196798e-17,
    "X_h4_norm": 8.634979832707887e-19,
    "X_h5_norm": 5.2860565965717277e-20,
    "X_h6_norm": 1.7393729302840353e-21,
    "X_h7_norm": 1.1273072834870328e-22,
    "X_h8_norm": 9.717456269338822e-24,
    "X_h9_norm": 6.3230151382925185e-24,
    "X_h10_norm": 6.375968845688952e-26
  },
  "reports": [
    {
      "converged": true,
      "source_scale": 1.0,
      "coeff_abs": 7.702642664108496e-22,
      "coeff_rel": 4.602781092927947e-14,
      "time_abs": null,
      "time_rel": null,
      "newton_iterations": 2,
      "gmres_iterations_total": 2,
      "factor_runtime_s": 0.19190649999654852,
      "runtime_s": 0.3612360999977682,
      "failure_reason": "",
      "preconditioner_assembly_runtime_s": 0.05196829998749308,
      "preconditioner_numeric_factor_runtime_s": 0.13915109998197295
    }
  ],
  "final_status": "VALID_CONVERGED"
}