{
  "metadata": {
    "pump_modes": [
      1,
      3,
      5,
      7,
      9,
      11,
      13,
      15,
      17,
      19
    ],
    "pump_basis": "positive_phasor",
    "real_reconstruction_factor": 2,
    "omega_p": 51227194494.314,
    "phase_convention": "exp_plus_i_k_omega_t",
    "pump_mode_policy": "positive_odd_jc",
    "pump_source_mode": 1,
    "pump_freq_ghz": 8.1530612245,
    "nt": 40,
    "pump_current_a": 1.3731255527698279e-05,
    "pump_current_ratio_ic_median": 5.169467197596839,
    "pump_backend": "full"
  },
  "solution_summary": {
    "x_rms": 3.0919413667896162e-15,
    "x_max_abs": 7.060221591889188e-15,
    "branch_psi_rms": 1.3851110039528307e-16,
    "branch_psi_max_abs": 2.520484370159526e-16,
    "branch_i_rms": 1.068275803537524e-06,
    "branch_i_max_abs": 1.841175743784037e-06,
    "X_h1_norm": 1.7552998941502427e-13,
    "X_h2_norm": 1.1948683028354701e-15,
    "X_h3_norm": 4.431988963832767e-17,
    "X_h4_norm": 2.028206961981288e-18,
    "X_h5_norm": 1.4753742151913556e-19,
    "X_h6_norm": 1.0773388702295878e-20,
    "X_h7_norm": 1.3828595695244427e-21,
    "X_h8_norm": 1.9555391195407922e-22,
    "X_h9_norm": 7.673188687281641e-24,
    "X_h10_norm": 8.0439573173420115e-25
  },
  "reports": [
    {
      "converged": true,
      "source_scale": 1.0,
      "coeff_abs": 1.57862324817088e-20,
      "coeff_rel": 8.2557852835722e-13,
      "time_abs": 2.088585785408687e-19,
      "time_rel": 1.7270392876873102e-12,
      "newton_iterations": 3,
      "gmres_iterations_total": 3,
      "factor_runtime_s": 1.9753915000183042,
      "runtime_s": 2.6309756000118796,
      "failure_reason": "",
      "preconditioner_assembly_runtime_s": 0.0,
      "preconditioner_numeric_factor_runtime_s": 0.0
    }
  ],
  "final_status": "VALID_CONVERGED"
}