{
  "metadata": {
    "pump_modes": [
      1,
      3,
      5,
      7,
      9,
      11,
      13,
      15,
      17,
      19
    ],
    "pump_basis": "positive_phasor",
    "real_reconstruction_factor": 2,
    "omega_p": 51227194494.314,
    "phase_convention": "exp_plus_i_k_omega_t",
    "pump_mode_policy": "positive_odd_jc",
    "pump_source_mode": 1,
    "pump_freq_ghz": 8.1530612245,
    "nt": 40,
    "pump_current_a": 1.395453783211212e-05,
    "pump_current_ratio_ic_median": 5.253527285630513,
    "pump_backend": "full"
  },
  "solution_summary": {
    "x_rms": 3.141250915817699e-15,
    "x_max_abs": 7.188159346594712e-15,
    "branch_psi_rms": 1.4356423149627879e-16,
    "branch_psi_max_abs": 2.463976084478751e-16,
    "branch_i_rms": 1.1050577526987588e-06,
    "branch_i_max_abs": 1.808032280719926e-06,
    "X_h1_norm": 1.783310317296162e-13,
    "X_h2_norm": 9.255985664990053e-16,
    "X_h3_norm": 3.629305695962035e-17,
    "X_h4_norm": 1.4901584202786799e-18,
    "X_h5_norm": 1.0149950416689105e-19,
    "X_h6_norm": 6.790798074003576e-21,
    "X_h7_norm": 6.2412234840118095e-22,
    "X_h8_norm": 8.55641986293709e-23,
    "X_h9_norm": 5.089585710680661e-24,
    "X_h10_norm": 9.057592119370842e-25
  },
  "reports": [
    {
      "converged": false,
      "source_scale": 1.0,
      "coeff_abs": 9.594521640210828e-12,
      "coeff_rel": 0.0004937396597091662,
      "time_abs": 6.0681082885938e-11,
      "time_rel": 0.0004937396597112528,
      "newton_iterations": 4,
      "gmres_iterations_total": 4,
      "factor_runtime_s": 2.732670600002166,
      "runtime_s": 4.602825700014364,
      "failure_reason": "stalled at Newton 4 (reduction ratio 0.983)",
      "preconditioner_assembly_runtime_s": 0.0,
      "preconditioner_numeric_factor_runtime_s": 0.0
    }
  ],
  "final_status": "FAIL"
}