{
  "metadata": {
    "pump_modes": [
      1,
      3,
      5,
      7,
      9,
      11,
      13,
      15,
      17,
      19
    ],
    "pump_basis": "positive_phasor",
    "real_reconstruction_factor": 2,
    "omega_p": 44252474118.46583,
    "phase_convention": "exp_plus_i_k_omega_t",
    "pump_mode_policy": "positive_odd_jc",
    "pump_source_mode": 1,
    "pump_freq_ghz": 7.043,
    "nt": 40,
    "pump_current_a": 7.855833798620031e-06,
    "pump_current_ratio_ic_median": 2.9575208945620877,
    "pump_backend": "schur_cpu_mt"
  },
  "solution_summary": {
    "x_rms": 2.024828241243779e-15,
    "x_max_abs": 4.583586087326673e-15,
    "branch_psi_rms": 1.118607256003449e-16,
    "branch_psi_max_abs": 2.2858266770769724e-16,
    "branch_i_rms": 8.697023656132381e-07,
    "branch_i_max_abs": 1.7001011285533843e-06,
    "X_h1_norm": 1.1495106220582182e-13,
    "X_h2_norm": 5.704454410806451e-16,
    "X_h3_norm": 1.9108108579923002e-17,
    "X_h4_norm": 1.377623840868858e-18,
    "X_h5_norm": 8.685540804214498e-20,
    "X_h6_norm": 3.2356889992599598e-21,
    "X_h7_norm": 2.4630243914852e-22,
    "X_h8_norm": 2.2896400643053972e-23,
    "X_h9_norm": 1.9547748418777024e-23,
    "X_h10_norm": 1.9747243974539645e-25
  },
  "reports": [
    {
      "converged": true,
      "source_scale": 1.0,
      "coeff_abs": 6.719295168313371e-22,
      "coeff_rel": 3.8388778109918023e-14,
      "time_abs": null,
      "time_rel": null,
      "newton_iterations": 2,
      "gmres_iterations_total": 2,
      "factor_runtime_s": 0.23741710002650507,
      "runtime_s": 0.4786405999911949,
      "failure_reason": "",
      "preconditioner_assembly_runtime_s": 0.08671770000364631,
      "preconditioner_numeric_factor_runtime_s": 0.14964599997620098
    }
  ],
  "final_status": "VALID_CONVERGED"
}