{
  "metadata": {
    "pump_modes": [
      1,
      3,
      5,
      7,
      9,
      11,
      13,
      15,
      17,
      19
    ],
    "pump_basis": "positive_phasor",
    "real_reconstruction_factor": 2,
    "omega_p": 44252474118.46583,
    "phase_convention": "exp_plus_i_k_omega_t",
    "pump_mode_policy": "positive_odd_jc",
    "pump_source_mode": 1,
    "pump_freq_ghz": 7.043,
    "nt": 40,
    "pump_current_a": 1.8195288809196455e-05,
    "pump_current_ratio_ic_median": 6.850061777687191,
    "pump_backend": "schur_cpu_mt"
  },
  "solution_summary": {
    "x_rms": 1.6300502996412626e-15,
    "x_max_abs": 3.723576102298558e-15,
    "branch_psi_rms": 9.042385855955115e-17,
    "branch_psi_max_abs": 1.9024224858826069e-16,
    "branch_i_rms": 7.120213707967625e-07,
    "branch_i_max_abs": 1.45135537789032e-06,
    "X_h1_norm": 9.25393719647101e-14,
    "X_h2_norm": 4.030336521516267e-16,
    "X_h3_norm": 1.3930059872189057e-16,
    "X_h4_norm": 9.695622347906273e-19,
    "X_h5_norm": 3.1024791504377986e-19,
    "X_h6_norm": 1.9055173321666825e-19,
    "X_h7_norm": 7.670570176969438e-21,
    "X_h8_norm": 4.358862739139929e-20,
    "X_h9_norm": 6.824006402633028e-22,
    "X_h10_norm": 3.4531079978468527e-22
  },
  "reports": [
    {
      "converged": false,
      "source_scale": 1.0,
      "coeff_abs": 1.2168176452880816e-08,
      "coeff_rel": 0.3001507285382803,
      "time_abs": null,
      "time_rel": null,
      "newton_iterations": 3,
      "gmres_iterations_total": 3,
      "factor_runtime_s": 0.4070255999977235,
      "runtime_s": 0.8555756999994628,
      "failure_reason": "line search failed at Newton 3",
      "preconditioner_assembly_runtime_s": 0.1440384999732487,
      "preconditioner_numeric_factor_runtime_s": 0.2615597999829333
    },
    {
      "converged": false,
      "source_scale": 0.5,
      "coeff_abs": 6.244349613695783e-10,
      "coeff_rel": 0.030805701956348443,
      "time_abs": null,
      "time_rel": null,
      "newton_iterations": 6,
      "gmres_iterations_total": 6,
      "factor_runtime_s": 0.9699517000117339,
      "runtime_s": 1.8118173999828286,
      "failure_reason": "stalled at Newton 6 (reduction ratio 0.995)",
      "preconditioner_assembly_runtime_s": 0.3593230000406038,
      "preconditioner_numeric_factor_runtime_s": 0.6072558999876492
    },
    {
      "converged": true,
      "source_scale": 0.25,
      "coeff_abs": 3.732852114244004e-22,
      "coeff_rel": 3.683109908718454e-14,
      "time_abs": null,
      "time_rel": null,
      "newton_iterations": 7,
      "gmres_iterations_total": 7,
      "factor_runtime_s": 0.8859628000063822,
      "runtime_s": 1.7311612000048626,
      "failure_reason": "",
      "preconditioner_assembly_runtime_s": 0.2679671999940183,
      "preconditioner_numeric_factor_runtime_s": 0.6144333000120241
    },
    {
      "converged": false,
      "source_scale": 0.625,
      "coeff_abs": 5.876368488664996e-10,
      "coeff_rel": 0.023192251228271597,
      "time_abs": null,
      "time_rel": null,
      "newton_iterations": 6,
      "gmres_iterations_total": 6,
      "factor_runtime_s": 0.7539374999760184,
      "runtime_s": 1.4478571999934502,
      "failure_reason": "stalled at Newton 6 (reduction ratio 0.975)",
      "preconditioner_assembly_runtime_s": 0.2715347000048496,
      "preconditioner_numeric_factor_runtime_s": 0.4794862999988254
    },
    {
      "converged": false,
      "source_scale": 0.4375,
      "coeff_abs": 4.408715281016763e-10,
      "coeff_rel": 0.024856953403033656,
      "time_abs": null,
      "time_rel": null,
      "newton_iterations": 5,
      "gmres_iterations_total": 5,
      "factor_runtime_s": 0.6303614999342244,
      "runtime_s": 1.1956420000060461,
      "failure_reason": "stalled at Newton 5 (reduction ratio 0.808)",
      "preconditioner_assembly_runtime_s": 0.2163849999778904,
      "preconditioner_numeric_factor_runtime_s": 0.41184570000041276
    },
    {
      "converged": true,
      "source_scale": 0.34375,
      "coeff_abs": 3.3289968713864824e-18,
      "coeff_rel": 2.3888263622260434e-10,
      "time_abs": null,
      "time_rel": null,
      "newton_iterations": 7,
      "gmres_iterations_total": 7,
      "factor_runtime_s": 0.8085526000068057,
      "runtime_s": 1.532279400009429,
      "failure_reason": "",
      "preconditioner_assembly_runtime_s": 0.2507997000066098,
      "preconditioner_numeric_factor_runtime_s": 0.5543302000151016
    },
    {
      "converged": false,
      "source_scale": 0.484375,
      "coeff_abs": 5.163073046091076e-10,
      "coeff_rel": 0.026293018834036726,
      "time_abs": null,
      "time_rel": null,
      "newton_iterations": 6,
      "gmres_iterations_total": 6,
      "factor_runtime_s": 0.8169334999693092,
      "runtime_s": 1.6053202000039164,
      "failure_reason": "stalled at Newton 6 (reduction ratio 0.956)",
      "preconditioner_assembly_runtime_s": 0.26148089999333024,
      "preconditioner_numeric_factor_runtime_s": 0.5520943999872543
    },
    {
      "converged": true,
      "source_scale": 0.4140625,
      "coeff_abs": 4.6020064254166306e-20,
      "coeff_rel": 2.7415440207706445e-12,
      "time_abs": null,
      "time_rel": null,
      "newton_iterations": 10,
      "gmres_iterations_total": 10,
      "factor_runtime_s": 1.4065976999991108,
      "runtime_s": 2.6092251999943983,
      "failure_reason": "",
      "preconditioner_assembly_runtime_s": 0.47089419994154014,
      "preconditioner_numeric_factor_runtime_s": 0.9301843000284862
    },
    {
      "converged": false,
      "source_scale": 0.51953125,
      "coeff_abs": 3.4292170258415216e-09,
      "coeff_rel": 0.16281604410582776,
      "time_abs": null,
      "time_rel": null,
      "newton_iterations": 5,
      "gmres_iterations_total": 5,
      "factor_runtime_s": 0.6661630000162404,
      "runtime_s": 1.3397798000078183,
      "failure_reason": "stalled at Newton 5 (reduction ratio 1.000)",
      "preconditioner_assembly_runtime_s": 0.23309530000551604,
      "preconditioner_numeric_factor_runtime_s": 0.4306547000305727
    },
    {
      "converged": false,
      "source_scale": 0.466796875,
      "coeff_abs": 2.436086143942674e-10,
      "coeff_rel": 0.012872965477599982,
      "time_abs": null,
      "time_rel": null,
      "newton_iterations": 5,
      "gmres_iterations_total": 5,
      "factor_runtime_s": 0.6493943000095896,
      "runtime_s": 1.2473898000025656,
      "failure_reason": "stalled at Newton 5 (reduction ratio 0.800)",
      "preconditioner_assembly_runtime_s": 0.19960229998105206,
      "preconditioner_numeric_factor_runtime_s": 0.44747269997606054
    },
    {
      "converged": true,
      "source_scale": 0.05,
      "coeff_abs": 7.066861376438042e-21,
      "coeff_rel": 3.4863458774297053e-12,
      "time_abs": null,
      "time_rel": null,
      "newton_iterations": 3,
      "gmres_iterations_total": 3,
      "factor_runtime_s": 0.4154073999961838,
      "runtime_s": 0.8103320000227541,
      "failure_reason": "",
      "preconditioner_assembly_runtime_s": 0.13557770001352765,
      "preconditioner_numeric_factor_runtime_s": 0.2781701000058092
    },
    {
      "converged": true,
      "source_scale": 0.1,
      "coeff_abs": 1.363010600219403e-22,
      "coeff_rel": 3.3621194288680454e-14,
      "time_abs": null,
      "time_rel": null,
      "newton_iterations": 4,
      "gmres_iterations_total": 4,
      "factor_runtime_s": 0.5396725000173319,
      "runtime_s": 0.9982179999933578,
      "failure_reason": "",
      "preconditioner_assembly_runtime_s": 0.16004389998852275,
      "preconditioner_numeric_factor_runtime_s": 0.3774977999855764
    },
    {
      "converged": true,
      "source_scale": 0.15,
      "coeff_abs": 2.440447271817462e-22,
      "coeff_rel": 4.013211727228308e-14,
      "time_abs": null,
      "time_rel": null,
      "newton_iterations": 4,
      "gmres_iterations_total": 4,
      "factor_runtime_s": 0.4706661000091117,