{
  "metadata": {
    "sidebands": 6,
    "loss_model": "current_complex_c",
    "span_start_ghz": 6.55,
    "span_end_fraction": 0.9696092619392185,
    "n_points": 30,
    "iters": 8,
    "seed": 0,
    "non_analytic_loss_model_warning": false
  },
  "target": {
    "pump_dir": "diagnostics\\fold_boundary_probe\\warm\\points\\point_0003_p_m19p1029dbm_fp_6p91ghz\\pump",
    "pump_freq_ghz": 6.909999999999999,
    "signal_ghz": [
      6.55,
      6.555172413793104,
      6.560344827586206,
      6.56551724137931,
      6.570689655172414,
      6.575862068965517,
      6.5810344827586205,
      6.586206896551724,
      6.591379310344827,
      6.596551724137931,
      6.6017241379310345,
      6.606896551724137,
      6.612068965517241,
      6.617241379310345,
      6.622413793103448,
      6.627586206896551,
      6.632758620689654,
      6.637931034482758,
      6.643103448275862,
      6.648275862068965,
      6.653448275862068,
      6.658620689655172,
      6.663793103448275,
      6.668965517241379,
      6.674137931034482,
      6.679310344827585,
      6.684482758620689,
      6.689655172413793,
      6.6948275862068956,
      6.699999999999999
    ],
    "sigma_min": [
      11054.640996068327,
      11045.28133691321,
      11066.968473844789,
      11112.817002965694,
      11155.43413486048,
      11148.869096741948,
      11060.869580212664,
      10899.09778761457,
      10695.85872434588,
      10480.332028434195,
      10269.097826181614,
      10068.9020701068,
      9881.056336406511,
      9704.237724521958,
      9535.884874940772,
      9377.308149216042,
      4605.2822756403975,
      9050.050037530376,
      8884.894568425658,
      8715.37267546955,
      8541.75458538026,
      8365.326288697492,
      8187.696378694432,
      8010.151203032879,
      7833.378398369578,
      7657.527603149482,
      7482.461938351518,
      7307.970048335504,
      7133.8504801493455,
      6959.782319160242
    ],
    "convergence_ratio": [
      1.0187232506254578,
      1.0223971564521102,
      1.0250715512886097,
      1.0245378827018552,
      1.0195128238562132,
      1.0119170960120452,
      1.0054646369525173,
      1.0018679559261732,
      1.0004584527485827,
      1.0000906174603241,
      1.0000724980933695,
      1.00012291663912,
      1.000157346296312,
      1.000161280695772,
      1.00013956507697,
      1.0014683127366053,
      1.0000000142416632,
      1.0000288776946256,
      1.0000236940595228,
      1.0000469781124328,
      1.0000844390555537,
      1.0001121790030147,
      1.0001129751332563,
      1.0000881313078345,
      1.000055448868468,
      1.0000350671819243,
      1.000035845458559,
      1.0000471514691949,
      1.0000566307357786,
      1.000055001527407
    ],
    "resonances": [
      {
        "signal_ghz": 6.632758620689654,
        "sigma_min": 4605.2822756403975,
        "convergence_ratio": 1.0000000142416632
      },
      {
        "signal_ghz": 6.555172413793104,
        "sigma_min": 11045.28133691321,
        "convergence_ratio": 1.0223971564521102
      }
    ],
    "runtime_s": 78.17658110000775
  },
  "baseline": null
}