{
  "metadata": {
    "pump_modes": [
      1,
      3,
      5,
      7,
      9,
      11,
      13,
      15,
      17,
      19
    ],
    "pump_basis": "positive_phasor",
    "real_reconstruction_factor": 2,
    "omega_p": 51227194494.314,
    "phase_convention": "exp_plus_i_k_omega_t",
    "pump_mode_policy": "positive_odd_jc",
    "pump_source_mode": 1,
    "pump_freq_ghz": 8.1530612245,
    "nt": 40,
    "pump_current_a": 1.4172949807231018e-05,
    "pump_current_ratio_ic_median": 5.335753819006281,
    "pump_backend": "full"
  },
  "solution_summary": {
    "x_rms": 3.146138958049245e-15,
    "x_max_abs": 7.203668330936361e-15,
    "branch_psi_rms": 1.4486063630941785e-16,
    "branch_psi_max_abs": 2.5533586745536667e-16,
    "branch_i_rms": 1.1133908555112165e-06,
    "branch_i_max_abs": 1.860208188345275e-06,
    "X_h1_norm": 1.786075662907961e-13,
    "X_h2_norm": 1.0967151845288255e-15,
    "X_h3_norm": 4.4157716293896415e-17,
    "X_h4_norm": 2.4843970923334826e-18,
    "X_h5_norm": 2.0044904029852903e-19,
    "X_h6_norm": 1.849481819248532e-20,
    "X_h7_norm": 1.847265901048657e-21,
    "X_h8_norm": 2.31166649435661e-22,
    "X_h9_norm": 3.445403378312953e-23,
    "X_h10_norm": 8.244944748112531e-24
  },
  "reports": [
    {
      "converged": false,
      "source_scale": 1.0,
      "coeff_abs": 2.7025103862197583e-10,
      "coeff_rel": 0.01369295770445789,
      "time_abs": 1.7092176441431318e-09,
      "time_rel": 0.01369295770445773,
      "newton_iterations": 4,
      "gmres_iterations_total": 4,
      "factor_runtime_s": 2.549869000009494,
      "runtime_s": 4.533998800005065,
      "failure_reason": "stalled at Newton 4 (reduction ratio 0.957)",
      "preconditioner_assembly_runtime_s": 0.0,
      "preconditioner_numeric_factor_runtime_s": 0.0
    }
  ],
  "final_status": "FAIL"
}