{
  "metadata": {
    "pump_modes": [
      1,
      3,
      5,
      7,
      9,
      11,
      13,
      15,
      17,
      19
    ],
    "pump_basis": "positive_phasor",
    "real_reconstruction_factor": 2,
    "omega_p": 51227194494.314,
    "phase_convention": "exp_plus_i_k_omega_t",
    "pump_mode_policy": "positive_odd_jc",
    "pump_source_mode": 1,
    "pump_freq_ghz": 8.1530612245,
    "nt": 40,
    "pump_current_a": 1.3621039397755963e-05,
    "pump_current_ratio_ic_median": 5.1279736380870355,
    "pump_backend": "full"
  },
  "solution_summary": {
    "x_rms": 3.06625146377294e-15,
    "x_max_abs": 6.995171154926314e-15,
    "branch_psi_rms": 1.371910603937942e-16,
    "branch_psi_max_abs": 2.611183794529324e-16,
    "branch_i_rms": 1.058342845601155e-06,
    "branch_i_max_abs": 1.8932342724871834e-06,
    "X_h1_norm": 1.7407112274712006e-13,
    "X_h2_norm": 1.2486618381169097e-15,
    "X_h3_norm": 4.9441596171351965e-17,
    "X_h4_norm": 2.1576494267965303e-18,
    "X_h5_norm": 1.7358458231053308e-19,
    "X_h6_norm": 1.2830688383535223e-20,
    "X_h7_norm": 2.2646600463174095e-21,
    "X_h8_norm": 2.9543486516399514e-22,
    "X_h9_norm": 1.1512275144241271e-23,
    "X_h10_norm": 1.7707120220483768e-24
  },
  "reports": [
    {
      "converged": true,
      "source_scale": 1.0,
      "coeff_abs": 1.2358053663223349e-20,
      "coeff_rel": 6.515233300384696e-13,
      "time_abs": 1.9927879598078e-19,
      "time_rel": 1.6611581829915461e-12,
      "newton_iterations": 3,
      "gmres_iterations_total": 3,
      "factor_runtime_s": 1.7403040000062902,
      "runtime_s": 2.2967041000083555,
      "failure_reason": "",
      "preconditioner_assembly_runtime_s": 0.0,
      "preconditioner_numeric_factor_runtime_s": 0.0
    }
  ],
  "final_status": "VALID_CONVERGED"
}