{
  "metadata": {
    "pump_modes": [
      1,
      3,
      5,
      7,
      9,
      11,
      13,
      15,
      17,
      19
    ],
    "pump_basis": "positive_phasor",
    "real_reconstruction_factor": 2,
    "omega_p": 51227194494.314,
    "phase_convention": "exp_plus_i_k_omega_t",
    "pump_mode_policy": "positive_odd_jc",
    "pump_source_mode": 1,
    "pump_freq_ghz": 8.1530612245,
    "nt": 40,
    "pump_current_a": 1.3265091472166666e-05,
    "pump_current_ratio_ic_median": 4.993968330147438,
    "pump_backend": "full"
  },
  "solution_summary": {
    "x_rms": 2.9957334699110276e-15,
    "x_max_abs": 6.814209674366115e-15,
    "branch_psi_rms": 1.156689531454753e-16,
    "branch_psi_max_abs": 2.245573184114497e-16,
    "branch_i_rms": 9.021588250480721e-07,
    "branch_i_max_abs": 1.6750122949134187e-06,
    "X_h1_norm": 1.7007150685692665e-13,
    "X_h2_norm": 4.847052201479598e-16,
    "X_h3_norm": 1.1244023112006475e-17,
    "X_h4_norm": 3.784308247836533e-19,
    "X_h5_norm": 1.7340125195849924e-20,
    "X_h6_norm": 9.367392709173007e-22,
    "X_h7_norm": 6.414448283650202e-23,
    "X_h8_norm": 6.028407980338145e-24,
    "X_h9_norm": 9.769214507827858e-25,
    "X_h10_norm": 1.9399769801489183e-25
  },
  "reports": [
    {
      "converged": false,
      "source_scale": 1.0,
      "coeff_abs": 1.6794024658001137e-11,
      "coeff_rel": 0.0009091481963962913,
      "time_abs": 1.062147380006143e-10,
      "time_rel": 0.0009091481963961757,
      "newton_iterations": 12,
      "gmres_iterations_total": 12,
      "factor_runtime_s": 7.431692300073337,
      "runtime_s": 11.641510999994352,
      "failure_reason": "line search failed at Newton 12",
      "preconditioner_assembly_runtime_s": 0.0,
      "preconditioner_numeric_factor_runtime_s": 0.0
    }
  ],
  "final_status": "FAIL"
}