{
  "metadata": {
    "pump_modes": [
      1,
      3,
      5,
      7,
      9,
      11,
      13,
      15,
      17,
      19
    ],
    "pump_basis": "positive_phasor",
    "real_reconstruction_factor": 2,
    "omega_p": 51227194494.314,
    "phase_convention": "exp_plus_i_k_omega_t",
    "pump_mode_policy": "positive_odd_jc",
    "pump_source_mode": 1,
    "pump_freq_ghz": 8.1530612245,
    "nt": 40,
    "pump_current_a": 1.4140352927228234e-05,
    "pump_current_ratio_ic_median": 5.323481925764001,
    "pump_backend": "full"
  },
  "solution_summary": {
    "x_rms": 3.267307420109162e-15,
    "x_max_abs": 7.324934703150471e-15,
    "branch_psi_rms": 3.3796430798469437e-16,
    "branch_psi_max_abs": 1.43769785678569e-15,
    "branch_i_rms": 1.5310627508255147e-06,
    "branch_i_max_abs": 2.656222582340064e-06,
    "X_h1_norm": 1.8490891268887788e-13,
    "X_h2_norm": 1.4648625973194595e-14,
    "X_h3_norm": 7.491751350297791e-16,
    "X_h4_norm": 1.7700387665614527e-16,
    "X_h5_norm": 5.279403678631253e-17,
    "X_h6_norm": 3.086001376396092e-17,
    "X_h7_norm": 1.1356369259339536e-17,
    "X_h8_norm": 4.747044387365982e-18,
    "X_h9_norm": 2.536065270505332e-18,
    "X_h10_norm": 3.3104203452279426e-18
  },
  "reports": [
    {
      "converged": false,
      "source_scale": 1.0,
      "coeff_abs": 1.0216303749002599e-07,
      "coeff_rel": 5.188283414667946,
      "time_abs": 6.461357822993076e-07,
      "time_rel": 5.188283414667946,
      "newton_iterations": 4,
      "gmres_iterations_total": 4,
      "factor_runtime_s": 2.488311099965358,
      "runtime_s": 4.635036699997727,
      "failure_reason": "stalled at Newton 4 (reduction ratio 0.994)",
      "preconditioner_assembly_runtime_s": 0.0,
      "preconditioner_numeric_factor_runtime_s": 0.0
    }
  ],
  "final_status": "FAIL"
}