{
  "metadata": {
    "pump_modes": [
      1,
      3,
      5,
      7,
      9,
      11,
      13,
      15,
      17,
      19
    ],
    "pump_basis": "positive_phasor",
    "real_reconstruction_factor": 2,
    "omega_p": 51227194494.314,
    "phase_convention": "exp_plus_i_k_omega_t",
    "pump_mode_policy": "positive_odd_jc",
    "pump_source_mode": 1,
    "pump_freq_ghz": 8.1530612245,
    "nt": 40,
    "pump_current_a": 1.3310986687592639e-05,
    "pump_current_ratio_ic_median": 5.01124670721883,
    "pump_backend": "schur_cpu_mt"
  },
  "solution_summary": {
    "x_rms": 1.797849959772018e-15,
    "x_max_abs": 4.1361658438526194e-15,
    "branch_psi_rms": 1.0725164601291772e-16,
    "branch_psi_max_abs": 2.238058551472261e-16,
    "branch_i_rms": 8.377202202153719e-07,
    "branch_i_max_abs": 1.6703007731952443e-06,
    "X_h1_norm": 1.0206562673298148e-13,
    "X_h2_norm": 4.4284360003384273e-16,
    "X_h3_norm": 1.1876441937003875e-17,
    "X_h4_norm": 4.658040248495964e-19,
    "X_h5_norm": 2.3226652542133466e-20,
    "X_h6_norm": 1.4502861925147703e-21,
    "X_h7_norm": 1.0996045789459123e-22,
    "X_h8_norm": 9.980547856779849e-24,
    "X_h9_norm": 5.868441793995518e-25,
    "X_h10_norm": 6.363630804796437e-26
  },
  "reports": [
    {
      "converged": false,
      "source_scale": 1.0,
      "coeff_abs": 5.60622413773473e-09,
      "coeff_rel": 0.1890310141032269,
      "time_abs": null,
      "time_rel": null,
      "newton_iterations": 4,
      "gmres_iterations_total": 4,
      "factor_runtime_s": 0.5698585999780335,
      "runtime_s": 1.163498600013554,
      "failure_reason": "line search failed at Newton 4",
      "preconditioner_assembly_runtime_s": 0.17247300001326948,
      "preconditioner_numeric_factor_runtime_s": 0.39472269994439557
    },
    {
      "converged": true,
      "source_scale": 0.5,
      "coeff_abs": 1.2702506410545972e-18,
      "coeff_rel": 8.566078021306047e-11,
      "time_abs": null,
      "time_rel": null,
      "newton_iterations": 13,
      "gmres_iterations_total": 13,
      "factor_runtime_s": 1.674058500037063,
      "runtime_s": 3.199620200000936,
      "failure_reason": "",
      "preconditioner_assembly_runtime_s": 0.5732402000867296,
      "preconditioner_numeric_factor_runtime_s": 1.093732700071996
    },
    {
      "converged": false,
      "source_scale": 1.0,
      "coeff_abs": 3.479189098702353e-09,
      "coeff_rel": 0.1173115143859268,
      "time_abs": null,
      "time_rel": null,
      "newton_iterations": 2,
      "gmres_iterations_total": 2,
      "factor_runtime_s": 0.2992301000049338,
      "runtime_s": 0.5899647999904118,
      "failure_reason": "line search failed at Newton 2",
      "preconditioner_assembly_runtime_s": 0.09961249999469146,
      "preconditioner_numeric_factor_runtime_s": 0.1986116000043694
    },
    {
      "converged": false,
      "source_scale": 0.75,
      "coeff_abs": 5.540500693678031e-10,
      "coeff_rel": 0.02490865959059512,
      "time_abs": null,
      "time_rel": null,
      "newton_iterations": 5,
      "gmres_iterations_total": 5,
      "factor_runtime_s": 0.7181749000446871,
      "runtime_s": 1.4665158000134397,
      "failure_reason": "stalled at Newton 5 (reduction ratio 0.999)",
      "preconditioner_assembly_runtime_s": 0.23929729993687943,
      "preconditioner_numeric_factor_runtime_s": 0.4756665999593679
    },
    {
      "converged": false,
      "source_scale": 0.625,
      "coeff_abs": 3.489554119082318e-10,
      "coeff_rel": 0.018825760446024756,
      "time_abs": null,
      "time_rel": null,
      "newton_iterations": 4,
      "gmres_iterations_total": 4,
      "factor_runtime_s": 0.5528667000180576,
      "runtime_s": 1.0564383000019006,
      "failure_reason": "stalled at Newton 4 (reduction ratio 0.935)",
      "preconditioner_assembly_runtime_s": 0.17713770002592355,
      "preconditioner_numeric_factor_runtime_s": 0.3734477999678347
    },
    {
      "converged": false,
      "source_scale": 0.5625,
      "coeff_abs": 9.77282048698476e-11,
      "coeff_rel": 0.005858143447289519,
      "time_abs": null,
      "time_rel": null,
      "newton_iterations": 5,
      "gmres_iterations_total": 5,
      "factor_runtime_s": 0.6540257000306156,
      "runtime_s": 1.235855700011598,
      "failure_reason": "stalled at Newton 5 (reduction ratio 0.918)",
      "preconditioner_assembly_runtime_s": 0.2018359000212513,
      "preconditioner_numeric_factor_runtime_s": 0.44977420003851876
    },
    {
      "converged": true,
      "source_scale": 0.05,
      "coeff_abs": 2.432055718635226e-22,
      "coeff_rel": 1.6400841192015943e-13,
      "time_abs": null,
      "time_rel": null,
      "newton_iterations": 3,
      "gmres_iterations_total": 3,
      "factor_runtime_s": 0.3905785999959335,
      "runtime_s": 0.6904824000084773,
      "failure_reason": "",
      "preconditioner_assembly_runtime_s": 0.13778829999500886,
      "preconditioner_numeric_factor_runtime_s": 0.2511269999668002
    },
    {
      "converged": true,
      "source_scale": 0.1,
      "coeff_abs": 4.897855989983157e-19,
      "coeff_rel": 1.6514621284695574e-10,
      "time_abs": null,
      "time_rel": null,
      "newton_iterations": 3,
      "gmres_iterations_total": 3,
      "factor_runtime_s": 0.376086900010705,
      "runtime_s": 0.7002443000092171,
      "failure_reason": "",
      "preconditioner_assembly_runtime_s": 0.11947020000661723,
      "preconditioner_numeric_factor_runtime_s": 0.25516780000180006
    },
    {
      "converged": true,
      "source_scale": 0.15,
      "coeff_abs": 1.2133614305540753e-22,
      "coeff_rel": 2.7274797446118062e-14,
      "time_abs": null,
      "time_rel": null,
      "newton_iterations": 3,
      "gmres_iterations_total": 3,
      "factor_runtime_s": 0.3999327000346966,
      "runtime_s": 0.7812642999924719,
      "failure_reason": "",
      "preconditioner_assembly_runtime_s": 0.13063499997952022,
      "preconditioner_numeric_factor_runtime_s": 0.2676779000030365
    },
    {
      "converged": true,
      "source_scale": 0.2,
      "coeff_abs": 1.7839987568982186e-21,
      "coeff_rel": 3.0076490512171103e-13,
      "time_abs": null,
      "time_rel": null,
      "newton_iterations": 3,
      "gmres_iterations_total": 3,
      "factor_runtime_s": 0.4590106999967247,
      "runtime_s": 0.8416050999949221,
      "failure_reason": "",
      "preconditioner_assembly_runtime_s": 0.1609232000191696,
      "preconditioner_numeric_factor_runtime_s": 0.2960923999780789
    },
    {
      "converged": true,
      "source_scale": 0.25,
      "coeff_abs": 2.4114970186711214e-18,
      "coeff_rel": 3.252440257449298e-10,
      "time_abs": null,
      "time_rel": null,
      "newton_iterations": 3,
      "gmres_iterations_total": 3,
      "factor_runtime_s": 0.43918459996348247,
      "runtime_s": 0.8252222999872174,
      "failure_reason": "",
      "preconditioner_assembly_runtime_s": 0.1532718000235036,
      "preconditioner_numeric_factor_runtime_s": 0.28435699999681674
    },
    {
      "converged": true,
      "source_scale": 0.3,
      "coeff_abs": 2.7956991351055703e-22,
      "coeff_rel": 3.142185243001821e-14,
      "time_abs": null,
      "time_rel": null,
      "newton_iterations": 4,
      "gmres_iterations_total": 4,
      "factor_runtime_s": 0.5491896999883465,
      "runtime_s": 1.0438978000020143,
      "failure_reason": "",
      "preconditioner_assembly_runtime_s": 0.1749151999829337,
      "preconditioner_numeric_factor_runtime_s": 0.3714711999928113
    },
    {
      "converged": true,
      "source_scale": 0.35,
      "coeff_abs": 7.86071044426242e-19,
      "coeff_rel": 7.572797816673798e-11,
      "time_abs": null,
      "time_rel": null,
      "newton_iterations": 4,
      "gmres_iterations_total": 4,
      "factor_runtime_s": 0.562611300003482,
      "runtime_s": 1.0444842000142671,
      "failure_reason": "",
      "preconditioner_assembly_runtime_s": 0.1951515999971889,