{
  "metadata": {
    "pump_modes": [
      1,
      3,
      5,
      7,
      9,
      11,
      13,
      15,
      17,
      19
    ],
    "pump_basis": "positive_phasor",
    "real_reconstruction_factor": 2,
    "omega_p": 44252474118.46583,
    "phase_convention": "exp_plus_i_k_omega_t",
    "pump_mode_policy": "positive_odd_jc",
    "pump_source_mode": 1,
    "pump_freq_ghz": 7.043,
    "nt": 40,
    "pump_current_a": 7.2894084645969814e-06,
    "pump_current_ratio_ic_median": 2.7442762150632993,
    "pump_backend": "schur_cpu_mt"
  },
  "solution_summary": {
    "x_rms": 1.873283844850938e-15,
    "x_max_abs": 4.200235808014795e-15,
    "branch_psi_rms": 1.043491243215325e-16,
    "branch_psi_max_abs": 2.1819424102901223e-16,
    "branch_i_rms": 8.148068974197574e-07,
    "branch_i_max_abs": 1.6348434499742998e-06,
    "X_h1_norm": 1.063481552473709e-13,
    "X_h2_norm": 4.428229184911364e-16,
    "X_h3_norm": 2.7739302092495997e-17,
    "X_h4_norm": 1.015550999258141e-18,
    "X_h5_norm": 1.209802152096347e-19,
    "X_h6_norm": 3.5607825149167314e-20,
    "X_h7_norm": 9.798755613051344e-22,
    "X_h8_norm": 1.1680231840233959e-21,
    "X_h9_norm": 8.804848917767769e-23,
    "X_h10_norm": 1.285186524356064e-23
  },
  "reports": [
    {
      "converged": false,
      "source_scale": 1.0,
      "coeff_abs": 2.5938440602234254e-13,
      "coeff_rel": 1.597071768579231e-05,
      "time_abs": null,
      "time_rel": null,
      "newton_iterations": 7,
      "gmres_iterations_total": 7,
      "factor_runtime_s": 1.1624586999823805,
      "runtime_s": 2.377905000001192,
      "failure_reason": "stalled at Newton 7 (reduction ratio 0.999)",
      "preconditioner_assembly_runtime_s": 0.4019984000187833,
      "preconditioner_numeric_factor_runtime_s": 0.7562519999628421
    }
  ],
  "final_status": "FAIL"
}