{
  "metadata": {
    "pump_modes": [
      1,
      3,
      5,
      7,
      9,
      11,
      13,
      15,
      17,
      19
    ],
    "pump_basis": "positive_phasor",
    "real_reconstruction_factor": 2,
    "omega_p": 51227194494.314,
    "phase_convention": "exp_plus_i_k_omega_t",
    "pump_mode_policy": "positive_odd_jc",
    "pump_source_mode": 1,
    "pump_freq_ghz": 8.1530612245,
    "nt": 40,
    "pump_current_a": 1.3098158729229773e-05,
    "pump_current_ratio_ic_median": 4.931122413612245,
    "pump_backend": "schur_cpu_mt"
  },
  "solution_summary": {
    "x_rms": 1.921653786394478e-15,
    "x_max_abs": 4.4384482286195255e-15,
    "branch_psi_rms": 1.0661356741232723e-16,
    "branch_psi_max_abs": 2.320239537668351e-16,
    "branch_i_rms": 8.342237411017394e-07,
    "branch_i_max_abs": 1.721348151376697e-06,
    "X_h1_norm": 1.0909049503603795e-13,
    "X_h2_norm": 1.0034996007322541e-15,
    "X_h3_norm": 2.616601039626449e-17,
    "X_h4_norm": 1.1153027798649598e-18,
    "X_h5_norm": 6.801005029480434e-20,
    "X_h6_norm": 4.012149781474484e-21,
    "X_h7_norm": 2.669091190565096e-22,
    "X_h8_norm": 2.1569962041622343e-23,
    "X_h9_norm": 1.6357311010931026e-24,
    "X_h10_norm": 2.3124289567087823e-25
  },
  "reports": [
    {
      "converged": false,
      "source_scale": 1.0,
      "coeff_abs": 5.961757539614663e-09,
      "coeff_rel": 0.20428520601038008,
      "time_abs": null,
      "time_rel": null,
      "newton_iterations": 5,
      "gmres_iterations_total": 5,
      "factor_runtime_s": 0.6965417000174057,
      "runtime_s": 1.428082300000824,
      "failure_reason": "stalled at Newton 5 (reduction ratio 1.000)",
      "preconditioner_assembly_runtime_s": 0.22735470003681257,
      "preconditioner_numeric_factor_runtime_s": 0.4662263999634888
    },
    {
      "converged": true,
      "source_scale": 0.5,
      "coeff_abs": 1.6968745948408533e-19,
      "coeff_rel": 1.162899946458572e-11,
      "time_abs": null,
      "time_rel": null,
      "newton_iterations": 13,
      "gmres_iterations_total": 13,
      "factor_runtime_s": 1.8428807000163943,
      "runtime_s": 3.5103868000151124,
      "failure_reason": "",
      "preconditioner_assembly_runtime_s": 0.6248982999823056,
      "preconditioner_numeric_factor_runtime_s": 1.2104346999549307
    },
    {
      "converged": false,
      "source_scale": 1.0,
      "coeff_abs": 3.3862742823782243e-09,
      "coeff_rel": 0.11603385994593796,
      "time_abs": null,
      "time_rel": null,
      "newton_iterations": 4,
      "gmres_iterations_total": 4,
      "factor_runtime_s": 0.5234063000243623,
      "runtime_s": 1.0973290000110865,
      "failure_reason": "stalled at Newton 4 (reduction ratio 0.999)",
      "preconditioner_assembly_runtime_s": 0.15675160003593192,
      "preconditioner_numeric_factor_runtime_s": 0.3644864999805577
    },
    {
      "converged": false,
      "source_scale": 0.75,
      "coeff_abs": 4.4234734107831556e-10,
      "coeff_rel": 0.020209927939285343,
      "time_abs": null,
      "time_rel": null,
      "newton_iterations": 5,
      "gmres_iterations_total": 5,
      "factor_runtime_s": 0.692589099984616,
      "runtime_s": 1.4316309999849182,
      "failure_reason": "stalled at Newton 5 (reduction ratio 0.998)",
      "preconditioner_assembly_runtime_s": 0.23445570000330918,
      "preconditioner_numeric_factor_runtime_s": 0.4554117000370752
    },
    {
      "converged": false,
      "source_scale": 0.625,
      "coeff_abs": 2.5041414536301336e-10,
      "coeff_rel": 0.01372908037496685,
      "time_abs": null,
      "time_rel": null,
      "newton_iterations": 6,
      "gmres_iterations_total": 6,
      "factor_runtime_s": 0.8373873999807984,
      "runtime_s": 1.6395354999986012,
      "failure_reason": "stalled at Newton 6 (reduction ratio 0.936)",
      "preconditioner_assembly_runtime_s": 0.2818696000322234,
      "preconditioner_numeric_factor_runtime_s": 0.5522339000017382
    },
    {
      "converged": false,
      "source_scale": 0.5625,
      "coeff_abs": 1.8185910448176967e-10,
      "coeff_rel": 0.011078351197108469,
      "time_abs": null,
      "time_rel": null,
      "newton_iterations": 3,
      "gmres_iterations_total": 3,
      "factor_runtime_s": 0.4287871999840718,
      "runtime_s": 0.9333356999850366,
      "failure_reason": "line search failed at Newton 3",
      "preconditioner_assembly_runtime_s": 0.16576519998488948,
      "preconditioner_numeric_factor_runtime_s": 0.2615764999645762
    },
    {
      "converged": true,
      "source_scale": 0.05,
      "coeff_abs": 1.9230958699288828e-22,
      "coeff_rel": 1.3179336239545405e-13,
      "time_abs": null,
      "time_rel": null,
      "newton_iterations": 3,
      "gmres_iterations_total": 3,
      "factor_runtime_s": 0.41701190001913346,
      "runtime_s": 0.8085365000006277,
      "failure_reason": "",
      "preconditioner_assembly_runtime_s": 0.13538089997018687,
      "preconditioner_numeric_factor_runtime_s": 0.28005879998090677
    },
    {
      "converged": true,
      "source_scale": 0.1,
      "coeff_abs": 3.8466901708264523e-19,
      "coeff_rel": 1.3181044159943768e-10,
      "time_abs": null,
      "time_rel": null,
      "newton_iterations": 3,
      "gmres_iterations_total": 3,
      "factor_runtime_s": 0.32981999998446554,
      "runtime_s": 0.6080095999932382,
      "failure_reason": "",
      "preconditioner_assembly_runtime_s": 0.10279750000336207,
      "preconditioner_numeric_factor_runtime_s": 0.22561809999751858
    },
    {
      "converged": true,
      "source_scale": 0.15,
      "coeff_abs": 1.224690490382044e-22,
      "coeff_rel": 2.7976777816967932e-14,
      "time_abs": null,
      "time_rel": null,
      "newton_iterations": 3,
      "gmres_iterations_total": 3,
      "factor_runtime_s": 0.3409421000396833,
      "runtime_s": 0.6306374999985565,
      "failure_reason": "",
      "preconditioner_assembly_runtime_s": 0.09660579997580498,
      "preconditioner_numeric_factor_runtime_s": 0.24281200001132675
    },
    {
      "converged": true,
      "source_scale": 0.2,
      "coeff_abs": 9.817182847910559e-22,
      "coeff_rel": 1.681974826383667e-13,
      "time_abs": null,
      "time_rel": null,
      "newton_iterations": 3,
      "gmres_iterations_total": 3,
      "factor_runtime_s": 0.343503200012492,
      "runtime_s": 0.6245668999908958,
      "failure_reason": "",
      "preconditioner_assembly_runtime_s": 0.0960777000291273,
      "preconditioner_numeric_factor_runtime_s": 0.24606299999868497
    },
    {
      "converged": true,
      "source_scale": 0.25,
      "coeff_abs": 1.2929407826783772e-18,
      "coeff_rel": 1.7721530766294547e-10,
      "time_abs": null,
      "time_rel": null,
      "newton_iterations": 3,
      "gmres_iterations_total": 3,
      "factor_runtime_s": 0.3567390000098385,
      "runtime_s": 0.6392125000129454,
      "failure_reason": "",
      "preconditioner_assembly_runtime_s": 0.12490069997147657,
      "preconditioner_numeric_factor_runtime_s": 0.23042610002448782
    },
    {
      "converged": true,
      "source_scale": 0.3,
      "coeff_abs": 2.6520564429083275e-22,
      "coeff_rel": 3.029173266388271e-14,
      "time_abs": null,
      "time_rel": null,
      "newton_iterations": 4,
      "gmres_iterations_total": 4,
      "factor_runtime_s": 0.4966203000221867,
      "runtime_s": 0.9425546999846119,
      "failure_reason": "",
      "preconditioner_assembly_runtime_s": 0.14676170001621358,
      "preconditioner_numeric_factor_runtime_s": 0.347592199977953
    },
    {
      "converged": true,
      "source_scale": 0.35,
      "coeff_abs": 6.215609695987255e-19,
      "coeff_rel": 6.085248226059874e-11,
      "time_abs": null,
      "time_rel": null,
      "newton_iterations": 4,
      "gmres_iterations_total": 4,
      "factor_runtime_s": 0.572036500001559,
      "runtime_s": 1.1490920999785885,
      "failure_reason": "",