{
  "metadata": {
    "pump_modes": [
      1,
      3,
      5,
      7,
      9,
      11,
      13,
      15,
      17,
      19
    ],
    "pump_basis": "positive_phasor",
    "real_reconstruction_factor": 2,
    "omega_p": 51227194494.314,
    "phase_convention": "exp_plus_i_k_omega_t",
    "pump_mode_policy": "positive_odd_jc",
    "pump_source_mode": 1,
    "pump_freq_ghz": 8.1530612245,
    "nt": 40,
    "pump_current_a": 1.4018780929106503e-05,
    "pump_current_ratio_ic_median": 5.277713171758303,
    "pump_backend": "full"
  },
  "solution_summary": {
    "x_rms": 3.151492846098427e-15,
    "x_max_abs": 7.212501587642648e-15,
    "branch_psi_rms": 1.792049276114693e-16,
    "branch_psi_max_abs": 7.661284760233773e-16,
    "branch_i_rms": 1.2823321999518518e-06,
    "branch_i_max_abs": 2.6562201794517673e-06,
    "X_h1_norm": 1.7884504502682018e-13,
    "X_h2_norm": 4.99448298664973e-15,
    "X_h3_norm": 2.0282857007398226e-16,
    "X_h4_norm": 2.4769790147829736e-17,
    "X_h5_norm": 5.093107494007867e-18,
    "X_h6_norm": 1.8737075278186965e-18,
    "X_h7_norm": 3.3136929520836543e-19,
    "X_h8_norm": 7.839188839231553e-20,
    "X_h9_norm": 2.656890490905969e-20,
    "X_h10_norm": 5.610971406555495e-21
  },
  "reports": [
    {
      "converged": false,
      "source_scale": 1.0,
      "coeff_abs": 8.985272846642291e-09,
      "coeff_rel": 0.4602684055537882,
      "time_abs": 5.68278551869089e-08,
      "time_rel": 0.46026840555378806,
      "newton_iterations": 3,
      "gmres_iterations_total": 3,
      "factor_runtime_s": 2.2324630999937654,
      "runtime_s": 3.9869669000036083,
      "failure_reason": "line search failed at Newton 3",
      "preconditioner_assembly_runtime_s": 0.0,
      "preconditioner_numeric_factor_runtime_s": 0.0
    }
  ],
  "final_status": "FAIL"
}