{
  "metadata": {
    "pump_modes": [
      1,
      3,
      5,
      7,
      9,
      11,
      13,
      15,
      17,
      19
    ],
    "pump_basis": "positive_phasor",
    "real_reconstruction_factor": 2,
    "omega_p": 51227194494.314,
    "phase_convention": "exp_plus_i_k_omega_t",
    "pump_mode_policy": "positive_odd_jc",
    "pump_source_mode": 1,
    "pump_freq_ghz": 8.1530612245,
    "nt": 40,
    "pump_current_a": 1.3357040693540606e-05,
    "pump_current_ratio_ic_median": 5.028584864868414,
    "pump_backend": "full"
  },
  "solution_summary": {
    "x_rms": 3.000366266731647e-15,
    "x_max_abs": 6.831733674659401e-15,
    "branch_psi_rms": 1.3308774513664771e-16,
    "branch_psi_max_abs": 2.6069094143633257e-16,
    "branch_i_rms": 1.0287980208097572e-06,
    "branch_i_max_abs": 1.8908128952025188e-06,
    "X_h1_norm": 1.7033342883485082e-13,
    "X_h2_norm": 7.781306228165623e-16,
    "X_h3_norm": 2.8841213772564677e-17,
    "X_h4_norm": 8.393174432991911e-19,
    "X_h5_norm": 5.346826422944333e-20,
    "X_h6_norm": 3.017876675223018e-21,
    "X_h7_norm": 2.5958125035736e-22,
    "X_h8_norm": 2.2251682771844508e-23,
    "X_h9_norm": 1.285331614640931e-24,
    "X_h10_norm": 2.322693749757096e-25
  },
  "reports": [
    {
      "converged": true,
      "source_scale": 1.0,
      "coeff_abs": 1.5149348639505733e-18,
      "coeff_rel": 8.144676803229565e-11,
      "time_abs": 9.582968392631279e-18,
      "time_rel": 8.146104088057678e-11,
      "newton_iterations": 2,
      "gmres_iterations_total": 2,
      "factor_runtime_s": 1.3241480000142474,
      "runtime_s": 1.7626701000262983,
      "failure_reason": "",
      "preconditioner_assembly_runtime_s": 0.0,
      "preconditioner_numeric_factor_runtime_s": 0.0
    }
  ],
  "final_status": "VALID_CONVERGED"
}