{
  "metadata": {
    "pump_modes": [
      1,
      3,
      5,
      7,
      9,
      11,
      13,
      15,
      17,
      19
    ],
    "pump_basis": "positive_phasor",
    "real_reconstruction_factor": 2,
    "omega_p": 51227194494.314,
    "phase_convention": "exp_plus_i_k_omega_t",
    "pump_mode_policy": "positive_odd_jc",
    "pump_source_mode": 1,
    "pump_freq_ghz": 8.1530612245,
    "nt": 40,
    "pump_current_a": 1.3636730229525828e-05,
    "pump_current_ratio_ic_median": 5.133880835719015,
    "pump_backend": "schur_cpu_mt"
  },
  "solution_summary": {
    "x_rms": 1.5162295453280917e-15,
    "x_max_abs": 3.492106446386323e-15,
    "branch_psi_rms": 9.662419444298418e-17,
    "branch_psi_max_abs": 2.0651605447496122e-16,
    "branch_i_rms": 7.580971386945099e-07,
    "branch_i_max_abs": 1.5595423888196391e-06,
    "X_h1_norm": 8.607584188496031e-14,
    "X_h2_norm": 6.86730475916194e-16,
    "X_h3_norm": 1.5824507357544847e-17,
    "X_h4_norm": 7.86799220658225e-19,
    "X_h5_norm": 4.7026026172731396e-20,
    "X_h6_norm": 3.903223655356391e-21,
    "X_h7_norm": 3.054690474104887e-22,
    "X_h8_norm": 2.7876576076984115e-23,
    "X_h9_norm": 3.5245249700550825e-24,
    "X_h10_norm": 7.541316065796286e-25
  },
  "reports": [
    {
      "converged": false,
      "source_scale": 1.0,
      "coeff_abs": 4.668432694547244e-09,
      "coeff_rel": 0.15365040495005566,
      "time_abs": null,
      "time_rel": null,
      "newton_iterations": 6,
      "gmres_iterations_total": 6,
      "factor_runtime_s": 0.8708665999874938,
      "runtime_s": 1.8470614000107162,
      "failure_reason": "stalled at Newton 6 (reduction ratio 0.999)",
      "preconditioner_assembly_runtime_s": 0.28397960000438616,
      "preconditioner_numeric_factor_runtime_s": 0.5831090000865515
    },
    {
      "converged": true,
      "source_scale": 0.5,
      "coeff_abs": 1.073402667762425e-18,
      "coeff_rel": 7.06570129066247e-11,
      "time_abs": null,
      "time_rel": null,
      "newton_iterations": 14,
      "gmres_iterations_total": 14,
      "factor_runtime_s": 1.7763259999337606,
      "runtime_s": 3.3508302999834996,
      "failure_reason": "",
      "preconditioner_assembly_runtime_s": 0.5122574999695644,
      "preconditioner_numeric_factor_runtime_s": 1.256729600019753
    },
    {
      "converged": false,
      "source_scale": 1.0,
      "coeff_abs": 3.5591408774379714e-09,
      "coeff_rel": 0.11714069214950455,
      "time_abs": null,
      "time_rel": null,
      "newton_iterations": 4,
      "gmres_iterations_total": 4,
      "factor_runtime_s": 0.479963800025871,
      "runtime_s": 1.0451738999981899,
      "failure_reason": "stalled at Newton 4 (reduction ratio 1.000)",
      "preconditioner_assembly_runtime_s": 0.13003519995254464,
      "preconditioner_numeric_factor_runtime_s": 0.3481179000227712
    },
    {
      "converged": false,
      "source_scale": 0.75,
      "coeff_abs": 4.969019574584763e-10,
      "coeff_rel": 0.0218058013554589,
      "time_abs": null,
      "time_rel": null,
      "newton_iterations": 5,
      "gmres_iterations_total": 5,
      "factor_runtime_s": 0.571946000069147,
      "runtime_s": 1.207586699980311,
      "failure_reason": "stalled at Newton 5 (reduction ratio 0.999)",
      "preconditioner_assembly_runtime_s": 0.1464908999914769,
      "preconditioner_numeric_factor_runtime_s": 0.4231320999970194
    },
    {
      "converged": false,
      "source_scale": 0.625,
      "coeff_abs": 3.87287276493314e-11,
      "coeff_rel": 0.0020394629464301783,
      "time_abs": null,
      "time_rel": null,
      "newton_iterations": 13,
      "gmres_iterations_total": 13,
      "factor_runtime_s": 1.5098525000212248,
      "runtime_s": 2.914602900011232,
      "failure_reason": "stalled at Newton 13 (reduction ratio 0.998)",
      "preconditioner_assembly_runtime_s": 0.4514467999979388,
      "preconditioner_numeric_factor_runtime_s": 1.0521172999870032
    },
    {
      "converged": true,
      "source_scale": 0.5625,
      "coeff_abs": 1.0177290092535687e-20,
      "coeff_rel": 5.954869306071196e-13,
      "time_abs": null,
      "time_rel": null,
      "newton_iterations": 10,
      "gmres_iterations_total": 10,
      "factor_runtime_s": 1.3810639000148512,
      "runtime_s": 2.668478299980052,
      "failure_reason": "",
      "preconditioner_assembly_runtime_s": 0.44474629999604076,
      "preconditioner_numeric_factor_runtime_s": 0.9302056000160519
    },
    {
      "converged": false,
      "source_scale": 0.65625,
      "coeff_abs": 8.768261659236587e-11,
      "coeff_rel": 0.004397509559935434,
      "time_abs": null,
      "time_rel": null,
      "newton_iterations": 9,
      "gmres_iterations_total": 9,
      "factor_runtime_s": 1.2621878001082223,
      "runtime_s": 2.5233628999849316,
      "failure_reason": "line search failed at Newton 9",
      "preconditioner_assembly_runtime_s": 0.40211730008013546,
      "preconditioner_numeric_factor_runtime_s": 0.8552740000013728
    },
    {
      "converged": true,
      "source_scale": 0.05,
      "coeff_abs": 3.4732844928699977e-22,
      "coeff_rel": 2.2862986520489214e-13,
      "time_abs": null,
      "time_rel": null,
      "newton_iterations": 3,
      "gmres_iterations_total": 3,
      "factor_runtime_s": 0.39657769998302683,
      "runtime_s": 0.785937600012403,
      "failure_reason": "",
      "preconditioner_assembly_runtime_s": 0.10504189998027869,
      "preconditioner_numeric_factor_runtime_s": 0.2897821000078693
    },
    {
      "converged": true,
      "source_scale": 0.1,
      "coeff_abs": 7.037043713025574e-19,
      "coeff_rel": 2.316076265639478e-10,
      "time_abs": null,
      "time_rel": null,
      "newton_iterations": 3,
      "gmres_iterations_total": 3,
      "factor_runtime_s": 0.397521599981701,
      "runtime_s": 0.7744953999936115,
      "failure_reason": "",
      "preconditioner_assembly_runtime_s": 0.12189920002128929,
      "preconditioner_numeric_factor_runtime_s": 0.2738606000202708
    },
    {
      "converged": true,
      "source_scale": 0.15,
      "coeff_abs": 1.2438493668593483e-22,
      "coeff_rel": 2.7292237233855964e-14,
      "time_abs": null,
      "time_rel": null,
      "newton_iterations": 3,
      "gmres_iterations_total": 3,
      "factor_runtime_s": 0.4018332000123337,
      "runtime_s": 0.7626793999806978,
      "failure_reason": "",
      "preconditioner_assembly_runtime_s": 0.12379480001982301,
      "preconditioner_numeric_factor_runtime_s": 0.27641940003377385
    },
    {
      "converged": true,
      "source_scale": 0.2,
      "coeff_abs": 4.432898158894521e-21,
      "coeff_rel": 7.294917178650208e-13,
      "time_abs": null,
      "time_rel": null,
      "newton_iterations": 3,
      "gmres_iterations_total": 3,
      "factor_runtime_s": 0.36168319999706,
      "runtime_s": 0.6682135000010021,
      "failure_reason": "",
      "preconditioner_assembly_runtime_s": 0.10622590000275522,
      "preconditioner_numeric_factor_runtime_s": 0.2540135999734048
    },
    {
      "converged": true,
      "source_scale": 0.25,
      "coeff_abs": 4.862457381294392e-18,
      "coeff_rel": 6.401450718661184e-10,
      "time_abs": null,
      "time_rel": null,
      "newton_iterations": 3,
      "gmres_iterations_total": 3,
      "factor_runtime_s": 0.3476187999767717,
      "runtime_s": 0.6547872000082862,
      "failure_reason": "",
      "preconditioner_assembly_runtime_s": 0.0918973000079859,
      "preconditioner_numeric_factor_runtime_s": 0.25443599998834543
    },
    {
      "converged": true,
      "source_scale": 0.3,
      "coeff_abs": 4.259009345303337e-22,
      "coeff_rel": 4.672506837653605e-14,
      "time_abs": null,
      "time_rel": null,
      "newton_iterations": 4,
      "gmres_iterations_total": 4,
      "factor_runtime_s": 0.5350508999836165,
      "runtime_s": 1.0408367000054568,
      "failure_reason": "",
      "preconditioner_assembly_runtime_s": 0.16786350001348183,