{
  "metadata": {
    "pump_modes": [
      1,
      3,
      5,
      7,
      9,
      11,
      13,
      15,
      17,
      19
    ],
    "pump_basis": "positive_phasor",
    "real_reconstruction_factor": 2,
    "omega_p": 44252474118.46583,
    "phase_convention": "exp_plus_i_k_omega_t",
    "pump_mode_policy": "positive_odd_jc",
    "pump_source_mode": 1,
    "pump_freq_ghz": 7.043,
    "nt": 40,
    "pump_current_a": 7.828747513207809e-06,
    "pump_current_ratio_ic_median": 2.9473235995178886,
    "pump_backend": "schur_cpu_mt"
  },
  "solution_summary": {
    "x_rms": 2.0177237536161207e-15,
    "x_max_abs": 4.566805010702897e-15,
    "branch_psi_rms": 1.1156950930174598e-16,
    "branch_psi_max_abs": 2.2803696483777214e-16,
    "branch_i_rms": 8.675768972758474e-07,
    "branch_i_max_abs": 1.6967147406250454e-06,
    "X_h1_norm": 1.1454777181307182e-13,
    "X_h2_norm": 5.609822929192616e-16,
    "X_h3_norm": 1.862713073110489e-17,
    "X_h4_norm": 1.3444863708694027e-18,
    "X_h5_norm": 8.483271702972877e-20,
    "X_h6_norm": 3.102899665053144e-21,
    "X_h7_norm": 2.367150442232304e-22,
    "X_h8_norm": 2.2049527205113083e-23,
    "X_h9_norm": 1.8736762489682906e-23,
    "X_h10_norm": 1.9781977701800512e-25
  },
  "reports": [
    {
      "converged": true,
      "source_scale": 1.0,
      "coeff_abs": 6.611805312418364e-22,
      "coeff_rel": 3.7905360094301085e-14,
      "time_abs": null,
      "time_rel": null,
      "newton_iterations": 2,
      "gmres_iterations_total": 2,
      "factor_runtime_s": 0.314176000043517,
      "runtime_s": 0.6063752000045497,
      "failure_reason": "",
      "preconditioner_assembly_runtime_s": 0.12012869998579845,
      "preconditioner_numeric_factor_runtime_s": 0.19306859996868297
    }
  ],
  "final_status": "VALID_CONVERGED"
}