{
  "metadata": {
    "pump_modes": [
      1,
      3,
      5,
      7,
      9,
      11,
      13,
      15,
      17,
      19
    ],
    "pump_basis": "positive_phasor",
    "real_reconstruction_factor": 2,
    "omega_p": 51227194494.314,
    "phase_convention": "exp_plus_i_k_omega_t",
    "pump_mode_policy": "positive_odd_jc",
    "pump_source_mode": 1,
    "pump_freq_ghz": 8.1530612245,
    "nt": 40,
    "pump_current_a": 1.3211747017432617e-05,
    "pump_current_ratio_ic_median": 4.973885504628308,
    "pump_backend": "full"
  },
  "solution_summary": {
    "x_rms": 2.98377958391377e-15,
    "x_max_abs": 6.784484025626425e-15,
    "branch_psi_rms": 1.1390982323065978e-16,
    "branch_psi_max_abs": 2.181147109482038e-16,
    "branch_i_rms": 8.888972001582855e-07,
    "branch_i_max_abs": 1.6343374940167675e-06,
    "X_h1_norm": 1.6939289896074617e-13,
    "X_h2_norm": 4.724363097478205e-16,
    "X_h3_norm": 1.2513550272231673e-17,
    "X_h4_norm": 4.00236721865319e-19,
    "X_h5_norm": 1.7776885375450487e-20,
    "X_h6_norm": 8.724815973995267e-22,
    "X_h7_norm": 4.771504459097476e-23,
    "X_h8_norm": 2.924909022780888e-24,
    "X_h9_norm": 2.663282913277271e-25,
    "X_h10_norm": 3.519224127940739e-26
  },
  "reports": [
    {
      "converged": true,
      "source_scale": 1.0,
      "coeff_abs": 2.222258119556097e-18,
      "coeff_rel": 1.2078816864283822e-10,
      "time_abs": 1.4055978658125392e-17,
      "time_rel": 1.2079834615035261e-10,
      "newton_iterations": 3,
      "gmres_iterations_total": 3,
      "factor_runtime_s": 1.768487399967853,
      "runtime_s": 2.396315300022252,
      "failure_reason": "",
      "preconditioner_assembly_runtime_s": 0.0,
      "preconditioner_numeric_factor_runtime_s": 0.0
    }
  ],
  "final_status": "VALID_CONVERGED"
}