{
  "metadata": {
    "pump_modes": [
      1,
      3,
      5,
      7,
      9,
      11,
      13,
      15,
      17,
      19
    ],
    "pump_basis": "positive_phasor",
    "real_reconstruction_factor": 2,
    "omega_p": 44252474118.46583,
    "phase_convention": "exp_plus_i_k_omega_t",
    "pump_mode_policy": "positive_odd_jc",
    "pump_source_mode": 1,
    "pump_freq_ghz": 7.043,
    "nt": 40,
    "pump_current_a": 7.450617819234448e-06,
    "pump_current_ratio_ic_median": 2.804967422000866,
    "pump_backend": "schur_cpu_mt"
  },
  "solution_summary": {
    "x_rms": 1.9170774834738642e-15,
    "x_max_abs": 4.3156855707074344e-15,
    "branch_psi_rms": 1.0683235717150226e-16,
    "branch_psi_max_abs": 2.2128413926775154e-16,
    "branch_i_rms": 8.329785057669071e-07,
    "branch_i_max_abs": 1.654426624999166e-06,
    "X_h1_norm": 1.0883432555876266e-13,
    "X_h2_norm": 4.627417231975525e-16,
    "X_h3_norm": 1.3333795409925958e-17,
    "X_h4_norm": 8.461139134804303e-19,
    "X_h5_norm": 5.0964048340401983e-20,
    "X_h6_norm": 1.562325487031486e-21,
    "X_h7_norm": 1.060636793439967e-22,
    "X_h8_norm": 9.003158118060899e-24,
    "X_h9_norm": 5.57898573193612e-24,
    "X_h10_norm": 6.587229353877616e-26
  },
  "reports": [
    {
      "converged": true,
      "source_scale": 1.0,
      "coeff_abs": 1.4837494370789035e-17,
      "coeff_rel": 8.938016186511723e-10,
      "time_abs": null,
      "time_rel": null,
      "newton_iterations": 1,
      "gmres_iterations_total": 1,
      "factor_runtime_s": 0.116194500005804,
      "runtime_s": 0.2103429000126198,
      "failure_reason": "",
      "preconditioner_assembly_runtime_s": 0.0390285000030417,
      "preconditioner_numeric_factor_runtime_s": 0.07663830000092275
    }
  ],
  "final_status": "VALID_CONVERGED"
}