{
  "metadata": {
    "pump_modes": [
      1,
      3,
      5,
      7,
      9,
      11,
      13,
      15,
      17,
      19
    ],
    "pump_basis": "positive_phasor",
    "real_reconstruction_factor": 2,
    "omega_p": 51227194494.314,
    "phase_convention": "exp_plus_i_k_omega_t",
    "pump_mode_policy": "positive_odd_jc",
    "pump_source_mode": 1,
    "pump_freq_ghz": 8.1530612245,
    "nt": 40,
    "pump_current_a": 1.3204143913058234e-05,
    "pump_current_ratio_ic_median": 4.971023129910716,
    "pump_backend": "schur_cpu_mt"
  },
  "solution_summary": {
    "x_rms": 1.6220650842948466e-15,
    "x_max_abs": 3.707801323605127e-15,
    "branch_psi_rms": 9.839487468529281e-17,
    "branch_psi_max_abs": 2.0232202184004802e-16,
    "branch_i_rms": 7.724234298636424e-07,
    "branch_i_max_abs": 1.5320150023577004e-06,
    "X_h1_norm": 9.208631746155106e-14,
    "X_h2_norm": 3.601400100386453e-16,
    "X_h3_norm": 8.008716765698323e-18,
    "X_h4_norm": 4.162749091920138e-19,
    "X_h5_norm": 2.5288104047392392e-20,
    "X_h6_norm": 2.1143670683449413e-21,
    "X_h7_norm": 1.5832059209259255e-22,
    "X_h8_norm": 1.3513855609183453e-23,
    "X_h9_norm": 1.1087259276571302e-24,
    "X_h10_norm": 9.918222162129787e-26
  },
  "reports": [
    {
      "converged": false,
      "source_scale": 1.0,
      "coeff_abs": 6.374795389792808e-09,
      "coeff_rel": 0.21668500439654742,
      "time_abs": null,
      "time_rel": null,
      "newton_iterations": 5,
      "gmres_iterations_total": 5,
      "factor_runtime_s": 0.7389879000547808,
      "runtime_s": 1.5278257000027224,
      "failure_reason": "stalled at Newton 5 (reduction ratio 0.999)",
      "preconditioner_assembly_runtime_s": 0.23299979997682385,
      "preconditioner_numeric_factor_runtime_s": 0.5027443999715615
    },
    {
      "converged": true,
      "source_scale": 0.5,
      "coeff_abs": 1.6153676759842598e-19,
      "coeff_rel": 1.098155879742099e-11,
      "time_abs": null,
      "time_rel": null,
      "newton_iterations": 13,
      "gmres_iterations_total": 13,
      "factor_runtime_s": 1.849989199981792,
      "runtime_s": 3.508062199980486,
      "failure_reason": "",
      "preconditioner_assembly_runtime_s": 0.6228418999526184,
      "preconditioner_numeric_factor_runtime_s": 1.2194373999664094
    },
    {
      "converged": false,
      "source_scale": 1.0,
      "coeff_abs": 3.6992835975761598e-09,
      "coeff_rel": 0.12574196246178163,
      "time_abs": null,
      "time_rel": null,
      "newton_iterations": 3,
      "gmres_iterations_total": 3,
      "factor_runtime_s": 0.41587820003042,
      "runtime_s": 0.8808345999859739,
      "failure_reason": "line search failed at Newton 3",
      "preconditioner_assembly_runtime_s": 0.12645310000516474,
      "preconditioner_numeric_factor_runtime_s": 0.2872342999908142
    },
    {
      "converged": false,
      "source_scale": 0.75,
      "coeff_abs": 5.428397247651083e-10,
      "coeff_rel": 0.024602144530146995,
      "time_abs": null,
      "time_rel": null,
      "newton_iterations": 5,
      "gmres_iterations_total": 5,
      "factor_runtime_s": 0.7368443999439478,
      "runtime_s": 1.4651876999996603,
      "failure_reason": "stalled at Newton 5 (reduction ratio 0.998)",
      "preconditioner_assembly_runtime_s": 0.2699999999895226,
      "preconditioner_numeric_factor_runtime_s": 0.4640908000001218
    },
    {
      "converged": false,
      "source_scale": 0.625,
      "coeff_abs": 3.7457902818020093e-10,
      "coeff_rel": 0.020371642609403173,
      "time_abs": null,
      "time_rel": null,
      "newton_iterations": 4,
      "gmres_iterations_total": 4,
      "factor_runtime_s": 0.5349496000271756,
      "runtime_s": 1.0013212999911048,
      "failure_reason": "stalled at Newton 4 (reduction ratio 0.956)",
      "preconditioner_assembly_runtime_s": 0.1736943999712821,
      "preconditioner_numeric_factor_runtime_s": 0.359335800021654
    },
    {
      "converged": false,
      "source_scale": 0.5625,
      "coeff_abs": 1.664758917361533e-10,
      "coeff_rel": 0.010059848269333836,
      "time_abs": null,
      "time_rel": null,
      "newton_iterations": 4,
      "gmres_iterations_total": 4,
      "factor_runtime_s": 0.6454557000251953,
      "runtime_s": 1.1926946999737993,
      "failure_reason": "stalled at Newton 4 (reduction ratio 0.993)",
      "preconditioner_assembly_runtime_s": 0.2688690000504721,
      "preconditioner_numeric_factor_runtime_s": 0.3747478999721352
    },
    {
      "converged": true,
      "source_scale": 0.05,
      "coeff_abs": 2.1611427675192e-22,
      "coeff_rel": 1.4691835626011663e-13,
      "time_abs": null,
      "time_rel": null,
      "newton_iterations": 3,
      "gmres_iterations_total": 3,
      "factor_runtime_s": 0.38170860000536777,
      "runtime_s": 0.6726617999956943,
      "failure_reason": "",
      "preconditioner_assembly_runtime_s": 0.10718059999635443,
      "preconditioner_numeric_factor_runtime_s": 0.2729881000122987
    },
    {
      "converged": true,
      "source_scale": 0.1,
      "coeff_abs": 4.340565646451805e-19,
      "coeff_rel": 1.475397136182407e-10,
      "time_abs": null,
      "time_rel": null,
      "newton_iterations": 3,
      "gmres_iterations_total": 3,
      "factor_runtime_s": 0.3753154000150971,
      "runtime_s": 0.6874248999811243,
      "failure_reason": "",
      "preconditioner_assembly_runtime_s": 0.11962939996737987,
      "preconditioner_numeric_factor_runtime_s": 0.2541485999827273
    },
    {
      "converged": true,
      "source_scale": 0.15,
      "coeff_abs": 1.2093572202846156e-22,
      "coeff_rel": 2.7404756657126777e-14,
      "time_abs": null,
      "time_rel": null,
      "newton_iterations": 3,
      "gmres_iterations_total": 3,
      "factor_runtime_s": 0.33529730001464486,
      "runtime_s": 0.6561229999933857,
      "failure_reason": "",
      "preconditioner_assembly_runtime_s": 0.09979129998828284,
      "preconditioner_numeric_factor_runtime_s": 0.2340787000139244
    },
    {
      "converged": true,
      "source_scale": 0.2,
      "coeff_abs": 1.3206561474813621e-21,
      "coeff_rel": 2.24451425987358e-13,
      "time_abs": null,
      "time_rel": null,
      "newton_iterations": 3,
      "gmres_iterations_total": 3,
      "factor_runtime_s": 0.3280666999926325,
      "runtime_s": 0.6203148000058718,
      "failure_reason": "",
      "preconditioner_assembly_runtime_s": 0.0869043999700807,
      "preconditioner_numeric_factor_runtime_s": 0.23964419995900244
    },
    {
      "converged": true,
      "source_scale": 0.25,
      "coeff_abs": 1.7921667012015236e-18,
      "coeff_rel": 2.436694047630097e-10,
      "time_abs": null,
      "time_rel": null,
      "newton_iterations": 3,
      "gmres_iterations_total": 3,
      "factor_runtime_s": 0.37720050002099015,
      "runtime_s": 0.6826356000092346,
      "failure_reason": "",
      "preconditioner_assembly_runtime_s": 0.11863969996920787,
      "preconditioner_numeric_factor_runtime_s": 0.25714789994526654
    },
    {
      "converged": true,
      "source_scale": 0.3,
      "coeff_abs": 2.735679651210822e-22,
      "coeff_rel": 3.099606711557157e-14,
      "time_abs": null,
      "time_rel": null,
      "newton_iterations": 4,
      "gmres_iterations_total": 4,
      "factor_runtime_s": 0.5740876000199933,
      "runtime_s": 1.0534010999836028,
      "failure_reason": "",
      "preconditioner_assembly_runtime_s": 0.19034249999094754,
      "preconditioner_numeric_factor_runtime_s": 0.38143829998443834
    },
    {
      "converged": true,
      "source_scale": 0.35,
      "coeff_abs": 6.839706085309492e-19,
      "coeff_rel": 6.642506722823838e-11,
      "time_abs": null,
      "time_rel": null,
      "newton_iterations": 4,
      "gmres_iterations_total": 4,
      "factor_runtime_s": 0.5247957999526989,
      "runtime_s": 1.013176000007661,
      "failure_reason": "",
      "preconditioner_assembly_runtime_s": 0.18083530000876635,