{
  "metadata": {
    "pump_modes": [
      1,
      3,
      5,
      7,
      9,
      11,
      13,
      15,
      17,
      19
    ],
    "pump_basis": "positive_phasor",
    "real_reconstruction_factor": 2,
    "omega_p": 51227194494.314,
    "phase_convention": "exp_plus_i_k_omega_t",
    "pump_mode_policy": "positive_odd_jc",
    "pump_source_mode": 1,
    "pump_freq_ghz": 8.1530612245,
    "nt": 40,
    "pump_current_a": 1.4002650498315936e-05,
    "pump_current_ratio_ic_median": 5.27164047631638,
    "pump_backend": "full"
  },
  "solution_summary": {
    "x_rms": 3.143679857827401e-15,
    "x_max_abs": 7.206090398020527e-15,
    "branch_psi_rms": 1.6571249830454327e-16,
    "branch_psi_max_abs": 6.229204025409223e-16,
    "branch_i_rms": 1.2247197379661504e-06,
    "branch_i_max_abs": 2.6562225130578667e-06,
    "X_h1_norm": 1.784159697714803e-13,
    "X_h2_norm": 4.439954329858733e-15,
    "X_h3_norm": 2.0817182457139812e-16,
    "X_h4_norm": 3.924949651248689e-17,
    "X_h5_norm": 6.441150462476997e-18,
    "X_h6_norm": 1.908535840058093e-18,
    "X_h7_norm": 4.781277745622441e-19,
    "X_h8_norm": 7.346847701520919e-20,
    "X_h9_norm": 3.52184961247049e-20,
    "X_h10_norm": 8.941710005388401e-21
  },
  "reports": [
    {
      "converged": false,
      "source_scale": 1.0,
      "coeff_abs": 3.2024991608231064e-09,
      "coeff_rel": 0.1642362119400737,
      "time_abs": 2.025438310595779e-08,
      "time_rel": 0.16423621194007376,
      "newton_iterations": 5,
      "gmres_iterations_total": 5,
      "factor_runtime_s": 2.875325900007738,
      "runtime_s": 4.7844839000026695,
      "failure_reason": "stalled at Newton 5 (reduction ratio 0.999)",
      "preconditioner_assembly_runtime_s": 0.0,
      "preconditioner_numeric_factor_runtime_s": 0.0
    }
  ],
  "final_status": "FAIL"
}