{
  "metadata": {
    "pump_modes": [
      1,
      3,
      5,
      7,
      9,
      11,
      13,
      15,
      17,
      19
    ],
    "pump_basis": "positive_phasor",
    "real_reconstruction_factor": 2,
    "omega_p": 51227194494.314,
    "phase_convention": "exp_plus_i_k_omega_t",
    "pump_mode_policy": "positive_odd_jc",
    "pump_source_mode": 1,
    "pump_freq_ghz": 8.1530612245,
    "nt": 40,
    "pump_current_a": 1.4279409525405192e-05,
    "pump_current_ratio_ic_median": 5.375833185372792,
    "pump_backend": "full"
  },
  "solution_summary": {
    "x_rms": 3.1553144611025707e-15,
    "x_max_abs": 7.219988387188356e-15,
    "branch_psi_rms": 1.4618803330234017e-16,
    "branch_psi_max_abs": 2.571424471787417e-16,
    "branch_i_rms": 1.1221630101632312e-06,
    "branch_i_max_abs": 1.8705884020785862e-06,
    "X_h1_norm": 1.7912744884331144e-13,
    "X_h2_norm": 1.2538864719563273e-15,
    "X_h3_norm": 5.438675996326621e-17,
    "X_h4_norm": 3.4075271968280667e-18,
    "X_h5_norm": 3.1922970096452474e-19,
    "X_h6_norm": 3.585093037873668e-20,
    "X_h7_norm": 4.19867173906748e-21,
    "X_h8_norm": 5.689858249994329e-22,
    "X_h9_norm": 7.481885004709999e-23,
    "X_h10_norm": 1.6013028147069817e-23
  },
  "reports": [
    {
      "converged": false,
      "source_scale": 1.0,
      "coeff_abs": 4.0169838648082386e-10,
      "coeff_rel": 0.020201330889949128,
      "time_abs": 2.5405636673880087e-09,
      "time_rel": 0.02020133088994931,
      "newton_iterations": 4,
      "gmres_iterations_total": 4,
      "factor_runtime_s": 2.647651900013443,
      "runtime_s": 4.619441399991047,
      "failure_reason": "stalled at Newton 4 (reduction ratio 0.971)",
      "preconditioner_assembly_runtime_s": 0.0,
      "preconditioner_numeric_factor_runtime_s": 0.0
    }
  ],
  "final_status": "FAIL"
}