{
  "metadata": {
    "pump_modes": [
      1,
      3,
      5,
      7,
      9,
      11,
      13,
      15,
      17,
      19
    ],
    "pump_basis": "positive_phasor",
    "real_reconstruction_factor": 2,
    "omega_p": 44252474118.46583,
    "phase_convention": "exp_plus_i_k_omega_t",
    "pump_mode_policy": "positive_odd_jc",
    "pump_source_mode": 1,
    "pump_freq_ghz": 7.043,
    "nt": 40,
    "pump_current_a": 7.96511933287588e-06,
    "pump_current_ratio_ic_median": 2.9986641085506314,
    "pump_backend": "schur_cpu_mt"
  },
  "solution_summary": {
    "x_rms": 2.0533766650962454e-15,
    "x_max_abs": 4.65176458091206e-15,
    "branch_psi_rms": 1.1297660668262506e-16,
    "branch_psi_max_abs": 2.3008514558913305e-16,
    "branch_i_rms": 8.778522841201216e-07,
    "branch_i_max_abs": 1.709400654387868e-06,
    "X_h1_norm": 1.1657160336888883e-13,
    "X_h2_norm": 6.126731808400405e-16,
    "X_h3_norm": 2.0764565737844418e-17,
    "X_h4_norm": 1.4844178458192439e-18,
    "X_h5_norm": 9.197734595691456e-20,
    "X_h6_norm": 3.7484835289881416e-21,
    "X_h7_norm": 2.799314398909484e-22,
    "X_h8_norm": 2.4534118823112915e-23,
    "X_h9_norm": 2.088914427047616e-23,
    "X_h10_norm": 2.2329268553725987e-25
  },
  "reports": [
    {
      "converged": true,
      "source_scale": 1.0,
      "coeff_abs": 9.281473807316892e-22,
      "coeff_rel": 5.229949712745064e-14,
      "time_abs": null,
      "time_rel": null,
      "newton_iterations": 2,
      "gmres_iterations_total": 2,
      "factor_runtime_s": 0.205928400013363,
      "runtime_s": 0.3863030999782495,
      "failure_reason": "",
      "preconditioner_assembly_runtime_s": 0.06758399997488596,
      "preconditioner_numeric_factor_runtime_s": 0.13753930001985282
    }
  ],
  "final_status": "VALID_CONVERGED"
}