{
  "metadata": {
    "pump_modes": [
      1,
      3,
      5,
      7,
      9,
      11,
      13,
      15,
      17,
      19
    ],
    "pump_basis": "positive_phasor",
    "real_reconstruction_factor": 2,
    "omega_p": 44252474118.46583,
    "phase_convention": "exp_plus_i_k_omega_t",
    "pump_mode_policy": "positive_odd_jc",
    "pump_source_mode": 1,
    "pump_freq_ghz": 7.043,
    "nt": 40,
    "pump_current_a": 2.318005750251543e-05,
    "pump_current_ratio_ic_median": 8.726699947863287,
    "pump_backend": "schur_cpu_mt"
  },
  "solution_summary": {
    "x_rms": 1.7808589318466864e-15,
    "x_max_abs": 4.012675272362173e-15,
    "branch_psi_rms": 9.96735057643895e-17,
    "branch_psi_max_abs": 2.1612967567780135e-16,
    "branch_i_rms": 7.805116895314791e-07,
    "branch_i_max_abs": 1.6216782161748522e-06,
    "X_h1_norm": 1.0109960129678578e-13,
    "X_h2_norm": 6.906013199342493e-16,
    "X_h3_norm": 6.734318433003909e-17,
    "X_h4_norm": 3.3174428817742677e-18,
    "X_h5_norm": 2.600763764670452e-19,
    "X_h6_norm": 1.428181578778251e-19,
    "X_h7_norm": 8.78462321874765e-21,
    "X_h8_norm": 1.378379866641271e-21,
    "X_h9_norm": 2.737488992346802e-22,
    "X_h10_norm": 8.352163441314672e-23
  },
  "reports": [
    {
      "converged": false,
      "source_scale": 1.0,
      "coeff_abs": 2.321115737994422e-08,
      "coeff_rel": 0.44942284398703575,
      "time_abs": null,
      "time_rel": null,
      "newton_iterations": 3,
      "gmres_iterations_total": 3,
      "factor_runtime_s": 0.433257200056687,
      "runtime_s": 0.8185663000040222,
      "failure_reason": "line search failed at Newton 3",
      "preconditioner_assembly_runtime_s": 0.1390776999760419,
      "preconditioner_numeric_factor_runtime_s": 0.29246189998229966
    },
    {
      "converged": false,
      "source_scale": 0.5,
      "coeff_abs": 1.69861506592324e-09,
      "coeff_rel": 0.06577840141879933,
      "time_abs": null,
      "time_rel": null,
      "newton_iterations": 6,
      "gmres_iterations_total": 6,
      "factor_runtime_s": 0.7938579000183381,
      "runtime_s": 1.5965779999969527,
      "failure_reason": "line search failed at Newton 6",
      "preconditioner_assembly_runtime_s": 0.26292629999807104,
      "preconditioner_numeric_factor_runtime_s": 0.5276144000235945
    },
    {
      "converged": false,
      "source_scale": 0.25,
      "coeff_abs": 3.349821176140101e-10,
      "coeff_rel": 0.025944180812452,
      "time_abs": null,
      "time_rel": null,
      "newton_iterations": 5,
      "gmres_iterations_total": 5,
      "factor_runtime_s": 0.7118445000378415,
      "runtime_s": 1.3250543999893125,
      "failure_reason": "stalled at Newton 5 (reduction ratio 0.972)",
      "preconditioner_assembly_runtime_s": 0.2555922000610735,
      "preconditioner_numeric_factor_runtime_s": 0.45357170002534986
    },
    {
      "converged": true,
      "source_scale": 0.125,
      "coeff_abs": 1.6350066275874118e-19,
      "coeff_rel": 2.5326072852977318e-11,
      "time_abs": null,
      "time_rel": null,
      "newton_iterations": 5,
      "gmres_iterations_total": 5,
      "factor_runtime_s": 0.743560000002617,
      "runtime_s": 1.3628930000122637,
      "failure_reason": "",
      "preconditioner_assembly_runtime_s": 0.25980560001335107,
      "preconditioner_numeric_factor_runtime_s": 0.4808439000044018
    },
    {
      "converged": true,
      "source_scale": 0.3125,
      "coeff_abs": 3.848924234897014e-19,
      "coeff_rel": 2.38477652466593e-11,
      "time_abs": null,
      "time_rel": null,
      "newton_iterations": 12,
      "gmres_iterations_total": 12,
      "factor_runtime_s": 1.5829723000642844,
      "runtime_s": 2.970150700013619,
      "failure_reason": "",
      "preconditioner_assembly_runtime_s": 0.49855620006565005,
      "preconditioner_numeric_factor_runtime_s": 1.0782801000750624
    },
    {
      "converged": false,
      "source_scale": 0.59375,
      "coeff_abs": 1.3555822277748542e-08,
      "coeff_rel": 0.44205936061731466,
      "time_abs": null,
      "time_rel": null,
      "newton_iterations": 2,
      "gmres_iterations_total": 2,
      "factor_runtime_s": 0.2726955999969505,
      "runtime_s": 0.5896294999984093,
      "failure_reason": "line search failed at Newton 2",
      "preconditioner_assembly_runtime_s": 0.08801529998891056,
      "preconditioner_numeric_factor_runtime_s": 0.18361770000774413
    },
    {
      "converged": false,
      "source_scale": 0.453125,
      "coeff_abs": 1.0955556407772277e-09,
      "coeff_rel": 0.04681389349769439,
      "time_abs": null,
      "time_rel": null,
      "newton_iterations": 5,
      "gmres_iterations_total": 5,
      "factor_runtime_s": 0.6000810000114143,
      "runtime_s": 1.1788969000044744,
      "failure_reason": "stalled at Newton 5 (reduction ratio 0.981)",
      "preconditioner_assembly_runtime_s": 0.18234319999464788,
      "preconditioner_numeric_factor_runtime_s": 0.41522880000411533
    },
    {
      "converged": false,
      "source_scale": 0.3828125,
      "coeff_abs": 6.260480208842444e-10,
      "coeff_rel": 0.03166502855327685,
      "time_abs": null,
      "time_rel": null,
      "newton_iterations": 5,
      "gmres_iterations_total": 5,
      "factor_runtime_s": 0.7200891000102274,
      "runtime_s": 1.4474472999863792,
      "failure_reason": "stalled at Newton 5 (reduction ratio 0.960)",
      "preconditioner_assembly_runtime_s": 0.23592530001769774,
      "preconditioner_numeric_factor_runtime_s": 0.48140040002181195
    },
    {
      "converged": true,
      "source_scale": 0.05,
      "coeff_abs": 2.631031136935526e-19,
      "coeff_rel": 1.0188595741474825e-10,
      "time_abs": null,
      "time_rel": null,
      "newton_iterations": 3,
      "gmres_iterations_total": 3,
      "factor_runtime_s": 0.47493160000885837,
      "runtime_s": 0.9003748000250198,
      "failure_reason": "",
      "preconditioner_assembly_runtime_s": 0.15465099998982623,
      "preconditioner_numeric_factor_runtime_s": 0.3187214999925345
    },
    {
      "converged": true,
      "source_scale": 0.1,
      "coeff_abs": 3.824982276588609e-20,
      "coeff_rel": 7.40606935193074e-12,
      "time_abs": null,
      "time_rel": null,
      "newton_iterations": 4,
      "gmres_iterations_total": 4,
      "factor_runtime_s": 0.6797897999640554,
      "runtime_s": 1.2405415000102948,
      "failure_reason": "",
      "preconditioner_assembly_runtime_s": 0.2586954000289552,
      "preconditioner_numeric_factor_runtime_s": 0.41856460002600215
    },
    {
      "converged": true,
      "source_scale": 0.15,
      "coeff_abs": 2.4951581960911923e-20,
      "coeff_rel": 3.2208105045602004e-12,
      "time_abs": null,
      "time_rel": null,
      "newton_iterations": 4,
      "gmres_iterations_total": 4,
      "factor_runtime_s": 0.6316298000165261,
      "runtime_s": 1.1956670999934431,
      "failure_reason": "",
      "preconditioner_assembly_runtime_s": 0.21000110000022687,
      "preconditioner_numeric_factor_runtime_s": 0.41926679995958693
    },
    {
      "converged": true,
      "source_scale": 0.2,
      "coeff_abs": 8.639290346478667e-20,
      "coeff_rel": 8.363853585558508e-12,
      "time_abs": null,
      "time_rel": null,
      "newton_iterations": 7,
      "gmres_iterations_total": 7,
      "factor_runtime_s": 0.9627361999591812,
      "runtime_s": 1.8076597999897785,
      "failure_reason": "",
      "preconditioner_assembly_runtime_s": 0.31099060000269674,
      "preconditioner_numeric_factor_runtime_s": 0.6481454000168014
    },
    {
      "converged": true,
      "source_scale": 0.25,
      "coeff_abs": 1.0675674122681135e-21,
      "coeff_rel": 8.268250905643876e-14,
      "time_abs": null,
      "time_rel": null,
      "newton_iterations": 6,
      "gmres_iterations_total": 6,
      "factor_runtime_s": 0.8427285999932792,
      "runtime_s": 1.6861963999981526,
      "failure_reason": "",