{
  "metadata": {
    "pump_modes": [
      1,
      3,
      5,
      7,
      9,
      11,
      13,
      15,
      17,
      19
    ],
    "pump_basis": "positive_phasor",
    "real_reconstruction_factor": 2,
    "omega_p": 44252474118.46583,
    "phase_convention": "exp_plus_i_k_omega_t",
    "pump_mode_policy": "positive_odd_jc",
    "pump_source_mode": 1,
    "pump_freq_ghz": 7.043,
    "nt": 40,
    "pump_current_a": 7.4592005996940984e-06,
    "pump_current_ratio_ic_median": 2.8081986197570243,
    "pump_backend": "schur_cpu_mt"
  },
  "solution_summary": {
    "x_rms": 1.9193938400875718e-15,
    "x_max_abs": 4.321744483561042e-15,
    "branch_psi_rms": 1.0695628804543797e-16,
    "branch_psi_max_abs": 2.2145028700935746e-16,
    "branch_i_rms": 8.338845589491057e-07,
    "branch_i_max_abs": 1.655475520798569e-06,
    "X_h1_norm": 1.0896582337627292e-13,
    "X_h2_norm": 4.642310398171343e-16,
    "X_h3_norm": 1.3413920779132244e-17,
    "X_h4_norm": 8.45973164402129e-19,
    "X_h5_norm": 5.1058984113701025e-20,
    "X_h6_norm": 1.5823055828073407e-21,
    "X_h7_norm": 1.0630998642344988e-22,
    "X_h8_norm": 9.052597486853958e-24,
    "X_h9_norm": 5.58135589373526e-24,
    "X_h10_norm": 6.490624501034432e-26
  },
  "reports": [
    {
      "converged": true,
      "source_scale": 1.0,
      "coeff_abs": 1.4864778238600385e-17,
      "coeff_rel": 8.944148560739561e-10,
      "time_abs": null,
      "time_rel": null,
      "newton_iterations": 1,
      "gmres_iterations_total": 1,
      "factor_runtime_s": 0.1193902000086382,
      "runtime_s": 0.2657447000092361,
      "failure_reason": "",
      "preconditioner_assembly_runtime_s": 0.03672780000488274,
      "preconditioner_numeric_factor_runtime_s": 0.0822455000015907
    }
  ],
  "final_status": "VALID_CONVERGED"
}