{
  "metadata": {
    "pump_modes": [
      1,
      3,
      5,
      7,
      9,
      11,
      13,
      15,
      17,
      19
    ],
    "pump_basis": "positive_phasor",
    "real_reconstruction_factor": 2,
    "omega_p": 44252474118.46583,
    "phase_convention": "exp_plus_i_k_omega_t",
    "pump_mode_policy": "positive_odd_jc",
    "pump_source_mode": 1,
    "pump_freq_ghz": 7.043,
    "nt": 40,
    "pump_current_a": 7.446330133067092e-06,
    "pump_current_ratio_ic_median": 2.803353217607755,
    "pump_backend": "schur_cpu_mt"
  },
  "solution_summary": {
    "x_rms": 1.915919699534823e-15,
    "x_max_abs": 4.3126504230514145e-15,
    "branch_psi_rms": 1.067701854975614e-16,
    "branch_psi_max_abs": 2.2121236060007815e-16,
    "branch_i_rms": 8.325239047751983e-07,
    "branch_i_max_abs": 1.6539733536163706e-06,
    "X_h1_norm": 1.0876859903690148e-13,
    "X_h2_norm": 4.619967780233725e-16,
    "X_h3_norm": 1.3296773575596751e-17,
    "X_h4_norm": 8.46478781967828e-19,
    "X_h5_norm": 5.0936584408568014e-20,
    "X_h6_norm": 1.5530582287857563e-21,
    "X_h7_norm": 1.0602371208474604e-22,
    "X_h8_norm": 8.984252981178015e-24,
    "X_h9_norm": 5.5931229611068545e-24,
    "X_h10_norm": 6.643599721396013e-26
  },
  "reports": [
    {
      "converged": true,
      "source_scale": 1.0,
      "coeff_abs": 1.4864124277587714e-17,
      "coeff_rel": 8.959213733960419e-10,
      "time_abs": null,
      "time_rel": null,
      "newton_iterations": 1,
      "gmres_iterations_total": 1,
      "factor_runtime_s": 0.13371719999122433,
      "runtime_s": 0.2536515999818221,
      "failure_reason": "",
      "preconditioner_assembly_runtime_s": 0.03825620000134222,
      "preconditioner_numeric_factor_runtime_s": 0.09493900000234134
    }
  ],
  "final_status": "VALID_CONVERGED"
}