branch_index,delta_k_eff_rad_per_cell,idler_flux_abs,operating_point,pump_flux_abs,signal_flux_abs,start_node,stop_node,theta_rad
0,-0.07659838138197816,4.417184238723396e-21,zero_signal,6.272776916104779e-17,2.974699940682777e-21,479,480,5.547265587714432
1,-0.046869702448275596,4.414975132490669e-21,zero_signal,6.270869983972409e-17,2.5772248252361897e-21,480,481,5.470667206332454
2,0.0039007353138056367,4.423465499147275e-21,zero_signal,6.173639323106503e-17,2.2909442541143365e-21,481,482,5.453526182817881
3,0.022556675191875097,4.443703742941389e-21,zero_signal,5.985868888697695e-17,2.1699021744516815e-21,482,483,5.478468676960065
4,-0.007544440835524746,4.476685319029078e-21,zero_signal,5.716067229099398e-17,2.236341121256223e-21,483,484,5.498639533201631
5,-0.07613331995336203,4.521512170792831e-21,zero_signal,5.376104564745169e-17,2.4668856762412917e-21,484,485,5.463379795289016
6,-0.16097170278726258,4.57428493757622e-21,zero_signal,4.98153271098522e-17,2.8089658872374386e-21,485,486,5.346372893294907
7,-0.24962649678023396,4.629191950229733e-21,zero_signal,4.552734371279259e-17,3.2064905797850734e-21,486,487,5.141436389714491
8,-0.34074585042434125,4.680561443279173e-21,zero_signal,4.1167999260616847e-17,3.612853775004583e-21,487,488,4.847119899734439
9,-0.4347576085697411,4.723989264156009e-21,zero_signal,3.709712830417702e-17,3.994270184836675e-21,488,489,4.459944688865808
10,-0.524332096803573,4.756452610743929e-21,zero_signal,3.3772648330181214e-17,4.329465848169892e-21,489,490,3.977604682594957
11,-0.5890199744077966,4.776582719118937e-21,zero_signal,3.1703543873245704e-17,4.607541034197171e-21,490,491,3.411280495258662
12,-0.6048469389023756,4.785323702918846e-21,zero_signal,3.129260753465264e-17,4.8244750913272775e-21,491,492,2.7995647337793637
13,-0.5671990584653848,4.785741365496947e-21,zero_signal,3.262503378380492e-17,4.978797403285899e-21,492,493,2.201586617453911
14,-0.49730805433402336,4.7811277643423805e-21,zero_signal,3.5417055262505334e-17,5.067499377624958e-21,493,494,1.6651666168485941
15,-0.42216495677894583,4.772482205366481e-21,zero_signal,3.918901931400679e-17,5.083879313414863e-21,494,495,1.2069705087858642
16,-0.35689330936849983,4.7574672210784896e-21,zero_signal,4.34594135972592e-17,5.018758786424145e-21,495,496,0.8208367032907025
17,-0.3045876189705093,4.7317061209485215e-21,zero_signal,4.782720674336294e-17,4.8649280145264664e-21,496,497,0.49318389004886454
18,-0.26271335720981137,4.691258190200982e-21,zero_signal,5.197654569928182e-17,4.622521496461796e-21,497,498,0.21166146534968389
19,-0.2274209519841794,4.634612539704017e-21,zero_signal,5.566172309224439e-17,4.301886939236976e-21,498,499,-0.03224282437075815
20,-0.19495239088573815,4.5638744461591004e-21,zero_signal,5.869558940992662e-17,3.921883989547564e-21,499,500,-0.2431804386186749
21,-0.16117192725489704,4.485714715246144e-21,zero_signal,6.094276616682514e-17,3.505317635613562e-21,500,501,-0.42214760614223446
22,-0.12053792528351948,4.4114505683917644e-21,zero_signal,6.231402843516509e-17,3.0767029717803867e-21,501,502,-0.565524293128469
23,-0.0674560672816431,4.3544823708366936e-21,zero_signal,6.276042819008591e-17,2.6673661940212927e-21,502,503,-0.6632234567092734
24,-0.005758333583986919,4.3253278076279326e-21,zero_signal,6.226835051447385e-17,2.327507239866331e-21,503,504,-0.7004364276917552
25,0.03601608453238536,4.327761017039995e-21,zero_signal,6.085710601634912e-17,2.131959793074365e-21,504,505,-0.6747401238772472
26,0.019739438777233276,4.358918743432602e-21,zero_signal,5.85796145323382e-17,2.1482975893417544e-21,505,506,-0.6284042586269845
27,-0.05341567381706991,4.4119580113172685e-21,zero_signal,5.552589580503844e-17,2.3734000885536778e-21,506,507,-0.6352612463227807
28,-0.14584147717167317,4.478144370865488e-21,zero_signal,5.182893041607704e-17,2.733476374619884e-21,507,508,-0.7352356062611243
29,-0.23286640674406467,4.54803384384601e-21,zero_signal,4.767265119339364e-17,3.1467610053890577e-21,508,509,-0.926944200666127
30,-0.31442275899815497,4.6134724471019626e-21,zero_signal,4.330241489312992e-17,3.5579584395966374e-21,509,510,-1.2009684197492536
31,-0.3978234342253,4.6702608352733025e-21,zero_signal,3.9038669299645604e-17,3.938381763584947e-21,510,511,-1.555789718662437
32,-0.4843692332314591,4.7190226027556915e-21,zero_signal,3.529002038231307e-17,4.276280742102075e-21,511,512,-1.9966152881998536
33,-0.5614282092359213,4.7629612154498026e-21,zero_signal,3.2542519594953486e-17,4.566652199492617e-21,512,513,-2.524528185125355
34,-0.603851728611108,4.804266601057354e-21,zero_signal,3.127056562765823e-17,4.803735449965327e-21,513,514,-3.119471706671696
35,-0.5928914067191773,4.841971215254988e-21,zero_signal,3.174283907824431e-17,4.978266086802574e-21,514,515,-3.732231642347571
36,-0.5359058496499225,4.87218641471831e-21,zero_signal,3.38600044219076e-17,5.079493116353749e-21,515,516,-4.305254520110051
37,-0.4590329678607956,4.889499689678089e-21,zero_signal,3.7215241857086205e-17,5.0994745274877336e-21,516,517,-4.804043341647416
38,-0.3847080585176883,4.888226486868726e-21,zero_signal,4.130246065491298e-17,5.036174942738064e-21,517,518,-5.223320455831642
39,-0.32258707673748166,4.8636309737291365e-21,zero_signal,4.56666626681334e-17,4.893168758984596e-21,518,519,-5.573459458682793
40,-0.2736700763485853,4.8137965799362544e-21,zero_signal,4.994851569652416e-17,4.6764475359520946e-21,519,520,-5.868494609306605
41,-0.2352497850486852,4.741559989246952e-21,zero_signal,5.387645833724978e-17,4.391099974128687e-21,520,521,-6.120799611379963
42,-0.20279381090752757,4.6547020079853656e-21,zero_signal,5.724728669938356e-17,4.040989585388218e-21,521,522,-6.338994179403976
43,-0.1700728024081224,4.563642646537067e-21,zero_signal,5.990929609079204e-17,3.6329552304152365e-21,522,523,-6.526387233195019
44,-0.12914615904530136,4.478352740463231e-21,zero_signal,6.175061701512768e-17,3.184870909470178e-21,523,524,-6.6791397842202205
45,-0.07283040551839992,4.406806517973049e-21,zero_signal,6.269302746310725e-17,2.7356325288127137e-21,524,525,-6.784679551285621
46,-0.005935599758766674,4.3549917009446155e-21,zero_signal,6.269139570702616e-17,2.3535993498168232e-21,525,526,-6.82480059525702
47,0.03887367483542903,4.326566378222447e-21,zero_signal,6.173780321291226e-17,2.1303908494637565e-21,526,527,-6.796550750803155
48,0.0230361804248429,4.321778222552105e-21,zero_signal,5.986718019256079e-17,2.1326668939221502e-21,527,528,-6.747053245586162
49,-0.04657119206734217,4.3377126748800536e-21,zero_signal,5.716031678008866e-17,2.340802239460557e-21,528,529,-6.750478389953469
50,-0.13076164559873282,4.370693969932531e-21,zero_signal,5.3742564172229566e-17,2.6754678162991567e-21,529,530,-6.840195629720847
51,-0.20885746621887913,4.41839157127413e-21,zero_signal,4.978136172093389e-17,3.0667618788706883e-21,530,531,-7.0120016811509345
52,-0.28325155076408093,4.479443117407814e-21,zero_signal,4.5489127200421625e-17,3.472978149847322e-21,531,532,-7.257910562158605
53,-0.36179830232363397,4.551701684933973e-21,zero_signal,4.113698891147221e-17,3.8683415848705995e-21,532,533,-7.578504782679096
54,-0.44778355280108295,4.631410328545299e-21,zero_signal,3.70780881410547e-17,4.232109628097845e-21,533,534,-7.981507166805873
55,-0.5333930020630984,4.7136951169588186e-21,zero_signal,3.376309655355686e-17,4.545931589480342e-21,534,535,-8.474071888281262
56,-0.5961097218694267,4.7931721199370384e-21,zero_signal,3.1700023953367045e-17,4.795830106510739e-21,535,536,-9.04829317093207
57,-0.6095851344236927,4.86410028796935e-21,zero_signal,3.129785475583391e-17,4.974124947605064e-21,536,537,-9.666291332020116
58,-0.5679741307313524,4.920789473337349e-21,zero_signal,3.2646646863542225e-17,5.078909622056103e-21,537,538,-10.267463439779455
59,-0.49305844618447114,4.958788349582975e-21,zero_signal,3.5457926763322895e-17,5.111249836767372e-21,538,539,-10.80223959348282
60,-0.4132007537722515,4.9760153813018695e-21,zero_signal,3.9241713977703e-17,5.0717002741750755e-21,539,540,-11.253580332148397
61,-0.34448117123691535,4.972513929919213e-21,zero_signal,4.351081037541764e-17,4.958009102221265e-21,540,541,-11.628641101027323
62,-0.2901578495324859,4.948820957417821e-21,zero_signal,4.786829755646055e-17,4.765437192594715e-21,541,542,-11.942542674622228
63,-0.24711523318389794,4.90454298735521e-21,zero_signal,5.2009050685344905e-17,4.4901508279857974e-21,542,543,-12.208956800092295
64,-0.21015079698288197,4.838665350790746e-21,zero_signal,5.569636984651022e-17,4.134801498849427e-21,543,544,-12.436773140990024
65,-0.17357168543435897,4.751414950211327e-21,zero_signal,5.874320606852836e-17,3.714136983908822e-21,544,545,-12.62925839405806
66,-0.1318189735559505,4.646139332284045e-21,zero_signal,6.100487581852437e-17,3.258051941959118e-21,545,546,-12.783916511858742
67,-0.08081864165686259,4.530147115011143e-21,zero_signal,6.238004038308771e-17,2.8108810493028642e-21,546,547,-12.89289634116996
68,-0.022825423238117537,4.4146941092060866e-21,zero_signal,6.281323581979752e-17,2.4287263416889652e-21,547,548,-12.945553795172467
69,0.024186776969936652,4.314059172166177e-21,zero_signal,6.229381106086253e-17,2.1760787944811238e-21,548,549,-12.938547187646195
70,0.029217393977590156,4.24264890541518e-21,zero_signal,6.085087488417581e-17,2.1117435966229525e-21,549,550,-12.897180241232594
71,-0.020060714749956077,4.210410255157387e-21,zero_signal,5.854786026886465e-17,2.253867063140035e-21,550,551,-12.880112399691015
72,-0.10092299463546084,4.219653888229016e-21,zero_signal,5.548078805543704e-17,2.5615712074200556e-21,551,552,-12.937301670732506
73,-0.18540606084764377,4.26584320745219e-21,zero_signal,5.1782124559452566e-17,2.9652215529160598e-21,552,553,-13.081958388961937
74,-0.26410361042128727,4.340845916609802e-21,zero_signal,4.763017530192876e-17,3.4009950301560456e-21,553,554,-13.308113792427793
75,-0.3404227506786519,4.435375094878368e-21,zero_signal,4.3263619132138626e-17,3.8225103420581215e-21,554,555,-13.610165609804511
76,-0.419739829677785,4.539909485641581e-21,zero_signal,3.900024574147175e-17,4.200545856812916e-21,555,556,-13.988959293785097
77,-0.5015827267870394,4.645739431332047e-21,zero_signal,3.5252907974782604e-17,4.519773698729801e-21,556,557,-14.449645269160081
78,-0.5726783430492777,4.7467002941866934e-21,zero_signal,3.2515732710120745e-17,4.774548953739114e-21,557,558,-14.992124747359176
79,-0.6082407026116945,4.8399909180674466e-21,zero_signal,3.1265774703983326e-17,4.964086299295377e-21,558,559,-15.595001955258637
80,-0.5908690364285905,4.9247137823359145e-21,zero_signal,3.176281362931416e-17,5.087727614800398e-21,559,560,-16.208606152582565
81,-0.5293618184505373,4.9990724845041634e-21,zero_signal,3.389553104617801e-17,5.141757387509771e-21,560,561,-16.776740028115817
82,-0.4501487742972916,5.058499195579109e-21,zero_signal,3.725513099669419e-17,5.1192232344489054e-21,561,562,-17.26732978948364
83,-0.37478759433493636,5.095927028642299e-21,zero_signal,4.134280598714779e-17,5.0129716807706784e-21,562,563,-17.6770375767104
84,-0.311604773168753,5.103525927385357e-21,zero_signal,4.571016958759557e-17,4.820241491005398e-21,563,564,-18.016904978153512
85,-0.26043887350856565,5.074640754814945e-21,zero_signal,4.9997685005086553e-17,4.545948800679394e-21,564,565,-18.300247123047907
86,-0.21812567156124807,5.0056175722899075e-21,zero_signal,5.392779335224142e-17,4.20246030315037e-21,565,566,-18.537782725170644
87,-0.1805482450618463,4.897909973432454e-21,zero_signal,5.729046591248421e-17,3.806376180189096e-21,566,567,-18.736498466170403
88,-0.1422255697468362,4.759912542339961e-21,zero_signal,5.99311983447099e-17,3.3759896920439064e-21,567,568,-18.898879215294336
89,-0.09561997579900705,4.606640799207129e-21,zero_signal,6.174171841971517e-17,2.934127056122176e-21,568,569,-19.020949605664075
90,-0.03466414050461175,4.456279224704428e-21,zero_signal,6.265294351418981e-17,2.5188602389958866e-21,569,570,-19.09011916689235
91,0.029374707340750206,4.325531978636583e-21,zero_signal,6.263041429701853e-17,2.1981969188366284e-21,570,571,-19.0902778866733
92,0.05370358763598837,4.226869681959203e-21,zero_signal,6.167254745408744e-17,2.066009701937307e-21,571,572,-19.03136975221085
93,0.005835928605204543,4.1681336456985205e-21,zero_signal,5.981187495597238e-17,2.1795756300098494e-21,572,573,-18.982870711401322
94,-0.08668712863425654,4.152267990119481e-21,zero_signal,5.71189757333843e-17,2.4947212564680675e-21,573,574,-19.01969789500044
95,-0.17743273596793685,4.1764851668632344e-21,zero_signal,5.3707938119315114e-17,2.9131293179408545e-21,574,575,-19.156244968669835
96,-0.2520747397608165,4.2331662331208046e-21,zero_signal,4.974190017618685e-17,3.3548982818453715e-21,575,576,-19.374563366936314
97,-0.3185728690562648,4.3135227631588e-21,zero_signal,4.5438871499417195e-17,3.77511965007566e-21,576,577,-19.660394448191468
98,-0.38758867719598555,4.411120834803752e-21,zero_signal,4.108085987384467e-17,4.1538989969784354e-21,577,578,-20.011709105048844
99,-0.46407836304763705,4.5221968744671074e-21,zero_signal,3.702859482823399e-17,4.483442062611606e-21,578,579,-20.43557180258344
100,-0.5415552476038776,4.6434014732382126e-21,zero_signal,3.3731052337625903e-17,4.7582490346597536e-21,579,580,-20.939865831144118
101,-0.5986021043273357,4.769769880543195e-21,zero_signal,3.168682198981859e-17,4.9705598779990754e-21,580,581,-21.518682297791194
102,-0.6091523328896873,4.8943049334662805e-21,zero_signal,3.129677719220023e-17,5.1110320254471595e-21,581,582,-22.13707003979879
103,-0.5662423653821911,5.008470418012903e-21,zero_signal,3.265220822963714e-17,5.1722486698499635e-21,582,583,-22.73698696357057
104,-0.4898512222965685,5.102739126079316e-21,zero_signal,3.5471479822008166e-17,5.151689725643245e-21,583,584,-23.269554770563172
105,-0.4072966225764514,5.167486248926108e-21,zero_signal,3.926687540177862e-17,5.051875341659412e-21,584,585,-23.716689408163706
106,-0.3348440018176806,5.1948364697893046e-21,zero_signal,4.3545872472253387e-17,4.877709776604994e-21,585,586,-24.084148015716075
107,-0.27657764750156133,5.1809017510838665e-21,zero_signal,4.790383392401032e-17,4.6331408635929295e-21,586,587,-24.386377411799067
108,-0.2300368778612114,5.126771640278128e-21,zero_signal,5.2032576353274326e-17,4.319924950296526e-21,587,588,-24.637303310719197
109,-0.18985771852472233,5.037359299213243e-21,zero_signal,5.570077112433108e-17,3.940318197812672e-21,588,589,-24.84645116752149
110,-0.14884761533911828,4.919233132513711e-21,zero_signal,5.873287079622164e-17,3.5036703568008696e-21,589,590,-25.017018747768642
111,-0.09856163287590114,4.779521528265327e-21,zero_signal,6.099423719478331e-17,3.0354655108858886e-21,590,591,-25.144146398199727
112,-0.03393054165062637,4.626587557817542e-21,zero_signal,6.238435899275337e-17,2.58685557405113e-21,591,592,-25.214142013520444
113,0.03121966596798842,4.4710418528740295e-21,zero_signal,6.283782829939635e-17,2.2397949636562867e-21,592,593,-25.21200748150098
114,0.05524260565316652,4.325459277841234e-21,zero_signal,6.23299220056072e-17,2.088426055981397e-21,593,594,-25.151702681584467
115,0.011333771488697408,4.202980464339624e-21,zero_signal,6.088141001669696e-17,2.175263165946715e-21,594,595,-25.101522270194646
116,-0.07326567555019459,4.1158751281868046e-21,zero_signal,5.855839739936059e-17,2.4516681783220784e-21,595,596,-25.129035138607072
117,-0.15793723753781208,4.073905167459854e-21,zero_signal,5.546769369710194e-17,2.8348135343332525e-21,596,597,-25.248053621295035
118,-0.22992630454284146,4.0820018497275646e-21,zero_signal,5.175284016047928e-17,3.26229361569426e-21,597,598,-25.444909613682697
119,-0.29489869692046256,4.138659973492265e-21,zero_signal,4.759695903470838e-17,3.694304233297721e-21,598,599,-25.70790623038072
120,-0.36153016847450203,4.236825445877525e-21,zero_signal,4.323590905737579e-17,4.1018737988195736e-21,599,600,-26.03470700752362
121,-0.435329681492469,4.366470145529486e-21,zero_signal,3.898061894420577e-17,4.4616817336326724e-21,600,601,-26.430966567329722
122,-0.5141175931944009,4.5165025152768465e-21,zero_signal,3.523899823990412e-17,4.756666294597366e-21,601,602,-26.90536637050856
123,-0.5825672089894152,4.6753241276033386e-21,zero_signal,3.250684001005035e-17,4.977455248385968e-21,602,603,-27.459201753718524
124,-0.6143880990589992,4.8313443063294564e-21,zero_signal,3.126814013298368e-17,5.121715107457104e-21,603,604,-28.07050078848739
125,-0.5919784896978992,4.974357846061949e-21,zero_signal,3.1785659113456673e-17,5.1912559217460935e-21,604,605,-28.687977951836523
126,-0.5252578658336038,5.0968897642457044e-21,zero_signal,3.394033621576371e-17,5.1882863619269655e-21,605,606,-29.25445776788319
127,-0.4419006650170765,5.1940653672686924e-21,zero_signal,3.731212733247206e-17,5.112552221421097e-21,606,607,-29.73849368350373
128,-0.3637972636154281,5.2619450618314774e-21,zero_signal,4.139901637793166e-17,4.960724548286362e-21,607,608,-30.13825909791734
129,-0.29870413202572443,5.295809900555428e-21,zero_signal,4.5759514058026676e-17,4.7285870573214055e-21,608,609,-30.466088210734586
130,-0.24527908559661427,5.2898857576799236e-21,zero_signal,5.0044151759146834e-17,4.415446455208144e-21,609,610,-30.73566736196879
131,-0.19880082863437387,5.2386997816003555e-21,zero_signal,5.398009064019948e-17,4.029102104526829e-21,610,611,-30.956646381927815
132,-0.15378963988000116,5.1392098652623725e-21,zero_signal,5.735305383278378e-17,3.589204616989621e-21,611,612,-31.133269019237538
133,-0.10474188552543673,4.9929584256945564e-21,zero_signal,5.999866580472548e-17,3.1277336512413893e-21,612,613,-31.264225661687817
134,-0.047435223515057245,4.8080514764718035e-21,zero_signal,6.180027448269339e-17,2.688146359790037e-21,613,614,-31.34275279028841
135,0.014137163739713188,4.600338853955147e-21,zero_signal,6.268734388996625e-17,2.327101732914185e-21,614,615,-31.35909610871793
136,0.05474205755107775,4.392148959380309e-21,zero_signal,6.263147360899217e-17,2.1161415752203236e-21,615,616,-31.314478462808985
137,0.0385580066428588,4.207699524135611e-21,zero_signal,6.164115885264417e-17,2.12004455538569e-21,616,617,-31.249611993615776
138,-0.0355156361759974,4.067267132686623e-21,zero_signal,5.975812091877744e-17,2.344268820100797e-21,617,618,-31.237362449523268
139,-0.1298524661484759,3.9836887858353355e-21,zero_signal,5.705710565438009e-17,2.7248472130649808e-21,618,619,-31.32064326596777
140,-0.2145748414971873,3.962114317540858e-21,zero_signal,5.364951302512554e-17,3.1792615570573283e-21,619,620,-31.49706738182022
141,-0.2848432898917661,4.00072377075581e-21,zero_signal,4.969068085333604e-17,3.6420641676660414e-21,620,621,-31.749792948962146
142,-0.34781628646897644,4.091190115129779e-21,zero_signal,4.5390940448111975e-17,4.0705248286353805e-21,621,622,-32.06675396160375
143,-0.4123431600169134,4.220503852311777e-21,zero_signal,4.1030606079701644e-17,4.440780692888791e-21,622,623,-32.4454255219001
144,-0.4830547793494624,4.374865087990649e-21,zero_signal,3.69765997493425e-17,4.742663304227289e-21,623,624,-32.89144028163758
145,-0.5538161868126075,4.5431524816781394e-21,zero_signal,3.368707685244724e-17,4.974130499204963e-21,624,625,-33.41153508059902
146,-0.603836261634001,4.717374545306038e-21,zero_signal,3.1663396447616496e-17,5.135718532066217e-21,625,626,-33.99907265526279
147,-0.6082622069124142,4.8905834974854185e-21,zero_signal,3.1297770856349255e-17,5.226328488610845e-21,626,627,-34.619207603867025
148,-0.5613521817343603,5.0547336211284125e-21,zero_signal,3.2669630976437516e-17,5.241812802223051e-21,627,628,-35.21559706908762
149,-0.48302660065211,5.200033387102469e-21,zero_signal,3.549506300897129e-17,5.176719215535569e-21,628,629,-35.741911967335746
150,-0.39928155178149893,5.315486332806107e-21,zero_signal,3.9293006023377026e-17,5.02790122259146e-21,629,630,-36.18165027039184
151,-0.32494992045231896,5.389826455613455e-21,zero_signal,4.3576506542951445e-17,4.797623983715703e-21,630,631,-36.540475070898744
152,-0.26336251307437664,5.412877005083927e-21,zero_signal,4.7939922587213976e-17,4.494108834239084e-21,631,632,-36.83155011129648
153,-0.21208057761853283,5.377819657250286e-21,zero_signal,5.2069148973984704e-17,4.129354378963772e-21,632,633,-37.0672000970475
154,-0.16612302923352118,5.2839066377214714e-21,zero_signal,5.572697678450656e-17,3.716617376095508e-21,633,634,-37.255711266533545
155,-0.11838734516538452,5.137840399103817e-21,zero_signal,5.87368173826792e-17,3.2713918659719637e-21,634,635,-37.39944615551454
156,-0.060114072978372235,4.952448956734203e-21,zero_signal,6.097009168078044e-17,2.8190360376756757e-21,635,636,-37.492485956864314
157,0.011712745673456482,4.743586413893e-21,zero_signal,6.233743466099284e-17,2.4094830979195713e-21,636,637,-37.519674301471284
158,0.07220606842534139,4.527814044558591e-21,zero_signal,6.278344698952476e-17,2.1307436985705176e-21,637,638,-37.4690604655174
159,0.06882797839207555,4.322069386606753e-21,zero_signal,6.228528737442871e-17,2.084601621211355e-21,638,639,-37.3752621646206
160,-0.010660805813085261,4.1436612637085645e-21,zero_signal,6.085524989684279e-17,2.2959866664011238e-21,639,640,-37.33140450873325
161,-0.11595866719084214,4.0084264732747014e-21,zero_signal,5.854595387532656e-17,2.6815868372798208e-21,640,641,-37.39658377624677
162,-0.2048184995279989,3.927703495245402e-21,zero_signal,5.5455157403578e-17,3.1373478923434033e-21,641,642,-37.563321843114934
163,-0.2726150355056909,3.906820315245623e-21,zero_signal,5.172792076106148e-17,3.595021730748929e-21,642,643,-37.80622077530277
164,-0.3297659297280404,3.9457820898490014e-21,zero_signal,4.7557561238572423e-17,4.020701281209652e-21,643,644,-38.108551914126316
165,-0.3872354638041422,4.040263049571282e-21,zero_signal,4.319085060173483e-17,4.399404621909778e-21,644,645,-38.46575263475885
166,-0.4522340158377851,4.182015484642872e-21,zero_signal,3.894269769013799e-17,4.722452756507713e-21,645,646,-38.8830228417346
167,-0.5239909630326132,4.359668700852386e-21,zero_signal,3.521609907379312e-17,4.981027697451396e-21,646,647,-39.37022066643442
168,-0.5878583745230941,4.560156709521269e-21,zero_signal,3.2497938221248814e-17,5.165676449937913e-21,647,648,-39.93100476779983
169,-0.6170754901287481,4.7697108098623865e-21,zero_signal,3.126774735270283e-17,5.269137902158394e-21,648,649,-40.54593741548061
170,-0.5926231084577971,4.973994354469136e-21,zero_signal,3.1792477276520123e-17,5.2890355893952e-21,649,650,-41.16515574805732
171,-0.5231553060163314,5.158370941515595e-21,zero_signal,3.395934882465802e-17,5.228084493863344e-21,650,651,-41.7311836323962
172,-0.436183818138133,5.309304570810756e-21,zero_signal,3.734716962333895e-17,5.0916105254640376e-21,651,652,-42.211466360089986
173,-0.3542411238368679,5.4164377048885546e-21,zero_signal,4.144562137531678e-17,4.8840994979212485e-21,652,653,-42.60355126867247
174,-0.2856421239912592,5.473791918121502e-21,zero_signal,4.580584982522243e-17,4.60725620075848e-21,653,654,-42.91994860776372
175,-0.22892289558555134,5.479136957322829e-21,zero_signal,5.0078914681766864e-17,4.2614252873651744e-21,654,655,-43.17483551665499
176,-0.1782008482942281,5.432247371551735e-21,zero_signal,5.400097955647327e-17,3.850662666679674e-21,655,656,-43.377794398934824
177,-0.1256108570125285,5.333727939271896e-21,zero_signal,5.736907261533778e-17,3.390246375992432e-21,656,657,-43.53123721324344
178,-0.06323149707731801,5.1854392818816454e-21,zero_signal,6.002380437841206e-17,2.914920608493484e-21,657,658,-43.62901611295988
179,0.0094659096934393,4.992148128037642e-21,zero_signal,6.184280199890325e-17,2.486076633673222e-21,658,659,-43.65770020739808
180,0.06912794127751809,4.7633466950480836e-21,zero_signal,6.274277722999192e-17,2.1913458136403837e-21,659,660,-43.610084293573
181,0.07264422062398523,4.514563351726129e-21,zero_signal,6.26845299480642e-17,2.114732714625581e-21,660,661,-43.51944432484304
182,0.008327131702923651,4.267676654083956e-21,zero_signal,6.167487537355899e-17,2.273150454701277e-21,661,662,-43.46479585232503
183,-0.08673349691164134,4.049056813863532e-21,zero_signal,5.976324310775113e-17,2.6049478076557635e-21,662,663,-43.502790061437196
184,-0.17623495115257626,3.884584333716693e-21,zero_signal,5.703579179346859e-17,3.0316270953727297e-21,663,664,-43.638262846148315
185,-0.2502969454065571,3.7931977726008365e-21,zero_signal,5.361231630927169e-17,3.493709558590965e-21,664,665,-43.85525996374235
186,-0.31289258121734775,3.7828363296153545e-21,zero_signal,4.964990518034887e-17,3.948487329971408e-21,665,666,-44.13885673696143
187,-0.37137071812379574,3.850706832280305e-21,zero_signal,4.5354564935489344e-17,4.3634764372256455e-21,666,667,-44.481045126177044
188,-0.4327398455222209,3.985911263657025e-21,zero_signal,4.1000004455245754e-17,4.715169449591672e-21,667,668,-44.88159817320902
189,-0.5001478121557881,4.1720816518905915e-21,zero_signal,3.6949473655981164e-17,4.989775721554702e-21,668,669,-45.346524817221486
190,-0.5667594074575852,4.390086387001318e-21,zero_signal,3.3664064270626716e-17,5.182524313846987e-21,669,670,-45.8818937975206
191,-0.6115823526189423,4.621303060288093e-21,zero_signal,3.165248046149011e-17,5.294765238661284e-21,670,671,-46.480043632136656
192,-0.6101430384097348,4.850293493536006e-21,zero_signal,3.1309285147260723e-17,5.32995976408545e-21,671,672,-47.10505850275848
193,-0.5578510789543714,5.065342186915542e-21,zero_signal,3.270494794953498e-17,5.290227882480794e-21,672,673,-47.700329708956126
194,-0.4756679615801218,5.256968281831567e-21,zero_signal,3.554396046434172e-17,5.1748451323613305e-21,673,674,-48.220760660667224
195,-0.38949890632810025,5.416007994878593e-21,zero_signal,3.934335428980851e-17,4.981288656888187e-21,674,675,-48.65166563211637
196,-0.31308921139044443,5.532665345473835e-21,zero_signal,4.362369754240677e-17,4.708395973109403e-21,675,676,-48.999758473323425
197,-0.24832016993007144,5.596776886599381e-21,zero_signal,4.798739259835484e-17,4.360319353090678e-21,676,677,-49.27784405489726
198,-0.19147302157125523,5.598908425044507e-21,zero_signal,5.212186680074104e-17,3.949590056125182e-21,677,678,-49.49639881318357
199,-0.13698617916472244,5.532158809112549e-21,zero_signal,5.578438254684333e-17,3.49814763706446e-21,678,679,-49.66079009803977
200,-0.07858003615302067,5.394770194441265e-21,zero_signal,5.879034914241388e-17,3.0371311692710937e-21,679,680,-49.77037117151301
201,-0.011602529792501315,5.1928862266619235e-21,zero_signal,6.100630495766233e-17,2.608952018569847e-21,680,681,-49.81795017034581
202,0.05599234748847337,4.941641154078216e-21,zero_signal,6.234430558144742e-17,2.274678663197681e-21,681,682,-49.793576231098015
203,0.08921514535624908,4.663152927634402e-21,zero_signal,6.275642707285222e-17,2.1160339522285173e-21,682,683,-49.70596547536886
204,0.051898295036153286,4.382452588517006e-21,zero_signal,6.223022172834477e-17,2.1970219638527163e-21,683,684,-49.61514594038552
205,-0.04205584056058953,4.124247180713762e-21,zero_signal,6.078633788381374e-17,2.5003877756825735e-21,684,685,-49.60216888529656
206,-0.14650815869073952,3.911816233306305e-21,zero_signal,5.847896044115481e-17,2.9414744350136645e-21,685,686,-49.699257621506696
207,-0.2347927755887298,3.765838788790846e-21,zero_signal,5.539925009394661e-17,3.432612771562622e-21,686,687,-49.895185202678036
208,-0.30417924396417106,3.700668604988581e-21,zero_signal,5.168155564714478e-17,3.911327052140983e-21,687,688,-50.168843172684156
209,-0.3612767325194035,3.719976357376664e-21,zero_signal,4.7511873306487394e-17,4.340189679167108e-21,688,689,-50.50354369060638
210,-0.4153465950264277,3.816455076130714e-21,zero_signal,4.313851798202653e-17,4.700724796615326e-21,689,690,-50.89139663772296
211,-0.47424779160289887,3.976169451881707e-21,zero_signal,3.888562895467788e-17,4.986698267433195e-21,690,691,-51.33423688065923
212,-0.5385478583877585,4.1831896309334134e-21,zero_signal,3.5165602472007335e-17,5.197474339838332e-21,691,692,-51.83989222092876
213,-0.5949608834799207,4.421581814503607e-21,zero_signal,3.246639609410712e-17,5.332724837825933e-21,692,693,-52.41133259743475
214,-0.6181243185334822,4.675667739077751e-21,zero_signal,3.1258338607464654e-17,5.390010775746732e-21,693,694,-53.0298139878886
215,-0.5898674933705621,4.930043561411726e-21,zero_signal,3.179772383316343e-17,5.365590619543631e-21,694,695,-53.647581234501715
216,-0.5182962061782455,5.1694850279860696e-21,zero_signal,3.397071861519506e-17,5.257208447258825e-21,695,696,-54.209548974629726
217,-0.42945218035603716,5.378624517917426e-21,zero_signal,3.7363039706508435e-17,5.066733170954711e-21,696,697,-54.684173646858206
218,-0.3447910465078827,5.542120773068383e-21,zero_signal,4.1468946633278114e-17,4.800826895718608e-21,697,698,-55.0684533353418
219,-0.27241666951367094,5.646219705579163e-21,zero_signal,4.583693641682678e-17,4.469249198684654e-21,698,699,-55.37375573987397
220,-0.2110708099655021,5.681425083804734e-21,zero_signal,5.011108383055298e-17,4.0823758072028745e-21,699,700,-55.61328667436914
221,-0.15481416344658783,5.644610611274893e-21,zero_signal,5.402237406922655e-17,3.6509242770490796e-21,700,701,-55.795897359804975
222,-0.09496611476832584,5.539001526841078e-21,zero_signal,5.736957886573721e-17,3.1908153537083165e-21,701,702,-55.92291500126232
223,-0.02271437632904494,5.372222927771575e-21,zero_signal,6.000268545973651e-17,2.7346309350927015e-21,702,703,-55.98582958934163
224,0.05804948823974243,5.1542810461977345e-21,zero_signal,6.181121274798827e-17,2.3478472412366156e-21,703,704,-55.96834375392041
225,0.10812566642276522,4.897113159180074e-21,zero_signal,6.27179869088047e-17,2.133972163359091e-21,704,705,-55.86973061286214
226,0.07896918689539945,4.615559239779617e-21,zero_signal,6.267888402534674e-17,2.1817573060510353e-21,705,706,-55.75209242107488
227,-0.016701212889763895,4.3283576862979585e-21,zero_signal,6.16874596836826e-17,2.4723034909534036e-21,706,707,-55.71179223907134
228,-0.12358526262001845,4.058208867706197e-21,zero_signal,5.978077037200896e-17,2.902397526633165e-21,707,708,-55.785494846854405
229,-0.21282214586454984,3.830753450326572e-21,zero_signal,5.704199240243009e-17,3.378663927972757e-21,708,709,-55.95896276431138
230,-0.2839971494540805,3.671779338179485e-21,zero_signal,5.3598555687553995e-17,3.846979138402155e-21,709,710,-56.211139138583505
231,-0.3432436405097441,3.601675356167291e-21,zero_signal,4.9619561903875863e-17,4.280073936073633e-21,710,711,-56.52695706321954
232,-0.3972296435597542,3.628996830087294e-21,zero_signal,4.531919068771073e-17,4.662062248300521e-21,711,712,-56.89762641960299
233,-0.45307412344611464,3.748073673110919e-21,zero_signal,4.097113703772906e-17,4.979777083919395e-21,712,713,-57.32141635033905
234,-0.515029952961001,3.9425970930270055e-21,zero_signal,3.6932126059628724e-17,5.221043114993911e-21,713,714,-57.80377466649522
235,-0.5770741919262967,4.1912417522216095e-21,zero_signal,3.365628999922106e-17,5.376911343656685e-21,714,715,-58.35147625626105
236,-0.6180870904804365,4.471240853759488e-21,zero_signal,3.165142288412306e-17,5.444138292243735e-21,715,716,-58.957923050347816
237,-0.612863131136816,4.7600015685299046e-21,zero_signal,3.131801001247352e-17,5.425395927957401e-21,716,717,-59.587650437221924
238,-0.556390722353207,5.0366032027383355e-21,zero_signal,3.273090334583454e-17,5.3268254163480526e-21,717,718,-60.18364931262145
239,-0.4700090777951438,5.283558704874727e-21,zero_signal,3.558955930340431e-17,5.154400669130234e-21,718,719,-60.70043188192834
240,-0.38019655392249163,5.4877904840074356e-21,zero_signal,3.940079571886842e-17,4.911372227654553e-21,719,720,-61.123667468211735
241,-0.30068362716641417,5.6401080467169424e-21,zero_signal,4.367994854530768e-17,4.598601304304812e-21,720,721,-61.46082498977332
242,-0.23246541476265392,5.7337171687436e-21,zero_signal,4.8033865096502656e-17,4.2181988866428455e-21,721,722,-61.725034722544564
243,-0.1700186374403323,5.762916505090953e-21,zero_signal,5.2160404278190954e-17,3.779401503424213e-21,722,723,-61.92575581929863
244,-0.1055036915885843,5.7227644939655084e-21,zero_signal,5.582490838084518e-17,3.3050182455123274e-21,723,724,-62.06507199742523
245,-0.03244322206081662,5.609863539631933e-21,zero_signal,5.884205036944539e-17,2.8373085825577774e-21,724,725,-62.1367632024758
246,0.044985542016245716,5.4241385351727734e-21,zero_signal,6.106916039649604e-17,2.4421810141691967e-21,725,726,-62.12995844154686
247,0.09828498629025617,5.171381848554199e-21,zero_signal,6.240726148020761e-17,2.204495171009294e-21,726,727,-62.04679211844331
248,0.08930039723718508,4.8657739198356154e-21,zero_signal,6.280310565167285e-17,2.193939738313199e-21,727,728,-61.93338846896635
249,0.0174375693836879,4.530730738566127e-21,zero_signal,6.224763716876825e-17,2.4109740412833005e-21,728,729,-61.86819132396894
250,-0.08002377664012528,4.196718527096474e-21,zero_signal,6.07710005148371e-17,2.7907743350313228e-21,729,730,-61.89851333019897
251,-0.17372127782201474,3.896764557775625e-21,zero_signal,5.84375920317683e-17,3.257261555890315e-21,730,731,-62.02823887724919
252,-0.255563157563806,3.6620393534510264e-21,zero_signal,5.534470348277326e-17,3.749378528889694e-21,731,732,-62.245955885843
253,-0.32570928651689357,3.518421984384761e-21,zero_signal,5.162638846719033e-17,4.2209942585461e-21,732,733,-62.5393651923768
254,-0.3861041389610911,3.482302563466995e-21,zero_signal,4.7462773137117783e-17,4.638378788079612e-21,733,734,-62.89737445887679
255,-0.4411927430965541,3.555467591474097e-21,zero_signal,4.3094796305102686e-17,4.9799168537338835e-21,734,735,-63.31157347029898
256,-0.49730690258319044,3.7236975664443275e-21,zero_signal,3.884334742458498e-17,5.235424869446571e-21,735,736,-63.7797599450699
257,-0.5561529948506134,3.962345242590933e-21,zero_signal,3.5125027866750986e-17,5.403466060378488e-21,736,737,-64.30618727546536
258,-0.6058729588340839,4.24479395555838e-21,zero_signal,3.243622026358948e-17,5.487157967579759e-21,737,738,-64.89206593477113
259,-0.6220855903701832,4.547727478767789e-21,zero_signal,3.1250159356801834e-17,5.490074440681372e-21,738,739,-65.51793319313353
260,-0.5878071118855885,4.851929817290882e-21,zero_signal,3.1814250850035384e-17,5.413843740428308e-21,739,740,-66.13623711551149
261,-0.512094422373572,5.140997849224451e-21,zero_signal,3.400265452545404e-17,5.2582166548326236e-21,740,741,-66.6935474169047
262,-0.4206086344064275,5.400046376934565e-21,zero_signal,3.7398959066305524e-17,5.023212971867443e-21,741,742,-67.16042596025864
263,-0.3333608138869337,5.614866021418198e-21,zero_signal,4.150439937555073e-17,4.7121093332014826e-21,742,743,-67.53476468571756
264,-0.25704452642376197,5.771480395895795e-21,zero_signal,4.587403415467679e-17,4.333870763436068e-21,743,744,-67.8271475880325
265,-0.18967489217242672,5.856585132302282e-21,zero_signal,5.0152220371761215e-17,3.9041393900294404e-21,744,745,-68.04885373856509
266,-0.12541364084329132,5.859527260854716e-21,zero_signal,5.4064655790103124e-17,3.445155877498292e-21,745,746,-68.20649737237736
267,-0.05685030674484892,5.775441462963442e-21,zero_signal,5.740363185147801e-17,2.9869645842873694e-21,746,747,-68.29968102025167
268,0.020269980272331622,5.607699659308183e-21,zero_signal,6.001615260900856e-17,2.5736455561526153e-21,747,748,-68.32019798586705
269,0.0917988311947937,5.3677874758716434e-21,zero_signal,6.179509362247453e-17,2.274371407465117e-21,748,749,-68.259141059707
270,0.1155021206843827,5.072733670231938e-21,zero_signal,6.267259184306922e-17,2.178655293860165e-21,749,750,-68.13660032347747
271,0.06340408138143516,4.742399818521482e-21,zero_signal,6.26155333948415e-17,2.3380973320607804e-21,750,751,-68.02813681833824
272,-0.03660318575236232,4.3987622026685224e-21,zero_signal,6.162357027625863e-17,2.7086036373711705e-21,751,752,-68.0097921607146
273,-0.14044935477791398,4.066861104945848e-21,zero_signal,5.973029071207085e-17,3.192838561156594e-21,752,753,-68.10134318984296
274,-0.2304935016527878,3.775122312907542e-21,zero_signal,5.700747698979106e-17,3.704943641866861e-21,753,754,-68.29069087027042
275,-0.30636198793405356,3.553178468234042e-21,zero_signal,5.3570981574167163e-17,4.188744342191325e-21,754,755,-68.56233019314854
276,-0.3705547942293066,3.427025322472882e-21,zero_signal,4.9586344395071525e-17,4.6133755939318035e-21,755,756,-68.90341484613853
277,-0.4263123494461638,3.41264128677793e-21,zero_signal,4.5274378668059065e-17,4.965101602390076e-21,756,757,-69.30343978160715
278,-0.47915801362204036,3.510700859104539e-21,zero_signal,4.092015436319178e-17,5.2391703236496964e-21,757,758,-69.75603954503086
279,-0.5343989958379893,3.706297026557693e-21,zero_signal,3.6887763430237804e-17,5.43331859999557e-21,758,759,-70.26175580885123
280,-0.5886520149480816,3.974697852899324e-21,zero_signal,3.3629156296954315e-17,5.544517098012447e-21,759,760,-70.82483753670684
281,-0.6230878855627395,4.288794220787594e-21,zero_signal,3.1642463889992706e-17,5.5692152797844064e-21,760,761,-71.4390598387474
282,-0.6132963426753761,4.623380749333524e-21,zero_signal,3.132025893403976e-17,5.505650195540981e-21,761,762,-72.07101330783232
283,-0.5535633339850818,4.955575135483411e-21,zero_signal,3.273908827677142e-17,5.3560618345138074e-21,762,763,-72.66565252409815
284,-0.46408051192618416,5.263868785471915e-21,zero_signal,3.560558765092603e-17,5.127148962797554e-21,763,764,-73.17813997580248
285,-0.3708039952458222,5.528260243066714e-21,zero_signal,3.942884382546681e-17,4.828391508044778e-21,764,765,-73.59381354795052
286,-0.2875123842716363,5.731935638462536e-21,zero_signal,4.371859846086367e-17,4.4694446133391924e-21,765,766,-73.91974796629412
287,-0.21510862857292068,5.86316326779101e-21,zero_signal,4.807373531163825e-17,4.059000126785176e-21,766,767,-74.16883831649379
288,-0.14727545861087066,5.915879278885841e-21,zero_signal,5.218917405728087e-17,3.607617310513146e-21,767,768,-74.34996522343997
289,-0.07461981596789258,5.888687539857593e-21,zero_signal,5.58360315211313e-17,3.1359239116168882e-21,768,769,-74.46338923371553
290,0.0094110472662976,5.7832763888183385e-21,zero_signal,5.884055582173826e-17,2.6877746497047762e-21,769,770,-74.49920485537575
291,0.09146651550055651,5.6034419463865305e-21,zero_signal,6.106934673531556e-17,2.3432467312452688e-21,770,771,-74.44456713918294
292,0.126121224289669,5.355216521979434e-21,zero_signal,6.242296639901008e-17,2.2072103013064746e-21,771,772,-74.31627182437464
293,0.0822171897731252,5.047988407478747e-21,zero_signal,6.283749228105085e-17,2.336226271337686e-21,772,773,-74.1923246906036
294,-0.010671987029233776,4.69636408373883e-21,zero_signal,6.229034690046528e-17,2.677739825232208e-21,773,774,-74.15183744482839
295,-0.10743301462080268,4.322331735003533e-21,zero_signal,6.080471903288128e-17,3.1312864011882375e-21,774,775,-74.21366866466207
296,-0.1935071284823735,3.956526672869705e-21,zero_signal,5.844874406942152e-17,3.620231548681881e-21,775,776,-74.36670347407
297,-0.2715227601123047,3.636762464138886e-21,zero_signal,5.5330617675769565e-17,4.099990931954446e-21,776,777,-74.60068292162681
298,-0.34348696927443,3.402599508991915e-21,zero_signal,5.159502129442558e-17,4.543376238514618e-21,777,778,-74.9097489942946
299,-0.4081841654966851,3.2864421782248574e-21,zero_signal,4.7426640322453e-17,4.9296057605104986e-21,778,779,-75.28765686017567
300,-0.4657096754504977,3.304013671804832e-21,zero_signal,4.306376300533776e-17,5.2409503096141636e-21,779,780,-75.72611732528797
301,-0.5201935787909164,3.449393724029482e-21,zero_signal,3.882065734989216e-17,5.464214594692726e-21,780,781,-76.21907621107667
302,-0.5741995502058046,3.698306014408545e-21,zero_signal,3.5108933247249485e-17,5.5930863565964045e-21,781,782,-76.7665044828698
303,-0.6178609590512067,4.017090934972451e-21,zero_signal,3.242633421408702e-17,5.62853619395898e-21,782,783,-77.36747531148828
304,-0.6279469907217958,4.371498812230771e-21,zero_signal,3.125265486026965e-17,5.576542120628382e-21,783,784,-78.00222640097222
305,-0.5878665925169315,4.7319661829368284e-21,zero_signal,3.183792012658616e-17,5.444313710614572e-21,784,785,-78.62336929293187
306,-0.5071600318994172,5.075221008194284e-21,zero_signal,3.4048451800275546e-17,5.237150944618772e-21,785,786,-79.17795958600608
307,-0.4117979991199192,5.383484638140358e-21,zero_signal,3.745691567029182e-17,4.957788270928026e-21,786,787,-79.6376893567307
308,-0.32125471283332985,5.6428108636082166e-21,zero_signal,4.1561692219430607e-17,4.608766844854632e-21,787,788,-80.00155558424592
309,-0.24080508287811853,5.841589265385942e-21,zero_signal,4.592459389188668e-17,4.196859350631559e-21,788,789,-80.28019878239736
310,-0.16659576379782948,5.969490086531099e-21,zero_signal,5.019936363198051e-17,3.73787959385438e-21,789,790,-80.48316575000216
311,-0.09161310946262091,6.016959502008502e-21,zero_signal,5.4115789397981397e-17,3.260798772323584e-21,790,791,-80.61339030999302
312,-0.011076945502274782,5.975782790148462e-21,zero_signal,5.746205117058535e-17,2.81134148427752e-21,791,792,-80.6663919689274
313,0.0676096102160102,5.841269206484972e-21,zero_signal,6.007624916181731e-17,2.454870332091975e-21,792,793,-80.63554420099757
314,0.11505552411913555,5.615554481099247e-21,zero_signal,6.18439334547452e-17,2.2705035300959552e-21,793,794,-80.53117274849538
315,0.10025947366189314,5.31005327091215e-21,zero_signal,6.269614818251282e-17,2.3165812767118504e-21,794,795,-80.4054331527593
316,0.030105043999149927,4.94508003273148e-21,zero_signal,6.2605531270723e-17,2.583906165212494e-21,795,796,-80.3306538011716
317,-0.060699316900425515,4.546896740080332e-21,zero_signal,6.158153115598314e-17,3.005609753019832e-21,796,797,-80.345223064761
318,-0.14983580056686208,4.144909721642757e-21,zero_signal,5.966707452525897e-17,3.505024542231047e-21,797,798,-80.45205243497244
319,-0.23379668502374784,3.771371396452461e-21,zero_signal,5.693829890336701e-17,4.018858849077419e-21,798,799,-80.64489466589472
320,-0.3138443602269376,3.462418175746361e-21,zero_signal,5.3507987480160387e-17,4.499503445757207e-21,799,800,-80.91964580501994
321,-0.3880573237824123,3.2557802595146677e-21,zero_signal,4.9532967345183874e-17,4.914202811549173e-21,800,801,-81.2725833863486
322,-0.4526795729803581,3.1813643046258235e-21,zero_signal,4.522563099347925e-17,5.244269630561473e-21,801,802,-81.69576045258476
323,-0.5080841121566309,3.248668452245162e-21,zero_signal,4.0869355621709215e-17,5.482737909720125e-21,802,803,-82.17794253230932
324,-0.5592620700412994,3.442552651672188e-21,zero_signal,3.683501427757063e-17,5.630093704212651e-21,803,804,-82.71192867689803
325,-0.6056458970342575,3.731743114157061e-21,zero_signal,3.358426077401064e-17,5.6894909484989385e-21,804,805,-83.29646667239192
326,-0.6313764037970131,4.0809583062461426e-21,zero_signal,3.1618009016405376e-17,5.6634143534148084e-21,805,806,-83.92322047096654
327,-0.6142068353278987,4.458290863013984e-21,zero_signal,3.1319865927357174e-17,5.552936506441439e-21,806,807,-84.55921947998594
328,-0.5493849274418139,4.83736901786036e-21,zero_signal,3.275437770257758e-17,5.359233596224482e-21,807,808,-85.15163414162234
329,-0.45638395672355614,5.196482569909783e-21,zero_signal,3.562598153806068e-17,5.0859696526321895e-21,808,809,-85.65798933486957
330,-0.35957745871059643,5.5164544620661005e-21,zero_signal,3.945060363953791e-17,4.741122311358628e-21,809,810,-86.06440205506945
331,-0.2716849344210246,5.778984232433125e-21,zero_signal,4.3743934380874737e-17,4.337534377353429e-21,810,811,-86.37714425229076
332,-0.1934703072001014,5.966927634327682e-21,zero_signal,4.8104300182700954e-17,3.892511140499496e-21,811,812,-86.6077719239115
333,-0.11907029831320415,6.066616492528721e-21,zero_signal,5.222083515949209e-17,3.4280717451382666e-21,812,813,-86.76408486669096
334,-0.040424021242145614,6.070621826642857e-21,zero_signal,5.585851501536022e-17,2.9747550066516535e-21,813,814,-86.84591252053791
335,0.04452039097789395,5.978929993191663e-21,zero_signal,5.884230780083168e-17,2.5816093354969377e-21,814,815,-86.84493290917526
336,0.11438492357391539,5.79788758456296e-21,zero_signal,6.104505421988022e-17,2.3271525224097214e-21,815,816,-86.75687173858212
337,0.12614195890623137,5.538123250844824e-21,zero_signal,6.237880523728931e-17,2.3009953686684647e-21,816,817,-86.61616306202743
338,0.06690063625701015,5.213132836334123e-21,zero_signal,6.278940605894834e-17,2.5312380076574874e-21,817,818,-86.50458782076966
339,-0.02619003908318973,4.8391629336098554e-21,zero_signal,6.225505503755588e-17,2.9500218028870183e-21,818,819,-86.4823617895134
340,-0.11739696239365571,4.43601974063891e-21,zero_signal,6.078922423903939e-17,3.457107817383248e-21,819,820,-86.55696789893604
341,-0.19937562301826972,4.028517408465497e-21,zero_signal,5.844625958729894e-17,3.974568910713353e-21,820,821,-86.71715571430072
342,-0.27734700390862344,3.6485299096040615e-21,zero_signal,5.532618985785468e-17,4.455303669627983e-21,821,822,-86.95571914497258
343,-0.3546930379103088,3.3362176657629452e-21,zero_signal,5.1576467396203524e-17,4.874878128998687e-21,822,823,-87.27184972211796
344,-0.42835937118453415,3.1360055788765086e-21,zero_signal,4.7392610630543433e-17,5.2215293938459946e-21,823,824,-87.6651052207932
345,-0.4925670085098304,3.0830067235746224e-21,zero_signal,4.30236403745355e-17,5.488252122438959e-21,824,825,-88.12856846448703
346,-0.5467954081798396,3.1859170092813183e-21,zero_signal,3.878734700649199e-17,5.668755134314433e-21,825,826,-88.65023923781285
347,-0.594649890601751,3.423368557564871e-21,zero_signal,3.5090242362421974e-17,5.75736596366258e-21,826,827,-89.22215928084671
348,-0.6303508904632906,3.757431105850765e-21,zero_signal,3.2421316626140443e-17,5.751147955404844e-21,827,828,-89.83953901901636
349,-0.6334103937797835,4.148274528207884e-21,zero_signal,3.1256145510393036e-17,5.651894591395023e-21,828,829,-90.48286106177329
350,-0.5877068841324373,4.56027057390283e-21,zero_signal,3.1849031756815304e-17,5.466370951039213e-21,829,830,-91.10635980657592
351,-0.5023041322848698,4.962808254007837e-21,zero_signal,3.407240426372693e-17,5.204488054491222e-21,830,831,-91.65827483003817
352,-0.4028473867268758,5.3303623950627634e-21,zero_signal,3.7497469398254244e-17,4.876464856811e-21,831,832,-92.11096807114566
353,-0.30854312871068146,5.642833539528282e-21,zero_signal,4.161413223105359e-17,4.491017910346072e-21,832,833,-92.46396960349192
354,-0.22392199420926318,5.8855359514563966e-21,zero_signal,4.597701892669567e-17,4.0567179744977156e-21,833,834,-92.72805432856703
355,-0.1436964384668613,6.048538591532706e-21,zero_signal,5.024081228544377e-17,3.587658446572762e-21,834,835,-92.91181359191044
356,-0.059475974715482494,6.125635870041133e-21,zero_signal,5.4144415086556737e-17,3.113023204432108e-21,835,836,-93.01544720550075
357,0.030735708202549006,6.113273813554561e-21,zero_signal,5.748666918139089e-17,2.68834120074998e-21,836,837,-93.03076554134141
358,0.10618960856928084,6.009728819838085e-21,zero_signal,6.010954069537906e-17,2.4000086476537282e-21,837,838,-92.95397578909565
359,0.1266418186958873,5.815128363436051e-21,zero_signal,6.189222241448239e-17,2.3372373917935638e-21,838,839,-92.81838632420285
360,0.08018269032217518,5.532986399752417e-21,zero_signal,6.275355783975059e-17,2.5224288473645483e-21,839,840,-92.70069215170388
361,0.0002820867391903903,5.1730651098723354e-21,zero_signal,6.265675154806468e-17,2.891314873799529e-21,840,841,-92.6580209435585
362,-0.08088999592617085,4.75397016932172e-21,zero_signal,6.161064665622239e-17,3.35785288878004e-21,841,842,-92.7001279782255
363,-0.15669795010580856,4.3036163048007804e-21,zero_signal,5.966599536667841e-17,3.8583789666913095e-21,842,843,-92.81980093541084
364,-0.23227927763649348,3.857547588156864e-21,zero_signal,5.690987932067333e-17,4.350772348899318e-21,843,844,-93.01352387843711
365,-0.31220991110531315,3.457206068299325e-21,zero_signal,5.346320113201261e-17,4.803733381092652e-21,844,845,-93.28435949068383
366,-0.3952149739929567,3.1489955909131194e-21,zero_signal,4.9484688166793887e-17,5.1915426469026224e-21,845,846,-93.63794370064774
367,-0.4730282138301902,2.9794486124809755e-21,zero_signal,4.518255331887337e-17,5.494325480521687e-21,846,847,-94.07478943866974
368,-0.5371334811646875,2.9797235787696005e-21,zero_signal,4.0833310763509835e-17,5.700171565862559e-21,847,848,-94.58400012830812
369,-0.5875946436783082,3.1472478904606566e-21,zero_signal,3.680365103256239e-17,5.805959260308851e-21,848,849,-95.14905640099911
370,-0.6267228486839898,3.446653196928727e-21,zero_signal,3.35578457552802e-17,5.8155638513721e-21,849,850,-95.75918941566474
371,-0.6434548438536609,3.829890034359574e-21,zero_signal,3.1604161260669326e-17,5.736117451735112e-21,850,851,-96.4025020983671
372,-0.6179452194709398,4.253193448766375e-21,zero_signal,3.132863607124684e-17,5.5743045969933674e-21,851,852,-97.04609910337206
373,-0.5463916869485885,4.6821917991637005e-21,zero_signal,3.2786945534785294e-17,5.334733774216806e-21,852,853,-97.63839253730897
374,-0.44847536887227335,5.090782835040352e-21,zero_signal,3.5672110035321837e-17,5.0212110457171456e-21,853,854,-98.13888247726923
375,-0.3476026571799409,5.458878443121461e-21,zero_signal,3.949811277573954e-17,4.640071141252205e-21,854,855,-98.53534327505352
376,-0.2547157863173197,5.770251647334046e-21,zero_signal,4.378773085137673e-17,4.203817960104324e-21,855,856,-98.83408779162912
377,-0.1690845356873325,6.0104801772396824e-21,zero_signal,4.814690616363093e-17,3.733846862479318e-21,856,857,-99.04477484768816
378,-0.08515132894122246,6.1657036681630696e-21,zero_signal,5.226646300725368e-17,3.262519123904055e-21,857,858,-99.17225686300378
379,0.00037502581920279,6.223387740076907e-21,zero_signal,5.590665915624354e-17,2.83607085733088e-21,858,859,-99.2150775055706
380,0.07815335416703562,6.175225838918941e-21,zero_signal,5.888531699618553e-17,2.518063115210045e-21,859,860,-99.17150681136538
381,0.12003967066043231,6.020413577681378e-21,zero_signal,6.107064272884249e-17,2.3828409813665302e-21,860,861,-99.05877079723653
382,0.1025509536939353,5.766860435858713e-21,zero_signal,6.237578523765964e-17,2.4795115178728853e-21,861,862,-98.93142747004451
383,0.03816855295880117,5.429566339231242e-21,zero_signal,6.27538090391813e-17,2.7903651521605935e-21,862,863,-98.85366888984866
384,-0.041151554504978094,5.0278868250798395e-21,zero_signal,6.219348182881133e-17,3.245520097534898e-21,863,864,-98.85509036412691
385,-0.11805141619340986,4.584122578655299e-21,zero_signal,6.071680822281335e-17,3.767258330925907e-21,864,865,-98.93597199885862
386,-0.19246509243736654,4.1242948442865406e-21,zero_signal,5.837922444227437e-17,4.2915391879804975e-21,865,866,-99.09119319651373
387,-0.2699266352764482,3.6802619657570355e-21,zero_signal,5.52730869807759e-17,4.771665678416435e-21,866,867,-99.32090218373335
388,-0.3537904807035659,3.291958924929702e-21,zero_signal,5.153428824949232e-17,5.177881289091629e-21,867,868,-99.63104646706662
389,-0.44034577141596287,3.007579941219818e-21,zero_signal,4.7351099161513193e-17,5.49525796150446e-21,868,869,-100.02848314514048
390,-0.518405746839683,2.8756747762823896e-21,zero_signal,4.297490536153503e-17,5.719334977974467e-21,869,870,-100.51173800989855
391,-0.5787410347419382,2.9242127051992593e-21,zero_signal,3.8733503648270513e-17,5.850624406703618e-21,870,871,-101.06529463881985
392,-0.6219972506222788,3.141640618858726e-21,zero_signal,3.504294551236939e-17,5.890328152634692e-21,871,872,-101.66922007938243
393,-0.6474380658670995,3.484568728343391e-21,zero_signal,3.239287271081237e-17,5.838925211993767e-21,872,873,-102.30928914006441
394,-0.6404918585403578,3.9024396781045844e-21,zero_signal,3.1249212700233374e-17,5.697403913676011e-21,873,874,-102.96409621111663
395,-0.5873361995872841,4.352859394200997e-21,zero_signal,3.1855636932385414e-17,5.4694708359675275e-21,874,875,-103.59027285714512
396,-0.4964033551437055,4.803132289626999e-21,zero_signal,3.40839790702623e-17,5.1630320444629036e-21,875,876,-104.1387686102912
397,-0.39197092008178913,5.226477334109853e-21,zero_signal,3.751285332790162e-17,4.7902254289453225e-21,876,877,-104.58307956743253
398,-0.2926151986930918,5.599209931964831e-21,zero_signal,4.163703580430397e-17,4.366415875401434e-21,877,878,-104.92271045045477
399,-0.2029226847366843,5.900652467414564e-21,zero_signal,4.600845747797404e-17,3.909513772331961e-21,878,879,-105.16830996481872
400,-0.1177989403912747,6.114687395128582e-21,zero_signal,5.0274483551725655e-17,3.4418070840440296e-21,879,880,-105.32855581992814
401,-0.029771671833607627,6.231083814087608e-21,zero_signal,5.4168599854819155e-17,2.9968239505940024e-21,880,881,-105.40390784560127
402,0.05898993531349106,6.245609534192701e-21,zero_signal,5.749157325917954e-17,2.631413130953806e-21,881,882,-105.38809916359536
403,0.12134117343007489,6.159182317615659e-21,zero_signal,6.009508710950525e-17,2.4310426817489854e-21,882,883,-105.28592797497429
404,0.12122951267772919,5.976716506065943e-21,zero_signal,6.187001469069483e-17,2.473776639839453e-21,883,884,-105.1454168167352
405,0.06214241060328618,5.706027921854046e-21,zero_signal,6.274025145954781e-17,2.75821491321065e-21,884,885,-105.04346894961883
406,-0.016945116561544182,5.357142940917194e-21,zero_signal,6.266285474057066e-17,3.2022522508779473e-21,885,886,-105.02113199552863
407,-0.09035722583774941,4.9427527244354524e-21,zero_signal,6.163312409518582e-17,3.712834832999695e-21,886,887,-105.07735918274192
408,-0.15706928342108029,4.480423334698274e-21,zero_signal,5.969041256487649e-17,4.2246114990033304e-21,887,888,-105.20184644720413
409,-0.22543528442073324,3.996069143956024e-21,zero_signal,5.69202147281709e-17,4.6997192031473245e-21,888,889,-105.39149774958408
410,-0.3033681649590392,3.527156061544378e-21,zero_signal,5.3451802244700354e-17,5.1169319155345964e-21,889,890,-105.6527170160456
411,-0.393045757469487,3.124040100196258e-21,zero_signal,4.945573292615028e-17,5.462156211957583e-21,890,891,-105.99823407950215
412,-0.48593838081159646,2.8466985970174312e-21,zero_signal,4.514790190497162e-17,5.7235061159498865e-21,891,892,-106.43880853098457
413,-0.5650265705512538,2.749838659976617e-21,zero_signal,4.080464691630464e-17,5.8908924887964814e-21,892,893,-106.97011084112535
414,-0.6198350190818971,2.8549534301378107e-21,zero_signal,3.678634463329796e-17,5.958062133721048e-21,893,894,-107.56886167208708
415,-0.652065574146107,3.13538345653541e-21,zero_signal,3.355052581026941e-17,5.924557317568348e-21,894,895,-108.20978087928914
416,-0.6579647019682966,3.5356199572396365e-21,zero_signal,3.1604505109858243e-17,5.7959333714486866e-21,895,896,-108.8729928203793
417,-1.2269390822795856,3.9990065400720644e-21,zero_signal,3.133992741485737e-17,5.581901233036857e-21,896,897,-109.52571028322573
418,-0.8518110950323603,5.670554469433375e-21,zero_signal,5.694135308043853e-17,2.33750929502207e-21,927,928,-111.32687098493847
419,0.04805839295593728,5.357264418654409e-21,zero_signal,5.742637326831255e-17,2.6436851342545743e-21,928,929,-111.22933247329046
420,-0.04748533790555598,4.971215880471727e-21,zero_signal,5.716198367079807e-17,3.130348116926973e-21,929,930,-111.23075419902659
421,-0.13325140715159733,4.531982651880483e-21,zero_signal,5.616601368995528e-17,3.697617519312798e-21,930,931,-111.32430314910157
422,-0.21090327658690455,4.068016387568611e-21,zero_signal,5.4492614098727676e-17,4.280520663670163e-21,931,932,-111.49725701332979
423,-0.28882584442590087,3.615756009248153e-21,zero_signal,5.2226448528779815e-17,4.836824358431262e-21,932,933,-111.74610970227538
424,-0.3711665539364901,3.2189930307959936e-21,zero_signal,4.9480681146085534e-17,5.335094039092112e-21,933,934,-112.07490870218159
425,-0.45309054285873174,2.9283617105936175e-21,zero_signal,4.6401232200575665e-17,5.750400039299736e-21,934,935,-112.48844281014836
426,-0.520593423971313,2.793907720406374e-21,zero_signal,4.3175900358496475e-17,6.064617053278911e-21,935,936,-112.98108978789905
427,-0.5618136636816118,2.8436118914922273e-21,zero_signal,4.004364698291528e-17,6.267776304290674e-21,936,937,-113.52962965809098
428,-0.5787259333146508,3.0638360774372303e-21,zero_signal,3.7295302224342003e-17,6.358116349382134e-21,937,938,-114.10471711526228
429,-0.5793993885423845,3.408454041977146e-21,zero_signal,3.5251008432859066e-17,6.3399740985961454e-21,938,939,-114.68708152472028
430,-0.5640599834858477,3.8248645705686616e-21,zero_signal,3.419908148701218e-17,6.220233874571872e-21,939,940,-115.26351589234704
431,-0.5275146698964122,4.2692316960279875e-21,zero_signal,3.4304905812020816e-17,6.005201078874903e-21,940,941,-115.81520149169198
432,-0.4699216558876813,4.708344994453302e-21,zero_signal,3.5544646681081857e-17,5.6997557833144495e-21,941,942,-116.31854523213987
433,-0.3989568062622624,5.117134037531432e-21,zero_signal,3.772079116469535e-17,5.309310098744473e-21,942,943,-116.75504480346734
434,-0.3232674764307575,5.476469811592991e-21,zero_signal,4.0542568223499917e-17,4.843379133397407e-21,943,944,-117.1164588446644
435,-0.2467135733349295,5.771396072417875e-21,zero_signal,4.37045382338605e-17,4.3189331804634545e-21,944,945,-117.40157975632886
436,-0.16736678644583947,5.989228227756443e-21,zero_signal,4.69284438534269e-17,3.762838706713266e-21,945,946,-117.60988599133425
437,-0.07980893987645743,6.118230578059749e-21,zero_signal,4.997685520524466e-17,3.2149503977380355e-21,946,947,-117.73631332922054
438,0.017212600859409122,6.148217257040905e-21,zero_signal,5.2656125022110314e-17,2.7348110029389548e-21,947,948,-117.76950387108717
439,0.10241749301303571,6.073183679672188e-21,zero_signal,5.481687982783722e-17,2.4096557646349394e-21,948,949,-117.70188812750172
440,0.12933890549908966,5.8941147029722706e-21,zero_signal,5.63528029661923e-17,2.3373683691610415e-21,949,950,-117.5646688850611
441,0.07976402416412753,5.619727824145125e-21,zero_signal,5.719715200560702e-17,2.5544955059128136e-21,950,951,-117.44321031650354
442,-0.008340265776944022,5.264817087512686e-21,zero_signal,5.731791651039449e-17,2.9967895606154344e-21,951,952,-117.40514083673284
443,-0.09487333539687626,4.8481130715672e-21,zero_signal,5.671342672856527e-17,3.562719451570207e-21,952,953,-117.45989084805743
444,-0.17114533340743776,4.391747822747329e-21,zero_signal,5.5409979035756384e-17,4.1679196827767156e-21,953,954,-117.5948875075266
445,-0.2441515424555334,3.9226379100858444e-21,zero_signal,5.346252089351957e-17,4.7520365445601536e-21,954,955,-117.8021815148723
446,-0.32172250148062886,3.4747614443557116e-21,zero_signal,5.095879406971922e-17,5.2737877878972194e-21,955,956,-118.08319059243766
447,-0.4061890726295232,3.0913439063397244e-21,zero_signal,4.8026040093116204e-17,5.707736781425695e-21,956,957,-118.44562651783356
448,-0.4894830105342791,2.8245017440196636e-21,zero_signal,4.483779757123183e-17,6.0413237463128266e-21,957,958,-118.8955687376967
449,-0.5542508098488312,2.7245999998383793e-21,zero_signal,4.161767986552087e-17,6.270403602575915e-21,958,959,-119.42459253890212
450,-0.5883237851714398,2.8147693139151872e-21,zero_signal,3.863703939265086e-17,6.394256965441416e-21,959,960,-120.00407035739437
451,-0.5954777586165818,3.0730893820285623e-21,zero_signal,3.620119961418214e-17,6.412350315152659e-21,960,961,-120.601240109245
452,-0.5840426298334265,3.4479895407999756e-21,zero_signal,3.461338732593881e-17,6.324127350596636e-21,961,962,-121.19502587462753
453,-0.5542115701475012,3.886333775048269e-21,zero_signal,3.4107278427244936e-17,6.131023736938412e-21,962,963,-121.76932536891185
454,-0.5032956947044269,4.346559288904253e-21,zero_signal,3.4766998475217585e-17,5.838655945483283e-21,963,964,-122.30344901492253
455,-0.43481556773121355,4.797799613127434e-21,zero_signal,3.6489776923225945e-17,5.457617729289124e-21,964,965,-122.7759167583207
456,-0.3575477458755074,5.215128291865493e-21,zero_signal,3.902604967065563e-17,5.002780028369848e-21,965,966,-123.17308015038496
457,-0.27864494979708354,5.576631742512139e-21,zero_signal,4.2062787209003674e-17,4.492216489267459e-21,966,967,-123.49101225007172
458,-0.19908942299339571,5.863374064820237e-21,zero_signal,4.5293659063848964e-17,3.947510807649229e-21,967,968,-123.73037004997913
459,-0.11351688661812886,6.0607662007420814e-21,zero_signal,4.8454912737452266e-17,3.39773326209739e-21,968,969,-123.88919109605851
460,-0.015674052030036023,6.159546725924509e-21,zero_signal,5.133549480240714e-17,2.8898257189089773e-21,969,970,-123.95740382321539
461,0.08282177614467656,6.1558172053415075e-21,zero_signal,5.377422517295373e-17,2.5046900996019148e-21,970,971,-123.92053920011858
462,0.1347518144855897,6.050645840875075e-21,zero_signal,5.565175630422203e-17,2.355338084759842e-21,971,972,-123.79176027092603
463,0.1035196530777398,5.849588475674639e-21,zero_signal,5.68817737275627e-17,2.5134378566544468e-21,972,973,-123.6510355711474
464,0.019437802172333818,5.561863624309283e-21,zero_signal,5.740526150467643e-17,2.9272788481895398e-21,973,974,-123.58472096477055
465,-0.06662168792361456,5.199230766424537e-21,zero_signal,5.719063414268896e-17,3.47930235582522e-21,974,975,-123.61215996680274
466,-0.13866039787614426,4.775659847760224e-21,zero_signal,5.623925763275976e-17,4.072777926328604e-21,975,976,-123.71796434061778
467,-0.20362692098404267,4.309059091327979e-21,zero_signal,5.459203608818074e-17,4.6488347321557276e-21,976,977,-123.88948076255502
468,-0.2719231953859662,3.8249586930164176e-21,zero_signal,5.233199729170168e-17,5.174347591920658e-21,977,978,-124.12521818258587
469,-0.3508701902360585,3.360505382998354e-21,zero_signal,4.95815570197344e-17,5.629080203889087e-21,978,979,-124.43332715332696
470,-0.4403678182644697,2.966716020842964e-21,zero_signal,4.649831048906249e-17,5.997628318398557e-21,979,980,-124.82695856305799
471,-0.527285518142385,2.7053477087710424e-21,zero_signal,4.327498402351781e-17,6.2666020998963564e-21,980,981,-125.3140627898559
472,-0.5891202050191637,2.6318082934861e-21,zero_signal,4.0145297261317104e-17,6.425584883350322e-21,981,982,-125.88152959934276
473,-0.6137875325049791,2.763838918226248e-21,zero_signal,3.738894476380163e-17,6.469311458988196e-21,982,983,-126.49230319989422
474,-0.6084570075963995,3.068334482386399e-21,zero_signal,3.531845475085682e-17,6.398902474301486e-21,983,984,-127.10910466435271
475,-0.5824830577704034,3.485897916657845e-21,zero_signal,3.422638915375671e-17,6.221277423536822e-21,984,985,-127.70921721508702
476,-0.5368311574117115,3.959503064421246e-21,zero_signal,3.429312772507279e-17,5.947021649853268e-21,985,986,-128.27407077989352
477,-0.47245839072301976,4.4445883460840674e-21,zero_signal,3.550801085484251e-17,5.58773309051549e-21,986,987,-128.78287952991045
478,-0.3959336532262796,4.907946809211385e-21,zero_signal,3.767363771567245e-17,5.154369930661258e-21,987,988,-129.21898756133956
479,-0.31464889337716784,5.324432181341823e-21,zero_signal,4.0489482041040547e-17,4.658171412909275e-21,988,989,-129.574746836363
480,-0.23097196372933126,5.674785257550948e-21,zero_signal,4.364283082852055e-17,4.115018625412325e-21,989,990,-129.8482853480939
481,-0.14131613614551952,5.944868552604615e-21,zero_signal,4.685813357908694e-17,3.552994942001742e-21,990,991,-130.03669076382167
482,-0.04110097326388029,6.125172694756961e-21,zero_signal,4.990741516453686e-17,3.0222575373450215e-21,991,992,-130.13091762038493
483,0.059972793067160524,6.209523793613968e-21,zero_signal,5.2603856800149225e-17,2.604425956652584e-21,992,993,-130.11889271034943
484,0.12242834883025466,6.193426541744664e-21,zero_signal,5.479548337379361e-17,2.4049269384625763e-21,993,994,-130.0109720342506
485,0.11017742849506362,6.0737541959725645e-21,zero_signal,5.63650937561432e-17,2.493440626157572e-21,994,995,-129.87403601268892
486,0.041984689100118544,5.8507602599564595e-21,zero_signal,5.723412810347946e-17,2.8369338781205858e-21,995,996,-129.7906171772605
487,-0.03686270783300927,5.531076914606163e-21,zero_signal,5.736503842356416e-17,3.3393801708520952e-21,996,997,-129.79006663448868
488,-0.10601383138411791,5.129102593807597e-21,zero_signal,5.675906110133524e-17,3.914370903772035e-21,997,998,-129.8643425929265
489,-0.16752286882875467,4.6657751696943834e-21,zero_signal,5.5450831177793735e-17,4.5016982048010564e-21,998,999,-130.00209429725692
490,-0.22928717848854774,4.166674700219399e-21,zero_signal,5.350383820399592e-17,5.058240851103774e-21,999,1000,-130.19938833058401
491,-0.2993241502757513,3.662481601663922e-21,zero_signal,5.100989588499581e-17,5.5507552934931e-21,1000,1001,-130.460668654234
492,-0.3833771807131967,3.1929111621421063e-21,zero_signal,4.809337637220725e-17,5.953874279499714e-21,1001,1002,-130.79803663113552
493,-0.4788649623078385,2.811666820867708e-21,zero_signal,4.4919015200252134e-17,6.250666284231484e-21,1002,1003,-131.2274230156604
494,-0.5671211891586694,2.5841915108900047e-21,zero_signal,4.1700615941596664e-17,6.43318985356692e-21,1003,1004,-131.7557665557512
495,-0.6214758623964798,2.5642110043266133e-21,zero_signal,3.8705334367221166e-17,6.501396889764129e-21,1004,1005,-132.36166539397774
496,-0.6327811683171518,2.756210930128166e-21,zero_signal,3.6243220767776746e-17,6.4601177353384346e-21,1005,1006,-132.99871828054415
497,-0.612539977495075,3.1115437711285293e-21,zero_signal,3.4627147507756293e-17,6.315464929133176e-21,1006,1007,-133.62722773061205
498,-0.5707511979667856,3.564028624392998e-21,zero_signal,3.4096592421921246e-17,6.072775455888133e-21,1007,1008,-134.2237982355343
499,-0.5099042373930303,4.057164523092079e-21,zero_signal,3.4733583435819555e-17,5.737358243790058e-21,1008,1009,-134.76873012654562
500,-0.4340159501188481,4.549911595799974e-21,zero_signal,3.643135821774324e-17,5.317391831478054e-21,1009,1010,-135.24360671032036
501,-0.35016389134096926,5.013631808531717e-21,zero_signal,3.8942314323288596e-17,4.826994302358419e-21,1010,1011,-135.63676202678332
502,-0.2633421026781946,5.427264821978961e-21,zero_signal,4.1960953759988344e-17,4.2880128294170856e-21,1011,1012,-135.9439344930023
503,-0.17344042705735774,5.77308147542687e-21,zero_signal,4.5187370710496455e-17,3.7311624461876485e-21,1012,1013,-136.1634462321397
504,-0.07709714687887015,6.034731490788108e-21,zero_signal,4.835791581840002e-17,3.1992390696211755e-21,1013,1014,-136.29081534711702
505,0.023033606400858275,6.198193867831903e-21,zero_signal,5.125516899244951e-17,2.7548445073569917e-21,1014,1015,-136.31764052589745
506,0.10141984655324165,6.254198436224308e-21,zero_signal,5.370894969184219e-17,2.4860840731728304e-21,1015,1016,-136.2447481343153
507,0.11782190791387848,6.1998042224057034e-21,zero_signal,5.559362138502418e-17,2.4796910384781725e-21,1016,1017,-136.11480083279096
508,0.06800240585633333,6.038132615513616e-21,zero_signal,5.682360460755352e-17,2.7504562995570197e-21,1017,1018,-136.00910431848754
509,-0.008356894263869208,5.777211139467568e-21,zero_signal,5.734817310322892e-17,3.2245274186298647e-21,1018,1019,-135.9787960210783
510,-0.07902853533825294,5.429225311882872e-21,zero_signal,5.714667264186143e-17,3.803799352909575e-21,1019,1020,-136.02581810701528
511,-0.13870342490427845,5.010189300862284e-21,zero_signal,5.622578376846846e-17,4.408486268260486e-21,1020,1021,-136.1368530917548
512,-0.1939793088530024,4.5393821863094735e-21,zero_signal,5.4620544174648554e-17,4.981992434218402e-21,1021,1022,-136.30322495682384
513,-0.2534059620071929,4.039116301724319e-21,zero_signal,5.239941339106551e-17,5.48733043281404e-21,1022,1023,-136.5248117094608
514,-0.32516235651408465,3.5369211444829256e-21,zero_signal,4.967110362494941e-17,5.90350313310293e-21,1023,1024,-136.81003688083823
515,-0.4146398754719911,3.071611234133558e-21,zero_signal,4.6589585225986743e-17,6.2206793325603724e-21,1024,1025,-137.17513642248898
516,-0.516404590696709,2.7006408558668313e-21,zero_signal,4.3355289024786983e-17,6.434370171417065e-21,1025,1026,-137.6393166317822
517,-0.6051418969843354,2.496916714474178e-21,zero_signal,4.0213212427806925e-17,6.5410572401972066e-21,1026,1027,-138.2079456038824
518,-0.6498488890954377,2.516096239398911e-21,zero_signal,3.744756728253878e-17,6.5372699438001e-21,1027,1028,-138.84960042575088
519,-0.6452616170392105,2.7520875402269584e-21,zero_signal,3.536463239529943e-17,6.4216529152221615e-21,1028,1029,-139.50764338207327
520,-0.6081405288346389,3.144580960588945e-21,zero_signal,3.4246906475724756e-17,6.1976348740773015e-21,1029,1030,-140.1401236598293
521,-0.5501099416402866,3.624877297133077e-21,zero_signal,3.4273663921577475e-17,5.874500974976993e-21,1030,1031,-140.72392443974255
522,-0.4755067168921414,4.1389859157278156e-21,zero_signal,3.5446919726038094e-17,5.466398431946819e-21,1031,1032,-141.24034354310987
523,-0.39056005547901407,4.647099399964948e-21,zero_signal,3.758557883574193e-17,4.990431259834828e-21,1032,1033,-141.67493787352683
524,-0.30199313472596145,5.1187404548451015e-21,zero_signal,4.039531364454975e-17,4.465646179870653e-21,1033,1034,-142.0214636540679
525,-0.2114475595294607,5.5298878207183864e-21,zero_signal,4.3556232122754944e-17,3.9147643845167685e-21,1034,1035,-142.27892414297875
526,-0.11460929734644765,5.861662255655115e-21,zero_signal,4.678006710194778e-17,3.3706012996415713e-21,1035,1036,-142.44435877312682
527,-0.00927159024321611,6.099891512841379e-21,zero_signal,4.983151449983129e-17,2.888506793308867e-21,1036,1037,-142.50814273767165
528,0.08442735385315814,6.235459234408415e-21,zero_signal,5.2527604683545335e-17,2.5588910424377387e-21,1037,1038,-142.46290195361325
529,0.12087527300313639,6.26480887117546e-21,zero_signal,5.472793529548547e-17,2.487068737213917e-21,1038,1039,-142.33928802996533
530,0.08326741044766095,6.189363962582067e-21,zero_signal,5.63244753104907e-17,2.709186470759848e-21,1039,1040,-142.22115140760698
531,0.01042759867753773,6.013525255423692e-21,zero_signal,5.723672445789268e-17,3.1504843264949565e-21,1040,1041,-142.17275320907
532,-0.05801277908514635,5.742780458781303e-21,zero_signal,5.741411972108085e-17,3.702241133659784e-21,1041,1042,-142.2002962102519
533,-0.11366761703573047,5.38398701900025e-21,zero_signal,5.684259349814355e-17,4.284394178212105e-21,1042,1043,-142.2887787672403
534,-0.16315641218749022,4.94800087680076e-21,zero_signal,5.554934294634586e-17,4.8489773197697335e-21,1043,1044,-142.42763144432337
535,-0.21472479699906444,4.4525403299175334e-21,zero_signal,5.3601888555074637e-17,5.366186570117092e-21,1044,1045,-142.61509159161528
536,-0.2757250524880135,3.9234573757692585e-21,zero_signal,5.1102842801561963e-17,5.813582275360983e-21,1045,1046,-142.8570810383215
537,-0.353046409572741,3.3955313919915496e-21,zero_signal,4.8185783909517666e-17,6.171760743649821e-21,1046,1047,-143.1665416965913
538,-0.4507320026358883,2.916068412593677e-21,zero_signal,4.5017058239629306e-17,6.4248330147206835e-21,1047,1048,-143.56317385746698
539,-0.5592318321070309,2.5512521034326814e-21,zero_signal,4.1803927898848947e-17,6.562600931607638e-21,1048,1049,-144.0680057018631
540,-0.6450902049532914,2.381061781471909e-21,zero_signal,3.8803458173931005e-17,6.5819351014939e-21,1049,1050,-144.68163752168104
541,-0.6745497894053614,2.4573232014991443e-21,zero_signal,3.6319503270926714e-17,6.486424656245463e-21,1050,1051,-145.35818611176967
542,-0.6499606750943485,2.7560598525982455e-21,zero_signal,3.466865085278421e-17,6.284543146956078e-21,1051,1052,-146.03073710049176
543,-0.5945490307575056,3.201298786310649e-21,zero_signal,3.410265820809946e-17,5.987109697638091e-21,1052,1053,-146.65810746195837
544,-0.5213715737240392,3.718710537980656e-21,zero_signal,3.471411897932939e-17,5.6052007523463414e-21,1053,1054,-147.21983516200677
545,-0.43588541282299786,4.2537855973143706e-21,zero_signal,3.639607704468595e-17,5.149897559265182e-21,1054,1055,-147.70085060940644
546,-0.3436431707072245,4.7679992489914815e-21,zero_signal,3.889352240498369e-17,4.634830968657442e-21,1055,1056,-148.09160598765277
547,-0.24777250991283495,5.233745841292174e-21,zero_signal,4.189720798677345e-17,4.081371690691279e-21,1056,1057,-148.3881369508209
548,-0.14692434882555006,5.631657207258517e-21,zero_signal,4.5111851129623456e-17,3.525399077857847e-21,1057,1058,-148.58715100747844
549,-0.04066765299896247,5.9481971769645685e-21,zero_signal,4.828180447940956e-17,3.024476724046049e-21,1058,1059,-148.681985648472
550,0.055928838227771394,6.172705805979925e-21,zero_signal,5.119306350846951e-17,2.661716065586019e-21,1059,1060,-148.66848631347636
551,0.10674272880164892,6.295431387981747e-21,zero_signal,5.367083731774202e-17,2.5289872916857057e-21,1060,1061,-148.57012797201645
552,0.09050671470676264,6.308243675131824e-21,zero_signal,5.557986729739531e-17,2.6699064811746916e-21,1061,1062,-148.45500085587307
553,0.03133947161985873,6.207440182050868e-21,zero_signal,5.682595446610272e-17,3.0405674496773918e-21,1062,1063,-148.38911454260293
554,-0.03389829771728614,5.996007905018122e-21,zero_signal,5.735529340413483e-17,3.553873092745159e-21,1063,1064,-148.39232191263335
555,-0.09003584373321871,5.6834237974095275e-21,zero_signal,5.715077040221778e-17,4.1320614864366616e-21,1064,1065,-148.4569111380375
556,-0.13832545584139666,5.283787255428151e-21,zero_signal,5.622717783076205e-17,4.717461888055763e-21,1065,1066,-148.5723936000998
557,-0.18466802465404442,4.814558324914087e-21,zero_signal,5.4627933404658034e-17,5.266749876159407e-21,1066,1067,-148.7335620497203
558,-0.23580474887656067,4.296974024257166e-21,zero_signal,5.2424924289735215e-17,5.7465064722077915e-21,1067,1068,-148.94172964940788
559,-0.2991005627399943,3.7575775063629304e-21,zero_signal,4.9722009093810184e-17,6.1322214622560165e-21,1068,1069,-149.2051715474734
560,-0.38217329623959984,3.230937702118152e-21,zero_signal,4.6661775303018604e-17,6.408840156152356e-21,1069,1070,-149.53993077488786
561,-0.4882060405352746,2.765513986418572e-21,zero_signal,4.343372224924699e-17,6.570587106768324e-21,1070,1071,-149.9695181399526
562,-0.6015782521180597,2.431523716881731e-21,zero_signal,4.0279909707906694e-17,6.6186890408229996e-21,1071,1072,-150.5163428559584
563,-0.6798280203304614,2.3119792696103924e-21,zero_signal,3.749126717435234e-17,6.5575526906502385e-21,1072,1073,-151.17267464418873
564,-0.6899008110525102,2.4491768030912693e-21,zero_signal,3.538395162999235e-17,6.391636411077995e-21,1073,1074,-151.87599889661934
565,-0.6438296958341709,2.800300024186918e-21,zero_signal,3.424433459081874e-17,6.125078156800911e-21,1074,1075,-152.55247626629375
566,-0.5700515121045129,3.279713088822079e-21,zero_signal,3.424749860036717e-17,5.764115476352835e-21,1075,1076,-153.16365828828768
567,-0.48248889220835167,3.814613288667837e-21,zero_signal,3.539126130261022e-17,5.320298263590314e-21,1076,1077,-153.69257929050278
568,-0.38698420615187956,4.3564639671194446e-21,zero_signal,3.749841726570459e-17,4.8123195690293726e-21,1077,1078,-154.12863607270438
569,-0.2879038633211053,4.872419723229237e-21,zero_signal,4.0284730296627943e-17,4.266141828968443e-21,1078,1079,-154.46654770280654
570,-0.18648565397856487,5.33714761850075e-21,zero_signal,4.343823989653018e-17,3.715489841317753e-21,1079,1080,-154.7044437993466
571,-0.08178043874912078,5.729372058801413e-21,zero_signal,4.6670538667496326e-17,3.205871208370858e-21,1080,1081,-154.83951901076367
572,0.019483241172579824,6.0317504721339595e-21,zero_signal,4.973837693091624e-17,2.8028573558673313e-21,1081,1082,-154.86800467684483
573,0.08970716378138377,6.231568083617528e-21,zero_signal,5.2448364805434624e-17,2.593345054623075e-21,1082,1083,-154.8005525284185
574,0.09746673164057995,6.320938215562203e-21,zero_signal,5.46544210579286e-17,2.649389315621322e-21,1083,1084,-154.68859034928207
575,0.049889549256235455,6.2968801926915125e-21,zero_signal,5.625223769522147e-17,2.9651902717833746e-21,1084,1085,-154.60561906513735
576,-0.014948083967368575,6.161796539666577e-21,zero_signal,5.717254027719659e-17,3.4603212783778165e-21,1085,1086,-154.5888112507696
577,-0.07192510864302903,5.923567894587836e-21,zero_signal,5.737507573252153e-17,4.040683646699198e-21,1086,1087,-154.63551523307208
578,-0.11798654857180679,5.594050719483918e-21,zero_signal,5.684605922224168e-17,4.632105022190092e-21,1087,1088,-154.73266146805565
579,-0.158835453870239,5.186477646823545e-21,zero_signal,5.560086632978887e-17,5.184225340360491e-21,1088,1089,-154.8714883302157
580,-0.20154414650441765,4.7142103675804424e-21,zero_signal,5.3690547735497417e-17,5.6666911096332e-21,1089,1090,-155.05033237579613
581,-0.2532111464528981,4.192847203111368e-21,zero_signal,5.120783218093976e-17,6.063333579146824e-21,1090,1091,-155.27457662322453
582,-0.32127941497579116,3.645232042349361e-21,zero_signal,4.8288897581789486e-17,6.36516483078732e-21,1091,1092,-155.55675466870193
583,-0.41300162673958596,3.107681270533316e-21,zero_signal,4.5111321760519874e-17,6.5647395752376805e-21,1092,1093,-155.91713545317612
584,-0.5290975627759593,2.637166693951521e-21,zero_signal,4.189223648281236e-17,6.654464620299941e-21,1093,1094,-156.3827579221811
585,-0.6457495156722501,2.316795005210627e-21,zero_signal,3.8889030383531074e-17,6.628756810278633e-21,1094,1095,-156.97533057872803
586,-0.7112483107610501,2.2368418781285443e-21,zero_signal,3.639620854064914e-17,6.487355875414281e-21,1095,1096,-157.6742569535256
587,-0.6970513659022828,2.427781587278893e-21,zero_signal,3.472012967842058e-17,6.2369376412865595e-21,1096,1097,-158.39782720025013
588,-0.6277068700579349,2.827884360234215e-21,zero_signal,3.411312964460136e-17,5.890117731267351e-21,1097,1098,-159.06835968533017
589,-0.53648286763665,3.3450627099528852e-21,zero_signal,3.468215373653879e-17,5.462993270484738e-21,1098,1099,-159.653240940366
590,-0.437460775778419,3.907271643029539e-21,zero_signal,3.63367497103384e-17,4.973173781799336e-21,1099,1100,-160.14132542060347
591,-0.3355597532239898,4.466079454080721e-21,zero_signal,3.882627041395493e-17,4.440031495914276e-21,1100,1101,-160.52816249192284
592,-0.23147968429333332,4.9874948187379684e-21,zero_signal,4.18323949776404e-17,3.8885311023631414e-21,1101,1102,-160.81244492705144
593,-0.12256879457899572,5.445609463047387e-21,zero_signal,4.504813292140786e-17,3.357662424380163e-21,1102,1103,-160.9911218605095
594,-0.012336733115262177,5.820592820080315e-21,zero_signal,4.8214494500316326e-17,2.9124134750884155e-21,1103,1104,-161.05758251620944
595,0.07296146852272045,6.099089124739997e-21,zero_signal,5.112473540600772e-17,2.6472961759015576e-21,1104,1105,-161.01579532674003
596,0.0964730959640292,6.274174049722788e-21,zero_signal,5.361473389934741e-17,2.6478573325435884e-21,1105,1106,-160.911659579164
597,0.05895682422705306,6.343279349343872e-21,zero_signal,5.555327025844634e-17,2.9155922593121697e-21,1106,1107,-160.82284913481197
598,-0.0008561314898827277,6.3052651326490955e-21,zero_signal,5.683910409428363e-17,3.3673240229372e-21,1107,1108,-160.7937459307099
599,-0.05473133732552071,6.159344121892666e-21,zero_signal,5.740480931254639e-17,3.909961089844982e-21,1108,1109,-160.82456139779174
600,-0.09848950521650579,5.906962667819001e-21,zero_signal,5.722226348763803e-17,4.4786259649263386e-21,1109,1110,-160.90320860536093
601,-0.1370510339963431,5.5547045451683255e-21,zero_signal,5.630426426082261e-17,5.031877846983098e-21,1110,1111,-161.02154040822475
602,-0.17580721702346125,5.115424789228932e-21,zero_signal,5.470085176770405e-17,5.539378288136714e-21,1111,1112,-161.17731067335362
603,-0.2196476619333083,4.607219252979002e-21,zero_signal,5.249368636204961e-17,5.975372326947078e-21,1112,1113,-161.37315484227167
604,-0.2742826902184561,4.0526038390637476e-21,zero_signal,4.9793363313505286e-17,6.318107210534766e-21,1113,1114,-161.61660599722023
605,-0.3474347172371921,3.480491555056359e-21,zero_signal,4.674246038728342e-17,6.551744903700043e-21,1114,1115,-161.9217202227086
606,-0.447605805294927,2.9320872060088087e-21,zero_signal,4.3523718264806606e-17,6.667838196003509e-21,1115,1116,-162.31147543169462
607,-0.5735060113195942,2.4707818671438007e-21,zero_signal,4.036952510972347e-17,6.665305461189975e-21,1116,1117,-162.81693183329844
608,-0.6898381636541444,2.1890628936334525e-21,zero_signal,3.756467849449176e-17,6.549082113516315e-21,1117,1118,-163.4584874543338
609,-0.7353794837023742,2.1776646114234236e-21,zero_signal,3.5428003347522044e-17,6.327931517676088e-21,1118,1119,-164.19660816060673
610,-0.6927860205767189,2.443617400961106e-21,zero_signal,3.425606291973246e-17,6.012145925310044e-21,1119,1120,-164.92924642173855
611,-0.6013730180094825,2.9013478873045865e-21,zero_signal,3.423288115961356e-17,5.612351099406733e-21,1120,1121,-165.58218020176017
612,-0.49538139415281535,3.453431908985443e-21,zero_signal,3.535644993352656e-17,5.14061786340979e-21,1121,1122,-166.13199245775752
613,-0.3857238539313812,4.030606190773131e-21,zero_signal,3.7444273631410755e-17,4.614085192041825e-21,1122,1123,-166.5729429900658
614,-0.2746688155744721,4.589006779449273e-21,zero_signal,4.021057251237081e-17,4.060010343796157e-21,1123,1124,-166.90344016562028
615,-0.16192049729657754,5.100779129012727e-21,zero_signal,4.3348598920922256e-17,3.52085678302641e-21,1124,1125,-167.12228062121474
616,-0.05063556735905195,5.5464745464435686e-21,zero_signal,4.657677513501422e-17,3.0584984774199358e-21,1125,1126,-167.22728116021344
617,0.04118808523750772,5.909932853504009e-21,zero_signal,4.9654003148127125e-17,2.7532401156061072e-21,1126,1127,-167.22355175593285
618,0.08349974423721562,6.176561566642303e-21,zero_signal,5.23824652617555e-17,2.6814989565219832e-21,1127,1128,-167.14490498973842
619,0.06682042503877028,6.3346445889412974e-21,zero_signal,5.460778133290498e-17,2.866383026294569e-21,1128,1129,-167.05655226745841
620,0.016705706428965073,6.377385394418948e-21,zero_signal,5.621812795804026e-17,3.2584555670872073e-21,1129,1130,-167.01126413966088
621,-0.03704203687678387,6.303535872071995e-21,zero_signal,5.714165018823418e-17,3.7777784026548815e-21,1130,1131,-167.02314085460048
622,-0.082687102089821,6.116674273941395e-21,zero_signal,5.734241267803159e-17,4.352759777558843e-21,1131,1132,-167.08534821341445
623,-0.12079310053273673,5.8246749242868536e-21,zero_signal,5.681608195271476e-17,4.928063452650479e-21,1132,1133,-167.18851505878013
624,-0.15556175857312837,5.439860208694699e-21,zero_signal,5.558679285676485e-17,5.4610839405165165e-21,1133,1134,-167.32693441447992
625,-0.19189580429606679,4.978605112739401e-21,zero_signal,5.3706721024647985e-17,5.919387152351728e-21,1134,1135,-167.49963857592638
626,-0.23530496008794444,4.459737295488984e-21,zero_signal,5.1259481620442765e-17,6.280633318119513e-21,1135,1136,-167.71072602307206
627,-0.2926263286578319,3.903648385027298e-21,zero_signal,4.836690119379634e-17,6.5328829001366666e-21,1136,1137,-167.97024849610227
628,-0.3726053500553661,3.335505549205722e-21,zero_signal,4.5196576518343455e-17,6.672968175587649e-21,1137,1138,-168.29597868038772
629,-0.48361937410258804,2.7948163276005986e-21,zero_signal,4.1966624439587726e-17,6.7025627293027846e-21,1138,1139,-168.715459196213
630,-0.6189726271065581,2.350468079733587e-21,zero_signal,3.894423173940448e-17,6.624106549825747e-21,1139,1140,-169.2632174285929
631,-0.7290856624065611,2.107256313540867e-21,zero_signal,3.64331024203226e-17,6.439394781965587e-21,1140,1141,-169.95340445042612
632,-0.747705115019258,2.1556731033923555e-21,zero_signal,3.473978297233538e-17,6.151643923085791e-21,1141,1142,-170.72138875340602
633,-0.6745909373130132,2.477685922840517e-21,zero_signal,3.410910495005837e-17,5.769120496110757e-21,1142,1143,-171.44881468046464
634,-0.5622809596817717,2.9711385470968814e-21,zero_signal,3.464372097457289e-17,5.307495978985705e-21,1143,1144,-172.07057062803204
635,-0.44339433970476705,3.5422486174674796e-21,zero_signal,3.6260310816744466e-17,4.789685113917809e-21,1144,1145,-172.57337659982818
636,-0.32569485807934484,4.129728907887132e-21,zero_signal,3.872211759291901e-17,4.2445873671512546e-21,1145,1146,-172.95735930744158
637,-0.2097754646767811,4.6935486701373275e-21,zero_signal,4.171994129451356e-17,3.707859586886511e-21,1146,1147,-173.22476631598687
638,-0.09588745611311822,5.205124246784378e-21,zero_signal,4.494465426083804e-17,3.2273606742850713e-21,1147,1148,-173.37691023679514
639,0.006021478974105321,5.64244317154623e-21,zero_signal,4.8126422520993076e-17,2.8713210782869925e-21,1148,1149,-173.4165412282131
640,0.0686331332532717,5.987807029377591e-21,zero_signal,5.1047426209285255e-17,2.7233020680118846e-21,1149,1150,-173.36486727884693
641,0.0705435924418083,6.227555539043686e-21,zero_signal,5.354071351885708e-17,2.8380958147877167e-21,1150,1151,-173.27927496170656
642,0.027528055492197723,6.353495381493397e-21,zero_signal,5.5482891956934786e-17,3.190459304745037e-21,1151,1152,-173.2237800939633
643,-0.025744956169262423,6.36431787565698e-21,zero_signal,5.678506136966228e-17,3.695240705317098e-21,1152,1153,-173.22421885072217
644,-0.07044763602948478,6.264730475957381e-21,zero_signal,5.738606535823764e-17,4.2638045382485825e-21,1153,1154,-173.27527000630184
645,-0.10547869417582945,6.0621224828272774e-21,zero_signal,5.725149762731221e-17,4.830477493718632e-21,1154,1155,-173.36511412278114
646,-0.13595394801021143,5.763437853682853e-21,zero_signal,5.6378678931235e-17,5.354121021124192e-21,1155,1156,-173.4862273946535
647,-0.16741121804635384,5.3751102768483616e-21,zero_signal,5.4803576225183935e-17,5.811704222884476e-21,1156,1157,-173.63702201880156
648,-0.20460404457573134,4.9059913070397795e-21,zero_signal,5.260428609500688e-17,6.189659905295838e-21,1157,1158,-173.8210498307462
649,-0.2520506890867864,4.370607558740713e-21,zero_signal,4.989905705392183e-17,6.476570512577854e-21,1158,1159,-174.04623010795302
650,-0.3154589713550848,3.791000182843166e-21,zero_signal,4.6842087111428677e-17,6.66039623252706e-21,1159,1160,-174.32515120891978
651,-0.4032294753380796,3.1989603434052326e-21,zero_signal,4.3622667238654044e-17,6.730558965960943e-21,1160,1161,-174.6771480506632
652,-0.5239469058362545,2.643250380938777e-21,zero_signal,4.047011730881384e-17,6.6819390402567484e-21,1161,1162,-175.13161015959594
653,-0.6658116020000193,2.204739335521255e-21,zero_signal,3.7659097359941365e-17,6.517243934683695e-21,1162,1163,-175.7250418623357
654,-0.7635986975812301,2.001524621219094e-21,zero_signal,3.549955236245564e-17,6.2463139511141924e-21,1163,1164,-176.46323336359598
655,-0.7492996551175679,2.1185514230935024e-21,zero_signal,3.428954518505814e-17,5.88343144662584e-21,1164,1165,-177.25223925749816
656,-0.6451091078588718,2.507578228732646e-21,zero_signal,3.4226471862553985e-17,5.444728496691343e-21,1165,1166,-177.9618326738311
657,-0.5156516362543044,3.0499418962793935e-21,zero_signal,3.532279256777253e-17,4.947421776586754e-21,1166,1167,-178.5424574732159
658,-0.38815550260952136,3.652199938085607e-21,zero_signal,3.7398772326935455e-17,4.411926081492219e-21,1167,1168,-178.99313594633972
659,-0.2638820350626645,4.2552006174437964e-21,zero_signal,4.0159935224599184e-17,3.8674348046245904e-21,1168,1169,-179.31876847843495
660,-0.14089531095854113,4.8196479154776686e-21,zero_signal,4.3290895408315115e-17,3.36074748102841e-21,1169,1170,-179.52090001646505
661,-0.02748769307349619,5.318601341876363e-21,zero_signal,4.6510488770694035e-17,2.9644062068952908e-21,1170,1171,-179.60055910035203
662,0.049248123438118796,5.734720134959546e-21,zero_signal,4.958582397066135e-17,2.7680789643971833e-21,1171,1172,-179.57587540261204
663,0.06539407557559684,6.05741284745611e-21,zero_signal,5.232666032200652e-17,2.8303479928230213e-21,1172,1173,-179.5020628534758
664,0.033316509909525394,6.279056745762601e-21,zero_signal,5.457822529917631e-17,3.127772721647374e-21,1173,1174,-179.44508725146085
665,-0.01357776770001351,6.39253610200651e-21,zero_signal,5.621996045340966e-17,3.580770697245377e-21,1174,1175,-179.43542983365674
666,-0.05580859298640917,6.39188033871023e-21,zero_signal,5.716884990088782e-17,4.112417374215101e-21,1175,1176,-179.47224278686087
667,-0.09078031734709668,6.2748533058998325e-21,zero_signal,5.738220280360263e-17,4.668076795446326e-21,1176,1177,-179.54704701962956
668,-0.12148992845853002,6.0446569735488454e-21,zero_signal,5.685640892712844e-17,5.208348763114915e-21,1177,1178,-179.65380342155507
669,-0.15124168170370922,5.7094929006117324e-21,zero_signal,5.56223514687308e-17,5.700956429428425e-21,1178,1179,-179.79002687654662
670,-0.18317554322230478,5.281376430030522e-21,zero_signal,5.3740862807846156e-17,6.1184131091906964e-21,1179,1180,-179.9562867849625
671,-0.22102982261296233,4.7759345066821725e-21,zero_signal,5.130133221497677e-17,6.439193244419278e-21,1180,1181,-180.15637796299123
672,-0.2699659609985474,4.213090811275826e-21,zero_signal,4.842474181292779e-17,6.649163766698962e-21,1181,1182,-180.3983464301884
673,-0.33744456352994234,3.6179295846113064e-21,zero_signal,4.5270710091333405e-17,6.7419004470899e-21,1182,1183,-180.69630988498832
674,-0.4337289784795644,3.023445725031113e-21,zero_signal,4.2046465831356684e-17,6.7179082176752155e-21,1183,1184,-181.0732355572483
675,-0.566731476493473,2.4803070764443e-21,zero_signal,3.901269984919413e-17,6.582915632709598e-21,1184,1185,-181.56376784194745
676,-0.7132554434570153,2.07683909972311e-21,zero_signal,3.647605937663223e-17,6.345515056786642e-21,1185,1186,-182.20669851023524
677,-0.7892927459349153,1.9402938954280154e-21,zero_signal,3.4753036693936947e-17,6.015173040742463e-21,1186,1187,-182.99027872886148
678,-0.7358930496681353,2.1379518093925472e-21,zero_signal,3.40964430616643e-17,5.602135935495233e-21,1187,1188,-183.78528400210507
679,-0.6024545538942903,2.587095692570515e-21,zero_signal,3.460856064004718e-17,5.119966646806802e-21,1188,1189,-184.46206482819775
680,-0.4575699558221231,3.160062199242902e-21,zero_signal,3.620137215535593e-17,4.589805270816818e-21,1189,1190,-184.99019310989365
681,-0.3204788090296091,3.770788240624708e-21,zero_signal,3.863788537720311e-17,4.044530471057923e-21,1190,1191,-185.377204739842
682,-0.19072681694146354,4.370130686146783e-21,zero_signal,4.1615270643253483e-17,3.531746686324256e-21,1191,1192,-185.63115072795287
683,-0.07244045059273674,4.927028501929371e-21,zero_signal,4.4831872945093154e-17,3.1152040353821174e-21,1192,1193,-185.75865837372493
684,0.016490619699055742,5.41821673745263e-21,zero_signal,4.802031408007756e-17,2.8696726211212245e-21,1193,1194,-185.77603162913834
685,0.053760987038685926,5.8248936572064686e-21,zero_signal,5.095825574757429e-17,2.8555972297676558e-21,1194,1195,-185.72567713432682
686,0.039317737869225766,6.132379267079769e-21,zero_signal,5.346978942054569e-17,3.0792751006823815e-21,1195,1196,-185.66850965506097
687,-0.001661475292038972,6.329994735646652e-21,zero_signal,5.542347589775784e-17,3.4881236944671394e-21,1196,1197,-185.64704165858836
688,-0.04509752610550777,6.410781152763736e-21,zero_signal,5.672880178283413e-17,4.0081717906242814e-21,1197,1198,-185.67183260564505
689,-0.0816530225416443,6.372125626915222e-21,zero_signal,5.733152974187142e-17,4.572806054066903e-21,1198,1199,-185.73723671079938
690,-0.11131964447824316,6.2172487725437604e-21,zero_signal,5.7208650410244e-17,5.128888867491387e-21,1199,1200,-185.83513865072834
691,-0.13714273986506953,5.955521903831104e-21,zero_signal,5.636467737402831e-17,5.635312541429539e-21,1200,1201,-185.95987599975587
692,-0.16297988979455624,5.6000301805884915e-21,zero_signal,5.483161885790542e-17,6.062390951420274e-21,1201,1202,-186.10942413045848
693,-0.19313264072735592,5.163850638652943e-21,zero_signal,5.2673581605210745e-17,6.392163231518033e-21,1202,1203,-186.28583577934498
694,-0.23240747381279903,4.6585525330229395e-21,zero_signal,4.99939692893382e-17,6.617066346060658e-21,1203,1204,-186.4956894119132
695,-0.28637974857105064,4.096883293423343e-21,zero_signal,4.694133499729325e-17,6.7358008932317514e-21,1204,1205,-186.75065072697058
696,-0.3621538140915561,3.498516900182509e-21,zero_signal,4.3711275566050074e-17,6.748312672941683e-21,1205,1206,-187.0684489090553
697,-0.4690715599360544,2.8974633362468867e-21,zero_signal,4.054473093742974e-17,6.653336528886996e-21,1206,1207,-187.4749583551537
698,-0.6118956323877427,2.3537643181443026e-21,zero_signal,3.772280945201436e-17,6.4501370166526865e-21,1207,1208,-188.0065920289274
699,-0.7543672734766034,1.9722437179718725e-21,zero_signal,3.555114343440077e-17,6.142705487067708e-21,1208,1209,-188.69874961992917
700,-0.7990951637247719,1.8899886210222577e-21,zero_signal,3.4317690047513474e-17,5.742969985894214e-21,1209,1210,-189.5153265758806
701,-0.7053045328189853,2.1505870722768087e-21,zero_signal,3.4216434860203037e-17,5.270883859148544e-21,1210,1211,-190.29693994737872
702,-0.5473819043647268,2.6445182555691453e-21,zero_signal,3.527037266440793e-17,4.752198657086388e-21,1211,1212,-190.92593564151858
703,-0.39226271704134774,3.244836219926454e-21,zero_signal,3.731655678275439e-17,4.216936753576038e-21,1212,1213,-191.39170375610817
704,-0.2515088819578182,3.872410247590424e-21,zero_signal,4.0069204376866117e-17,3.701744514278168e-21,1213,1214,-191.71046107560127
705,-0.12365296006218784,4.480662075963935e-21,zero_signal,4.3207744067526125e-17,3.257156099129825e-21,1214,1215,-191.8947215200238
706,-0.019076511051707712,5.037707250068915e-21,zero_signal,4.6438187240538554e-17,2.954162155226357e-21,1215,1216,-191.95776699572565
707,0.03824217421500009,5.51852191120687e-21,zero_signal,4.95183720486917e-17,2.870287737672429e-21,1216,1217,-191.93287454212722
708,0.037974847229719444,5.903956606885665e-21,zero_signal,5.225963309386432e-17,3.0398093558732423e-21,1217,1218,-191.88128264729565
709,0.0022299912545662437,6.182382088141602e-21,zero_signal,5.4517752733022825e-17,3.419146454968279e-21,1218,1219,-191.85692484766778
710,-0.03896722014324894,6.349857875582453e-21,zero_signal,5.61822417238253e-17,3.921633907732299e-21,1219,1220,-191.87682266478652
711,-0.0724140825996642,6.40716482844224e-21,zero_signal,5.717031290057069e-17,4.4677204068516074e-21,1220,1221,-191.93485928795428
712,-0.09855116760954274,6.3557704307106554e-21,zero_signal,5.742821762166783e-17,5.003488316325011e-21,1221,1222,-192.02165082998584
713,-0.12175043453534329,6.196177997021547e-21,zero_signal,5.693749067805807e-17,5.4977171135041205e-21,1222,1223,-192.13196162317337
714,-0.14593450789936924,5.9296908850122115e-21,zero_signal,5.572028842512388e-17,5.9320690432646386e-21,1223,1224,-192.26515169905653
715,-0.1738391477621235,5.561295360745852e-21,zero_signal,5.383942757433469e-17,6.291678967952024e-21,1224,1225,-192.4238306389721
716,-0.207748940151518,5.10098601422154e-21,zero_signal,5.1393795465852405e-17,6.560670970037739e-21,1225,1226,-192.61282999458078
717,-0.2507544171465952,4.563468020719227e-21,zero_signal,4.851400124839941e-17,6.723640386468117e-21,1226,1227,-192.83932851927514
718,-0.3080681515559007,3.968309279607142e-21,zero_signal,4.5363160662230294e-17,6.770139168696186e-21,1227,1228,-193.11433882887397
719,-0.38824722650215904,3.342365856589118e-21,zero_signal,4.2143948114014554e-17,6.6979480492314325e-21,1228,1229,-193.45546482238694
720,-0.5032354600373168,2.7260397257748188e-21,zero_signal,3.9107470132095333e-17,6.51301069940982e-21,1229,1230,-193.8908332818783
721,-0.6563029875243416,2.187690178964253e-21,zero_signal,3.655256551026424e-17,6.226850899899543e-21,1230,1231,-194.46193574246158
722,-0.7920577648061595,1.846942484558475e-21,zero_signal,3.4796800193011346e-17,5.853643524106075e-21,1231,1232,-195.20343925692697
723,-0.7984747801190224,1.845714600330112e-21,zero_signal,3.4103982042110026e-17,5.408711261416303e-21,1232,1233,-196.0460512720739
724,-0.6636008060793017,2.1902095828861318e-21,zero_signal,3.458843048264684e-17,4.909376935681754e-21,1233,1234,-196.80038881716501
725,-0.4862328461892531,2.740864192589216e-21,zero_signal,3.6164463765246157e-17,4.378572995239527e-21,1234,1235,-197.3732528842325
726,-0.32266970067965417,3.3712768298657416e-21,zero_signal,3.8588373432228775e-17,3.85110323901547e-21,1235,1236,-197.77285450954352
727,-0.17759268248589422,4.007363514662754e-21,zero_signal,4.155190088761394e-17,3.3809775951515895e-21,1236,1237,-198.0185922855918
728,-0.058385856962729576,4.607345298743823e-21,zero_signal,4.4755853545031343e-17,3.0433153585179587e-21,1237,1238,-198.1280398745153
729,0.01406989743291831,5.14654892775452e-21,zero_signal,4.794020459024181e-17,2.915012032946564e-21,1238,1239,-198.13536399951727
730,0.0295368577769608,5.60844284760852e-21,zero_signal,5.0887426473127225e-17,3.0284247158947445e-21,1239,1240,-198.09990007964947
731,0.006301259481816146,5.979421590076393e-21,zero_signal,5.341942857539766e-17,3.346786600522502e-21,1240,1241,-198.07629028396335
732,-0.02856464976717632,6.247350259578176e-21,zero_signal,5.539692812159725e-17,3.799078956842681e-21,1241,1242,-198.08729756068584
733,-0.06107638663777948,6.4027805764134556e-21,zero_signal,5.672074113245361e-17,4.320554291428655e-21,1242,1243,-198.1334195834977
734,-0.08882964604853782,6.440325726645523e-21,zero_signal,5.73317605453856e-17,4.86192173794706e-21,1243,1244,-198.2094503339614
735,-0.11324379600998213,6.3587388669469326e-21,zero_signal,5.720825388793156e-17,5.3839639544954214e-21,1244,1245,-198.31107887559477
736,-0.13625013218897664,6.160580307003011e-21,zero_signal,5.636166684060145e-17,5.8536467881438945e-21,1245,1246,-198.43593792598136
737,-0.15988692665443693,5.852761296936437e-21,zero_signal,5.483305426922222e-17,6.2440247542161756e-21,1246,1247,-198.58357913997273
738,-0.18664730813890174,5.447252637251792e-21,zero_signal,5.269190618567318e-17,6.535396593610199e-21,1247,1248,-198.75571177929024
739,-0.2199100907096465,4.960093259542207e-21,zero_signal,5.003855111927136e-17,6.715952873669569e-21,1248,1249,-198.95687375625053
740,-0.2643762188861132,4.408792792851603e-21,zero_signal,4.701042939034108e-17,6.781574103272555e-21,1249,1250,-199.19553196070953
741,-0.3265788032406647,3.811182123041531e-21,zero_signal,4.3790713938488175e-17,6.7346122489643554e-21,1250,1251,-199.48562619402276
742,-0.41563225285503336,3.1893918244800895e-21,zero_signal,4.061519640291734e-17,6.581499785876552e-21,1251,1252,-199.84868956719086
743,-0.5427119718714408,2.5814307360340895e-21,zero_signal,3.777046274209466e-17,6.3300196148529915e-21,1252,1253,-200.31689069973282
744,-0.7032318449357149,2.0633211784719885e-21,zero_signal,3.557284582862453e-17,5.9881168358341686e-21,1253,1254,-200.93411351093374
745,-0.8178246544880494,1.7741546272272646e-21,zero_signal,3.431638845727358e-17,5.565621821286484e-21,1254,1255,-201.72335438960425
746,-0.7744560527929423,1.8527902858574322e-21,zero_signal,3.419219842327865e-17,5.078276066601023e-21,1255,1256,-202.56976281990984
747,-0.6010497216386455,2.259302118284272e-21,zero_signal,3.521794870911351e-17,4.551854548656841e-21,1256,1257,-203.27226649519014
748,-0.4101691232364999,2.8382070448884394e-21,zero_signal,3.723237842350148e-17,4.024544253642898e-21,1257,1258,-203.77186226318713
749,-0.24548158665251663,3.4767689179312484e-21,zero_signal,3.995909622714185e-17,3.547565507189482e-21,1258,1259,-204.09260474166314
750,-0.11174185232428613,4.113300578557247e-21,zero_signal,4.308700742061559e-17,3.1840797151446004e-21,1259,1260,-204.26282543649216
751,-0.020474238575758363,4.711275996569601e-21,zero_signal,4.632436933864762e-17,3.0007124862136037e-21,1260,1261,-204.3160884463117
752,0.01652655106394718,5.245790175237232e-21,zero_signal,4.9422415263234675e-17,3.0418345020025017e-21,1261,1262,-204.30377391364368
753,0.007269574885015118,5.6975103366527536e-21,zero_signal,5.218141363017889e-17,3.3002966623227058e-21,1262,1263,-204.28303534418382
754,-0.024035178828910375,6.050023725300517e-21,zero_signal,5.444930963410721e-17,3.72210447425301e-21,1263,1264,-204.28923476387365
755,-0.05751576516119883,6.2901689196925916e-21,zero_signal,5.611712400761006e-17,4.2379739502077896e-21,1264,1265,-204.33110570184164
756,-0.08534687125033713,6.410629300808512e-21,zero_signal,5.711247264491476e-17,4.784887022087021e-21,1265,1266,-204.40426629419605
757,-0.10715123039626917,6.411914150904243e-21,zero_signal,5.739295890028167e-17,5.312019724422488e-21,1266,1267,-204.5017994443423
758,-0.1254465179466706,6.300872574353073e-21,zero_signal,5.694251369982005e-17,5.781697095191564e-21,1267,1268,-204.6185687549886
759,-0.14371272729793816,6.086233203254772e-21,zero_signal,5.577316630541188e-17,6.1698631580155995e-21,1268,1269,-204.75269248023565
760,-0.16556830117406207,5.7748751499181755e-21,zero_signal,5.393139132778028e-17,6.464795392660445e-21,1269,1270,-204.90599420958446
761,-0.1942660298169585,5.3718913869701136e-21,zero_signal,5.1504729222860154e-17,6.662581593504728e-21,1270,1271,-205.08382908258378
762,-0.2326156069571823,4.883842029330011e-21,zero_signal,4.86244372188756e-17,6.761016560455489e-21,1271,1272,-205.29452626921838
763,-0.28363438960649034,4.322216417812089e-21,zero_signal,4.5463892209193557e-17,6.755899767181422e-21,1272,1273,-205.54906029649814
764,-0.35200438394285527,3.705570203565209e-21,zero_signal,4.223645869727605e-17,6.642262505046035e-21,1273,1274,-205.86179504843136
765,-0.4461797530453282,3.0624160715705928e-21,zero_signal,3.9195668332320964e-17,6.419116360030968e-21,1274,1275,-206.25306906438385
766,-0.5784617930901987,2.4402375562841786e-21,zero_signal,3.6632722373937574e-17,6.0937472860382e-21,1275,1276,-206.75415455452202
767,-0.7394976057086495,1.9286871727246113e-21,zero_signal,3.485455495644234e-17,5.68250818988891e-21,1276,1277,-207.40999265056425
768,-0.8274109463466885,1.6857824860792289e-21,zero_signal,3.412301702968142e-17,5.208263527825757e-21,1277,1278,-208.23314976593932
769,-0.7354775042229846,1.8412995888766225e-21,zero_signal,3.4564576791845934e-17,4.6973628018745184e-21,1278,1279,-209.06481454325763
770,-0.5315711758723864,2.3111264735554698e-21,zero_signal,3.6110651609319014e-17,4.179578767372648e-21,1279,1280,-209.70410477438529
771,-0.335131347150039,2.9293609530614476e-21,zero_signal,3.852450978971974e-17,3.692966232209241e-21,1280,1281,-210.1279568950024
772,-0.17620997812510097,3.5912110578869146e-21,zero_signal,4.149062329749078e-17,3.292094622422771e-21,1281,1282,-210.37436746868536
773,-0.06115238155078373,4.2381567437072084e-21,zero_signal,4.469756158783437e-17,3.0498830088440358e-21,1282,1283,-210.4803768512526
774,-0.0035854768605361187,4.8326507556125206e-21,zero_signal,4.787978568831477e-17,3.0326970279308528e-21,1283,1284,-210.49667223178693
775,-0.0005179367186229911,5.3497649860877626e-21,zero_signal,5.0825012702736984e-17,3.2510444931229304e-21,1284,1285,-210.48754780497367
776,-0.025565807897592663,5.7748344506013814e-21,zero_signal,5.336544543137653e-17,3.6468219882449275e-21,1285,1286,-210.49770810522418
777,-0.05403011407784675,6.100314343025805e-21,zero_signal,5.5367366846674717e-17,4.1375133383619144e-21,1286,1287,-210.53867942076886
778,-0.07719530836375554,6.321384824697952e-21,zero_signal,5.67269394230124e-17,4.656427200531377e-21,1287,1288,-210.60576833337987
779,-0.09611770101669492,6.433086982055416e-21,zero_signal,5.737308644155582e-17,5.16195342759401e-21,1288,1289,-210.69307003749637
780,-0.11391674527384055,6.430694683696851e-21,zero_signal,5.727291910985772e-17,5.6297817390701e-21,1289,1290,-210.79800373541326
781,-0.13285312430116392,6.311927422084277e-21,zero_signal,5.643412868271002e-17,6.04184374998061e-21,1290,1291,-210.92090352804405
782,-0.15422183039875392,6.078458574644986e-21,zero_signal,5.49023109239114e-17,6.3795075692093855e-21,1291,1292,-211.0637099840156
783,-0.17918542141249816,5.736023488217206e-21,zero_signal,5.275581624204547e-17,6.623560468588964e-21,1292,1293,-211.22934718884156
784,-0.20960533378089963,5.2943649041809836e-21,zero_signal,5.010260984526386e-17,6.758592997989864e-21,1293,1294,-211.42208082684058
785,-0.24854744278138696,4.767715807015286e-21,zero_signal,4.7082168898783354e-17,6.777134976977668e-21,1294,1295,-211.64855785640336
786,-0.30058328118443,4.174988035124802e-21,zero_signal,4.3872569920423364e-17,6.680547910355938e-21,1295,1296,-211.91917571240336
787,-0.3722968299277625,3.53946816368578e-21,zero_signal,4.069987273982154e-17,6.4769320405916114e-21,1296,1297,-212.24972441877222
788,-0.47361058626518115,2.8910682335715267e-21,zero_signal,3.7842605313858315e-17,6.178119549769613e-21,1297,1298,-212.66376937225888
789,-0.616690193550042,2.278369977848808e-21,zero_signal,3.5617358198238365e-17,5.797578323866082e-21,1298,1299,-213.19694559130258
790,-0.7782334557908968,1.8008230220825472e-21,zero_signal,3.4327588271124e-17,5.3501800507453845e-21,1299,1300,-213.89714975935897
791,-0.8272641480580774,1.6352884898539105e-21,zero_signal,3.4175065646246566e-17,4.854298550891651e-21,1300,1301,-214.75341250288437
792,-0.68001975163628,1.8854780175973764e-21,zero_signal,3.5179989653453227e-17,4.336308160779763e-21,1301,1302,-215.55167805547512
793,-0.4502696219148845,2.41573522155971e-21,zero_signal,3.717609963561361e-17,3.836625037448949e-21,1302,1303,-216.11345200615693
794,-0.2539993431027341,3.0573407207731355e-21,zero_signal,3.988354707421726e-17,3.414215355820465e-21,1303,1304,-216.4522172993049
795,-0.11373319988831554,3.718781886167509e-21,zero_signal,4.2994551802460496e-17,3.1415872456705464e-21,1304,1305,-216.6214506923624
796,-0.035025792022523206,4.354002412223699e-21,zero_signal,4.6224182525078043e-17,3.0789921783203533e-21,1305,1306,-216.67968369908152
797,-0.012665889017725362,4.935247933154544e-21,zero_signal,4.9327716604724085e-17,3.237514360007208e-21,1306,1307,-216.69150227640745
798,-0.02433767322126812,5.4422451956133254e-21,zero_signal,5.210337046699251e-17,3.5744267001978165e-21,1307,1308,-216.70501547711697
799,-0.04744710034285049,5.859045242990711e-21,zero_signal,5.439197183933917e-17,4.026687552340337e-21,1308,1309,-216.74017762284998
800,-0.07089350956023566,6.173161733459062e-21,zero_signal,5.607622395445191e-17,4.537376594715625e-21,1309,1310,-216.79990967780267
801,-0.09189176767080198,6.3747919601998494e-21,zero_signal,5.707894602972584e-17,5.060221790494316e-21,1310,1311,-216.88196464197046
802,-0.1105916229342796,6.456695775651905e-21,zero_signal,5.73599331371905e-17,5.556669942264966e-21,1311,1312,-216.98369321314428
803,-0.12784041156143644,6.415833309666681e-21,zero_signal,5.691193350483691e-17,5.994571723282414e-21,1312,1313,-217.10314788783901
804,-0.14486757899743452,6.25563910337528e-21,zero_signal,5.575693117730269e-17,6.348846409269076e-21,1313,1314,-217.23937403626715
805,-0.16355052304908213,5.98603362475342e-21,zero_signal,5.3944611364395206e-17,6.6024782269346095e-21,1314,1315,-217.39288304583388
806,-0.18664948126604486,5.6200412091038885e-21,zero_signal,5.155484579337922e-17,6.746942386161122e-21,1315,1316,-217.56647508236532
807,-0.21772152289038615,5.1695974057616436e-21,zero_signal,4.870430395168643e-17,6.781440465819062e-21,1316,1317,-217.76618200836597
808,-0.2607091613740806,4.6443824516228546e-21,zero_signal,4.555463629247429e-17,6.710413019002138e-21,1317,1318,-218.0019181281461
809,-0.31959225239410216,4.054949972492214e-21,zero_signal,4.231822033912558e-17,6.5400076157166034e-21,1318,1319,-218.28760033111413
810,-0.398930789559671,3.4183957756947655e-21,zero_signal,3.925771898849942e-17,6.275762302936073e-21,1319,1320,-218.6411026329343
811,-0.506395579705142,2.765580429404558e-21,zero_signal,3.667480191722109e-17,5.9235895503380844e-21,1320,1321,-219.08546191023348
812,-0.6518774561906326,2.1551156274507023e-21,zero_signal,3.487876379912697e-17,5.493851377099529e-21,1321,1322,-219.65389379234458
813,-0.7969682153899527,1.706251686969819e-21,zero_signal,3.412482761326162e-17,5.0060016230325775e-21,1322,1323,-220.38921682261474
814,-0.7957970081481136,1.6094436692194755e-21,zero_signal,3.4533606485848267e-17,4.4911095336103366e-21,1323,1324,-221.24783022312448
815,-0.6027413810976867,1.928167226816606e-21,zero_signal,3.604137224380835e-17,3.99166267181047e-21,1324,1325,-221.98081083891097
816,-0.3657248549147738,2.494614606253058e-21,zero_signal,3.842494464350774e-17,3.560116960284549e-21,1325,1326,-222.45331298531985
817,-0.18727198642615406,3.152300389693955e-21,zero_signal,4.1379853118509754e-17,3.2561640204809045e-21,1326,1327,-222.71226054874052
818,-0.07815571483082806,3.821771181161354e-21,zero_signal,4.459486422773522e-17,3.1364214632184173e-21,1327,1328,-222.82785695817216
819,-0.032321035972529444,4.460663576212637e-21,zero_signal,4.7794425789077664e-17,3.2306045570095145e-21,1328,1329,-222.86857197840217
820,-0.03170583001244154,5.039742842710357e-21,zero_signal,5.075396474961231e-17,3.521327055029932e-21,1329,1330,-222.89249903011722
821,-0.05153848249783266,5.5351032102061314e-21,zero_signal,5.330049713715364e-17,3.9534222393158415e-21,1330,1331,-222.93198363842706
822,-0.07418334997487364,5.92851194020621e-21,zero_signal,5.530624077988066e-17,4.460328314212147e-21,1331,1332,-222.9955759951129
823,-0.09266254048642963,6.209992656399342e-21,zero_signal,5.667950932098976e-17,4.981941982129911e-21,1332,1333,-223.0803503383768
824,-0.10656856560267158,6.377842404312118e-21,zero_signal,5.735708415420516e-17,5.47155566392765e-21,1333,1334,-223.18090107608575
825,-0.11831598014536837,6.4348324879063015e-21,zero_signal,5.730204540412822e-17,5.898110949898577e-21,1334,1335,-223.29348746958215
826,-0.13108110879602464,6.383523543731267e-21,zero_signal,5.650800113833549e-17,6.245332983623081e-21,1335,1336,-223.41753303637648
827,-0.14761010790326168,6.224440127809658e-21,zero_signal,5.5006119617257965e-17,6.5069175897057984e-21,1336,1337,-223.5556496871742
828,-0.16967703902213316,5.9578270050678996e-21,zero_signal,5.286942556651427e-17,6.6792805664091236e-21,1337,1338,-223.712753252183
829,-0.1983152360055982,5.586572093637944e-21,zero_signal,5.021168899493219e-17,6.756259635195563e-21,1338,1339,-223.89500376521846
830,-0.23464623772046878,5.1179276265690645e-21,zero_signal,4.718345930176404e-17,6.729313836360509e-21,1339,1340,-224.1093837241942
831,-0.28076835748386486,4.5640100374226914e-21,zero_signal,4.3970590407652194e-17,6.5924836021473216e-21,1340,1341,-224.3642962406594
832,-0.34028744607454087,3.942481505873023e-21,zero_signal,4.0798233058960697e-17,6.347828663959425e-21,1341,1342,-224.67092043916193
833,-0.4189576367108856,3.278483274012492e-21,zero_signal,3.79361669831024e-17,6.007346079516813e-21,1342,1343,-225.04487113280848
834,-0.5272060053786305,2.6097275990836613e-21,zero_signal,3.5691330345419e-17,5.590696913934267e-21,1343,1344,-225.5088357125837
835,-1.8584116143535994,2.002566945667266e-21,zero_signal,3.436605220431144e-17,5.1213656825687325e-21,1344,1345,-226.09928314356574
836,-1.6145654218114487,5.3056638799717066e-21,zero_signal,5.078414385235015e-17,4.1929797547972495e-21,1375,1376,-229.2256589412909
837,-0.11132785957804003,5.613747464652299e-21,zero_signal,5.187667272634129e-17,4.6932762750709625e-21,1376,1377,-229.32841398718864
838,-0.12759709570377709,5.82964716693718e-21,zero_signal,5.248343459841314e-17,5.1857582600553474e-21,1377,1378,-229.44831466044698
839,-0.14322337575592314,5.9474681976226695e-21,zero_signal,5.2569179778440874e-17,5.645835816057321e-21,1378,1379,-229.5836081785962
840,-0.15973682320193916,5.962520250724287e-21,zero_signal,5.2132833665347654e-17,6.054688050634506e-21,1379,1380,-229.73476141195883
841,-0.17764072822234311,5.872282358972232e-21,zero_signal,5.1204507978854927e-17,6.392822205763785e-21,1380,1381,-229.90308182500007
842,-0.19723257687547857,5.676887176086771e-21,zero_signal,4.9839797514621166e-17,6.6402341892461735e-21,1381,1382,-230.09004286840351
843,-0.2192964679183973,5.380048353071936e-21,zero_signal,4.811576891860298e-17,6.781035726765575e-21,1382,1383,-230.29754697875103
844,-0.24529162510839342,4.9904615625313274e-21,zero_signal,4.6131166304536983e-17,6.807821480306029e-21,1383,1384,-230.5286358042403
845,-0.2772088581747454,4.522082904819794e-21,zero_signal,4.4009942890506194e-17,6.722370202953313e-21,1384,1385,-230.78813022896782
846,-0.3175123950610299,3.992394776102721e-21,zero_signal,4.1904324814343464e-17,6.532822130666922e-21,1385,1386,-231.0830535205898
847,-0.36975467463364,3.4207759698582316e-21,zero_signal,3.9991917713261745e-17,6.249988491507609e-21,1386,1387,-231.42315501908988
848,-0.44068371761358094,2.8314295705693762e-21,zero_signal,3.846122722335424e-17,5.8853820737631855e-21,1387,1388,-231.82256286985708
849,-0.5413323395789007,2.2657738243094975e-21,zero_signal,3.7483150865722514e-17,5.451987270060738e-21,1388,1389,-232.30452245431704
850,-0.6606201163949805,1.809052887862061e-21,zero_signal,3.7174418192383354e-17,4.96741812559529e-21,1389,1390,-232.90522754901488
851,-0.7004015325645838,1.611922753634889e-21,zero_signal,3.7568799991724344e-17,4.458556327195939e-21,1390,1391,-233.625762687107
852,-0.5755036630756791,1.78317711293886e-21,zero_signal,3.8611800953402576e-17,3.9664991043137734e-21,1391,1392,-234.30603061414405
853,-0.3693974655877099,2.230472227056219e-21,zero_signal,4.0179746530214484e-17,3.549293582936684e-21,1392,1393,-234.77677001325836
854,-0.20186005965199172,2.8008211500140843e-21,zero_signal,4.210916011040542e-17,3.2759561332284752e-21,1393,1394,-235.04482554531947
855,-0.10510172172229204,3.401857712114197e-21,zero_signal,4.4222392357969256e-17,3.2030505251885846e-21,1394,1395,-235.18049013256234
856,-0.06962880409803063,3.9852646237691906e-21,zero_signal,4.6345414272349016e-17,3.3427242265428435e-21,1395,1396,-235.25502898876405
857,-0.07167102218269861,4.52248924229458e-21,zero_signal,4.8320137715998536e-17,3.6577893624834595e-21,1396,1397,-235.3197477407584
858,-0.08857201882003096,4.9944395148900766e-21,zero_signal,5.0013369546078374e-17,4.089875758962361e-21,1397,1398,-235.39837103312945
859,-0.10815749025000798,5.387037453575398e-21,zero_signal,5.1322366077389364e-17,4.5837254433523236e-21,1398,1399,-235.49689177839846
860,-0.1263882742686775,5.688432220018801e-21,zero_signal,5.2176498349292846e-17,5.092872856894973e-21,1399,1400,-235.61468601362947
861,-0.1425919403616689,5.8880300823293605e-21,zero_signal,5.2535503690128996e-17,5.5781582313583706e-21,1400,1401,-235.74966832693582
862,-0.15712864174751928,5.9782681616577015e-21,zero_signal,5.23857708076747e-17,6.007408503451881e-21,1401,1402,-235.8998698943528
863,-0.17081129504758508,5.9576559901571e-21,zero_signal,5.173665167283361e-17,6.3565190587747795e-21,1402,1403,-236.06392561043086
864,-0.1849714702297689,5.831668964205579e-21,zero_signal,5.061897028148642e-17,6.610002846653872e-21,1403,1404,-236.24149248444797
865,-0.20155838375112012,5.609819206009546e-21,zero_signal,4.908716081662314e-17,6.760287899956551e-21,1404,1405,-236.4338685508904
866,-0.2228873078106659,5.301161538946671e-21,zero_signal,4.722428979328987e-17,6.806027094166563e-21,1405,1406,-236.64460925195021
867,-0.25096899556939434,4.912159979344987e-21,zero_signal,4.5146561873281455e-17,6.749700583712653e-21,1406,1407,-236.87964316651173
868,-0.2868416762498214,4.448521005826254e-21,zero_signal,4.300294105853519e-17,6.595074813974739e-21,1407,1408,-237.146547243089
869,-0.3306954218807192,3.919224697535825e-21,zero_signal,4.096731614271236e-17,6.345895775403374e-21,1408,1409,-237.45332651901137
870,-0.383665786278101,3.340419505582516e-21,zero_signal,3.922362232044092e-17,6.007207300732253e-21,1409,1410,-237.80793808685044
871,-0.4519083149691454,2.73991303091198e-21,zero_signal,3.794576372307024e-17,5.589172703175882e-21,1410,1411,-238.22065809156757
872,-0.5483902683018584,2.1678892534601085e-21,zero_signal,3.727374862070318e-17,5.1113843562610764e-21,1411,1412,-238.71175471678873
873,-0.6575107049384741,1.7227988507975927e-21,zero_signal,3.7288468027151224e-17,4.605179829370776e-21,1412,1413,-239.3174386281713
874,-0.668059821594909,1.5674863282096764e-21,zero_signal,3.7992132148964533e-17,4.1130911959400234e-21,1413,1414,-240.02677612666568
875,-0.5137423970148944,1.791589180515137e-21,zero_signal,3.930442389628321e-17,3.686683215872238e-21,1414,1415,-240.6535582713611
876,-0.3087450453909355,2.2741624305240147e-21,zero_signal,4.1078772423949543e-17,3.383273187412781e-21,1415,1416,-241.05426092069547
877,-0.16679815664339515,2.8650283716150345e-21,zero_signal,4.31321509669175e-17,3.2566668871851337e-21,1416,1417,-241.27104836214298
878,-0.10044938583315854,3.4803714922098336e-21,zero_signal,4.527627289575939e-17,3.3363435866975973e-21,1417,1418,-241.38785723398226
879,-0.08667793200635288,4.073980043708978e-21,zero_signal,4.73410029216144e-17,3.608259248773359e-21,1418,1419,-241.4719471338093
880,-0.09806881857483063,4.614047990991283e-21,zero_signal,4.918650951808524e-17,4.020932688769504e-21,1419,1420,-241.56121309799497
881,-0.11531109094413239,5.077042070690642e-21,zero_signal,5.0704969704985344e-17,4.509742701600528e-21,1420,1421,-241.66808477095896
882,-0.1299688427154848,5.4484244529956444e-21,zero_signal,5.1815611044809906e-17,5.015787798311136e-21,1421,1422,-241.79183527988323
883,-0.14068475227132637,5.722629797855586e-21,zero_signal,5.245885293599018e-17,5.493748564377815e-21,1422,1423,-241.92802245638993
884,-0.14938618803206793,5.8996178189203285e-21,zero_signal,5.259486040297035e-17,5.9137172575743324e-21,1423,1424,-242.07320478442588
885,-0.15896618730128864,5.980106333498265e-21,zero_signal,5.2208050722035705e-17,6.25959604897198e-21,1424,1425,-242.22679483245406
886,-0.1717924951275478,5.9629572504188555e-21,zero_signal,5.131410073138975e-17,6.5242730742404184e-21,1425,1426,-242.39113715902846
887,-0.18891845197703105,5.845813403445528e-21,zero_signal,4.996379832566214e-17,6.703005238053577e-21,1426,1427,-242.57037982270916
888,-0.21019046050878387,5.62729407297389e-21,zero_signal,4.824068760138009e-17,6.788628539842073e-21,1427,1428,-242.76897406298252
889,-0.23505588738447614,5.3088150569868684e-21,zero_signal,4.6254546014562294e-17,6.771762163219435e-21,1428,1429,-242.99076074372672
890,-0.26342494794072024,4.895806931086585e-21,zero_signal,4.41356725881258e-17,6.6456422320897454e-21,1429,1430,-243.23908583775147
891,-0.29604831791830577,4.398980046851373e-21,zero_signal,4.2033094783043005e-17,6.411730264920411e-21,1430,1431,-243.51761063960817
892,-0.3345901469759269,3.835432270359999e-21,zero_signal,4.0114377708367945e-17,6.0819022028247324e-21,1431,1432,-243.8311824735881
893,-0.38262145792946,3.2291323832365743e-21,zero_signal,3.8559498209093345e-17,5.676023664659074e-21,1432,1433,-244.18679093356002
894,-0.44937657784718965,2.61298888435729e-21,zero_signal,3.7540497621922045e-17,5.217485058612836e-21,1433,1434,-244.596425389447
895,-0.550853770836568,2.0403389201509005e-21,zero_signal,3.718596415988119e-17,4.7309221322827256e-21,1434,1435,-245.0855440892544
896,-0.6605774349469158,1.6181753277446863e-21,zero_signal,3.754379278833321e-17,4.245009081930854e-21,1435,1436,-245.69813293112014
897,-0.6441041301085306,1.5237195815313364e-21,zero_signal,3.85649704399233e-17,3.799853355659671e-21,1436,1437,-246.40669895914823
898,-0.45992560440603825,1.8226407638332748e-21,zero_signal,4.0120263930200354e-17,3.453564757066116e-21,1437,1438,-246.9863411913372
899,-0.2614423170464022,2.3571430281055204e-21,zero_signal,4.2037744861682904e-17,3.275349137883381e-21,1438,1439,-247.3265501679603
900,-0.15070798756185866,2.9730725420451837e-21,zero_signal,4.413793855742531e-17,3.3128523795118452e-21,1439,1440,-247.50922582543
901,-0.11280460630041489,3.59130730406797e-21,zero_signal,4.625327408493622e-17,3.5554934337584304e-21,1440,1441,-247.62796614308402
902,-0.10961070555738672,4.1733364243615445e-21,zero_signal,4.823388692580085e-17,3.942128190390496e-21,1441,1442,-247.73483503803084
903,-0.11647102064360126,4.698009370817459e-21,zero_signal,4.9948834496515804e-17,4.402583731241573e-21,1442,1443,-247.8471875541988
904,-0.12485018050767849,5.1510566133171826e-21,zero_signal,5.128934626567356e-17,4.884504521131091e-21,1443,1444,-247.96777707931804
905,-0.13390343331771248,5.52109333839225e-21,zero_signal,5.2174543576349147e-17,5.355159205984545e-21,1444,1445,-248.09688791521415
906,-0.14423794795841616,5.798588377315164e-21,zero_signal,5.255601224335535e-17,5.7921381093470785e-21,1445,1446,-248.23558394595346
907,-0.15595449567081232,5.975441914762423e-21,zero_signal,5.2418150591397764e-17,6.174686256774653e-21,1446,1447,-248.385363811131
908,-0.16881742405669797,6.044768296384796e-21,zero_signal,5.177456470581339e-17,6.481116731167455e-21,1447,1448,-248.5474929372951
909,-0.1828266035969648,6.001963255507124e-21,zero_signal,5.066342519300875e-17,6.692016010845533e-21,1448,1449,-248.72299865924438
910,-0.1984950665470251,5.847153785702797e-21,zero_signal,4.9144816454574156e-17,6.795086945872342e-21,1449,1450,-248.91314614448902
911,-0.21682758351985854,5.586860950659742e-21,zero_signal,4.730142971683178e-17,6.787377207634684e-21,1450,1451,-249.11998879233843
912,-0.23915561723288192,5.232598041026061e-21,zero_signal,4.524192952305731e-17,6.6736747524382104e-21,1451,1452,-249.34680131152874
913,-0.26681508681289756,4.797085459085154e-21,zero_signal,4.3104490448621843e-17,6.462934833618744e-21,1452,1453,-249.5983000268042
914,-0.30067430351458313,4.2915635778852744e-21,zero_signal,4.105630726087186e-17,6.1653953065262144e-21,1453,1454,-249.88043148515453
915,-0.34111271764253104,3.7271615096897796e-21,zero_signal,3.928400735575043e-17,5.791933316984039e-21,1454,1455,-250.19964863383336
916,-0.39008708974942863,3.12043134513485e-21,zero_signal,3.7971570273001197e-17,5.355893198049017e-21,1455,1456,-250.5626569204396
917,-0.45702038165595127,2.502299935741535e-21,zero_signal,3.726803183126998e-17,4.876868428956186e-21,1456,1457,-250.97982281333222
918,-0.5583180871194031,1.934859553118834e-21,zero_signal,3.7255336838270644e-17,4.385494459578934e-21,1457,1458,-251.4766976837515
919,-0.6509030702318341,1.546354023754369e-21,zero_signal,3.793065965080484e-17,3.927549603683579e-21,1458,1459,-252.09645898757103
920,-0.5958054109358528,1.521830512547154e-21,zero_signal,3.921093241297045e-17,3.5636379869191786e-21,1459,1460,-252.77850382421516
921,-0.39990112725118365,1.877977552883688e-21,zero_signal,4.095449151558552e-17,3.3576630693352354e-21,1460,1461,-253.28806980944273
922,-0.23081177724426993,2.4353228891683386e-21,zero_signal,4.298804808994684e-17,3.350868502392402e-21,1461,1462,-253.57830607871753
923,-0.14988543431144308,3.0569387108593235e-21,zero_signal,4.5130459500603577e-17,3.539175113971842e-21,1462,1463,-253.74969336393127
924,-0.12444332172452732,3.6768534499906755e-21,zero_signal,4.721070057556401e-17,3.88018797855391e-21,1463,1464,-253.87807694734042
925,-0.12303853395309261,4.261288131509472e-21,zero_signal,4.908025697760496e-17,4.319181153351318e-21,1464,1465,-253.99858000738033
926,-0.1300706204634281,4.7880202454934775e-21,zero_signal,5.062044521186074e-17,4.805327777411302e-21,1465,1466,-254.1241540152466
927,-0.13934786621777562,5.2380399051835794e-21,zero_signal,5.174499225671752e-17,5.2947184256908466e-21,1466,1467,-254.25872124830718
928,-0.14854419331382474,5.594507161274665e-21,zero_signal,5.239842356664786e-17,5.750048267484855e-21,1467,1468,-254.40284974768215
929,-0.1568698357435636,5.845869661355704e-21,zero_signal,5.255166002002741e-17,6.1415207952681736e-21,1468,1469,-254.55580963493483
930,-0.1645502531052898,5.9885825521792155e-21,zero_signal,5.219754326637044e-17,6.448221109210836e-21,1469,1470,-254.71658941916928
931,-0.17284304507658987,6.02589663123423e-21,zero_signal,5.134956328508663e-17,6.65848287445323e-21,1470,1471,-254.8849101411454
932,-0.18379973864927024,5.963324197651076e-21,zero_signal,5.004535544352706e-17,6.768683719167655e-21,1471,1472,-255.06227550932246
933,-0.1994866310633654,5.804577694523656e-21,zero_signal,4.835295059018253e-17,6.780480305151832e-21,1472,1473,-255.25250961844395
934,-0.22098375969561346,5.550903829152364e-21,zero_signal,4.637505855716012e-17,6.697172228844612e-21,1473,1474,-255.4612487714492
935,-0.24781907386157798,5.20338864224387e-21,zero_signal,4.4247444819213026e-17,6.5210184942125155e-21,1474,1475,-255.69447713783518
936,-0.27824834308250956,4.765813700634038e-21,zero_signal,4.213117711798145e-17,6.2535957633380235e-21,1475,1476,-255.95688691917235
937,-0.31027912226363696,4.24658184154467e-21,zero_signal,4.0201513871375024e-17,5.8996095519198494e-21,1476,1477,-256.2509738240002
938,-0.34335973549249843,3.660296200315668e-21,zero_signal,3.863520588910782e-17,5.4720725908805986e-21,1477,1478,-256.5774451636996
939,-0.3817013826448772,3.0305039672261385e-21,zero_signal,3.759395526746532e-17,4.9956545119935474e-21,1478,1479,-256.9376932949852
940,-0.4408207024190176,2.3958635759781482e-21,zero_signal,3.720039897673996e-17,4.506389180958773e-21,1479,1480,-257.3408479289894
941,-0.5433486191214172,1.8270922258910484e-21,zero_signal,3.7509546968166654e-17,4.048801408487602e-21,1480,1481,-257.81933469982323
942,-0.632403350798171,1.466384921739262e-21,zero_signal,3.848914831573529e-17,3.673038280679582e-21,1481,1482,-258.4275451672322
943,-0.560865348138293,1.5019610702198376e-21,zero_signal,4.002340948040613e-17,3.4317026264936115e-21,1482,1483,-259.0841414014196
944,-0.3669133446732076,1.9126062439509883e-21,zero_signal,4.194052962591412e-17,3.3699811710401426e-21,1483,1484,-259.5492758635088
945,-0.2229786736059225,2.50534626651832e-21,zero_signal,4.404972492123727e-17,3.505575800841064e-21,1484,1485,-259.817968090766
946,-0.16317879384058642,3.1500939138522442e-21,zero_signal,4.617164640698491e-17,3.814593015877744e-21,1485,1486,-259.99523321072064
947,-0.1469789977862206,3.7806650386851926e-21,zero_signal,4.815425566984202e-17,4.241713348207066e-21,1486,1487,-260.14432567844716
948,-0.14550330942782352,4.3604310683024626e-21,zero_signal,4.987504882551504e-17,4.723455477968611e-21,1487,1488,-260.2891912062931
949,-0.1466807400147161,4.869259211026744e-21,zero_signal,5.1236001578953574e-17,5.2051333481956015e-21,1488,1489,-260.4353322973028
950,-0.14775560570203083,5.29700959403e-21,zero_signal,5.2159069015072494e-17,5.647938260364162e-21,1489,1490,-260.5825526863225
951,-0.1498754947954808,5.6379070136224954e-21,zero_signal,5.2587260463240005e-17,6.02945975912993e-21,1490,1491,-260.73084350870687
952,-0.15495682146789136,5.886618301292447e-21,zero_signal,5.249072591184814e-17,6.339457838097397e-21,1491,1492,-260.8823036759135
953,-0.16403312733325492,6.03706893803984e-21,zero_signal,5.1872836290365e-17,6.572599310286768e-21,1492,1493,-261.04075715164265
954,-0.1768781139429052,6.083127542919889e-21,zero_signal,5.0771359056123075e-17,6.721880466480041e-21,1493,1494,-261.21036993058
955,-0.19260454064547616,6.019767526567451e-21,zero_signal,4.925409488368858e-17,6.776784856173919e-21,1494,1495,-261.39451337952846
956,-0.21053430382264082,5.844453246587284e-21,zero_signal,4.741273986957286e-17,6.727096277577959e-21,1495,1496,-261.59557901187094
957,-0.23063495925975985,5.559078072433219e-21,zero_signal,4.535957576059841e-17,6.569122653315116e-21,1496,1497,-261.81558198717374
958,-0.25328787271743636,5.1716517302085234e-21,zero_signal,4.3228534618665835e-17,6.309544931864966e-21,1497,1498,-262.05684893039046
959,-0.2786606350894658,4.695970205387428e-21,zero_signal,4.117758855508791e-17,5.9643791064663065e-21,1498,1499,-262.3221577326086
960,-0.30630318474334217,4.148935796732786e-21,zero_signal,3.9385823133226424e-17,5.5545525709095756e-21,1499,1500,-262.6141702005694
961,-0.3360973470160218,3.548129865386976e-21,zero_signal,3.8037797121731816e-17,5.102124445499908e-21,1500,1501,-262.9347641020953
962,-0.37267779286739255,2.9138381984129127e-21,zero_signal,3.729217368080551e-17,4.630684228682142e-21,1501,1502,-263.28636489460143
963,-0.43508542553286134,2.279833772415127e-21,zero_signal,3.7242737849920704e-17,4.170757393821193e-21,1502,1503,-263.6801196878301
964,-0.548422567378168,1.7210252251940545e-21,zero_signal,3.789161700989135e-17,3.767396979604146e-21,1503,1504,-264.15653574566716
965,-0.6293646304906133,1.40499359977714e-21,zero_signal,3.915181586697728e-17,3.482296971534248e-21,1504,1505,-264.7769648225864
966,-0.5321520305334957,1.5239784313438865e-21,zero_signal,4.08758206184172e-17,3.3779286389916157e-21,1505,1506,-265.4152650066484
967,-0.34277368001249897,1.9941895839521774e-21,zero_signal,4.2890228674281686e-17,3.481836865822099e-21,1506,1507,-265.8412688836534
968,-0.2236253801104624,2.6077286445623212e-21,zero_signal,4.502011055669477e-17,3.76502543049966e-21,1507,1508,-266.1008123666734
969,-0.17363341674317212,3.2517990444600987e-21,zero_signal,4.7101241324781803e-17,4.164305819749622e-21,1508,1509,-266.28851964387434
970,-0.15404423420466173,3.875398951282253e-21,zero_signal,4.8986634908186036e-17,4.618785076184062e-21,1509,1510,-266.4480792001597
971,-0.14709776553024767,4.451227121964843e-21,zero_signal,5.055247758505287e-17,5.085605379581146e-21,1510,1511,-266.59660811228366
972,-0.1467339144312234,4.961703272727686e-21,zero_signal,5.1703774411263177e-17,5.536444190679132e-21,1511,1512,-266.7422747312202
973,-0.1504736380552174,5.393177137580937e-21,zero_signal,5.2377562815611324e-17,5.948527378455839e-21,1512,1513,-266.8900759411461
974,-0.15678340002980917,5.7328407818368844e-21,zero_signal,5.254248608742725e-17,6.299227097635196e-21,1513,1514,-267.04322200733066
975,-0.16464632181896377,5.9683981387864206e-21,zero_signal,5.219562715189357e-17,6.56678870030107e-21,1514,1515,-267.2036427412057
976,-0.17360036463188067,6.090757511900434e-21,zero_signal,5.135867903209315e-17,6.734664156702776e-21,1515,1516,-267.3725146509686
977,-0.18379402316665505,6.097423242544134e-21,zero_signal,5.0075514975574763e-17,6.795066430576436e-21,1516,1517,-267.5508434704695
978,-0.19602837495719427,5.99306152127222e-21,zero_signal,4.841259020056667e-17,6.749101347176809e-21,1517,1518,-267.7401026973019
979,-0.21161388520008018,5.786221171270443e-21,zero_signal,4.6462346432243014e-17,6.603959973064988e-21,1518,1519,-267.9429002203839
980,-0.23175515117270606,5.484952897679377e-21,zero_signal,4.4347666846768594e-17,6.369405492281943e-21,1519,1520,-268.16333046770205
981,-0.25648464811666827,5.09498206407148e-21,zero_signal,4.222323102733068e-17,6.055566063074486e-21,1520,1521,-268.4064105227293
982,-0.2837771584327413,4.6214903904919305e-21,zero_signal,4.026901643393227e-17,5.673087783571683e-21,1521,1522,-268.6762997639354
983,-0.30997832318553264,4.072622285425218e-21,zero_signal,3.867316851230477e-17,5.235861762739865e-21,1522,1523,-268.97396483959477
984,-0.3329481702052419,3.462643953939673e-21,zero_signal,3.7605438811952486e-17,4.765710950888525e-21,1523,1524,-269.29625641030646
985,-0.3597119915272913,2.8154496627302326e-21,zero_signal,3.7186989952742295e-17,4.297446267506555e-21,1524,1525,-269.63986118000525
986,-0.41874375846330736,2.1736063047867288e-21,zero_signal,3.746593491952939e-17,3.881440798328022e-21,1525,1526,-270.01568039336104
987,-0.5405117485367725,1.6260433471559655e-21,zero_signal,3.840786114107082e-17,3.579007776646668e-21,1526,1527,-270.47734869693187
988,-0.6171490826868364,1.3594986297853988e-21,zero_signal,3.9904809308226106e-17,3.445428239656095e-21,1527,1528,-271.0967038904346
989,-0.5087804829410345,1.545439223429399e-21,zero_signal,4.1797890674207677e-17,3.5049599516544175e-21,1528,1529,-271.71164686230554
990,-0.32936956428687836,2.0529048073358054e-21,zero_signal,4.390445500636635e-17,3.739694652853442e-21,1529,1530,-272.11426485631665
991,-0.2248535897680597,2.683030694995896e-21,zero_signal,4.604241531510975e-17,4.104551277634647e-21,1530,1531,-272.3703859908793
992,-0.18170595414568425,3.3382279728508993e-21,zero_signal,4.804825245800318e-17,4.548561089679691e-21,1531,1532,-272.56397203585277
993,-0.16592462931802743,3.9707810881071805e-21,zero_signal,4.978783662964238e-17,5.024588859253654e-21,1532,1533,-272.73379789917067
994,-0.16122575887879975,4.549009469984604e-21,zero_signal,5.1160184889254375e-17,5.4909055523081765e-21,1533,1534,-272.8958212944888
995,-0.16055328717709472,5.0494395427331966e-21,zero_signal,5.209511834078357e-17,5.91212368344758e-21,1534,1535,-273.05624941692827
996,-0.16096942103183665,5.457416980352557e-21,zero_signal,5.2547523489336205e-17,6.2612809421226064e-21,1535,1536,-273.216927868843
997,-0.16199816698770064,5.7669988438582164e-21,zero_signal,5.2492648768344216e-17,6.521573045385546e-21,1536,1537,-273.37818825899194
998,-0.16485366866965023,5.977506999451009e-21,zero_signal,5.192634205536349e-17,6.68622303016344e-21,1537,1538,-273.5409242028184
999,-0.17143311952614226,6.088945447754601e-21,zero_signal,5.087051798880669e-17,6.755878277969241e-21,1538,1539,-273.70789559633124
1000,-0.18308147828307142,6.099464177360689e-21,zero_signal,4.937980861386952e-17,6.734107538718433e-21,1539,1540,-273.8837904418707
1001,-0.19975089076874042,6.005766479365977e-21,zero_signal,4.754408687482194e-17,6.623147160178198e-21,1540,1541,-274.0740585528974
1002,-0.22002835998097225,5.805081870871211e-21,zero_signal,4.5484683121863473e-17,6.422752625175197e-21,1541,1542,-274.2832922234082
1003,-0.2418166871670735,5.4972115506371805e-21,zero_signal,4.3346786544757856e-17,6.1334029048456865e-21,1542,1543,-274.5141152728593
1004,-0.2629773962164279,5.086323838645781e-21,zero_signal,4.1292224340534964e-17,5.762069231924727e-21,1543,1544,-274.76692559774233
1005,-0.2815505514473102,4.582525274986901e-21,zero_signal,3.9493543928900586e-17,5.326860011513879e-21,1544,1545,-275.0400700652922
1006,-0.29618931214847066,4.0025033981519465e-21,zero_signal,3.8124524097156776e-17,4.857720260568816e-21,1545,1546,-275.33002670063695
1007,-0.30873086597247834,3.368771184940624e-21,zero_signal,3.7339667809192496e-17,4.393423960243066e-21,1546,1547,-275.6324486895891
1008,-0.331900015972451,2.7097929968859936e-21,zero_signal,3.724155334670933e-17,3.977897272546611e-21,1547,1548,-275.9474884325819
1009,-0.4023760511581429,2.068560421256221e-21,zero_signal,3.78488902329209e-17,3.658399553957154e-21,1548,1549,-276.296248721534
1010,-0.5492038967379926,1.537209730698805e-21,zero_signal,3.9086120371716435e-17,3.48281122693532e-21,1549,1550,-276.7522405348982
1011,-0.6292661449410559,1.320315371766512e-21,zero_signal,4.080387451507572e-17,3.4879901234044015e-21,1550,1551,-277.39465651501
1012,-0.5069806119111888,1.5777792032098894e-21,zero_signal,4.281785979822311e-17,3.679686091919372e-21,1551,1552,-278.0107728247803
1013,-0.3318566286636724,2.1346389294656178e-21,zero_signal,4.494466687279705e-17,4.023930303484926e-21,1552,1553,-278.4086177388324
1014,-0.23736563152050394,2.7881575216506995e-21,zero_signal,4.7021552831903533e-17,4.461966120186472e-21,1553,1554,-278.67448608210765
1015,-0.19522052957313463,3.445791022967985e-21,zero_signal,4.891063647882258e-17,4.9329722072269956e-21,1554,1555,-278.8833490018734
1016,-0.173799028744952,4.067000570498903e-21,zero_signal,5.049581446808022e-17,5.388646596068333e-21,1555,1556,-279.0649271412539
1017,-0.16166181572012306,4.630841870597462e-21,zero_signal,5.168105190743508e-17,5.798037965561744e-21,1556,1557,-279.2309470593633
1018,-0.15595368693769274,5.1237358054506725e-21,zero_signal,5.239375693616173e-17,6.145379801256443e-21,1557,1558,-279.38825077269416
1019,-0.15598853035811544,5.5347348368035536e-21,zero_signal,5.25909517766007e-17,6.423320928823334e-21,1558,1559,-279.5428544332387
1020,-0.1608733175771988,5.853729602922332e-21,zero_signal,5.226326551438999e-17,6.6251729260664034e-21,1559,1560,-279.7002278334104
1021,-0.16924595864611547,6.070754779915527e-21,zero_signal,5.1433837568789833e-17,6.740740310146027e-21,1560,1561,-279.8646010683931
1022,-0.1798615407935813,6.17640655072937e-21,zero_signal,5.0153457313922016e-17,6.758112842192088e-21,1561,1562,-280.0387197507026
1023,-0.19209837669936292,6.163982949853833e-21,zero_signal,4.84958185762183e-17,6.6695130327736096e-21,1562,1563,-280.22432414998025
1024,-0.2059890272970506,6.032504832165058e-21,zero_signal,4.6556048804164664e-17,6.476509618518519e-21,1563,1564,-280.42291650410135
1025,-0.22184490830241543,5.7880853095314465e-21,zero_signal,4.44528911605999e-17,6.190890667290012e-21,1564,1565,-280.63630220457435
1026,-0.23962911740048298,5.441912608562615e-21,zero_signal,4.233193733242097e-17,5.831180349800278e-21,1565,1566,-280.8666063207062
1027,-0.25817681152469163,5.0061890860537945e-21,zero_signal,4.036498008609396e-17,5.418052534138546e-21,1566,1567,-281.1155604393753
1028,-0.27471696401781287,4.4914874361079916e-21,zero_signal,3.873935740304174e-17,4.972497323280189e-21,1567,1568,-281.38295994375557
1029,-0.2861060896957497,3.907913840211168e-21,zero_signal,3.7632948460009345e-17,4.5187191351899075e-21,1568,1569,-281.66499436741094
1030,-0.2942291985399095,3.26969750577659e-21,zero_signal,3.717794265476463e-17,4.0907708527985464e-21,1569,1570,-281.95517212314707
1031,-0.31815409386391025,2.6021511766623293e-21,zero_signal,3.742770601224181e-17,3.738419990398369e-21,1570,1571,-282.25345276449076
1032,-0.40787321856959124,1.9552833342425425e-21,zero_signal,3.8344951020378645e-17,3.523270723716158e-21,1571,1572,-282.5914803108749
1033,-0.5804800313948419,1.4436313287834075e-21,zero_signal,3.981690051337895e-17,3.495602157520935e-21,1572,1573,-283.06919920162994
1034,-0.6438715209667407,1.3000849704349619e-21,zero_signal,4.1685117273295825e-17,3.6622200457193285e-21,1573,1574,-283.75244037366457
1035,-0.4926297872891041,1.6329350231957783e-21,zero_signal,4.3773452192201736e-17,3.981424052717601e-21,1574,1575,-284.3569422435634
1036,-0.3188409603931177,2.2202009538665243e-21,zero_signal,4.5907158451370366e-17,4.392315764159913e-21,1575,1576,-284.7376999482428
1037,-0.22919155145066838,2.8816272541375395e-21,zero_signal,4.7925123062111213e-17,4.842736956570023e-21,1576,1577,-284.99462416434966
1038,-0.18895874178306826,3.542615351417497e-21,zero_signal,4.9688566293331623e-17,5.296326199373974e-21,1577,1578,-285.1960830511441
1039,-0.17121053564687827,4.168948133020514e-21,zero_signal,5.108720548721363e-17,5.726588681835525e-21,1578,1579,-285.3725416479158
1040,-0.16446435631564782,4.738315689580515e-21,zero_signal,5.2042389466097594e-17,6.1097894121953934e-21,1579,1580,-285.53850412243787
1041,-0.1634224339159971,5.230907149069193e-21,zero_signal,5.250693311128865e-17,6.422699543898321e-21,1580,1581,-285.7014703605471
1042,-0.16529772602720527,5.628839347891633e-21,zero_signal,5.246223759333627e-17,6.645297345897719e-21,1581,1582,-285.86534899026987
1043,-0.16868306285667245,5.919613367191202e-21,zero_signal,5.191419943087031e-17,6.764949121432532e-21,1582,1583,-286.0320658126015
1044,-0.17332977152338458,6.09864999247365e-21,zero_signal,5.0890260611732705e-17,6.778466092422055e-21,1583,1584,-286.2027151159832
1045,-0.1800788841663632,6.1678742969250295e-21,zero_signal,4.943992148967489e-17,6.6908048302759536e-21,1584,1585,-286.37872535564827
1046,-0.1903933791904251,6.131452664150549e-21,zero_signal,4.7639135167791914e-17,6.511573633706262e-21,1585,1586,-286.56287288431594
1047,-0.20530816601223023,5.9922359019591225e-21,zero_signal,4.5595833002454325e-17,6.2514209249466714e-21,1586,1587,-286.7595121140291
1048,-0.22419593375784075,5.751218185696551e-21,zero_signal,4.3451792281377375e-17,5.92019635699121e-21,1587,1588,-286.9734892163404
1049,-0.24408297404730206,5.409450271599682e-21,zero_signal,4.1377030667498154e-17,5.528124379574575e-21,1588,1589,-287.2079039815448
1050,-0.2601025724684405,4.970450960007302e-21,zero_signal,3.955605588822597e-17,5.0900415490351e-21,1589,1590,-287.461655164435
1051,-0.2674629385490732,4.442015737351103e-21,zero_signal,3.8167791490268995e-17,4.631184871205591e-21,1590,1591,-287.7281091264817
1052,-0.2655458344328281,3.837746786758022e-21,zero_signal,3.7361439944914155e-17,4.191701263051046e-21,1591,1592,-287.99658104153315
1053,-0.2648954747945993,3.1790600316942695e-21,zero_signal,3.723110703612618e-17,3.826068730116523e-21,1592,1593,-288.25920079534734
1054,-0.29644670143352414,2.4990467460664625e-21,zero_signal,3.77952565009975e-17,3.5930371609915905e-21,1593,1594,-288.52637199112235
1055,-0.41465705999908664,1.8550045787984577e-21,zero_signal,3.8990003868712386e-17,3.535094568111685e-21,1594,1595,-288.8520941982144
1056,-0.6083921164915296,1.3725884624284236e-21,zero_signal,4.068143216562072e-17,3.6591432273358645e-21,1595,1596,-289.3556861111205
1057,-0.6534593722866475,1.292329129794753e-21,zero_signal,4.2692509592864783e-17,3.937072915748219e-21,1596,1597,-290.06887843119745
1058,-0.48389457689515325,1.6794999317456307e-21,zero_signal,4.483390948349417e-17,4.323624101334404e-21,1597,1598,-290.6626048556938
1059,-0.31809016847572025,2.2970287822299888e-21,zero_signal,4.692937286909083e-17,4.771327204153185e-21,1598,1599,-291.03666758498775
1060,-0.2375356670073927,2.977898613624654e-21,zero_signal,4.8831010049683076e-17,5.2356347361665725e-21,1599,1600,-291.29878519264525
1061,-0.2010620669454113,3.647732017211628e-21,zero_signal,5.04239382895998e-17,5.676502924721625e-21,1600,1601,-291.51173891900254
1062,-0.1822841661090706,4.268448983579358e-21,zero_signal,5.162275412046455e-17,6.060908782718707e-21,1601,1602,-291.7009093265361
1063,-0.17085117515796355,4.819254473044713e-21,zero_signal,5.236502252006507e-17,6.3658574781721735e-21,1602,1603,-291.8763072512207
1064,-0.16374390334797795,5.289170015495607e-21,zero_signal,5.26077456989568e-17,6.579791026332148e-21,1603,1604,-292.042611676852
1065,-0.1611049288529216,5.67159722540635e-21,zero_signal,5.2329986940905046e-17,6.700955476794945e-21,1604,1605,-292.20379505791664
1066,-0.16376231260287,5.960559219215117e-21,zero_signal,5.1539676502011105e-17,6.732785290114011e-21,1605,1606,-292.36482153455785
1067,-0.17172769624735906,6.149220699272613e-21,zero_signal,5.027909563038433e-17,6.678378098502442e-21,1606,1607,-292.5313196831224
1068,-0.18381556895261042,6.230155369781739e-21,zero_signal,4.8624690741464954e-17,6.537472902855987e-21,1607,1608,-292.70827692705257
1069,-0.19818051961505034,6.1965937399986706e-21,zero_signal,4.6681596245550723e-17,6.308227615322117e-21,1608,1609,-292.8989508210276
1070,-0.21304658891369854,6.044457835948244e-21,zero_signal,4.4577181097767414e-17,5.9928376045578935e-21,1609,1610,-293.10463796628267
1071,-0.22692981683019298,5.774875676794473e-21,zero_signal,4.2457603129918416e-17,5.603294098911496e-21,1610,1611,-293.325043998855
1072,-0.23822751678400778,5.3958081437282214e-21,zero_signal,4.048690712326975e-17,5.163594099149637e-21,1611,1612,-293.55849759994305
1073,-0.24478291134391839,4.921142310572749e-21,zero_signal,3.884269800090615e-17,4.707471909670946e-21,1612,1613,-293.801499032423
1074,-0.24472703662499384,4.367414303067948e-21,zero_signal,3.7699948775216806e-17,4.274141183244795e-21,1613,1614,-294.0480634226309
1075,-0.24028467873074533,3.75088949669376e-21,zero_signal,3.719917563006407e-17,3.9057270793688526e-21,1614,1615,-294.290953105673
1076,-0.24535537372310046,3.088623772421477e-21,zero_signal,3.7408205965170026e-17,3.6469719945919216e-21,1615,1616,-294.5286327800924
1077,-0.29543952827916087,2.406562273977279e-21,zero_signal,3.82991349915198e-17,3.541308925852466e-21,1616,1617,-294.7816638531192
1078,-0.44929990960159216,1.761489134107646e-21,zero_signal,3.9757145695323394e-17,3.615867291916974e-21,1617,1618,-295.1195118366507
1079,-0.6639667675146086,1.301325620592694e-21,zero_signal,4.161517060217328e-17,3.862898680755685e-21,1618,1619,-295.6802636723224
1080,-0.6764515325700131,1.297390651493235e-21,zero_signal,4.369190729760142e-17,4.2389193784443886e-21,1619,1620,-296.4474453716799
1081,-0.4749936483589181,1.7522683704454718e-21,zero_signal,4.5815904969829234e-17,4.6839954936065205e-21,1620,1621,-297.0331667374624
1082,-0.310155414726637,2.3957969152273707e-21,zero_signal,4.783404688954857e-17,5.142440854847089e-21,1621,1622,-297.39743266839776
1083,-0.2300855460623552,3.0798468162316423e-21,zero_signal,4.961259079593386e-17,5.573739927015498e-21,1622,1623,-297.6534775669157
1084,-0.19093851299172115,3.7463557890253115e-21,zero_signal,5.10388041246996e-17,5.9541285237708645e-21,1623,1624,-297.85760376052247
1085,-0.17158484078797187,4.3672780506302496e-21,zero_signal,5.202561959327562e-17,6.2717729099328486e-21,1624,1625,-298.0353545928991
1086,-0.16358502390815488,4.9248553184769095e-21,zero_signal,5.251671983312633e-17,6.5190497279127735e-21,1625,1626,-298.2007734420984
1087,-0.16255036293765102,5.4042679307425994e-21,zero_signal,5.2488544382587567e-17,6.686489450620332e-21,1626,1627,-298.36252464071543
1088,-0.16564471716020535,5.790639678288564e-21,zero_signal,5.194824959575012e-17,6.761954880345123e-21,1627,1628,-298.5258741679737
1089,-0.17109245435847242,6.069620903702632e-21,zero_signal,5.092951260049033e-17,6.7349708938822075e-21,1628,1629,-298.69381407503585
1090,-0.1780410134936119,6.2307528689151715e-21,zero_signal,4.948901320675107e-17,6.602501550886185e-21,1629,1630,-298.86805907669066
1091,-0.1863788557460282,6.27071002639496e-21,zero_signal,4.770555885937654e-17,6.371826882712826e-21,1630,1631,-299.04989610202307
1092,-0.19643948955408064,6.193348308845367e-21,zero_signal,4.568222675884283e-17,6.058813628347449e-21,1631,1632,-299.2408167881827
1093,-0.2084103116238225,6.006321769510938e-21,zero_signal,4.3550011191106047e-17,5.683419067405928e-21,1632,1633,-299.44277508113123
1094,-0.22131412698433905,5.717091248549534e-21,zero_signal,4.146924670981279e-17,5.266054415575084e-21,1633,1634,-299.65763741143036
1095,-0.23202846627887652,5.331358386816685e-21,zero_signal,3.962330604757076e-17,4.827736378241826e-21,1634,1635,-299.8854033350999
1096,-0.23578109378220802,4.8545256080637286e-21,zero_signal,3.8199726125746097e-17,4.3946887229372084e-21,1635,1636,-300.1216943439881
1097,-0.23006752129595043,4.2944989369363264e-21,zero_signal,3.735898725385964e-17,4.005099550792623e-21,1636,1637,-300.3569655226643
1098,-0.22217878384643086,3.6641639636502785e-21,zero_signal,3.719997529451608e-17,3.7120519578879946e-21,1637,1638,-300.58182938658
1099,-0.23546698869421334,2.9839761668167373e-21,zero_signal,3.773747927193584e-17,3.573066335529737e-21,1638,1639,-300.8013230903572
1100,-0.31053634542465147,2.2883460165123466e-21,zero_signal,3.890255557739465e-17,3.622487949063006e-21,1639,1640,-301.05276336396844
1101,-0.4982512482060599,1.6473695417631728e-21,zero_signal,4.0562770624579057e-17,3.8479873009501276e-21,1640,1641,-301.4223957812065
1102,-0.7051418571043655,1.2342699795121765e-21,zero_signal,4.2549724860353435e-17,4.200020397624843e-21,1641,1642,-302.04926586038056
1103,-0.6650708535125318,1.3178821054121958e-21,zero_signal,4.4683468572429164e-17,4.621943282711286e-21,1642,1643,-302.8326794954152
1104,-0.4429459854254958,1.8232821970166945e-21,zero_signal,4.6790626365175525e-17,5.068919981392331e-21,1643,1644,-303.3794075674056
1105,-0.29235714798713275,2.4858976266070935e-21,zero_signal,4.871710416847676e-17,5.508917216292837e-21,1644,1645,-303.7185714662662
1106,-0.22471362408126083,3.1817727839490238e-21,zero_signal,5.0336502258974265e-17,5.916170136691479e-21,1645,1646,-303.9641218633799
1107,-0.19410757112677857,3.8579019592858225e-21,zero_signal,5.155446793020427e-17,6.2663562043553556e-21,1646,1647,-304.16799871442873
1108,-0.1795225489298673,4.481284071775459e-21,zero_signal,5.2308816827785187e-17,6.5368224964985065e-21,1647,1648,-304.35233700563344
1109,-0.17210659037709775,5.027732796398059e-21,zero_signal,5.256591832261429e-17,6.710330675169583e-21,1648,1649,-304.52704381228847
1110,-0.16807589784835386,5.4815829622733484e-21,zero_signal,5.2315539113947013e-17,6.778669167910079e-21,1649,1650,-304.69655018638764
1111,-0.16645551625558141,5.835277456194186e-21,zero_signal,5.156777667327435e-17,6.743383028560261e-21,1650,1651,-304.8631956079852
1112,-0.1679830398856268,6.086283540405244e-21,zero_signal,5.035487204215154e-17,6.6132171396119985e-21,1651,1652,-305.0294612188988
1113,-0.17387661261599874,6.233221796792148e-21,zero_signal,4.8737186625267825e-17,6.399770182653266e-21,1652,1653,-305.19916168775643
1114,-0.18446033042181398,6.2736647492771035e-21,zero_signal,4.680896893764854e-17,6.11372987113263e-21,1653,1654,-305.3772144441308
1115,-0.1982373559044106,6.204225684540488e-21,zero_signal,4.4699008797569685e-17,5.7639985002232526e-21,1654,1655,-305.56808234860006
1116,-0.21186258607821173,6.022028385119855e-21,zero_signal,4.25644445329426e-17,5.3607863940734416e-21,1655,1656,-305.7736891559396
1117,-0.22097499047777092,5.7266236312706694e-21,zero_signal,4.0579754152087346e-17,4.921592003462718e-21,1656,1657,-305.9918075207565
1118,-0.22176872317112384,5.321992730449867e-21,zero_signal,3.8923474369358476e-17,4.47713053441411e-21,1657,1658,-306.21563913689516
1119,-0.21362479879309149,4.818167812567576e-21,zero_signal,3.776199307447553e-17,4.0735231685813245e-21,1658,1659,-306.43534496709873
1120,-0.20258428790810967,4.2314548812491185e-21,zero_signal,3.722729355634354e-17,3.767069420010142e-21,1659,1660,-306.64288873448135
1121,-0.202837177656221,3.582851809679017e-21,zero_signal,3.738959469681601e-17,3.609316751599682e-21,1660,1661,-306.84051354291495
1122,-0.2348989877341694,2.8967658829130318e-21,zero_signal,3.823548005614344e-17,3.62699607870788e-21,1661,1662,-307.0485630897938
1123,-0.33102501536077966,2.2061337403372817e-21,zero_signal,3.966601633747594e-17,3.811883812722973e-21,1662,1663,-307.3103115183833
1124,-0.5391382478344724,1.5792108175538192e-21,zero_signal,4.1519065801674e-17,4.1297902225821185e-21,1663,1664,-307.71061312051535
1125,-0.7399395602241725,1.2025686951519698e-21,zero_signal,4.360484810371584e-17,4.536513095836249e-21,1664,1665,-308.38858801405223
1126,-0.6694630793029148,1.3508715509551723e-21,zero_signal,4.5738750424846965e-17,4.986932232325417e-21,1665,1666,-309.1904922409637
1127,-0.43812306180618066,1.9027574462890446e-21,zero_signal,4.7761288045748927e-17,5.438104352789806e-21,1666,1667,-309.72751417265806
1128,-0.2945467906374404,2.587441207464509e-21,zero_signal,4.9543713433057484e-17,5.85197946404535e-21,1667,1668,-310.06673836457605
1129,-0.22756740032031075,3.286622837252588e-21,zero_signal,5.0984121497797834e-17,6.199155823473773e-21,1668,1669,-310.31660775393294
1130,-0.19258589614761945,3.9535000817105195e-21,zero_signal,5.2001761098297387e-17,6.461803840672165e-21,1669,1670,-310.5218731652167
1131,-0.17283375175239257,4.5648983556273345e-21,zero_signal,5.2535875875340814e-17,6.633640860073721e-21,1670,1671,-310.7017795462282
1132,-0.16297519603361366,5.1061732945891134e-21,zero_signal,5.255038831698983e-17,6.7162285909633355e-21,1671,1672,-310.86754066872146
1133,-0.1607974806630068,5.565571012078173e-21,zero_signal,5.2040497075034264e-17,6.713068697995801e-21,1672,1673,-311.0277299382954
1134,-0.16432772338896484,5.9317258103748155e-21,zero_signal,5.103580417806267e-17,6.6249198129649694e-21,1673,1674,-311.1891356300475
1135,-0.1713629842706439,6.192832757421427e-21,zero_signal,4.959778039501661e-17,6.449535467856093e-21,1674,1675,-311.35638538507334
1136,-0.1799110850905663,6.337666055913262e-21,zero_signal,4.7814001959110767e-17,6.186139316562667e-21,1675,1676,-311.53186159858876
1137,-0.18856713487207344,6.358406911536092e-21,zero_signal,4.579363082794957e-17,5.841614536156396e-21,1676,1677,-311.71620755525447
1138,-0.1964022936418246,6.253721762322431e-21,zero_signal,4.366677835695728e-17,5.434299280158602e-21,1677,1678,-311.9089958683329
1139,-0.20243996983566603,6.0296333267434306e-21,zero_signal,4.158630978859363e-17,4.993220367740503e-21,1678,1679,-312.1090121425381
1140,-0.2051370182618939,5.69711036221486e-21,zero_signal,3.972665124518195e-17,4.5540545493814545e-21,1679,1680,-312.31387580800424
1141,-0.20273711620853874,5.2680473213502624e-21,zero_signal,3.827212604708412e-17,4.155433236588726e-21,1680,1681,-312.5192861790619
1142,-0.19569517986400342,4.75272190318113e-21,zero_signal,3.7389705882126056e-17,3.838184614117153e-21,1681,1682,-312.7193500404213
1143,-0.19074127059201373,4.160579136378964e-21,zero_signal,3.719055789975169e-17,3.6451595680036346e-21,1682,1683,-312.9106765387899
1144,-0.20234556919564284,3.503795036114115e-21,zero_signal,3.769802835266276e-17,3.6138496445599546e-21,1683,1684,-313.10083258160535
1145,-0.25070200623221695,2.802408592215649e-21,zero_signal,3.884230118476666e-17,3.7587042098808816e-21,1684,1685,-313.3153676771812
1146,-0.37093436239538846,2.093711433022034e-21,zero_signal,4.048463421306661e-17,4.0578581944899526e-21,1685,1686,-313.6022365940698
1147,-0.610218426418129,1.463626668736978e-21,zero_signal,4.2453361601454546e-17,4.46088455281283e-21,1686,1687,-314.057236401972
1148,-0.7846554844852562,1.1419312970876789e-21,zero_signal,4.4572135070952726e-17,4.909762102259907e-21,1687,1688,-314.82267344690604
1149,-0.647627410097499,1.388229907986168e-21,zero_signal,4.667463351919241e-17,5.355636889896056e-21,1688,1689,-315.6265473709425
1150,-0.3991291275801814,1.988778655136215e-21,zero_signal,4.861112622051959e-17,5.76547549124113e-21,1689,1690,-316.11792826710104
1151,-0.267208438155933,2.690076314914304e-21,zero_signal,5.025334255702072e-17,6.120549926671281e-21,1690,1691,-316.42480562610285
1152,-0.20958470294579,3.398358022278635e-21,zero_signal,5.149967308862078e-17,6.410145816126771e-21,1691,1692,-316.6523451434129
1153,-0.18342271683386002,4.0753322600898915e-21,zero_signal,5.227921127589507e-17,6.624683913609154e-21,1692,1693,-316.84397503199443
1154,-0.17181412435462562,4.6965235196577485e-21,zero_signal,5.2552905246586665e-17,6.752412140045654e-21,1693,1694,-317.0191905770806
1155,-0.16742212751231023,5.240261419984183e-21,zero_signal,5.231170996183016e-17,6.781375881228636e-21,1694,1695,-317.1876032807037
1156,-0.166630399376686,5.687332500298528e-21,zero_signal,5.157304226090274e-17,6.704671467658973e-21,1695,1696,-317.35403483210524
1157,-0.1677351608080926,6.024236964900622e-21,zero_signal,5.037744007863334e-17,6.524869178322326e-21,1696,1697,-317.52086407945706
1158,-0.17032812714114698,6.245163794839641e-21,zero_signal,4.8787381308752545e-17,6.254518109081821e-21,1697,1698,-317.6895051537214
1159,-0.17482452785193914,6.3504844384331854e-21,zero_signal,4.688945134360546e-17,5.9127340128356966e-21,1698,1699,-317.86152033373935
1160,-0.1816048055474937,6.3430994494142674e-21,zero_signal,4.479891548571656e-17,5.520559913246849e-21,1699,1700,-318.0391542094253
1161,-0.18977140498643053,6.22550723639334e-21,zero_signal,4.2662900335277213e-17,5.098506658406074e-21,1700,1701,-318.22472994483434
1162,-0.19627988797336116,5.999207150773321e-21,zero_signal,4.0656791157232733e-17,4.668455083425529e-21,1701,1702,-318.41869701939817
1163,-0.19685266172092497,5.665970771397005e-21,zero_signal,3.896971921390114e-17,4.2595711549626556e-21,1702,1703,-318.61728972078106
1164,-0.1898557016457687,5.22967268308741e-21,zero_signal,3.77790395369038e-17,3.9144756461203926e-21,1703,1704,-318.81240234284
1165,-0.18134805110727825,4.6979470714066136e-21,zero_signal,3.721906885979162e-17,3.68792895180441e-21,1704,1705,-318.9970011240726
1166,-0.18443979817507739,4.0836656462548534e-21,zero_signal,3.735394920294835e-17,3.6293610967991024e-21,1705,1706,-319.1750984450546
1167,-0.21122378052066892,3.406296855813367e-21,zero_signal,3.816507629427704e-17,3.754488641231692e-21,1706,1707,-319.36588072042275
1168,-0.2732075806471528,2.693752281180935e-21,zero_signal,3.9557631270377606e-17,4.0343074804385135e-21,1707,1708,-319.5975460060959
1169,-0.4048836951502608,1.9897323663687432e-21,zero_signal,4.138169495052398e-17,4.4154352925070306e-21,1708,1709,-319.91229588171706
1170,-0.6480097024560223,1.388684194519761e-21,zero_signal,4.3458627153082457e-17,4.84663283906823e-21,1709,1710,-320.40731339639643
1171,-0.7860450869320914,1.1359959045334879e-21,zero_signal,4.560526383604597e-17,5.289265023109567e-21,1710,1711,-321.2083152866291
1172,-0.6182340335668073,1.4485961657361002e-21,zero_signal,4.765270102187315e-17,5.714263287267143e-21,1711,1712,-321.9794035702606
1173,-0.3841376546239701,2.0795768917115488e-21,zero_signal,4.945889837440047e-17,6.09609085442092e-21,1712,1713,-322.4447833537627
1174,-0.26808054574988205,2.798072010997082e-21,zero_signal,5.09147897205644e-17,6.4102979369191734e-21,1713,1714,-322.74767887950856
1175,-0.21628175537662742,3.51344374180078e-21,zero_signal,5.1943912268715206e-17,6.635751869077767e-21,1714,1715,-322.9809444452625
1176,-0.18951553867586313,4.183777020929319e-21,zero_signal,5.2497232759395845e-17,6.758876758233205e-21,1715,1716,-323.1802423902618
1177,-0.17354349711746409,4.7859406280436625e-21,zero_signal,5.254725161288454e-17,6.77636365808322e-21,1716,1717,-323.3599755226142
1178,-0.16392805332836247,5.306512043005435e-21,zero_signal,5.208611294002977e-17,6.6943572356471274e-21,1717,1718,-323.52732938449674
1179,-0.15991423345116118,5.736818294846116e-21,zero_signal,5.112959974231417e-17,6.524451855218437e-21,1718,1719,-323.68783162927093
1180,-0.1614408968241321,6.069661437529398e-21,zero_signal,4.972413877705118e-17,6.278687259087702e-21,1719,1720,-323.84715785139906
1181,-0.16751126871909605,6.2976641426608356e-21,zero_signal,4.795127558924774e-17,5.9665572098307646e-21,1720,1721,-324.0107134229192
1182,-0.17574444944273182,6.41304855581505e-21,zero_signal,4.592597294873509e-17,5.596248457128997e-21,1721,1722,-324.18218038883725
1183,-0.18288002087837185,6.408694614512938e-21,zero_signal,4.3789750255595784e-17,5.179933853275419e-21,1722,1723,-324.36220232180466
1184,-0.18578823045589843,6.280349737365551e-21,zero_signal,4.170264882682519e-17,4.740426537132831e-21,1723,1724,-324.547940430594
1185,-0.18281749445495166,6.0292290272374044e-21,zero_signal,3.983629752192613e-17,4.3154163914534054e-21,1724,1725,-324.73377878271646
1186,-0.1755510068790329,5.6633782390445444e-21,zero_signal,3.8365115778037487e-17,3.955830890802417e-21,1725,1726,-324.9135754195039
1187,-0.16982167951880456,5.196417504136462e-21,zero_signal,3.744880496261044e-17,3.7159075323824226e-21,1726,1727,-325.0848807964745
1188,-0.1733147727156279,4.644141162606283e-21,zero_signal,3.7202750311344593e-17,3.63590763213498e-21,1727,1728,-325.2532187785415
1189,-0.1910662817973332,4.021506113405227e-21,zero_signal,3.7665168729414414e-17,3.726580862132641e-21,1728,1729,-325.4315103419058
1190,-0.22663338712416703,3.3429427565065635e-21,zero_signal,3.8780565159259364e-17,3.9682667313883676e-21,1729,1730,-325.6353513421362
1191,-0.29385525741722063,2.6279527876101407e-21,zero_signal,4.041295599139711e-17,4.32342563143027e-21,1730,1731,-325.8847771161541
1192,-0.44079604760230495,1.916056557988826e-21,zero_signal,4.238179718518244e-17,4.748625289478119e-21,1731,1732,-326.2230618569706
1193,-0.7081570986402994,1.3145971346384716e-21,zero_signal,4.4500143306448184e-17,5.200028499868064e-21,1732,1733,-326.7663692113587
1194,-0.8176344431017242,1.115334238675428e-21,zero_signal,4.659911365947682e-17,5.636401970890604e-21,1733,1734,-327.6393760542512
1195,-0.6006863810890763,1.5052708593239776e-21,zero_signal,4.8535681415461144e-17,6.022923482173824e-21,1734,1735,-328.40163809756217
1196,-0.3616223987526439,2.1718963912668342e-21,zero_signal,5.0190434532195e-17,6.335052042124518e-21,1735,1736,-328.84074881642937
1197,-0.2498449663745248,2.9007454805760767e-21,zero_signal,5.146439813579e-17,6.5601932831288166e-21,1736,1737,-329.12488289506746
1198,-0.19894471363471666,3.618486393069642e-21,zero_signal,5.22804185196099e-17,6.695688972397178e-21,1737,1738,-329.3404387491784
1199,-0.17454306490577665,4.293525900456089e-21,zero_signal,5.258859484810176e-17,6.743671706258569e-21,1738,1739,-329.5227723223369
1200,-0.16394391064991964,4.90628692450795e-21,zero_signal,5.237131251152928e-17,6.7055713912790406e-21,1739,1740,-329.68952487898997
1201,-0.16104058649165154,5.439889950085873e-21,zero_signal,5.164406097375628e-17,6.5798174309631185e-21,1740,1741,-329.85066014363673
1202,-0.16205180573572875,5.87736762518711e-21,zero_signal,5.0451918640185753e-17,6.364369521813167e-21,1741,1742,-330.0116060519733
1203,-0.16452994684155442,6.202960669083229e-21,zero_signal,4.886471245112005e-17,6.062361828245616e-21,1742,1743,-330.1747637551082
1204,-0.16707112093689602,6.40560561724488e-21,zero_signal,4.697420305754592e-17,5.687037846580539e-21,1743,1744,-330.3406659456564
1205,-0.16902262604563134,6.4816066240921905e-21,zero_signal,4.489469680566208e-17,5.262862104735745e-21,1744,1745,-330.508905996982
1206,-0.17005606661999195,6.4342066850804636e-21,zero_signal,4.2765761735406005e-17,4.822581824096545e-21,1745,1746,-330.67871119774765
1207,-0.16974405142156002,6.270394028665666e-21,zero_signal,4.075305428832608e-17,4.402918287285628e-21,1746,1747,-330.84901813022196
1208,-0.16776464243349665,5.9974143636345834e-21,zero_signal,3.9041149263491064e-17,4.042253109367447e-21,1747,1748,-331.01819930059077
1209,-0.16549284910718143,5.6212760976126734e-21,zero_signal,3.781256755570144e-17,3.780883417639651e-21,1748,1749,-331.18454741508896
1210,-0.16768007756527936,5.147648924169872e-21,zero_signal,3.721318991242506e-17,3.658916576541951e-21,1749,1750,-331.34918499880513
1211,-0.1803990810425944,4.5839664185580954e-21,zero_signal,3.7315923310965955e-17,3.7047162405744595e-21,1750,1751,-331.5199075702195
1212,-0.20650496757224346,3.9415239922687065e-21,zero_signal,3.8102148792005254e-17,3.917719632171623e-21,1751,1752,-331.7099831608903
1213,-0.2480640685253661,3.2376174450479996e-21,zero_signal,3.9471614443144864e-17,4.2635410819111916e-21,1752,1753,-331.932917505364
1214,-0.3216043246775939,2.4996687553426215e-21,zero_signal,4.1271708171891874e-17,4.688335704871049e-21,1753,1754,-332.20611129794105
1215,-0.48685888441639236,1.7788503584658564e-21,zero_signal,4.332788215119904e-17,5.138336111090273e-21,1754,1755,-332.5761261547192
1216,-0.7597104935748575,1.2068922474628262e-21,zero_signal,4.546483717974374e-17,5.5718308263293714e-21,1755,1756,-333.17982906677383
1217,-0.8055069366052408,1.1114142958160192e-21,zero_signal,4.751909353958529e-17,5.96188510734172e-21,1756,1757,-334.0955471418689
1218,-0.5436063852486086,1.5838036941708556e-21,zero_signal,4.934722792983208e-17,6.2926128500742864e-21,1757,1758,-334.7908429399843
1219,-0.32787881179100964,2.280774893517826e-21,zero_signal,5.0832097348826723e-17,6.552735237470621e-21,1758,1759,-335.1827599123661
1220,-0.23710272598910365,3.025884997717136e-21,zero_signal,5.188702806609183e-17,6.730566456742485e-21,1759,1760,-335.44660056356634
1221,-0.1978309654054442,3.755154005506196e-21,zero_signal,5.245725346919773e-17,6.81340415972648e-21,1760,1761,-335.65696536434433
1222,-0.1786801189626317,4.43282136465926e-21,zero_signal,5.2518317168272503e-17,6.791269342948234e-21,1761,1762,-335.8422624943772
1223,-0.16804681702595303,5.03351278920352e-21,zero_signal,5.20721773185335e-17,6.661970258232057e-21,1762,1763,-336.0143256022696
1224,-0.16141321339335946,5.5401432303495456e-21,zero_signal,5.114315360645036e-17,6.433771682058096e-21,1763,1764,-336.17835612842913
1225,-0.1574662631638546,5.943069369061901e-21,zero_signal,4.977666184241761e-17,6.123885681207782e-21,1764,1765,-336.3371520290563
1226,-0.1563275633388912,6.237646037609937e-21,zero_signal,4.804238661572379e-17,5.753939026994754e-21,1765,1766,-336.49328865475684
1227,-0.1580417598254087,6.4212987856327685e-21,zero_signal,4.604018069811717e-17,5.345574196214259e-21,1766,1767,-336.6498071557341
1228,-0.16130847084110655,6.4916352117497574e-21,zero_signal,4.3903930254690514e-17,4.919461949258717e-21,1767,1768,-336.80937217440766
1229,-0.16327574993809435,6.4460470903463354e-21,zero_signal,4.179850128974586e-17,4.499194659649289e-21,1768,1769,-336.9724240974163
1230,-0.16138163885116796,6.282491619524337e-21,zero_signal,3.990775190945524e-17,4.118245557377901e-21,1769,1770,-337.13592367428384
1231,-0.15710399424713728,6.0010748805924315e-21,zero_signal,3.841487883934023e-17,3.824163190022466e-21,1770,1771,-337.29518737511864
1232,-0.15772900964202563,5.60602570621715e-21,zero_signal,3.747787529986842e-17,3.670929724875496e-21,1771,1772,-337.4501316627781
1233,-0.1705371697363205,5.1071983718622695e-21,zero_signal,3.7203583895317437e-17,3.695049850175447e-21,1772,1773,-337.6106453944027
1234,-0.1947539124707589,4.519964904748743e-21,zero_signal,3.762612026338226e-17,3.891930098900057e-21,1773,1774,-337.79120600225076
1235,-0.2248936858356103,3.863262624257076e-21,zero_signal,3.869783837522847e-17,4.2196662608092286e-21,1774,1775,-338.0001532193442
1236,-0.263726474534991,3.1576956594802516e-21,zero_signal,4.0298226731463204e-17,4.6250057064926334e-21,1775,1776,-338.240993373922
1237,-0.33631934159618027,2.4282084667172565e-21,zero_signal,4.2257865935707736e-17,5.062930615048438e-21,1776,1777,-338.5276061684142
1238,-0.5125022915983948,1.721741485434196e-21,zero_signal,4.438819240510909e-17,5.499850995006342e-21,1777,1778,-338.91363205711434
1239,-0.7864528611037258,1.1783689317368564e-21,zero_signal,4.650801698761918e-17,5.908427834104586e-21,1778,1779,-339.552610751611
1240,-0.8024786619407394,1.1461134342168208e-21,zero_signal,4.84615435206465e-17,6.263043145212873e-21,1779,1780,-340.4865377793218
1241,-0.5275010205052411,1.666849047748024e-21,zero_signal,5.012610112485323e-17,6.5398162673420254e-21,1780,1781,-341.15756807549246
1242,-0.3233760708592115,2.385226297806141e-21,zero_signal,5.141070496726288e-17,6.720282498628935e-21,1781,1782,-341.5415398203323
1243,-0.23490097514459762,3.134722854602144e-21,zero_signal,5.2249640170699635e-17,6.795370231889499e-21,1782,1783,-341.8043202172109
1244,-0.19205230742662138,3.857041447425323e-21,zero_signal,5.2597179124913396e-17,6.7665909361938855e-21,1783,1784,-342.01134177062147
1245,-0.16889989581292753,4.524637167015848e-21,zero_signal,5.242800689634039e-17,6.6434100977887454e-21,1784,1785,-342.18842483206413
1246,-0.15708988970078508,5.120544254728025e-21,zero_signal,5.1743101204735136e-17,6.438163198562653e-21,1785,1786,-342.3491415622473
1247,-0.15292454199436634,5.631664187641304e-21,zero_signal,5.057626565865025e-17,6.161553037027628e-21,1786,1787,-342.5026046114657
1248,-0.15335844054530412,6.04566042124138e-21,zero_signal,4.8996104263236874e-17,5.8217676411915874e-21,1787,1788,-342.65499064623606
1249,-0.15517273729176395,6.349960346719872e-21,zero_signal,4.710214402598218e-17,5.428203104106108e-21,1788,1789,-342.8093214925563
1250,-0.15541566692994024,6.532982969844801e-21,zero_signal,4.5018320846903864e-17,4.99789174133887e-21,1789,1790,-342.9653361208196
1251,-0.15236056293582578,6.587026535174858e-21,zero_signal,4.288814339902668e-17,4.5610273775619345e-21,1790,1791,-343.1201528264162
1252,-0.1467902516506001,6.510956138256383e-21,zero_signal,4.0872639840357755e-17,4.162099385205978e-21,1791,1792,-343.27005724669124
1253,-0.32190286413808167,6.310633373371542e-21,zero_signal,3.914690900944688e-17,3.854171173054745e-21,1792,1793,-343.4137333297174
1254,-0.3788369554650046,4.431078217563888e-21,zero_signal,6.939197436736853e-17,5.6192103913874396e-21,2422,2423,-343.9138629749674
1255,-0.23478292620382035,5.188667318018185e-21,zero_signal,7.108101603244482e-17,5.344689257090495e-21,2423,2424,-344.1714072406474
1256,-0.18647291801713095,5.8326992278838446e-21,zero_signal,7.326595251105429e-17,5.042176334476355e-21,2424,2425,-344.38342882737504
1257,-0.13629473609432807,6.3437763643120255e-21,zero_signal,7.572748878003543e-17,4.750348245557603e-21,2425,2426,-344.54435307668166
1258,-0.09181187502693433,6.721610681684829e-21,zero_signal,7.82496736387295e-17,4.5121081830976654e-21,2426,2427,-344.6560182995637
1259,-0.05824717449465311,6.975913178527811e-21,zero_signal,8.064582229044597e-17,4.353853659604434e-21,2427,2428,-344.7279768267355
1260,-0.03602044840519625,7.111867624577867e-21,zero_signal,8.275946748956497e-17,4.2786827339024454e-21,2428,2429,-344.772512648553
1261,-0.024102219798066926,7.121766395440954e-21,zero_signal,8.445211309192773e-17,4.283369688581211e-21,2429,2430,-344.8000177235459
1262,-0.024390086448107695,6.988695878832723e-21,zero_signal,8.55985095991594e-17,4.37707608767605e-21,2430,2431,-344.82071708814914
1263,-0.039592687654362635,6.697648856255751e-21,zero_signal,8.610069585574344e-17,4.5733710345728864e-21,2431,2432,-344.84879789644214
1264,-0.06735004137556189,6.245030023297287e-21,zero_signal,8.591195304560061e-17,4.8623408621252816e-21,2432,2433,-344.89990246345786
1265,-0.1004578781284522,5.642742721321295e-21,zero_signal,8.505063366016725e-17,5.200425282514887e-21,2433,2434,-344.98349797919326
1266,-0.13354207576693966,4.917653329122755e-21,zero_signal,8.359288967996793e-17,5.531227107387284e-21,2434,2435,-345.10081821971477
1267,-0.1681089059533747,4.1055704911233964e-21,zero_signal,8.16521296113648e-17,5.811801623071634e-21,2435,2436,-345.25058213072714
1268,-0.21503251370566545,3.240268033938713e-21,zero_signal,7.93619640640895e-17,6.023972853676228e-21,2436,2437,-345.4370360316215
1269,-0.30962554267017595,2.3461110652592576e-21,zero_signal,7.687222494965162e-17,6.170653095885886e-21,2437,2438,-345.68064715813847
1270,-0.6336504076381857,1.4526740272495762e-21,zero_signal,7.435428631956171e-17,6.263428730532824e-21,2438,2439,-346.05628711696187
1271,-1.1835999576516372,7.319206695395762e-22,zero_signal,7.200403152871647e-17,6.308807802015685e-21,2439,2440,-346.94794797341484
1272,-1.0565374830092935,9.89308286615042e-22,zero_signal,7.003167809911034e-17,6.3013187064251035e-21,2440,2441,-348.42348703226514
1273,-0.5164004183616271,1.868240893841818e-21,zero_signal,6.863463296286993e-17,6.2277605393582686e-21,2441,2442,-349.0610229394334
1274,-0.35967592190152686,2.804896069099934e-21,zero_signal,6.795997521453195e-17,6.07959701125181e-21,2442,2443,-349.4562878689884
1275,-0.30185257508045993,3.699840338222595e-21,zero_signal,6.807291172326855e-17,5.864567718064919e-21,2443,2444,-349.7803747832365
1276,-0.25901123021151307,4.522127936191279e-21,zero_signal,6.894765308425741e-17,5.607944083021182e-21,2444,2445,-350.0599930191493
1277,-0.2182964830491585,5.259411778846116e-21,zero_signal,7.048306792753843e-17,5.3408508193702604e-21,2445,2446,-350.2983972436595
1278,-0.1790867295817975,5.904317501796874e-21,zero_signal,7.252900019972832e-17,5.084297420449555e-21,2446,2447,-350.49658598524763
1279,-0.14157783426637138,6.448011832139668e-21,zero_signal,7.490724345431311e-17,4.8433190522595065e-21,2447,2448,-350.6565707028231
1280,-0.10482444734972773,6.87838438026433e-21,zero_signal,7.742357036578021e-17,4.618602114449282e-21,2448,2449,-350.7797416537804
1281,-0.06934744352045641,7.180232154193182e-21,zero_signal,7.987808028319131e-17,4.426997736526812e-21,2449,2450,-350.86621959752256
1282,-0.04038042065343461,7.335993823821675e-21,zero_signal,8.208005283888573e-17,4.3105990913589496e-21,2450,2451,-350.9184365408213
1283,-0.0260657104496147,7.329233339446043e-21,zero_signal,8.38654102288516e-17,4.318702736652405e-21,2451,2452,-350.9469804388294
1284,-0.029836267632504132,7.153096897287e-21,zero_signal,8.511060148736056e-17,4.471522865389601e-21,2452,2453,-350.9705679617205
1285,-0.04645764367737115,6.818609815585448e-21,zero_signal,8.573930078004782e-17,4.7403098506807785e-21,2453,2454,-351.00665297409444
1286,-0.06766417071466435,6.3525825163993286e-21,zero_signal,8.572212995397241e-17,5.0653670550593745e-21,2454,2455,-351.06348324907526
1287,-0.08946506692331013,5.782992795807366e-21,zero_signal,8.507082213649703e-17,5.3922546211721705e-21,2455,2456,-351.14198131552376
1288,-0.11363532717925295,5.123900861844234e-21,zero_signal,8.382963673397991e-17,5.6943962861863325e-21,2456,2457,-351.2424133829219
1289,-0.14513702821869856,4.3742046153940516e-21,zero_signal,8.207005523223319e-17,5.9689679416996324e-21,2457,2458,-351.36925196988227
1290,-0.19063516977908534,3.530954411523024e-21,zero_signal,7.989441375280578e-17,6.215288697425611e-21,2458,2459,-351.5326874393593
1291,-0.2680352004821316,2.6048526123517406e-21,zero_signal,7.744593864272391e-17,6.417529212566826e-21,2459,2460,-351.75052230944044
1292,-0.5075489440357615,1.630210678692079e-21,zero_signal,7.491308659863729e-17,6.547401377656154e-21,2460,2461,-352.06875784032354
1293,-1.261765042354682,7.20270087741068e-22,zero_signal,7.25163506308402e-17,6.582555862459874e-21,2461,2462,-352.76562019751196
1294,-1.2561669528750201,7.505422226330757e-22,zero_signal,7.047785810790857e-17,6.522603659143261e-21,2462,2463,-354.5922879250329
1295,-0.5240383775990836,1.6577289941398682e-21,zero_signal,6.898727040089799e-17,6.389231348380003e-21,2463,2464,-355.277954103262
1296,-0.3268328717606721,2.6185747412284595e-21,zero_signal,6.817893366533912e-17,6.21188297562678e-21,2464,2465,-355.6403646802311
1297,-0.27520083796957806,3.548192665383189e-21,zero_signal,6.812411822457998e-17,6.010965817720366e-21,2465,2466,-355.93161984678335
1298,-0.2466796220645051,4.4296350510355856e-21,zero_signal,6.883054133609591e-17,5.790530186077377e-21,2466,2467,-356.19076635617023
1299,-0.2197414112200704,5.251211642549228e-21,zero_signal,7.024083928423406e-17,5.544842170083279e-21,2467,2468,-356.42497909091236
1300,-0.18636023241975863,5.992666744408707e-21,zero_signal,7.223104415250804e-17,5.273759472952537e-21,2468,2469,-356.63024917861037
1301,-0.14480147738223081,6.622901865283411e-21,zero_signal,7.46177568950324e-17,4.996545043447777e-21,2469,2470,-356.7976995557519
1302,-0.09991679219828598,7.108931099415922e-21,zero_signal,7.718025522046614e-17,4.754818200277425e-21,2470,2471,-356.91985213337483
1303,-0.061471098074889596,7.430481269728806e-21,zero_signal,7.969401597168733e-17,4.598807646988825e-21,2471,2472,-356.99753314014845
1304,-0.03765318813859153,7.58843278955297e-21,zero_signal,8.196325984402528e-17,4.559736680805453e-21,2472,2473,-357.0427943295246
1305,-0.028892965017860206,7.598693086680794e-21,zero_signal,8.383835777125444e-17,4.6307289969268555e-21,2473,2474,-357.07283951642563
1306,-0.03005731127609579,7.475737545036205e-21,zero_signal,8.521212020079506e-17,4.780578242545122e-21,2474,2475,-357.10058025956033
1307,-0.0377855676860861,7.219942746069078e-21,zero_signal,8.60040547667354e-17,4.98564910835108e-21,2475,2476,-357.1329541389778
1308,-0.05281054816202868,6.819310768691454e-21,zero_signal,8.615174441645632e-17,5.2414814126538646e-21,2476,2477,-357.1761513949325
1309,-0.07580190853263957,6.2626328710617865e-21,zero_signal,8.562173529145023e-17,5.543866353074498e-21,2477,2478,-357.2385752353019
1310,-0.10375995891925527,5.5518929727114084e-21,zero_signal,8.443247446680848e-17,5.8662259427972544e-21,2478,2479,-357.3277552119978
1311,-0.13175198952137634,4.7059852240289594e-21,zero_signal,8.2668277525239e-17,6.16214932932194e-21,2479,2480,-357.4460951531404
1312,-0.15762407983476123,3.757132432979341e-21,zero_signal,8.047054997932151e-17,6.389263555191624e-21,2480,2481,-357.59125919104054
1313,-0.18691351525143318,2.7432616329328118e-21,zero_signal,7.801270304665687e-17,6.528675459031947e-21,2481,2482,-357.7613433128099
1314,-0.2649204342422138,1.698153466899102e-21,zero_signal,7.547734325702208e-17,6.5861731493280076e-21,2482,2483,-357.9650862215434
1315,-1.5684473531342178,6.477768203923343e-22,zero_signal,7.304812524623125e-17,6.5801132418632476e-21,2483,2484,-358.29118418129434
1316,-1.6310207335997973,4.57888606488864e-22,zero_signal,7.091244424511287e-17,6.526592929335304e-21,2484,2485,-361.10198092781184
1317,-0.3682204473192314,1.5132543849381335e-21,zero_signal,6.925969974033762e-17,6.4304336881884455e-21,2485,2486,-361.55322564849394
1318,-0.2771210132771671,2.5748463024023612e-21,zero_signal,6.826180553139253e-17,6.286065967627867e-21,2486,2487,-361.8384218224503
1319,-0.26130367472285343,3.6046232214691175e-21,zero_signal,6.803677932246157e-17,6.0865603118438535e-21,2487,2488,-362.10746767504827
1320,-0.24023794504461193,4.5658072394502445e-21,zero_signal,6.861323220492393e-17,5.8351158120589546e-21,2488,2489,-362.361029171896
1321,-0.2089123873226697,5.426007551458393e-21,zero_signal,6.99191388383524e-17,5.5522482746774824e-21,2489,2490,-362.5879435651375
1322,-0.17136789503115324,6.1662127642593555e-21,zero_signal,7.180377249292265e-17,5.272499431694594e-21,2490,2491,-362.77885394654135
1323,-0.13365721073941472,6.780499145071743e-21,zero_signal,7.407785464980881e-17,5.029905227826648e-21,2491,2492,-362.9306793551998
1324,-0.09978174707205767,7.268085016797066e-21,zero_signal,7.654668809780377e-17,4.8426872857138454e-21,2492,2493,-363.0461683680202
1325,-0.07064312183300103,7.625046921721374e-21,zero_signal,7.90230022735916e-17,4.712731176883486e-21,2493,2494,-363.1302428493439
1326,-0.046794613037775434,7.841264917058578e-21,zero_signal,8.13264048673054e-17,4.642194127306035e-21,2494,2495,-363.1874546116862
1327,-0.03153821758630215,7.902745550218395e-21,zero_signal,8.328561380047001e-17,4.649053114493124e-21,2495,2496,-363.22383207541947
1328,-0.0293691854959377,7.79593255622265e-21,zero_signal,8.475192794986278e-17,4.760131402823128e-21,2496,2497,-363.2505310468588
1329,-0.04057858778472223,7.51232059283575e-21,zero_signal,8.561783051359997e-17,4.983993274557539e-21,2497,2498,-363.28257044641134
1330,-0.059523134820068435,7.054530542556764e-21,zero_signal,8.582858128708826e-17,5.29344275422612e-21,2498,2499,-363.3316882224282
1331,-0.07932400272059681,6.441528098279239e-21,zero_signal,8.538150191973383e-17,5.6365378385438955e-21,2499,2500,-363.4016167160515
1332,-0.09674441673641354,5.705680878484316e-21,zero_signal,8.431739879873099e-17,5.961893622720936e-21,2500,2501,-363.4903362278694
1333,-0.11281215463085914,4.879508414092076e-21,zero_signal,8.27112491988431e-17,6.2377973357647285e-21,2501,2502,-363.5951055495243
1334,-0.13076524984276716,3.9819064064846005e-21,zero_signal,8.066615581463484e-17,6.456592734236731e-21,2502,2503,-363.71596053713114
1335,-0.15372601172961708,3.0165206428695267e-21,zero_signal,7.831180590448491e-17,6.624286266030007e-21,2503,2504,-363.85663604920984
1336,-0.18491816472092637,1.9835835988784582e-21,zero_signal,7.58068897015749e-17,6.743605371183013e-21,2504,2505,-364.0234125605904
1337,1.4102467862067556,8.938033367206268e-22,zero_signal,7.33410186896628e-17,6.804227308910284e-21,2505,2506,-364.2264723786517
1338,1.3584745685715234,2.2882421791260064e-22,zero_signal,7.112735899699945e-17,6.788177872761328e-21,2506,2507,-361.20291898817686
1339,-0.2808605027748001,1.3490327722742852e-21,zero_signal,6.937913675748456e-17,6.685323435955358e-21,2507,2508,-361.50952324150865
1340,-0.2513605713601237,2.4381444038291217e-21,zero_signal,6.827381022795133e-17,6.505520136967972e-21,2508,2509,-361.76463999372646
1341,-0.2398549139438444,3.471669906461059e-21,zero_signal,6.792013265762835e-17,6.277033523925379e-21,2509,2510,-362.0122443842289
1342,-0.2213712619550563,4.432854766221279e-21,zero_signal,6.834354132843877e-17,6.032121212441181e-21,2510,2511,-362.24434982161415
1343,-0.19826389898173602,5.311164461515587e-21,zero_signal,6.949251087617114e-17,5.791040076677862e-21,2511,2512,-362.454986908139
1344,-0.17200228733167933,6.099969607378334e-21,zero_signal,7.12554612753052e-17,5.5573506137218855e-21,2512,2513,-362.6408776195776
1345,-0.1421222309772645,6.791506009312927e-21,zero_signal,7.34767872802099e-17,5.328903245928206e-21,2513,2514,-362.79899148280236
1346,-0.10847360718588561,7.370409454629502e-21,zero_signal,7.596909766089216e-17,5.1163520164661474e-21,2514,2515,-362.92512208153215
1347,-0.07442672801019512,7.811108165450338e-21,zero_signal,7.852583720268371e-17,4.95375611477837e-21,2515,2516,-363.01593869717414
1348,-0.047307057730336055,8.084356202437293e-21,zero_signal,8.093861511061832e-17,4.888732537358922e-21,2516,2517,-363.07397553755254
1349,-0.03351198215310092,8.171377001224447e-21,zero_signal,8.301905652571775e-17,4.9532052752452596e-21,2517,2518,-363.1105528126348
1350,-0.03272789477568949,8.074982239964689e-21,zero_signal,8.461961738287879e-17,5.1372896617368345e-21,2518,2519,-363.14099950185874
1351,-0.03907934418398895,7.816417394950169e-21,zero_signal,8.564458361465337e-17,5.3948420181592345e-21,2519,2520,-363.1760086021862
1352,-0.0477586789536133,7.41882757181671e-21,zero_signal,8.604551501808763e-17,5.677325612484241e-21,2520,2521,-363.2191581902267
1353,-0.05860533304067417,6.891743083115262e-21,zero_signal,8.580621140496794e-17,5.961278259997314e-21,2521,2522,-363.2715259600934
1354,-0.0737529789360849,6.230360879935541e-21,zero_signal,8.493253657331302e-17,6.245289690172163e-21,2522,2523,-363.33636885630807
1355,-0.09306832106906882,5.428865127016854e-21,zero_signal,8.345923253745936e-17,6.525124651934017e-21,2523,2524,-363.4190319179656
1356,-0.11143990451270724,4.494624741040713e-21,zero_signal,8.146891330295045e-17,6.775633645044615e-21,2524,2525,-363.5225054984462
1357,-0.11711654863950116,3.45261112610255e-21,zero_signal,7.910426661083595e-17,6.958297766618478e-21,2525,2526,-363.641911726991
1358,-0.07103276791562507,2.3416096184193254e-21,zero_signal,7.655847116241838e-17,7.0448774485236e-21,2526,2527,-363.7567385957252
1359,0.5200848229120254,1.215664353805174e-21,zero_signal,7.404711848810256e-17,7.033532839976784e-21,2527,2528,-363.78397726282225
1360,1.0423624028366305,3.882039068723547e-22,zero_signal,7.177887485745087e-17,6.945582625839542e-21,2528,2529,-362.71656894990116
1361,0.4775436448813366,1.212289941479579e-21,zero_signal,6.993905777172632e-17,6.808939100273567e-21,2529,2530,-361.699252457149
1362,-0.1171751030839232,2.29583497452714e-21,zero_signal,6.868507149578717e-17,6.64165199871482e-21,2530,2531,-361.7614816601385
1363,-0.18653258961649044,3.3704987995567077e-21,zero_signal,6.814040965300233e-17,6.446202037919985e-21,2531,2532,-361.93360266331683
1364,-0.20145486632154075,4.412470341090977e-21,zero_signal,6.837634295809455e-17,6.216904123776412e-21,2532,2533,-362.13454683937147
1365,-0.19269318076467812,5.3949529706362555e-21,zero_signal,6.938602431094374e-17,5.954042828207113e-21,2533,2534,-362.3365123959599
1366,-0.1673512251514353,6.281093352414704e-21,zero_signal,7.106992941316928e-17,5.675129177902786e-21,2534,2535,-362.5199332009008
1367,-0.13285710831408437,7.034713186663412e-21,zero_signal,7.324904747972919e-17,5.415879077404746e-21,2535,2536,-362.6712148462628
1368,-0.09827672124728792,7.632904568925976e-21,zero_signal,7.570356118194325e-17,5.2174946770100494e-21,2536,2537,-362.785647417529
1369,-0.0704914861232453,8.069950548505772e-21,zero_signal,7.821662581556091e-17,5.1056500732501336e-21,2537,2538,-362.86776828875736
1370,-0.051099260226749266,8.350139727327787e-21,zero_signal,8.060079201312523e-17,5.07928914331811e-21,2538,2539,-362.9266303897755
1371,-0.038344335636310234,8.476223396062992e-21,zero_signal,8.269952375139758e-17,5.123029377621062e-21,2539,2540,-362.96996680921086
1372,-0.03177876550034853,8.442836584284966e-21,zero_signal,8.437577418272399e-17,5.229972443681844e-21,2540,2541,-363.0033190610481
1373,-0.0334817831452483,8.238874337176932e-21,zero_signal,8.550774102979231e-17,5.407877170914159e-21,2541,2542,-363.03352434021156
1374,-0.04444236828462067,7.85519318176913e-21,zero_signal,8.600173480975988e-17,5.6608622527581195e-21,2542,2543,-363.0702826273386
1375,-0.06136051183793256,7.291692357898757e-21,zero_signal,8.581327331292138e-17,5.9683588650324826e-21,2543,2544,-363.1224090767808
1376,-0.07825326739688876,6.561693928260337e-21,zero_signal,8.495882363737056e-17,6.2867445925361874e-21,2544,2545,-363.19300365101446
1377,-0.09027966349535177,5.693256212855029e-21,zero_signal,8.350987546487197e-17,6.5704397197259456e-21,2545,2546,-363.2789156115746
1378,-0.09475167245093985,4.724585539023971e-21,zero_signal,8.157639586771973e-17,6.79061456694459e-21,2546,2547,-363.37356297800517
1379,-0.08668974971320154,3.69307034863335e-21,zero_signal,7.929242774270239e-17,6.940117790837492e-21,2547,2548,-363.46841895647646
1380,-0.03791162145464,2.626315204693473e-21,zero_signal,7.681062782768355e-17,7.026611843567587e-21,2548,2549,-363.54694247743157
1381,0.28294476264844093,1.5535827767307188e-21,zero_signal,7.43036139971965e-17,7.060093268623366e-21,2549,2550,-363.54424219938574
1382,0.8750652319263281,6.657625360357878e-22,zero_signal,7.196472262993914e-17,7.042567762206006e-21,2550,2551,-362.9810529521347
1383,0.6304556454054477,1.0988186847010172e-21,zero_signal,6.999968514777101e-17,6.966657349625294e-21,2551,2552,-361.7941117355331
1384,-0.033870781024290864,2.1828303075780433e-21,zero_signal,6.86035401384613e-17,6.823950791284456e-21,2552,2553,-361.7201416613238
1385,-0.16466991318301893,3.2988056285837593e-21,zero_signal,6.792543474569732e-17,6.617022425464113e-21,2553,2554,-361.86185329758166
1386,-0.18846145278340032,4.363248041640658e-21,zero_signal,6.803543918160232e-17,6.366074254514206e-21,2554,2555,-362.04948148768983
1387,-0.1808708411336113,5.3423356993470326e-21,zero_signal,6.891134992355159e-17,6.103961642637386e-21,2555,2556,-362.23877620314846
1388,-0.16028577539566413,6.217327648255334e-21,zero_signal,7.045162321109942e-17,5.861729827802638e-21,2556,2557,-362.41122316995705
1389,-0.13482105622051677,6.977121578223455e-21,zero_signal,7.250277661718136e-17,5.655764553123226e-21,2557,2558,-362.5593477539398
1390,-0.1079345333636752,7.614116745772362e-21,zero_signal,7.488421065548538e-17,5.488210858646452e-21,2558,2559,-362.6808652823981
1391,-0.08123745036621699,8.120336833076251e-21,zero_signal,7.740332586931249e-17,5.361227367013242e-21,2559,2560,-362.77521682066714
1392,-0.05740868266465782,8.483114489237452e-21,zero_signal,7.986517029846714e-17,5.292022152802506e-21,2560,2561,-362.8433401831305
1393,-0.04091871129983815,8.682924340881675e-21,zero_signal,8.208300341261539e-17,5.3121202812625726e-21,2561,2562,-362.89003418599646
1394,-0.03511448930302663,8.697922298554778e-21,zero_signal,8.38915900753743e-17,5.446479895131445e-21,2562,2563,-362.9251776057302
1395,-0.03875281265220565,8.515762218616939e-21,zero_signal,8.516112638192459e-17,5.6891882538643296e-21,2563,2564,-362.9602631646025
1396,-0.04674694082061137,8.144448791383315e-21,zero_signal,8.580850661075217e-17,5.9998081767036575e-21,2564,2565,-363.0026832310346
1397,-0.054462854225874935,7.6108498953806e-21,zero_signal,8.580195191136056e-17,6.3246841857453664e-21,2565,2566,-363.05375704624373
1398,-0.060690264887625744,6.945541084255744e-21,zero_signal,8.515581612691041e-17,6.624517482443199e-21,2566,2567,-363.11160893948636
1399,-0.06684088125234666,6.166864827456299e-21,zero_signal,8.391821665732062e-17,6.88669161159151e-21,2567,2568,-363.175137576019
1400,-0.07316348448279086,5.278718018854271e-21,zero_signal,8.216178086019731e-17,7.114678998045816e-21,2568,2569,-363.24529070199105
1401,-0.07284219346996679,4.2834457276653825e-21,zero_signal,7.998693552961851e-17,7.306251881666164e-21,2569,2570,-363.32146454498456
1402,-0.03803664428127718,3.1992968674314252e-21,zero_signal,7.753474923930155e-17,7.442008299022226e-21,2570,2571,-363.390975088931
1403,0.1564238045224613,2.0795446307940437e-21,zero_signal,7.499392334272864e-17,7.494840008333969e-21,2571,2572,-363.3975378335471
1404,0.6538118926612242,1.1077429092759021e-21,zero_signal,7.258776041380878e-17,7.450186204536821e-21,2572,2573,-363.07812747988606
1405,0.6431172443222977,1.1022315838809302e-21,zero_signal,7.054179629493404e-17,7.318246181640425e-21,2573,2574,-362.08991404822467
1406,0.12387352498950577,2.0503379835026998e-21,zero_signal,6.904744265213296e-17,7.128674002642611e-21,2574,2575,-361.79189299124147
1407,-0.09317395717258137,3.139494478455253e-21,zero_signal,6.823819973953407e-17,6.913209916062063e-21,2575,2576,-361.84216699824566
1408,-0.14846680154130354,4.211248576981312e-21,zero_signal,6.818289577261905e-17,6.68984994284943e-21,2576,2577,-361.97824090558663
1409,-0.16117292388128135,5.234370000641053e-21,zero_signal,6.888741444889068e-17,6.4600365194063226e-21,2577,2578,-362.13910060132827
1410,-0.15390105080129501,6.193743161699397e-21,zero_signal,7.029468747761183e-17,6.220397853875983e-21,2578,2579,-362.3005867533492
1411,-0.13304451260265182,7.066613953026747e-21,zero_signal,7.228248526653265e-17,5.979712557911494e-21,2579,2580,-362.44690270293086
1412,-0.10426035629640751,7.818373616529177e-21,zero_signal,7.4668297451227e-17,5.767867167725478e-21,2580,2581,-362.5666757785545
1413,-0.07541410446506802,8.41158545924897e-21,zero_signal,7.72299234179091e-17,5.6277963197510825e-21,2581,2582,-362.65542341552367
1414,-0.05372111684766878,8.820401716329335e-21,zero_signal,7.973986518089797e-17,5.591797368159237e-21,2582,2583,-362.71750398748463
1415,-0.04137764416586265,9.038828599060091e-21,zero_signal,8.200013744918237e-17,5.6595935608941995e-21,2583,2584,-362.762865649219
1416,-0.035589863831489765,9.076063707572963e-21,zero_signal,8.386098710233456e-17,5.801499993723405e-21,2584,2585,-362.80025927581636
1417,-0.033313079345532515,8.9432058374229e-21,zero_signal,8.521667594851619e-17,5.9857836020960486e-21,2585,2586,-362.834045376882
1418,-0.03468201960197348,8.642902596283083e-21,zero_signal,8.598873572816087e-17,6.2009747196651456e-21,2586,2587,-362.8668854345074
1419,-0.04151303371230597,8.170072817902587e-21,zero_signal,8.611713542131788e-17,6.450793388045868e-21,2587,2588,-362.90340941608594
1420,-0.05335976733877601,7.521525071303545e-21,zero_signal,8.557116093449712e-17,6.7299685048116865e-21,2588,2589,-362.94991150193204
1421,-0.06567362610277883,6.705726928865724e-21,zero_signal,8.437129532102501e-17,7.009168582991814e-21,2589,2590,-363.0101289507635
1422,-0.07116155511852185,5.747099689425806e-21,zero_signal,8.260163907247923e-17,7.245616593277956e-21,2590,2591,-363.0812587541376
1423,-0.060293967965947104,4.685502584981653e-21,zero_signal,8.0401215578981e-17,7.406633767671698e-21,2591,2592,-363.15245206100053
1424,-0.013180316175805729,3.573992224845125e-21,zero_signal,7.794115933741314e-17,7.483594929980073e-21,2592,2593,-363.2018466900695
1425,0.13574567323365727,2.4846174862276985e-21,zero_signal,7.540404061351245e-17,7.488480087159264e-21,2593,2594,-363.17881269335214
1426,0.45968257316144445,1.5745086729876705e-21,zero_signal,7.297523851831202e-17,7.43987702548437e-21,2594,2595,-362.9303553436022
1427,0.5453506514831474,1.3402154908479247e-21,zero_signal,7.08430019821061e-17,7.349414577312424e-21,2595,2596,-362.25944754702925
1428,0.22786561929649451,2.0375510025455613e-21,zero_signal,6.919487638060161e-17,7.2170702938874e-21,2596,2597,-361.8396540406359
1429,-0.034000068401439876,3.081041023806784e-21,zero_signal,6.819930145578416e-17,7.037247537520916e-21,2597,2598,-361.80371630843626
1430,-0.12638864131972127,4.18980217972683e-21,zero_signal,6.797219877145409e-17,6.810395740417269e-21,2598,2599,-361.90765417743876
1431,-0.15106053712071343,5.267341204657627e-21,zero_signal,6.854334225621659e-17,6.552068277301611e-21,2599,2600,-362.0564935910757
1432,-0.14581188146655677,6.2599935290859855e-21,zero_signal,6.984406561247416e-17,6.292906511953041e-21,2600,2601,-362.2097752516802
1433,-0.12726849466477574,7.134161687658484e-21,zero_signal,7.172628548806445e-17,6.067691765814551e-21,2601,2602,-362.3481173540088
1434,-0.10486020773760174,7.870856560837959e-21,zero_signal,7.400056050953962e-17,5.899803887852001e-21,2602,2603,-362.46431224100974
1435,-0.08302599641737629,8.46020497933434e-21,zero_signal,7.646975481152257e-17,5.794168058183232e-21,2603,2604,-362.557837769484
1436,-0.06322892129540492,8.895948950574381e-21,zero_signal,7.894469622812067e-17,5.746148584881895e-21,2604,2605,-362.6303642338445
1437,-0.04693473018187433,9.171345430110487e-21,zero_signal,8.124644554637506e-17,5.757717080008835e-21,2605,2606,-362.68429561207483
1438,-0.03688616211749718,9.276738156917158e-21,zero_signal,8.320858426026643e-17,5.843533284026446e-21,2606,2607,-362.72423369420824
1439,-0.035231768702942645,9.199436929451894e-21,zero_signal,8.468714463759666e-17,6.018574920340784e-21,2607,2608,-362.7580679363098
1440,-0.04085301703881328,8.927883131266322e-21,zero_signal,8.557474425829923e-17,6.278250761389775e-21,2608,2609,-362.7946972316141
1441,-0.049483392375833546,8.46059515379066e-21,zero_signal,8.581113427457786e-17,6.591285792620143e-21,2609,2610,-362.83977397038745
1442,-0.056557808042811075,7.81435714372607e-21,zero_signal,8.538641753870055e-17,6.911957367895836e-21,2610,2611,-362.8936640163658
1443,-0.059535996461647755,7.02276263597399e-21,zero_signal,8.433791249757339e-17,7.200137578933155e-21,2611,2612,-362.9528895864731
1444,-0.05762867600500954,6.123502458949213e-21,zero_signal,8.274259055664102e-17,7.435088574924347e-21,2612,2613,-363.0127360092891
1445,-0.04856248684089337,5.145044916300893e-21,zero_signal,8.07076702885001e-17,7.615536250926706e-21,2613,2614,-363.0681469384831
1446,-0.020603909103613205,4.106794746154208e-21,zero_signal,7.83643668756067e-17,7.74709157056864e-21,2614,2615,-363.1098609829709
1447,0.06918784803167455,3.040435875431284e-21,zero_signal,7.586891956171748e-17,7.82758360573564e-21,2615,2616,-363.1093547566903
1448,0.31291520437150666,2.0501884575844395e-21,zero_signal,7.340728186319252e-17,7.843287936916946e-21,2616,2617,-362.9714852869075
1449,0.5097583519052478,1.505422617661536e-21,zero_signal,7.119158750833592e-17,7.77929986295228e-21,2617,2618,-362.4835243479473
1450,0.3318223776237801,1.923175679000296e-21,zero_signal,6.943799422910107e-17,7.634610610924237e-21,2618,2619,-361.951968583097
1451,0.03730814481446032,2.8987572444350605e-21,zero_signal,6.832871202754163e-17,7.428865458130988e-21,2619,2620,-361.81987959269975
1452,-0.08870380928286181,3.99335389561532e-21,zero_signal,6.797541342681128e-17,7.19501350279074e-21,2620,2621,-361.8773522934681
1453,-0.12793307354388617,5.068115480539984e-21,zero_signal,6.840261870015425e-17,6.96325666993871e-21,2621,2622,-361.9972872112655
1454,-0.1339797938920242,6.075571471202999e-21,zero_signal,6.955545945623185e-17,6.74866053755989e-21,2622,2623,-362.1332184405559
1455,-0.1246273498060475,6.996893225849103e-21,zero_signal,7.13201409132819e-17,6.5523033524446685e-21,2623,2624,-362.2652467990495
1456,-0.10637721065484129,7.820054361255877e-21,zero_signal,7.354228886466644e-17,6.375093537426391e-21,2624,2625,-362.382473140168
1457,-0.0834552744939856,8.526703353852573e-21,zero_signal,7.60379102507674e-17,6.23265743472295e-21,2625,2626,-362.4780012203592
1458,-0.061129342773142525,9.087411245302424e-21,zero_signal,7.860225944477359e-17,6.157333455225805e-21,2626,2627,-362.54938368915595
1459,-0.04479801493837954,9.468221261043202e-21,zero_signal,8.102462238741338e-17,6.1815136405475404e-21,2627,2628,-362.6002599059055
1460,-0.036659581382139095,9.644742416663291e-21,zero_signal,8.311144250176696e-17,6.312847341618575e-21,2628,2629,-362.6389797190327
1461,-0.034422252732639436,9.612980324716078e-21,zero_signal,8.471103457909431e-17,6.524343348266574e-21,2629,2630,-362.67357906866977
1462,-0.03424638917741163,9.38745613603889e-21,zero_signal,8.572732185198435e-17,6.771631477072696e-21,2630,2631,-362.707824224498
1463,-0.03454648028559859,8.988034319664246e-21,zero_signal,8.611454888004603e-17,7.021683639129875e-21,2631,2632,-362.7420718470246
1464,-0.036563443537119156,8.427272500907466e-21,zero_signal,8.58595435544034e-17,7.266016076714e-21,2632,2633,-362.7769171850692
1465,-0.04151174708624694,7.709151291542025e-21,zero_signal,8.496992915450977e-17,7.50813589124445e-21,2633,2634,-362.81519873409883
1466,-0.046997941983789815,6.839104302927454e-21,zero_signal,8.348134466544996e-17,7.740315809570327e-21,2634,2635,-362.8599406792417
1467,-0.04500531110852535,5.836384588945718e-21,zero_signal,8.14772415160534e-17,7.934582680720504e-21,2635,2636,-362.9091946180664
1468,-0.020077885290419317,4.74220621857819e-21,zero_signal,7.91009315257253e-17,8.056678457694365e-21,2636,2637,-362.9499513014587
1469,0.057688567708197525,3.62831251490428e-21,zero_signal,7.654556058345244e-17,8.0878055947405e-21,2637,2638,-362.94935038864725
1470,0.22818173408893472,2.6274474726778507e-21,zero_signal,7.402640743078254e-17,8.034374930385334e-21,2638,2639,-362.83457416604233
1471,0.3907158907134942,2.0251538247230056e-21,zero_signal,7.175228827415836e-17,7.920207538815838e-21,2639,2640,-362.4929869204694
1472,0.32231447903527055,2.18860481411325e-21,zero_signal,6.990898767849267e-17,7.769671406237918e-21,2640,2641,-362.05314238461534
1473,0.10529133329433193,2.966041355884546e-21,zero_signal,6.86536484246819e-17,7.594674520299669e-21,2641,2642,-361.84835796239884
1474,-0.0402420843028608,3.984634828269425e-21,zero_signal,6.810820294001127e-17,7.394157358556249e-21,2642,2643,-361.8425597180267
1475,-0.1034307717107481,5.069022613814015e-21,zero_signal,6.834188874899442e-17,7.165161769876921e-21,2643,2644,-361.92884213100456
1476,-0.12197081490469941,6.138996970757613e-21,zero_signal,6.934679666676359e-17,6.916413377899423e-21,2644,2645,-362.0494212614482
1477,-0.11636584366081593,7.137917333868635e-21,zero_signal,7.102387113116898e-17,6.674211798380902e-21,2645,2646,-362.17278376081396
1478,-0.09951044728998681,8.018745461023774e-21,zero_signal,7.319538075803493e-17,6.475138047508132e-21,2646,2647,-362.2821529487698
1479,-0.08048938006851358,8.747132024130066e-21,zero_signal,7.564244042588425e-17,6.348425430550689e-21,2647,2648,-362.37180465539393
1480,-0.06388968891320701,9.303890290282883e-21,zero_signal,7.814806202648092e-17,6.3010687099665984e-21,2648,2649,-362.44313170890683
1481,-0.05034513685978936,9.68177321183511e-21,zero_signal,8.0523734946128e-17,6.3203135201720865e-21,2649,2650,-362.49958403322034
1482,-0.03952643865915206,9.878846566315101e-21,zero_signal,8.261221122452036e-17,6.391988536890534e-21,2650,2651,-362.5438219826264
1483,-0.03260545385890623,9.892877962202186e-21,zero_signal,8.427788554657166e-17,6.51564343334375e-21,2651,2652,-362.57863691053865
1484,-0.03160989433771988,9.719462999931455e-21,zero_signal,8.540311246564998e-17,6.700637495158742e-21,2652,2653,-362.6090328903442
1485,-0.03672091464352434,9.354058879410656e-21,zero_signal,8.589886587830217e-17,6.947257410709236e-21,2653,2654,-362.6418566992141
1486,-0.04490590730827648,8.79697794345845e-21,zero_signal,8.572196970371058e-17,7.233049597715891e-21,2654,2655,-362.6824747196313
1487,-0.05140887236214553,8.060064064238111e-21,zero_signal,8.488500756469479e-17,7.518635736522681e-21,2655,2656,-362.73166851383064
1488,-0.05198379597072744,7.17167035600074e-21,zero_signal,8.345304568924173e-17,7.766135024363815e-21,2656,2657,-362.78529246435556
1489,-0.043110115382290815,6.1750987595418835e-21,zero_signal,8.153209676412281e-17,7.95398116426438e-21,2657,2658,-362.8356361057721
1490,-0.018925140061810453,5.12074518704237e-21,zero_signal,7.925723411068463e-17,8.079586185174069e-21,2658,2659,-362.87151269512015
1491,0.03628105107554802,4.062585413220808e-21,zero_signal,7.678479118180101e-17,8.150951731271536e-21,2659,2660,-362.8734863858957
1492,0.15458618869254792,3.079578836252902e-21,zero_signal,7.428913690961227e-17,8.174149307267401e-21,2660,2661,-362.79895059296905
1493,0.31589066217031814,2.352833635362163e-21,zero_signal,7.196128213673954e-17,8.14596391286493e-21,2661,2662,-362.5643140085106
1494,0.3367345238260384,2.2314713924798952e-21,zero_signal,7.000273850365684e-17,8.057292125849317e-21,2662,2663,-362.1671692686284
1495,0.16700319566569988,2.825776177006585e-21,zero_signal,6.860661731328763e-17,7.904362880524287e-21,2663,2664,-361.89084496085854
1496,-0.0013461752478747258,3.798404193678516e-21,zero_signal,6.792461757145613e-17,7.698692778371984e-21,2664,2665,-361.833162877297
1497,-0.08321007187987561,4.881101423654886e-21,zero_signal,6.803199857813707e-17,7.467553216476122e-21,2665,2666,-361.8935373113543
1498,-0.11110131517835953,5.949567308519319e-21,zero_signal,6.89101914521808e-17,7.2435350068299e-21,2666,2667,-361.99958302105676
1499,-0.11289715819677326,6.943304755317145e-21,zero_signal,7.04570435507407e-17,7.050378418652266e-21,2667,2668,-362.115739941711
1500,-0.10248010815507769,7.831012869458954e-21,zero_signal,7.251548375487533e-17,6.896319304876775e-21,2668,2669,-362.2253773374503
1501,-0.08632022700044217,8.596668458509314e-21,zero_signal,7.490234983033239e-17,6.780702512990183e-21,2669,2670,-362.32070015802117
1502,-0.06802836676260426,9.229586557842188e-21,zero_signal,7.742648155274391e-17,6.70794147269354e-21,2670,2671,-362.3980177914512
1503,-0.05106006696840382,9.715409389724678e-21,zero_signal,7.989732327541723e-17,6.695655214575627e-21,2671,2672,-362.4567568915464
1504,-0.03894727779334062,1.0031749587793128e-20,zero_signal,8.213108374399776e-17,6.7675116782687214e-21,2672,2673,-362.500137925388
1505,-0.033446754781607524,1.015280618658913e-20,zero_signal,8.396035122279919e-17,6.934188383173643e-21,2673,2674,-362.53465144713306
1506,-0.033123313889547035,1.0061461044063577e-20,zero_signal,8.524881469755233e-17,7.178752528429884e-21,2674,2675,-362.5670314349512
1507,-0.034533452495452366,9.759926212709904e-21,zero_signal,8.590730342963814e-17,7.461274013869461e-21,2675,2676,-362.60089807491215
1508,-0.03497499800678838,9.26936002339849e-21,zero_signal,8.590267607657963e-17,7.73991095790252e-21,2676,2677,-362.6360983399421
1509,-0.03404502409867405,8.618144125349615e-21,zero_signal,8.525250367926987e-17,7.990783256165318e-21,2677,2678,-362.67084807092573
1510,-0.032590656241268334,7.82940063920116e-21,zero_signal,8.400896813903492e-17,8.21076853330296e-21,2678,2679,-362.70418838813947
1511,-0.029587454824650194,6.919192098940184e-21,zero_signal,8.224639510311873e-17,8.402575601901641e-21,2679,2680,-362.73602938340827
1512,-0.018346839036496476,5.907452820292281e-21,zero_signal,8.006453012687867e-17,8.557459872331097e-21,2680,2681,-362.76336329778877
1513,0.017218051158891967,4.835941956722797e-21,zero_signal,7.760350082952646e-17,8.65281425980737e-21,2681,2682,-362.77272306148126
1514,0.10306928784709157,3.7924854394639965e-21,zero_signal,7.505242210316648e-17,8.666472966365205e-21,2682,2683,-362.728927195471
1515,0.2364093741784643,2.956295228301308e-21,zero_signal,7.263629457290652e-17,8.593518422194004e-21,2683,2684,-362.5665844857871
1516,0.298426258780097,2.6336284426529214e-21,zero_signal,7.05825453547316e-17,8.450986184551245e-21,2684,2685,-362.25610844711406
1517,0.20063291119859628,3.004105022153628e-21,zero_signal,6.908353686493428e-17,8.26781791874392e-21,2685,2686,-361.9697319682269
1518,0.050974066196488366,3.835997293155485e-21,zero_signal,6.827217462723034e-17,8.068747469047939e-21,2686,2687,-361.85484262471687
1519,-0.044581040666230365,4.851078949273381e-21,zero_signal,6.821549372371173e-17,7.864292266865538e-21,2687,2688,-361.8677838358339
1520,-0.08807645248873541,5.911461478974613e-21,zero_signal,6.891764872950078e-17,7.653862481085585e-21,2688,2689,-361.9440047060493
1521,-0.09998195396966025,6.953160612336155e-21,zero_signal,7.032107205053844e-17,7.438801110807295e-21,2689,2690,-362.0439367408114
1522,-0.09343995177013653,7.932561029601597e-21,zero_signal,7.230413655249035e-17,7.234606261906364e-21,2690,2691,-362.14396861398865
1523,-0.07802969325925346,8.806632662289285e-21,zero_signal,7.468475072519492e-17,7.071879632393664e-21,2691,2692,-362.23081664435165
1524,-0.06153154916287917,9.53271395504311e-21,zero_signal,7.724001732455236e-17,6.982778969023682e-21,2692,2693,-362.30002800050715
1525,-0.04851301381847861,1.0076764243100257e-20,zero_signal,7.974108774408424e-17,6.981384561497252e-21,2693,2694,-362.3538797426774
1526,-0.0394408838392053,1.0420143091230321e-20,zero_signal,8.198910418628468e-17,7.055284409175399e-21,2694,2695,-362.3970540281441
1527,-0.03266557972546025,1.055912351823577e-20,zero_signal,8.383440873326845e-17,7.178099497573695e-21,2695,2696,-362.4327615103558
1528,-0.027548652516287575,1.0498189551359747e-20,zero_signal,8.517216525568336e-17,7.331253011157744e-21,2696,2697,-362.46238518759503
1529,-0.025464449014748425,1.0242842721564806e-20,zero_signal,8.592575413841472e-17,7.513482365014947e-21,2697,2698,-362.4878588153884
1530,-0.027891602587175157,9.797079305525598e-21,zero_signal,8.603830103507195e-17,7.729651792580647e-21,2698,2699,-362.51331408562453
1531,-0.03382126109747219,9.166465940380012e-21,zero_signal,8.548275153245578e-17,7.971421299835963e-21,2699,2700,-362.54364202056274
1532,-0.03913122899410837,8.364148104318678e-21,zero_signal,8.428135698164496e-17,8.210407188756834e-21,2700,2701,-362.5809566078195
1533,-0.0380042702323351,7.416799866824681e-21,zero_signal,8.251623084751093e-17,8.410478740047221e-21,2701,2702,-362.62190447855096
1534,-0.02397478810036091,6.368764011857733e-21,zero_signal,8.032185597358948e-17,8.546341827240645e-21,2702,2703,-362.65696514828414
1535,0.01136542330635848,5.284254248697146e-21,zero_signal,7.78659422591278e-17,8.612881928956447e-21,2703,2704,-362.6698540547517
1536,0.07990194974286169,4.252583613295734e-21,zero_signal,7.533128501532069e-17,8.620765183253217e-21,2704,2705,-362.6342343016714
1537,0.1811802418838795,3.409550523400728e-21,zero_signal,7.290593927735363e-17,8.58387972514713e-21,2705,2706,-362.51005015526596
1538,0.25125860387410626,2.9679806097662402e-21,zero_signal,7.077968144099652e-17,8.508323881490493e-21,2706,2707,-362.27187381790367
1539,0.2059617378849623,3.12004179265568e-21,zero_signal,6.913822337018448e-17,8.390711434890371e-21,2707,2708,-362.00753294751775
1540,0.0826904892893765,3.7936762612932624e-21,zero_signal,6.81462386087427e-17,8.226400746806487e-21,2708,2709,-361.85995034213374
1541,-0.020291989761773266,4.752021159929497e-21,zero_signal,6.791755046920188e-17,8.020873255706222e-21,2709,2710,-361.842151968939
1542,-0.0743285487799028,5.813175756109998e-21,zero_signal,6.848371184366005e-17,7.795310725010301e-21,2710,2711,-361.9005343216573
1543,-0.09325616091140887,6.867650479392616e-21,zero_signal,6.978041224834173e-17,7.58125840213892e-21,2711,2712,-361.9908090664988
1544,-0.0927703725566289,7.847209515181191e-21,zero_signal,7.166294600588555e-17,7.407014428646078e-21,2712,2713,-362.0870466434801
1545,-0.0830701610614426,8.70862284191078e-21,zero_signal,7.394171140366341e-17,7.28587127085819e-21,2713,2714,-362.17634981161206
1546,-0.06958949568536354,9.426308635379512e-21,zero_signal,7.641657544508235e-17,7.216385120355732e-21,2714,2715,-362.253186965603
1547,-0.05518533483189003,9.986721303759015e-21,zero_signal,7.889595153034822e-17,7.194503125707534e-21,2715,2716,-362.3155288029828
1548,-0.04223994406680731,1.0381787511523093e-20,zero_signal,8.120221295553281e-17,7.225828649986721e-21,2716,2717,-362.3635576352668
1549,-0.03323513435799441,1.0602271631210615e-20,zero_signal,8.31736604362795e-17,7.325506624966438e-21,2717,2718,-362.4000086911164
1550,-0.029615752526495953,1.0634684341395274e-20,zero_signal,8.467029567966425e-17,7.504264840321322e-21,2718,2719,-362.43002790398276
1551,-0.030526371137938213,1.046507501752772e-20,zero_signal,8.558351991599337e-17,7.75275589497595e-21,2719,2720,-362.4592401961694
1552,-0.033163078991549355,1.0088564680367173e-20,zero_signal,8.584647893858465e-17,8.039204894635743e-21,2720,2721,-362.49108064625864
1553,-0.03453290665299846,9.517739556771858e-21,zero_signal,8.544198675166745e-17,8.32313493628774e-21,2721,2722,-362.5255663541525
1554,-0.03289484542972332,8.782335740716273e-21,zero_signal,8.440469530537957e-17,8.573882439702454e-21,2722,2723,-362.56014645956463
1555,-0.027627178831465926,7.919896716288024e-21,zero_signal,8.281448384086737e-17,8.780007214352127e-21,2723,2724,-362.59135604501193
1556,-0.01731390080823303,6.966268381727199e-21,zero_signal,8.078321885587356e-17,8.943730544195097e-21,2724,2725,-362.61540081722757
1557,0.0034915022486643466,5.956710292941269e-21,zero_signal,7.844408620890911e-17,9.066437585223911e-21,2725,2726,-362.6259838466284
1558,0.04703551993691235,4.9426319033540884e-21,zero_signal,7.59516689248918e-17,9.138743962872557e-21,2726,2727,-362.60841781273024
1559,0.12536648229755087,4.0244771766143445e-21,zero_signal,7.348924846961938e-17,9.144243173589747e-21,2727,2728,-362.5319128067546
1560,0.21002432682342942,3.393619776211814e-21,zero_signal,7.126843367404318e-17,9.073083554996212e-21,2728,2729,-362.35768484813514
1561,0.21608841322634476,3.296667215416401e-21,zero_signal,6.950792726545329e-17,8.932943632646889e-21,2729,2730,-362.1118641531077
1562,0.12461700823047295,3.78731398144916e-21,zero_signal,6.839374335151796e-17,8.748173828962179e-21,2730,2731,-361.92550802168245
1563,0.01870032988981052,4.65141052670927e-21,zero_signal,6.803971722565439e-17,8.548021407201694e-21,2731,2732,-361.86263013664677
1564,-0.04754169446513856,5.668220656525225e-21,zero_signal,6.846932419639183e-17,8.353118715585078e-21,2732,2733,-361.8881073619028
1565,-0.0772563431457911,6.712175829729016e-21,zero_signal,6.962463181801869e-17,8.170459572040817e-21,2733,2734,-361.95771352557705
1566,-0.08382808639657924,7.720197350204854e-21,zero_signal,7.13897071817244e-17,8.000327255297829e-21,2734,2735,-362.0426200481944
1567,-0.07666691059907293,8.65613640531012e-21,zero_signal,7.361083176264577e-17,7.848932864512296e-21,2735,2736,-362.1253696983702
1568,-0.06268626429840651,9.489486578360087e-21,zero_signal,7.610632462978892e-17,7.735682669358353e-21,2736,2737,-362.19595386939255
1569,-0.047871068948808215,1.0186115132526245e-20,zero_signal,7.867239543616511e-17,7.687521704065867e-21,2737,2738,-362.250742226967
1570,-0.03649755791639109,1.0709838966811939e-20,zero_signal,8.109619189384776e-17,7.722548208442407e-21,2738,2739,-362.29169600729017
1571,-0.029691029097307364,1.1030960912023772e-20,zero_signal,8.318031413995486e-17,7.83574029565783e-21,2739,2740,-362.3237373427998
1572,-0.025804542355729154,1.1134485204744021e-20,zero_signal,8.477057689058508e-17,8.00082670298778e-21,2740,2741,-362.3510780654848
1573,-0.022813099210651444,1.1021662405866714e-20,zero_signal,8.577137467140757e-17,8.187988609486986e-21,2741,2742,-362.37534642751126
1574,-0.020409412849460296,1.0704336839545524e-20,zero_signal,8.613945424601728e-17,8.381136898800806e-21,2742,2743,-362.3967042639061
1575,-0.01983787919479596,1.0197488576603141e-20,zero_signal,8.586441210831871e-17,8.5793226124115e-21,2743,2744,-362.4161652532102
1576,-0.021748996977777324,9.516145205766283e-21,zero_signal,8.495622678364234e-17,8.782599282614735e-21,2744,2745,-362.4363800222957
1577,-0.024034863581448462,8.678537518702975e-21,zero_signal,8.345258220871657e-17,8.977528602354487e-21,2745,2746,-362.45966324716574
1578,-0.021277083229989557,7.712954003102705e-21,zero_signal,8.143817531181659e-17,9.137247823696562e-21,2746,2747,-362.4844497494586
1579,-0.005545056646354851,6.6654429992479e-21,zero_signal,7.905580070559455e-17,9.235527939150913e-21,2747,2748,-362.5022174136257
1580,0.03224228456139144,5.608607914170576e-21,zero_signal,7.649650415642008e-17,9.261173369878747e-21,2748,2749,-362.4955398627513
1581,0.0964928389203692,4.654574236478746e-21,zero_signal,7.397368964293526e-17,9.221455671538542e-21,2749,2750,-362.43773284450293
1582,0.166277491162532,3.9693594478836415e-21,zero_signal,7.169614483423877e-17,9.133974051740482e-21,2750,2751,-362.30255418491055
1583,0.18554374770596382,3.743579694877629e-21,zero_signal,6.985099341508728e-17,9.014227511348573e-21,2751,2752,-362.10517786217787
1584,0.12767693177687534,4.050728047836013e-21,zero_signal,6.859597830269046e-17,8.86802116874772e-21,2752,2753,-361.9314666894986
1585,0.0390383596318884,4.76645194038458e-21,zero_signal,6.805152932977543e-17,8.693775277890956e-21,2753,2754,-361.8498239986241
1586,-0.028598510234502328,5.709027312709395e-21,zero_signal,6.828420810150711e-17,8.492315565777801e-21,2754,2755,-361.85338997023484
1587,-0.0637334698581924,6.743749410638497e-21,zero_signal,6.92845208015088e-17,8.2763035422215e-21,2755,2756,-361.9070210190931
1588,-0.07473856825208713,7.779267735136174e-21,zero_signal,7.095425929551733e-17,8.071571943421168e-21,2756,2757,-361.9808569099512
1589,-0.07214727074926941,8.747442954763562e-21,zero_signal,7.311825566058857e-17,7.907819999357987e-21,2757,2758,-362.0564981555973
1590,-0.06365497900770833,9.595527274589242e-21,zero_signal,7.555989941452113e-17,7.804416909220501e-21,2758,2759,-362.12515145144977
1591,-0.053294204344012996,1.0285821304309005e-20,zero_signal,7.806251339055493e-17,7.762938062067962e-21,2759,2760,-362.1838081136127
1592,-0.04264547811237662,1.0795914752057345e-20,zero_signal,8.04359606274076e-17,7.773595891603333e-21,2760,2761,-362.2317398601378
1593,-0.03289113737747584,1.1116052735354422e-20,zero_signal,8.252148245541398e-17,7.829641663265774e-21,2761,2762,-362.26909906983747
1594,-0.02585784693764026,1.1243565204988108e-20,zero_signal,8.418468596672504e-17,7.935691310793566e-21,2762,2763,-362.29752213489274
1595,-0.023211018505918446,1.117705845550557e-20,zero_signal,8.531229551247812e-17,8.101382609585974e-21,2763,2764,-362.32081476371275
1596,-0.02488478670457539,1.091417897268957e-20,zero_signal,8.581968626178194e-17,8.325826701587195e-21,2764,2765,-362.3439441719046
1597,-0.028630429472201513,1.0455068190411482e-20,zero_signal,8.566371350994607e-17,8.587919293717513e-21,2765,2766,-362.3705843371219
1598,-0.03121255299453196,9.809675079360185e-21,zero_signal,8.485140438373739e-17,8.852159412453962e-21,2766,2767,-362.401205030849
1599,-0.029908984853619813,9.003654219667028e-21,zero_signal,8.344047183484755e-17,9.084937297060886e-21,2767,2768,-362.43300944311096
1600,-0.022842692638164408,8.078151239144588e-21,zero_signal,8.153325633366791e-17,9.26820370235712e-21,2768,2769,-362.4610230005562
1601,-0.007829657299907922,7.084321317929675e-21,zero_signal,7.926681769318201e-17,9.40111372190295e-21,2769,2770,-362.4786948283873
1602,0.0194898416276601,6.0801515932727226e-21,zero_signal,7.680200195991159e-17,9.489946273891396e-21,2770,2771,-362.47668231515604
1603,0.06530594659182043,5.139379822268046e-21,zero_signal,7.431539649184455e-17,9.535562287714869e-21,2771,2772,-362.43971514513197
1604,0.12649973590535524,4.376087163152633e-21,zero_signal,7.199605508291207e-17,9.529370319638674e-21,2772,2773,-362.3460704219724
1605,0.16842698747345253,3.96109441936131e-21,zero_signal,7.004175033274383e-17,9.461050643371067e-21,2773,2774,-362.18671567332126
1606,0.1460456994279582,4.047371132417662e-21,zero_signal,6.864411958732706e-17,9.330920977997002e-21,2774,2775,-362.0092164470255
1607,0.07093411367051772,4.613710175332863e-21,zero_signal,6.795758163137652e-17,9.15610953470269e-21,2775,2776,-361.89462427446534
1608,-0.0032490822769375427,5.485716882370646e-21,zero_signal,6.806241270745006e-17,8.965070867793628e-21,2776,2777,-361.86734821968446
1609,-0.048735356369064675,6.4900507441902246e-21,zero_signal,6.894333946464472e-17,8.78442846037042e-21,2777,2778,-361.9011224390192
1610,-0.06805497005308325,7.51197265486015e-21,zero_signal,7.049730709873413e-17,8.628371074184981e-21,2778,2779,-361.9648189324226
1611,-0.0704868112514987,8.483934079848243e-21,zero_signal,7.256350532296319e-17,8.49896660898036e-21,2779,2780,-362.0372323791254
1612,-0.06316916144652396,9.366626148354557e-21,zero_signal,7.49560966038694e-17,8.396664689630867e-21,2780,2781,-362.1057925549256
1613,-0.05107667824384521,1.0134105383147009e-20,zero_signal,7.748498946561672e-17,8.331279885057872e-21,2781,2782,-362.16357070201843
1614,-0.03830981004225009,1.0763049317093903e-20,zero_signal,7.996317815758761e-17,8.322796953097406e-21,2782,2783,-362.2079459114133
1615,-0.028175546879964486,1.1227654245626876e-20,zero_signal,8.220876861873257e-17,8.389518942399725e-21,2783,2784,-362.24019032210293
1616,-0.02220681113686851,1.150152265018077e-20,zero_signal,8.40516783705387e-17,8.532496131318596e-21,2784,2785,-362.2642970051732
1617,-0.0196836745765836,1.156467210683843e-20,zero_signal,8.534974271068671e-17,8.730353937675063e-21,2785,2786,-362.28460394437667
1618,-0.01864303111850063,1.1410479940847855e-20,zero_signal,8.60092151811331e-17,8.950458888146874e-21,2786,2787,-362.3036643543264
1619,-0.01756971545853503,1.1047475667535426e-20,zero_signal,8.599686213360817e-17,9.166971507139796e-21,2787,2788,-362.32189000661367
1620,-0.016246566735361512,1.0495204637461893e-20,zero_signal,8.533382404977362e-17,9.370049570399728e-21,2788,2789,-362.33880378524344
1621,-0.015062486056649504,9.778405659153613e-21,zero_signal,8.407622509468801e-17,9.559492488964807e-21,2789,2790,-362.3543831400844
1622,-0.013284002887957058,8.924859361874996e-21,zero_signal,8.230045920505788e-17,9.730681065914284e-21,2790,2791,-362.36892875735674
1623,-0.0074974941428251896,7.969088209780749e-21,zero_signal,8.010664787713894e-17,9.867199835206276e-21,2791,2792,-362.3809511458603
1624,0.008691335769583475,6.960775100051653e-21,zero_signal,7.763481273037213e-17,9.947174028553214e-21,2792,2793,-362.3839237456424
1625,0.0424224405072664,5.976673175498678e-21,zero_signal,7.507409875745325e-17,9.956709512391943e-21,2793,2794,-362.36356847432114
1626,0.09301223189297048,5.135001642285524e-21,zero_signal,7.26496632490231e-17,9.898199507808334e-21,2794,2795,-362.29907886462786
1627,0.13677569721218674,4.598653442483602e-21,zero_signal,7.058922841377308e-17,9.787627309221127e-21,2795,2796,-362.1775440105352
1628,0.135321938604676,4.519101096716912e-21,zero_signal,6.908553353533856e-17,9.64440463004955e-21,2796,2797,-362.0255274702035
1629,0.08324640170340558,4.915939997622917e-21,zero_signal,6.827144043015776e-17,9.481783009842541e-21,2797,2798,-361.90690013332585
1630,0.017363351277026595,5.660642872798261e-21,zero_signal,6.821301543473497e-17,9.304393679010817e-21,2798,2799,-361.8590346667967
1631,-0.03047310828691252,6.59588487867832e-21,zero_signal,6.891281227931041e-17,9.113866136872307e-21,2799,2800,-361.8721734307718
1632,-0.05376048724571092,7.606346988267923e-21,zero_signal,7.03119823658625e-17,8.917519449442596e-21,2800,2801,-361.9199808833705
1633,-0.05857715995117019,8.614892620050412e-21,zero_signal,7.22885446718917e-17,8.73309150844509e-21,2801,2802,-361.9796944052632
1634,-0.053281177088280174,9.563101840423541e-21,zero_signal,7.466074401928565e-17,8.585133194770747e-21,2802,2803,-362.03713520327284
1635,-0.04464664167795718,1.0400104378348914e-20,zero_signal,7.720618710752916e-17,8.49436237360953e-21,2803,2804,-362.0862567594398
1636,-0.03633519958887632,1.1081257670634198e-20,zero_signal,7.969646880506107e-17,8.467566259362915e-21,2804,2805,-362.12642848662875
1637,-0.029124247303428774,1.1572349263615273e-20,zero_signal,8.193299128116632e-17,8.496897491402059e-21,2805,2806,-362.15892715861753
1638,-0.022705081464636123,1.185379360761498e-20,zero_signal,8.376601524775822e-17,8.569546998267928e-21,2806,2807,-362.1846769812356
1639,-0.017510688353524984,1.1920684904781407e-20,zero_signal,8.509072834956275e-17,8.678825092702526e-21,2807,2808,-362.2043373215468
1640,-0.014961425260423766,1.1778232709662234e-20,zero_signal,8.583193692378701e-17,8.826389104996188e-21,2808,2809,-362.21969835794266
1641,-0.016073653223770634,1.1435928056444576e-20,zero_signal,8.593630261754671e-17,9.01363126932653e-21,2809,2810,-362.23426017206765
1642,-0.019960668011833604,1.0904902212847862e-20,zero_signal,8.53807258440381e-17,9.23051119831375e-21,2810,2811,-362.2518456643902
1643,-0.023748821520570118,1.0200495406573456e-20,zero_signal,8.418840751252309e-17,9.45281906049161e-21,2811,2812,-362.2741815080913
1644,-0.023800663522109744,9.34813833981363e-21,zero_signal,8.243766328001669e-17,9.650765865404435e-21,2812,2813,-362.29934330743134
1645,-0.01683890136993682,8.388562312774007e-21,zero_signal,8.025681735954694e-17,9.80184918800422e-21,2813,2814,-362.32178283513554
1646,-5.0700315483709346e-05,7.379896311306244e-21,zero_signal,7.780973028770708e-17,9.898538920895409e-21,2814,2815,-362.3330211101712
1647,0.029022148536654413,6.398256495415152e-21,zero_signal,7.528013642362228e-17,9.945952633107722e-21,2815,2816,-362.3218842357665
1648,0.06970617430718562,5.541210440774939e-21,zero_signal,7.285979423703053e-17,9.952036611599954e-21,2816,2817,-362.2749768130979
1649,0.10957747710864396,4.932670000664823e-21,zero_signal,7.074062577854799e-17,9.918514022425476e-21,2817,2818,-362.18247188715213
1650,0.12176655680585213,4.704651014030574e-21,zero_signal,6.910661245379496e-17,9.840240884385381e-21,2818,2819,-362.0558218588806
1651,0.09047111037833133,4.9248008055304505e-21,zero_signal,6.811860710451425e-17,9.713422148961347e-21,2819,2820,-361.93893877354043
1652,0.03444271261557219,5.5348763030248996e-21,zero_signal,6.788851593165956e-17,9.5455894826119e-21,2820,2821,-361.87487963812396
1653,-0.015465240007529246,6.397747959797038e-21,zero_signal,6.84502093554254e-17,9.358537050229013e-21,2821,2822,-361.8700533483093
1654,-0.045442663278493,7.377586903093893e-21,zero_signal,6.974438167692455e-17,9.180750629874377e-21,2822,2823,-361.905810118139
1655,-0.057260889931541215,8.370688811558137e-21,zero_signal,7.163002070318632e-17,9.03451885586366e-21,2823,2824,-361.96093867486627
1656,-0.05704090869693346,9.305206487494126e-21,zero_signal,7.391711551288127e-17,8.928078642793226e-21,2824,2825,-362.0203318980021
1657,-0.04999731084586756,1.0134603407189903e-20,zero_signal,7.640195228951645e-17,8.859502032009442e-21,2825,2826,-362.07502049226014
1658,-0.03985326814094492,1.0830153895564919e-20,zero_signal,7.889003257405086e-17,8.828726578066203e-21,2826,2827,-362.12032651969383
1659,-0.02954979221499343,1.1372795404449943e-20,zero_signal,8.120471136732019e-17,8.846219163728102e-21,2827,2828,-362.154727028542
1660,-0.021458843412460737,1.1746303603104739e-20,zero_signal,8.31884709125458e-17,8.928846010751956e-21,2828,2829,-362.1794261041238
1661,-0.016836373148805706,1.193462059021108e-20,zero_signal,8.470428211196735e-17,9.084928261717498e-21,2829,2830,-362.19764471536695
1662,-0.015362434635846967,1.1924202533019474e-20,zero_signal,8.564130754294317e-17,9.301735548436383e-21,2830,2831,-362.21309885042143
1663,-0.015582743798859156,1.170915760350624e-20,zero_signal,8.592588402364817e-17,9.547987385019378e-21,2831,2832,-362.22836958463864
1664,-0.015960534206328703,1.1295398259826496e-20,zero_signal,8.553444217980609e-17,9.790182790487378e-21,2832,2833,-362.24426433801915
1665,-0.015563588502772063,1.0701194050837377e-20,zero_signal,8.450030142280071e-17,1.0008557803042752e-20,2833,2834,-362.2602906530513
1666,-0.013867964541049105,9.954566908881658e-21,zero_signal,8.290709036887774e-17,1.0199393168659e-20,2834,2835,-362.2753915150247
1667,-0.009888395458432342,9.090675693067608e-21,zero_signal,8.08715410984085e-17,1.0363631905399632e-20,2835,2836,-362.2880265821334
1668,-0.0012233634350877765,8.152641001359372e-21,zero_signal,7.852906789885183e-17,1.0494186029006776e-20,2836,2837,-362.29516830594156
1669,0.016108863544189944,7.197422798193099e-21,zero_signal,7.603336250426426e-17,1.0574354976841082e-20,2837,2838,-362.2904733090036
1670,0.045356318065898904,6.3060952014732685e-21,zero_signal,7.356589185263291e-17,1.0588251948349504e-20,2838,2839,-362.2629505788532
1671,0.0832659155580302,5.593779359333561e-21,zero_signal,7.133777088866724e-17,1.0532931950091935e-20,2839,2840,-362.1997606728718
1672,0.035952338188877775,1.0269968411034442e-20,zero_signal,7.357878610985861e-17,8.665052440370988e-21,2870,2871,-362.0964187477371
1673,-0.026239627882461036,1.0774593829867101e-20,zero_signal,7.538219594254905e-17,8.602854418577596e-21,2871,2872,-362.127855996494
1674,-0.017967538270880823,1.1140654771973605e-20,zero_signal,7.728222498582739e-17,8.670771883864542e-21,2872,2873,-362.14889800350204
1675,-0.013924093803410642,1.1350997017547132e-20,zero_signal,7.911930898390933e-17,8.861714702014593e-21,2873,2874,-362.1637910730358
1676,-0.013159565287935493,1.139127326736476e-20,zero_signal,8.075695662828885e-17,9.156011273639118e-21,2874,2875,-362.17674619110886
1677,-0.013617777489201899,1.1253842010756589e-20,zero_signal,8.208806591239198e-17,9.524924055275423e-21,2875,2876,-362.19011020361165
1678,-0.013443071949154728,1.0941422892255624e-20,zero_signal,8.302955820983375e-17,9.933548672337114e-21,2876,2877,-362.20398174608727
1679,-0.011674172088760315,1.046864574040015e-20,zero_signal,8.351570684526589e-17,1.0343984999375441e-20,2877,2878,-362.21699634750996
1680,-0.007978480092248219,9.861152897529978e-21,zero_signal,8.350084476282957e-17,1.0720019107999585e-20,2878,2879,-362.2273300902648
1681,-0.0017434731283003657,9.153222179335776e-21,zero_signal,8.297235312729704e-17,1.1032138769752248e-20,2879,2880,-362.23295330769446
1682,0.008639890834473363,8.386224088081199e-21,zero_signal,8.196359061264275e-17,1.1260050496835449e-20,2880,2881,-362.2308170365214
1683,0.02532306614762092,7.610962586459995e-21,zero_signal,8.0554854353243e-17,1.1391700427161059e-20,2881,2882,-362.2156735260255
1684,0.04864187999964997,6.894478954503032e-21,zero_signal,7.886031165566374e-17,1.1421147569476869e-20,2882,2883,-362.18017090422615
1685,0.07322467528882726,6.32501288417659e-21,zero_signal,7.701015527245322e-17,1.1348145091381194e-20,2883,2884,-362.1183897660262
1686,0.08667865116260032,6.000512803434124e-21,zero_signal,7.513920755940461e-17,1.117926784314459e-20,2884,2885,-362.0337215536485
1687,0.0775465770787207,5.989925534507685e-21,zero_signal,7.338499197818064e-17,1.0927964482751416e-20,2885,2886,-361.945032463701
1688,0.04740882691748993,6.2915646119306794e-21,zero_signal,7.188820392996245e-17,1.0612223162301492e-20,2886,2887,-361.87862839949105
1689,0.01016921359402545,6.83702636912871e-21,zero_signal,7.078530777352405e-17,1.0251799820644462e-20,2887,2888,-361.85021480986603
1690,-0.020523117849393202,7.534916339095723e-21,zero_signal,7.018909684121946e-17,9.867922592356536e-21,2888,2889,-361.858289972303
1691,-0.038798655971618246,8.304440924750679e-21,zero_signal,7.016380910504191e-17,9.485676562356394e-21,2889,2890,-361.8912610455648
1692,-0.0452586215091344,9.082336681502995e-21,zero_signal,7.070843373953026e-17,9.135846695997241e-21,2890,2891,-361.93588728424623
1693,-0.043414038043664505,9.817648720308986e-21,zero_signal,7.175856305587894e-17,8.85261976983925e-21,2891,2892,-361.9817782885831
1694,-0.03722742171709115,1.0467169318998692e-20,zero_signal,7.320496929753104e-17,8.666821667555062e-21,2892,2893,-362.02271536033356
1695,-0.02989941805086005,1.0994817560398698e-20,zero_signal,7.491639994071119e-17,8.598353254015068e-21,2893,2894,-362.05623313201727
1696,-0.0235509488226171,1.1373173418442087e-20,zero_signal,7.675453225391549e-17,8.652494133298721e-21,2894,2895,-362.0825141964353
1697,-0.01939138847171762,1.1584818916448676e-20,zero_signal,7.857914580371994e-17,8.821683362082484e-21,2895,2896,-362.1033350296625
1698,-0.017871297266708552,1.1622421935040682e-20,zero_signal,8.025094173836241e-17,9.090030272698639e-21,2896,2897,-362.1212969733787
1699,-0.01859653075428014,1.1487506983973562e-20,zero_signal,8.163973562407142e-17,9.436308884493834e-21,2897,2898,-362.1390776241959
1700,-0.02028702953853667,1.1188398047875378e-20,zero_signal,8.263818880624974e-17,9.833896928036041e-21,2898,2899,-362.1584900348873
1701,-0.021127478173752934,1.0738436032206412e-20,zero_signal,8.317432624484892e-17,1.0250190864453139e-20,2899,2900,-362.179651683273
1702,-0.019354425496061367,1.0155853941048167e-20,zero_signal,8.321647979078359e-17,1.064925406837822e-20,2900,2901,-362.2007449912348
1703,-0.013578338858877714,9.465925122330394e-21,zero_signal,8.277024889373746e-17,1.099830366891787e-20,2901,2902,-362.2183605342651
1704,-0.002674289733676005,8.704565568838725e-21,zero_signal,8.18718751734098e-17,1.1274014119606206e-20,2902,2903,-362.22790166895254
1705,0.014239538466512158,7.921772503620232e-21,zero_signal,8.058263056675097e-17,1.1463662438927174e-20,2903,2904,-362.22370911373247
1706,0.03683644021819532,7.183645736906307e-21,zero_signal,7.898635551675293e-17,1.1560759900936182e-20,2904,2905,-362.1994225920195
1707,0.06127401915685482,6.5713784894655764e-21,zero_signal,7.718981694196904e-17,1.1560394332771227e-20,2905,2906,-362.1500362332961
1708,0.07856269788896952,6.172164532167857e-21,zero_signal,7.532332144631875e-17,1.1459632887410478e-20,2906,2907,-362.0768745537058
1709,0.07835781183561608,6.055230585400053e-21,zero_signal,7.353699523860217e-17,1.126268410204574e-20,2907,2908,-361.99291083751814
1710,0.05798519787410328,6.240536646696972e-21,zero_signal,7.19884429868087e-17,1.0985345874701221e-20,2908,2909,-361.9201589300346
1711,0.025948206092778037,6.689191394603971e-21,zero_signal,7.082206105615465e-17,1.0653976195851816e-20,2909,2910,-361.87694044176993
1712,-0.0053874642683808815,7.326995765430328e-21,zero_signal,7.014676182417684e-17,1.029962407841812e-20,2910,2911,-361.868262517849
1713,-0.02800631134235232,8.074191953943868e-21,zero_signal,7.002127128982215e-17,9.952231998389541e-21,2911,2912,-361.8877153703067
1714,-0.03980503639837707,8.859727300219269e-21,zero_signal,7.045131550323652e-17,9.638956317127438e-21,2912,2913,-361.9242751405337
1715,-0.04234932030661298,9.623618950213967e-21,zero_signal,7.139527121023119e-17,9.386089497298919e-21,2913,2914,-361.96732544310345
1716,-0.03870325082164072,1.0317009649759356e-20,zero_signal,7.277170562215274e-17,9.22037305964165e-21,2914,2915,-362.00897378114695
1717,-0.03216144015732425,1.0903283951117121e-20,zero_signal,7.446568460912923e-17,9.165862792515572e-21,2915,2916,-362.04473194474673
1718,-0.02549887974464582,1.135852713291877e-20,zero_signal,7.633588829088076e-17,9.236645949365753e-21,2916,2917,-362.0732966614616
1719,-0.02051991925836205,1.166914894681192e-20,zero_signal,7.822608432341925e-17,9.430192045843239e-21,2917,2918,-362.095729704236
1720,-0.01792707709006436,1.1827164902231117e-20,zero_signal,7.998167363968621e-17,9.72668215768412e-21,2918,2919,-362.1143364999783
1721,-0.017418495685660673,1.1826143931882106e-20,zero_signal,8.146769793850611e-17,1.0095160615069742e-20,2919,2920,-362.13158385841615
1722,-0.01784459473606148,1.1660750281684537e-20,zero_signal,8.258200011232362e-17,1.0501793843116743e-20,2920,2921,-362.14917349134964
1723,-0.01748760997344334,1.1330354347412034e-20,zero_signal,8.325841442623814e-17,1.0914467864061439e-20,2921,2922,-362.1672730478883
1724,-0.014630718963871914,1.084450380113499e-20,zero_signal,8.346064394471286e-17,1.1302514161228698e-20,2922,2923,-362.18414871129653
1725,-0.008226920419190265,1.0227095969449944e-20,zero_signal,8.317456729178195e-17,1.1635652126385311e-20,2923,2924,-362.196534485816
1726,0.0018581583734658125,9.517145087817654e-21,zero_signal,8.240823218613018e-17,1.1886512852940675e-20,2924,2925,-362.2006025521349
1727,0.015274373280618647,8.76606218650868e-21,zero_signal,8.120135077045593e-17,1.2036180212259462e-20,2925,2926,-362.1928181690691
1728,0.03170931811305877,8.033744197378481e-21,zero_signal,7.963566447954798e-17,1.2077867335516842e-20,2926,2927,-362.1700538055737
1729,0.050266667623333205,7.38720638895715e-21,zero_signal,7.783453377889288e-17,1.2015291036958766e-20,2927,2928,-362.12939953284297
1730,0.06719114646077173,6.901855578921115e-21,zero_signal,7.5948155411624e-17,1.185778395880428e-20,2928,2929,-362.069520470327
1731,0.0746271407558936,6.6557513249291685e-21,zero_signal,7.413223656161094e-17,1.1617168529159851e-20,2929,2930,-361.9950172399214
1732,0.06520812698764189,6.704498188648876e-21,zero_signal,7.253175927753211e-17,1.1308682846983891e-20,2930,2931,-361.9202661888152
1733,0.040028602377731204,7.04785466633968e-21,zero_signal,7.127458914828942e-17,1.0953446031113651e-20,2931,2932,-361.86460098594614
1734,0.009241690541728076,7.624503298236055e-21,zero_signal,7.046927331430498e-17,1.057854783835573e-20,2932,2933,-361.84020898405976
1735,-0.01606021226990606,8.343743068898366e-21,zero_signal,7.019743075811375e-17,1.0213809757893258e-20,2933,2934,-361.8461176048627
1736,-0.030379535133562285,9.121046111296276e-21,zero_signal,7.049758311596922e-17,9.887779083109608e-21,2934,2935,-361.87232940859957
1737,-0.03420440851252238,9.89324570586284e-21,zero_signal,7.13484422950155e-17,9.625751325629187e-21,2935,2936,-361.9068766751298
1738,-0.0314350516724744,1.0615817473232586e-20,zero_signal,7.266486669153359e-17,9.449721823351805e-21,2936,2937,-361.9407382256246
1739,-0.02659225505192353,1.1253780396227429e-20,zero_signal,7.431303779141302e-17,9.37760243123972e-21,2937,2938,-361.96974677847476
1740,-0.022757563886898424,1.1774984398785066e-20,zero_signal,7.613813353791495e-17,9.419676665145588e-21,2938,2939,-361.99392273572846
1741,-0.020800192925122474,1.2149252528901013e-20,zero_signal,7.798954378827236e-17,9.57362514711992e-21,2939,2940,-362.01526190624855
1742,-0.020014798334358375,1.2352149565750426e-20,zero_signal,7.973242448090702e-17,9.822173584365788e-21,2940,2941,-362.0355231215787
1743,-0.019445240994485857,1.2369798154699747e-20,zero_signal,8.124647051887746e-17,1.0136444527097013e-20,2941,2942,-362.05529150291727
1744,-0.018748922933610856,1.220164080810739e-20,zero_signal,8.242271473158164e-17,1.0483868208854578e-20,2942,2943,-362.0744136035677
1745,-0.018015959466339382,1.1859820465905254e-20,zero_signal,8.316857644532683e-17,1.0835638038379456e-20,2943,2944,-362.0927893487845
1746,-0.016968396125605523,1.1365682079630959e-20,zero_signal,8.342137343511815e-17,1.1168870807302219e-20,2944,2945,-362.11044552250036
1747,-0.014447231113194903,1.0745787988135905e-20,zero_signal,8.316097221772908e-17,1.1463424163348982e-20,2945,2946,-362.1267261410357
1748,-0.008667638798726784,1.0030765243828699e-20,zero_signal,8.241233154215331e-17,1.1698555893991038e-20,2946,2947,-362.13933998472675
1749,0.0020128412439248677,9.258687735496411e-21,zero_signal,8.123730547006367e-17,1.1854553126939033e-20,2947,2948,-362.14406141863316
1750,0.018203864837403216,8.481298293362367e-21,zero_signal,7.972289790814465e-17,1.1918632864975748e-20,2948,2949,-362.1353143022389
1751,0.03837258617298289,7.768475396377534e-21,zero_signal,7.797350185207013e-17,1.188919641540905e-20,2949,2950,-362.10765368895835
1752,0.057541481052197696,7.205052395902951e-21,zero_signal,7.610911651931462e-17,1.177400466318688e-20,2950,2951,-362.05856912989293
1753,0.06764687481057763,6.87466047160436e-21,zero_signal,7.42657910804179e-17,1.1584384827292093e-20,2951,2952,-361.99257072685396
1754,0.06215126602225496,6.831441758965502e-21,zero_signal,7.25922309752897e-17,1.1331653662329147e-20,2952,2953,-361.9232753802718
1755,0.042019442528498985,7.076088880735672e-21,zero_signal,7.123799439184631e-17,1.1029150607833174e-20,2953,2954,-361.86826819480945
1756,0.015491590762451324,7.558538733060511e-21,zero_signal,7.033325228740404e-17,1.0697111774689415e-20,2954,2955,-361.8392364952148
1757,-0.008355812549723396,8.204130416077048e-21,zero_signal,6.996616289336012e-17,1.0364674767772008e-20,2955,2956,-361.83728501328454
1758,-0.024560042028014095,8.938327997394727e-21,zero_signal,7.016759291880337e-17,1.0066031825731267e-20,2956,2957,-361.8559481203142
1759,-0.03254114478366432,9.696982066797853e-21,zero_signal,7.090982735249665e-17,9.832928739240463e-21,2957,2958,-361.88640509734057
1760,-0.034225013873737,1.0426362485881434e-20,zero_signal,7.211733843958995e-17,9.68847981224315e-21,2958,2959,-361.92103040988155
1761,-0.03229853847219033,1.1080762437330936e-20,zero_signal,7.368139209327508e-17,9.645609931006287e-21,2959,2960,-361.95485512508805
1762,-0.029126339077748753,1.1622131158763606e-20,zero_signal,7.547180958700929e-17,9.70925510907593e-21,2960,2961,-361.98562748682593
1763,-0.026214185036479876,1.2022254868848176e-20,zero_signal,7.73454325032317e-17,9.878431247111753e-21,2961,2962,-362.01310780324354
1764,-0.02411109198268946,1.2265097827698494e-20,zero_signal,7.915472197864916e-17,1.0145083949675258e-20,2962,2963,-362.0380558568989
1765,-0.022696779148020596,1.2346284943532253e-20,zero_signal,8.075880108712131e-17,1.0490783316365155e-20,2963,2964,-362.0613299872089
1766,-0.02163924058308453,1.2268980578529555e-20,zero_signal,8.203601493858055e-17,1.0885809937845242e-20,2964,2965,-362.08344941519493
1767,-0.020613583674332858,1.2038800409953507e-20,zero_signal,8.289510040933028e-17,1.1293894627223761e-20,2965,2966,-362.1046084683751
1768,-0.01906950097870208,1.1661763414829555e-20,zero_signal,8.328182477592931e-17,1.1680496389438716e-20,2966,2967,-362.1246765825436
1769,-0.015876716732321938,1.1147345032096615e-20,zero_signal,8.317896406727822e-17,1.201862309020491e-20,2967,2968,-362.1427474703325
1770,-0.009445496960722721,1.0515101289689872e-20,zero_signal,8.260035997348566e-17,1.2288523528197244e-20,2968,2969,-362.15643001600824
1771,0.001485486471636932,9.800909057340733e-21,zero_signal,8.158398366259017e-17,1.2474008267228534e-20,2969,2970,-362.16163846425394
1772,0.01685767005295702,9.05908472959999e-21,zero_signal,8.019038473657535e-17,1.2561396498361606e-20,2970,2971,-362.15345904306497
1773,0.03474221422803225,8.358686277662597e-21,zero_signal,7.850805324114209e-17,1.2543313546032074e-20,2971,2972,-362.127923124148
1774,0.05148286005581326,7.774752305548343e-21,zero_signal,7.665914357279725e-17,1.2423349264876885e-20,2972,2973,-362.0839746146089
1775,0.06241342670091399,7.37733365005262e-21,zero_signal,7.479575031769303e-17,1.221628042569998e-20,2973,2974,-362.0249574040364
1776,0.06321895031237545,7.220910359637998e-21,zero_signal,7.308280404326716e-17,1.194336224982337e-20,2974,2975,-361.9591477612071
1777,0.05213051734378382,7.333709374566139e-21,zero_signal,7.167388600598812e-17,1.1627206111236832e-20,2975,2976,-361.89851950341165
1778,0.03177642570392436,7.707446701018566e-21,zero_signal,7.069132574352114e-17,1.1290482138833425e-20,2976,2977,-361.8548867265195
1779,0.008378304144798676,8.294815420505101e-21,zero_signal,7.021723458488432e-17,1.0958033796360525e-20,2977,2978,-361.8349666520038
1780,-0.01157068236503278,9.020999200701806e-21,zero_signal,7.029258958265286e-17,1.0658281167129454e-20,2978,2979,-361.8381301182299
1781,-0.024176673496555168,9.804248798176061e-21,zero_signal,7.091651245141806e-17,1.0420592868342994e-20,2979,2980,-361.85810801673387
1782,-0.02885577249793414,1.0574431863150572e-20,zero_signal,7.204195694078072e-17,1.026934251245443e-20,2980,2981,-361.886483465223
1783,-0.02757460060399808,1.128187450753354e-20,zero_signal,7.357241410169712e-17,1.021853394069673e-20,2981,2982,-361.91581956172973
1784,-0.023578944990134687,1.1895296908492132e-20,zero_signal,7.536806026815687e-17,1.0270375298273903e-20,2982,2983,-361.941632666431
1785,-0.019970741657658664,1.239306635655479e-20,zero_signal,7.726487909936896e-17,1.0417723813917203e-20,2983,2984,-361.96297745171
1786,-0.018447410217589777,1.2754555918682351e-20,zero_signal,7.910086124209692e-17,1.064716162605567e-20,2984,2985,-361.98157414974634
1787,-0.018760918472821686,1.2957227239722044e-20,zero_signal,8.073739896846224e-17,1.093964346090302e-20,2985,2986,-361.9998722721452
1788,-0.019291530173660476,1.2980804221367737e-20,zero_signal,8.206672753052075e-17,1.12692377455028e-20,2986,2987,-362.019095986692
1789,-0.01839784289765589,1.2815164167864782e-20,zero_signal,8.300648115246626e-17,1.1603794711737138e-20,2987,2988,-362.0384553324925
1790,-0.015531547145656077,1.2466618226620255e-20,zero_signal,8.349224546818477e-17,1.1910369547891523e-20,2988,2989,-362.0558916724873
1791,-0.011252741279463407,1.1958818983218103e-20,zero_signal,8.347939996872719e-17,1.2163169312732703e-20,2989,2990,-362.0695184267838
1792,-0.006202729809956509,1.132789893178308e-20,zero_signal,8.295539862825571e-17,1.2347903999274433e-20,2990,2991,-362.0783971550462
1793,9.069499839142736e-06,1.0615389917214729e-20,zero_signal,8.195234666347613e-17,1.2458878628718681e-20,2991,2992,-362.08192388640373
1794,0.008922520686496682,9.864962016099478e-21,zero_signal,8.054838022328282e-17,1.2492347899422916e-20,2992,2993,-362.07837901604654
1795,0.021964772795541876,9.12654069560876e-21,zero_signal,7.88558346063395e-17,1.2443545472554622e-20,2993,2994,-362.06407884503074
1796,0.03830869959580241,8.464253603840252e-21,zero_signal,7.700452546226983e-17,1.2310573244884018e-20,2994,2995,-362.03444947045546
1797,0.053199879406292894,7.957946920241048e-21,zero_signal,7.513017243584367e-17,1.2100699748598929e-20,2995,2996,-361.98746144583913
1798,0.05916232736419147,7.687391116624534e-21,zero_signal,7.337098019228992e-17,1.1832064605499275e-20,2996,2997,-361.92804971164287
1799,0.051307577062772225,7.700549943182455e-21,zero_signal,7.186680559981976e-17,1.152876889526548e-20,2997,2998,-361.86913679111075
1800,0.03218074048868402,7.98944824772308e-21,zero_signal,7.075217815295339e-17,1.1214057388659275e-20,2998,2999,-361.8254345575173
1801,0.009865028587881852,8.497679971006849e-21,zero_signal,7.013887561018378e-17,1.0907694099304764e-20,2999,3000,-361.8047753101334
1802,-0.008386805646466655,9.14981910677161e-21,zero_signal,7.009277532175735e-17,1.0628859416532567e-20,3000,3001,-361.80570450034156
1803,-0.0198111404602912,9.874954547355599e-21,zero_signal,7.0616821514351e-17,1.040019078672749e-20,3001,3002,-361.8215489214263
1804,-0.025348695500355234,1.0614020925054515e-20,zero_signal,7.165059521120312e-17,1.0247256937055902e-20,3002,3003,-361.84532678126214
1805,-0.027255844239505223,1.1317596516050397e-20,zero_signal,7.308662661801413e-17,1.0191794014745238e-20,3003,3004,-361.872246312427
1806,-0.02739024348318253,1.1942359883413393e-20,zero_signal,7.479285075676178e-17,1.024300432060665e-20,3004,3005,-361.89983846974116
1807,-0.02674268858072537,1.245002627037001e-20,zero_signal,7.662934344615799e-17,1.0393829408924026e-20,3005,3006,-361.9270267993934
1808,-0.025764801092407197,1.2809269657458375e-20,zero_signal,7.845581889487121e-17,1.0625459248170787e-20,3006,3007,-361.9533238469026
1809,-0.024731988517231684,1.299942416081735e-20,zero_signal,8.013524482777125e-17,1.0916221544391233e-20,3007,3008,-361.9785564015782
1810,-0.023752216693509354,1.3013515372114901e-20,zero_signal,8.154039072619657e-17,1.1247122391459313e-20,3008,3009,-362.00278782393707
1811,-0.022636972174041148,1.2857888265037291e-20,zero_signal,8.256466342173064e-17,1.1599955348608964e-20,3009,3010,-362.0260608349652
1812,-0.02097682019768854,1.2547718497923874e-20,zero_signal,8.313302634976586e-17,1.1951858219038315e-20,3010,3011,-362.04806176828515
1813,-0.01833763261151944,1.2101155089099333e-20,zero_signal,8.320831536684404e-17,1.2274096664936912e-20,3011,3012,-362.0680144753606
1814,-0.0142190426255695,1.153664650647805e-20,zero_signal,8.279155784976897e-17,1.2538163468544978e-20,3012,3013,-362.0847370335082
1815,-0.007769561467654285,1.0876143966270835e-20,zero_signal,8.1917743797849e-17,1.2724104843273401e-20,3013,3014,-362.09645256061174
1816,0.0021970423208586,1.0152651564880754e-20,zero_signal,8.064953851291892e-17,1.2823577360637676e-20,3014,3015,-362.1002761564435
1817,0.01634083459697422,9.417223025144539e-21,zero_signal,7.907191249561254e-17,1.2836072533463908e-20,3015,3016,-362.09205847597
1818,0.033280827306327865,8.739951141245322e-21,zero_signal,7.729028049437395e-17,1.2763872652540284e-20,3016,3017,-362.06759448724955
1819,0.048660721284164765,8.201187818068112e-21,zero_signal,7.543166552953205e-17,1.2611546980952178e-20,3017,3018,-362.02549682135736
1820,0.0565226431490089,7.872860921547153e-21,zero_signal,7.364367479850595e-17,1.2389730918671051e-20,3018,3019,-361.9702730446812
1821,0.05308225915982234,7.797204595091645e-21,zero_signal,7.208451112742248e-17,1.2118083888982672e-20,3019,3020,-361.91245153505935
1822,0.03962037251224615,7.976906991610023e-21,zero_signal,7.090226253713161e-17,1.1823612900955917e-20,3020,3021,-361.8641085263616
1823,0.021274449254406136,8.382712278317975e-21,zero_signal,7.021029835711248e-17,1.1535480142613264e-20,3021,3022,-361.83321079003485
1824,0.003358502927284235,8.967205014181677e-21,zero_signal,7.006994228377512e-17,1.1280332551836754e-20,3022,3023,-361.82155962785276
1825,-0.010958349800972655,9.672603299080754e-21,zero_signal,7.048694730498014e-17,1.1080683306670624e-20,3023,3024,-361.8264937841803
1826,-0.02063414424483767,1.04340548556387e-20,zero_signal,7.141881429048865e-17,1.0955314723382895e-20,3024,3025,-361.8434763274547
1827,-0.025792245021023064,1.1185616576119979e-20,zero_signal,7.278464220324614e-17,1.0918863258561456e-20,3025,3026,-361.86776207266996
1828,-0.027029257342491064,1.1870218438816917e-20,zero_signal,7.447204393442542e-17,1.097911249514134e-20,3026,3027,-361.89506081749676
1829,-0.025296603953989916,1.2448200553365533e-20,zero_signal,7.634247034577865e-17,1.1133430573817579e-20,3027,3028,-361.92182058735494
1830,-0.022023254392934177,1.2898474210950317e-20,zero_signal,7.824015580158877e-17,1.1367501080116903e-20,3028,3029,-361.94565402540474
1831,-0.01892562227766348,1.3211506484793001e-20,zero_signal,8.000781205302778e-17,1.1658268588382715e-20,3029,3030,-361.9658670961408
1832,-0.01726685162117292,1.3379302173334942e-20,zero_signal,8.15062795947791e-17,1.1979510575147497e-20,3030,3031,-361.98350526996006
1833,-0.017009249417696992,1.3389747297089474e-20,zero_signal,8.263032792682884e-17,1.2305913917115242e-20,3031,3032,-362.00040079938316
1834,-0.016693518276156283,1.3229632715679568e-20,zero_signal,8.331322244461158e-17,1.2613204643641376e-20,3032,3033,-362.01752376879546
1835,-0.01439779317911416,1.2894395499173409e-20,zero_signal,8.351987110680146e-17,1.2876626212747313e-20,3033,3034,-362.03378783593547
1836,-0.00910908732598159,1.2397796881772899e-20,zero_signal,8.323739463248907e-17,1.3072434512126996e-20,3034,3035,-362.0463193551537
1837,-0.0013461840907496025,1.1775042491900055e-20,zero_signal,8.247398755759781e-17,1.3183597479971247e-20,3035,3036,-362.05200601058743
1838,0.007530158174517965,1.1077274516799396e-20,zero_signal,8.12684541352463e-17,1.3205032110860285e-20,3036,3037,-362.0490117233352
1839,0.016696495217871643,1.0361206499469025e-20,zero_signal,7.970126217731883e-17,1.314274199730427e-20,3037,3038,-362.0369456942384
1840,0.026501868278984375,9.68203816782749e-21,zero_signal,7.789483774733179e-17,1.3007239741019528e-20,3038,3039,-362.01561873289944
1841,0.03729593845886825,9.095440753308412e-21,zero_signal,7.599926090428228e-17,1.280785481920087e-20,3039,3040,-361.98394195768043
1842,0.047114885516265304,8.663851463492632e-21,zero_signal,7.417101151450278e-17,1.2553480358713035e-20,3040,3041,-361.9410268559817
1843,0.0509992685634586,8.452770266741912e-21,zero_signal,7.25561910336384e-17,1.2258261149529217e-20,3041,3042,-361.8897121866479
1844,0.04439154212823837,8.507991918304112e-21,zero_signal,7.128324257031467e-17,1.1945455804522649e-20,3042,3043,-361.8390283188548
1845,0.028042853152498992,8.827990942410291e-21,zero_signal,7.046035663675161e-17,1.1644497359471564e-20,3043,3044,-361.8009291023914
1846,0.00828880166682211,9.360280939995874e-21,zero_signal,7.016855200546759e-17,1.1382959907137448e-20,3044,3045,-361.7829426125498
1847,-0.007887691135039177,1.0026747842830581e-20,zero_signal,7.044677426676773e-17,1.1179919097272307e-20,3045,3046,-361.7843514990578
1848,-0.017251632116511928,1.0752886134407302e-20,zero_signal,7.127576198165374e-17,1.1045632428085013e-20,3046,3047,-361.79871799481987
1849,-0.02077302764038791,1.1481001004716493e-20,zero_signal,7.257319253930639e-17,1.0986394234818626e-20,3047,3048,-361.8188547632908
1850,-0.02144450382991181,1.2167924238297738e-20,zero_signal,7.42073050911879e-17,1.1008522529831175e-20,3048,3049,-361.84026405010064
1851,-0.021792561784621967,1.2776989141290134e-20,zero_signal,7.602356457763029e-17,1.111625985680439e-20,3049,3050,-361.8617437709506
1852,-0.022586198435249116,1.3272611993784123e-20,zero_signal,7.78701513893654e-17,1.1304673320347324e-20,3050,3051,-361.8838491736699
1853,-0.023168669647958495,1.3620859303666964e-20,zero_signal,7.961085434262279e-17,1.1554696969414203e-20,3051,3052,-361.9069161678211
1854,-0.022704567285614985,1.3794725927840336e-20,zero_signal,8.1125337093709e-17,1.1836732933125492e-20,3052,3053,-361.9301865129658
1855,-0.021098428825382598,1.378054573503628e-20,zero_signal,8.230643657374939e-17,1.212153686523085e-20,3053,3054,-361.95232530239235
1856,-0.018894025669368375,1.3581743592654265e-20,zero_signal,8.306403300158743e-17,1.2389646607398867e-20,3054,3055,-361.97238337061657
1857,-0.01651936422649669,1.3217316151490681e-20,zero_signal,8.333628497542218e-17,1.2631260798740616e-20,3055,3056,-361.9901133537311
1858,-0.013743498632834417,1.2715483556660617e-20,zero_signal,8.310073575346575e-17,1.2837705010774054e-20,3056,3057,-362.00542209906956
1859,-0.00977017277386949,1.2106716443613773e-20,zero_signal,8.237767674509186e-17,1.2994259966550054e-20,3057,3058,-362.01760035099676
1860,-0.00366360021129708,1.1421437744013624e-20,zero_signal,8.122475290606625e-17,1.308248084113483e-20,3058,3059,-362.0249624446173
1861,0.0053050358160930955,1.0694578520260654e-20,zero_signal,7.972759010059338e-17,1.3089879579105708e-20,3059,3060,-362.02492755141935
1862,0.017262212616401484,9.973880544316388e-21,zero_signal,7.799179043133648e-17,1.3017354150734591e-20,3060,3061,-362.0143523729851
1863,0.030898917615843402,9.324905345776114e-21,zero_signal,7.613859600376e-17,1.2877738936281755e-20,3061,3062,-361.99040312618655
1864,0.04263477408622407,8.825427122832692e-21,zero_signal,7.430304925497485e-17,1.2688137556695532e-20,3062,3063,-361.95255453775343
1865,0.047475613282301765,8.546211171541592e-21,zero_signal,7.263088804147533e-17,1.2463992276801367e-20,3063,3064,-361.9051335780141
1866,0.042337762796023526,8.525377538555785e-21,zero_signal,7.126941064283223e-17,1.221957163522209e-20,3064,3065,-361.8576033111888
1867,0.028900014936340312,8.754558858815543e-21,zero_signal,7.03498354124796e-17,1.1972547470478214e-20,3065,3066,-361.82045805242205
1868,0.01238325685091013,9.189188757609489e-21,zero_signal,6.996476773089908e-17,1.1746762774545928e-20,3066,3067,-361.79980328131614
1869,-0.002328484359736649,9.771727429074828e-21,zero_signal,7.015029429958113e-17,1.156945576287888e-20,3067,3068,-361.79569153872023
1870,-0.013042464739186244,1.0447049827069162e-20,zero_signal,7.088160416206509e-17,1.1464217757537965e-20,3068,3069,-361.8044602500356
1871,-0.019893287625166067,1.1163733080919108e-20,zero_signal,7.208287803766179e-17,1.1444482276196899e-20,3069,3070,-361.8217764681986
1872,-0.02388236377055364,1.186974694536578e-20,zero_signal,7.364382369076238e-17,1.151182135488667e-20,3070,3071,-361.84424682528595
1873,-0.02579644101302847,1.251242193679392e-20,zero_signal,7.543419482568508e-17,1.1659351318460563e-20,3071,3072,-361.8695411957397
1874,-0.02591386084046121,1.3045438515572073e-20,zero_signal,7.731314743622842e-17,1.187635535084418e-20,3072,3073,-361.895839707312
1875,-0.02431094812646961,1.3437981521245001e-20,zero_signal,7.913592735148835e-17,1.2149677332380914e-20,3073,3074,-361.92136891742064
1876,-0.021377182653111504,1.3678484267340307e-20,zero_signal,8.076192009216601e-17,1.2461511048056307e-20,3074,3075,-361.94446160356495
1877,-0.01805093571232419,1.3769281952353686e-20,zero_signal,8.20659769034904e-17,1.2787767351965757e-20,3075,3076,-361.96412328272686
1878,-0.015404450425023697,1.3715790224970438e-20,zero_signal,8.295138946146572e-17,1.3100803116063557e-20,3076,3077,-361.9805634749896
1879,-0.013742740563742473,1.3518496131542046e-20,zero_signal,8.335983855935053e-17,1.3375156107218304e-20,3077,3078,-361.9949321835769
1880,-0.012014265383697875,1.317435511328619e-20,zero_signal,8.327330072081728e-17,1.3591404353381296e-20,3078,3079,-362.0080489561171
1881,-0.00829380680261238,1.2687207915666514e-20,zero_signal,8.270719018675952e-17,1.373584182281104e-20,3079,3080,-362.0189607143443
1882,-0.0011766862872093498,1.2079828747594678e-20,zero_signal,8.170089686673069e-17,1.3798881642614798e-20,3080,3081,-362.0246365697223
1883,0.00901000170844668,1.1398894072983167e-20,zero_signal,8.031454284762995e-17,1.3776097023624964e-20,3081,3082,-362.0213140869187
1884,0.0202406515254836,1.0708933313688648e-20,zero_signal,7.863471954218775e-17,1.3671373184487396e-20,3082,3083,-362.0066165663054
1885,0.030106121964564636,1.0078387476084883e-20,zero_signal,7.678188660060411e-17,1.3497799870133869e-20,3083,3084,-361.98083278386775
1886,0.03719795555480232,9.566837257021385e-21,zero_signal,7.490803310889967e-17,1.327400160542116e-20,3084,3085,-361.9464043223763
1887,0.04107342565097838,9.221830165853867e-21,zero_signal,7.317971488762445e-17,1.301894982561132e-20,3085,3086,-361.90643687275815
1888,0.04093047857111287,9.082758690419922e-21,zero_signal,7.175287009535747e-17,1.275006464542288e-20,3086,3087,-361.8642574710743
1889,0.03520027471486742,9.1786623692612e-21,zero_signal,7.075157780210572e-17,1.2485612662252924e-20,3087,3088,-361.8245759156159
1890,0.02337925098032656,9.513644858408193e-21,zero_signal,7.025840672982334e-17,1.2247504321919822e-20,3088,3089,-361.7938569216446
1891,0.007907616050658817,1.0053193557745263e-20,zero_signal,7.031402092011836e-17,1.205978384206368e-20,3089,3090,-361.77781741365527
1892,-0.006661014202052229,1.0729407466409798e-20,zero_signal,7.091772322728976e-17,1.1942290287297791e-20,3090,3091,-361.7780416895433
1893,-0.016428187182327747,1.1463770453641424e-20,zero_signal,7.202391708168433e-17,1.1904041595515458e-20,3091,3092,-361.7911394420594
1894,-0.020193442896669467,1.2189772080559716e-20,zero_signal,7.353826076393784e-17,1.1941765550656762e-20,3092,3093,-361.8108980639079
1895,-0.019574804892585007,1.2862031835193318e-20,zero_signal,7.532241461171307e-17,1.2044754341707258e-20,3093,3094,-361.8315263278527
1896,-0.017583791236319257,1.3451457007839345e-20,zero_signal,7.72122216028345e-17,1.2201651410978954e-20,3094,3095,-361.8500476736931
1897,-0.016623168932653698,1.3934134107881775e-20,zero_signal,7.904419274603173e-17,1.2402863945699819e-20,3095,3096,-361.86669391032535
1898,-0.01713227700332709,1.4283224670646596e-20,zero_signal,8.067800983477306e-17,1.2636437253782886e-20,3096,3097,-361.8832940115584
1899,-0.017775553632674246,1.4469545354163646e-20,zero_signal,8.200501387475089e-17,1.2882348638919443e-20,3097,3098,-361.900958464332
1900,-0.01691310928634948,1.4469901603570572e-20,zero_signal,8.294324179533936e-17,1.3112978926842219e-20,3098,3099,-361.91884511882375
1901,-0.014032982601719368,1.4277173723177782e-20,zero_signal,8.342978443580327e-17,1.3302040762456145e-20,3099,3100,-361.9347846829047
1902,-0.009965919737226159,1.3905641123073925e-20,zero_signal,8.342172912622393e-17,1.3435179009293382e-20,3100,3101,-361.9469110840272
1903,-0.0058736513088035736,1.338808284144311e-20,zero_signal,8.290706201563227e-17,1.3512272632247392e-20,3101,3102,-361.95471652237916
1904,-0.0020447310882047987,1.276639812569416e-20,zero_signal,8.191625314118796e-17,1.3538917268884206e-20,3102,3103,-361.9586583866448
1905,0.002436297161608536,1.2082503435839694e-20,zero_signal,8.052410322299755e-17,1.3515729101279905e-20,3103,3104,-361.95880598455557
1906,0.008936958123740624,1.1376467600291632e-20,zero_signal,7.883985045304431e-17,1.3436441816149826e-20,3104,3105,-361.9537857923216
1907,0.018024123381422896,1.0692956184107366e-20,zero_signal,7.699230207966702e-17,1.3296475839132268e-20,3105,3106,-361.9409320683081
1908,0.0283972228938012,1.0089458166001557e-20,zero_signal,7.511825254341069e-17,1.3103091291969345e-20,3106,3107,-361.91773754555874
1909,0.03663444489083645,9.635831463001082e-21,zero_signal,7.335716259486405e-17,1.2877170230471294e-20,3107,3108,-361.8841376225205
1910,0.03856957598989652,9.398304098804669e-21,zero_signal,7.184845158657205e-17,1.2645197955267529e-20,3108,3109,-361.84446865577706
1911,0.032213868813784075,9.413604013160936e-21,zero_signal,7.072467722568781e-17,1.2428957758500811e-20,3109,3110,-361.8069984705407
1912,0.019693968223919,9.672275530149859e-21,zero_signal,7.009632248801265e-17,1.2241530064936144e-20,3110,3111,-361.7800409181495
1913,0.005718526443558858,1.0125930862190186e-20,zero_signal,7.003082054160796e-17,1.2091598368310723e-20,3111,3112,-361.76761053409285
1914,-0.005849564420827846,1.071072860320623e-20,zero_signal,7.053545917597773e-17,1.1990486786814747e-20,3112,3113,-361.7686038652624
1915,-0.013769935742402595,1.1367228581205418e-20,zero_signal,7.15545100569764e-17,1.1954104773087127e-20,3113,3114,-361.7793096629345
1916,-0.01870454516969744,1.2046352848852e-20,zero_signal,7.298280791899031e-17,1.199671604978533e-20,3114,3115,-361.7961437367472
1917,-0.021692847796771275,1.2704926368759638e-20,zero_signal,7.468751618041335e-17,1.2121316889412453e-20,3115,3116,-361.8167187532739
1918,-0.023312652218152152,1.3299744853468693e-20,zero_signal,7.652670806265946e-17,1.231535408363647e-20,3116,3117,-361.8395294323407
1919,-0.023700222683544325,1.3787190667675283e-20,zero_signal,7.835954048501078e-17,1.255625513823685e-20,3117,3118,-361.8633440577102
1920,-0.022858850781744877,1.4129950869446217e-20,zero_signal,8.005092492728213e-17,1.282218472599974e-20,3118,3119,-361.8869298777078
1921,-0.020848444913895037,1.4306449169885397e-20,zero_signal,8.147638377375823e-17,1.3098393030093435e-20,3119,3120,-361.9090617592737
1922,-0.017895040553639774,1.431555052132884e-20,zero_signal,8.252978967461711e-17,1.3374117392962292e-20,3120,3121,-361.9286267675356
1923,-0.014495461944193266,1.4171866449993387e-20,zero_signal,8.313262674957982e-17,1.363489940715687e-20,3121,3122,-361.944851840381
1924,-0.011295435731653924,1.3894351768293606e-20,zero_signal,8.324182982771377e-17,1.385969208625043e-20,3122,3123,-361.957617691424
1925,-0.008548981312969772,1.3496844874408719e-20,zero_signal,8.285364063197041e-17,1.4026382420415783e-20,3123,3124,-361.9674427118443
1926,-0.0055297663366786765,1.2988388372038997e-20,zero_signal,8.200183343238154e-17,1.4120283027652268e-20,3124,3125,-361.97471565404993
1927,-0.0006646601304964861,1.2383807581552837e-20,zero_signal,8.075074161566811e-17,1.413792224533998e-20,3125,3126,-361.97850224451764
1928,0.007308300538142021,1.171676779859467e-20,zero_signal,7.918699385373047e-17,1.408443672505448e-20,3126,3127,-361.9760449743109
1929,0.01787611294653857,1.104500398974301e-20,zero_signal,7.741540191338544e-17,1.3969152359665388e-20,3127,3128,-361.96388564344136
1930,0.028293712180499142,1.0442136745328337e-20,zero_signal,7.556045230049367e-17,1.3803837885561223e-20,3128,3129,-361.94029274841785
1931,0.03494775467370914,9.97875450610829e-21,zero_signal,7.376762183428368e-17,1.3603493823493263e-20,3129,3130,-361.90729821908036
1932,0.03574084214054096,9.703620446093727e-21,zero_signal,7.219554810946529e-17,1.338675329467699e-20,3130,3131,-361.8703972390704
1933,0.0312558288354694,9.637798992891758e-21,zero_signal,7.099549656539028e-17,1.3174359324191882e-20,3131,3132,-361.8358165347993
1934,0.023523908509389457,9.782815627365796e-21,zero_signal,7.028488610590463e-17,1.2986666490789026e-20,3132,3133,-361.8078855813995
1935,0.014112722241577558,1.0128887814087764e-20,zero_signal,7.012762681261358e-17,1.2841673952815657e-20,3133,3134,-361.7887687177805
1936,0.003789168572069457,1.065215111471558e-20,zero_signal,7.052973190663737e-17,1.2753883978811077e-20,3134,3135,-361.77966013691633
1937,-0.0064788139956419855,1.1307128439600426e-20,zero_signal,7.144787946523067e-17,1.273313628253252e-20,3135,3136,-361.78119038063636
1938,-0.014962422065536884,1.202840330685928e-20,zero_signal,7.280129475327519e-17,1.2782834523167596e-20,3136,3137,-361.7926177649076
1939,-0.01981881440400457,1.274538044445516e-20,zero_signal,7.447941601208539e-17,1.2898273429398657e-20,3137,3138,-361.81111522476743
1940,-0.020282874808145834,1.3400544921252526e-20,zero_signal,7.634590114672642e-17,1.3066639157271222e-20,3138,3139,-361.8322553937156
1941,-0.01738075507165604,1.3958913420754723e-20,zero_signal,7.824548402068558e-17,1.3269784813221969e-20,3139,3140,-361.8516809743837
1942,-0.013515888229221673,1.440401414560214e-20,zero_signal,8.001885875526689e-17,1.3488949467390313e-20,3140,3141,-361.86701690385894
1943,-0.011006314493585023,1.4725283396624983e-20,zero_signal,8.152355388592891e-17,1.3708221305656253e-20,3141,3142,-361.87871275084217
1944,-0.010527664002552228,1.49069768288191e-20,zero_signal,8.265181023793047e-17,1.391371616425978e-20,3142,3143,-361.8890295328461
1945,-0.010743256627620212,1.4927202390658645e-20,zero_signal,8.333632377817619e-17,1.4089761381329805e-20,3143,3144,-361.8997680788473
1946,-0.00953521832258275,1.4767969390161878e-20,zero_signal,8.354303955484297e-17,1.4217679860117988e-20,3144,3145,-361.91051604610135
1947,-0.0058069077013556125,1.442877535637384e-20,zero_signal,8.326056172307484e-17,1.428105379233981e-20,3145,3146,-361.91883851549244
1948,-0.00029981167367054695,1.3934123598605048e-20,zero_signal,8.249799682590831e-17,1.4274132933778292e-20,3146,3147,-361.92212986150406
1949,0.0052196827237764865,1.3329843463969386e-20,zero_signal,8.129396396538661e-17,1.420500683253114e-20,3147,3148,-361.9194381388398
1950,0.0096193862277687,1.2670548045917877e-20,zero_signal,7.972760758884644e-17,1.4089123719647526e-20,3148,3149,-361.9116904960565
1951,0.013390820707911644,1.2007327647800408e-20,zero_signal,7.791944235722488e-17,1.393873398675157e-20,3149,3150,-361.90019936638424
1952,0.017996603052552018,1.1385032438979643e-20,zero_signal,7.60181377158878e-17,1.3758506217815686e-20,3150,3151,-361.8849088546407
1953,0.02398885934610462,1.0849723173668272e-20,zero_signal,7.418017247538131e-17,1.3551251183620506e-20,3151,3152,-361.86420616027914
1954,0.029477324028789553,1.0456063683845354e-20,zero_signal,7.255286449361577e-17,1.3327515865506953e-20,3152,3153,-361.8369311359485
1955,0.03069895011296353,1.026154040826859e-20,zero_signal,7.126582895093416e-17,1.3109122526824008e-20,3153,3154,-361.80525151222156
1956,0.02499086115832938,1.0304735392101477e-20,zero_signal,7.042729118801824e-17,1.2922509112652578e-20,3154,3155,-361.77553323572255
1957,0.013602823477157244,1.0583296722044676e-20,zero_signal,7.011746969549112e-17,1.2787198784521917e-20,3155,3156,-361.7552697899049
1958,0.0010597372381084824,1.1052590135845311e-20,zero_signal,7.037519197675495e-17,1.2709101158023814e-20,3156,3157,-361.74832758876823
1959,-0.008393559430857067,1.1646189188669162e-20,zero_signal,7.118297449459569e-17,1.2683908804884756e-20,3157,3158,-361.7531503154287
1960,-0.013476047262997781,1.2299590991000443e-20,zero_signal,7.246177582314476e-17,1.2706886953407635e-20,3158,3159,-361.76511470762995
1961,-0.015595369316372398,1.2961783261869966e-20,zero_signal,7.408285462427967e-17,1.2779626285267421e-20,3159,3160,-361.7801024099547
1962,-0.016770760352187608,1.3593367324729057e-20,zero_signal,7.589276087145236e-17,1.290693154502428e-20,3160,3161,-361.7963054462627
1963,-0.017918027653934132,1.4158634151446715e-20,zero_signal,7.773858791225501e-17,1.308642006390379e-20,3161,3162,-361.81364393065905
1964,-0.018652232314224193,1.462005316891271e-20,zero_signal,7.948228442514639e-17,1.3301250973811849e-20,3162,3163,-361.83214150157056
1965,-0.0182277856313533,1.4939942796602524e-20,zero_signal,8.10029429814655e-17,1.3524372150108216e-20,3163,3164,-361.8509483952875
1966,-0.016434221257895842,1.5088780369304473e-20,zero_signal,8.219501419470877e-17,1.373174533539046e-20,3164,3165,-361.86859707283327
1967,-0.013700475902197695,1.5055002386178514e-20,zero_signal,8.297090175283189e-17,1.3912676050385036e-20,3165,3166,-361.8838168378033
1968,-0.010631507624538017,1.484919863704541e-20,zero_signal,8.326947906526088e-17,1.4067606139106257e-20,3166,3167,-361.89599802463766
1969,-0.007619166097583729,1.449857634985159e-20,zero_signal,8.306538853969333e-17,1.4196253978883876e-20,3167,3168,-361.90507985305237
1970,-0.004766889883427439,1.4034764362267783e-20,zero_signal,8.237342390452985e-17,1.428879469814105e-20,3168,3169,-361.91123635683283
1971,-0.0018641301986406233,1.3483906749652134e-20,zero_signal,8.124638255619839e-17,1.4329098314196278e-20,3169,3170,-361.9146136328192
1972,0.0017321830491425771,1.2866995043582433e-20,zero_signal,7.976836176376465e-17,1.4306403767956973e-20,3170,3171,-361.9149646172301
1973,0.006942920582190482,1.2210579006066924e-20,zero_signal,7.804649292695374e-17,1.4224073380567287e-20,3171,3172,-361.91114926672094
1974,0.014143391950909745,1.1559238469969166e-20,zero_signal,7.620383953844191e-17,1.4098232530723828e-20,3172,3173,-361.90107877606573
1975,0.02205409451383389,1.0978329262891308e-20,zero_signal,7.437503946749055e-17,1.394911634597701e-20,3173,3174,-361.8828624828191
1976,0.02762018755123563,1.054086913952032e-20,zero_signal,7.270330281413703e-17,1.3793352858566785e-20,3174,3175,-361.85697058703806
1977,0.027820028236305916,1.0303359319529124e-20,zero_signal,7.133383687372517e-17,1.3642583252088743e-20,3175,3176,-361.82762210771665
1978,0.022180701799442204,1.0286283387880791e-20,zero_signal,7.039883609309507e-17,1.3507380093182481e-20,3176,3177,-361.80133053056545
1979,0.013222197381537626,1.0474779237656922e-20,zero_signal,6.999522197480144e-17,1.3401332036736059e-20,3177,3178,-361.78326070411777
1980,0.004203991926146955,1.0836777412212442e-20,zero_signal,7.016429989920679e-17,1.3340753163027987e-20,3178,3179,-361.7748861358024
1981,-0.003195046896308895,1.1338911520413168e-20,zero_signal,7.088430209271902e-17,1.3339579971659884e-20,3179,3180,-361.77485272026547
1982,-0.009058443949584216,1.1947040362821743e-20,zero_signal,7.207921315879335e-17,1.3403322654541978e-20,3180,3181,-361.781276229595
1983,-0.013877583238070201,1.261743041215935e-20,zero_signal,7.363703178979466e-17,1.3526865368066453e-20,3181,3182,-361.79296960816464
1984,-0.017443012848502804,1.329325604616092e-20,zero_signal,7.542699670115198e-17,1.3697553675334574e-20,3182,3183,-361.80903139607113
1985,-0.018867274955226776,1.3913781675694388e-20,zero_signal,7.730997001833301e-17,1.3900385306726266e-20,3183,3184,-361.82785563386165
1986,-0.017446559591519417,1.4430587354318094e-20,zero_signal,7.914346719786992e-17,1.412082961199193e-20,3184,3185,-361.8467659459816
1987,-0.013564452954483386,1.481851041170478e-20,zero_signal,8.078697081433864e-17,1.4344235799572793e-20,3185,3186,-361.8627487530447
1988,-0.008872228057839493,1.507325622113648e-20,zero_signal,8.211212594799506e-17,1.4554792216306353e-20,3186,3187,-361.87389485189055
1989,-0.005398799793226772,1.5198096001894797e-20,zero_signal,8.301735278129364e-17,1.4736612220637995e-20,3187,3188,-361.88049320916036
1990,-0.004078799095452723,1.5190238342948635e-20,zero_signal,8.344074621666965e-17,1.4875870853350142e-20,3188,3189,-361.884692451477
1991,-0.003927380514937795,1.503783074943475e-20,zero_signal,8.336367259244125e-17,1.4961680983807723e-20,3189,3190,-361.88865080735127
1992,-0.002773865861570357,1.473043834091055e-20,zero_signal,8.280315715500807e-17,1.498615929657616e-20,3190,3191,-361.8925472125069
1993,0.0009244985833731789,1.4275007185352385e-20,zero_signal,8.180031809983277e-17,1.494609452840426e-20,3191,3192,-361.8941985390744
1994,0.006740697236807591,1.3705244029569874e-20,zero_signal,8.041560828163475e-17,1.4846227336152155e-20,3192,3193,-361.89069821534014
1995,0.012596405490853613,1.3077540747312421e-20,zero_signal,7.87345441736709e-17,1.470036117177763e-20,3193,3194,-361.8807171446008
1996,0.016507668263500364,1.245574106559834e-20,zero_signal,7.687612441957007e-17,1.4527126200096654e-20,3194,3195,-361.86550540435843
1997,0.01821815251321368,1.1895184265525782e-20,zero_signal,7.499159094167406e-17,1.4342858401965633e-20,3195,3196,-361.8477018080738
1998,0.01909656568363971,1.143770191249504e-20,zero_signal,7.324802513854872e-17,1.415793275620261e-20,3196,3197,-361.829069099332
1999,0.020215089063782443,1.1119081596488066e-20,zero_signal,7.180294448297004e-17,1.3979707098887948e-20,3197,3198,-361.8095086767065
2000,0.020543314635631305,1.097685126345535e-20,zero_signal,7.078217272353617e-17,1.381858091392509e-20,3198,3199,-361.78863892120444
2001,0.017523278127214326,1.104422729437635e-20,zero_signal,7.02692467404079e-17,1.3690497617301113e-20,3199,3200,-361.76842204743525
2002,0.009892395554402356,1.1330579333119013e-20,zero_signal,7.030485816223636e-17,1.3612303442710497e-20,3200,3201,-361.75359236495
2003,-0.0003168137945976923,1.1806598171159034e-20,zero_signal,7.088820681005315e-17,1.3593048568061795e-20,3201,3202,-361.74863725632645
2004,-0.009039953796303735,1.24108653617291e-20,zero_signal,7.197444482400162e-17,1.3628574224427673e-20,3202,3203,-361.7542259925392
2005,-0.01332797046916312,1.3072896540207512e-20,zero_signal,7.347096503247335e-17,1.370444373376388e-20,3203,3204,-361.76671716391905
2006,-0.013240911978471104,1.373397247957993e-20,zero_signal,7.524127977706088e-17,1.380538065432277e-20,3204,3205,-361.78088193347753
2007,-0.011194206684507435,1.435380617877509e-20,zero_signal,7.712213844504832e-17,1.3923544186093024e-20,3205,3206,-361.793198987876
2008,-0.009764902741068227,1.490404007130365e-20,zero_signal,7.894960532018375e-17,1.4058163768451365e-20,3206,3207,-361.80327034684655
2009,-0.009828338515063706,1.5357304505655808e-20,zero_signal,8.058200832823953e-17,1.4206502944976327e-20,3207,3208,-361.81272879335813
2010,-0.010365447983986087,1.5681487164536576e-20,zero_signal,8.190942660713778e-17,1.4355171757088088e-20,3208,3209,-361.8229270238767
2011,-0.009811938593969671,1.5843762402664054e-20,zero_signal,8.284977623370171e-17,1.4481797173582333e-20,3209,3210,-361.8334596893261
2012,-0.007557354160809382,1.5821651094594928e-20,zero_signal,8.334155406578109e-17,1.456734675076618e-20,3210,3211,-361.8425509010646
2013,-0.004315574699177205,1.561379932205709e-20,zero_signal,8.33438680790834e-17,1.4608032278996787e-20,3211,3212,-361.8485743976477
2014,-0.0013097629104947828,1.5243020630058926e-20,zero_signal,8.284538987975657e-17,1.4614769975777673e-20,3212,3213,-361.85118205046297
2015,0.000780918672575126,1.474868891614803e-20,zero_signal,8.187444882316707e-17,1.4600162275280015e-20,3213,3214,-361.8511939234687
2016,0.0022227893771002982,1.4173168487657637e-20,zero_signal,8.050145043953663e-17,1.456591339689739e-20,3214,3215,-361.8496202131178
2017,0.003884636550765208,1.355203092512123e-20,zero_signal,7.883152433547624e-17,1.4503034346220216e-20,3215,3216,-361.8467483447145
2018,0.0066143751371612325,1.2915356707611983e-20,zero_signal,7.699206112726137e-17,1.4404015411171387e-20,3216,3217,-361.8418509400163
2019,0.010657422867865307,1.2298605169445112e-20,zero_signal,7.512121659529454e-17,1.427483221886708e-20,3217,3218,-361.8335195944402
2020,0.015171696636599563,1.1752804176455275e-20,zero_signal,7.336033750714895e-17,1.4135806476501525e-20,3218,3219,-361.82053609428056
2021,0.018153369227491112,1.1342103121927894e-20,zero_signal,7.184891741735114e-17,1.401120499671249e-20,3219,3220,-361.803176201167
2022,0.01740609358284928,1.1124918327574338e-20,zero_signal,7.071769344896573e-17,1.3917079705912453e-20,3220,3221,-361.7842293558256
2023,0.012322051387371857,1.1129269255398613e-20,zero_signal,7.00757382691173e-17,1.3857218109287213e-20,3221,3222,-361.7683640140013
2024,0.004698509606072321,1.1341679680299584e-20,zero_signal,6.999196817454019e-17,1.382927294623949e-20,3222,3223,-361.75958525305083
2025,-0.002615678548778533,1.1719201375e-20,zero_signal,7.047823435899799e-17,1.383439889613627e-20,3223,3224,-361.75896699478915
2026,-0.007825209542147604,1.2212701301745435e-20,zero_signal,7.148396026158907e-17,1.388102512126735e-20,3224,3225,-361.7648166101484
2027,-0.010902356364454135,1.278142527571396e-20,zero_signal,7.290666535402922e-17,1.3978895459350354e-20,3225,3226,-361.77461741387344
2028,-0.012725269666532313,1.3390978783365316e-20,zero_signal,7.4612745743339e-17,1.412869000352439e-20,3226,3227,-361.7866213228773
2029,-0.013936935389722294,1.4002738040127812e-20,zero_signal,7.64578843957163e-17,1.4317062922906792e-20,3227,3228,-361.8000679532065
2030,-0.014476813270647426,1.4568257664840373e-20,zero_signal,7.830011969328575e-17,1.4522120898340063e-20,3228,3229,-361.81449519365674
2031,-0.013809868514641721,1.5036118872423282e-20,zero_signal,8.000578791169954e-17,1.472446885100675e-20,3229,3230,-361.8290215797478
2032,-0.011477407336485612,1.536723889115189e-20,zero_signal,8.145276232451855e-17,1.4913762632873295e-20,3230,3231,-361.842114930686
2033,-0.007651178835146766,1.5546784975114264e-20,zero_signal,8.253510354271631e-17,1.5085728438132807e-20,3231,3232,-361.8519763944208
2034,-0.003374413573169477,1.5582870092031285e-20,zero_signal,8.317070908592222e-17,1.5234453034738342e-20,3232,3233,-361.8574172883563
2035,-0.00013630049954826973,1.549270247539217e-20,zero_signal,8.331071510437431e-17,1.5348678268139358e-20,3233,3234,-361.8587252215671
2036,0.0011814445108484506,1.5287065334023763e-20,zero_signal,8.294681517633075e-17,1.5415382887159936e-20,3234,3235,-361.8576898893554
2037,0.001190036875811984,1.4965686490455184e-20,zero_signal,8.211180580621689e-17,1.54264204206134e-20,3235,3236,-361.8563623325454
2038,0.0017235077566226664,1.4527590661553904e-20,zero_signal,8.087192604475593e-17,1.5382447617150655e-20,3236,3237,-361.8553098156038
2039,0.00436875588775365,1.3988207421103948e-20,zero_signal,7.931587755538434e-17,1.529241168138291e-20,3237,3238,-361.85291531703217
2040,0.008969108746299526,1.3389522641777593e-20,zero_signal,7.75485654314004e-17,1.5170524791638523e-20,3238,3239,-361.8465723038283
2041,0.013482846670939352,1.2795028978701869e-20,zero_signal,7.5692686409001e-17,1.5032813507931892e-20,3239,3240,-361.83497709953957
2042,0.015532629203050874,1.227177809304443e-20,zero_signal,7.389192116123923e-17,1.4894074454535722e-20,3240,3241,-361.8196066104864
2043,0.01442039169072018,1.1871097890694077e-20,zero_signal,7.230499796074528e-17,1.4766002173856095e-20,3241,3242,-361.80391184113347
2044,0.011622255800915582,1.1621773968892883e-20,zero_signal,7.108558333160834e-17,1.4657389660648285e-20,3242,3243,-361.79076582710496
2045,0.009073688181558737,1.1538759857823308e-20,zero_signal,7.03545239278678e-17,1.4575905561607517e-20,3243,3244,-361.78066732953164
2046,0.007045849258901171,1.1634368704843293e-20,zero_signal,7.017824463119239e-17,1.4529418398680353e-20,3244,3245,-361.77261845074185
2047,0.004080171559280643,1.1916477859566213e-20,zero_signal,7.056334382669101e-17,1.4525107311051944e-20,3245,3246,-361.76657563101384
2048,-0.0009097857462734282,1.2373841008794678e-20,zero_signal,7.146586916461544e-17,1.4566355497440994e-20,3246,3247,-361.7644581076233
2049,-0.006852713570793867,1.2964899124417145e-20,zero_signal,7.280484551528729e-17,1.464935157518646e-20,3247,3248,-361.7683952025064
2050,-0.011070846696100034,1.362453541168267e-20,zero_signal,7.447082425882319e-17,1.4762094901465915e-20,3248,3249,-361.7781635347649
2051,-0.011476717629477662,1.4285117621083023e-20,zero_signal,7.63291435515119e-17,1.4887385332738027e-20,3249,3250,-361.7905368958986
2052,-0.008261248955193423,1.4895593702273582e-20,zero_signal,7.822523089888775e-17,1.500893769416488e-20,3250,3251,-361.8011169700238
2053,-0.00374597585081915,1.5426649649535172e-20,zero_signal,7.999870267867253e-17,1.511705055573174e-20,3251,3252,-361.80705939380897
2054,-0.0006282945908253623,1.5861890932310196e-20,zero_signal,8.150490404697607e-17,1.5209124923138908e-20,3252,3253,-361.80860892172547
2055,-4.7612908815608534e-07,1.618416498505452e-20,zero_signal,8.26341638839425e-17,1.528367999091547e-20,3253,3254,-361.8083159829906
2056,-0.0007426234564889,1.636857320311325e-20,zero_signal,8.331848561214798e-17,1.533337138032892e-20,3254,3255,-361.80860987398364
2057,-0.0007718002574108596,1.638796978818119e-20,zero_signal,8.352444102746257e-17,1.53452587706776e-20,3255,3256,-361.8098012299036
2058,0.0010392046743561423,1.6226774358014134e-20,zero_signal,8.324207528479828e-17,1.5310045582349462e-20,3256,3257,-361.81015347449846
2059,0.003985448525043012,1.5893129575365164e-20,zero_signal,8.248187776096662e-17,1.523201643252009e-20,3257,3258,-361.8077228205549
2060,0.006320135521121983,1.542094497624233e-20,zero_signal,8.12827242474246e-17,1.512889574726379e-20,3258,3259,-361.8021825774484
2061,0.006847455845189643,1.485994076632772e-20,zero_signal,7.972218389521298e-17,1.5020133282000648e-20,3259,3260,-361.79508254951264
2062,0.005897260534737825,1.4260219716283218e-20,zero_signal,7.79178275476611e-17,1.4914356083172417e-20,3260,3261,-361.788487665758
2063,0.004954673589139702,1.3662405758884084e-20,zero_signal,7.601570136533976e-17,1.480796810342376e-20,3261,3262,-361.78328802844317
2064,0.005371298253265877,1.3100092258009347e-20,zero_signal,7.417163849533557e-17,1.4695642918292127e-20,3262,3263,-361.7785783185797
2065,0.007163663453098934,1.2610840469171979e-20,zero_signal,7.2534370920091e-17,1.4582235556284287e-20,3263,3264,-361.77254543193663
2066,0.008747843580181325,1.2243489199354725e-20,zero_signal,7.123535749145216e-17,1.4484929345338142e-20,3264,3265,-361.7642509916735
2067,0.007979952367406895,1.2050520665594622e-20,zero_signal,7.038335921713927e-17,1.4423628070581133e-20,3265,3266,-361.7550497447763
2068,0.003992871563895051,1.2066550311489766e-20,zero_signal,7.005775893217682e-17,1.4408056053309262e-20,3266,3267,-361.7482910869387
2069,-0.001787423947945399,1.228909597559547e-20,zero_signal,7.029689119849523e-17,1.4432690159191386e-20,3267,3268,-361.7470640016485
2070,-0.006721496020105633,1.2678775635970538e-20,zero_signal,7.108488534769008e-17,1.448365287783406e-20,3268,3269,-361.7518659348346
2071,-0.009127579245301831,1.317860378336157e-20,zero_signal,7.234640197872106e-17,1.455138709417187e-20,3269,3270,-361.7605069936887
2072,-0.009293045473782513,1.3735834930829377e-20,zero_signal,7.395654999940067e-17,1.4637809346570302e-20,3270,3271,-361.7701210933252
2073,-0.008616238702472856,1.431130269227968e-20,zero_signal,7.576362004089896e-17,1.4751191495711015e-20,3271,3272,-361.77909308463626
2074,-0.00813588848876634,1.4874084534793232e-20,zero_signal,7.761364142620677e-17,1.4893241862035894e-20,3272,3273,-361.78735357073015
2075,-0.00786789831340684,1.5390406342735866e-20,zero_signal,7.936617088036954e-17,1.5050848494520047e-20,3273,3274,-361.7953648616138
2076,-0.0071988937021387756,1.581845681662415e-20,zero_signal,8.0899048367404e-17,1.520120511319462e-20,3274,3275,-361.80308936735696
2077,-0.005615478474396696,1.6115146392489985e-20,zero_signal,8.210789493786389e-17,1.532621663021685e-20,3275,3276,-361.80976264901807
2078,-0.0030905426277740844,1.6251018430306892e-20,zero_signal,8.29074199171187e-17,1.5422664323152645e-20,3276,3277,-361.81432032430575
2079,-7.406057125081134e-05,1.6222115185868366e-20,zero_signal,8.323697017256303e-17,1.5498605573088224e-20,3277,3278,-361.8159437342736
2080,0.0026550948002750374,1.6048736839024604e-20,zero_signal,8.306790137630973e-17,1.5560330838268447e-20,3278,3279,-361.81446844544826
2081,0.004246171927775322,1.5761036867448652e-20,zero_signal,8.240912060206318e-17,1.5603286033298603e-20,3279,3280,-361.81063354467307
2082,0.004272061557088591,1.5382394352754277e-20,zero_signal,8.130840038413208e-17,1.5615344445562927e-20,3280,3281,-361.8059761015927
2083,0.003236275088994489,1.4923889563138614e-20,zero_signal,7.984842364624442e-17,1.5588247398617825e-20,3281,3282,-361.8020894215589
2084,0.002477043470634044,1.439442522451375e-20,zero_signal,7.813820583523321e-17,1.5526290010730745e-20,3282,3283,-361.7995035514147
2085,0.0032045646481719814,1.3817941333368145e-20,zero_signal,7.630315728645013e-17,1.544544169479744e-20,3283,3284,-361.7971353346176
2086,0.00531822581774577,1.3242953193507889e-20,zero_signal,7.447812701604065e-17,1.5364965044361937e-20,3284,3285,-361.7930944221184
2087,0.007157739354994419,1.2735278015619828e-20,zero_signal,7.280433134792035e-17,1.529878489527223e-20,3285,3286,-361.78649888298213
2088,0.006777000712446579,1.2356965321107491e-20,zero_signal,7.142510574950347e-17,1.5252525676105248e-20,3286,3287,-361.7787789434084
2089,-0.021607023083248578,1.2145403752829744e-20,zero_signal,7.047344693017882e-17,1.522699697752251e-20,3287,3288,-361.77294488155724
2090,-0.025779102780802532,1.4550396036574754e-20,zero_signal,7.52227499229702e-17,1.4840870245163446e-20,3318,3319,-361.8219929895749
2091,0.000638402144744532,1.473657031785063e-20,zero_signal,7.582592271094238e-17,1.476408860206339e-20,3319,3320,-361.82450308711884
2092,0.005966620068136308,1.488513948131566e-20,zero_signal,7.64749099004311e-17,1.4764908804097564e-20,3320,3321,-361.8207161852854
2093,0.008373346114780134,1.499796829694265e-20,zero_signal,7.711515580697091e-17,1.4860298935406108e-20,3321,3322,-361.81256984698257
2094,0.007380403121487689,1.506366638733914e-20,zero_signal,7.76985109713603e-17,1.5044507669053033e-20,3322,3323,-361.80396949305583
2095,0.005054831264715176,1.5063340130738313e-20,zero_signal,7.818622924403095e-17,1.5287955349625095e-20,3323,3324,-361.7978090407396
2096,0.004211664592389752,1.498552811563875e-20,zero_signal,7.854713833712913e-17,1.5552239606084038e-20,3324,3325,-361.7938598305264
2097,0.005970267326773637,1.483797163967864e-20,zero_signal,7.875497046073852e-17,1.580912901578581e-20,3325,3326,-361.7893857115548
2098,0.008798387533602181,1.4646885166643144e-20,zero_signal,7.878944654035152e-17,1.6048588277050054e-20,3326,3327,-361.78191929587285
2099,0.009899775854506743,1.4444288037362353e-20,zero_signal,7.864205044177313e-17,1.6270646398472253e-20,3327,3328,-361.7717889364876
2100,0.00779478655599064,1.425276188869346e-20,zero_signal,7.832246383277151e-17,1.6469147511353103e-20,3328,3329,-361.76211974416384
2101,0.0037443106670593806,1.4079539580519676e-20,zero_signal,7.785995895185397e-17,1.6622508354759333e-20,3329,3330,-361.75619936337563
2102,0.000615303240152798,1.392478812763705e-20,zero_signal,7.729760078621809e-17,1.6700681694172117e-20,3330,3331,-361.7546311228297
2103,0.00023501873926079497,1.3796109236962385e-20,zero_signal,7.668292746441424e-17,1.6683017881093432e-20,3331,3332,-361.7549687568953
2104,0.0017017257217162296,1.371517559141301e-20,zero_signal,7.606145593382096e-17,1.6572536377152786e-20,3332,3333,-361.7541610853512
2105,0.0022135183869522734,1.3709226532060546e-20,zero_signal,7.547626946813785e-17,1.639496650486884e-20,3333,3334,-361.7515653054519
2106,-0.0002743687370241332,1.379350721634911e-20,zero_signal,7.497093006513623e-17,1.6182329985300712e-20,3334,3335,-361.7497340485773
2107,-0.0049970941204549035,1.3959746828415323e-20,zero_signal,7.458966032419263e-17,1.5953686481802037e-20,3335,3336,-361.75211404292594
2108,-0.008898887416336265,1.4181023007537067e-20,zero_signal,7.437125633367784e-17,1.570947502584998e-20,3336,3337,-361.7597282368182
2109,-0.009211984568821663,1.442800806614602e-20,zero_signal,7.433925262708081e-17,1.5444738055624825e-20,3337,3338,-361.7699118177586
2110,-0.005726513025877011,1.4682344671028186e-20,zero_signal,7.449494590836023e-17,1.5169621527219495e-20,3338,3339,-361.77815220595585
2111,-0.0008795961396970142,1.4937678674085846e-20,zero_signal,7.481824510887555e-17,1.4918195699456218e-20,3339,3340,-361.78136484381037
2112,0.002314863687104207,1.5189814934297962e-20,zero_signal,7.527534797528358e-17,1.4735181770405913e-20,3340,3341,-361.77991139823524
2113,0.0027440249001244865,1.5425542362272876e-20,zero_signal,7.582724964089564e-17,1.46494448492363e-20,3341,3342,-361.77673511643616
2114,0.001890403804111429,1.562007671028315e-20,zero_signal,7.64334591072364e-17,1.4657378360670563e-20,3342,3343,-361.774423348435
2115,0.002123654996779578,1.5745610615069097e-20,zero_signal,7.70505073024954e-17,1.4731842319522952e-20,3343,3344,-361.77295430882793
2116,0.004316294280897637,1.5784698658016118e-20,zero_signal,7.762998409229888e-17,1.4848032957657145e-20,3344,3345,-361.77017603844143
2117,0.0070573556308488605,1.573882340180906e-20,zero_signal,7.812124850812362e-17,1.5001929913283874e-20,3345,3346,-361.76432172026614
2118,0.008050973628598967,1.562564993513271e-20,zero_signal,7.847940396390962e-17,1.520474631184491e-20,3346,3347,-361.75606132717974
2119,0.006268950981223043,1.5466556468413486e-20,zero_signal,7.867399583213526e-17,1.545961059476503e-20,3347,3348,-361.74821977300894
2120,0.0028454548005640845,1.5274202012849147e-20,zero_signal,7.869294874292727e-17,1.5743543753667637e-20,3348,3349,-361.7435234252173
2121,1.9989519273622136e-05,1.5050518950228954e-20,zero_signal,7.854015025783475e-17,1.601232400722493e-20,3349,3350,-361.7425288634078
2122,-0.0007018267129126343,1.479679870796156e-20,zero_signal,7.822996554154847e-17,1.6224001333053407e-20,3350,3351,-361.74348344617874
2123,0.00043582275884546107,1.4526981496489503e-20,zero_signal,7.778352232452177e-17,1.636081268193465e-20,3351,3352,-361.74393251683364
2124,0.001814348118983844,1.427189959836511e-20,zero_signal,7.722896824567668e-17,1.6431997977278578e-20,3352,3353,-361.74261180066105
2125,0.001705015887978334,1.4069146556977753e-20,zero_signal,7.660385525785038e-17,1.6456758679821513e-20,3353,3354,-361.74030382059567
2126,-0.0005012878235390872,1.3945388039006316e-20,zero_signal,7.59558181548602e-17,1.644305991036167e-20,3354,3355,-361.7392017688851
2127,-0.003912098103910466,1.3904989821378188e-20,zero_signal,7.533899527927822e-17,1.6380647970401894e-20,3355,3356,-361.74130639624275
2128,-0.006823388263711649,1.39339486346119e-20,zero_signal,7.480673554495447e-17,1.6253573191726986e-20,3356,3357,-361.7470259650929
2129,-0.007929492643427238,1.4015139370809703e-20,zero_signal,7.440365971238626e-17,1.6060623389752192e-20,3357,3358,-361.7549531727702
2130,-0.007167892262913256,1.41413802546966e-20,zero_signal,7.416047259731077e-17,1.5825924762930986e-20,3358,3359,-361.76288495037977
2131,-0.005622706806292399,1.4315172488357125e-20,zero_signal,7.409295669970331e-17,1.5590738042931955e-20,3359,3360,-361.769288957296
2132,-0.004562826556764321,1.4536049032965136e-20,zero_signal,7.420379252319219e-17,1.5392990593309983e-20,3360,3361,-361.77413036399236
2133,-0.004354476065941526,1.478767797758541e-20,zero_signal,7.448439854213175e-17,1.5250829285536585e-20,3361,3362,-361.7784146104095
2134,-0.0041755964240053345,1.503727945956058e-20,zero_signal,7.491497801572565e-17,1.5162888090857115e-20,3362,3363,-361.78283931612424
2135,-0.002808147489758994,1.52491164400795e-20,zero_signal,7.546344351512075e-17,1.5123562238828847e-20,3363,3364,-361.78676580325754
2136,0.00016291487455077913,1.5401465532045194e-20,zero_signal,7.608566119907784e-17,1.513847353519002e-20,3364,3365,-361.78845561110376
2137,0.003752356632219289,1.5493453291290293e-20,zero_signal,7.672902075748646e-17,1.5225523538378414e-20,3365,3366,-361.78643997350844
2138,0.006129360379901527,1.5536807501476333e-20,zero_signal,7.73391341577223e-17,1.5400118377357117e-20,3366,3367,-361.7809508978393
2139,0.0059885183216863425,1.5540121672360883e-20,zero_signal,7.786728860115806e-17,1.5657329396960227e-20,3367,3368,-361.77418125274863
2140,0.003663835165951923,1.549910625678301e-20,zero_signal,7.82756640217103e-17,1.5966830801448335e-20,3368,3369,-361.76897386119595
2141,0.001018693595113973,1.5400988993548785e-20,zero_signal,7.853861059752282e-17,1.6285599225097553e-20,3369,3370,-361.76685358241673
2142,0.00011188223905378436,1.5239214958471122e-20,zero_signal,7.86407264801861e-17,1.6578122220554535e-20,3370,3371,-361.7669364740057
2143,0.0016032958989455892,1.5025931569837838e-20,zero_signal,7.857460744851814e-17,1.682840196054592e-20,3371,3372,-361.7666298179386
2144,0.0041294154521835935,1.479175359945045e-20,zero_signal,7.834126464908135e-17,1.703618842695887e-20,3372,3373,-361.7637298822078
2145,0.005308843547481956,1.4572534406579948e-20,zero_signal,7.795370732229879e-17,1.7202690821279875e-20,3373,3374,-361.75837098703425
2146,0.003767447626557896,1.4392801800339787e-20,zero_signal,7.744071787554519e-17,1.7318375987871585e-20,3374,3375,-361.75311219511286
2147,0.0004470243287073572,1.4258619081058987e-20,zero_signal,7.684650423729996e-17,1.7363128367206218e-20,3375,3376,-361.75083609178114
2148,-0.0021484611982316437,1.4165677932052674e-20,zero_signal,7.622444966429027e-17,1.731875984407071e-20,3376,3377,-361.75221814645545
2149,-0.0022105580840161565,1.411491299870697e-20,zero_signal,7.562782714149212e-17,1.718373689087725e-20,3377,3378,-361.7551330141776
2150,-0.0003251178028733648,1.4120596905877556e-20,zero_signal,7.510289177458742e-17,1.6978593295264926e-20,3378,3379,-361.7566392626235
2151,0.0010364265212672308,1.4202715827396713e-20,zero_signal,7.468753805427676e-17,1.6737634723989328e-20,3379,3380,-361.75578324978335
2152,-9.626561489994856e-05,1.4369713067900674e-20,zero_signal,7.441355389443195e-17,1.649224367590901e-20,3380,3381,-361.75456640958095
2153,-0.0031412642116208644,1.4606992202090712e-20,zero_signal,7.430725303954685e-17,1.6257995061522442e-20,3381,3382,-361.75597578101315
2154,-0.005313130397041732,1.4882034574687406e-20,zero_signal,7.438510804464333e-17,1.6036128367917584e-20,3382,3383,-361.7608489380042
2155,-0.004113540334628851,1.516160499222514e-20,zero_signal,7.464637468370432e-17,1.582822612012172e-20,3383,3384,-361.76660204180723
2156,0.00033902124147289214,1.5426276375114915e-20,zero_signal,7.506861938088926e-17,1.5650874268912578e-20,3384,3385,-361.76907601867345
2157,0.0052369538292964535,1.5671783379564118e-20,zero_signal,7.561072616864501e-17,1.553587115297583e-20,3385,3386,-361.7659239993243
2158,0.0074082451947106165,1.5898263052034273e-20,zero_signal,7.622234967126219e-17,1.5512790132757733e-20,3386,3387,-361.75860211101485
2159,0.0060337427016747824,1.6097306023067627e-20,zero_signal,7.685382791625732e-17,1.5587172680131315e-20,3387,3388,-361.75110750893487
2160,0.003218012136159132,1.6247966405241913e-20,zero_signal,7.746067830431928e-17,1.5734548702582885e-20,3388,3389,-361.7465346256115
2161,0.0018944689471709353,1.6325392643640693e-20,zero_signal,7.800191448019629e-17,1.591696821576092e-20,3389,3390,-361.74467148466255
2162,0.0031556393826122076,1.631545705454679e-20,zero_signal,7.843701085809067e-17,1.6107415731042888e-20,3390,3391,-361.74274568771716
2163,0.005444653615768402,1.6224333178480704e-20,zero_signal,7.872734772599069e-17,1.630105021114029e-20,3391,3392,-361.7383602058973
2164,0.006151858246454367,1.6075562653813842e-20,zero_signal,7.884343117479976e-17,1.6504686511811658e-20,3392,3393,-361.7318563804856
2165,0.004060037069137934,1.5896103311080577e-20,zero_signal,7.877328443111686e-17,1.671515023947286e-20,3393,3394,-361.7260564894044
2166,0.00041960164037391223,1.570214410707933e-20,zero_signal,7.852567785601684e-17,1.6907234618005378e-20,3394,3395,-361.72373630634735
2167,-0.0022284186707111076,1.5496649954123548e-20,zero_signal,7.812591261439704e-17,1.7042884946080343e-20,3395,3396,-361.72521728612367
2168,-0.00226760732226694,1.528050571090469e-20,zero_signal,7.760785108510949e-17,1.709373263175669e-20,3396,3397,-361.72819314368877
2169,-0.0002971563653488829,1.5066885307899558e-20,zero_signal,7.70083044625767e-17,1.7058210901815786e-20,3397,3398,-361.7297525007682
2170,0.0014518531240810262,1.4885267164488576e-20,zero_signal,7.636681639440961e-17,1.695950178997381e-20,3398,3399,-361.72878745641947
2171,0.0010016611346088666,1.4769913366402594e-20,zero_signal,7.572843370440786e-17,1.6825998754585763e-20,3399,3400,-361.72684879452004
2172,-0.0017299661274705613,1.4741210649238697e-20,zero_signal,7.514417820975626e-17,1.6670688338426453e-20,3400,3401,-361.72678413415025
2173,-0.004897029201401892,1.479526074656006e-20,zero_signal,7.466591871206767e-17,1.6487209546988444e-20,3401,3402,-361.730308726775
2174,-0.006287856442241946,1.4910115821102297e-20,zero_signal,7.433716518301534e-17,1.626578732148591e-20,3402,3403,-361.73657819255305
2175,-0.005084904774264487,1.5062590028302543e-20,zero_signal,7.418481494803876e-17,1.6014786562236622e-20,3403,3404,-361.74288443965946
2176,-0.0023844359057534348,1.5241275969662484e-20,zero_signal,7.421630397439596e-17,1.5768502925217752e-20,3404,3405,-361.7467480021016
2177,-0.00015932818058672638,1.5445592103374932e-20,zero_signal,7.44225940159071e-17,1.5572915693167605e-20,3405,3406,-361.74765331147097
2178,0.0004122547357496842,1.5672951377061392e-20,zero_signal,7.478340936215898e-17,1.5460056212909847e-20,3406,3407,-361.74706665846276
2179,-0.0001962823398571345,1.5906321809713205e-20,zero_signal,7.527048651912108e-17,1.5432627769435835e-20,3407,3408,-361.74682880199947
2180,-0.0005314132962723761,1.6114030803127725e-20,zero_signal,7.584759548114928e-17,1.547197334975532e-20,3408,3409,-361.74745922314247
2181,0.00039008281896713015,1.6263077789748038e-20,zero_signal,7.646977079364636e-17,1.5561085037263872e-20,3409,3410,-361.747891628592
2182,0.0022254096409710655,1.633567238190911e-20,zero_signal,7.708522071863272e-17,1.570087978664483e-20,3410,3411,-361.74667905750454
2183,0.003669893531935031,1.6335831981055935e-20,zero_signal,7.764108167912121e-17,1.5904994027461844e-20,3411,3412,-361.7434408093101
2184,0.003558895557375763,1.6280952781332862e-20,zero_signal,7.809090981402911e-17,1.6178555066484756e-20,3412,3413,-361.73933927044067
2185,0.0017530185250222985,1.6185651718088355e-20,zero_signal,7.840047071450767e-17,1.6501128489486527e-20,3413,3414,-361.7363230181953
2186,-0.0007850682645482721,1.605148345579751e-20,zero_signal,7.854975593627941e-17,1.6829874369429684e-20,3414,3415,-361.7358332333906
2187,-0.0026177773090978462,1.587101236285256e-20,zero_signal,7.85316428736108e-17,1.712041474427569e-20,3415,3416,-361.7378931547244
2188,-0.0027081216320823387,1.564246742867832e-20,zero_signal,7.834931096553337e-17,1.734796917884577e-20,3416,3417,-361.7410687880088
2189,-0.0011123597890332348,1.5382211832937835e-20,zero_signal,7.801466921783023e-17,1.7512492003365393e-20,3417,3418,-361.7433093979886
2190,0.0009169432932480959,1.5124068743748123e-20,zero_signal,7.754887211382982e-17,1.7625753497722664e-20,3418,3419,-361.7432935075869
2191,0.0016971648930450556,1.4905192853753413e-20,zero_signal,7.698412978241053e-17,1.7692750445968544e-20,3419,3420,-361.7414755114021
2192,0.00042999270596055794,1.474885558255491e-20,zero_signal,7.636441960252799e-17,1.7703327680862792e-20,3420,3421,-361.7398991778008
2193,-0.001992432805337785,1.465742615637538e-20,zero_signal,7.574262150939442e-17,1.7640528475946293e-20,3421,3422,-361.74061552599017
2194,-0.0036005144724242655,1.4621060873469757e-20,zero_signal,7.517364213580248e-17,1.7498068252172173e-20,3422,3423,-361.74388404341147
2195,-0.003037078851860997,1.463395087265034e-20,zero_signal,7.470611299633163e-17,1.7292199952163224e-20,3423,3424,-361.747816554935
2196,-0.0008360699458194176,1.470296724395889e-20,zero_signal,7.437666433242125e-17,1.7058368535275882e-20,3424,3425,-361.7499582011152
2197,0.0009960872123428999,1.4840714281611506e-20,zero_signal,7.42089192397121e-17,1.6835054732433936e-20,3425,3426,-361.74948869482665
2198,0.0008693151173417846,1.5049319821267136e-20,zero_signal,7.421556669025325e-17,1.6646731163919027e-20,3426,3427,-361.7479660266905
2199,-0.0007864010907496777,1.5309861392611568e-20,zero_signal,7.439959825636791e-17,1.6498684958766187e-20,3427,3428,-361.74775006459197
2200,-0.0018390061632942434,1.558761077931296e-20,zero_signal,7.47522557455169e-17,1.6387250303083467e-20,3428,3429,-361.749538828872
2201,-0.0004614079012981165,1.5848964763553807e-20,zero_signal,7.52492074152417e-17,1.6315881967122242e-20,3429,3430,-361.75142807691856
2202,0.0030472913758501363,1.6075940935364542e-20,zero_signal,7.584929569788927e-17,1.6302123809407153e-20,3430,3431,-361.7504616446746
2203,0.006325450610518146,1.626760711090499e-20,zero_signal,7.649911264180525e-17,1.636805851177626e-20,3431,3432,-361.74533349416686
2204,0.006928447632020607,1.642911029759342e-20,zero_signal,7.714236940482308e-17,1.6521060914234366e-20,3432,3433,-361.73781074345357
2205,0.0044884436076984,1.655797895541607e-20,zero_signal,7.772914823432293e-17,1.6741486445822596e-20,3433,3434,-361.7314765989028
2206,0.0010561062645138009,1.6638997444861317e-20,zero_signal,7.822006785998886e-17,1.6989520441118377e-20,3434,3435,-361.72883385623817
2207,-0.0006823271518499041,1.6652116535782803e-20,zero_signal,7.85844855967727e-17,1.7226428024917097e-20,3435,3436,-361.7293643863738
2208,0.00032509599495256225,1.65872566313561e-20,zero_signal,7.879683764858198e-17,1.7432642781491837e-20,3436,3437,-361.73019851054187
2209,0.002689145133274451,1.6454498092085164e-20,zero_signal,7.883665640668401e-17,1.7608827088970662e-20,3437,3438,-361.7287141943839
2210,0.0038698654352060657,1.6281540781308745e-20,zero_signal,7.869408966185601e-17,1.776065310108899e-20,3438,3439,-361.7248202202753
2211,0.0024509391174944994,1.6099346198239055e-20,zero_signal,7.837702565407001e-17,1.7881254704265722e-20,3439,3440,-361.72097446351347
2212,-0.0005927406172645533,1.592663702065644e-20,zero_signal,7.791352119574976e-17,1.794725050153078e-20,3440,3441,-361.71991834204033
2213,-0.002775874158089664,1.576630064741421e-20,zero_signal,7.734660830614043e-17,1.79321838611309e-20,3441,3442,-361.722159944748
2214,-0.002327285844103244,1.5616667321652913e-20,zero_signal,7.672475042097202e-17,1.782594749981018e-20,3442,3443,-361.7254700903565
2215,0.0002239461534259135,1.548688283542002e-20,zero_signal,7.609449700841993e-17,1.7644355000562556e-20,3443,3444,-361.7268145164362
2216,0.002485032106079643,1.5401676837193414e-20,zero_signal,7.549924034068319e-17,1.7421053458441076e-20,3444,3445,-361.72502219804966
2217,0.0023270571169291543,1.538980332308647e-20,zero_signal,7.498196756585363e-17,1.718743677335323e-20,3445,3446,-361.72184445222405
2218,-0.0001476103055040312,1.5465002919195058e-20,zero_signal,7.458611735242698e-17,1.695652722906502e-20,3446,3447,-361.7203680838158
2219,-0.002649880267028948,1.5615955635055923e-20,zero_signal,7.435050291165771e-17,1.6724538815965877e-20,3447,3448,-361.72213967283506
2220,-0.0027688028395118636,1.581388605951448e-20,zero_signal,7.429999115422995e-17,1.64886398212329e-20,3448,3449,-361.72566784434986
2221,-0.00013265725985434074,1.6030718570199592e-20,zero_signal,7.443805197147286e-17,1.626492990886778e-20,3449,3450,-361.7276772785141
2222,0.0032826689510727647,1.625257221728483e-20,zero_signal,7.474646010117971e-17,1.6089646575728692e-20,3450,3451,-361.72593315886957
2223,0.004932289199103934,1.6478493042009957e-20,zero_signal,7.519205738538199e-17,1.6000056156930425e-20,3451,3452,-361.72111194061193
2224,0.003928354914336296,1.6706883684461e-20,zero_signal,7.573531853212197e-17,1.601005463458295e-20,3452,3453,-361.71606858047136
2225,0.0016352968148396485,1.6922349270175502e-20,zero_signal,7.633503563905602e-17,1.610238673693403e-20,3453,3454,-361.71325523078326
2226,0.00018094781202648846,1.7095235621316286e-20,zero_signal,7.694788487632535e-17,1.6244706452278038e-20,3454,3455,-361.7127979868417
2227,0.0004913735495790661,1.7195170920004908e-20,zero_signal,7.752668885404669e-17,1.6414502139147114e-20,3455,3456,-361.7128933351592
2228,0.0016765437890171597,1.7208038809571023e-20,zero_signal,7.802225403851212e-17,1.6610772482412976e-20,3456,3457,-361.7118152397425
2229,0.0020728380972627747,1.714276266108753e-20,zero_signal,7.839003659696009e-17,1.684311295648534e-20,3457,3458,-361.7095402475812
2230,0.0007816162902543056,1.70223784647947e-20,zero_signal,7.85981952816697e-17,1.7109241824652088e-20,3458,3459,-361.707669563548
2231,-0.0016607259948955289,1.6866836851928792e-20,zero_signal,7.863217830485639e-17,1.7382320553761133e-20,3459,3460,-361.70797701500067
2232,-0.003846037546509251,1.668195990581193e-20,zero_signal,7.849380399123058e-17,1.7619977543016662e-20,3460,3461,-361.7109910155378
2233,-0.00457875666830887,1.6463593224699448e-20,zero_signal,7.819688135670053e-17,1.7787340471407052e-20,3461,3462,-361.7156690900937
2234,-0.0036202865379095783,1.6212789881769112e-20,zero_signal,7.776323081403118e-17,1.78751052615308e-20,3462,3463,-361.7201485288744
2235,-0.0017568131358700612,1.5948378427631546e-20,zero_signal,7.722152270322325e-17,1.789862423765546e-20,3463,3464,-361.7229096631695
2236,-0.00028313163554116727,1.570545863705306e-20,zero_signal,7.660839480731056e-17,1.7879748195009653e-20,3464,3465,-361.72366215514614
2237,-0.0001731544395227047,1.551999548549387e-20,zero_signal,7.596925471381063e-17,1.7827265225343194e-20,3465,3466,-361.7234759264406
2238,-0.0013754734873430152,1.5411156975726623e-20,zero_signal,7.535621881134631e-17,1.7732568073460663e-20,3466,3467,-361.7240084640252
2239,-0.002768429862726407,1.537531204166711e-20,zero_signal,7.482244398990737e-17,1.7583748504698528e-20,3467,3468,-361.72622687341527
2240,-0.0029748247158067898,1.5396216603659345e-20,zero_signal,7.44144763307771e-17,1.7385476928008576e-20,3468,3469,-361.72954532375064
2241,-0.001505000120545219,1.5461975747414105e-20,zero_signal,7.416572550561098e-17,1.7167266081224704e-20,3469,3470,-361.7321765228469
2242,0.0007506316694332327,1.557361025297697e-20,zero_signal,7.409365282203074e-17,1.697240423705528e-20,3470,3471,-361.73255532399173
2243,0.002228678780170412,1.573812236918409e-20,zero_signal,7.420088536025139e-17,1.683577796463561e-20,3471,3472,-361.730675259508
2244,0.0020634817655889037,1.5953036481820617e-20,zero_signal,7.447800073828625e-17,1.6768241545398265e-20,3472,3473,-361.7280979664314
2245,0.000860532391726565,1.6196915245077326e-20,zero_signal,7.490521541553151e-17,1.675991541827643e-20,3473,3474,-361.72654829597684
2246,0.00012296561811808715,1.6435035899136042e-20,zero_signal,7.545206832718558e-17,1.6798392631913476e-20,3474,3475,-361.72637690164794
2247,0.0008656912939102313,1.663592589126909e-20,zero_signal,7.607677714589958e-17,1.6884800155683986e-20,3475,3476,-361.7263023647406
2248,0.0026645805548923818,1.6785257675436435e-20,zero_signal,7.672802349003673e-17,1.7033052689498727e-20,3476,3477,-361.7246455190601
2249,0.003956409175572162,1.6886779368390037e-20,zero_signal,7.735055198394095e-17,1.7252904469367368e-20,3477,3478,-361.7209732036308
2250,0.0033458304217504065,1.695099558539976e-20,zero_signal,7.789317854442949e-17,1.7532002180498644e-20,3478,3479,-361.716732700709
2251,0.0008421804610350136,1.6981301285788016e-20,zero_signal,7.831571710960798e-17,1.783354610459905e-20,3479,3480,-361.7142815427873
2252,-0.0020147610491108026,1.6968620553770928e-20,zero_signal,7.859163681479771e-17,1.811271344041119e-20,3480,3481,-361.7150483397869
2253,-0.0032961141777718694,1.6898852291413925e-20,zero_signal,7.870606743419089e-17,1.8338686178399788e-20,3481,3482,-361.71831106488554
2254,-0.0022241127009294814,1.6767140985286646e-20,zero_signal,7.865223041703927e-17,1.8504937143921457e-20,3482,3483,-361.72164056814245
2255,0.00013638096888257678,1.6587613692050925e-20,zero_signal,7.843056459279249e-17,1.8620975876475274e-20,3483,3484,-361.7227592902874
2256,0.001697027154875741,1.639068090400002e-20,zero_signal,7.805219418275972e-17,1.8693826278384977e-20,3484,3485,-361.7213678062047
2257,0.0011177475804231563,1.6208865178485077e-20,zero_signal,7.754381428521237e-17,1.8715331070977415e-20,3485,3486,-361.71936523597765
2258,-0.0009632680458082632,1.6061277757175742e-20,zero_signal,7.69486920932746e-17,1.8666176155727098e-20,3486,3487,-361.71913231104384
2259,-0.0024289400190866672,1.5949500870052445e-20,zero_signal,7.632090468066893e-17,1.8533064778321055e-20,3487,3488,-361.72129177206926
2260,-0.0015862406011137864,1.58683988935077e-20,zero_signal,7.571536217269447e-17,1.8324351573590535e-20,3488,3489,-361.723990191082
2261,0.0012158727433018157,1.58215593853503e-20,zero_signal,7.517966400706387e-17,1.8071207237289752e-20,3489,3490,-361.7244642532715
2262,0.0037989846287302953,1.5826736880587146e-20,zero_signal,7.47519863962718e-17,1.781293645659738e-20,3490,3491,-361.7215584455954
2263,0.00413474558305893,1.5905426893112357e-20,zero_signal,7.44636056036529e-17,1.7577238377824532e-20,3491,3492,-361.71686628401403
2264,0.0022961392809861536,1.606486198342798e-20,zero_signal,7.434054466380363e-17,1.7370922939303672e-20,3492,3493,-361.7132889544293
2265,0.00043748495912154794,1.6288428185753354e-20,zero_signal,7.44000754708321e-17,1.718866296842157e-20,3493,3494,-361.71227400545206
2266,0.0007418952838804671,1.6543334736115965e-20,zero_signal,7.46433164788244e-17,1.7031601366219132e-20,3494,3495,-361.71241398451104
2267,0.00331513711438447,1.6798827250689668e-20,zero_signal,7.504983927993044e-17,1.6918604227347158e-20,3495,3496,-361.7107902148843
2268,0.006042391367913069,1.703999519381086e-20,zero_signal,7.557960283323254e-17,1.6878849330987366e-20,3496,3497,-361.7057837102823
2269,0.006531216315494248,1.7266970961475502e-20,zero_signal,7.61820256499887e-17,1.6930391439932626e-20,3497,3498,-361.6987054321485
2270,0.004278540003440412,1.7481282444155982e-20,zero_signal,7.680645673866681e-17,1.7063192847361877e-20,3498,3499,-361.6927212776513
2271,0.0010109206204731436,1.767164440894565e-20,zero_signal,7.740767504881371e-17,1.724289697009371e-20,3499,3500,-361.6901483521416
2272,-0.0009906974181888017,1.78121893303814e-20,zero_signal,7.794487053449241e-17,1.7432597019024874e-20,3500,3501,-361.69069943641034
2273,-0.000866047282869431,1.7875534962189773e-20,zero_signal,7.837845024405217e-17,1.7613624174308245e-20,3501,3502,-361.69212974697797
2274,0.0003009585157087713,1.7850398260614665e-20,zero_signal,7.86706346851517e-17,1.77885438435531e-20,3502,3503,-361.6924315309761
2275,0.0006674897691425485,1.77494117397908e-20,zero_signal,7.879177459100418e-17,1.796531598695059e-20,3503,3504,-361.69152782994655
2276,-0.0006828957100140087,1.7600395959252722e-20,zero_signal,7.872848600137655e-17,1.8137460142821136e-20,3504,3505,-361.6910965514378
2277,-0.0030309800763177464,1.742801850552211e-20,zero_signal,7.848753757538353e-17,1.827838752123668e-20,3505,3506,-361.6928936213666
2278,-0.004742811961762072,1.7241267768679554e-20,zero_signal,7.809277944195344e-17,1.8355051976752918e-20,3506,3507,-361.69715851159043
2279,-0.004636962063329975,1.703716254031762e-20,zero_signal,7.757791672375216e-17,1.8349243146872166e-20,3507,3508,-361.7023792452901
2280,-0.0028641424198667664,1.6816656136729804e-20,zero_signal,7.698057513213112e-17,1.8269318898024267e-20,3508,3509,-361.7064324357171
2281,-0.0007191764424305802,1.659797717019307e-20,zero_signal,7.634091162005633e-17,1.8143177395910317e-20,3509,3510,-361.70810753012984
2282,0.0003823037697827658,1.6414882297675196e-20,zero_signal,7.570339150052253e-17,1.7998041807168916e-20,3510,3511,-361.70787078860195
2283,-2.321128621929347e-05,1.6300147957455446e-20,zero_signal,7.511742534132835e-17,1.7843774732808307e-20,3511,3512,-361.70734292259027
2284,-0.001128237692824996,1.6267358861588415e-20,zero_signal,7.463355463975186e-17,1.767383967105606e-20,3512,3513,-361.7079172111744
2285,-0.001544295767331505,1.630590990783908e-20,zero_signal,7.4295614237792e-17,1.7482701962943937e-20,3513,3514,-361.7095993979759
2286,-0.00047349581873845636,1.6392942831112987e-20,zero_signal,7.41326535382078e-17,1.7284111545844235e-20,3514,3515,-361.71100580270905
2287,0.0015983830645893704,1.6511333524336255e-20,zero_signal,7.415482318153982e-17,1.7113554501118415e-20,3515,3516,-361.7105463896134
2288,0.0033050381722716793,1.6658204469641164e-20,zero_signal,7.435470238874446e-17,1.7011036070239095e-20,3516,3517,-361.7078090365799
2289,0.003563992066034416,1.6837557343952623e-20,zero_signal,7.471190551322952e-17,1.6997568968749583e-20,3517,3518,-361.70393631326885
2290,0.002442967283741382,1.7044762577890833e-20,zero_signal,7.519724213377373e-17,1.7065331857576664e-20,3518,3519,-361.7006810524478
2291,0.0009765843897184823,1.725754819608688e-20,zero_signal,7.577431344046961e-17,1.7189663641008774e-20,3519,3520,-361.6990503787014
2292,0.00021487965202027226,1.7442176225103347e-20,zero_signal,7.63994979655969e-17,1.735140759810835e-20,3520,3521,-361.69872788366837
2293,0.0004051094606722927,1.7570079390116015e-20,zero_signal,7.702303215682063e-17,1.7549532743252126e-20,3521,3522,-361.69862061939733
2294,0.0009166504726749736,1.7631436360510618e-20,zero_signal,7.7593024069093e-17,1.7793458408330213e-20,3522,3523,-361.697917664747
2295,0.0008224634542841613,1.7635411763698096e-20,zero_signal,7.806183009735093e-17,1.8082810724597358e-20,3523,3524,-361.696787318452
2296,-0.0003785715567516945,1.7598024268130588e-20,zero_signal,7.83923849849868e-17,1.8393512513176914e-20,3524,3525,-361.69627273783846
2297,-0.002362306441000328,1.752791747578738e-20,zero_signal,7.856199115319447e-17,1.868332405437708e-20,3525,3526,-361.6975444615655
2298,-0.004108358871576456,1.742124443687535e-20,zero_signal,7.856246916882185e-17,1.891276805329279e-20,3526,3527,-361.70099735072046
2299,-0.00453319390840079,1.7269382441085502e-20,zero_signal,7.839752539526047e-17,1.9064555761181572e-20,3527,3528,-361.70576117930864
2300,-0.0033039482328547365,1.707285261300955e-20,zero_signal,7.807972487309976e-17,1.9146514591807192e-20,3528,3529,-361.71006373853726
2301,-0.001226573653639207,1.684997716489105e-20,zero_signal,7.762953873013079e-17,1.9176809105706512e-20,3529,3530,-361.71236907577435
2302,0.0002504936556135817,1.6633031411035033e-20,zero_signal,7.707703748754783e-17,1.91645121507336e-20,3530,3531,-361.71251688584454
2303,0.00019451144117965669,1.645387562483312e-20,zero_signal,7.646395055640599e-17,1.9102045880323477e-20,3531,3532,-361.7118680884631
2304,-0.0009232352491608253,1.6329300007864623e-20,zero_signal,7.5842426846267e-17,1.8975675250426846e-20,3532,3533,-361.7121278629622
2305,-0.0015302972616950683,1.6257772933152248e-20,zero_signal,7.526866599179277e-17,1.8784658421174844e-20,3533,3534,-361.71371455896144
2306,-0.00036749908008459897,1.623024933281874e-20,zero_signal,7.479361147713315e-17,1.8552356118130236e-20,3534,3535,-361.71518845748557
2307,0.002237341310745933,1.6244970153559368e-20,zero_signal,7.445561004236441e-17,1.831939867308003e-20,3535,3536,-361.7144495571216
2308,0.0045355135855231765,1.6312672863229854e-20,zero_signal,7.427855525609029e-17,1.812355622173642e-20,3536,3537,-361.7107137748641
2309,0.004938708581278206,1.644728580874628e-20,zero_signal,7.42745194497384e-17,1.798190219336508e-20,3537,3538,-361.70537852995056
2310,0.003534366757691032,1.66499610681891e-20,zero_signal,7.444635092166129e-17,1.7889567278037167e-20,3538,3539,-361.7008363577015
2311,0.002009842080326507,1.6900788514148027e-20,zero_signal,7.478650002693259e-17,1.783545301655223e-20,3539,3540,-361.6983097964352
2312,0.002018139695650234,1.7166135051151928e-20,zero_signal,7.527277969333882e-17,1.7820210492695247e-20,3540,3541,-361.69681667354087
2313,0.0035823120080067383,1.7415668518823094e-20,zero_signal,7.58657632751703e-17,1.7859843546251216e-20,3541,3542,-361.6942735170439
2314,0.005073106941040351,1.7635476079564772e-20,zero_signal,7.651224936951807e-17,1.7971087993289413e-20,3542,3543,-361.68965204952485
2315,0.004741988247161544,1.782771841353494e-20,zero_signal,7.715467772436133e-17,1.8151125288382324e-20,3543,3544,-361.6841273031618
2316,0.002332390705277021,1.7997812463986962e-20,zero_signal,7.774146949554238e-17,1.8370405407965673e-20,3544,3545,-361.68016807303053
2317,-0.0006961061686183712,1.814001017343723e-20,zero_signal,7.823236838289233e-17,1.8586353993914716e-20,3545,3546,-361.67946252175125
2318,-0.002447645489240813,1.8234141808014413e-20,zero_signal,7.859699486025804e-17,1.8766739001408748e-20,3546,3547,-361.68156028536777
2319,-0.002176888027321411,1.8257171254412812e-20,zero_signal,7.881056314030854e-17,1.8903373180134632e-20,3547,3548,-361.68435781272973
2320,-0.0008166373479525646,1.8200536777016528e-20,zero_signal,7.885290580241362e-17,1.9006093301139066e-20,3548,3549,-361.6859140614224
2321,-5.910336867032129e-05,1.8079053820926933e-20,zero_signal,7.871342402907207e-17,1.9083489262642298e-20,3549,3550,-361.68599108742563
2322,-0.0008506863743775739,1.7923404900452966e-20,zero_signal,7.839845534381749e-17,1.9127519633077648e-20,3550,3551,-361.68603226815975
2323,-0.0026068418436011598,1.776162845580349e-20,zero_signal,7.793454499738743e-17,1.9115548504095042e-20,3551,3552,-361.6876924601744
2324,-0.003762172113596307,1.760503928086672e-20,zero_signal,7.736409560097612e-17,1.9027787871290158e-20,3552,3553,-361.69124595184695
2325,-0.0031346239388483355,1.745056892403696e-20,zero_signal,7.673606548602838e-17,1.8865085819986997e-20,3553,3554,-361.6952168044016
2326,-0.0009483067123596811,1.7296678303827453e-20,zero_signal,7.60980616639768e-17,1.865260248894329e-20,3554,3555,-361.69751519972465
2327,0.0013426554271234181,1.7157774852281355e-20,zero_signal,7.549413514384447e-17,1.8426320870498055e-20,3555,3556,-361.6971134178263
2328,0.002291251522336779,1.7063398805425246e-20,zero_signal,7.496695747369874e-17,1.8212688043973182e-20,3556,3557,-361.6948298888704
2329,0.0016925850275697485,1.7041713357103675e-20,zero_signal,7.455903827007089e-17,1.80178549060139e-20,3557,3558,-361.6925309147816
2330,0.0007166360947223893,1.7100863918665595e-20,zero_signal,7.430873171070327e-17,1.783537107568955e-20,3558,3559,-361.69144471881526
2331,0.000797730046599554,1.7224171968107604e-20,zero_signal,7.424182490648047e-17,1.7665029490259322e-20,3559,3560,-361.6910976425922
2332,0.002278359903073124,1.7383028773226815e-20,zero_signal,7.4363974973924e-17,1.752573042769509e-20,3560,3561,-361.68984925872206
2333,0.004074328503463676,1.7555928280219934e-20,zero_signal,7.465926612573081e-17,1.744999427402615e-20,3561,3562,-361.68654092278604
2334,0.004686835169110282,1.773755173454129e-20,zero_signal,7.509569888598965e-17,1.7463185207788944e-20,3562,3563,-361.68170060171514
2335,0.0035614416403575433,1.7931281788998436e-20,zero_signal,7.563341111742363e-17,1.7564890735879055e-20,3563,3564,-361.6771672524478
2336,0.0014831728979061154,1.813304032495019e-20,zero_signal,7.623022982617349e-17,1.7729243205598982e-20,3564,3565,-361.6745777184344
2337,-0.00024176896545213822,1.832165174610441e-20,zero_signal,7.684256038812699e-17,1.7923811774543608e-20,3565,3566,-361.674200906652
2338,-0.0009025828587994056,1.8464930361100707e-20,zero_signal,7.742424653248452e-17,1.8130264441718644e-20,3566,3567,-361.6750612563653
2339,-0.0008016676424347224,1.85367757986284e-20,zero_signal,7.792768140397807e-17,1.8349631501031664e-20,3567,3568,-361.6760060723696
2340,-0.0007786889441376843,1.8531236635015375e-20,zero_signal,7.830896977291894e-17,1.858886918077011e-20,3568,3569,-361.6766645916502
2341,-0.0014292628662531115,1.8462559450310407e-20,zero_signal,7.853499195349218e-17,1.8841456252856785e-20,3569,3570,-361.6775634502579
2342,-0.0026991764730723844,1.8352053436194216e-20,zero_signal,7.858845156455967e-17,1.907980038105741e-20,3570,3571,-361.6795231173827
2343,-0.004010669033903014,1.8212888347539908e-20,zero_signal,7.84685724280004e-17,1.9266553879185212e-20,3571,3572,-361.682961803204
2344,-0.004654723587151466,1.804493104060193e-20,zero_signal,7.818814672973523e-17,1.937563987634192e-20,3572,3573,-361.6875444554505
2345,-0.0042051579200972355,1.784312681539982e-20,zero_signal,7.776956197865752e-17,1.9406223230452596e-20,3573,3574,-361.6922712503783
2346,-0.0028055313361505796,1.7611725560430717e-20,zero_signal,7.724224381423299e-17,1.9378852777727513e-20,3574,3575,-361.6959547712907
2347,-0.0011534960876815603,1.7372105616985022e-20,zero_signal,7.664228408785879e-17,1.931725900311949e-20,3575,3576,-361.6978823130506
2348,-8.84706300041671e-05,1.7157346803332518e-20,zero_signal,7.601307987955359e-17,1.9231067789673558e-20,3576,3577,-361.69826176346606
2349,3.326016104665541e-05,1.6997009791423806e-20,zero_signal,7.540465397315194e-17,1.9113979040742796e-20,3577,3578,-361.69805925431064
2350,-0.0002986492657157669,1.6903378665267547e-20,zero_signal,7.486971850448224e-17,1.8958596712018877e-20,3578,3579,-361.69819524314397
2351,-9.441098742968279e-05,1.6870006406043656e-20,zero_signal,7.445656887384649e-17,1.8774623077055072e-20,3579,3580,-361.69865655284207
2352,0.001222119145410261,1.6883447238475418e-20,zero_signal,7.420141363955107e-17,1.8594030381750967e-20,3580,3581,-361.69838406511883
2353,0.0031646790524746393,1.6937503339476955e-20,zero_signal,7.412371636225557e-17,1.845746608244491e-20,3581,3582,-361.69621231455125
2354,0.004519015581763597,1.7037505320609498e-20,zero_signal,7.422635231178345e-17,1.83919900767991e-20,3582,3583,-361.6920547070139
2355,0.004412610642589243,1.71913066409793e-20,zero_signal,7.449908203699417e-17,1.8398303599567308e-20,3583,3584,-361.6871742833877
2356,0.0031080460329633297,1.7395162408232728e-20,zero_signal,7.492183710724867e-17,1.8457970630584022e-20,3584,3585,-361.6832294857287
2357,0.0017616513847258375,1.7627268441581952e-20,zero_signal,7.546537489357854e-17,1.8553567659286124e-20,3585,3586,-361.6809581913218
2358,0.001372300191519571,1.7855266152477114e-20,zero_signal,7.609004825171153e-17,1.8683470962489847e-20,3586,3587,-361.67970618295925
2359,0.0019011793062588822,1.8051884943765345e-20,zero_signal,7.674595553339551e-17,1.885828598346975e-20,3587,3588,-361.67821359093875
2360,0.002356424351091846,1.8206542018171575e-20,zero_signal,7.737732037378633e-17,1.9082436242440865e-20,3588,3589,-361.67590382434673
2361,0.00171960665863935,1.8324630307254826e-20,zero_signal,7.793076878582643e-17,1.933788576906712e-20,3589,3590,-361.67350074223657
2362,-0.00012530451456882474,1.8415565910759917e-20,zero_signal,7.836374941829995e-17,1.9585610663697873e-20,3590,3591,-361.67246461102945
2363,-0.002230496216981237,1.847915502224883e-20,zero_signal,7.864861123112565e-17,1.9784814147984174e-20,3591,3592,-361.6737513512657
2364,-0.003322071380921443,1.8501775900010708e-20,zero_signal,7.877081644712632e-17,1.9914234760361857e-20,3592,3593,-361.6769256034634
2365,-0.0028497780567136033,1.8466247991358392e-20,zero_signal,7.87243451330962e-17,1.9978458729900583e-20,3593,3594,-361.68039549402755
2366,-0.001453749661919801,1.8367735412919768e-20,zero_signal,7.850956774844528e-17,1.9995074309272947e-20,3594,3595,-361.68262515957684
2367,-0.0004135674954568458,1.8222648363416795e-20,zero_signal,7.81363136336067e-17,1.9974265409605507e-20,3595,3596,-361.6833029933514
2368,-0.00054275642909829,1.806244283518947e-20,zero_signal,7.762947055268807e-17,1.990852941816232e-20,3596,3597,-361.68345229456776
2369,-0.001477876956101909,1.7916206133303725e-20,zero_signal,7.703115877817311e-17,1.978128277502106e-20,3597,3598,-361.6843885062096
2370,-0.001984250859607073,1.7796158390370893e-20,zero_signal,7.639566534115309e-17,1.958641019302479e-20,3598,3599,-361.68640804847996
2371,-0.001063485537656561,1.7698502472429543e-20,zero_signal,7.57792015119866e-17,1.9341571378268564e-20,3599,3600,-361.6883570079288
2372,0.0010868901758271932,1.76182903171037e-20,zero_signal,7.52307942676606e-17,1.9083824166189295e-20,3600,3601,-361.6885350195553
2373,0.0031774693524369013,1.7564216705063323e-20,zero_signal,7.47892786264682e-17,1.8850557721854943e-20,3601,3602,-361.68618322757715
2374,0.003960521659365668,1.7559327588544144e-20,zero_signal,7.4485685081444e-17,1.866069540966359e-20,3602,3603,-361.6821800808504
2375,0.003347454368054059,1.762598852166471e-20,zero_signal,7.434559200704316e-17,1.8511496938426564e-20,3603,3604,-361.6782621842584
2376,0.002442418205419017,1.776772005369428e-20,zero_signal,7.438657874988197e-17,1.8393061192860506e-20,3604,3605,-361.6754851721143
2377,0.0024418492538131886,1.7963982521838876e-20,zero_signal,7.46112098635e-17,1.830686105798043e-20,3605,3606,-361.6733773478476
2378,0.003452607946911712,1.818260617560033e-20,zero_signal,7.500109899936153e-17,1.82712788228762e-20,3606,3607,-361.67060147360667
2379,0.00439761161985075,1.839905289803519e-20,zero_signal,7.551777042583072e-17,1.830857883307861e-20,3607,3608,-361.66647213195375
2380,0.004088069914303105,1.8606472804532276e-20,zero_signal,7.611096832574949e-17,1.842419002873696e-20,3608,3609,-361.66180625036696
2381,0.0023479752079254013,1.8809041236453745e-20,zero_signal,7.67292600587805e-17,1.8597048130130472e-20,3609,3610,-361.65829599212515
2382,0.00011805462830238866,1.900544591185615e-20,zero_signal,7.732644044621761e-17,1.8790389456221885e-20,3610,3611,-361.6571102999511
2383,-0.0014237734584128248,1.9177841251786428e-20,zero_signal,7.786147692358687e-17,1.8973688616719288e-20,3611,3612,-361.65805988286854
2384,-0.001826822116868243,1.9296706857247276e-20,zero_signal,7.829556975590977e-17,1.9137272075484058e-20,3612,3613,-361.65995784686794
2385,-0.0015951078861178303,1.933795069567863e-20,zero_signal,7.859204402636832e-17,1.928861467661553e-20,3613,3614,-361.6617135271023
2386,-0.0015902158833398516,1.929803721467247e-20,zero_signal,7.872150935173304e-17,1.9434775499617647e-20,3614,3615,-361.6631480626402
2387,-0.002245799120743186,1.9194882158726836e-20,zero_signal,7.86693202475417e-17,1.9566684582646178e-20,3615,3616,-361.66489395886896
2388,-0.0032815994303234675,1.9054270242883232e-20,zero_signal,7.843991236015757e-17,1.9659116750400168e-20,3616,3617,-361.66763966088166
2389,-0.0040165426194676,1.8893284567675065e-20,zero_signal,7.805505598493807e-17,1.9686314984068318e-20,3617,3618,-361.6714571577296
2390,-0.0039026847229308714,1.8714235972983602e-20,zero_signal,7.75477814201428e-17,1.9640222150452552e-20,3618,3619,-361.6756727461206
2391,-0.002895402814630188,1.851332398908013e-20,zero_signal,7.695642155811074e-17,1.9536871642210042e-20,3619,3620,-361.67926252717547
2392,-0.0014615833100606324,1.8295645475794757e-20,zero_signal,7.632201069200465e-17,1.9405962729005815e-20,3620,3621,-361.68146355174986
2393,-0.0002457264989743635,1.8083078097692763e-20,zero_signal,7.568875287310611e-17,1.927180221413734e-20,3621,3622,-361.6821856937956
2394,0.0003672533980534354,1.79078173211234e-20,zero_signal,7.510451130811944e-17,1.9141169619355774e-20,3622,3623,-361.6819550047478
2395,0.0005011767893279284,1.7796109369464298e-20,zero_signal,7.461825108235177e-17,1.900809943649565e-20,3623,3624,-361.6814511869995
2396,0.0006767384696502177,1.7754852248597775e-20,zero_signal,7.427379815805124e-17,1.8870899242828493e-20,3624,3625,-361.68095265116915
2397,0.0013603394184826811,1.7771798620919684e-20,zero_signal,7.410224360107826e-17,1.8746030079045616e-20,3625,3626,-361.6800977100602
2398,0.0024974846408554185,1.782869165343062e-20,zero_signal,7.411668553000983e-17,1.8665809443764297e-20,3626,3627,-361.6782319723322
2399,0.003494118909173949,1.7915587374100765e-20,zero_signal,7.431172330220487e-17,1.8660332799955048e-20,3627,3628,-361.67510274077847
2400,0.0037101477581700237,1.803432686761656e-20,zero_signal,7.466711437765186e-17,1.8738124338499474e-20,3628,3629,-361.67124373451384
2401,0.00299313516239863,1.818914175455411e-20,zero_signal,7.515264547928026e-17,1.8882103339656325e-20,3629,3630,-361.66768244526213
2402,0.0017845540190251086,1.8373352940652605e-20,zero_signal,7.573137985453415e-17,1.906414241713727e-20,3630,3631,-361.66525746418904
2403,0.0007575510020103593,1.8564306401687113e-20,zero_signal,7.636067210340654e-17,1.9265165679383222e-20,3631,3632,-361.6641133372241
2404,0.00030291920847957954,1.8731524228047744e-20,zero_signal,7.699266410237106e-17,1.9483618305802756e-20,3632,3633,-361.663742362185
2405,0.000271541929578234,1.8851699021257558e-20,zero_signal,7.757658498774018e-17,1.9725782737744758e-20,3633,3634,-361.6635074988071
2406,0.00015540200027430728,1.8918914264958703e-20,zero_signal,7.806382315504798e-17,1.9987217153061812e-20,3634,3635,-361.66319927832586
2407,-0.00047565405574800934,1.8942891388875056e-20,zero_signal,7.841455730430034e-17,2.0242475586172754e-20,3635,3636,-361.6631966948066
2408,-0.0016071181996721862,1.8937134396521508e-20,zero_signal,7.860322365753384e-17,2.0453164560696595e-20,3636,3637,-361.66415058643736
2409,-0.002722200021395338,1.890622101574072e-20,zero_signal,7.862028505336802e-17,2.0588428897718522e-20,3637,3638,-361.6664109312059
2410,-0.0031445135283263426,1.8842450627713866e-20,zero_signal,7.846981243438629e-17,2.0641409121708086e-20,3638,3639,-361.66959498648015
2411,-0.0025882983587166564,1.873484101439267e-20,zero_signal,7.81652010405263e-17,2.0628611234973067e-20,3639,3640,-361.67269995826257
2412,-0.0014446487029999844,1.8583278104917802e-20,zero_signal,7.772671331742555e-17,2.0573084459048983e-20,3640,3641,-361.6747715831976
2413,-0.0004924484072432733,1.840616118054668e-20,zero_signal,7.718278475147574e-17,2.0485691711807478e-20,3641,3642,-361.67558925566857
2414,-0.00024690846856856297,1.8234517587853652e-20,zero_signal,7.657311806932671e-17,2.0360471421522583e-20,3642,3643,-361.67575648001207
2415,-0.0004948854927988577,1.8096077619515112e-20,zero_signal,7.594896173112714e-17,2.0187816093061542e-20,3643,3644,-361.6760830726057
2416,-0.0004550870960144948,1.8001833459095706e-20,zero_signal,7.536744672865226e-17,1.997341651990647e-20,3644,3645,-361.67674625099767
2417,0.0004907179738324885,1.7946448774252396e-20,zero_signal,7.488162378192947e-17,1.974585757724201e-20,3645,3646,-361.67699324679774
2418,0.002141090194811568,1.792176125026942e-20,zero_signal,7.453170558523296e-17,1.9545354581893136e-20,3646,3647,-361.67576481505
2419,0.0035834495814413003,1.7930831668297926e-20,zero_signal,7.434222144487263e-17,1.9401970962362264e-20,3647,3648,-361.6727110664081
2420,0.004007710416374266,1.7989593191839583e-20,zero_signal,7.432485110396371e-17,1.9321066484445215e-20,3648,3649,-361.6685979158871
2421,0.0034316646086836045,1.8113992508336167e-20,zero_signal,7.448213151755809e-17,1.928809903896456e-20,3649,3650,-361.66469564557536
2422,0.002643917128096973,1.8303543237860107e-20,zero_signal,7.48072591812557e-17,1.9287840037750237e-20,3650,3651,-361.66173458666975
2423,0.002422792238292004,1.8536085922047794e-20,zero_signal,7.527981722514289e-17,1.932028938042981e-20,3651,3652,-361.65940781131917
2424,0.002786958269638262,1.8778849598954264e-20,zero_signal,7.586216328714282e-17,1.9399050831530042e-20,3652,3653,-361.65688900219317
2425,0.00302330897264369,1.9006627614267908e-20,zero_signal,7.650177898455976e-17,1.953377699193215e-20,3653,3654,-361.6538338947799
2426,0.002431471950330888,1.9212228307185863e-20,zero_signal,7.714038013186037e-17,1.9712772297311436e-20,3654,3655,-361.6508423842479
2427,0.0010003558120104117,1.9401197522200838e-20,zero_signal,7.772494875893846e-17,1.990233939603072e-20,3655,3656,-361.64897095087923
2428,-0.0005936477553518671,1.9575973320995596e-20,zero_signal,7.821415340867236e-17,2.0064445480261233e-20,3656,3657,-361.64884167262386
2429,-0.0015775943976166218,1.9723763134589976e-20,zero_signal,7.857754213906128e-17,2.0177797850521442e-20,3657,3658,-361.65015824638994
2430,-0.0017128465850362318,1.981940960000913e-20,zero_signal,7.879104541957633e-17,2.0245143887466984e-20,3658,3659,-361.6519968614191
2431,-0.001429437712346271,1.9841357149825253e-20,zero_signal,7.883515874771201e-17,2.0281932278124616e-20,3659,3660,-361.65358393956
2432,-0.0013711239988083435,1.97874037224255e-20,zero_signal,7.869906168530205e-17,2.0296811948783614e-20,3660,3661,-361.6548557368438
2433,-0.0018094348672264005,1.9677145362457994e-20,zero_signal,7.83877759525243e-17,2.0280903234190656e-20,3661,3662,-361.6563261875576
2434,-0.002453138310073655,1.9539141180004267e-20,zero_signal,7.792603948960454e-17,2.0214891267397734e-20,3662,3663,-361.65847460657824
2435,-0.0027356814704262433,1.939348929540916e-20,zero_signal,7.735498744943364e-17,2.0087312558292326e-20,3663,3664,-361.6612324641778
2436,-0.0022877649492727414,1.9244222519650282e-20,zero_signal,7.67235496053372e-17,1.9908347669506288e-20,3664,3665,-361.6639459695191
2437,-0.0012366631528948346,1.9087222041955805e-20,zero_signal,7.608031619429968e-17,1.970787384075625e-20,3665,3666,-361.6658079940763
2438,-0.00010045964822325004,1.8925711931602052e-20,zero_signal,7.54703096485496e-17,1.9519175931874006e-20,3666,3667,-361.6664192958249
2439,0.0006381149673018172,1.8779033661538342e-20,zero_signal,7.493620539268646e-17,1.9361157543161146e-20,3667,3668,-361.66600891337276
2440,0.0008951791541846887,1.8676436971295195e-20,zero_signal,7.451956209185543e-17,1.923350433900474e-20,3668,3669,-361.6651430658903
2441,0.0009879122054599065,1.864039158373209e-20,zero_signal,7.425790107685546e-17,1.9128286271496836e-20,3669,3670,-361.6642185550644
2442,0.0013086237800052913,1.867300130345989e-20,zero_signal,7.417753002144102e-17,1.904707997465775e-20,3670,3671,-361.66316724147936
2443,0.0019386105774685802,1.8756810768371195e-20,zero_signal,7.42862336868274e-17,1.9008058031873716e-20,3671,3672,-361.6616013075044
2444,0.002543225926388004,1.8868913547633256e-20,zero_signal,7.457076285694994e-17,1.9036112644677867e-20,3672,3673,-361.6592900203244
2445,0.002678131337859213,1.899592203829794e-20,zero_signal,7.50007689646757e-17,1.914373218037924e-20,3673,3674,-361.6565148556516
2446,0.00219431406318904,1.9137481103499945e-20,zero_signal,7.553628970103904e-17,1.9319163807806393e-20,3674,3675,-361.6539337576487
2447,0.0013340510170394282,1.9296539963156848e-20,zero_signal,7.613400117098073e-17,1.9532494190350753e-20,3675,3676,-361.65212622752523
2448,0.0004995672088625724,1.9465852419525377e-20,zero_signal,7.674960739137757e-17,1.9754327756520056e-20,3676,3677,-361.6512656556146
2449,-4.083030583501568e-05,1.9623123985081724e-20,zero_signal,7.733764274599497e-17,1.99712656057548e-20,3677,3678,-361.6511270931075
2450,-0.00029256579156822227,1.9739566296245818e-20,zero_signal,7.785206716275642e-17,2.018605412363613e-20,3678,3679,-361.6513473162263
2451,-0.0004549472402572974,1.9795048430908276e-20,zero_signal,7.82498398369022e-17,2.040334973866633e-20,3679,3680,-361.65171222469064
2452,-0.0007267561817343449,1.9787903352788067e-20,zero_signal,7.849671583234476e-17,2.0613975409911772e-20,3680,3681,-361.6522572107068
2453,-0.0011721450448760606,1.9732311460570232e-20,zero_signal,7.857253336080753e-17,2.079183376023307e-20,3681,3682,-361.6531657370541
2454,-0.0016908773845898395,1.9645831160181103e-20,zero_signal,7.847354229294644e-17,2.0906762945944808e-20,3682,3683,-361.65460150079656
2455,-0.002052552656039097,1.9536907110604058e-20,zero_signal,7.821111385279257e-17,2.0943148066563632e-20,3683,3684,-361.6565474918233
2456,-0.0020226494841892873,1.9402167451062963e-20,zero_signal,7.780804603053593e-17,2.090948124075503e-20,3684,3685,-361.65870660610864
2457,-0.0015550174577469988,1.9235453976698445e-20,zero_signal,7.729471933476299e-17,2.0831231422498266e-20,3685,3686,-361.66059279079167
2458,-0.0008697365510101918,1.9040869417566385e-20,zero_signal,7.670710071351135e-17,2.0732655074871872e-20,3686,3687,-361.66181664102413
2459,-0.0003017038971506736,1.8838834500314824e-20,zero_signal,7.608693763078833e-17,2.06225274371027e-20,3687,3688,-361.6623322638937
2460,-3.225415591145975e-05,1.8659487387506776e-20,zero_signal,7.548223618779249e-17,2.0495762782127012e-20,3688,3689,-361.66242004881843
2461,7.803578012044454e-05,1.8527662781298562e-20,zero_signal,7.494505722149028e-17,2.034904632628325e-20,3689,3690,-361.6623967722055
2462,0.000379515546796938,1.8451135152152674e-20,zero_signal,7.452518012429527e-17,2.0196137485510515e-20,3690,3691,-361.6622639772582
2463,0.0010778912665898588,1.8421840587332262e-20,zero_signal,7.426155487792506e-17,2.006850404325471e-20,3691,3692,-361.6616377411119
2464,0.0019736074742411347,1.8428665097103336e-20,zero_signal,7.417587660629627e-17,1.9999264725730535e-20,3692,3693,-361.660108194725
2465,0.0026075678594565943,1.847027665531783e-20,zero_signal,7.42715973144881e-17,2.0003066414253564e-20,3693,3694,-361.65769052616344
2466,0.002670662500435128,1.855669683275435e-20,zero_signal,7.453778914435967e-17,2.0068946173104404e-20,3694,3695,-361.6548930590061
2467,0.0022657824950158556,1.8698105024333666e-20,zero_signal,7.495387811259803e-17,2.0172236881156144e-20,3695,3696,-361.65234920116256
2468,0.0017975585079170742,1.8890591801360165e-20,zero_signal,7.549141223548224e-17,2.0294669497561008e-20,3696,3697,-361.65036149401607
2469,0.001594708208784823,1.911175317685771e-20,zero_signal,7.611257561576694e-17,2.0434999149425216e-20,3697,3698,-361.64875408414673
2470,0.001613569174054419,1.9330626936303544e-20,zero_signal,7.676895464125149e-17,2.0601375816279504e-20,3698,3699,-361.6471720775985
2471,0.0015223317884931475,1.9524066662210546e-20,zero_signal,7.740465981829376e-17,2.0792896918759736e-20,3699,3700,-361.6455269457986
2472,0.001061163944712007,1.9686473577422608e-20,zero_signal,7.7964571448005e-17,2.0987641151789692e-20,3700,3701,-361.6441274140215
2473,0.00029684965446108436,1.9825405011990188e-20,zero_signal,7.840393985217549e-17,2.1149060694546945e-20,3701,3702,-361.6434046179092
2474,-0.0004347758233222976,1.9947036418266513e-20,zero_signal,7.869382325900511e-17,2.1246166407709978e-20,3702,3703,-361.6435337147126
2475,-0.0008121645047935999,2.0044092816021635e-20,zero_signal,7.881976295729687e-17,2.1270757063954803e-20,3703,3704,-361.64427416955584
2476,-0.0008015328674275679,2.009712220038828e-20,zero_signal,7.87765165253927e-17,2.123774236967321e-20,3704,3705,-361.6451580437222
2477,-0.000671269984565015,2.0088519954843128e-20,zero_signal,7.856480646428746e-17,2.1168901583497023e-20,3705,3706,-361.6458772352907
2478,-0.0007170310743731534,2.0017647466102878e-20,zero_signal,7.819374584613124e-17,2.1074149318983202e-20,3706,3707,-361.6465005836913
2479,-0.0009805570300045474,1.9904363732464534e-20,zero_signal,7.768672189024674e-17,2.0946373226685367e-20,3707,3708,-361.64731129743944
2480,-0.0012312460895316235,1.9777776348952775e-20,zero_signal,7.708449697561083e-17,2.0773844350750945e-20,3708,3709,-361.6484616977513
2481,-0.0011831573330880474,1.9659276481768374e-20,zero_signal,7.644100540228197e-17,2.0558658028340478e-20,3709,3710,-361.6497737896185
2482,-0.0007475654556117206,1.955386628617658e-20,zero_signal,7.581329268283777e-17,2.032483775419588e-20,3710,3711,-361.6508280124175
2483,-0.00012232452121452297,1.9456580652177824e-20,zero_signal,7.525178480034286e-17,2.0108821316460022e-20,3711,3712,-361.65126892052973
2484,0.0003810433642854605,1.9367451754941773e-20,zero_signal,7.479632584516845e-17,1.9939635873412675e-20,3712,3713,-361.6510726614599
2485,0.0006196074563149523,1.9301096656471626e-20,zero_signal,7.447803296919286e-17,1.9824883496036803e-20,3713,3714,-361.65050683380116
2486,0.0007138722378385864,1.9281872456681766e-20,zero_signal,7.43219900549908e-17,1.9754030062510704e-20,3714,3715,-361.6498334465473
2487,0.0008819298197408898,1.9328054135027317e-20,zero_signal,7.434565674726929e-17,1.9715279763274703e-20,3715,3716,-361.6490790893255
2488,0.0012041918967895526,1.943824085881081e-20,zero_signal,7.455261342208556e-17,1.971047295688369e-20,3716,3717,-361.6480695869078
2489,0.001526541052101038,1.959167575188932e-20,zero_signal,7.492648793878582e-17,1.97547716965244e-20,3717,3718,-361.6466707055319
2490,0.001596862951288358,1.976210034157378e-20,zero_signal,7.543081112312564e-17,1.9861449084827403e-20,3718,3719,-361.6450165048036
2491,0.0013198264093716716,1.993317199555476e-20,zero_signal,7.601622661532162e-17,2.0025332171706672e-20,3719,3720,-361.6434769796293
2492,0.0008491976544178215,2.010287021557017e-20,zero_signal,7.663078457492999e-17,2.022006420295524e-20,3720,3721,-361.64237685198486
2493,0.0004257991332963229,2.0274290589833013e-20,zero_signal,7.722708625683863e-17,2.0412052245145535e-20,3721,3722,-361.6417785843205
2494,0.00017246878041987657,2.0441768286040144e-20,zero_signal,7.776342954718439e-17,2.057924660402083e-20,3722,3723,-361.64152525371827
2495,3.6749613883557686e-05,2.0585080575141368e-20,zero_signal,7.820152838044204e-17,2.0719533095559473e-20,3723,3724,-361.64143364675965
2496,-0.00011718093585955103,2.0677354862321987e-20,zero_signal,7.850590730273645e-17,2.0842891772904542e-20,3724,3725,-361.6414517544905
2497,-0.0003630799642735383,2.0700392810173202e-20,zero_signal,7.864774126312693e-17,2.0954730089224974e-20,3725,3726,-361.64166800863137
2498,-0.000647513331330174,2.0655070662655286e-20,zero_signal,7.861127395816941e-17,2.10448323330817e-20,3726,3727,-361.64217791441905
2499,-0.0008653671458205281,2.055888663998685e-20,zero_signal,7.839836540321338e-17,2.109146545592215e-20,3727,3728,-361.64296303529403
2500,-0.0009627251853885355,2.0432976655983133e-20,zero_signal,7.802816335357609e-17,2.107722122055683e-20,3728,3729,-361.6439086487107
2501,-0.0009492264590562627,2.028902385774201e-20,zero_signal,7.753251881405743e-17,2.1003584238967935e-20,3729,3730,-361.6448884856648
2502,-0.0008609323627410959,2.0126432781433758e-20,zero_signal,7.695031275310038e-17,2.0892533865201597e-20,3730,3731,-361.6458071016288
2503,-0.0007386760250938096,1.994151825000113e-20,zero_signal,7.632368454290705e-17,2.0773713584263896e-20,3731,3732,-361.6466103503903
2504,-0.0006075617633030106,1.9740352540365733e-20,zero_signal,7.569695400227615e-17,2.0667210174522708e-20,3732,3733,-361.647284453679
2505,-0.00046191951679475096,1.954402078458324e-20,zero_signal,7.511664834277012e-17,2.057594408741578e-20,3733,3734,-361.6478254739169
2506,-0.0002778616578780202,1.9381236186928564e-20,zero_signal,7.463005235099937e-17,2.0493693747203603e-20,3734,3735,-361.6482082927126
2507,-0.00017290452007046042,1.9273463691074506e-20,zero_signal,7.428065024503928e-17,2.0421082858103566e-20,3735,3736,-361.64838119723265
0,-0.07664514246274301,5.99360734684314e-19,mid,6.273583250693186e-17,4.0471395355439764e-19,479,480,5.5496175074487475
1,-0.0467038508373987,5.990591846736229e-19,mid,6.272134801365274e-17,3.505884164145913e-19,480,481,5.4729723649860045
2,0.004292030099041888,6.00284520683556e-19,mid,6.175310073745687e-17,3.116107949066185e-19,481,482,5.45620980577395
3,0.022637992652446925,6.031440627399294e-19,mid,5.987811738448434e-17,2.9524846677355773e-19,482,483,5.481556425184088
4,-0.007997787984673987,6.0772258632441575e-19,mid,5.718110118856769e-17,3.0442667550207035e-19,483,484,5.501485791078844
5,-0.07665105616964585,6.13864695638875e-19,mid,5.378092900194602e-17,3.3576334445732994e-19,484,485,5.46556084921474
6,-0.16106204041912475,6.210325123728858e-19,mid,4.9833570871110383e-17,3.8206791187804964e-19,485,486,5.348183678739552
7,-0.24923796820599176,6.284430868560415e-19,mid,4.5543139900331466e-17,4.358360517253539e-19,486,487,5.143436768376491
8,-0.3401002059271798,6.353414732590605e-19,mid,4.118037045200203e-17,4.908661559657384e-19,487,488,4.849707742327569
9,-0.43412761961854374,6.411563120941297e-19,mid,3.710454416932368e-17,5.426207023733419e-19,488,489,4.463236356522131
10,-0.5239547137211422,6.455098261790714e-19,mid,3.377316248285112e-17,5.881803708620264e-19,489,490,3.9814525030904813
11,-0.5890341692200889,6.482360789081841e-19,mid,3.1695789058628236e-17,6.259963321354425e-19,490,491,3.4153269290798467
12,-0.6051977655444203,6.494551989540112e-19,mid,3.127721760217249e-17,6.55466161527478e-19,491,492,2.8033841646503035
13,-0.5676536740202656,6.495533412146922e-19,mid,3.260488276689233e-17,6.763796110270426e-19,492,493,2.204931397991006
14,-0.49764841818760586,6.489472064685309e-19,mid,3.539563957347787e-17,6.883663687557554e-19,493,494,1.6680768166097724
15,-0.4223292148865079,6.477586715715085e-19,mid,3.9168810775707403e-17,6.905753097318755e-19,494,495,1.2096345616157944
16,-0.35694071099143604,6.4567382028082355e-19,mid,4.3441600698383464e-17,6.817970781275226e-19,495,496,0.8234183868367566
17,-0.3046022785567521,6.421134402446432e-19,mid,4.7812356169018086e-17,6.610367354389731e-19,496,497,0.49575313963292233
18,-0.26273154835541834,6.365681545735397e-19,mid,5.196526789962352e-17,6.282459430061622e-19,497,498,0.21421382972325242
19,-0.2273929726629803,6.288673809180359e-19,mid,5.565485371955943e-17,5.847533401440801e-19,498,499,-0.02970995707791435
20,-0.19476269284100167,6.193239546106403e-19,mid,5.869389133468037e-17,5.330934852189804e-19,499,500,-0.2405721156027082
21,-0.1607444350258141,6.088373426785189e-19,mid,6.094648481864051e-17,4.764233654438538e-19,500,501,-0.4192353427599177
22,-0.11999684826103435,5.98899284759316e-19,mid,6.23226741188802e-17,4.1819270218689098e-19,501,502,-0.5620609856543364
23,-0.0672340411167821,5.912754593481598e-19,mid,6.277293563268006e-17,3.6274800411621936e-19,502,503,-0.6592290392819864
24,-0.006392009056626069,5.8736627065122425e-19,mid,6.228348530435948e-17,3.168659435191095e-19,503,504,-0.6965290678879006
25,0.03467392118207302,5.87685312932697e-19,mid,6.087385613611351e-17,2.9049705945480672e-19,504,505,-0.6720130573952385
26,0.018775578746113908,5.918530695194952e-19,mid,5.859735607067568e-17,2.9260818154267963e-19,505,506,-0.6271812255237545
27,-0.053323526615996375,5.989516922412699e-19,mid,5.55442582036585e-17,3.22865345423054e-19,506,507,-0.6344618999030107
28,-0.14511010597298002,6.078214858573125e-19,mid,5.18474306249218e-17,3.715080520581445e-19,507,508,-0.7338282787557473
29,-0.23209662758568061,6.172211129554131e-19,mid,4.7690292403486e-17,4.275488259511878e-19,508,509,-0.9246821118489708
30,-0.313853417524832,6.260729464535062e-19,mid,4.3317505438901746e-17,4.8343294149475365e-19,509,510,-1.1980215339271085
31,-0.39746273725740844,6.338015053651207e-19,mid,3.904904202193542e-17,5.3516153842042015e-19,510,511,-1.5523889468986347
32,-0.4841898221783909,6.404586509958174e-19,mid,3.529364014862731e-17,5.810602976645451e-19,511,512,-1.9929470084419254
33,-0.5614345645085006,6.464468806758282e-19,mid,3.253827645473589e-17,6.204362194544366e-19,512,513,-2.5207685912554165
34,-0.6040309182974313,6.520497147814788e-19,mid,3.1258893835715916e-17,6.52552791955013e-19,513,514,-3.1158161374589266
35,-0.5931636437514816,6.571383805800663e-19,mid,3.1725653173864645e-17,6.762153801688142e-19,514,515,-3.728830427850279
36,-0.5361765322867806,6.611957761334778e-19,mid,3.383984514231888e-17,6.8999668039317085e-19,515,516,-4.30214342496189
37,-0.459258545361207,6.635057779524523e-19,mid,3.719447105978418e-17,6.927959657713051e-19,516,517,-4.80118349242384
38,-0.384872757700617,6.633243538539366e-19,mid,4.1283083286495415e-17,6.842751878427851e-19,517,518,-5.220660515684304
39,-0.32265511437602123,6.600337971195719e-19,mid,4.565037645113426e-17,6.648645501860671e-19,518,519,-5.570929007825074
40,-0.2735946157581757,6.533750942851105e-19,mid,4.993659918380708e-17,6.35375296338658e-19,519,520,-5.865970744436346
41,-0.23502692275088588,6.437010737353797e-19,mid,5.386955523742774e-17,5.965611058070444e-19,520,521,-6.118118239341426
42,-0.2025070838098353,6.320196363621257e-19,mid,5.724530586355849e-17,5.490372850758153e-19,521,522,-6.336024589938118
43,-0.1698956260004989,6.197098027271653e-19,mid,5.991156839164558e-17,4.937843295708404e-19,522,523,-6.523132406961096
44,-0.12930344513552328,6.081153483338867e-19,mid,6.175629148701848e-17,4.331899003580462e-19,523,524,-6.675815841939116
45,-0.07347608198590994,5.983270661492487e-19,mid,6.270152088755443e-17,3.724041839972552e-19,524,525,-6.781739297232143
46,-0.006836314266685406,5.911770868831283e-19,mid,6.270261435945881e-17,3.205503507910483e-19,525,526,-6.822768005910936
47,0.03843673842557127,5.871960571823415e-19,mid,6.175194571356087e-17,2.900199933497729e-19,526,527,-6.795411925765514
48,0.02338261398885333,5.864620971554858e-19,mid,5.988421431879581e-17,2.900569612813798e-19,527,528,-6.745894529059793
49,-0.04599279399122791,5.886086709231283e-19,mid,5.717949928731218e-17,3.1823682998909828e-19,528,529,-6.748646697787807
50,-0.1304401765391634,5.931275814653159e-19,mid,5.376237283335021e-17,3.6376342096502276e-19,529,530,-6.837880117042249
51,-0.2087377840261575,5.996643958016258e-19,mid,4.9799891053798705e-17,4.169718654862909e-19,530,531,-7.009527050866134
52,-0.28311477856042044,6.079975122480467e-19,mid,4.550463268735417e-17,4.720967804120915e-19,531,532,-7.255355685094564
53,-0.36152991619231933,6.178178372799495e-19,mid,4.11481681001588e-17,5.256600334636833e-19,532,533,-7.575756607986975
54,-0.4474150345894259,6.286136217111182e-19,mid,3.708393962757752e-17,5.74933626596547e-19,533,534,-7.978415517479203
55,-0.5330710541999171,6.397313342115997e-19,mid,3.376263119656197e-17,6.174999130895484e-19,534,535,-8.470586677165826
56,-0.5960161085769089,6.504592725968535e-19,mid,3.169242417385375e-17,6.514725401384045e-19,535,536,-9.044557625879037
57,-0.609792117359726,6.600471924565412e-19,mid,3.128336566714778e-17,6.757613392972814e-19,536,537,-9.662618894319644
58,-0.5683619258884081,6.677481224270884e-19,mid,3.262729080950356e-17,6.900421252916076e-19,537,538,-10.264141860598489
59,-0.4934208432415268,6.729614072160124e-19,mid,3.5436886220896286e-17,6.9442395691383385e-19,538,539,-10.79934274609646
60,-0.4134055689478888,6.753813106348845e-19,mid,3.922196621248778e-17,6.890014128533505e-19,539,540,-11.250983547081542
61,-0.3445189791048522,6.749777531349645e-19,mid,4.3494231125178134e-17,6.735303849798099e-19,540,541,-11.626153883992238
62,-0.2901029107882209,6.717945658148765e-19,mid,4.785553753182502e-17,6.474280685344521e-19,541,542,-11.940021505291247
63,-0.2470700981374474,6.65766729002472e-19,mid,5.199996935379454e-17,6.101869006498071e-19,542,543,-12.20635970556868
64,-0.21019433424111345,6.567632952964188e-19,mid,5.569070301984768e-17,5.621135463890104e-19,543,544,-12.434161701566142
65,-0.17370189581186146,6.448394817669359e-19,mid,5.874107625166607e-17,5.0511605469813355e-19,544,545,-12.626748374050907
66,-0.1319046350065589,6.304885986289484e-19,mid,6.100683357088718e-17,4.431802488512885e-19,545,546,-12.781565493189865
67,-0.08065534743879077,6.147404049449525e-19,mid,6.238663310457978e-17,3.8234251590474234e-19,546,547,-12.890557644064025
68,-0.022425088967498397,5.991324731448321e-19,mid,6.28244494571389e-17,3.3034653582125736e-19,547,548,-12.942876188067446
69,0.024334278306974433,5.855726824618483e-19,mid,6.2308819510937e-17,2.9608997207366517e-19,548,549,-12.935407821999021
70,0.028696160828013184,5.759686528964944e-19,mid,6.086827035209882e-17,2.8752514110015118e-19,549,550,-12.894207631453497
71,-0.02083942494814295,5.716398224946193e-19,mid,5.856616237630972e-17,3.068971228501751e-19,550,551,-12.878015500342995
72,-0.10126781014424235,5.728948284356328e-19,mid,5.549885833885023e-17,3.4854366059035944e-19,551,552,-12.935886481349783
73,-0.18516390491860868,5.791222575222864e-19,mid,5.1799234407246724e-17,4.0311534135886685e-19,552,553,-13.08055112063148
74,-0.2635204679131089,5.892244116794551e-19,mid,4.7645727197408e-17,4.6209851940065345e-19,553,554,-13.306214291187
75,-0.33977222866541723,6.019588769280626e-19,mid,4.3276715622160345e-17,5.192688867116676e-19,554,555,-13.607592056457698
76,-0.41920093213097953,6.160663544264732e-19,mid,3.900938873493469e-17,5.706403026471953e-19,555,556,-13.985758748517835
77,-0.5012647080022479,6.30393779352541e-19,mid,3.525613587793741e-17,6.140628419087794e-19,556,557,-14.445993920719657
78,-0.5726524294529716,6.441080526192224e-19,mid,3.251142922117291e-17,6.487034533314235e-19,557,558,-14.98828816452233
79,-0.6084911043058465,6.568072032023044e-19,mid,3.1253923971265745e-17,6.744290502931121e-19,558,559,-15.5912987796256
80,-0.5912459441016491,6.683414146422792e-19,mid,3.1745538339664306e-17,6.911731282140872e-19,559,560,-16.205270373134024
81,-0.5296847714594595,6.784489928728911e-19,mid,3.387593942929143e-17,6.984820163276668e-19,560,561,-16.773790667828898
82,-0.4503482104448331,6.865044855296211e-19,mid,3.72357021835677e-17,6.954528151483237e-19,561,562,-17.264639916052943
83,-0.3749002371667345,6.915528946324238e-19,mid,4.1324974514128763e-17,6.81114862236527e-19,562,563,-17.674487088718564
84,-0.31167661324937157,6.925477784491794e-19,mid,4.569485898696512e-17,6.550486786866836e-19,563,564,-18.01444039038641
85,-0.2604551662899297,6.886162254221944e-19,mid,4.9985804967523296e-17,6.178589839423804e-19,564,565,-18.297840315217307
86,-0.21800866759990178,6.792940825669653e-19,mid,5.3920269059191515e-17,5.711905855159549e-19,565,566,-18.53535072296627
87,-0.18022611637956842,6.647861540931118e-19,mid,5.728793214154069e-17,5.173285691625121e-19,566,567,-18.73385765041711
88,-0.1417497236661962,6.462007952612609e-19,mid,5.993369547128877e-17,4.588479344236475e-19,567,568,-18.895802955725408
89,-0.09527749775511296,6.255239410196717e-19,mid,6.174863870180297e-17,3.9894106659953495e-19,568,569,-19.017357097749503
90,-0.034968789897545705,6.051851181850695e-19,mid,6.266326499636515e-17,3.4278600512644463e-19,569,570,-19.086357951235634
91,0.028165590766747073,5.874419679540342e-19,mid,6.264308867751082e-17,2.994740358096948e-19,570,571,-19.087294677544595
92,0.052393251980840105,5.739934036442302e-19,mid,6.168683800102219e-17,2.81508698043305e-19,571,572,-19.03002676970214
93,0.005543147266418913,5.659133565829742e-19,mid,5.982745669250692e-17,2.966231584968164e-19,572,573,-18.982508173582914
94,-0.08604232834329473,5.636229612589686e-19,mid,5.713571247589528e-17,3.390950802766559e-19,573,574,-19.018940475169302
95,-0.17662201599497251,5.667844201237537e-19,mid,5.3725438483853105e-17,3.9578103477260677e-19,574,575,-19.154592830269504
96,-0.2514845263669674,5.744028454276055e-19,mid,4.975913223544296e-17,4.558122019377025e-19,575,576,-19.372184507159247
97,-0.31820233886119986,5.852942232376498e-19,mid,4.545412096119944e-17,5.12972005985596e-19,576,577,-19.65756188300344
98,-0.3873366139868857,5.985622437914183e-19,mid,4.109209759158861e-17,5.644560608087659e-19,577,578,-20.008589184881647
99,-0.46389043627299564,6.136657154676267e-19,mid,3.703404288192791e-17,6.09173599006348e-19,578,579,-20.43223511097721
100,-0.5414542457408569,6.301314920985427e-19,mid,3.372965781474401e-17,6.464155048173928e-19,579,580,-20.936370057427638
101,-0.5986456092244925,6.472789068291598e-19,mid,3.1678527096855763e-17,6.751941322424796e-19,580,581,-21.515143602458924
102,-0.6093548338292933,6.641581644748409e-19,mid,3.1282615297676925e-17,6.942842272870814e-19,581,582,-22.133661275876623
103,-0.5665409444246787,6.7962054472724615e-19,mid,3.2634114506612165e-17,7.026708163013385e-19,582,583,-22.73385327011751
104,-0.49014676257792367,6.923970019171342e-19,mid,3.545180034379983e-17,6.999610817401953e-19,583,584,-23.26674316472598
105,-0.40750003731171347,7.012102822877893e-19,mid,3.924791015410694e-17,6.864418367482459e-19,584,585,-23.714146795273358
106,-0.33489523491758,7.050045180536274e-19,mid,4.352957868271569e-17,6.6276220843088455e-19,585,586,-24.081743239349407
107,-0.2764677122473973,7.03234841543177e-19,mid,4.789156631845765e-17,6.294993498594727e-19,586,587,-24.383937265108518
108,-0.22983036311149085,6.960094968251784e-19,mid,5.202488655146445e-17,5.869684295007068e-19,587,588,-24.634678663844202
109,-0.1896909605895427,6.839556333443175e-19,mid,5.569742175810212e-17,5.355332835478738e-19,588,589,-24.8435979913315
110,-0.14889795515637338,6.6794224109780455e-19,mid,5.873315480806874e-17,4.764492857433507e-19,589,590,-25.014060585023287
111,-0.09897714088241294,6.489346129818113e-19,mid,6.099749510858543e-17,4.1307868635109202e-19,590,591,-25.141393901644246
112,-0.0346502694794264,6.280832944425839e-19,mid,6.239039623778773e-17,3.522296421771458e-19,591,592,-25.212014866788113
113,0.0306760479560797,6.06860597199652e-19,mid,6.284692863150821e-17,3.049528619545267e-19,592,593,-25.2106944406031
114,0.05535215948197347,5.870149505933789e-19,mid,6.234241029304234e-17,2.841387997766872e-19,593,594,-25.150662770875954
115,0.01181718782863328,5.703591819790371e-19,mid,6.08970725980376e-17,2.958031479572919e-19,594,595,-25.099990121639152
116,-0.07296788514215713,5.585546118979243e-19,mid,5.857620328010083e-17,3.333967802470566e-19,595,596,-25.127028395218687
117,-0.15787382251287063,5.52895390556887e-19,mid,5.5486023421263774e-17,3.8550696315587826e-19,596,597,-25.245925891923466
118,-0.22986406592251285,5.540212945359264e-19,mid,5.177002401151017e-17,4.435293779340361e-19,597,598,-25.44277604024443
119,-0.2946917326166325,5.617153083823441e-19,mid,4.761170713700914e-17,5.02065332047456e-19,598,599,-25.705654023768492
120,-0.36117369750980366,5.750168601595664e-19,mid,4.3247337580611784e-17,5.572701115157243e-19,599,600,-26.032159505477694
121,-0.434911450435127,5.925646509325151e-19,mid,3.8987904774855154e-17,6.060609478887465e-19,600,601,-26.4280014187881
122,-0.5137776088636681,6.128629479196798e-19,mid,3.524101426705061e-17,6.461443840333966e-19,601,602,-26.901982406347948
123,-0.5824554222599083,6.343623336955426e-19,mid,3.2502304758814846e-17,6.762084923191449e-19,602,603,-27.455556636515436
124,-0.6145704703080881,6.555179437388645e-19,mid,3.125660298769291e-17,6.958713232262905e-19,603,604,-28.066893250867764
125,-0.5923483143759007,6.749567348174383e-19,mid,3.1768589700614176e-17,7.053342645430622e-19,604,605,-28.68469757713161
126,-0.5256095817494089,6.916519947448122e-19,mid,3.3920799503976696e-17,7.049017582244723e-19,605,606,-29.251589879619566
127,-0.442105074335025,7.049151180140018e-19,mid,3.7293180576026386e-17,6.945871079273745e-19,606,607,-29.73591674063043
128,-0.3638637325100138,7.141844191980026e-19,mid,4.138253254375294e-17,6.739939960024872e-19,607,608,-30.135800028289616
129,-0.2987181905370484,7.188012518629184e-19,mid,4.5746124758689426e-17,6.4257138403292225e-19,608,609,-30.463644205650457
130,-0.24532212606029447,7.179768548972879e-19,mid,5.003387041166083e-17,6.001916396576885e-19,609,610,-30.733236409363712
131,-0.19888934234457345,7.109816896565534e-19,mid,5.397300186296632e-17,5.478411752415544e-19,610,611,-30.954288457771046
132,-0.15383819824484135,6.974361624083147e-19,mid,5.734962697000129e-17,4.881238424565455e-19,611,612,-31.13101509405286
133,-0.10459498947448331,6.775895065169787e-19,mid,5.999955757810122e-17,4.25381285710879e-19,612,613,-31.26196485426073
134,-0.047053142239649404,6.525603650945335e-19,mid,6.180584089057225e-17,3.6560186931084787e-19,613,614,-31.340205073001826
135,0.014392284091400143,6.244779142116594e-19,mid,6.269726286719035e-17,3.1660421968564043e-19,614,615,-31.356071138740027
136,0.05431037476501466,5.9632415386219215e-19,mid,6.264475184468203e-17,2.881249087216846e-19,615,616,-31.311420504819026
137,0.037611298891402356,5.71347276953129e-19,mid,6.165648648872323e-17,2.887754398602103e-19,616,617,-31.247450389209998
138,-0.03612439243591403,5.522895353541507e-19,mid,5.977431128054727e-17,3.191128141663731e-19,617,618,-31.23619790703622
139,-0.1297443274134924,5.408990016466243e-19,mid,5.707335179091655e-17,3.7052237144807604e-19,618,619,-31.319699174081826
140,-0.21402361401303338,5.378801366533681e-19,mid,5.366533940532733e-17,4.3198437624959777e-19,619,620,-31.495686561863206
141,-0.2842035067780717,5.429990178243771e-19,mid,4.970563514546784e-17,4.94720465220449e-19,620,621,-31.747746402107893
142,-0.3472757400862889,5.551572901774444e-19,mid,4.5404196644066453e-17,5.5292751328165925e-19,621,622,-32.06409357541935
143,-0.4119487903079282,5.726256567135811e-19,mid,4.104072523635157e-17,6.032964533587919e-19,622,623,-32.44229788228047
144,-0.48281151523741883,5.935460607387929e-19,mid,3.6981689566589486e-17,6.443672292134521e-19,623,624,-32.887991156035206
145,-0.5537554300778993,6.163968175053959e-19,mid,3.3685466851762125e-17,6.758187313568623e-19,624,625,-33.40792091275531
146,-0.6039848173900388,6.400707509321141e-19,mid,3.1654640046876053e-17,6.97732609228399e-19,625,626,-33.995502016191004
147,-0.6085591870183187,6.636073511506441e-19,mid,3.1283246840642927e-17,7.100047530678618e-19,626,627,-34.615890547535386
148,-0.5616689444049499,6.859033273799776e-19,mid,3.2651906891881574e-17,7.121170081055533e-19,627,628,-35.21262039022764
149,-0.48328023941191844,7.056227544092422e-19,mid,3.547655960862929e-17,7.033418397298255e-19,628,629,-35.739228436345286
150,-0.3994634651827269,7.212767944285618e-19,mid,3.9275415234902255e-17,6.832235386339774e-19,629,630,-36.17918086905148
151,-0.32505493130407004,7.313582253312048e-19,mid,4.3561073072767224e-17,6.520185939304668e-19,630,631,-36.53815536671074
152,-0.26334359096320625,7.345186956258043e-19,mid,4.79277585661915e-17,6.108063977638801e-19,631,632,-36.82929073165962
153,-0.21188177236630779,7.298529569391354e-19,mid,5.2061193363701085e-17,5.612272194628911e-19,632,633,-37.06484254863715
154,-0.165763474266015,7.172466624612041e-19,mid,5.572374049618362e-17,5.051457897796844e-19,633,634,-37.253054276392234
155,-0.1180484419477068,6.975681892167276e-19,mid,5.873818794914721e-17,4.447479569993201e-19,634,635,-37.39636949716918
156,-0.060179036124637264,6.725147445980853e-19,mid,6.097537326250852e-17,3.8350939207712406e-19,635,636,-37.48915116028765
157,0.010841223865345029,6.442130710312163e-19,mid,6.234564233272044e-17,3.2812814559875936e-19,636,637,-37.51672756941846
158,0.07082726653687743,6.149051468337533e-19,mid,6.279372573116289e-17,2.9034861624774157e-19,637,638,-37.46746871255696
159,0.06812522036321766,5.86894867370004e-19,mid,6.229722064727212e-17,2.838374496077626e-19,638,639,-37.3750730363447
160,-0.01020219999907468,5.625489786765417e-19,mid,6.08688356063759e-17,3.121695798297766e-19,639,640,-37.33121827183052
161,-0.11507948898213627,5.440525337064009e-19,mid,5.856121611498387e-17,3.6433319513247143e-19,640,641,-37.39547743634285
162,-0.20415450724096829,5.329857446829969e-19,mid,5.547163788954082e-17,4.262416158751704e-19,641,642,-37.561377249794795
163,-0.2722381749342411,5.300915887769357e-19,mid,5.174442105430034e-17,4.88500532618434e-19,642,643,-37.80378645082479
164,-0.3295363806783307,5.353601113891747e-19,mid,4.757233634527916e-17,5.463772494731361e-19,643,644,-38.10585359966328
165,-0.3870353893598555,5.481824876701665e-19,mid,4.3202110025180095e-17,5.977863266217501e-19,644,645,-38.46285921218145
166,-0.45202720257713125,5.674249434371858e-19,mid,3.894905175901135e-17,6.415806202592688e-19,645,646,-38.87992437838299
167,-0.5238202324468979,5.91535617378108e-19,mid,3.5216695614790056e-17,6.766322759708348e-19,646,647,-39.36691361733571
168,-0.5878180185130013,6.187328721252692e-19,mid,3.2492401795618774e-17,7.017094618451021e-19,647,648,-39.927564843276784
169,-0.6172364331002385,6.471467320469796e-19,mid,3.125630910923374e-17,7.158278291727189e-19,648,649,-40.542549654361714
170,-0.5929443329318538,6.748467473465581e-19,mid,3.177634895931798e-17,7.186210325946806e-19,649,650,-41.16203770947726
171,-0.5234928265812115,6.998736511088752e-19,mid,3.394073250061087e-17,7.104025499981407e-19,650,651,-41.72843832022542
172,-0.4363969689498006,7.204104799448832e-19,mid,3.7328642171651506e-17,6.918694946129881e-19,651,652,-42.209023362639684
173,-0.35427516182039653,7.350486442076155e-19,mid,4.1429402626655944e-17,6.636560692485968e-19,652,653,-42.60123225812502
174,-0.2855410534262717,7.429513993506544e-19,mid,4.579332428988904e-17,6.260566975721115e-19,653,654,-42.91757368628048
175,-0.22880308294367424,7.437817111824485e-19,mid,5.007048254896901e-17,5.791744588129548e-19,654,655,-43.17231436497757
176,-0.1782084187017965,7.374796095768023e-19,mid,5.399627356618043e-17,5.235614967436311e-19,655,656,-43.375179852167825
177,-0.12586515723825542,7.241114923764169e-19,mid,5.736747446986295e-17,4.612217242106468e-19,656,657,-43.52873120238116
178,-0.063729187104002,7.039341445099776e-19,mid,6.002499442843644e-17,3.9676246216177885e-19,657,658,-43.626910166644336
179,0.008981208246755301,6.776218727237869e-19,mid,6.184698907892239e-17,3.3844469694455154e-19,658,659,-43.65618957658916
180,0.06904343896479048,6.46504650652839e-19,mid,6.27504375650569e-17,2.9821802252074394e-19,659,660,-43.608947750150826
181,0.07292513735357531,6.127214574749925e-19,mid,6.269584580722572e-17,2.8767381041196886e-19,660,661,-43.51810269865958
182,0.008546604135592162,5.792393763264148e-19,mid,6.168930437893605e-17,3.0921371562982623e-19,661,662,-43.463097475443675
183,-0.0866968827389698,5.49604915082553e-19,mid,5.977953816562598e-17,3.5434211064219767e-19,662,663,-43.5010094903884
184,-0.176177633988015,5.272981220839004e-19,mid,5.70524261078282e-17,4.122531230556014e-19,663,664,-43.636491240921615
185,-0.25008887615155473,5.148792239818389e-19,mid,5.362797514217881e-17,4.748596030252335e-19,664,665,-43.85336475836443
186,-0.31254872583407334,5.134299230876375e-19,mid,4.9663705161251126e-17,5.364503301468418e-19,665,666,-44.136668993224724
187,-0.37096981737042256,5.225738878102509e-19,mid,4.5365891077354246e-17,5.927076122266149e-19,666,667,-44.478462210032575
188,-0.4323671784768379,5.408376463733235e-19,mid,4.10081128910445e-17,6.404753567197499e-19,667,668,-44.87860862796557
189,-0.4998784334609354,5.660197457224776e-19,mid,3.6953175302778284e-17,6.778503040108768e-19,668,669,-45.34319656698625
190,-0.566668604098048,5.955515659023001e-19,mid,3.366188146378525e-17,7.041193478559328e-19,669,670,-45.87836549488744
191,-0.6117220072847758,6.26922293825011e-19,mid,3.164354525930807e-17,7.194120165576094e-19,670,671,-46.47653377518235
192,-0.6104598171860189,6.580329900840089e-19,mid,3.129450807315269e-17,7.241883796677865e-19,671,672,-47.10180950945699
193,-0.5581877617169155,6.872768475900196e-19,mid,3.2687028232574965e-17,7.187713138423042e-19,672,673,-47.697453409554385
194,-0.47590265527325215,7.133472814934029e-19,mid,3.552586291788771e-17,7.031132401720169e-19,673,674,-48.21818503289082
195,-0.38963076373674,7.34981348660717e-19,mid,3.932697361842021e-17,6.768990715083466e-19,674,675,-48.64925872010089
196,-0.3131831191010086,7.508340761742897e-19,mid,4.360979610211074e-17,6.399528265914174e-19,675,676,-48.9974465603643
197,-0.24841443126888052,7.59524267298572e-19,mid,4.79762669516879e-17,5.927840405249221e-19,676,677,-49.275624958302906
198,-0.191525913227931,7.597929696086372e-19,mid,5.2113927517631694e-17,5.370404115491656e-19,677,678,-49.494275422902064
199,-0.13688925301182664,7.50741834564017e-19,mid,5.578026545085177e-17,4.756913990412494e-19,678,679,-49.65867678475877
200,-0.07827451212488512,7.321613138611805e-19,mid,5.879061749380547e-17,4.130229247648468e-19,679,680,-49.76805392892572
201,-0.011301164595526103,7.048795394700179e-19,mid,6.101105805290144e-17,3.5489302084762844e-19,680,681,-49.81522580900854
202,0.05574627734134907,6.709114409139957e-19,mid,6.235300328993567e-17,3.096448006681744e-19,681,682,-49.79065625811677
203,0.08824441822754991,6.332145356233687e-19,mid,6.276803733260936e-17,2.8825988021020776e-19,682,683,-49.70373325432584
204,0.05099709206436387,5.951617159107373e-19,mid,6.224358030639354e-17,2.9920356753867426e-19,683,684,-49.61416742166167
205,-0.0421370354090449,5.601009413179749e-19,mid,6.080050927445564e-17,3.401151188206023e-19,684,685,-49.60173907019711
206,-0.14593298791156784,5.311917847254899e-19,mid,5.849340869259598e-17,3.9970631163311484e-19,685,686,-49.69844149247976
207,-0.2340594962150817,5.112480560901586e-19,mid,5.541372132224735e-17,4.662348685965078e-19,686,687,-49.89360504602025
208,-0.30358536450610885,5.022462162326466e-19,mid,5.16957187069577e-17,5.312435682724861e-19,687,688,-50.16656048490992
209,-0.3608814816692316,5.047281445380849e-19,mid,4.7524923516327907e-17,5.895825960181027e-19,688,689,-50.500775775032466
210,-0.41508907321127,5.177318585347514e-19,mid,4.3149019333920124e-17,6.386487274921455e-19,689,690,-50.888323448248386
211,-0.4740741422537269,5.393664065614405e-19,mid,3.889176798385184e-17,6.77532105161228e-19,690,691,-51.330953921455006
212,-0.5384713845263072,5.674552606913592e-19,mid,3.5165802652342807e-17,7.061417968232075e-19,691,692,-51.83647173275584
213,-0.5950324309532355,5.998231703545559e-19,mid,3.246004165946738e-17,7.244754238748841e-19,692,693,-52.40789669050762
214,-0.6183527372360267,6.343307594959556e-19,mid,3.124622069872276e-17,7.322524725582914e-19,693,694,-53.02653659466231
215,-0.5901842869971752,6.688727937974931e-19,mid,3.178178022160007e-17,7.2898746118400755e-19,694,695,-53.64460216497967
216,-0.5186090796998037,7.01373375197231e-19,mid,3.395316518874635e-17,7.143557085937714e-19,695,696,-54.20690516865666
217,-0.42969305310741746,7.297554894324535e-19,mid,3.734575389219041e-17,6.885666283566326e-19,696,697,-54.68182032437928
218,-0.3449031541339487,7.519639704245256e-19,mid,4.145345955039408e-17,6.524864516834955e-19,697,698,-55.066291274871496
219,-0.2723519330345461,7.661585096146973e-19,mid,4.5824544538992035e-17,6.0743887607986895e-19,698,699,-55.37162663264718
220,-0.21083699873411987,7.7105431853736e-19,mid,5.0102745132761323e-17,5.548782377375848e-19,699,700,-55.61099514094059
221,-0.15453572830689666,7.662036844554305e-19,mid,5.401848428730955e-17,4.96328866386357e-19,700,701,-55.79330063011542
222,-0.09491516771324271,7.520073748795039e-19,mid,5.73698601817649e-17,4.339933324243955e-19,701,702,-55.92006659755438
223,-0.02324779046893255,7.294673076243198e-19,mid,6.00063432176652e-17,3.7225285026156023e-19,702,703,-55.9831309655419
224,0.05687559005443532,6.999209343401369e-19,mid,6.181734353975063e-17,3.1984899433096043e-19,703,704,-55.96656217849225
225,0.10712443197591526,6.649823109235135e-19,mid,6.272602669205779e-17,2.906597451796595e-19,704,705,-55.86937978543303
226,0.07903633467756066,6.266777207368891e-19,mid,6.268879290586736e-17,2.967854389843792e-19,705,706,-55.752313314540416
227,-0.015883323574890085,5.8758183321138e-19,mid,6.169947457199556e-17,3.359728388036887e-19,706,707,-55.71130711607791
228,-0.12281756076371053,5.508128846475404e-19,mid,5.979487232545434e-17,3.9434949373861147e-19,707,708,-55.784079961690196
229,-0.21234941990288192,5.198700569888443e-19,mid,5.705747892851174e-17,4.591253767207362e-19,708,709,-55.95694223760533
230,-0.28370927538819757,4.982452130476375e-19,mid,5.361404078033215e-17,5.227999154027219e-19,709,710,-56.20877880149596
231,-0.34301592908829903,4.886889689322199e-19,mid,4.9633388525093893e-17,5.815998815414024e-19,710,711,-56.52436078838173
232,-0.3970068185746314,4.923583683312259e-19,mid,4.5329928122604096e-17,6.333927943610905e-19,711,712,-56.89481065967256
233,-0.4528546993970508,5.084870681943211e-19,mid,4.097780584959863e-17,6.764634608436539e-19,712,713,-57.31837442553099
234,-0.5148576732897823,5.348571868926288e-19,mid,3.6934052422826114e-17,7.092179235034313e-19,713,714,-57.80052005846666
235,-0.577030979930715,5.685666766383991e-19,mid,3.3652860221530796e-17,7.304501657407878e-19,714,715,-58.348089772110555
236,-0.6182431324332462,6.065302666965649e-19,mid,3.164223936040712e-17,7.396808240773829e-19,715,716,-58.95458201832809
237,-0.61318725404265,6.4570103102690325e-19,mid,3.130362045393757e-17,7.37216956390658e-19,716,717,-59.58457603697705
238,-0.556733397977375,6.832594917312951e-19,mid,3.271328503043831e-17,7.238589089497703e-19,717,718,-60.18095652641339
239,-0.4702213715512116,7.168383763180646e-19,mid,3.5571485974401565e-17,7.0043016038573725e-19,718,719,-60.6980428329318
240,-0.38024528535198954,7.446522715859781e-19,mid,3.938467952052073e-17,6.674227952569615e-19,719,720,-61.12139926951581
241,-0.3006495083100198,7.654320506160491e-19,mid,4.3667140202083835e-17,6.25006211540426e-19,720,721,-61.458533403635776
242,-0.23247566005796116,7.782284413993966e-19,mid,4.802462907736379e-17,5.734779731403105e-19,721,722,-61.72269828613585
243,-0.17017734663520656,7.822421497612543e-19,mid,5.215437661102659e-17,5.140428148151677e-19,722,723,-61.9234847237517
244,-0.10582566062767995,7.767909945799002e-19,mid,5.5821724662015e-17,4.497118120083939e-19,723,724,-62.063052979406265
245,-0.03279490589638456,7.61428738067794e-19,mid,5.884177009604226e-17,3.861599371994282e-19,724,725,-62.13513604500706
246,0.04483071706668795,7.361840030749235e-19,mid,6.10722322820308e-17,3.3236161740876413e-19,725,726,-62.128642791199034
247,0.09834748499462265,7.018814503906222e-19,mid,6.241408933227859e-17,2.9996617432985133e-19,726,727,-62.04547461087368
248,0.08931583835281032,6.604543696480566e-19,mid,6.281356346618035e-17,2.98541156871432e-19,727,728,-61.93194782120979
249,0.017336558695756565,6.150533085062197e-19,mid,6.226089701172729e-17,3.280714211505099e-19,728,729,-61.86684293416806
250,-0.08000447237805375,5.697734723642371e-19,mid,6.078577125996433e-17,3.7960684467443743e-19,729,730,-61.897274703818276
251,-0.1734447203921441,5.290733620428822e-19,mid,5.845256521031358e-17,4.4279030041660255e-19,730,731,-62.02685187892417
252,-0.25510315529893646,4.971788228796751e-19,mid,5.5358898892914783e-17,5.094170900919523e-19,731,732,-62.244164144602564
253,-0.3252155616262513,4.7760384404570465e-19,mid,5.163920646186192e-17,5.733264741868202e-19,732,733,-62.53705818952204
254,-0.38569889494375786,4.725802597398096e-19,mid,4.747375462690012e-17,6.29989243917617e-19,733,734,-62.89459526785507
255,-0.4409205168987569,4.8237516351416245e-19,mid,4.310324859303824e-17,6.764506376840573e-19,734,735,-63.30845597940956
256,-0.4971494192872683,5.050947171364436e-19,mid,3.884808990704375e-17,7.112627046851351e-19,735,736,-63.77643630165258
257,-0.556105344591252,5.374175081635378e-19,mid,3.5124549327649023e-17,7.341655117289805e-19,736,737,-64.3027548179841
258,-0.6059779937402467,5.757324539605423e-19,mid,3.242943908099424e-17,7.455564639740676e-19,737,738,-64.88864699083508
259,-0.6223526199560752,6.168649623758761e-19,mid,3.123748981319474e-17,7.459434218298846e-19,738,739,-65.51471080546459
260,-0.5881415384101274,6.5819565783012965e-19,mid,3.179787541697152e-17,7.355951193285738e-19,739,740,-66.13335223074724
261,-0.5123809052997785,6.974836606131906e-19,mid,3.3985329065861874e-17,7.145118228936116e-19,740,741,-66.69099388228484
262,-0.4208166579864141,7.326885003860876e-19,mid,3.7382656786827795e-17,6.826907923462777e-19,741,742,-67.15811404134679
263,-0.333515973486854,7.618660191017785e-19,mid,4.149012350070736e-17,6.405358373235413e-19,742,743,-67.53262719825767
264,-0.25714154617780594,7.831245107399504e-19,mid,4.5862380612546306e-17,5.892174515972427e-19,743,744,-67.8251459883205
265,-0.18964992062701924,7.946871846890747e-19,mid,5.01438149909468e-17,5.308440989766512e-19,744,745,-68.04691029061328
266,-0.1252116189692032,7.951414492985604e-19,mid,5.406015544900365e-17,4.6847258393965635e-19,745,746,-68.20444582957454
267,-0.05657768854512568,7.8383786049588555e-19,mid,5.740344441417141e-17,4.0625807795849193e-19,746,747,-68.29733352855169
268,0.02020988268870383,7.612133373800542e-19,mid,6.002016786905888e-17,3.502433976549923e-19,747,748,-68.31760120666479
269,0.09099666844287668,7.2878976946348675e-19,mid,6.180263225665387e-17,3.0976944999883e-19,748,749,-68.25691376317428
270,0.11437911746214979,6.888466285896708e-19,mid,6.268261488954149e-17,2.967915887128904e-19,749,750,-68.13560786977904
271,0.06295897526457139,6.440602281073271e-19,mid,6.262701042061911e-17,3.1818758648306424e-19,750,751,-68.02815552824998
272,-0.03614033284965501,5.974016313020253e-19,mid,6.163581320413079e-17,3.681398003060536e-19,751,752,-68.0096899192499
273,-0.1396148935092043,5.52266675808329e-19,mid,5.97430478790751e-17,4.336619420989321e-19,752,753,-68.10043619394929
274,-0.2297387194250149,5.125295671838543e-19,mid,5.70206943386348e-17,5.031676634578822e-19,753,754,-68.2889197062683
275,-0.30583924236078985,4.822476194015133e-19,mid,5.358435630649561e-17,5.689674758291929e-19,754,755,-68.55991363279932
276,-0.37023463335107465,4.649839910571579e-19,mid,4.959897305279874e-17,6.267599890237887e-19,755,756,-68.90059819098988
277,-0.4261110111226287,4.629224406396163e-19,mid,4.528476735314702e-17,6.745956996775976e-19,756,757,-69.30038289950147
278,-0.47902127150282325,4.761554958451064e-19,mid,4.0926612620082367e-17,7.118112899694468e-19,757,758,-69.75282021323514
279,-0.5343281407777098,5.026613747152624e-19,mid,3.68889479019812e-17,7.381404895463978e-19,758,759,-70.25842544250712
280,-0.5886925314293663,5.3908167924252035e-19,mid,3.362448681412836e-17,7.532300775735059e-19,759,760,-70.82147649479056
281,-0.6232857739560203,5.817225011914889e-19,mid,3.163230531619059e-17,7.566296929439834e-19,760,761,-71.43581050536585
282,-0.6136325603464883,6.271430149288671e-19,mid,3.1305876665637006e-17,7.4808797640676e-19,761,762,-72.0680480427026
283,-0.5539366768971519,6.722310827302366e-19,mid,3.2722334953242923e-17,7.278669105594243e-19,762,763,-72.66307562605883
284,-0.46436332233680133,7.140819185499882e-19,mid,3.558845519999335e-17,6.968349132767515e-19,763,764,-73.1759213964969
285,-0.3709056092834899,7.500044182072169e-19,mid,3.941317078057842e-17,6.562690066952184e-19,764,765,-73.59180227073243
286,-0.28741963965471484,7.777305372289093e-19,mid,4.370589521073514e-17,6.075126077059258e-19,765,766,-73.91773261506388
287,-0.21491421939146704,7.956629693583335e-19,mid,4.80649688517426e-17,5.518040402222059e-19,766,767,-74.16664155004186
288,-0.1471841339136688,8.029577586618243e-19,mid,5.218458077385709e-17,4.906189869589762e-19,767,768,-74.34756105384682
289,-0.07490602767792609,7.99396244226271e-19,mid,5.583514764545584e-17,4.267377118056725e-19,768,769,-74.4610098178692
290,0.008581481119584566,7.851772424463281e-19,mid,5.884255366082748e-17,3.66011343900228e-19,769,770,-74.49737310920267
291,0.09045096463243141,7.607942436056056e-19,mid,6.10735401481232e-17,3.191669471690763e-19,770,771,-74.44384685563003
292,0.12575525546511557,7.270660483368939e-19,mid,6.242917070775722e-17,3.0040619443284183e-19,771,772,-74.3164711799378
293,0.08270147348171264,6.85294269262859e-19,mid,6.284596798439099e-17,3.1762712997507894e-19,772,773,-74.1923363446998
294,-0.009972431533519455,6.375013770193509e-19,mid,6.230134559468849e-17,3.639131144457915e-19,773,774,-74.15106823297438
295,-0.10692168288973392,5.86695675524998e-19,mid,6.081796601139815e-17,4.2557145620864295e-19,774,775,-74.21228120776684
296,-0.19312187595604513,5.370265644211183e-19,mid,5.846324734915229e-17,4.920363487561242e-19,775,776,-74.36491159875385
297,-0.2711425467326336,4.9359894686045725e-19,mid,5.5344927006836983e-17,5.571645122090932e-19,776,777,-74.59852495967893
298,-0.34310418808729537,4.617649453077444e-19,mid,5.160771380051173e-17,6.172801032341007e-19,777,778,-74.90719669221912
299,-0.4078579242369713,4.459267924104341e-19,mid,4.7436671567883836e-17,6.696353617981641e-19,778,779,-75.28473333585352
300,-0.465488074621085,4.482300019727033e-19,mid,4.307046449576451e-17,7.118891015997697e-19,779,780,-75.72291254069306
301,-0.5200943131351607,4.678779818833901e-19,mid,3.882344060325857e-17,7.422665397811905e-19,780,781,-76.21570948509569
302,-0.5742323118843373,5.015840696902799e-19,mid,3.510701338841966e-17,7.598765471499841e-19,781,782,-76.76310116696338
303,-0.6180411926692315,5.447942508656778e-19,mid,3.2418916028625344e-17,7.647942790056954e-19,782,783,-77.36417410886436
304,-0.628254639546661,5.928734597944264e-19,mid,3.1239785041729835e-17,7.577902053086369e-19,783,784,-77.99918355230184
305,-0.5881985290496274,6.418146710421981e-19,mid,3.182127371490125e-17,7.398432966032148e-19,784,785,-78.62068338795768
306,-0.5073958162743395,6.884573682163789e-19,mid,3.403083285681474e-17,7.117126110915985e-19,785,786,-79.1755806104011
307,-0.4119135635428748,7.30380560437952e-19,mid,3.744083156705163e-17,6.738180377252793e-19,786,787,-79.63547502050636
308,-0.321327385024162,7.656741291963202e-19,mid,4.154847279347408e-17,6.265227947119557e-19,787,788,-79.99940773748685
309,-0.24093096080075327,7.927352503399732e-19,mid,4.591449400310433e-17,5.707137108745989e-19,788,789,-80.27812979055469
310,-0.16681003888133006,8.101372930033747e-19,mid,5.0192186736738145e-17,5.084710248642892e-19,789,790,-80.48126965908835
311,-0.0918490885135057,8.165810467365863e-19,mid,5.411148686256061e-17,4.436754812031711e-19,790,791,-80.61174986831735
312,-0.011209615128706218,8.109790421324448e-19,mid,5.746094053771165e-17,3.8254793701365453e-19,791,792,-80.66496783611537
313,0.06757691755795747,7.927348797492755e-19,mid,6.0078789749856e-17,3.340526691493743e-19,792,793,-80.63416909857476
314,0.11489961205301569,7.621607935956004e-19,mid,6.185029335051597e-17,3.0902245344445144e-19,793,794,-80.52981400099945
315,0.09992362972772639,7.207945354826174e-19,mid,6.270590493581782e-17,3.1533483620833057e-19,794,795,-80.40436987446873
316,0.02991138433321794,6.713603772351029e-19,mid,6.261770512484625e-17,3.5159472892026317e-19,795,796,-80.329966741544
317,-0.06049801337369587,6.173922237474012e-19,mid,6.159489844501548e-17,4.0867476619654736e-19,796,797,-80.34454710580229
318,-0.14930361266483771,5.628624065591731e-19,mid,5.968054715751902e-17,4.762502213788097e-19,797,798,-80.45096276829139
319,-0.23313030215393837,5.121344219796991e-19,mid,5.695115400304455e-17,5.458442083054005e-19,798,799,-80.64315433113197
320,-0.31323124936879765,4.70103025970281e-19,mid,5.351983251274021e-17,6.110612342918795e-19,799,800,-80.91722337259927
321,-0.3876294205221953,4.41899191362517e-19,mid,4.954346168561373e-17,6.6744740794819925e-19,800,801,-81.26961682986956
322,-0.4524652807654732,4.3162161440107487e-19,mid,4.5234120593460985e-17,7.124009903433744e-19,801,802,-81.69248221364366
323,-0.5080130091114796,4.406060291348133e-19,mid,4.08746693813508e-17,7.44898889060515e-19,802,803,-82.17454739140051
324,-0.559270654731371,4.668197650237193e-19,mid,3.683565584015246e-17,7.649634311968604e-19,803,804,-82.70850823186662
325,-0.6057540254207439,5.060179907535105e-19,mid,3.357907242104616e-17,7.730329359186417e-19,804,805,-83.29308870086325
326,-0.6316240816576268,5.534079567206532e-19,mid,3.16070552113411e-17,7.694912101316015e-19,805,806,-83.9200162827081
327,-0.6145534962624595,6.046513757217433e-19,mid,3.130480478093063e-17,7.545265837811629e-19,806,807,-84.5563368641785
328,-0.5497323088416906,6.561496384998092e-19,mid,3.273767221141772e-17,7.283053424567248e-19,807,808,-85.14912327523302
329,-0.4566693403326809,7.049314361226666e-19,mid,3.5609680494808815e-17,6.912929028783063e-19,808,809,-85.65580148186189
330,-0.3597778791066162,7.483827826431534e-19,mid,3.9435974539673935e-17,6.445277679079971e-19,809,810,-86.06246195589839
331,-0.2717633062651714,7.840330933397779e-19,mid,4.373183703901286e-17,5.897316097471164e-19,810,811,-86.37535724007512
332,-0.19338485046791476,8.09583063846153e-19,mid,4.809550291855545e-17,5.292761311524076e-19,811,812,-86.60598856842873
333,-0.11887079195419403,8.2319750118835265e-19,mid,5.221597549216256e-17,4.66209883149647e-19,812,813,-86.76212694101095
334,-0.040371597638880985,8.23866567244257e-19,mid,5.585786014728101e-17,4.0473486176773353e-19,813,814,-86.84373015233712
335,0.044006272050822304,8.11568893569942e-19,mid,5.884556804866206e-17,3.514973233863154e-19,814,815,-86.84287013628871
336,0.11329748053331201,7.871394152166598e-19,mid,6.105142108516971e-17,3.170194530914438e-19,815,816,-86.75571760823547
337,0.1253262748181143,7.519933571840071e-19,mid,6.238724331357759e-17,3.132877538895614e-19,816,817,-86.61627517522209
338,0.067034448394935,7.079369866002715e-19,mid,6.279906589257197e-17,3.441747963338855e-19,817,818,-86.50506505859924
339,-0.025431531608333557,6.571607320604363e-19,mid,6.226555602857347e-17,4.00735533624668e-19,818,819,-86.48220627843222
340,-0.11659241546657739,6.023610259516595e-19,mid,6.080059107536287e-17,4.695052245186236e-19,819,820,-86.55592812181591
341,-0.19874862802804216,5.46935519965457e-19,mid,5.845851904496016e-17,5.398599248161204e-19,820,821,-86.71539110936537
342,-0.2768698505202778,4.952400780592254e-19,mid,5.5338901360932496e-17,6.052796582554524e-19,821,822,-86.953425377872
343,-0.35429810731202593,4.527337819829162e-19,mid,5.158853416667667e-17,6.623409471578521e-19,822,823,-87.26913081040593
344,-0.42804806277221275,4.254398226291108e-19,mid,4.740251121841153e-17,7.094148574078854e-19,823,824,-87.66202159249605
345,-0.49238123906274467,4.181313434046938e-19,mid,4.302990478189074e-17,7.455903892247399e-19,824,825,-88.12522693595035
346,-0.5467468861283393,4.320135416162795e-19,mid,3.878894805092873e-17,7.700794468540485e-19,825,826,-88.64678407062154
347,-0.5947368424836696,4.641974094676135e-19,mid,3.508670710044849e-17,7.82152724896113e-19,826,827,-89.21872070820703
348,-0.6305941063878748,5.095200295223972e-19,mid,3.2412676446543066e-17,7.814046018605008e-19,827,828,-89.83625775558887
349,-0.6337985874885774,5.625573575433787e-19,mid,3.124302120227227e-17,7.680364819899996e-19,828,829,-90.47990892098278
350,-0.5881314982946719,6.184716399055244e-19,mid,3.183283379554394e-17,7.429216922886339e-19,829,830,-91.10385493056603
351,-0.5026083500525829,6.731196844055702e-19,mid,3.405519755882467e-17,7.073882240947601e-19,830,831,-91.65617191757212
352,-0.40294349973714105,7.23050178795464e-19,mid,3.748142816539099e-17,6.62846114194206e-19,831,832,-92.1090716306712
353,-0.30847492220461703,7.655418044528062e-19,mid,4.160098375651085e-17,6.105282774557158e-19,832,833,-92.4620589170464
354,-0.2238493011709437,7.98598441290677e-19,mid,4.596769176885549e-17,5.516391217482856e-19,833,834,-92.72602147508043
355,-0.14383561305314174,8.208564984372526e-19,mid,5.0235355335623604e-17,4.880846536820673e-19,834,835,-92.9097575193883
356,-0.059991135635605985,8.314440416227333e-19,mid,5.4142246531606086e-17,4.237546724850936e-19,835,836,-93.01369270118671
357,0.029942190424698367,8.298447018446714e-19,mid,5.748707923068376e-17,3.660796552968266e-19,836,837,-93.0297397906595
358,0.10561936339904321,8.158071489845667e-19,mid,6.011217366674831e-17,3.2673380314660107e-19,837,838,-92.95380832033732
359,0.12669931603625173,7.893637486894934e-19,mid,6.189722120853168e-17,3.179415109760916e-19,838,839,-92.81850106386142
360,0.08061127456833361,7.510309560173293e-19,mid,6.276126833066877e-17,3.4295084554304034e-19,839,840,-92.70040968826481
361,0.0006706330571617514,7.021684198619344e-19,mid,6.266721308530939e-17,3.9306287025268594e-19,840,841,-92.65727851472475
362,-0.08056038214994032,6.453066586596482e-19,mid,6.162325514289814e-17,4.564558411068603e-19,841,842,-92.69906842215049
363,-0.1562844698522099,5.84212282974917e-19,mid,5.967957245247896e-17,5.243822418018431e-19,842,843,-92.81839927902463
364,-0.231738627475103,5.236811113055938e-19,mid,5.692306152705114e-17,5.911280686967747e-19,843,844,-93.01163736185491
365,-0.3116183473311054,4.693179545415512e-19,mid,5.347485224529232e-17,6.525164751443229e-19,844,845,-93.28187653397484
366,-0.3947103143547963,4.2740932931686736e-19,mid,4.949406978725975e-17,7.051275549504716e-19,845,846,-93.63487405651712
367,-0.4727435213144915,4.0427027167997736e-19,mid,4.5189180620425704e-17,7.462885211358037e-19,846,847,-94.07129716268443
368,-0.5371060287431462,4.0415421829203884e-19,mid,4.083662414427332e-17,7.743545781146298e-19,847,848,-94.5803610991461
369,-0.5877425807809615,4.267554689612273e-19,mid,3.6802777404393596e-17,7.888447369466845e-19,848,849,-95.14550922017072
370,-0.626960453424104,4.673024074804318e-19,mid,3.3551792330936275e-17,7.902353271482905e-19,849,850,-95.75584626070803
371,-0.6437630753332471,5.192755904075649e-19,mid,3.159263076684021e-17,7.794815277429391e-19,850,851,-96.39943012701893
372,-0.61829104783709,5.76728916287937e-19,mid,3.131293049469917e-17,7.575192238457725e-19,851,852,-97.04337241137452
373,-0.5466936919768628,6.349951620510686e-19,mid,3.276971390977325e-17,7.250199400362391e-19,852,853,-97.63601222269311
374,-0.44869460852591203,6.905256509537421e-19,mid,3.5655896249821985e-17,6.825262043969773e-19,853,854,-98.13675979532825
375,-0.34778069289789926,7.405732713765553e-19,mid,3.9484324828402354e-17,6.308798663823131e-19,854,855,-98.53340143974494
376,-0.2549025898447468,7.829057091811464e-19,mid,4.3776768766127684e-17,5.717258098387023e-19,855,856,-98.83232118112404
377,-0.1692666229350408,8.155474395462359e-19,mid,4.813882311979624e-17,5.079212250900349e-19,856,857,-99.04320661943443
378,-0.08526247524407182,8.366273986279551e-19,mid,5.2261459025375663e-17,4.438614475481025e-19,857,858,-99.17085442699413
379,0.00032972220299853916,8.444760790823804e-19,mid,5.590513823531957e-17,3.8588817269951846e-19,858,859,-99.21373156992257
380,0.0779731703772768,8.379945016617958e-19,mid,5.88876077761121e-17,3.4270966378780016e-19,859,860,-99.17019498258813
381,0.11957086553960039,8.170789437888503e-19,mid,6.107666436474268e-17,3.2440790038988323e-19,860,861,-99.05778522916802
382,0.10208754350070848,7.827869364731057e-19,mid,6.238490703180503e-17,3.375141899841822e-19,861,862,-98.93105325150893
383,0.038142950965507794,7.371310420942007e-19,mid,6.276498458013025e-17,3.7953484053759384e-19,862,863,-98.8536101421666
384,-0.04070086787596239,6.827152953756508e-19,mid,6.22055713440913e-17,4.41056408329648e-19,863,864,-98.85476734957791
385,-0.11736459873147709,6.225419184789858e-19,mid,6.072891333418143e-17,5.116657742857047e-19,864,865,-98.93501187791853
386,-0.19176000458507758,5.601193768783211e-19,mid,5.839085223311712e-17,5.827617150944853e-19,865,866,-99.08949654704087
387,-0.2693181922101431,4.997630767018963e-19,mid,5.528403480285562e-17,6.48013606347578e-19,866,867,-99.31853188708868
388,-0.3533233916051941,4.4690875944354535e-19,mid,5.1544295860864966e-17,7.033180635790727e-19,867,868,-99.62813293146115
389,-0.440038197775813,4.0812830091075736e-19,mid,4.735948346522121e-17,7.465577106861741e-19,868,869,-100.02517867029907
390,-0.5182678220843613,3.900407027874984e-19,mid,4.2980448201266225e-17,7.770643825696309e-19,869,870,-100.50820932701278
391,-0.5787626456102828,3.9646901558069986e-19,mid,3.873473761388644e-17,7.949051830795079e-19,870,871,-101.06171431446779
392,-0.622155553251794,4.258724781160129e-19,mid,3.503875722949682e-17,8.002899967905653e-19,871,872,-101.66573461823334
393,-0.6477249033529802,4.723759089674627e-19,mid,3.238315582643748e-17,7.933368912826514e-19,872,873,-102.30602542097138
394,-0.6408862303851421,5.291048289755133e-19,mid,3.123517048447936e-17,7.741988272938774e-19,873,874,-102.9611844249393
395,-0.5877663239179114,5.902748048436935e-19,mid,3.183934940236178e-17,7.433536831666686e-19,874,875,-103.58779788174166
396,-0.49677709987312113,6.514223990658149e-19,mid,3.4067490250403594e-17,7.018287149659259e-19,875,876,-104.13671707277513
397,-0.3922131163479534,7.089076258298403e-19,mid,3.7497683856124746e-17,6.512414498868166e-19,876,877,-104.5813520814879
398,-0.2926780068549917,7.595293298119961e-19,mid,4.162431541310362e-17,5.936878955656109e-19,877,878,-104.92114330547103
399,-0.20282798560165816,8.004990038544526e-19,mid,4.5999103042377966e-17,5.316471488651761e-19,878,879,-105.16670809519789
400,-0.11771595365287624,8.296399358665849e-19,mid,5.0269119357803343e-17,4.681978861464032e-19,879,880,-105.32679927667435
401,-0.030031725053568437,8.455639901869847e-19,mid,5.416734620116452e-17,4.078985689220007e-19,880,881,-105.40214000250364
402,0.058162506046656404,8.476861638799198e-19,mid,5.749394644084216e-17,3.583795608115816e-19,881,882,-105.38686272678149
403,0.12037895203600613,8.361067478364015e-19,mid,6.010016726476073e-17,3.3108048398664483e-19,882,883,-105.28581499041033
404,0.12095898987656994,8.114570773742668e-19,mid,6.187685110823151e-17,3.3654871341048418e-19,883,884,-105.14610482270948
405,0.0626642604190053,7.747667168516432e-19,mid,6.274827643637354e-17,3.7481346615632486e-19,884,885,-105.04389701065719
406,-0.01620873944069956,7.273912699094838e-19,mid,6.267201268652284e-17,4.349528003526558e-19,885,886,-105.02077630187146
407,-0.08977053006067592,6.710797058024322e-19,mid,6.164359303311816e-17,5.043369445449593e-19,886,887,-105.07631448953859
408,-0.15661488696083126,6.082536562155243e-19,mid,5.970210365971845e-17,5.739627441773889e-19,887,888,-105.20031736199282
409,-0.22496935013892738,5.424490672580496e-19,mid,5.693242098549754e-17,6.385629384261253e-19,888,889,-105.38954426346025
410,-0.302816250051805,4.787404078928086e-19,mid,5.34632520010924e-17,6.952094701969186e-19,889,890,-105.65025606227067
411,-0.39248285003346695,4.2393945516974744e-19,mid,4.9464986008057435e-17,7.420271956331972e-19,890,891,-105.99517676356386
412,-0.48554515093626804,3.8617847917354836e-19,mid,4.5153783056182814e-17,7.774757098332801e-19,891,892,-106.4352217623376
413,-0.5649374307109696,3.7290155374714396e-19,mid,4.080642717045949e-17,8.002350719730566e-19,892,893,-106.9662670654364
414,-0.6200331034559738,3.870566387682802e-19,mid,3.678362153466391e-17,8.094546561686006e-19,893,894,-107.56509662375954
415,-0.6524517742318778,4.250413001627824e-19,mid,3.354305354435264e-17,8.050302630951585e-19,894,895,-108.20633327234835
416,-0.6584467092969604,4.793197314500328e-19,mid,3.1592369828333437e-17,7.876665729957083e-19,895,896,-108.8700001722233
417,-1.2285738287992842,5.421961978218808e-19,mid,3.132410764871943e-17,7.586567639169536e-19,896,897,-109.52322669094227
418,-0.8529509424356405,7.697057667384111e-19,mid,5.694608641757656e-17,3.178636768879729e-19,927,928,-111.32714782982187
419,0.04852593477694711,7.271769268137317e-19,mid,5.743366657818339e-17,3.593431762672626e-19,928,929,-111.22912857581355
420,-0.047050996744410156,6.747845055547671e-19,mid,5.717173583700959e-17,4.2544662829335333e-19,929,930,-111.23009596026797
421,-0.13277868539840654,6.1519042732769935e-19,mid,5.617750381022198e-17,5.024789132402074e-19,930,931,-111.32323056930237
422,-0.21029901802108242,5.52238791170502e-19,mid,5.4504584235956306e-17,5.8156762770074905e-19,931,932,-111.49565333106479
423,-0.288121183297811,4.908529951213972e-19,mid,5.223749517735521e-17,6.570168742040689e-19,932,933,-111.74382860534453
424,-0.3704825079413183,4.369596791660137e-19,mid,4.948965845310021e-17,7.246260774158487e-19,933,934,-112.07189569766041
425,-0.4525920166484312,3.9741735565629845e-19,mid,4.6407403377620586e-17,7.810517907565974e-19,934,935,-112.48479362122717
426,-0.5204254087040141,3.7901642592103264e-19,mid,4.3178785270323746e-17,8.238268020986589e-19,935,936,-112.97707973095727
427,-0.5619797593575342,3.855854260229711e-19,mid,4.004273700520239e-17,8.515547063359096e-19,936,937,-113.5256444386352
428,-0.5790737597254534,4.153229563283295e-19,mid,3.728993666077065e-17,8.639446469536524e-19,937,938,-114.10103924967234
429,-0.5797803788977092,4.619934661152739e-19,mid,3.5240664869692046e-17,8.615535346382277e-19,938,939,-114.6837919580861
430,-0.564421658496947,5.184534087181116e-19,mid,3.418402557900484e-17,8.453201363371387e-19,939,940,-115.26060000746776
431,-0.5278442536151857,5.7874713951054155e-19,mid,3.42866364961129e-17,8.161353955799188e-19,940,941,-115.81263527508
432,-0.47020242044690264,6.3837132535295575e-19,mid,3.552550592540295e-17,7.747016151978835e-19,941,942,-116.31628851469813
433,-0.39919029747413504,6.939243628688442e-19,mid,3.7702954507392756e-17,7.217667250623142e-19,942,943,-116.7530401159738
434,-0.32348379145104644,7.42792244914014e-19,mid,4.052732305058979e-17,6.585948184541063e-19,943,944,-117.1146691096464
435,-0.24693674531405918,7.829130277863362e-19,mid,4.369232033533038e-17,5.874381799161129e-19,944,945,-117.4000076988759
436,-0.16757993927073755,8.125418423930457e-19,mid,4.691933943582997e-17,5.119089585570231e-19,945,946,-117.60854260027452
437,-0.07998008208679863,8.300894178186023e-19,mid,4.9971037877990233e-17,4.374346023147456e-19,946,947,-117.73516757741737
438,0.0170200036411714,8.341978103629132e-19,mid,5.2653926938715486e-17,3.7216512342873175e-19,947,948,-117.76850276444812
439,0.10203976293330896,8.240747685882496e-19,mid,5.481854631430682e-17,3.279969827872219e-19,948,949,-117.70112757013503
440,0.12887998927448052,7.998592260275072e-19,mid,5.635818908878896e-17,3.1816700799709317e-19,949,950,-117.5644232385815
441,0.07965051107510135,7.627259894975722e-19,mid,5.720559732163306e-17,3.475259420451035e-19,950,951,-117.44336759158607
442,-0.007938903935631458,7.146717237588965e-19,mid,5.732836937136342e-17,4.073560142953552e-19,951,952,-117.4051222164313
443,-0.09417336883132776,6.582246128766762e-19,mid,5.672473250533392e-17,4.839747353838869e-19,952,953,-117.45924539945733
444,-0.1703908206934983,5.963642047596972e-19,mid,5.5421173761203015e-17,5.660198964334759e-19,953,954,-117.59346895409395
445,-0.24346646500484326,5.327123636789027e-19,mid,5.3472974874504966e-17,6.453355868312701e-19,954,955,-117.80002704084433
446,-0.32114418499190833,4.718608296847577e-19,mid,5.096811571880322e-17,7.162946374572125e-19,955,956,-118.08040188410364
447,-0.4057311293633177,4.196820785112093e-19,mid,4.803378189184215e-17,7.753767685879345e-19,956,957,-118.44231541082814
448,-0.4891847336677131,3.8327390930012105e-19,mid,4.4843160258139764e-17,8.208026007197787e-19,957,958,-118.89186414283027
449,-0.5541693510591585,3.695013172730569e-19,mid,4.1619474461545537e-17,8.519696207268606e-19,958,959,-119.42068487816357
450,-0.5884642153319959,3.8153993716727177e-19,mid,3.863404570090142e-17,8.687946191846954e-19,959,960,-120.00020284494859
451,-0.5957769833632938,4.1645579211368007e-19,mid,3.619278798521562e-17,8.712562402100146e-19,960,961,-120.59761330882756
452,-0.5844322357303042,4.672719252481572e-19,mid,3.4600013023446585e-17,8.593244427473813e-19,961,962,-121.19175681167518
453,-0.5546448028773128,5.267655335668273e-19,mid,3.409043750823108e-17,8.331995935384927e-19,962,963,-121.76647778028817
454,-0.5037299423547239,5.892631580098444e-19,mid,3.4748617631501184e-17,7.936080708751917e-19,963,964,-122.3010464174298
455,-0.4352010425425945,6.505465954817043e-19,mid,3.647155594705221e-17,7.419402696796583e-19,964,965,-122.77393766499762
456,-0.35782419978135493,7.072231677985812e-19,mid,3.9009266048173075e-17,6.801929229740626e-19,965,966,-123.17144850251499
457,-0.2787603593268386,7.563255024868779e-19,mid,4.204847017636963e-17,6.10841487290745e-19,966,967,-123.48958606456033
458,-0.19906435534277023,7.952948516428613e-19,mid,4.528272144254844e-17,5.368688923422697e-19,967,968,-123.72896922116867
459,-0.113533406569438,8.221606188239195e-19,mid,4.844804654240288e-17,4.622666179924675e-19,968,969,-123.88771477524587
460,-0.016072378145359778,8.356739565278305e-19,mid,5.133293357838753e-17,3.933945360090602e-19,969,970,-123.95603603430754
461,0.08194063066446944,8.353090265949274e-19,mid,5.37755934713994e-17,3.411256063213134e-19,970,971,-123.91985953153659
462,0.13405588840167582,8.211980138824391e-19,mid,5.565617666525483e-17,3.206473687291081e-19,971,972,-123.7921547729786
463,0.10367524090700186,7.940610079152439e-19,mid,5.688823302918458e-17,3.417352634236181e-19,972,973,-123.65174775473324
464,0.0201398157903796,7.551093789345094e-19,mid,5.741303222153205e-17,3.976403559982028e-19,973,974,-123.5848042911646
465,-0.06595525764053889,7.059208490941799e-19,mid,5.719945437654827e-17,4.725375148151054e-19,974,975,-123.61146812315248
466,-0.13817220789900375,6.48406831461233e-19,mid,5.624911479670214e-17,5.532248234032813e-19,975,976,-123.71671480644568
467,-0.20318288233200832,5.850292054693293e-19,mid,5.460270020674595e-17,6.315749584268174e-19,976,977,-123.88781253895048
468,-0.2713719791611382,5.192697206525168e-19,mid,5.234266263509702e-17,7.029943670021516e-19,977,978,-124.1230805711097
469,-0.35018423869983906,4.561597401106944e-19,mid,4.959087542266661e-17,7.647227946165882e-19,978,979,-124.43055649727276
470,-0.43969281375908054,4.0260249256442476e-19,mid,4.6504793309426796e-17,8.147244311086887e-19,979,980,-124.82344904850937
471,-0.5268713498433328,3.669760216284677e-19,mid,4.327747729505296e-17,8.512502269138155e-19,980,981,-125.30994212479092
472,-0.5891270707844498,3.5682735956062566e-19,mid,4.014321608924285e-17,8.729163933743588e-19,981,982,-125.87719174819604
473,-0.6141585335107251,3.7460373734343144e-19,mid,3.7382185632492075e-17,8.78985610065781e-19,982,983,-126.48819626635982
474,-0.6090171086582146,4.1583155857808695e-19,mid,3.530719722151376e-17,8.695578861877197e-19,983,984,-127.10550881521749
475,-0.5830741773760622,4.724459220663734e-19,mid,3.4211101134623944e-17,8.455281898628565e-19,984,985,-127.70623048367625
476,-0.5373315067894566,5.366959856328931e-19,mid,3.427483089936814e-17,8.083231356927857e-19,985,986,-128.27165716996961
477,-0.47278585755833547,6.025253651286165e-19,mid,3.548843925157181e-17,7.595435912581082e-19,986,987,-128.78089349725516
478,-0.3960848960244192,6.654294944666075e-19,mid,3.7654924146804e-17,7.007207904630721e-19,987,988,-129.21722888508629
479,-0.31472012627126844,7.220093101817723e-19,mid,4.0473502963456336e-17,6.334101159526553e-19,988,989,-129.573063289304
480,-0.2311241518582392,7.696622007855459e-19,mid,4.363065248533347e-17,5.597566716834001e-19,989,990,-129.84666913762882
481,-0.14169292110393883,8.064587455512715e-19,mid,4.684988477005942e-17,4.835167789041842e-19,990,991,-130.03531159302048
482,-0.04170220488865084,8.310725967316312e-19,mid,4.99026224246672e-17,4.1142520940594667e-19,991,992,-130.1300549798367
483,0.059411074357825555,8.426267626032928e-19,mid,5.260199844912547e-17,3.54528475035401e-19,992,993,-130.11871600279778
484,0.12223826562691897,8.404971738054585e-19,mid,5.47963848453545e-17,3.272124634940348e-19,993,994,-130.01123283112105
485,0.11032627442389753,8.242781967383086e-19,mid,5.636890980517994e-17,3.3908480664595205e-19,994,995,-129.87423947154394
486,0.042236660246814495,7.940358320339879e-19,mid,5.724097194151115e-17,3.8569186086563063e-19,995,996,-129.79058028227325
487,-0.03653265503919556,7.50689335305165e-19,mid,5.737457569484524e-17,4.538913642436997e-19,996,997,-129.78976615105032
488,-0.10552529370153252,6.961926072779924e-19,mid,5.677037851068472e-17,5.318823884962474e-19,997,998,-129.86364559235165
489,-0.1668800179284915,6.333773341305738e-19,mid,5.5462648915962896e-17,6.1151407079240805e-19,998,999,-130.00081673845338
490,-0.22856314143223244,5.657013366974445e-19,mid,5.351488627669851e-17,6.869987773406092e-19,999,1000,-130.19740562820863
491,-0.2985948611771647,4.973047677842821e-19,mid,5.1019199640886126e-17,7.538733391760209e-19,1000,1001,-130.45794302131785
492,-0.3827174689877353,4.335418239957402e-19,mid,4.8100298636071294e-17,8.086985773645899e-19,1001,1002,-130.79459535056296
493,-0.47840530223211886,3.8167134597120393e-19,mid,4.492306961784862e-17,8.491399134875306e-19,1002,1003,-131.22337795929332
494,-0.5670241106528238,3.5058526209905304e-19,mid,4.170120689707943e-17,8.740660868500124e-19,1003,1004,-131.7514059550272
495,-0.6217488380527811,3.4763796466085128e-19,mid,3.8701659663341383e-17,8.834280715553337e-19,1004,1005,-132.35742618059896
496,-0.633238657410331,3.7350462370200606e-19,mid,3.623454828320235e-17,8.778706493493604e-19,1005,1006,-132.99490363113276
497,-0.6130234965615955,4.216032386122403e-19,mid,3.46134431773789e-17,8.582477468678942e-19,1006,1007,-133.62390349541963
498,-0.5712128976949202,4.82950799990655e-19,mid,3.40790380558764e-17,8.253246572771662e-19,1007,1008,-134.22095062425595
499,-0.5103225531680522,5.498801424447308e-19,mid,3.471434995524482e-17,7.798483437422726e-19,1008,1009,-134.76632929080947
500,-0.43437572587771456,6.1681153442166435e-19,mid,3.6412673063989974e-17,7.229183060550617e-19,1009,1010,-135.24159573059205
501,-0.35047209856961103,6.798299889773308e-19,mid,3.892568012209219e-17,6.564083359858646e-19,1010,1011,-135.6350807425649
502,-0.2636047038659939,7.360462788125346e-19,mid,4.1947097716474145e-17,5.832420576401085e-19,1011,1012,-135.94253992773127
503,-0.17364591135370233,7.83040949885952e-19,mid,4.517666090961877e-17,5.075856004209648e-19,1012,1013,-136.16229015029688
504,-0.07727610911247496,8.186025968741063e-19,mid,4.835070830741867e-17,4.352957435800134e-19,1013,1014,-136.28983175043868
505,0.022721232486048848,8.408433577224808e-19,mid,5.12518353298862e-17,3.749319001896305e-19,1014,1015,-136.31684236852183
506,0.10086752335789129,8.48515519694139e-19,mid,5.370966954776217e-17,3.3844833518976478e-19,1015,1016,-136.24438928546658
507,0.1173599176166249,8.41226252728868e-19,mid,5.559815810939139e-17,3.375081554664532e-19,1016,1017,-136.11510732180605
508,0.06808087611534575,8.1940508693112795e-19,mid,5.683123494149773e-17,3.740509333779219e-19,1017,1018,-136.00966945023333
509,-0.0077736526398695105,7.841397944674253e-19,mid,5.735782799669009e-17,4.381411777186818e-19,1018,1019,-135.97894556957536
510,-0.07828275829669451,7.370620175126321e-19,mid,5.715723415219396e-17,5.16590310672436e-19,1019,1020,-136.02521675551307
511,-0.13804215172478962,6.8030500385194455e-19,mid,5.623638908709838e-17,5.98636826840766e-19,1020,1021,-136.13551108616875
512,-0.19346903952688876,6.16451150613177e-19,mid,5.463070796215325e-17,6.765920945930738e-19,1021,1022,-136.30130105896265
513,-0.25297956094986773,5.485236040442154e-19,mid,5.240886020092395e-17,7.453692193800373e-19,1022,1023,-136.52244916522253
514,-0.32469267752114206,4.802777098296584e-19,mid,4.967940034791404e-17,8.020293939931759e-19,1023,1024,-136.8072601808624
515,-0.4140583086867622,4.169947958879849e-19,mid,4.6595844391308113e-17,8.451767715336818e-19,1024,1025,-137.1718345202648
516,-0.5158503674996382,3.6646289477032296e-19,mid,4.3358208715686245e-17,8.742011774357132e-19,1025,1026,-137.6353767982359
517,-0.6049286558209843,3.3857631532235166e-19,mid,4.021149788178985e-17,8.886765339108285e-19,1026,1027,-138.2035352552641
518,-0.6501118781382331,3.409487377658073e-19,mid,3.744050416782003e-17,8.881915878982801e-19,1027,1028,-138.84523410987788
519,-0.6458177987837672,3.728306607031595e-19,mid,3.5352463009895035e-17,8.725847921792145e-19,1028,1029,-139.50375901154055
520,-0.6087787900036972,4.2604509362952463e-19,mid,3.423077958588004e-17,8.422930120012858e-19,1029,1030,-140.1368697074454
521,-0.5507307911901336,4.912297836477271e-19,mid,3.4255213672152094e-17,7.985224717181253e-19,1030,1031,-140.72131659154795
522,-0.47603288527412246,5.610252637276071e-19,mid,3.5427801871485863e-17,7.431560083174246e-19,1031,1032,-141.23833128982568
523,-0.3909109900431105,6.300143673145067e-19,mid,3.756727712817707e-17,6.785223659209254e-19,1032,1033,-141.6733823620962
524,-0.3021428113405875,6.940563957400175e-19,mid,4.0379174394709514e-17,6.072537589438953e-19,1033,1034,-142.0201532699119
525,-0.21149778667135877,7.498958630105377e-19,mid,4.354344565779445e-17,5.3248626088608215e-19,1034,1035,-142.27766798477737
526,-0.11481944941340316,7.949869494885273e-19,mid,4.6771463394531746e-17,4.586845033067854e-19,1035,1036,-142.44314884325462
527,-0.009902497598702098,8.274271175413057e-19,mid,4.9827305170455695e-17,3.932937446018328e-19,1036,1037,-142.50730688360417
528,0.0835943861762587,8.459839397492729e-19,mid,5.252731106490035e-17,3.484494841071738e-19,1037,1038,-142.46295383845202
529,0.12056891471428344,8.501478568326762e-19,mid,5.4730639425795037e-17,3.383818627442211e-19,1038,1039,-142.34011811125166
530,0.0836943355955384,8.400636876113886e-19,mid,5.632929085559115e-17,3.6818762009141294e-19,1039,1040,-142.22181600902346
531,0.011048912409890477,8.162910764323405e-19,mid,5.724318050381945e-17,4.2795274503848997e-19,1040,1041,-142.17272944006058
532,-0.05756476326254756,7.795731902615989e-19,mid,5.742217153900958e-17,5.029208417864661e-19,1041,1042,-142.19971818420368
533,-0.11333544314932453,7.308696564766175e-19,mid,5.685224564328078e-17,5.820844764427788e-19,1042,1043,-142.28785896658567
534,-0.1627583146663767,6.716854108758323e-19,mid,5.556017933189806e-17,6.588081600965597e-19,1043,1044,-142.42638907050232
535,-0.21415331286749506,6.044378933559541e-19,mid,5.361287709146064e-17,7.29010644991568e-19,1044,1045,-142.61337559591843
536,-0.27498972251832754,5.326294160206545e-19,mid,5.111255360779732e-17,7.89695013996022e-19,1045,1046,-142.85469569623731
537,-0.352236110683279,4.609633069749644e-19,mid,4.819283939498851e-17,8.383046317944868e-19,1046,1047,-143.16335504095508
538,-0.4499918063205399,3.958330467681232e-19,mid,4.502048823995843e-17,8.727268117785664e-19,1047,1048,-143.55916791760387
539,-0.5588099344351747,3.461869754136851e-19,mid,4.180322053116765e-17,8.915636237551576e-19,1048,1049,-144.06333865359616
540,-0.6452471783270965,3.228753475877666e-19,mid,3.879835881613216e-17,8.943379284051606e-19,1049,1050,-144.67678778647422
541,-0.6752168645783883,3.3300136707481863e-19,mid,3.6309835299206545e-17,8.814848371636496e-19,1050,1051,-145.35383301025036
542,-0.6507571460857946,3.7338905028513255e-19,mid,3.4654457120144823e-17,8.541333412358605e-19,1051,1052,-146.027221515631
543,-0.5951973148881535,4.337304600146371e-19,mid,3.4084668534859766e-17,8.137689531641707e-19,1052,1053,-146.65534730242194
544,-0.5218149626123108,5.039094353840903e-19,mid,3.46940568758179e-17,7.619345607371821e-19,1053,1054,-147.2176161454073
545,-0.4361742529383008,5.765225038551443e-19,mid,3.637628259626699e-17,7.001677678320305e-19,1054,1055,-147.69897722764657
546,-0.34388195571982294,6.463555133190281e-19,mid,3.8876082622215914e-17,6.303203953499485e-19,1055,1056,-148.0899646512839
547,-0.24808240891870526,7.096664365043087e-19,mid,4.188329571502407e-17,5.55254692734642e-19,1056,1057,-148.3867411390862
548,-0.14736875951294337,7.638034018105817e-19,mid,4.510168177354527e-17,4.79780954509809e-19,1057,1058,-148.58612946912132
549,-0.04117301911028903,8.068896800310958e-19,mid,4.827508855909526e-17,4.1167519327835357e-19,1058,1059,-148.6814786581121
550,0.05554734783845561,8.374505945998264e-19,mid,5.118954813188685e-17,3.622506881447739e-19,1059,1060,-148.6684755073419
551,0.1065797200119647,8.541628438057859e-19,mid,5.367055947042342e-17,3.4407697294528747e-19,1060,1061,-148.5703839624352
552,0.0905024935487404,8.559427368397336e-19,mid,5.558300559881208e-17,3.6313557199578386e-19,1061,1062,-148.45531606731797
553,0.03148234596669397,8.4230769952612445e-19,mid,5.683246749597289e-17,4.134084861416064e-19,1062,1063,-148.3893789753377
554,-0.0335438285728884,8.136746054890845e-19,mid,5.736465043670802e-17,4.829981191723606e-19,1063,1064,-148.39235137538458
555,-0.08947526125466254,7.713364161280349e-19,mid,5.716195791135639e-17,5.613543252328102e-19,1064,1065,-148.45646663248348
556,-0.13765118068938875,7.172083472417783e-19,mid,5.623894683980185e-17,6.407117752045668e-19,1065,1066,-148.5713018978939
557,-0.18398732561132647,6.53645642952492e-19,mid,5.463911560607522e-17,7.152490693717419e-19,1066,1067,-148.73176899386226
558,-0.23518336657467387,5.834946986773229e-19,mid,5.243464206256507e-17,7.804480319668229e-19,1067,1068,-148.93927654911656
559,-0.2985446999406207,5.103161796340816e-19,mid,4.9729681849969177e-17,8.329544839272145e-19,1068,1069,-149.2021357270116
560,-0.38164924231529085,4.387787506998046e-19,mid,4.666692944960823e-17,8.70670756995928e-19,1069,1070,-149.5363659489978
561,-0.4877214627719155,3.754607550405025e-19,mid,4.3435730075411215e-17,8.927591469596432e-19,1070,1071,-149.9654342116422
562,-0.6013092602391197,3.2990250055926055e-19,mid,4.027787913749378e-17,8.993589806040984e-19,1071,1072,-150.51180887454163
563,-0.6800184459850982,3.1339764206374745e-19,mid,3.7484289461149434e-17,8.910806692966522e-19,1072,1073,-151.16805273212043
564,-0.6905046703913627,3.317630638285578e-19,mid,3.537169914441725e-17,8.685704636725375e-19,1073,1074,-151.87184576651183
565,-0.6445518278247278,3.79262496041844e-19,mid,3.422762647754163e-17,8.324292324079064e-19,1074,1075,-152.54906207290315
566,-0.5706984325017856,4.442818770112601e-19,mid,3.42282539619136e-17,7.835102589636905e-19,1075,1076,-153.16094942216128
567,-0.4830230739597141,5.169055287437965e-19,mid,3.537172148736515e-17,7.233482975745955e-19,1076,1077,-153.69045893790673
568,-0.3874166028451498,5.905050400211675e-19,mid,3.748032254607506e-17,6.5443266004140635e-19,1077,1078,-154.1269955700807
569,-0.28823843307267794,6.605955715210472e-19,mid,4.026911774758427e-17,5.802644428255938e-19,1078,1079,-154.46529214359703
570,-0.18673422297533193,7.237290188834368e-19,mid,4.342574074971154e-17,5.054481926681596e-19,1079,1080,-154.70347243622606
571,-0.08204504130848989,7.770170207157946e-19,mid,4.6661672831737683e-17,4.362211946685994e-19,1080,1081,-154.8387605895477
572,0.019008795755269148,8.181090078047192e-19,mid,4.9733582675784364e-17,3.8151505066716646e-19,1081,1082,-154.86756251884304
573,0.08907373635587135,8.452907571789044e-19,mid,5.244781983076801e-17,3.5305570115031365e-19,1082,1083,-154.80074299803715
574,0.09716255180671851,8.575136958514658e-19,mid,5.465784188575348e-17,3.605002419848655e-19,1083,1084,-154.6894150461313
575,0.05022769661373161,8.543914136548165e-19,mid,5.625883113764161e-17,4.0307567351450517e-19,1084,1085,-154.6064178944237
576,-0.014225435691685107,8.362411391117668e-19,mid,5.718119151954548e-17,4.700206144691186e-19,1085,1086,-154.58895965290384
577,-0.07121882603100005,8.040902665040814e-19,mid,5.738471050364913e-17,5.486859075124971e-19,1086,1087,-154.63486876580708
578,-0.11748954671236334,7.594968780004586e-19,mid,5.685596732475899e-17,6.290268165751818e-19,1087,1088,-154.73139730496584
579,-0.15852275548286343,7.0423207367262325e-19,mid,5.561074723497437e-17,7.041461154273161e-19,1088,1089,-154.8698478592318
580,-0.2012632237861851,6.401225849691864e-19,mid,5.370021367223523e-17,7.6982147302726575e-19,1089,1090,-155.04844281593157
581,-0.25278664485439606,5.693155416792805e-19,mid,5.121677513632903e-17,8.237742712586108e-19,1090,1091,-155.27237430680418
582,-0.3206122443017563,4.949275845272365e-19,mid,4.829606172165293e-17,8.647657658732706e-19,1091,1092,-155.55401610564036
583,-0.41214416437800594,4.218779456122033e-19,mid,4.5115284223800607e-17,8.91834400156319e-19,1092,1093,-155.9135987954077
584,-0.528311604166646,3.5787420775829373e-19,mid,4.189169500663887e-17,9.040222852785179e-19,1093,1094,-156.37830443439637
585,-0.6454742401090954,3.1418185013024666e-19,mid,3.8883282647316073e-17,9.006118982955373e-19,1094,1095,-156.970222003741
586,-0.7117259609268416,3.030913221501431e-19,mid,3.638535112259148e-17,8.815495041717322e-19,1095,1096,-157.66925291461456
587,-0.6980025176270175,3.288232772662237e-19,mid,3.4704943518441596e-17,8.476833653043506e-19,1096,1097,-158.39367392559467
588,-0.6286791658030211,3.830351556674193e-19,mid,3.409483610441438e-17,8.006740745768307e-19,1097,1098,-159.0652579498686
589,-0.5372349119678006,4.532008498599823e-19,mid,3.4662237294853816e-17,7.426979593669298e-19,1098,1099,-159.6510322572007
590,-0.43792685823451905,5.295043036626282e-19,mid,3.6316874139673066e-17,6.761837598945306e-19,1099,1100,-160.1397277738042
591,-0.33579670259821626,6.053510618787022e-19,mid,3.8808163146159037e-17,6.03816249348669e-19,1100,1101,-160.52688597366975
592,-0.2316776006668846,6.761340040204147e-19,mid,4.181758707972511e-17,5.290101535757593e-19,1101,1102,-160.81132117900063
593,-0.12299298021655147,7.383645616152749e-19,mid,4.503760119036685e-17,4.570189549521078e-19,1102,1103,-160.99024117500352
594,-0.01306331381823611,7.893743167088595e-19,mid,4.8208413688435194e-17,3.9655840778217045e-19,1103,1104,-161.05730713943373
595,0.07236148634281392,8.273415013119892e-19,mid,5.11225535467501e-17,3.6035573105558087e-19,1104,1105,-161.01636780264
596,0.0964956549088356,8.512834081899391e-19,mid,5.3615588884357805e-17,3.6008825934888917e-19,1105,1106,-160.9125841667481
597,0.059419584083116206,8.608028386882001e-19,mid,5.555650133353046e-17,3.9619778602407275e-19,1106,1107,-160.82337649282232
598,-0.00043022909665069164,8.557231028314213e-19,mid,5.68445047578476e-17,4.575041499016498e-19,1107,1108,-160.79374499858187
599,-0.05445133270765723,8.35950020473221e-19,mid,5.741244518021634e-17,5.312677616537651e-19,1108,1109,-160.82423695101562
600,-0.09819956870175872,8.017091990455685e-19,mid,5.72320160415202e-17,6.085369183161602e-19,1109,1110,-160.9026476639972
601,-0.13661482034740402,7.539190757783673e-19,mid,5.63154689251163e-17,6.836225563848562e-19,1110,1111,-161.02063608841914
602,-0.17520685067336217,6.943378793009472e-19,mid,5.4712298412889535e-17,7.524417941803516e-19,1111,1112,-161.175877304692
603,-0.21894909015350095,6.25424444051284e-19,mid,5.2503951652146825e-17,8.115805741517157e-19,1112,1113,-161.37104978976586
604,-0.27355999211857807,5.502217227311249e-19,mid,4.980121403606036e-17,8.581453283036705e-19,1113,1114,-161.613775484999
605,-0.3467242566431423,4.726181510850538e-19,mid,4.674706428883183e-17,8.899857373543838e-19,1114,1115,-161.91816977400302
606,-0.44694286787108695,3.981544710499628e-19,mid,4.35245744488661e-17,9.059062278492094e-19,1115,1116,-162.30722399828528
607,-0.5730697418540274,3.353913476756754e-19,mid,4.0366232635164996e-17,9.057011022786723e-19,1116,1117,-162.8120555097452
608,-0.6899748661702176,2.968856331552396e-19,mid,3.7556794880588933e-17,8.90006618989449e-19,1117,1118,-163.45336348199334
609,-0.7361316076709983,2.9504050824104786e-19,mid,3.541524330340142e-17,8.600172451768034e-19,1118,1119,-164.19200524208563
610,-0.6937140870162892,3.309160205611042e-19,mid,3.4238847137415857e-17,8.171634527180496e-19,1119,1120,-164.92562669733533
611,-0.6021263840904965,3.9291511735026556e-19,mid,3.421276879417522e-17,7.629243922892863e-19,1120,1121,-165.5794334161182
612,-0.49593546492073415,4.677991781595903e-19,mid,3.533582918645001e-17,6.98952373434279e-19,1121,1122,-166.12987946551632
613,-0.38617404754540985,5.461616677620385e-19,mid,3.742540662115642e-17,6.275512967978347e-19,1122,1123,-166.57130434595967
614,-0.27510881278955424,6.220334426742063e-19,mid,4.019483151746903e-17,5.523720345036656e-19,1123,1124,-166.90222756060714
615,-0.16237970586212214,6.916017150456123e-19,mid,4.3336424683452313e-17,4.79136377411359e-19,1124,1125,-167.12152197153878
616,-0.051062911129307054,7.521953930262162e-19,mid,4.656814606313213e-17,4.1624808196630767e-19,1125,1126,-167.2269869723314
617,0.04084623583220548,8.01606736960857e-19,mid,4.96489090753532e-17,3.7467069105347703e-19,1126,1127,-167.2236477937974
618,0.08324943156300435,8.378568952067967e-19,mid,5.2381054953122497e-17,3.648396533146384e-19,1127,1128,-167.14529450066698
619,0.06671743246995732,8.5936361345308e-19,mid,5.461018325185365e-17,3.898705124359299e-19,1128,1129,-167.0571489306714
620,0.016866258200963102,8.652157699781201e-19,mid,5.622416580917578e-17,4.429835648710176e-19,1129,1130,-167.01185963572706
621,-0.0365866745884631,8.552629946309691e-19,mid,5.71506818301789e-17,5.13316134669071e-19,1130,1131,-167.02341641426946
622,-0.08203556916228649,8.300127363615017e-19,mid,5.735338610184433e-17,5.912083939134402e-19,1131,1132,-167.085032984904
623,-0.12009877468963737,7.905379761146991e-19,mid,5.682776531862629e-17,6.692209702330385e-19,1132,1133,-167.18748755259404
624,-0.15495524105450897,7.384819076839247e-19,mid,5.559806244359443e-17,7.416076251508737e-19,1133,1134,-167.32523053428326
625,-0.19143600382217585,6.760162409994845e-19,mid,5.371676532239456e-17,8.039517051366349e-19,1134,1135,-167.49739803470305
626,-0.23495474781501002,6.056577561120723e-19,mid,5.1267799453198396e-17,8.531670974406635e-19,1135,1136,-167.70810254192762
627,-0.2922597651731138,5.30169600899305e-19,mid,4.8373072612308407e-17,8.875671628228546e-19,1136,1137,-167.96730753033307
628,-0.37206671583581397,4.52984023104005e-19,mid,4.5199953102547135e-17,9.06676430496486e-19,1137,1138,-168.29262207227384
629,-0.48287041153947996,3.794655978373107e-19,mid,4.1966204447548924e-17,9.107204974251625e-19,1138,1139,-168.7114409620047
630,-0.618340096297544,3.189360958703437e-19,mid,3.8938923228115054e-17,9.000708828138948e-19,1139,1140,-169.2583628953528
631,-0.729176323777665,2.856118453494065e-19,mid,3.642232080734105e-17,8.750233397197737e-19,1140,1141,-169.9481211545998
632,-0.7485840997415636,2.918834304808423e-19,mid,3.4724020729959543e-17,8.360392646099585e-19,1141,1142,-170.71671554290813
633,-0.6756725814942399,3.354267195065421e-19,mid,3.408999235236653e-17,7.8421896456097205e-19,1142,1143,-171.44528935408292
634,-0.5631760889312147,4.0236127882103415e-19,mid,3.462341981454783e-17,7.216374707069023e-19,1143,1144,-172.0680607058966
635,-0.4440640933787279,4.798979948044982e-19,mid,3.624072414393498e-17,6.513638432729403e-19,1144,1145,-172.57164153194535
636,-0.3261687642848017,5.596813557413201e-19,mid,3.8704563270227453e-17,5.773262825077985e-19,1145,1146,-172.95618889265407
637,-0.2101245723830658,6.362558862361896e-19,mid,4.1705328840555334e-17,5.044171825799381e-19,1146,1147,-173.22397906051495
638,-0.09629205285686737,7.057278520541714e-19,mid,4.4933727346221105e-17,4.391856033443518e-19,1147,1148,-173.3764380374202
639,0.0054034897637933454,7.651127368690148e-19,mid,4.8119766349127514e-17,3.9087235262097102e-19,1148,1149,-173.41656316622868
640,0.06804756191063177,8.120357224248879e-19,mid,5.104526536589483e-17,3.706990385019124e-19,1149,1150,-173.3656310578926
641,0.07050554847701562,8.446790888685282e-19,mid,5.354270760134046e-17,3.860198351316638e-19,1150,1151,-173.28046804240742
642,0.02810069797718029,8.619438054548542e-19,mid,5.5488145702455674e-17,4.335225195235861e-19,1151,1152,-173.22461996093858
643,-0.02499232422350417,8.636219856525753e-19,mid,5.679242750586861e-17,5.018342290026322e-19,1152,1153,-173.22426664645306
644,-0.06988133358753146,8.502945451000372e-19,mid,5.739458978830446e-17,5.790032686820431e-19,1153,1154,-173.2746046093856
645,-0.10517377927725136,8.229179090366074e-19,mid,5.726069890400858e-17,6.560713299981539e-19,1154,1155,-173.36402931362812
646,-0.13577805194722714,7.824269411427409e-19,mid,5.638843461623834e-17,7.273423069239614e-19,1155,1156,-173.4849521679401
647,-0.16716878490143472,7.297204751243459e-19,mid,5.4813686066797217e-17,7.895826029837326e-19,1156,1157,-173.63558541752258
648,-0.20415808732462892,6.660328208869313e-19,mid,5.261405199116553e-17,8.409097656003196e-19,1157,1158,-173.81928973774296
649,-0.25138036366806205,5.933560895293907e-19,mid,4.990721445811572e-17,8.798154943443585e-19,1158,1159,-174.04390159217184
650,-0.31463564615968664,5.146851024683489e-19,mid,4.6847142909546275e-17,9.047484840874213e-19,1159,1160,-174.3220504650791
651,-0.40235158323605447,4.343190959268078e-19,mid,4.362339509752177e-17,9.143322024038326e-19,1160,1161,-174.6731728844912
652,-0.5231542726681369,3.5883483114397115e-19,mid,4.046588226377671e-17,9.078673806757326e-19,1161,1162,-175.1267536315512
653,-0.6654920868918879,2.991464598129348e-19,mid,3.7649864399732804e-17,8.85663959515499e-19,1162,1163,-175.71948142982748
654,-0.7642329505951864,2.7127170772074053e-19,mid,3.548571343371084e-17,8.489933672022018e-19,1163,1164,-176.45773780533497
655,-0.7506108850830344,2.8687515642613543e-19,mid,3.4271840412979385e-17,7.997687671292622e-19,1164,1165,-177.24794733101785
656,-0.6462956684520833,3.395227690144659e-19,mid,3.4206117314524455e-17,7.402068994677156e-19,1165,1166,-177.95895957550104
657,-0.51639552922353,4.1306655644114505e-19,mid,3.530157667834827e-17,6.726999200482132e-19,1166,1167,-178.54053866792202
658,-0.3886043014700107,4.947710127461421e-19,mid,3.737880910749288e-17,6.000573772621026e-19,1167,1168,-178.9917506339481
659,-0.2643019040132515,5.766085889428049e-19,mid,4.014310918425975e-17,5.2622601972205405e-19,1168,1169,-179.31774727086204
660,-0.1414897408753717,6.532715769096845e-19,mid,4.327832952883296e-17,4.574808539455302e-19,1169,1170,-179.5203544419746
661,-0.02815815817878331,7.211121716243004e-19,mid,4.650235258794706e-17,4.035699237988144e-19,1170,1171,-179.6007267526128
662,0.04891274164192794,7.777507875241541e-19,mid,4.958159077783379e-17,3.766485101719956e-19,1171,1172,-179.57667075833217
663,0.06555245822298161,8.217050486453704e-19,mid,5.232564418603136e-17,3.848238333019454e-19,1172,1173,-179.50290126932893
664,0.033645284805842834,8.519062842288734e-19,mid,5.458003665455107e-17,4.250900301294136e-19,1173,1174,-179.4455658418862
665,-0.01333681315979618,8.673810703113119e-19,mid,5.622457966177187e-17,4.866256005432513e-19,1174,1175,-179.43561069971724
666,-0.05559246725759692,8.673318729884211e-19,mid,5.717631345515788e-17,5.5884959463237585e-19,1175,1176,-179.4722394682058
667,-0.0904421124062651,8.514760000581725e-19,mid,5.739218656400494e-17,6.342520984094181e-19,1176,1177,-179.54679563423244
668,-0.12097902094942015,8.2027157103553845e-19,mid,5.686803393233665e-17,7.07496229869086e-19,1177,1178,-179.65312369301833
669,-0.15061226095390623,7.74854462148477e-19,mid,5.563432634703008e-17,7.7427992682828415e-19,1178,1179,-179.78875367613128
670,-0.18252284839208244,7.16864275353708e-19,mid,5.3751826161770964e-17,8.309462511881395e-19,1179,1180,-179.95434821492614
671,-0.22042922074207638,6.484013566111899e-19,mid,5.131016155428954e-17,8.745913726696062e-19,1180,1181,-180.15379937291544
672,-0.2694386631817167,5.721228987044068e-19,mid,4.8430667309639484e-17,9.032569245917638e-19,1181,1182,-180.3952066564103
673,-0.3369460151480723,4.913863309891622e-19,mid,4.5273209458577873e-17,9.160071641893706e-19,1182,1183,-180.69267669927888
674,-0.4331712387637481,4.1064641354223187e-19,mid,4.204504353762587e-17,9.12862487505534e-19,1183,1184,-181.06909868670644
675,-0.5661273416559851,3.3677306729320246e-19,mid,3.9006752003668647e-17,8.94589757516431e-19,1184,1185,-181.55901917680637
676,-0.7130312172549509,2.817388475068146e-19,mid,3.6465052098764964e-17,8.623801284519971e-19,1185,1186,-182.2013533700184
677,-0.7899637222962497,2.6283914097724796e-19,mid,3.4737053086051274e-17,8.175584820854611e-19,1186,1187,-182.98508161131628
678,-0.7371255114700404,2.893592915963434e-19,mid,3.4076722602406615e-17,7.615429578958518e-19,1187,1188,-183.7812808146109
679,-0.603544905555367,3.5017547976215774e-19,mid,3.4587373326833326e-17,6.961691169231496e-19,1188,1189,-184.45933263425636
680,-0.4583586930759793,4.2792443233532733e-19,mid,3.618112216864952e-17,6.242682435198026e-19,1189,1190,-184.98837062572164
681,-0.321089389961557,5.108674062656688e-19,mid,3.8620239511624354e-17,5.502564899216782e-19,1190,1191,-185.37605002040831
682,-0.19123967587226787,5.92294222689217e-19,mid,4.160099846741041e-17,4.805782705631088e-19,1191,1192,-185.63054940564476
683,-0.07288372240553542,6.679659701641278e-19,mid,4.482124069296584e-17,4.239220722041815e-19,1192,1193,-185.75852937215285
684,0.016083630491721124,7.347112592126962e-19,mid,4.801349746032672e-17,3.904968134680315e-19,1193,1194,-185.77631685045583
685,0.05342373713359905,7.899678932360567e-19,mid,5.0955463132269665e-17,3.8851595912234804e-19,1194,1195,-185.7263621111694
686,0.039215738794311505,8.317421794295737e-19,mid,5.3471120685618825e-17,4.187731268904421e-19,1195,1196,-185.66946937618863
687,-0.001393032847644804,8.586042699791338e-19,mid,5.542870059479059e-17,4.740936787887431e-19,1196,1197,-185.64793063358078
688,-0.0445072176107999,8.696472565978658e-19,mid,5.673722800711172e-17,5.444819330762979e-19,1197,1198,-185.67225544188392
689,-0.08092224291668515,8.645452955872443e-19,mid,5.73420579294217e-17,6.209811770733458e-19,1198,1199,-185.73694506880238
690,-0.11064693383272584,8.437251061475882e-19,mid,5.722001815774006e-17,6.96441079954744e-19,1199,1200,-185.8340999277173
691,-0.13665921328779973,8.084078162703272e-19,mid,5.637579321260365e-17,7.652878316272567e-19,1200,1201,-185.95823893646784
692,-0.16270054038794513,7.603118440761679e-19,mid,5.4841786867038014e-17,8.23442652347152e-19,1201,1202,-186.1074183542929
693,-0.19295163579946006,7.011852246092861e-19,mid,5.268243977196593e-17,8.683896713435028e-19,1202,1203,-186.28364001724373
694,-0.23214897657877032,6.326099861730764e-19,mid,5.000115269981849e-17,8.990360248070798e-19,1203,1204,-186.4933216258918
695,-0.2858876398077115,5.563437381784718e-19,mid,4.6946110375661986e-17,9.151864282031141e-19,1204,1205,-186.74793797040127
696,-0.3613720453228524,4.750719486524508e-19,mid,4.371246611822959e-17,9.16870419258926e-19,1205,1206,-187.06509690550723
697,-0.4680880843758928,3.9340107684023793e-19,mid,4.054106784838026e-17,9.039805917886922e-19,1206,1207,-187.47068206104697
698,-0.6110422573975143,3.194462370741865e-19,mid,3.7713539662132505e-17,8.764615365236797e-19,1207,1208,-188.00127307425902
699,-0.754349533740637,2.673943625088339e-19,mid,3.5536523798382045e-17,8.348473670684953e-19,1208,1209,-188.692766575842
700,-0.800247506055598,2.559009988139315e-19,mid,3.429903765731232e-17,7.807041326499418e-19,1209,1210,-189.5099721417403
701,-0.7068801953527242,2.9105047678428037e-19,mid,3.4195674753407106e-17,7.166828910915396e-19,1210,1211,-190.2932615879532
702,-0.5485944852811855,3.580190615069158e-19,mid,3.524940994071676e-17,6.462629659004083e-19,1211,1212,-190.92373253244574
703,-0.3930289263341109,4.3950347109594035e-19,mid,3.7296944315723745e-17,5.735595880875901e-19,1212,1213,-191.39045055851557
704,-0.25204764084531917,5.247005026603953e-19,mid,4.00522008377295e-17,5.036103346317793e-19,1213,1214,-191.70979038511396
705,-0.1242414911232288,6.072611186933463e-19,mid,4.3194430622838345e-17,4.432927282094292e-19,1214,1215,-191.8945458402062
706,-0.01977427369864415,6.828719919443247e-19,mid,4.642936848384004e-17,4.0215987997926953e-19,1215,1216,-191.95827336736042
707,0.037829820964660144,7.4817861729905205e-19,mid,4.951431347199531e-17,3.9060267945304884e-19,1216,1217,-191.9340943876035
708,0.03822050269961608,8.006151305902502e-19,mid,5.2259895718064544e-17,4.132835493888815e-19,1217,1218,-191.8826137254311
709,0.0029168910913028867,8.385952961332308e-19,mid,5.452134681115644e-17,4.644804559960632e-19,1218,1219,-191.85765338220426
710,-0.038322757701820365,8.615359881552394e-19,mid,5.618807964499096e-17,5.325874550052873e-19,1219,1220,-191.8767799432485
711,-0.07204726003757855,8.694868057944283e-19,mid,5.717767302755024e-17,6.068077872506731e-19,1220,1221,-191.9342988976079
712,-0.09839523343684675,8.626165805875894e-19,mid,5.743687323181832e-17,6.797136999833759e-19,1221,1222,-192.02087446332365
713,-0.12160505360407114,8.409989167084024e-19,mid,5.694740044840093e-17,7.469387324333625e-19,1222,1223,-192.1310893644816
714,-0.14563024472026598,8.048382103799237e-19,mid,5.573109786537565e-17,8.059258039117059e-19,1223,1224,-192.2640845705318
715,-0.1733256918579542,7.548436718826799e-19,mid,5.3850179099155236e-17,8.546828329977164e-19,1224,1225,-192.42234985392213
716,-0.20708885251787024,6.923985613489831e-19,mid,5.1403059789709144e-17,8.911420096020961e-19,1225,1226,-192.6107359542477
717,-0.2500521847155994,6.195101782167032e-19,mid,4.852030775364155e-17,9.132906835634508e-19,1226,1227,-192.83652755895787
718,-0.3073921413144092,5.388186143478881e-19,mid,4.5365409773355336e-17,9.19725588982901e-19,1227,1228,-193.1108403236789
719,-0.38759193431322103,4.539225421597737e-19,mid,4.2141558654628666e-17,9.100944441568442e-19,1228,1229,-193.4513118415867
720,-0.5025717492167274,3.7024271937938707e-19,mid,3.910025270480116e-17,8.851304263243902e-19,1229,1230,-193.88602419230534
721,-0.6558471087459452,2.9699979965778587e-19,mid,3.6540540577133115e-17,8.463540412277503e-19,1230,1231,-194.45645534002014
722,-0.7924797795012779,2.504122545157686e-19,mid,3.478024791043207e-17,7.957005620431214e-19,1231,1232,-195.19771840979723
723,-0.7998468656662823,2.4986371667187364e-19,mid,3.4083796546001323e-17,7.353007075084415e-19,1232,1233,-196.0414148990227
724,-0.6650101748624309,2.9637563673091043e-19,mid,3.456640428532644e-17,6.675543470653988e-19,1233,1234,-196.7974121411298
725,-0.48720293015368554,3.70999941381291e-19,mid,3.6142993401720515e-17,5.955796658019895e-19,1234,1235,-197.37143524874756
726,-0.323422090557969,4.56535837565609e-19,mid,3.8569655876785084e-17,5.240487702114e-19,1235,1236,-197.77181800143717
727,-0.1783108769717785,5.429172573461026e-19,mid,4.1537237735514125e-17,4.6020774271952185e-19,1236,1237,-198.0182794298635
728,-0.05894712151368253,6.244576454809989e-19,mid,4.474551638317445e-17,4.142013374615839e-19,1237,1238,-198.12843975538073
729,0.01388539622568885,6.97776473255663e-19,mid,4.793383023318926e-17,3.9653250005121625e-19,1238,1239,-198.13617367289086
730,0.02965058034092749,7.60597511644162e-19,mid,5.088458285004342e-17,4.1175260356365093e-19,1239,1240,-198.10066896292935
731,0.006456225982773844,8.110534684782095e-19,mid,5.341995301125991e-17,4.549377632641924e-19,1240,1241,-198.076872512209
732,-0.028425539505363417,8.474891244236662e-19,mid,5.540086352858341e-17,5.163567382190494e-19,1241,1242,-198.0877565109638
733,-0.06083578695991321,8.686251112755902e-19,mid,5.672800676901144e-17,5.871098498827266e-19,1242,1243,-198.13372359121973
734,-0.0884038240809133,8.737490210388404e-19,mid,5.734185125872028e-17,6.6048511640850395e-19,1243,1244,-198.20942808488363
735,-0.11265654114245649,8.627265525621988e-19,mid,5.722017565332593e-17,7.312243416707763e-19,1244,1245,-198.31053123938156
736,-0.13559771225857276,8.359385696685645e-19,mid,5.637411609060125e-17,7.949286825847904e-19,1245,1246,-198.43474116716854
737,-0.15928052281741145,7.943261805792487e-19,mid,5.484471124689047e-17,8.479818824685282e-19,1246,1247,-198.5817266638987
738,-0.18616604510334867,7.394758640447066e-19,mid,5.2701689805434745e-17,8.876865766826306e-19,1247,1248,-198.75330221280336
739,-0.21956518041788797,6.735079022649874e-19,mid,5.004572015777777e-17,9.123757975598032e-19,1248,1249,-198.9540587541054
740,-0.26409103417988433,5.987613039004915e-19,mid,4.7014479490342514e-17,9.21426809419467e-19,1249,1250,-199.19243257363914
741,-0.3262027518769628,5.17653846557524e-19,mid,4.3791132055302934e-17,9.151279068056933e-19,1250,1251,-199.48224082246517
742,-0.4150030658165349,4.3320256956413393e-19,mid,4.061127561555481e-17,8.94363975162406e-19,1251,1252,-199.84483807739306
743,-0.5418052943006018,3.5055862131247775e-19,mid,3.776143652277472e-17,8.602326961848195e-19,1252,1253,-200.31224695409824
744,-0.7025549477509827,2.7999065389560913e-19,mid,3.555843111255332e-17,8.13854528284642e-19,1253,1254,-200.92844866599427
745,-0.8183818231797915,2.4034671078453623e-19,mid,3.4297419739933434e-17,7.565778877106153e-19,1254,1255,-201.7173568496002
746,-0.7761112880746595,2.5064690259831685e-19,mid,3.4170712425496997e-17,6.905140911606575e-19,1255,1256,-202.56521231235385
747,-0.6026156578411985,3.056585367955324e-19,mid,3.519643488758773e-17,6.191121035987774e-19,1256,1257,-203.26957942574953
748,-0.41122193579516875,3.8421581200174577e-19,mid,3.7212819230988754e-17,5.475177843810522e-19,1257,1258,-203.77044362803625
749,-0.24620581970300748,4.709348077890619e-19,mid,3.99426135491967e-17,4.826923681437737e-19,1258,1259,-204.09202329733986
750,-0.11231672526781722,5.574020192687064e-19,mid,4.307414009602389e-17,4.3326130201253453e-19,1259,1260,-204.26285526744226
751,-0.02099503241173295,6.38629064579914e-19,mid,4.6315466886148894e-17,4.083047722913899e-19,1260,1261,-204.3166567478755
752,0.016150676416202714,7.112139826515038e-19,mid,4.941778946618368e-17,4.1380648726260907e-19,1261,1262,-204.30484533226573
753,0.007256888708013776,7.725390476443911e-19,mid,5.21812219514669e-17,4.487297754727223e-19,1262,1263,-204.2843553950431
754,-0.02360452813704228,8.204167885495585e-19,mid,5.44533244989684e-17,5.057566990518181e-19,1263,1264,-204.2903315548497
755,-0.056794654836366476,8.53109583816696e-19,mid,5.612458591278208e-17,5.755728996612811e-19,1264,1265,-204.33156445131718
756,-0.08459193916488061,8.696407715306163e-19,mid,5.712218279746073e-17,6.4971745926054805e-19,1265,1266,-204.40392086452243
757,-0.10657596169011185,8.700446659895928e-19,mid,5.740362530989011e-17,7.213277153241549e-19,1266,1267,-204.50074832964694
758,-0.12513309515972537,8.551869997059336e-19,mid,5.695316059650643e-17,7.852536275335731e-19,1267,1268,-204.61707278790266
759,-0.14358916927429277,8.262018234591096e-19,mid,5.578331017773407e-17,8.381444243645409e-19,1268,1269,-204.7510145199664
760,-0.16545826828189547,7.840110913021039e-19,mid,5.394082234804424e-17,8.783210399892064e-19,1269,1270,-204.90425112645124
761,-0.19399235136366144,7.293277375087154e-19,mid,5.1513046807117747e-17,9.052113975879522e-19,1270,1271,-205.08193105653018
762,-0.23209763452605614,6.630753234103878e-19,mid,4.8630709345130074e-17,9.185439416227467e-19,1271,1272,-205.29223582917857
763,-0.2829151896881683,5.868399983799263e-19,mid,4.54667305928576e-17,9.17821867288058e-19,1272,1273,-205.5461263255823
764,-0.3511909163456721,5.031506438097129e-19,mid,4.223448827298577e-17,9.024357013665655e-19,1273,1274,-205.8580662085549
765,-0.4453455911341848,4.158610094203352e-19,mid,3.918809049467295e-17,8.722619956956566e-19,1274,1275,-206.24850815827364
766,-0.577668868610175,3.313603083659389e-19,mid,3.6619640353943117e-17,8.282410994777802e-19,1275,1276,-206.74875739082327
767,-0.7392614438950176,2.6172291534252005e-19,mid,3.483692850146156e-17,7.725228934121139e-19,1276,1277,-207.403845895494
768,-0.8285746478273381,2.283628321260815e-19,mid,3.410235602468493e-17,7.081730929221577e-19,1277,1278,-208.2272802786133
769,-0.7374597260858025,2.4912539987352585e-19,mid,3.4542603613342164e-17,6.3879142859076225e-19,1278,1279,-209.06099519114866
770,-0.533085303798245,3.127510774448453e-19,mid,3.6089108634114686e-17,5.6848393281725295e-19,1279,1280,-209.7021997307849
771,-0.3361022873502435,3.966102552242487e-19,mid,3.850509110338876e-17,5.024615638930708e-19,1280,1281,-210.12716579874515
772,-0.17704705981572033,4.864067668220745e-19,mid,4.147484315850821e-17,4.480928505914375e-19,1281,1282,-210.3744043054854
773,-0.061850635214412364,5.742082149903972e-19,mid,4.4686461045832235e-17,4.15150278571248e-19,1282,1283,-210.4812599183766
774,-0.003765814337512552,6.549545366613159e-19,mid,4.7873632922572974e-17,4.125603416239949e-19,1283,1284,-210.49810557591422
775,-8.728959414838755e-05,7.252754831788271e-19,mid,5.082327110710261e-17,4.418663544971504e-19,1284,1285,-210.48879154705162
776,-0.02493205332798709,7.831543220940984e-19,mid,5.336712730811877e-17,4.953895153053138e-19,1285,1286,-210.49828015510252
777,-0.05358795523264348,8.275185175006622e-19,mid,5.537158186566591e-17,5.620076087426283e-19,1286,1287,-210.5386556537076
778,-0.07700682048030671,8.576721295116162e-19,mid,5.673325677723896e-17,6.325893708672677e-19,1287,1288,-210.6054560655678
779,-0.09601621666469384,8.729240080195675e-19,mid,5.738145159534753e-17,7.01348042335314e-19,1288,1289,-210.6926692946682
780,-0.11370837150933255,8.726389116801791e-19,mid,5.728321749011821e-17,7.648868906340666e-19,1289,1290,-210.7974884988972
781,-0.13244565992270907,8.565323879284738e-19,mid,5.644576026720607e-17,8.207531425146205e-19,1290,1291,-210.92008603768687
782,-0.15364751895414486,8.248686659540103e-19,mid,5.4914096218834414e-17,8.664987133400419e-19,1291,1292,-211.0623798187426
783,-0.1785477495867127,7.784609538875506e-19,mid,5.276626722936715e-17,8.996096265442814e-19,1292,1293,-211.22738107559516
784,-0.20900816569206881,7.186415327531681e-19,mid,5.0110341565795007e-17,9.18033318155847e-19,1293,1294,-211.41947531791604
785,-0.2480471118830394,6.473136878535752e-19,mid,4.7086183137788866e-17,9.207197763489207e-19,1294,1295,-211.6453974069793
786,-0.30016769469861515,5.669903809948273e-19,mid,4.387228193861304e-17,9.077765701267755e-19,1295,1296,-211.91556954168212
787,-0.37187914726276006,4.807849590935295e-19,mid,4.069494033068455e-17,8.802408628898848e-19,1296,1297,-212.24573279637653
788,-0.4730446742999419,3.927357739398093e-19,mid,3.783276455540471e-17,8.397088350143947e-19,1297,1298,-212.65932783620764
789,-0.6159451401866818,3.094213413022818e-19,mid,3.5602520631448726e-17,7.880489649843975e-19,1298,1299,-213.1918221449764
790,-0.7780400909801131,2.4428982287823576e-19,mid,3.4308291210009174e-17,7.27335107482815e-19,1299,1300,-213.891218116581
791,-0.8285492142400557,2.2135161674383103e-19,mid,3.4152917063370354e-17,6.600878177189121e-19,1300,1301,-214.74790232693664
792,-0.68200412802382,2.549528687468623e-19,mid,3.515746869837051e-17,5.89860877675442e-19,1301,1302,-215.5483165450611
793,-0.451768897911208,3.2680082301212387e-19,mid,3.715565254585849e-17,5.220717896326927e-19,1302,1303,-216.11191058298428
794,-0.2549748347720282,4.1389517035662297e-19,mid,3.986674046018756e-17,4.646589175055188e-19,1303,1304,-216.45185434088353
795,-0.11429474667551176,5.037458236024717e-19,mid,4.298191028756117e-17,4.27467676397677e-19,1304,1305,-216.62186025252834
796,-0.03522609524375753,5.900672589357672e-19,mid,4.621561163263367e-17,4.1877825294461882e-19,1305,1306,-216.68044383423455
797,-0.012686716365521988,6.690691217698974e-19,mid,4.932302839950998e-17,4.4020021410188105e-19,1306,1307,-216.69231244301585
798,-0.024313442202355873,7.379770296447318e-19,mid,5.2102533120896695e-17,4.859146464476374e-19,1307,1308,-216.7058172669656
799,-0.04732854888742111,7.946069885993679e-19,mid,5.439501467708364e-17,5.472641408623638e-19,1308,1309,-216.74093932742056
800,-0.07058104880351834,8.372645778227919e-19,mid,5.608297303845529e-17,6.164686313267867e-19,1309,1310,-216.80047436474044
801,-0.09136793352585926,8.646515573287632e-19,mid,5.70888118150691e-17,6.872856461843569e-19,1310,1311,-216.8821014250276
802,-0.10993512728585131,8.75836065017591e-19,mid,5.737187557884337e-17,7.545691381796411e-19,1311,1312,-216.98321023179216
803,-0.12718196640227575,8.70437567592346e-19,mid,5.692461927625512e-17,8.140208138840367e-19,1312,1313,-217.1019716795993
804,-0.1443339641554502,8.48906035682016e-19,mid,5.576902185535642e-17,8.62238316032781e-19,1313,1314,-217.2375741645967
805,-0.16320863670121355,8.125316260228026e-19,mid,5.395505317570301e-17,8.96855949876067e-19,1314,1315,-217.3906396079102
806,-0.18646563474466404,7.630244888199196e-19,mid,5.156298807926185e-17,9.166401741094593e-19,1315,1316,-217.56399143799914
807,-0.21756532097288073,7.01979413701551e-19,mid,4.8709740333438086e-17,9.214279139889162e-19,1316,1317,-217.76357087739953
808,-0.260416455736717,6.307204283747608e-19,mid,4.5556860753390766e-17,9.118143703886843e-19,1317,1318,-217.9991220799449
809,-0.3190551122798837,5.507039709107168e-19,mid,4.2316386574383573e-17,8.886719189097057e-19,1318,1319,-218.28440378887296
810,-0.39814593187219316,4.64265136461084e-19,mid,3.925079535637376e-17,8.528082004326238e-19,1319,1320,-218.63723230450466
811,-0.5054384894128958,3.7558424027323077e-19,mid,3.6662161075740034e-17,8.050619165735902e-19,1320,1321,-219.08069565261735
812,-0.6510113255981054,2.925719383016465e-19,mid,3.486086614534501e-17,7.468310643453571e-19,1321,1322,-219.64810928333046
813,-0.7971912455420096,2.3133046040766104e-19,mid,3.4103424508046287e-17,6.807077177934885e-19,1322,1323,-220.38271830381356
814,-0.7976630753722418,2.1775274055112e-19,mid,3.4511145540249976e-17,6.108545515416945e-19,1323,1324,-221.24249177441448
815,-0.6049234588401617,2.607522801774102e-19,mid,3.602004050284014e-17,5.430212274389023e-19,1324,1325,-221.97804445455805
816,-0.36714852757496885,3.375871707966755e-19,mid,3.84061668137256e-17,4.843653589630376e-19,1325,1326,-222.4523386920948
817,-0.18819044407537433,4.26885047819675e-19,mid,4.136445904723946e-17,4.430444225855373e-19,1326,1327,-222.71234150970798
818,-0.07883955535750431,5.177798552298552e-19,mid,4.4583462024809494e-17,4.2674093430324394e-19,1327,1328,-222.82871958024555
819,-0.03268376695221775,6.044941974675953e-19,mid,4.778754122552531e-17,4.394133950249584e-19,1328,1329,-222.870020620423
820,-0.03156390516529939,6.830838729966653e-19,mid,5.075187292920327e-17,4.786602706694825e-19,1329,1330,-222.89408711414998
821,-0.0509368398262211,7.503575817389532e-19,mid,5.330294323239852e-17,5.370615141141732e-19,1330,1331,-222.9331484307536
822,-0.07339304989523043,8.038800980923858e-19,mid,5.5312331778216663e-17,6.057005838484932e-19,1331,1332,-222.99596079380242
823,-0.09198108225950818,8.422895544732239e-19,mid,5.668794972464146e-17,6.764944460279879e-19,1332,1333,-223.07993453054405
824,-0.10616383612648406,8.653037235089538e-19,mid,5.736666261301083e-17,7.430928962141072e-19,1333,1334,-223.17992295832144
825,-0.11817072873569145,8.732382323771945e-19,mid,5.731203814166299e-17,8.0119739965699e-19,1334,1335,-223.29226220279702
826,-0.1310326230090766,8.66403836228931e-19,mid,5.651817330899377e-17,8.484933761637429e-19,1335,1336,-223.41626441579282
827,-0.14746000254672254,8.448700893700452e-19,mid,5.5016310892712456e-17,8.840583827081508e-19,1336,1337,-223.55432744881517
828,-0.16930817231269657,8.086959879079801e-19,mid,5.287904971115433e-17,9.07416189081396e-19,1337,1338,-223.71118442088627
829,-0.19774425561965359,7.583122879016288e-19,mid,5.02195476765976e-17,9.178052716119218e-19,1338,1339,-223.89294379344057
830,-0.23398798532846854,6.947393995392536e-19,mid,4.718801124539622e-17,9.141499978802863e-19,1339,1340,-224.10667293212558
831,-0.28014963451921915,6.196372450676398e-19,mid,4.397047294716199e-17,8.956750427938173e-19,1340,1341,-224.3609197640975
832,-0.33976634123584404,5.353832269006561e-19,mid,4.0792689317231206e-17,8.626233552192206e-19,1341,1342,-224.66697220116401
833,-0.41847912130249654,4.45336499104052e-19,mid,3.792516453600629e-17,8.165470400109684e-19,1342,1343,-225.0404524465692
834,-0.5266256350197125,3.545482513334661e-19,mid,3.567542424905136e-17,7.600560949864978e-19,1343,1344,-225.503930443769
835,-1.860824732153219,2.7195596152368027e-19,mid,3.4346227237354944e-17,6.963392255721989e-19,1344,1345,-226.09370371660862
836,-1.6171606356766972,7.1955283041823295e-19,mid,5.07878209242224e-17,5.695295607048613e-19,1375,1376,-229.22557990807545
837,-0.11111146667614946,7.615359350521385e-19,mid,5.188273243712956e-17,6.375677441752294e-19,1376,1377,-229.328024987962
838,-0.12745317490484354,7.90958123003698e-19,mid,5.249159193893984e-17,7.045306438791337e-19,1377,1378,-229.44780284142774
839,-0.14296186358792795,8.070140074893852e-19,mid,5.2579116675326813e-17,7.670037082189201e-19,1378,1379,-229.5829313377717
840,-0.15928104821922773,8.090830396367221e-19,mid,5.214377820834574e-17,8.224454681270777e-19,1379,1380,-229.7337265686036
841,-0.17704238679117168,7.96859551704981e-19,mid,5.1215131085731887e-17,8.682901249831039e-19,1380,1381,-229.90149343421015
842,-0.19660919736389815,7.704038370941175e-19,mid,4.984849466187729e-17,9.019044234804775e-19,1381,1382,-230.08781134218594
843,-0.21875608900822385,7.302403032669781e-19,mid,4.812110769310344e-17,9.211555221220733e-19,1382,1383,-230.29471182893795
844,-0.24488795764317217,6.775277431011226e-19,mid,4.6132203451484816e-17,9.249893555460163e-19,1383,1384,-230.5253235202024
845,-0.2769289522711347,6.141071982502698e-19,mid,4.4006254204491834e-17,9.13563796817778e-19,1384,1385,-230.7844877442243
846,-0.3172794929421343,5.423012679844238e-19,mid,4.189580970054113e-17,8.879249090988723e-19,1385,1386,-231.07918142474466
847,-0.36943704953003476,4.6471996817023e-19,mid,3.997859636926836e-17,8.495429690597425e-19,1386,1387,-231.41904673010856
848,-0.44012589096945476,3.846504267020429e-19,mid,3.844326168012169e-17,8.000353827627539e-19,1387,1388,-231.81805552380473
849,-0.5405410213673747,3.076997986436584e-19,mid,3.746114915593901e-17,7.4122492461423205e-19,1388,1389,-232.29929851204747
850,-0.6603815290403361,2.453774159018327e-19,mid,3.714977335002305e-17,6.755201292775844e-19,1389,1390,-232.89913756653948
851,-0.7018076699927178,2.1813061840412495e-19,mid,3.754364620039093e-17,6.065277206559002e-19,1390,1391,-233.62006157012814
852,-0.5778264171596561,2.409965195517812e-19,mid,3.858844352364161e-17,5.39748789381995e-19,1391,1392,-234.30275290652492
853,-0.3711361058819165,3.0159024732455796e-19,mid,4.015993910597417e-17,4.8300461018793425e-19,1392,1393,-234.77571440444746
854,-0.20275206965813197,3.790324768003523e-19,mid,4.2093756700049515e-17,4.456845568694163e-19,1393,1394,-235.04502511828875
855,-0.1054295203717146,4.607027781592799e-19,mid,4.4211532681650307e-17,4.355760289738241e-19,1394,1395,-235.18121854376372
856,-0.06969856857239165,5.400072093734339e-19,mid,4.6338960501027705e-17,4.544242340489388e-19,1395,1396,-235.25588415903218
857,-0.07164507115210483,6.130415315577846e-19,mid,4.8317976730247706e-17,4.971567763451396e-19,1396,1397,-235.3206156809085
858,-0.08841649537521334,6.771853512168992e-19,mid,5.0015411083458173e-17,5.557573727846117e-19,1397,1398,-235.3991743013364
859,-0.10779605572574269,7.305171904204934e-19,mid,5.132833333249289e-17,6.226824030626064e-19,1398,1399,-235.49744867165893
860,-0.12582451809470285,7.714538116032116e-19,mid,5.2185716497752606e-17,6.916685895391744e-19,1399,1400,-235.61476641278787
861,-0.14191347742951166,7.986082714630854e-19,mid,5.2546840193898005e-17,7.574835588114723e-19,1400,1401,-235.74909770784834
862,-0.15646198111113563,8.109930521096473e-19,mid,5.239777518900489e-17,8.158129473949557e-19,1401,1402,-235.8985933676469
863,-0.1702733942385919,8.08399920265812e-19,mid,5.174784554192581e-17,8.63369845238413e-19,1402,1403,-236.0620216700706
864,-0.18462339244730686,7.91523847620916e-19,mid,5.0628153611143633e-17,8.979830405614626e-19,1403,1404,-236.23914015612408
865,-0.2013702291042847,7.615996607374652e-19,mid,4.909355674684531e-17,9.185477600284414e-19,1404,1405,-236.43126845496522
866,-0.2227422896018112,7.198251015327587e-19,mid,4.722742036137519e-17,9.248401476961946e-19,1405,1406,-236.64188061433265
867,-0.25072348698249414,6.670785175013043e-19,mid,4.514594161227024e-17,9.172086347636458e-19,1406,1407,-236.87675303416884
868,-0.2864117328381184,6.041535645389861e-19,mid,4.299786396744058e-17,8.962137647490638e-19,1407,1408,-237.14332758829764
869,-0.330102176932499,5.322897545768751e-19,mid,4.095700375309409e-17,8.62415919545293e-19,1408,1409,-237.44957649984508
870,-0.38298942680125947,4.536909337356969e-19,mid,3.92077335637842e-17,8.165210446361025e-19,1409,1410,-237.80353194216264
871,-0.45118738347414933,3.7212349979501457e-19,mid,3.7924919941720975e-17,7.598860283281328e-19,1410,1411,-238.2155553534476
872,-0.5477186546968369,2.9434983726863245e-19,mid,3.7249619358790285e-17,6.95117005511423e-19,1411,1412,-238.70590670911093
873,-0.6577075387546927,2.3363580823745486e-19,mid,3.726327153115499e-17,6.264182313953583e-19,1412,1413,-239.31099266284127
874,-0.6699503605744468,2.120923971680519e-19,mid,3.796790609467532e-17,5.595546518198989e-19,1413,1414,-240.02132178662032
875,-0.516219521116966,2.421951272332026e-19,mid,3.9282607015805077e-17,5.015688641801678e-19,1414,1415,-240.65089338399017
876,-0.31046447000849753,3.076256202431488e-19,mid,4.1060291126892825e-17,4.602950877376494e-19,1415,1416,-241.05376082885425
877,-0.16780556598659757,3.8784293235036917e-19,mid,4.3117732945257815e-17,4.430320299560739e-19,1416,1417,-241.27182232400716
878,-0.1009016379798453,4.7137600566552e-19,mid,4.526659416944921e-17,4.537128885511843e-19,1417,1418,-241.38937196082745
879,-0.08654120044667479,5.519468283335498e-19,mid,4.7336516230166744e-17,4.904025469679887e-19,1418,1419,-241.47362559996685
880,-0.0974470581902267,6.252821859375194e-19,mid,4.9187112227194094e-17,5.461874111759975e-19,1419,1420,-241.5624543617208
881,-0.11448888517361411,6.882308219534553e-19,mid,5.07098246448256e-17,6.124063898117646e-19,1420,1421,-241.6685197163473
882,-0.1292439853173164,7.388233477784088e-19,mid,5.182334186344774e-17,6.811201849589839e-19,1421,1422,-241.79143213206802
883,-0.1402271794365646,7.762662901303042e-19,mid,5.246804570974226e-17,7.461488054111393e-19,1422,1423,-241.92700768698194
884,-0.14918508927499374,8.005002528664249e-19,mid,5.260452911586965e-17,8.03346440664923e-19,1423,1424,-242.07188649094115
885,-0.1588667798433363,8.115814637708342e-19,mid,5.2217713811753184e-17,8.504368086334155e-19,1424,1425,-242.22537786553193
886,-0.17160391266450858,8.093408754364105e-19,mid,5.132341368807349e-17,8.864090218702501e-19,1425,1426,-242.38962005062783
887,-0.18853197653967868,7.934714256536611e-19,mid,4.9972054088919144e-17,9.106420709089038e-19,1426,1427,-242.56858569086094
888,-0.20963379667709603,7.638202072554256e-19,mid,4.8246611015507424e-17,9.222350842164395e-19,1427,1428,-242.76668400370718
889,-0.23445620183997562,7.206224831802227e-19,mid,4.6256570681154903e-17,9.199845534382127e-19,1428,1429,-242.98785328421513
890,-0.2629190033592721,6.646446284588846e-19,mid,4.4132510502215445e-17,9.029921406517674e-19,1429,1430,-243.23559640738713
891,-0.2957019753801262,5.97333316412271e-19,mid,4.2024204550448154e-17,8.714120604080825e-19,1430,1431,-243.51369129093368
892,-0.3343630659103525,5.209627211765188e-19,mid,4.0100047238371814e-17,8.267790168288997e-19,1431,1432,-243.8270003581474
893,-0.3823747349880051,4.387238965583751e-19,mid,3.8540570523764465e-17,7.717347304817912e-19,1432,1433,-244.18241742275438
894,-0.44892720084975224,3.550349938322904e-19,mid,3.7518035036561694e-17,7.094625152571345e-19,1433,1434,-244.5917498281234
895,-0.5502779652018575,2.7710018397545764e-19,mid,3.716115369966548e-17,6.433702876849301e-19,1434,1435,-245.0802718244539
896,-0.6609832296600473,2.193954924279522e-19,mid,3.751811229750726e-17,5.774135355775541e-19,1435,1436,-245.6923057585271
897,-0.6462777680323484,2.0604914394975454e-19,mid,3.854030467519294e-17,5.170316252082861e-19,1436,1437,-246.40223828377398
898,-0.46243105767767645,2.462870584047289e-19,mid,4.009865345384734e-17,4.700179394240657e-19,1437,1438,-246.9848612945918
899,-0.26281341358735233,3.1873233974269223e-19,mid,4.202081505464849e-17,4.456579867751977e-19,1438,1439,-247.32710039912934
900,-0.15094392044180438,4.0235615267947716e-19,mid,4.4126402334723936e-17,4.504434555320222e-19,1439,1440,-247.5104881217665
901,-0.11241585093625872,4.863697475275411e-19,mid,4.624688245091951e-17,4.83113795969144e-19,1440,1441,-247.62898824001294
902,-0.10915835548561859,5.655153577069892e-19,mid,4.8231855460381013e-17,5.355063428137525e-19,1441,1442,-247.73531982363903
903,-0.11621540697055366,6.368918541388879e-19,mid,4.9950411551471764e-17,5.980754309865381e-19,1442,1443,-247.84730495098418
904,-0.12472751733226062,6.985312949134171e-19,mid,5.1294107655794504e-17,6.635979548259036e-19,1443,1444,-247.96775063758014
905,-0.13373105443632483,7.4886139307303705e-19,mid,5.218225061771147e-17,7.275266244724378e-19,1444,1445,-248.0967599856487
906,-0.14389200831379867,7.8657875593230805e-19,mid,5.256622252104673e-17,7.867951252040327e-19,1445,1446,-248.2352127464528
907,-0.15543248613953153,8.106051086215894e-19,mid,5.242992558299678e-17,8.386449102031702e-19,1446,1447,-248.3845440022763
908,-0.16820676443768434,8.200535334482413e-19,mid,5.178648831138023e-17,8.80222038773641e-19,1447,1448,-248.54607771873185
909,-0.18224077852055132,8.143443177524886e-19,mid,5.0673895920290525e-17,9.089442737976852e-19,1448,1449,-248.72095753115167
910,-0.19802420393416753,7.935032695618223e-19,mid,4.915241321696165e-17,9.231215536869013e-19,1449,1450,-248.91055927577295
911,-0.2165119168341363,7.583787981631796e-19,mid,4.730515052675675e-17,9.222757665229453e-19,1450,1451,-249.11700593902
912,-0.23897264625186665,7.104775213436753e-19,mid,4.524120729484669e-17,9.069782033936934e-19,1451,1452,-249.34358310944123
913,-0.2666826209277673,6.514868835723004e-19,mid,4.309902566177979e-17,8.784160863036261e-19,1452,1453,-249.59495123152374
914,-0.30048002048988565,5.829261156802413e-19,mid,4.1045881250612296e-17,8.380134675408893e-19,1453,1454,-249.87694835129676
915,-0.3407599609654426,5.063191833394159e-19,mid,3.926849372384924e-17,7.873120036402886e-19,1454,1455,-250.1959112725035
916,-0.38951778651916413,4.2392117921289464e-19,mid,3.795124564967452e-17,7.281679756095292e-19,1455,1456,-250.55846827322765
917,-0.45622180739860596,3.3991352912839857e-19,mid,3.724398728321839e-17,6.632312980964063e-19,1456,1457,-250.97494684554184
918,-0.5576398308425183,2.6266737962851863e-19,mid,3.7229558083462155e-17,5.965999899032399e-19,1457,1458,-251.47091188802486
919,-0.651690411201443,2.0950762142984344e-19,mid,3.7905540071601463e-17,5.344159406189018e-19,1458,1459,-252.09022650722687
920,-0.5982649581955997,2.0568083801561923e-19,mid,3.91885188864208e-17,4.848775582053261e-19,1459,1460,-252.77429271042774
921,-0.40210876503208226,2.5378712122938886e-19,mid,4.093602071388592e-17,4.567142473174921e-19,1460,1461,-253.28675642361807
922,-0.23188098320547113,3.2942716028210444e-19,mid,4.29740124286441e-17,4.556283274704279e-19,1461,1462,-253.5785102404919
923,-0.15032387530379765,4.1387963998872674e-19,mid,4.512097665451268e-17,4.811091000773116e-19,1462,1463,-253.75051839002901
924,-0.12457271298872286,4.981115518835772e-19,mid,4.72058188474965e-17,5.273430860612814e-19,1463,1464,-253.8791579910995
925,-0.12289941550174888,5.774924044758498e-19,mid,4.908000198650098e-17,5.868316343941169e-19,1464,1465,-253.99966381600646
926,-0.12965696705860807,6.490031448205628e-19,mid,5.062464292121112e-17,6.526794492967609e-19,1465,1466,-254.124956822103
927,-0.13872085876002416,7.101053611575708e-19,mid,5.175303361784341e-17,7.18998558235073e-19,1466,1467,-254.25897775012368
928,-0.1478341261469467,7.5856861678381e-19,mid,5.2409160876466375e-17,7.808012862991058e-19,1467,1468,-254.40239853962305
929,-0.1562315861382615,7.928503832775193e-19,mid,5.256356052267692e-17,8.340633214548316e-19,1468,1469,-254.55464600241757
930,-0.16410168079654852,8.124464502820548e-19,mid,5.2209068315096e-17,8.758967717109728e-19,1469,1470,-254.71486171189957
931,-0.1726071061203669,8.177444410033915e-19,mid,5.135955502248549e-17,9.046336372840368e-19,1470,1471,-254.88284936401067
932,-0.1836859884188442,8.094419644533993e-19,mid,5.0053154023457554e-17,9.197138412424457e-19,1471,1472,-255.0600759241403
933,-0.19934027402561583,7.880175265890573e-19,mid,4.835813846641563e-17,9.213462899606364e-19,1472,1473,-255.25022134084836
934,-0.2206838266047697,7.536435293771748e-19,mid,4.637703468056182e-17,9.100178549631246e-19,1473,1474,-255.45875647219154
935,-0.24735959757731507,7.064920386044206e-19,mid,4.4245213484302985e-17,8.860993250180218e-19,1474,1475,-255.6915889940579
936,-0.2777393492811484,6.471115005691105e-19,mid,4.212360637335536e-17,8.498514371470446e-19,1475,1476,-255.95347566734617
937,-0.30986004788782395,5.766722432141075e-19,mid,4.018795047378955e-17,8.019126012436592e-19,1476,1477,-256.2470676926202
938,-0.3430770084537187,4.971600147627286e-19,mid,3.861601986047649e-17,7.44001774262034e-19,1477,1478,-256.5731957631218
939,-0.381424755473347,4.1173291268559863e-19,mid,3.757059610532852e-17,6.794032551071195e-19,1478,1479,-256.93322170952763
940,-0.44030940493786375,3.255603639282265e-19,mid,3.7174902967888373e-17,6.129718925917032e-19,1479,1480,-257.3360452740685
941,-0.542893270069186,2.4813800504287253e-19,mid,3.7483872292262435e-17,5.507730384569469e-19,1480,1481,-257.81384051940336
942,-0.63357689122941,1.9869433111127198e-19,mid,3.8464829836160135e-17,4.996756356970199e-19,1481,1482,-258.4218318142069
943,-0.5636666686715444,2.0301089446440182e-19,mid,4.000167102164004e-17,4.668541939976401e-19,1482,1483,-259.0809943018622
944,-0.3691768283559327,2.5852106607770004e-19,mid,4.1922535969861384e-17,4.583947394613934e-19,1483,1484,-259.54916515154997
945,-0.2238611783776605,3.3889895073970475e-19,mid,4.4036579544422944e-17,4.766271647878153e-19,1484,1485,-259.81934795857404
946,-0.16306601338627047,4.263877679220395e-19,mid,4.616405934397837e-17,5.183276293967688e-19,1485,1486,-259.9968875083053
947,-0.14632614266199084,5.12012019823871e-19,mid,4.815216153334732e-17,5.761000440443966e-19,1486,1487,-260.1454799853466
948,-0.14474321693307957,5.908173809377059e-19,mid,4.987754337690099e-17,6.414273080893905e-19,1487,1488,-260.2895397936293
949,-0.14611291208524335,6.60059741856831e-19,mid,5.1241727315091785e-17,7.069000199798771e-19,1488,1489,-260.43496641921274
950,-0.14746927780510077,7.183258572531078e-19,mid,5.216680768632e-17,7.671816680883961e-19,1489,1490,-260.58176561779976
951,-0.14976857694415457,7.647871350649959e-19,mid,5.2596298541181605e-17,8.191294200699121e-19,1490,1491,-260.72990497482294
952,-0.15483782262097634,7.986838157154588e-19,mid,5.2500729361674833e-17,8.612807630065739e-19,1491,1492,-260.88130277168807
953,-0.16375121501960166,8.1917772029536425e-19,mid,5.1883369022007716e-17,8.929074766710315e-19,1492,1493,-261.0395806200649
954,-0.17640547181247257,8.254540315445498e-19,mid,5.07814599091448e-17,9.13119695705983e-19,1493,1494,-261.2088052017273
955,-0.19203036277247065,8.168751935000756e-19,mid,4.9262257459654256e-17,9.205714313793728e-19,1494,1495,-261.39239156368984
956,-0.20999502438925788,7.931463336295833e-19,mid,4.7417307289889745e-17,9.139217123205723e-19,1495,1496,-261.5928659272722
957,-0.2302383169049449,7.545460887406253e-19,mid,4.535926290595255e-17,8.926481554693332e-19,1496,1497,-261.81238161246836
958,-0.2530701529486521,7.021381062923861e-19,mid,4.3222741130414266e-17,8.575842057842921e-19,1497,1498,-262.0533425610821
959,-0.2785816010376436,6.377405104214966e-19,mid,4.1166360093362466e-17,8.108299230453296e-19,1498,1499,-262.31852191836566
960,-0.3062647900736124,5.635975994975469e-19,mid,3.936958880018583e-17,7.552043328433746e-19,1499,1500,-262.6105057631574
961,-0.3359683314471624,4.820760532156828e-19,mid,3.801717121297444e-17,6.937466799469611e-19,1500,1501,-262.9310514985129
962,-0.37230584186946203,3.959328646187816e-19,mid,3.726803829065382e-17,6.297320260207498e-19,1501,1502,-263.2824424260517
963,-0.4343595936176712,3.0974115031204763e-19,mid,3.7216520718972287e-17,5.673379773773099e-19,1502,1503,-263.6756631822518
964,-0.5479736758599358,2.3359406926962273e-19,mid,3.786538465521967e-17,5.126295861797498e-19,1503,1504,-264.15116161328706
965,-0.6308834633979643,1.9014857171065992e-19,mid,3.912788845189615e-17,4.738711329366089e-19,1504,1505,-264.7716105339717
966,-0.5348024872742201,2.0579645799678763e-19,mid,4.085607749028363e-17,4.594836864771999e-19,1505,1506,-265.412928540083
967,-0.34416741050725363,2.694645636274461e-19,mid,4.2875600437819094e-17,4.73300872723098e-19,1506,1507,-265.8412155085201
968,-0.22384272309773223,3.527704800916669e-19,mid,4.5010597017760565e-17,5.115544547295927e-19,1507,1508,-266.1012633610975
969,-0.17356652566240882,4.402941045914563e-19,mid,4.709636081243416e-17,5.657311020823101e-19,1508,1509,-266.2889009547156
970,-0.15400226238040204,5.250695649134871e-19,mid,4.89859134668956e-17,6.274941784244779e-19,1509,1510,-266.4483964124223
971,-0.1470301674344512,6.033526396202432e-19,mid,5.055563687814998e-17,6.909136246085504e-19,1510,1511,-266.5969054794764
972,-0.14652014584638096,6.72722525955014e-19,mid,5.171056836170608e-17,7.520830414502282e-19,1511,1512,-266.7424567472912
973,-0.1500649831060059,7.313195029899238e-19,mid,5.238747079394111e-17,8.079349509810765e-19,1512,1513,-266.88994577116915
974,-0.15622401137312636,7.774387590631453e-19,mid,5.255451578916026e-17,8.554795011657998e-19,1513,1514,-267.0425867135032
975,-0.16403602472374246,8.094669570458805e-19,mid,5.22083534487141e-17,8.918386311018473e-19,1514,1515,-267.2023937939154
976,-0.17304942926452327,8.262080046943828e-19,mid,5.1370491223724936e-17,9.147792475740417e-19,1515,1516,-267.3706587629507
977,-0.18338581498241524,8.273158016904767e-19,mid,5.008494816574999e-17,9.231870392562936e-19,1516,1517,-267.54849265244445
978,-0.19578765999958136,8.133781524234342e-19,mid,4.841857875011873e-17,9.171249793788426e-19,1517,1518,-267.73743039291554
979,-0.21149033216676116,7.855033407642592e-19,mid,4.6464263068636336e-17,8.975104211206286e-19,1518,1519,-267.9400679724436
980,-0.23164502311036017,7.447530900796123e-19,mid,4.434513020615525e-17,8.65672925287975e-19,1519,1520,-268.16041105724906
981,-0.2562951782314542,6.919013082598225e-19,mid,4.2215850230412885e-17,8.230443179433854e-19,1520,1521,-268.40335801866433
982,-0.28349373555553825,6.276669601780431e-19,mid,4.025635462504629e-17,7.711342561854535e-19,1521,1522,-268.673001413712
983,-0.30966961856952935,5.531775812499362e-19,mid,3.865508538139031e-17,7.118529733519058e-19,1522,1523,-268.9703454897754
984,-0.3326726407777585,4.703862198248808e-19,mid,3.758262056635418e-17,6.481291451390892e-19,1523,1524,-269.29234065085103
985,-0.3593600089310769,3.825308636800634e-19,mid,3.7161184367215285e-17,5.846169180004459e-19,1524,1525,-269.6356907713309
986,-0.4180327400773365,2.953358459193152e-19,mid,3.743955797043072e-17,5.280936655980347e-19,1525,1526,-270.0110606687132
987,-0.5400546858055861,2.2074132822574576e-19,mid,3.8383199950777894e-17,4.868844982118644e-19,1526,1527,-270.4717562514856
988,-0.6187715079827569,1.8399691746381862e-19,mid,3.988342222433427e-17,4.68570933940599e-19,1527,1528,-271.09117004032436
989,-0.5115850448400465,2.0877677369399758e-19,mid,4.1780565869889907e-17,4.765284163148202e-19,1528,1529,-271.7092992674511
990,-0.3310637077678962,2.775507122840034e-19,mid,4.389156440858554e-17,5.083220866743282e-19,1529,1530,-272.11434013000445
991,-0.22543765163248963,3.630932672578846e-19,mid,4.603425403286001e-17,5.577624439811031e-19,1530,1531,-272.3714266829869
992,-0.18166585584864947,4.520318634954634e-19,mid,4.804508802073128e-17,6.178950246641762e-19,1531,1532,-272.56521543326943
993,-0.16547998987206824,5.378820598506425e-19,mid,4.9789669822634926e-17,6.823658949950676e-19,1532,1533,-272.7347583946842
994,-0.16055283966713318,6.163884970459215e-19,mid,5.1166443167717657e-17,7.455950469148318e-19,1533,1534,-272.89617541301357
995,-0.15984962645811152,6.844089888224716e-19,mid,5.2104567590160955e-17,8.028326761174394e-19,1534,1535,-273.0558640740185
996,-0.16041138303145885,7.399622331039656e-19,mid,5.2558547164128357e-17,8.504011096170802e-19,1535,1536,-273.2158746659298
997,-0.16167123095240754,7.822099486570368e-19,mid,5.2503760588352613e-17,8.85942465220197e-19,1536,1537,-273.3766868400814
998,-0.16471238534583676,8.110096812987596e-19,mid,5.193657645065775e-17,9.084499886742579e-19,1537,1538,-273.5392171278346
999,-0.1713310207373695,8.263168831112159e-19,mid,5.087939719695324e-17,9.179655228853055e-19,1538,1539,-273.70611161077306
1000,-0.182865622671045,8.278572357088038e-19,mid,4.9386912602982495e-17,9.149910254282872e-19,1539,1540,-273.88187916930934
1001,-0.1993619292767903,8.1519011338676975e-19,mid,4.754858894910829e-17,8.998943057596444e-19,1540,1541,-274.07184285611515
1002,-0.21953698851658032,7.879744753007684e-19,mid,4.548526382716188e-17,8.727087600902884e-19,1541,1542,-274.2806030278629
1003,-0.24137496997585117,7.462305411452428e-19,mid,4.334204887282997e-17,8.335251934467689e-19,1542,1543,-274.5109168331483
1004,-0.2627225398314579,6.905560556292323e-19,mid,4.1281344192110347e-17,7.83258920794882e-19,1543,1544,-274.7633529678146
1005,-0.2815203713078347,6.223158162787924e-19,mid,3.947671170775022e-17,7.24300240549973e-19,1544,1545,-275.03636191281123
1006,-0.29629077576032614,5.437282283538222e-19,mid,3.8102893325081296e-17,6.606548959978909e-19,1545,1546,-275.3263937104303
1007,-0.30876856036798017,4.5778845596558755e-19,mid,3.7314896600446554e-17,5.975795449372328e-19,1546,1547,-275.6289434643319
1008,-0.33163279297249915,3.6831455243202125e-19,mid,3.7215321193038877e-17,5.410888053462415e-19,1547,1548,-275.94393083116626
1009,-0.4016711972637381,2.811076968891585e-19,mid,3.7822738358761227e-17,4.976575746068019e-19,1548,1549,-276.2922090502769
1010,-0.5491155575685127,2.0859846102659158e-19,mid,3.906159811773049e-17,4.737784344255696e-19,1549,1550,-276.74727322569373
1011,-0.6313522220951029,1.7852142587917492e-19,mid,4.0782637339190846e-17,4.743757486758137e-19,1550,1551,-277.3904401654139
1012,-0.5094816241950753,2.1301167422764597e-19,mid,4.280142973313277e-17,5.001870067869216e-19,1551,1552,-278.00997766988394
1013,-0.3326121203254786,2.884670832372999e-19,mid,4.493395100099198e-17,5.466751964916194e-19,1552,1553,-278.40940341380406
1014,-0.23705519512589035,3.7718760971258496e-19,mid,4.701650631414507e-17,6.059873486317416e-19,1553,1554,-278.6752019105349
1015,-0.1947156165999786,4.66547487993852e-19,mid,4.8910383079469156e-17,6.699296001725276e-19,1554,1555,-278.88351380405584
1016,-0.17346491626977922,5.510194408841917e-19,mid,5.049917658783917e-17,7.319125267409492e-19,1555,1556,-279.06463314373485
1017,-0.16152876065135047,6.277302960017362e-19,mid,5.168710858876544e-17,7.876420823859541e-19,1556,1557,-279.2304436365954
1018,-0.1558779447894949,6.947970827069202e-19,mid,5.240202985454787e-17,8.348877406781229e-19,1557,1558,-279.38769066503755
1019,-0.15580463068849326,7.506976419581475e-19,mid,5.2601129786660704e-17,8.726169345666415e-19,1558,1559,-279.5421995261744
1020,-0.1605032320792077,7.940487533520652e-19,mid,5.227474155645416e-17,8.999591331562905e-19,1559,1560,-279.69929992641454
1021,-0.1687270789704769,8.235249578655758e-19,mid,5.1445442235547987e-17,9.156102240831865e-19,1560,1561,-279.8632059903328
1022,-0.179304133898313,8.379033408644345e-19,mid,5.016357886559365e-17,9.180199445793522e-19,1561,1562,-280.0367540843555
1023,-0.19161999833875143,8.363200070959345e-19,mid,4.8502804990712185e-17,9.061401830082738e-19,1562,1563,-280.2218142581294
1024,-0.20566541189288046,8.186485739789148e-19,mid,4.655862355785798e-17,8.801272820586145e-19,1563,1564,-280.419994081033
1025,-0.22168859647212003,7.856825455509511e-19,mid,4.445035365446741e-17,8.41499327673961e-19,1564,1565,-280.6331450819152
1026,-0.2395937285315881,7.388876030924889e-19,mid,4.232408826776594e-17,7.927203546136554e-19,1565,1566,-280.86337127397724
1027,-0.25818663787993046,6.798826644872357e-19,mid,4.035190077204168e-17,7.366123655361193e-19,1566,1567,-281.11233253897836
1028,-0.27471292207169995,6.100950479062591e-19,mid,3.8721285820598444e-17,6.760914852344274e-19,1567,1568,-281.3797445497371
1029,-0.28607016429043597,5.3090928899457785e-19,mid,3.7610437389923216e-17,6.145044699959744e-19,1568,1569,-281.66175838312176
1030,-0.29412384784700407,4.442700507979531e-19,mid,3.715220868069477e-17,5.564702961103468e-19,1569,1570,-281.95188487831797
1031,-0.3177481184012265,3.5360663812429273e-19,mid,3.740077392615964e-17,5.086634902511943e-19,1570,1571,-282.2500060788158
1032,-0.4068269585547455,2.6565390368588363e-19,mid,3.8319268382174617e-17,4.793502029493781e-19,1571,1572,-282.5873811151204
1033,-0.580064158090039,1.9581943453848799e-19,mid,3.979459576064377e-17,4.7535615728972e-19,1572,1573,-283.06365999592526
1034,-0.6457281027601027,1.75696496916662e-19,mid,4.16674405369882e-17,4.977341675344037e-19,1573,1574,-283.7475094313005
1035,-0.4949640691087325,2.205137327984523e-19,mid,4.376074948380714e-17,5.40948545396836e-19,1574,1575,-284.35511620144547
1036,-0.3199122599312716,3.0019320145574386e-19,mid,4.589926156509084e-17,5.967342441452521e-19,1575,1576,-284.73743756951797
1037,-0.22957603394377202,3.90050708112034e-19,mid,4.7921775911264494e-17,6.579203386361974e-19,1576,1577,-284.994940721308
1038,-0.18900970959413144,4.798559495740423e-19,mid,4.968959771580489e-17,7.194844035281962e-19,1577,1578,-285.1965896374055
1039,-0.17099432467307452,5.649169139536034e-19,mid,5.109241200492279e-17,7.778135876846134e-19,1578,1579,-285.3729601404963
1040,-0.16402258795585567,6.4220773690043235e-19,mid,5.205127975394928e-17,8.297438176418176e-19,1579,1580,-285.53857828675166
1041,-0.162840555700825,7.090838206728895e-19,mid,5.25185315692794e-17,8.722051298029312e-19,1580,1581,-285.701005316408
1042,-0.1646955227898843,7.631705346117145e-19,mid,5.2475093015678084e-17,9.025247403818476e-19,1581,1582,-285.8642593981533
1043,-0.16817946934224892,8.027946252298382e-19,mid,5.192663908358882e-17,9.189608026286442e-19,1582,1583,-286.03039636198775
1044,-0.17299743931928901,8.273152158575495e-19,mid,5.090078334795974e-17,9.209994819096087e-19,1583,1584,-286.2006183368378
1045,-0.1799070465511079,8.369475478722725e-19,mid,4.9447498642863656e-17,9.092326911844697e-19,1584,1585,-286.37639124062633
1046,-0.1902898583188346,8.32210486537936e-19,mid,4.764320652614176e-17,8.84935134809353e-19,1585,1586,-286.56043242994
1047,-0.2051573179074353,8.134623275423362e-19,mid,4.559599626377808e-17,8.495882822900411e-19,1586,1587,-286.756970957264
1048,-0.2239452247265774,7.808347586385429e-19,mid,4.344745567446588e-17,8.046004439537306e-19,1587,1588,-286.9707470657549
1049,-0.24379519685120954,7.344914723415245e-19,mid,4.136739113762833e-17,7.514137782090749e-19,1588,1589,-287.20486140671716
1050,-0.25992242159421153,6.749457668811385e-19,mid,3.954054390744586e-17,6.920412675618291e-19,1589,1590,-287.4583374594573
1051,-0.2675006680820502,6.032867249303102e-19,mid,3.814671364338953e-17,6.298521149382439e-19,1590,1591,-287.7247062499056
1052,-0.2657391425613014,5.213637802584776e-19,mid,3.7336291626008124e-17,5.7022049444547e-19,1591,1592,-287.9933387956214
1053,-0.2649443943134031,4.320461183978211e-19,mid,3.720421537832729e-17,5.205018782509712e-19,1592,1593,-288.2561845350282
1054,-0.2959063385546017,3.397528898398158e-19,mid,3.776897045741789e-17,4.8870741017574515e-19,1593,1594,-288.5232275842482
1055,-0.41344799013813827,2.521631830606687e-19,mid,3.896604982743726e-17,4.806922346944014e-19,1594,1595,-288.8479972121374
1056,-0.6084945312374828,1.8620316821678265e-19,mid,4.066084842588344e-17,4.974398585563881e-19,1595,1596,-289.3501235645245
1057,-0.6560394864918351,1.7462969209708776e-19,mid,4.2676001583843146e-17,5.350923595567081e-19,1596,1597,-290.06498627461235
1058,-0.4862886889339677,2.268421050514459e-19,mid,4.48221537935862e-17,5.874456180101237e-19,1597,1598,-290.66220253750816
1059,-0.31872892894287475,3.10564704017967e-19,mid,4.692295903885071e-17,6.48062197476699e-19,1598,1599,-291.0375636524803
1060,-0.23724462533306223,4.0295222317769245e-19,mid,4.883008430645339e-17,7.109687537043844e-19,1599,1600,-291.2996603953939
1061,-0.20043980310001075,4.938984941363539e-19,mid,5.042788484897855e-17,7.70806005170904e-19,1600,1601,-291.5120529031464
1062,-0.18167032545187567,5.782525402373009e-19,mid,5.163024280273469e-17,8.231085496275779e-19,1601,1602,-291.70054000159394
1063,-0.1704295631666639,6.53188071447556e-19,mid,5.237446959315154e-17,8.647000303660241e-19,1602,1603,-291.87539355405016
1064,-0.1635391708307452,7.171848966505635e-19,mid,5.26178850197685e-17,8.9392080518996e-19,1603,1604,-292.04139912792726
1065,-0.16100642380700947,7.693020643016202e-19,mid,5.234012773683057e-17,9.104623043516285e-19,1604,1605,-292.20247189571165
1066,-0.16360920442386373,8.086851671571582e-19,mid,5.154946017630571e-17,9.147805227814523e-19,1605,1606,-292.3634119755413
1067,-0.17141559352995728,8.343858121458381e-19,mid,5.0287969319461877e-17,9.07346991212964e-19,1606,1607,-292.5296903045594
1068,-0.18335837082713624,8.454117326860725e-19,mid,4.863154235024781e-17,8.882014751803789e-19,1607,1608,-292.7062431626012
1069,-0.19769413132291902,8.408906653305615e-19,mid,4.668485795638045e-17,8.571433539940414e-19,1608,1609,-292.89640704621365
1070,-0.21267694926231684,8.20319459451637e-19,mid,4.457534175363479e-17,8.144633216481232e-19,1609,1610,-293.10163142524704
1071,-0.22677502869242971,7.838724022330036e-19,mid,4.2449779797855466e-17,7.617305053954514e-19,1610,1611,-293.3217609447383
1072,-0.23829387831560211,7.326072377536823e-19,mid,4.0473116108162705e-17,7.021310371342226e-19,1611,1612,-293.5551814826319
1073,-0.24499290775202098,6.683573749182411e-19,mid,3.882371080932814e-17,6.402097921967007e-19,1612,1613,-293.7983487013695
1074,-0.24497314136471005,5.933199258300353e-19,mid,3.7676926468534465e-17,5.813185271776811e-19,1613,1614,-294.04516729813594
1075,-0.2404744495670741,5.096831662800061e-19,mid,3.717341769860412e-17,5.312412541552521e-19,1614,1615,-294.2882949840989
1076,-0.24533487794261077,4.197669162756581e-19,mid,3.7381192176840083e-17,4.960840102217776e-19,1615,1616,-294.5261161972701
1077,-0.2947945888263348,3.2709082548081095e-19,mid,3.827268397347086e-17,4.8169303095446835e-19,1616,1617,-294.77896473998413
1078,-0.44783179540641527,2.3930025379860294e-19,mid,3.973332735746426e-17,4.916732850876713e-19,1617,1618,-295.11570537492275
1079,-0.6639641227920947,1.7630680880235325e-19,mid,4.1595840965226844e-17,5.249821005506843e-19,1618,1619,-295.67462833079696
1080,-0.6787083995160401,1.7509187050454505e-19,mid,4.367814354195884e-17,5.758235846035048e-19,1619,1620,-296.44363362050694
1081,-0.4766864805804687,2.3658245802865662e-19,mid,4.580776523512463e-17,6.361613517734248e-19,1620,1621,-297.03204512982904
1082,-0.310555396696401,3.2394370600420314e-19,mid,4.7830835879185155e-17,6.984506163793836e-19,1621,1622,-297.3970065816679
1083,-0.2301644828684175,4.169002957308594e-19,mid,4.961342016907567e-17,7.571260529015666e-19,1622,1623,-297.65315592322185
1084,-0.19097083326840902,5.075120998430969e-19,mid,5.104303300000136e-17,8.088693172966636e-19,1623,1624,-297.8573355474047
1085,-0.17152166587928264,5.919240317256729e-19,mid,5.203289642977267e-17,8.520140858433176e-19,1624,1625,-298.03509758975866
1086,-0.163346865261218,6.676885385116404e-19,mid,5.252667810670098e-17,8.85532317487248e-19,1625,1626,-298.2003788791633
1087,-0.16213168482644846,7.32791854819187e-19,mid,5.250044154067034e-17,9.082028654890739e-19,1626,1627,-298.3617913202811
1088,-0.1651181417042551,7.85252966005324e-19,mid,5.1960822818118135e-17,9.184541581695296e-19,1627,1628,-298.5246422488162
1089,-0.17056755277062052,8.231783475196312e-19,mid,5.094113464531738e-17,9.14899554982323e-19,1628,1629,-298.6920276036896
1090,-0.17761729716144714,8.451819043870799e-19,mid,4.949804245766711e-17,8.970966029823397e-19,1629,1630,-298.8657773543574
1091,-0.18611019193670586,8.508047354750574e-19,mid,4.77106899770446e-17,8.659568715025368e-19,1630,1631,-299.0472621980125
1092,-0.1963165978103234,8.405305373608453e-19,mid,4.568266597864917e-17,8.2356280142237e-19,1631,1632,-299.23799773823083
1093,-0.20837261466866153,8.153522160308637e-19,mid,4.354540324557641e-17,7.726059967242366e-19,1632,1633,-299.43989539363315
1094,-0.22129839505959126,7.7625213637776e-19,mid,4.145944636912773e-17,7.159037958568867e-19,1633,1634,-299.65474296756815
1095,-0.2320316638317479,7.239976002012606e-19,mid,3.960823761669759e-17,6.563816731827613e-19,1634,1635,-299.88249218375233
1096,-0.2358762559748584,6.593355521981681e-19,mid,3.817955690381665e-17,5.9763631260459e-19,1635,1636,-300.11880629523165
1097,-0.2303080366010306,5.833631856873369e-19,mid,3.733456057708862e-17,5.448130761302489e-19,1636,1637,-300.35424469570205
1098,-0.22240944103666038,4.978493692507818e-19,mid,3.717308903196499e-17,5.050234838401992e-19,1637,1638,-300.5794223684337
1099,-0.2352329693318893,4.0556667710561374e-19,mid,3.771059687967519e-17,4.860109246503406e-19,1638,1639,-300.79906357777537
1100,-0.3092739183936999,3.1113479572038936e-19,mid,3.8878044154516585e-17,4.924894773728309e-19,1639,1640,-301.0498883070975
1101,-0.4962471372723769,2.2393729310690067e-19,mid,4.054222838542328e-17,5.22917052950789e-19,1640,1641,-301.41761141456277
1102,-0.7055318484324005,1.6727710069723041e-19,mid,4.2533837973728424e-17,5.706404830586961e-19,1641,1642,-302.04238258164224
1103,-0.6681349774849821,1.7795060238525043e-19,mid,4.467233995972942e-17,6.279293883375309e-19,1642,1643,-302.8286751114276
1104,-0.44513118476058366,2.463516036556983e-19,mid,4.6784204157756224e-17,6.886088452649545e-19,1643,1644,-303.3786525366122
1105,-0.29299803201519126,3.362827304655243e-19,mid,4.871538760659905e-17,7.482794443396048e-19,1644,1645,-303.71893748094874
1106,-0.2246412451023332,4.307368085605561e-19,mid,5.0339435630183283e-17,8.034675907756676e-19,1645,1646,-303.9646486006426
1107,-0.1936797826374459,5.225019435387121e-19,mid,5.1561648338885046e-17,8.509470386467597e-19,1646,1647,-304.1682199711534
1108,-0.1789403277035433,6.07136715009586e-19,mid,5.231925633441224e-17,8.8770972792085e-19,1647,1648,-304.3520081659175
1109,-0.17153934928143144,6.81396688241207e-19,mid,5.257808179190739e-17,9.114221441845121e-19,1648,1649,-304.5261006265605
1110,-0.1676488633756037,7.431655058093042e-19,mid,5.232770709233604e-17,9.209081191501549e-19,1649,1650,-304.69508686448034
1111,-0.16620733965604018,7.913948970610274e-19,mid,5.157853122891195e-17,9.162880693067282e-19,1650,1651,-304.8613983533117
1112,-0.1678512176212621,8.256986503493306e-19,mid,5.0363365406360585e-17,8.986899308310963e-19,1651,1652,-305.0275015437924
1113,-0.1737403145213534,8.458448716867635e-19,mid,4.8742984416097185e-17,8.696951398870908e-19,1652,1653,-305.1971007885542
1114,-0.18422646105415197,8.514751577912773e-19,mid,4.681159552376247e-17,8.308180258753954e-19,1653,1654,-305.37498217283513
1115,-0.19791550739952868,8.42130641172522e-19,mid,4.46975917431426e-17,7.833398664321136e-19,1654,1655,-305.5655537106625
1116,-0.211574296908708,8.174527551879044e-19,mid,4.2557814622486454e-17,7.286774940937187e-19,1655,1656,-305.7708131876342
1117,-0.22088336311574608,7.774260932615713e-19,mid,4.056701366624111e-17,6.691740701188421e-19,1656,1657,-305.98870230447994
1118,-0.22196225997257102,7.226213078407325e-19,mid,3.8904659796417335e-17,6.089247615318047e-19,1657,1658,-306.2125799138657
1119,-0.21402506911604746,6.543927617335281e-19,mid,3.7738336942095943e-17,5.541242915886636e-19,1658,1659,-306.4326268244251
1120,-0.2029645004451197,5.749103701103235e-19,mid,3.720085946522917e-17,5.124097016541539e-19,1659,1660,-306.6406300520978
1121,-0.20295642989299267,4.869697696678536e-19,mid,3.736254915762726e-17,4.908449929069144e-19,1660,1661,-306.8385558253153
1122,-0.23454643092287597,3.9384455411056262e-19,mid,3.820955762364362e-17,4.931334653247917e-19,1661,1662,-307.04654291188376
1123,-0.3298618826610493,2.9997812982905183e-19,mid,3.9642505862336255e-17,5.1815880649303e-19,1662,1663,-307.3076486871611
1124,-0.537554138134908,2.145602703234312e-19,mid,4.1499109356315327e-17,5.612197379132068e-19,1663,1664,-307.70626667720586
1125,-0.7408518434367295,1.6275341030161434e-19,mid,4.35895834162376e-17,6.162870424443371e-19,1664,1665,-308.3827569634309
1126,-0.6722450175493577,1.8222031063854269e-19,mid,4.572906804117396e-17,6.77282579183761e-19,1665,1666,-309.1879703640793
1127,-0.43933636412813826,2.569352230564695e-19,mid,4.775740012935511e-17,7.384588748270805e-19,1666,1667,-309.7272469985296
1128,-0.29445247044665734,3.4987033123755796e-19,mid,4.954494017648228e-17,7.946980447747766e-19,1667,1668,-310.0666430923356
1129,-0.22723157701688024,4.448607033572464e-19,mid,5.098914204162084e-17,8.419847032524934e-19,1668,1669,-310.3161519394229
1130,-0.1923584160314249,5.355312054537802e-19,mid,5.200919394034998e-17,8.778195216182655e-19,1669,1670,-310.52110624636936
1131,-0.17272766604324374,6.18707881389063e-19,mid,5.254477127615237e-17,9.012667444805344e-19,1670,1671,-310.7008687714858
1132,-0.1628694131313182,6.9235846661946665e-19,mid,5.256027844251268e-17,9.125016355522841e-19,1671,1672,-310.86656157845584
1133,-0.1605706845922441,7.548456743366607e-19,mid,5.205100727659568e-17,9.120278036785389e-19,1672,1673,-311.0266075977484
1134,-0.1639436190031347,8.046140963395205e-19,mid,5.1046170031508483e-17,9.000186860643637e-19,1673,1674,-311.18770294764033
1135,-0.17088625405543212,8.400893030690156e-19,mid,4.96066596418833e-17,8.762340127783622e-19,1674,1675,-311.3544948357547
1136,-0.17946416852382185,8.597997524207053e-19,mid,4.7819718142288005e-17,8.40585991773041e-19,1675,1676,-311.5294754557512
1137,-0.1882649598475723,8.627265588360412e-19,mid,4.579467183564501e-17,7.939693278021357e-19,1676,1677,-311.7134231728023
1138,-0.19630059031155156,8.486944766631605e-19,mid,4.3662228829088165e-17,7.388022787429782e-19,1677,1678,-311.90600537544634
1139,-0.20251974363779368,8.184891888224609e-19,mid,4.1575984226778815e-17,6.789698933208699e-19,1678,1679,-312.1060243534254
1140,-0.20533643920254008,7.73552486041948e-19,mid,3.971092403025034e-17,6.193149475613691e-19,1679,1680,-312.31104486272193
1141,-0.20301478725636457,7.15463317569902e-19,mid,3.8251673598852605e-17,5.65135396587913e-19,1680,1681,-312.5166972318305
1142,-0.19605030575814908,6.456065266626667e-19,mid,3.736543373362583e-17,5.220301419315087e-19,1681,1682,-312.71707443723466
1143,-0.19110265900016543,5.652758312839316e-19,mid,3.716378684810619e-17,4.958096965098822e-19,1682,1683,-312.9087978433468
1144,-0.20241550461909696,4.761426039243885e-19,mid,3.767067368886942e-17,4.914907027402568e-19,1683,1684,-313.099279755235
1145,-0.2499863418960615,3.809319846953124e-19,mid,3.8816675116613304e-17,5.109874965314099e-19,1684,1685,-313.313628852585
1146,-0.3689299587193773,2.846672982845554e-19,mid,4.046284383841828e-17,5.513874551734439e-19,1685,1686,-313.5992524390271
1147,-0.607895199419545,1.98865077690483e-19,mid,4.2436699857620124e-17,6.059522862295824e-19,1686,1687,-314.05148877002375
1148,-0.7856851200704682,1.5448197154962107e-19,mid,4.4560891303263257e-17,6.668646302227261e-19,1687,1688,-314.8150428378662
1149,-0.650864506311251,1.8731827047797674e-19,mid,4.666839823513435e-17,7.274678245368978e-19,1688,1689,-315.6228590101647
1150,-0.4008119684681617,2.687425438013643e-19,mid,4.860930190608561e-17,7.832003619207468e-19,1689,1690,-316.1167718504887
1151,-0.26773851073645005,3.6400377740111643e-19,mid,5.0255487139376645e-17,8.314467366230043e-19,1690,1691,-316.424482947101
1152,-0.20964475638874092,4.602244213751746e-19,mid,5.1505498197548297e-17,8.707296510036915e-19,1691,1692,-316.6522488719616
1153,-0.18319471818571742,5.521579084729737e-19,mid,5.228832494070848e-17,8.997879178809584e-19,1692,1693,-316.8437724598785
1154,-0.17139016186953882,6.364880804709404e-19,mid,5.2564527166854606e-17,9.170986466915728e-19,1693,1694,-317.01863830833304
1155,-0.16690928476492672,7.103147721047882e-19,mid,5.232455858415143e-17,9.210942719005662e-19,1694,1695,-317.18655278361757
1156,-0.166145201828499,7.71074544312694e-19,mid,5.1585475452550345e-17,9.108363725747174e-19,1695,1696,-317.3524568778629
1157,-0.16736828290913763,8.169544206518302e-19,mid,5.038779554213585e-17,8.866141660115336e-19,1696,1697,-317.51884318727457
1158,-0.17010988558172357,8.47151931493724e-19,mid,4.8794344347592304e-17,8.500511206689076e-19,1697,1698,-317.68719344368117
1159,-0.1747153393771157,8.616814047467429e-19,mid,4.689223357772821e-17,8.036952244902366e-19,1698,1699,-317.859062958438
1160,-0.18152966446459118,8.608955457648209e-19,mid,4.479712999164181e-17,7.504208642881839e-19,1699,1700,-318.0366241224354
1161,-0.18969083835864353,8.451034445880937e-19,mid,4.265624942677415e-17,6.93080239617613e-19,1700,1701,-318.2221222873672
1162,-0.19624926090767758,8.145010451966721e-19,mid,4.064488182057541e-17,6.347077291035917e-19,1701,1702,-318.4160057991527
1163,-0.19699968139468638,7.693469605297521e-19,mid,3.8952279732801385e-17,5.792672289657485e-19,1702,1703,-318.61462080918255
1164,-0.19024030500702338,7.102011215154355e-19,mid,3.7756470486545343e-17,5.324756035753366e-19,1703,1704,-318.81000516194206
1165,-0.18180283493910565,6.381278785902943e-19,mid,3.719286365452587e-17,5.016743926368751e-19,1704,1705,-318.9951014191966
1166,-0.1846284889649894,5.54874168480144e-19,mid,3.7326499628823474e-17,4.93551884136568e-19,1705,1706,-319.17361083182027
1167,-0.21090186046205872,4.63046063583749e-19,mid,3.813889355287112e-17,5.103321037102417e-19,1706,1707,-319.3643583971266
1168,-0.2722407257765269,3.6637040286672083e-19,mid,3.953456637309467e-17,5.481892229623952e-19,1707,1708,-319.5954145527444
1169,-0.40301401410096105,2.707006868404163e-19,mid,4.1362701841667554e-17,5.998965600794799e-19,1708,1709,-319.90883984867963
1170,-0.6465474518680594,1.8871850881169883e-19,mid,4.344407374916057e-17,6.58432525897021e-19,1709,1710,-320.4014425809463
1171,-0.7879963677331148,1.5360764010998996e-19,mid,4.5595380117500114e-17,7.184819921496961e-19,1710,1711,-321.20193475241575
1172,-0.6214155177237046,1.9548240578267176e-19,mid,4.764776697228467e-17,7.760879391113243e-19,1711,1712,-321.97743531641254
1173,-0.3851902907253475,2.8098729389994957e-19,mid,4.945906019895713e-17,8.27838362813893e-19,1712,1713,-322.44476578786316
1174,-0.2679449582759901,3.7848111311191105e-19,mid,5.0919693251109994e-17,8.704888546273664e-19,1713,1714,-322.74781589786323
1175,-0.21580526399569067,4.756064016593755e-19,mid,5.195248812989326e-17,9.01205746391568e-19,1714,1715,-322.98065570441514
1176,-0.18904656819361776,5.666848930173846e-19,mid,5.250787215981534e-17,9.181120113874366e-19,1715,1716,-323.1794264258546
1177,-0.17321998265711613,6.485803818396026e-19,mid,5.2558314330232525e-17,9.206754394776972e-19,1716,1717,-323.3587488408024
1178,-0.16374459871349245,7.194509910355272e-19,mid,5.209642209301212e-17,9.096523360844053e-19,1717,1718,-323.52586639116885
1179,-0.1597727454611686,7.780786830942498e-19,mid,5.113855419577746e-17,8.865939195368999e-19,1718,1719,-323.68623803822936
1180,-0.16123178242520453,8.234410844460569e-19,mid,4.9731364949544596e-17,8.531788128165261e-19,1719,1720,-323.8454118820912
1181,-0.16719535663042961,8.545112676222887e-19,mid,4.795611536137078e-17,8.107730308407458e-19,1720,1721,-324.00870160307977
1182,-0.1753885987164665,8.702445256930797e-19,mid,4.59272464535128e-17,7.605431356852712e-19,1721,1722,-324.17980259535204
1183,-0.18262562547519678,8.697162983913459e-19,mid,4.3786024108800835e-17,7.041373421765907e-19,1722,1723,-324.3594788005127
1184,-0.1857690910299823,8.523949568832173e-19,mid,4.169285722991224e-17,6.445922285167278e-19,1723,1724,-324.54505384630244
1185,-0.18306873690167436,8.184645895647507e-19,mid,3.9820303140600285e-17,5.869479861617363e-19,1724,1725,-324.73101698257267
1186,-0.17597224198638628,7.689980553322276e-19,mid,3.8343841452888877e-17,5.380801244700731e-19,1725,1726,-324.9111913201058
1187,-0.17025035748042683,7.057998454005891e-19,mid,3.742387812929388e-17,5.053848696363824e-19,1726,1727,-325.08296146654544
1188,-0.17364060650112378,6.309715247757197e-19,mid,3.717595939383631e-17,4.944041138041943e-19,1727,1728,-325.25169203506664
1189,-0.19120508484311927,5.465234242922562e-19,mid,3.76381469245061e-17,5.066347841240246e-19,1728,1729,-325.4302426795477
1190,-0.22637425104804265,4.54417480493982e-19,mid,3.875484837621305e-17,5.393703950190275e-19,1729,1730,-325.6341022047529
1191,-0.29276733087766615,3.573061288017823e-19,mid,4.039014676405795e-17,5.874659210052522e-19,1730,1731,-325.8829911816438
1192,-0.43836553198221395,2.605164414482162e-19,mid,4.236346376855836e-17,6.450379314674772e-19,1731,1732,-326.2196368665082
1193,-0.7063993816683478,1.7844540059353974e-19,mid,4.448740215710458e-17,7.062050166806622e-19,1732,1733,-326.7597222456082
1194,-0.8196454475348958,1.5054766962112012e-19,mid,4.6592214503036e-17,7.654347502216514e-19,1733,1734,-327.6324356298449
1195,-0.6035944827111166,2.0301969302463645e-19,mid,4.853396573303217e-17,8.180075658851334e-19,1734,1735,-328.399013140678
1196,-0.3625374131216006,2.9347693960000075e-19,mid,5.019274611499454e-17,8.605364855637368e-19,1735,1736,-328.83962459526714
1197,-0.25005408597053247,3.9251317287093153e-19,mid,5.146965955526501e-17,8.912306794924471e-19,1736,1737,-329.1240879669212
1198,-0.19897588773852704,4.900870308816116e-19,mid,5.228796283226109e-17,9.096738077514967e-19,1737,1738,-329.3397327672082
1199,-0.17443769991024283,5.818548322819218e-19,mid,5.259805296259205e-17,9.161579171579759e-19,1738,1739,-329.52203974239825
1200,-0.16367524588130777,6.651221653227055e-19,mid,5.238220675920666e-17,9.109319907038115e-19,1739,1740,-329.6886081670287
1201,-0.16063448421695625,7.375977779217418e-19,mid,5.165544887715683e-17,8.938516213911338e-19,1740,1741,-329.84939023416086
1202,-0.16159631328611113,7.970146013580245e-19,mid,5.046234666870063e-17,8.64677723496034e-19,1741,1742,-330.0098771354626
1203,-0.16413671813759834,8.412806145853714e-19,mid,4.887249801740428e-17,8.238192815225475e-19,1742,1743,-330.1725828607331
1204,-0.16682492808863003,8.689223710367044e-19,mid,4.697786016871807e-17,7.730138409026149e-19,1743,1744,-330.3381505717378
1205,-0.16894597056790417,8.794335024814318e-19,mid,4.489326323675591e-17,7.155167638457311e-19,1744,1745,-330.50623271691035
1206,-0.1701124036538033,8.732231638134701e-19,mid,4.275887084575254e-17,6.557463981076203e-19,1745,1746,-330.6760425128736
1207,-0.16988972091311894,8.512004988132393e-19,mid,4.0740768870827773e-17,5.987186198488151e-19,1746,1747,-330.84645752421795
1208,-0.16801185574286137,8.143188477758152e-19,mid,3.902375522328987e-17,5.497059741012409e-19,1747,1748,-331.01582195469985
1209,-0.1658872227595225,7.6338398611837e-19,mid,3.779058089003952e-17,5.142102551954496e-19,1748,1749,-331.1824812357037
1210,-0.16815632554596505,6.991781555162754e-19,mid,3.7187636423929994e-17,4.976348900709618e-19,1749,1750,-331.3475964002189
1211,-0.1807034461232888,6.227367420513349e-19,mid,3.72885945985537e-17,5.037584375441669e-19,1750,1751,-331.5187938867956
1212,-0.2063566922604423,5.356146737453212e-19,mid,3.8075421076415724e-17,5.324985900069881e-19,1751,1752,-331.70900329246547
1213,-0.24730990111842743,4.401552789459265e-19,mid,3.9447797516571257e-17,5.792683635725041e-19,1752,1753,-331.9315072713165
1214,-0.32004174491171966,3.400341300521818e-19,mid,4.1252371917812624e-17,6.368440413869121e-19,1753,1754,-332.2036230947023
1215,-0.48411252258622994,2.4208898549972557e-19,mid,4.3313622204121604e-17,6.979457795763397e-19,1754,1755,-332.57159076113993
1216,-0.7585625599642754,1.6395949171637832e-19,mid,4.545553946223608e-17,7.568625153215092e-19,1755,1756,-333.1718481398748
1217,-0.8084878872178081,1.5008136249188176e-19,mid,4.75144001535191e-17,8.098656195293467e-19,1756,1757,-334.0887158810685
1218,-0.5468241144197634,2.1381558549994473e-19,mid,4.934685745689571e-17,8.547538510608186e-19,1757,1758,-334.7888239143104
1219,-0.32881885379072173,3.0837413243221325e-19,mid,5.083585798158908e-17,8.900075543481883e-19,1758,1759,-335.182364109908
1220,-0.23710242251860336,4.0951124463466767e-19,mid,5.1894584368710934e-17,9.140986797586914e-19,1759,1760,-335.44646162189184
1221,-0.19747070491285967,5.085020691995602e-19,mid,5.246784164756922e-17,9.25367038610327e-19,1760,1761,-335.6565689549452
1222,-0.17820842703164885,6.005161660165979e-19,mid,5.253062510663267e-17,9.224819218006164e-19,1761,1762,-335.84140303171756
1223,-0.16761933663113382,6.821379512313253e-19,mid,5.208451747662069e-17,9.05109330974898e-19,1762,1763,-336.0129858090085
1224,-0.16111053627909655,7.510599298883743e-19,mid,5.115387360112038e-17,8.742949127691755e-19,1763,1764,-336.17664170497983
1225,-0.1572832710158707,8.059613236151002e-19,mid,4.978454841130392e-17,8.32308455128709e-19,1764,1765,-336.3352068815667
1226,-0.15619599738062107,8.461794781894884e-19,mid,4.804678154160927e-17,7.820739107154794e-19,1765,1766,-336.49120824701157
1227,-0.15789501818881035,8.713238760730822e-19,mid,4.6040723284961896e-17,7.265803489668019e-19,1766,1767,-336.64759887632795
1228,-0.1611555765153696,8.810385761043925e-19,mid,4.3900150459103026e-17,6.687093361903426e-19,1767,1768,-336.8069982833892
1229,-0.16322606305661225,8.74965797394981e-19,mid,4.1789656644700505e-17,6.117031198181017e-19,1768,1769,-336.9699100293587
1230,-0.16157062489841678,8.528547271699713e-19,mid,3.989315167721163e-17,5.600715245587076e-19,1769,1770,-337.1334504095024
1231,-0.1575365043664192,8.147589494731285e-19,mid,3.8394537204761863e-17,5.201796061041064e-19,1770,1771,-337.2930512791555
1232,-0.15820079323557934,7.612770117915828e-19,mid,3.745298590048092e-17,4.992861563324364e-19,1771,1772,-337.44852341823525
1233,-0.1708061490783166,6.937383883735908e-19,mid,3.71763541985999e-17,5.023771438514444e-19,1772,1773,-337.6094528656267
1234,-0.19475807408642254,6.141927596003856e-19,mid,3.759900944810063e-17,5.289381709165843e-19,1773,1774,-337.7901357163919
1235,-0.22467508881121034,5.251662999012645e-19,mid,3.867277598010742e-17,5.733511708757366e-19,1774,1775,-337.9989690137995
1236,-0.26317255784252325,4.294241201395304e-19,mid,4.027637143732079e-17,6.283609612730339e-19,1775,1776,-338.2394858940143
1237,-0.33496685185454567,3.3033085020257097e-19,mid,4.2239910775772434e-17,6.877858537534719e-19,1776,1777,-338.52531412948457
1238,-0.5098714495905767,2.341990236619751e-19,mid,4.437476036133242e-17,7.470278056161215e-19,1777,1778,-338.9094195977234
1239,-0.7858740103546893,1.5982294994983914e-19,mid,4.649972793162368e-17,8.024026750553538e-19,1778,1779,-339.5450570286657
1240,-0.8055566325995471,1.5451444522318778e-19,mid,4.84587067486433e-17,8.505009705074605e-19,1779,1780,-340.4811676184328
1241,-0.5298584796234138,2.248650617796488e-19,mid,5.012833348211292e-17,8.881340069529818e-19,1780,1781,-341.1561702938648
1242,-0.32367867727023736,3.2235138522615786e-19,mid,5.141685007578293e-17,9.127892585688366e-19,1781,1782,-341.5408845776796
1243,-0.23472458682459774,4.2415919332371976e-19,mid,5.225812965015772e-17,9.231698479079336e-19,1782,1783,-341.8035276484053
1244,-0.19186907070678672,5.223479680581972e-19,mid,5.260661116593964e-17,9.193980547795202e-19,1783,1784,-342.0103337513288
1245,-0.16875299870528693,6.131554367319802e-19,mid,5.243752131176317e-17,9.027126680733585e-19,1784,1785,-342.18726578981887
1246,-0.15690734075218415,6.942355642277801e-19,mid,5.1752280950902105e-17,8.748078163222101e-19,1785,1786,-342.3478397487394
1247,-0.1526480426030048,7.637673868819844e-19,mid,5.0584672501396244e-17,8.372052833363605e-19,1786,1787,-342.50108047132323
1248,-0.15300434192562307,8.200610277828753e-19,mid,4.9002840578846616e-17,7.91085041213099e-19,1787,1788,-342.6531358339454
1249,-0.15483452503539752,8.614322037535462e-19,mid,4.710579672006541e-17,7.377436796721454e-19,1788,1789,-342.8070891551745
1250,-0.15521783562078895,8.863527775854057e-19,mid,4.5017344201684455e-17,6.794541735050177e-19,1789,1790,-342.9628048840162
1251,-0.15238741801741185,8.938134338989107e-19,mid,4.2881427525796055e-17,6.202426277318547e-19,1790,1791,-343.11752482641606
1252,-0.14702924650637783,8.836672074394375e-19,mid,4.085990717067682e-17,5.660912381928109e-19,1791,1792,-343.267579720051
1253,-0.32211463093770476,8.566865028339355e-19,mid,3.912872600586893e-17,5.242041180653726e-19,1792,1793,-343.4115833194288
1254,-0.37870444841237827,6.004992583081363e-19,mid,6.941448159574081e-17,7.63566266549009e-19,2422,2423,-343.9118089819264
1255,-0.2345892329088599,7.032756614546063e-19,mid,7.109615192161128e-17,7.265853503920214e-19,2423,2424,-344.16899221625357
1256,-0.18656599557982645,7.907916749849889e-19,mid,7.327319204843176e-17,6.8565669410529e-19,2424,2425,-344.38098744774413
1257,-0.13648133554826813,8.604412840922122e-19,mid,7.572847137217657e-17,6.459312617429202e-19,2425,2426,-344.5421242074132
1258,-0.09188042977956457,9.121108152930425e-19,mid,7.824659749565584e-17,6.133446138474378e-19,2426,2427,-344.65395011884067
1259,-0.0582646056076328,9.469858671280052e-19,mid,8.063969347931485e-17,5.917389659845712e-19,2427,2428,-344.72588506697235
1260,-0.03629235216723714,9.656452067512826e-19,mid,8.274973593094309e-17,5.81681678719134e-19,2428,2429,-344.77047933005593
1261,-0.02474008229259539,9.669940778140403e-19,mid,8.443801037675002e-17,5.825770452155854e-19,2429,2430,-344.7984697713068
1262,-0.02502844424259365,9.488043755681304e-19,mid,8.558083417254685e-17,5.953432909813327e-19,2430,2431,-344.8199594946411
1263,-0.03970762481887391,9.09197251974162e-19,mid,8.608233157612554e-17,6.21686328499391e-19,2431,2432,-344.848526659792
1264,-0.06682070296656661,8.478391976222342e-19,mid,8.58965853137439e-17,6.604821116499296e-19,2432,2433,-344.8993747442789
1265,-0.09964806467667131,7.663834427524105e-19,mid,8.504081898604907e-17,7.06148682962809e-19,2433,2434,-344.98216806572515
1266,-0.13290663263242664,6.6835556060914e-19,mid,8.358913050576413e-17,7.511436137674162e-19,2434,2435,-345.0986708736322
1267,-0.16783680750339158,5.584217837388764e-19,mid,8.165353357089028e-17,7.894956667166937e-19,2435,2436,-345.24798133099
1268,-0.2148770841300518,4.41044587066476e-19,mid,7.936767531181565e-17,8.18514882183119e-19,2436,2437,-345.434344488639
1269,-0.30861165677256963,3.195479008816175e-19,mid,7.688236628696624e-17,8.38461795377929e-19,2437,2438,-345.6777354992501
1270,-0.629010615116897,1.9799926129140838e-19,mid,7.436975373763578e-17,8.50928978223854e-19,2438,2439,-346.05156780218414
1271,-1.1843680730447943,9.93387733510092e-20,mid,7.202541452323209e-17,8.569312112005108e-19,2439,2440,-346.9357567294839
1272,-1.0622558678015253,1.330642661746417e-19,mid,7.005816265487712e-17,8.558639671754713e-19,2440,2441,-348.4203039482737
1273,-0.5173530682780552,2.5223511281983074e-19,mid,6.866374708438285e-17,8.459906207104383e-19,2441,2442,-349.06026846508695
1274,-0.35912881034172983,3.7936005799234077e-19,mid,6.798847215812145e-17,8.26096203135918e-19,2442,2443,-349.45501008482984
1275,-0.3014390583191755,5.009060985756816e-19,mid,6.809818478427344e-17,7.970999295771523e-19,2443,2444,-349.7785260857704
1276,-0.2588564589958935,6.126935721020081e-19,mid,6.896854644679632e-17,7.6231334291816935e-19,2444,2445,-350.0578882014682
1277,-0.21823985627730735,7.130363282359609e-19,mid,7.049947422681112e-17,7.259508182775481e-19,2445,2446,-350.2962390037622
1278,-0.1790031585233578,8.008701818160041e-19,mid,7.254080386812177e-17,6.909872475304905e-19,2446,2447,-350.4943679140228
1279,-0.14154047711303974,8.748937545441079e-19,mid,7.491373209382987e-17,6.58270170679073e-19,2447,2448,-350.6542453208089
1280,-0.1050317277818067,9.333887274099808e-19,mid,7.74238487579263e-17,6.279460644060407e-19,2448,2449,-350.7774488682489
1281,-0.06986053107246448,9.74317491324116e-19,mid,7.987200785639158e-17,6.021668456256272e-19,2449,2450,-350.8643087763725
1282,-0.04092382229265468,9.954271614513278e-19,mid,8.206881991412063e-17,5.864146135491613e-19,2450,2451,-350.9171699303938
1283,-0.026217323006676452,9.94633054149254e-19,mid,8.385131182058248e-17,5.872773909603457e-19,2451,2452,-350.94615642095783
1284,-0.029508300919303565,9.710477105940775e-19,mid,8.509623164622901e-17,6.07659355945722e-19,2452,2453,-350.96960457640716
1285,-0.04602950994387811,9.260674874270316e-19,mid,8.572666881619158e-17,6.439329010542737e-19,2453,2454,-351.00517302279644
1286,-0.06756937712080457,8.631670323802224e-19,mid,8.571213494779624e-17,6.88118292897591e-19,2454,2455,-351.0616635962949
1287,-0.0897674314925041,7.860341443095914e-19,mid,8.506339184395108e-17,7.327100325209642e-19,2455,2456,-351.14031177703805
1288,-0.11397642914974426,6.965758779524318e-19,mid,8.382456046082184e-17,7.738663475545174e-19,2456,2457,-351.24119845927993
1289,-0.14498566209300634,5.947164040152667e-19,mid,8.206798707528921e-17,8.110517588848123e-19,2457,2458,-351.36826463533754
1290,-0.18955533895530152,4.801408669641179e-19,mid,7.989714433759293e-17,8.442301662533132e-19,2458,2459,-351.53116978346594
1291,-0.26549993566666785,3.543529404125766e-19,mid,7.745547075052808e-17,8.714645531239313e-19,2459,2460,-351.74737531324814
1292,-0.5004405638093203,2.219775005336603e-19,mid,7.493012924001519e-17,8.890984518924942e-19,2460,2461,-352.0621696547993
1293,-1.262731083412291,9.79245367805867e-20,mid,7.253953137737003e-17,8.94104979906446e-19,2461,2462,-352.7482564408668
1294,-1.2645042040749956,1.0030145432759666e-19,mid,7.050442372363382e-17,8.86266020615446e-19,2462,2463,-354.58763182162386
1295,-0.5259370236422001,2.235200446900197e-19,mid,6.90146858092041e-17,8.683243832867324e-19,2463,2464,-355.2772648490168
1296,-0.32663487294277616,3.5417725609521736e-19,mid,6.82059354114777e-17,8.441956424585453e-19,2464,2465,-355.63950586890826
1297,-0.2749289562949002,4.806520240295036e-19,mid,6.815033022654036e-17,8.167476414206341e-19,2465,2466,-355.9305345949023
1298,-0.24633230281870055,6.005254208875553e-19,mid,6.885518197320178e-17,7.867249346257612e-19,2466,2467,-356.18936378149806
1299,-0.21942702024858818,7.121220556422459e-19,mid,7.026191883561994e-17,7.534793442440793e-19,2467,2468,-356.4231992005397
1300,-0.18625247749326945,8.127177713465056e-19,mid,7.224594300942385e-17,7.16944499924681e-19,2468,2469,-356.62821782199524
1301,-0.14495540611602564,8.982176305072142e-19,mid,7.46247540191313e-17,6.795362028235526e-19,2469,2470,-356.79570415552627
1302,-0.10016016744916101,9.642793336726725e-19,mid,7.717970788741985e-17,6.467046427772696e-19,2470,2471,-356.9181286342273
1303,-0.06154312364407133,1.0082001425133364e-18,mid,7.968815647575489e-17,6.252556985977072e-19,2471,2472,-356.9960244904246
1304,-0.03753925513652234,1.0300326255000232e-18,mid,8.195466944022207e-17,6.196608917326558e-19,2472,2473,-357.04121488151543
1305,-0.02889818372707964,1.0317976536806433e-18,mid,8.382829318486707e-17,6.292543025150446e-19,2473,2474,-357.07110300069763
1306,-0.030420102668699656,1.0153316184719074e-18,mid,8.520013136111034e-17,6.498031430404091e-19,2474,2475,-357.0990112489696
1307,-0.03833384659773742,9.806399349643765e-19,mid,8.59893186253505e-17,6.778243023353203e-19,2475,2476,-357.13194320603503
1308,-0.05309484890887006,9.26159093369102e-19,mid,8.613495131884001e-17,7.124504659666115e-19,2476,2477,-357.17567894216506
1309,-0.07552304053533021,8.505074126423861e-19,mid,8.560572716892874e-17,7.531370541441421e-19,2477,2478,-357.2381329038528
1310,-0.103012477457753,7.540857543357239e-19,mid,8.442093513231495e-17,7.965619703585377e-19,2478,2479,-357.3267250232357
1311,-0.13087451488019042,6.394971521690867e-19,mid,8.266361364131951e-17,8.36679334529156e-19,2479,2480,-357.4441578587683
1312,-0.1568792249040314,5.11026622130005e-19,mid,8.047281715677997e-17,8.677426107075666e-19,2480,2481,-357.5884740529961
1313,-0.18616124285810542,3.7366018605539526e-19,mid,7.802036308135641e-17,8.869858398869413e-19,2481,2482,-357.75791630857634
1314,-0.2617563690815814,2.3185839149107983e-19,mid,7.548898179420196e-17,8.949760345765154e-19,2482,2483,-357.9607965387123
1315,-1.5710878093148892,8.909122694405864e-20,mid,7.306356461993204e-17,8.941261643854179e-19,2483,2484,-358.2814290467395
1316,-1.6364701315789603,6.092327572418105e-20,mid,7.093236456739478e-17,8.867131889557004e-19,2484,2485,-361.1029721573421
1317,-0.3678057926808833,2.0433584660123227e-19,mid,6.92841924725365e-17,8.73560195200661e-19,2485,2486,-361.5543693098974
1318,-0.276210770594588,3.484454344029856e-19,mid,6.828916881607237e-17,8.540217121671364e-19,2486,2487,-361.83858374270386
1319,-0.26056710828834184,4.8816025729685e-19,mid,6.806368759416857e-17,8.271375031647448e-19,2487,2488,-362.1067908510866
1320,-0.23975367034449846,6.185835285430602e-19,mid,6.863627276453534e-17,7.932177360377348e-19,2488,2489,-362.35971795928054
1321,-0.20869319408325282,7.3539935252673425e-19,mid,6.993647119931088e-17,7.549085409406899e-19,2489,2490,-362.5862981917756
1322,-0.1712836441468255,8.360602356618308e-19,mid,7.18155069704534e-17,7.168490771258568e-19,2490,2491,-362.77710434744705
1323,-0.13357051719293622,9.197350111420666e-19,mid,7.408493870871851e-17,6.837526588877654e-19,2491,2492,-362.92886548006925
1324,-0.09972645255459156,9.862340056028114e-19,mid,7.654946165975844e-17,6.58263027316329e-19,2492,2493,-363.0442453818329
1325,-0.07080375635240443,1.0349178544155268e-18,mid,7.90207851037349e-17,6.407229611718343e-19,2493,2494,-363.12831838517843
1326,-0.047256873292752744,1.0643489345999263e-18,mid,8.131841090464662e-17,6.313250210485254e-19,2494,2495,-363.18585289453773
1327,-0.03207941769605327,1.0726633956451207e-18,mid,8.327223893786918e-17,6.322979185740475e-19,2495,2496,-363.22283213176394
1328,-0.029594923073943846,1.0581477917970807e-18,mid,8.473519388642294e-17,6.471716567140045e-19,2496,2497,-363.25001172992984
1329,-0.04031642435501226,1.0197805849855766e-18,mid,8.560064588526291e-17,6.772322036734177e-19,2497,2498,-363.2820219779118
1330,-0.058992032457240384,9.579527646261668e-19,mid,8.581352054264604e-17,7.190235016472515e-19,2498,2499,-363.33064457863986
1331,-0.07890533806042299,8.751429000243053e-19,mid,8.537001040857017e-17,7.6561616294342195e-19,2499,2500,-363.4000060428263
1332,-0.09666802057606105,7.755901914613519e-19,mid,8.4309788235807e-17,8.099690929225522e-19,2500,2501,-363.4884552547607
1333,-0.113000710160577,6.63608628469858e-19,mid,8.270729229574142e-17,8.476095305642515e-19,2501,2502,-363.5933420839784
1334,-0.13084378649583073,5.417716283571636e-19,mid,8.06658675466527e-17,8.77356978077086e-19,2502,2503,-363.71445667508186
1335,-0.15307449580532762,4.1065779468136154e-19,mid,7.831594221689074e-17,9.000069824262033e-19,2503,2504,-363.8550296569701
1336,-0.18187248706556147,2.7038718260976373e-19,mid,7.581675166689736e-17,9.160381831482406e-19,2504,2505,-364.0206056666925
1337,1.3948955052954375,1.2245662301227073e-19,mid,7.335753298701835e-17,9.241982252724336e-19,2505,2506,-364.2187746311012
1338,1.3527781397630463,2.978546821657332e-20,mid,7.115004139390657e-17,9.221228863197273e-19,2506,2507,-361.23081465610164
1339,-0.26732349947613443,1.8180101987049664e-19,mid,6.940584386770299e-17,9.083845680236378e-19,2507,2508,-361.5132183515751
1340,-0.24935246316789517,3.29591135491728e-19,mid,6.830163527332816e-17,8.841808629776465e-19,2508,2509,-361.7654616550539
1341,-0.23900345084484798,4.699425603251094e-19,mid,6.794674845720388e-17,8.532247632348686e-19,2509,2510,-362.0119232779109
1342,-0.22089893086263146,6.00608486631248e-19,mid,6.836782862394307e-17,8.198848065051891e-19,2510,2511,-362.2434685567436
1343,-0.197906220395339,7.201044237464277e-19,mid,6.95140270545172e-17,7.8702703879615885e-19,2511,2512,-362.4537211396362
1344,-0.1717437536866555,8.274175097032539e-19,mid,7.127344494558167e-17,7.552848038024163e-19,2512,2513,-362.6392809975343
1345,-0.14207563051638772,9.214027979195224e-19,mid,7.348975630158982e-17,7.244181255093057e-19,2513,2514,-362.7972086470095
1346,-0.10868796873708675,9.999806731602218e-19,mid,7.597544897849777e-17,6.957649025409863e-19,2514,2515,-362.92343225856706
1347,-0.07473970737703439,1.059785541152609e-18,mid,7.852495222326247e-17,6.737527441543329e-19,2515,2516,-363.01458458448366
1348,-0.04742445811871221,1.0969756674198226e-18,mid,8.093156893781492e-17,6.647378839083399e-19,2516,2517,-363.07291167332113
1349,-0.03331924646806783,1.1090572651023622e-18,mid,8.30082965129029e-17,6.731686882041731e-19,2517,2518,-363.1094335007211
1350,-0.03246125323815363,1.0963539904330311e-18,mid,8.460768740136564e-17,6.979563213133501e-19,2518,2519,-363.13955016625727
1351,-0.03907638283121173,1.0616199821026626e-18,mid,8.563275500831097e-17,7.329737380671969e-19,2519,2520,-363.1743560071974
1352,-0.04808850877296322,1.0078798570535527e-18,mid,8.603347643227682e-17,7.715170989639196e-19,2520,2521,-363.2177029319197
1353,-0.058991506539769034,9.363909819149844e-19,mid,8.579324533300167e-17,8.101548908826831e-19,2521,2522,-363.2705330247433
1354,-0.0738128449461044,8.4656083985038445e-19,mid,8.491923658989881e-17,8.485569813055231e-19,2522,2523,-363.3356859449992
1355,-0.09261340223201842,7.377143796499553e-19,mid,8.344813432921928e-17,8.862498427050798e-19,2523,2524,-363.4181587146355
1356,-0.11057382958864537,6.109540097879141e-19,mid,8.146330639356892e-17,9.200616444052898e-19,2524,2525,-363.52091274946326
1357,-0.11609736224741596,4.697041481206544e-19,mid,7.910615743244285e-17,9.449217778551033e-19,2525,2526,-363.6393063738128
1358,-0.07032231578384085,3.191794975476137e-19,mid,7.656748028309192e-17,9.569465150054648e-19,2526,2527,-363.7531074739581
1359,0.5053948635292898,1.6661917614509864e-19,mid,7.406120503861364e-17,9.556923679042e-19,2527,2528,-363.7799510053805
1360,1.037512059556576,5.352198966611373e-20,mid,7.179611270902133e-17,9.438788731611453e-19,2528,2529,-362.7423177468995
1361,0.4896371240562587,1.635432447447392e-19,mid,6.995882135218493e-17,9.25264989586588e-19,2529,2530,-361.70492688626734
1362,-0.11447361768088626,3.106383149546059e-19,mid,6.870761766058432e-17,9.024215003037862e-19,2530,2531,-361.763043498787
1363,-0.18550813380778663,4.566238186838665e-19,mid,6.816533943457609e-17,8.75848293971585e-19,2531,2532,-361.9338741216291
1364,-0.2008233496993057,5.980948732903516e-19,mid,6.840147829443945e-17,8.448458816623428e-19,2532,2533,-362.1340597664026
1365,-0.1923186987436054,7.314106022356811e-19,mid,6.940788972141735e-17,8.093802131619581e-19,2533,2534,-362.3355208210277
1366,-0.1672074315014811,8.516477943671883e-19,mid,7.108555139451404e-17,7.716680016049096e-19,2534,2535,-362.5186971638898
1367,-0.13282370096391105,9.539893246776585e-19,mid,7.325753822794093e-17,7.364344647230515e-19,2535,2536,-362.6699356840307
1368,-0.09819891392584168,1.0353742572729892e-18,mid,7.570612656279688e-17,7.093005395464093e-19,2536,2537,-362.7843445658176
1369,-0.07036361678950698,1.0950009684157449e-18,mid,7.821504795182088e-17,6.939292161635508e-19,2537,2538,-362.8663335118824
1370,-0.05110053285991967,1.1333605850813113e-18,mid,8.059577608427077e-17,6.903424694091061e-19,2538,2539,-362.9250717993966
1371,-0.03862115306662872,1.1507169978979027e-18,mid,8.269038278041058e-17,6.964278622781798e-19,2539,2540,-362.9685345776022
1372,-0.03222294564110939,1.14628321412054e-18,mid,8.436168521307601e-17,7.110491559644304e-19,2540,2541,-363.0023141055299
1373,-0.033779314003652416,1.1185904204145327e-18,mid,8.548935452603212e-17,7.350856698047849e-19,2541,2542,-363.03298046888443
1374,-0.0443576795648255,1.0665138562136187e-18,mid,8.598161577656573e-17,7.691347724970798e-19,2542,2543,-363.0698727335372
1375,-0.06094254917670128,9.901548863483492e-19,mid,8.579479335176497e-17,8.106223739802729e-19,2543,2544,-363.1216958280141
1376,-0.07776120068888304,8.913515794783066e-19,mid,8.49445344721804e-17,8.538083822409887e-19,2544,2545,-363.1917578318906
1377,-0.08997063306236441,7.738323767773134e-19,mid,8.350068217674201e-17,8.92501283475671e-19,2545,2546,-363.27721822939185
1378,-0.09473307042750889,6.426506317101451e-19,mid,8.157195732298992e-17,9.226365815530265e-19,2546,2547,-363.3716990980153
1379,-0.08689113127979908,5.0279003711641895e-19,mid,7.929221536510087e-17,9.430801389586003e-19,2547,2548,-363.46668437024687
1380,-0.03833008065635113,3.5800447275726224e-19,mid,7.681476290715304e-17,9.548082452773455e-19,2548,2549,-363.5454813605749
1381,0.27789621362191497,2.1235428645985185e-19,mid,7.431292559700363e-17,9.592422266599464e-19,2549,2550,-363.54334453155957
1382,0.870366107268552,9.15561834394185e-20,mid,7.198001867225702e-17,9.567843490496048e-19,2550,2551,-362.9896889333311
1383,0.633303959341788,1.4860372919503496e-19,mid,7.002073608995425e-17,9.465266381774773e-19,2551,2552,-361.80261231702247
1384,-0.030103400446392925,2.953325609977062e-19,mid,6.862854931875573e-17,9.273199838163925e-19,2552,2553,-361.7230810146475
1385,-0.16317243833185557,4.466464763556783e-19,mid,6.795153107008048e-17,8.994170029036242e-19,2553,2554,-361.86281911791525
1386,-0.18766228817219144,5.910712179448376e-19,mid,6.80599189800114e-17,8.654453970160484e-19,2554,2555,-362.0494258913112
1387,-0.18039155087333825,7.240380986195495e-19,mid,6.893266332180562e-17,8.298191334041038e-19,2555,2556,-362.23814369425963
1388,-0.15994109836159964,8.430066074944171e-19,mid,7.04693174339005e-17,7.9681590111557145e-19,2556,2557,-362.4102089930579
1389,-0.13457348748121944,9.464130953295048e-19,mid,7.251663800290434e-17,7.6878492939585015e-19,2557,2558,-362.55802589098283
1390,-0.10786837619406242,1.0331259384002057e-18,mid,7.489355427875583e-17,7.460942863783192e-19,2558,2559,-362.67935596802033
1391,-0.08141621004941157,1.1019830373655437e-18,mid,7.740709098162028e-17,7.289875174548688e-19,2559,2560,-362.77376264337096
1392,-0.05772323655423861,1.1512677792969524e-18,mid,7.986266635723529e-17,7.196537908484746e-19,2560,2561,-362.84218838811915
1393,-0.04110719087489656,1.1784185464810947e-18,mid,8.207465147270459e-17,7.222584804566436e-19,2561,2562,-362.88920911647944
1394,-0.03499289818623197,1.1805801294728983e-18,mid,8.387910272082547e-17,7.402334076569804e-19,2562,2563,-362.92440276986895
1395,-0.038412213433360876,1.156123743932471e-18,mid,8.514696954318917e-17,7.729553719218351e-19,2563,2564,-362.9591949128519
1396,-0.0464696653722001,1.1060840484348695e-18,mid,8.57948862867164e-17,8.150836422436757e-19,2564,2565,-363.00122719673567
1397,-0.05446051038794053,1.0339948521889274e-18,mid,8.578991197328456e-17,8.593201197137787e-19,2565,2566,-363.0521342435963
1398,-0.06092904614416739,9.439091192090345e-19,mid,8.514515792355446e-17,9.001744420329487e-19,2566,2567,-363.11014821751155
1399,-0.06706929168203146,8.382931261484327e-19,mid,8.390848178137698e-17,9.35774590429965e-19,2567,2568,-363.17399233588463
1400,-0.07309362103382,7.177313139824385e-19,mid,8.215357695209053e-17,9.665664105935881e-19,2568,2569,-363.2442868008756
1401,-0.07235250825885942,5.826368698567179e-19,mid,7.99823635814989e-17,9.923776105724942e-19,2569,2570,-363.3201795779523
1402,-0.03738767405346266,4.35570164750647e-19,mid,7.753635926429046e-17,1.0107440325897443e-18,2570,2571,-363.38899181739333
1403,0.1546613543527542,2.8379881853431733e-19,mid,7.500298176370756e-17,1.0180502264961074e-18,2571,2572,-363.3949549260592
1404,0.6471841583461355,1.52049035886311e-19,mid,7.260333021822548e-17,1.012234034578786e-18,2572,2573,-363.0796691086878
1405,0.6417357946300797,1.4977185658707158e-19,mid,7.056144180869712e-17,9.945219155315224e-19,2573,2574,-362.1005866093669
1406,0.12837928007908772,2.775169055786841e-19,mid,6.906888974713639e-17,9.6883248968491e-19,2574,2575,-361.79619751942766
1407,-0.09122861475159993,4.251970531627078e-19,mid,6.826042655424171e-17,9.394948023314295e-19,2575,2576,-361.84382804920875
1408,-0.1474594502329296,5.707627731961011e-19,mid,6.820572116069533e-17,9.090751771968999e-19,2576,2577,-361.97865474893086
1409,-0.1605500548528198,7.097774571426138e-19,mid,6.89101193138017e-17,8.778902243255663e-19,2577,2578,-362.1387469496746
1410,-0.15356404746859198,8.400817292116248e-19,mid,7.031513305135123e-17,8.454972924281664e-19,2578,2579,-362.2997548586365
1411,-0.13295961736585582,9.585670804641147e-19,mid,7.229770388680723e-17,8.129796857231517e-19,2579,2580,-362.4458750446118
1412,-0.10430172104653934,1.0605942329014113e-18,mid,7.467613602372382e-17,7.842459292979265e-19,2580,2581,-362.5656740933682
1413,-0.07539034208554085,1.141169699521914e-18,mid,7.72303414990054e-17,7.650664405422678e-19,2581,2582,-362.6544784867049
1414,-0.053551134836141046,1.1968409892806228e-18,mid,7.973475186852632e-17,7.599329167743326e-19,2582,2583,-362.7164547775393
1415,-0.04119761692314228,1.2267793852599426e-18,mid,8.199174030998914e-17,7.68997149650306e-19,2583,2584,-362.76158075637716
1416,-0.03561058817325602,1.2321519493116715e-18,mid,8.385025465645312e-17,7.883114912080483e-19,2584,2585,-362.7988500113856
1417,-0.03357997558026682,1.2143654919257266e-18,mid,8.520297500348027e-17,8.134574736842259e-19,2585,2586,-362.83280193272367
1418,-0.03500848106645549,1.1737266680730229e-18,mid,8.597122854179186e-17,8.426880373303656e-19,2586,2587,-362.8660099625461
1419,-0.04164096155594166,1.1095775667053161e-18,mid,8.609655175643835e-17,8.764295851364807e-19,2587,2588,-362.9028188948566
1420,-0.05317780841102149,1.0215792128097303e-18,mid,8.555028455263356e-17,9.140810686634435e-19,2588,2589,-362.949291885658
1421,-0.06528888088431017,9.109719732945271e-19,mid,8.435368791245455e-17,9.518580542325325e-19,2589,2590,-363.0091745116786
1422,-0.07080282529580018,7.81097458018768e-19,mid,8.258975535185791e-17,9.840514296620182e-19,2590,2591,-363.0798696474266
1423,-0.06020360587223195,6.373107856537635e-19,mid,8.039549599100529e-17,1.0061551637619454e-18,2591,2592,-363.1507801622702
1424,-0.01368605577499693,4.867093094530835e-19,mid,7.794065815338897e-17,1.016838696225922e-18,2592,2593,-363.2002768591711
1425,0.13354450347193847,3.389671358628285e-19,mid,7.540782799770828e-17,1.0176049431248794e-18,2593,2594,-363.1781522738202
1426,0.45545106021859283,2.152302613039213e-19,mid,7.29833334922948e-17,1.0109698994725573e-18,2594,2595,-362.9331878522272
1427,0.5445416927526594,1.8234658998729997e-19,mid,7.085612034918786e-17,9.986101441882395e-19,2595,2596,-362.26725015338303
1428,0.23074297346880712,2.7610770907242823e-19,mid,6.921326302415217e-17,9.806394416441572e-19,2596,2597,-361.8441044667219
1429,-0.032184130318142934,4.174622101236561e-19,mid,6.822165133223624e-17,9.563417783938273e-19,2597,2598,-361.8057642064454
1430,-0.1254110999412319,5.678170320119129e-19,mid,6.799565623400032e-17,9.257198511765029e-19,2598,2599,-361.9084727273582
1431,-0.15047294010346945,7.13975167837447e-19,mid,6.85647188653239e-17,8.907717186601336e-19,2599,2600,-362.0565864063279
1432,-0.14542703289171754,8.486814680225419e-19,mid,6.98613163172334e-17,8.555765087582788e-19,2600,2601,-362.2094186075651
1433,-0.12696680766200075,9.674212068584587e-19,mid,7.173900153164382e-17,8.248779002666055e-19,2601,2602,-362.3474404721113
1434,-0.1046116674042139,1.0676240062338734e-18,mid,7.40091771820402e-17,8.019636591686272e-19,2602,2603,-362.4633522228891
1435,-0.082904067274427,1.1478969080743087e-18,mid,7.64743696404315e-17,7.876082043211455e-19,2603,2604,-362.55666380691974
1436,-0.06331249488064827,1.2073007122819067e-18,mid,7.89446314179251e-17,7.811770957562078e-19,2604,2605,-362.62916035743797
1437,-0.047176497373584425,1.2448519432616836e-18,mid,8.124086336184295e-17,7.828195617728357e-19,2605,2606,-362.68328879668104
1438,-0.03709571688065694,1.259243779112282e-18,mid,8.319748866368994e-17,7.944024469063573e-19,2606,2607,-362.72351335218514
1439,-0.03522108065709517,1.2488278402204057e-18,mid,8.467187108060091e-17,8.179568406038604e-19,2607,2608,-362.75748023044235
1440,-0.040603974355292394,1.2121234243729999e-18,mid,8.555760614428039e-17,8.529935976363356e-19,2608,2609,-362.7939555134993
1441,-0.04915650822982798,1.1489647497574768e-18,mid,8.579456124720912e-17,8.954157460638494e-19,2609,2610,-362.83868817915294
1442,-0.056352360210780716,1.0615860645417467e-18,mid,8.537213060117275e-17,9.39050167362631e-19,2610,2611,-362.892268529959
1443,-0.059547624990557324,9.544554008043083e-19,mid,8.432654561385252e-17,9.783503783490191e-19,2611,2612,-362.9513928995745
1444,-0.05779699059729637,8.326113427897508e-19,mid,8.273397169765205e-17,1.0103553958182273e-18,2612,2613,-363.0113637799401
1445,-0.048728999224096015,6.999023366579012e-19,mid,8.070165995536549e-17,1.0348143969502428e-18,2613,2614,-363.0669868807691
1446,-0.020694354597850406,5.590122133475428e-19,mid,7.836168184284016e-17,1.0525384222106379e-18,2614,2615,-363.1088217783883
1447,0.06864426075432561,4.143196362079222e-19,mid,7.587117844687192e-17,1.0633646416514093e-18,2615,2616,-363.1083755899648
1448,0.30984537152158964,2.799804948343475e-19,mid,7.341603342566132e-17,1.0655326455634965e-18,2616,2617,-362.97153325687964
1449,0.5067783819485498,2.0564033369111982e-19,mid,7.120701392097134e-17,1.0570113108094262e-18,2617,2618,-362.4886848469216
1450,0.3327739070541611,2.611582554911165e-19,mid,6.945842164925739e-17,1.0375578544309824e-18,2618,2619,-361.95797649298254
1451,0.03953018139060305,3.928927607936908e-19,mid,6.835143885345326e-17,1.009722135995922e-18,2619,2620,-361.8231370328133
1452,-0.08734648472895401,5.412157800985788e-19,mid,6.799815572801354e-17,9.77939072867735e-19,2620,2621,-361.87891613020133
1453,-0.1270672486674016,6.870880228154091e-19,mid,6.84242852785551e-17,9.463754371646002e-19,2621,2622,-361.9978300022712
1454,-0.13337664918415726,8.239600652396657e-19,mid,6.95756617474166e-17,9.171885484998412e-19,2622,2623,-362.13305062753614
1455,-0.12425313866413035,9.491785793063157e-19,mid,7.133808364272515e-17,8.905836450507762e-19,2623,2624,-362.2645833006395
1456,-0.10624274002046263,1.0610349276773014e-18,mid,7.355621479123876e-17,8.6663427956482935e-19,2624,2625,-362.3815569048644
1457,-0.08348968548025937,1.1570159327660058e-18,mid,7.604569006908187e-17,8.473401581625734e-19,2625,2626,-362.47706878068044
1458,-0.061163437616158944,1.2331649556638056e-18,mid,7.860267939926088e-17,8.370037524147881e-19,2626,2627,-362.5485362758249
1459,-0.04468936290598435,1.2849399322484369e-18,mid,8.101830747323993e-17,8.400615304502308e-19,2627,2628,-362.59939565591276
1460,-0.03643342247914916,1.30907790428892e-18,mid,8.31005808732682e-17,8.576996279887521e-19,2628,2629,-362.6379150016369
1461,-0.034247443388863985,1.3050300335909409e-18,mid,8.469797660170827e-17,8.863734281142163e-19,2629,2630,-362.67226250087106
1462,-0.03426448273935989,1.2747073600228025e-18,mid,8.571311501118177e-17,9.200340307473565e-19,2630,2631,-362.7064098884146
1463,-0.03474005340831354,1.2207309018274449e-18,mid,8.609870051225335e-17,9.540559075676887e-19,2631,2632,-362.7407914663498
1464,-0.03677445402684043,1.1447646500111955e-18,mid,8.584132800126275e-17,9.871672329248207e-19,2632,2633,-362.77588999523124
1465,-0.04157311486119397,1.0473689844575127e-18,mid,8.495009561365961e-17,1.0198599181931714e-18,2633,2634,-362.81434037440346
1466,-0.04686212382625854,9.293446929265433e-19,mid,8.346260189841078e-17,1.0512229446176363e-18,2634,2635,-362.8590362249536
1467,-0.04478381289186473,7.93367240747506e-19,mid,8.146299234693653e-17,1.0775918395841017e-18,2635,2636,-362.908064622056
1468,-0.020043691353521353,6.450527030626233e-19,mid,7.909334996950199e-17,1.0943307766625465e-18,2636,2637,-362.94860385073736
1469,0.05694019129740013,4.940981309552036e-19,mid,7.65446484993085e-17,1.0987859394521443e-18,2637,2638,-362.948152004763
1470,0.2257073879401048,3.583738974479518e-19,mid,7.403069621999065e-17,1.0916997049079725e-18,2638,2639,-362.83472346814256
1471,0.3881876729773239,2.7623359000817017e-19,mid,7.176039986520454e-17,1.0762445264667933e-18,2639,2640,-362.4967372288828
1472,0.32255463462641387,2.9739478401711446e-19,mid,6.99206247160348e-17,1.0557659779691304e-18,2640,2641,-362.0583481221879
1473,0.10706903549066737,4.0223023422474546e-19,mid,6.86691791478452e-17,1.031975681477441e-18,2641,2642,-361.85162795963
1474,-0.038943391231214264,5.402381590475541e-19,mid,6.81272859201029e-17,1.0048018264740602e-18,2642,2643,-361.8442100512066
1475,-0.1026605621771921,6.873448669318919e-19,mid,6.836247935809006e-17,9.738352353569673e-19,2643,2644,-361.9295147420924
1476,-0.12153510002553958,8.325249166002961e-19,mid,6.936558611360724e-17,9.401807617225659e-19,2644,2645,-362.04953117556096
1477,-0.116107942071352,9.680624012322934e-19,mid,7.103791146231122e-17,9.07319007195512e-19,2645,2646,-362.1725849421435
1478,-0.099293983794837,1.0876099985127284e-18,mid,7.320352242639459e-17,8.80191729348385e-19,2646,2647,-362.28174705970366
1479,-0.08025409201050593,1.18655784103622e-18,mid,7.564536519609231e-17,8.62839255684816e-19,2647,2648,-362.37117290973316
1480,-0.0636939968136403,1.2623206231124981e-18,mid,7.814698638243803e-17,8.563219871305662e-19,2648,2649,-362.4422552437247
1481,-0.050297485073940607,1.313876699286326e-18,mid,8.051903023450103e-17,8.58954588888978e-19,2649,2650,-362.49856090336044
1482,-0.039655667041444076,1.3408884864309867e-18,mid,8.260317225312696e-17,8.687502468272798e-19,2650,2651,-362.54285021387255
1483,-0.03280333668095636,1.3429929194337157e-18,mid,8.42637657835296e-17,8.855365559185146e-19,2651,2652,-362.57787223744333
1484,-0.03170759671351675,1.3195899776948125e-18,mid,8.538439642134132e-17,9.105334727240329e-19,2652,2653,-362.60845688723447
1485,-0.03662828023135489,1.2701160453351167e-18,mid,8.587761837456849e-17,9.438459844330754e-19,2653,2654,-362.64128743087036
1486,-0.04467695911273495,1.194677779578667e-18,mid,8.570102816317052e-17,9.825524091755791e-19,2654,2655,-362.6817134476972
1487,-0.05118540923521664,1.0949103116161123e-18,mid,8.486676564085395e-17,1.0213819406147935e-18,2655,2656,-362.73064134909583
1488,-0.05189568370684583,9.746341042446179e-19,mid,8.343872132440653e-17,1.0551577572288307e-18,2656,2657,-362.7840842661676
1489,-0.04321881161502006,8.396609513453015e-19,mid,8.152182538014212e-17,1.0808408545667703e-18,2657,2658,-362.8344327165095
1490,-0.019248707928056774,6.967668831511515e-19,mid,7.925075424992899e-17,1.0979755100046108e-18,2658,2659,-362.87052188939765
1491,0.03561659609610501,5.532478200883933e-19,mid,7.678221511052518e-17,1.1076264974239177e-18,2659,2660,-362.87293013236564
1492,0.15308675585617948,4.198133959805958e-19,mid,7.429127315705252e-17,1.1106924383183312e-18,2660,2661,-362.79928869720544
1493,0.3136894105479655,3.209406113518762e-19,mid,7.196920456649173e-17,1.1068434896598484e-18,2661,2662,-362.5667566206533
1494,0.3359339630037823,3.0375886386804444e-19,mid,7.001681318147327e-17,1.0948945209787946e-18,2662,2663,-362.1719098761095
1495,0.168114861267469,3.8360958233513095e-19,mid,6.862572975887299e-17,1.0742886925191177e-18,2663,2664,-361.8948886946457
1496,-1.7293489719349964e-05,5.15123363273014e-19,mid,6.794633911201891e-17,1.0464868121702417e-18,2664,2665,-361.8356801535746
1497,-0.08224847217798015,6.618224144898257e-19,mid,6.805367097399709e-17,1.0151146443961197e-18,2665,2666,-361.89492328162515
1498,-0.1104074419171468,8.067684199340056e-19,mid,6.893003016463277e-17,9.84609913820325e-19,2666,2667,-362.00017709793053
1499,-0.11237293040119312,9.41714584207334e-19,mid,7.047434444152948e-17,9.582873677111665e-19,2667,2668,-362.11573816545945
1500,-0.10211101556205904,1.0623637027199758e-18,mid,7.252992264827987e-17,9.373534887960908e-19,2668,2669,-362.2249229587329
1501,-0.08612767214549422,1.1664771367223697e-18,mid,7.491317759677737e-17,9.217215182258367e-19,2669,2670,-362.31996019658357
1502,-0.06798976135434032,1.2525517533051046e-18,mid,7.743238106144676e-17,9.118992803870027e-19,2670,2671,-362.3971783030239
1503,-0.05107326803022261,1.3186222014965444e-18,mid,7.989704316204782e-17,9.10174661269109e-19,2671,2672,-362.45593971929225
1504,-0.03888941133203616,1.361672423274764e-18,mid,8.212434739909782e-17,9.19747781815751e-19,2672,2673,-362.49932483908435
1505,-0.03327868857672911,1.3782410942229874e-18,mid,8.39483395260297e-17,9.421736663703818e-19,2673,2674,-362.5337185419563
1506,-0.032920757030950654,1.3660336494169905e-18,mid,8.523377155003721e-17,9.752862086850023e-19,2674,2675,-362.5658822162378
1507,-0.034408926367120785,1.3253467482196179e-18,mid,8.589139610798282e-17,1.0136986901083235e-18,2675,2676,-362.5995600560182
1508,-0.03498130940977262,1.259016826159595e-18,mid,8.588689068354128e-17,1.0516351900715725e-18,2676,2677,-362.63470006897205
1509,-0.03414522596602865,1.1708516202544969e-18,mid,8.523653563046583e-17,1.0857194023196727e-18,2677,2678,-362.66952267483776
1510,-0.032699882951362724,1.0639648406256213e-18,mid,8.399234647830502e-17,1.1154779699490432e-18,2678,2679,-362.7029905209041
1511,-0.02964635848383068,9.405450998873307e-19,mid,8.222990859826612e-17,1.1413583934393602e-18,2679,2680,-362.7349224407405
1512,-0.0183874604870482,8.033288002844423e-19,mid,8.005059532067291e-17,1.162308548191493e-18,2680,2681,-362.76228323787177
1513,0.016996017812374475,6.580117563642238e-19,mid,7.759500482898255e-17,1.1753295251623023e-18,2681,2682,-362.7716973617146
1514,0.10216389307396412,5.165046537530044e-19,mid,7.50509744433514e-17,1.1773638938476569e-18,2682,2683,-362.728291202247
1515,0.23449343390959143,4.030022655319674e-19,mid,7.264137467127198e-17,1.1676286268865005e-18,2683,2684,-362.56736957556666
1516,0.2969238338108937,3.5875360092625537e-19,mid,7.059221687614445e-17,1.1483500971242466e-18,2684,2685,-362.25930433442784
1517,0.20087266587782437,4.0822818267106277e-19,mid,6.90959995780793e-17,1.1234587278897085e-18,2685,2686,-361.97352190794487
1518,0.05209043652425294,5.205341455551805e-19,mid,6.828671929392967e-17,1.0963854392627458e-18,2686,2687,-361.8575590026722
1519,-0.0435593172804829,6.5800971329620725e-19,mid,6.823204068870803e-17,1.0686334787284291e-18,2687,2688,-361.86934103489637
1520,-0.08734106767454364,8.018341113961092e-19,mid,6.893542204034686e-17,1.0401357511526446e-18,2688,2689,-361.94467763723316
1521,-0.09952713879681596,9.432213362392739e-19,mid,7.033780543500157e-17,1.011016829479014e-18,2689,2690,-362.04402317024545
1522,-0.09319816138011561,1.0761773391791575e-18,mid,7.231671398103124e-17,9.833028039712227e-19,2690,2691,-362.1437319148268
1523,-0.07788122724042523,1.1948289143199153e-18,mid,7.469083186712374e-17,9.611171640717327e-19,2691,2692,-362.2304194930057
1524,-0.06136847822739355,1.2934003700105004e-18,mid,7.723926916250505e-17,9.488737982178798e-19,2692,2693,-362.29949436930764
1525,-0.04831913027467749,1.3673141872277087e-18,mid,7.973496119619345e-17,9.48575215799023e-19,2693,2694,-362.35315644946047
1526,-0.03929129072542992,1.4140722317151997e-18,mid,8.197934883797685e-17,9.58587199990847e-19,2694,2695,-362.396132629857
1527,-0.03263978434000592,1.4331595018046048e-18,mid,8.382162682971041e-17,9.75293121635367e-19,2695,2696,-362.43173903091133
1528,-0.027647164085209397,1.425138427313045e-18,mid,8.515568341167197e-17,9.960898983458903e-19,2696,2697,-362.461412198537
1529,-0.02560208925345364,1.3907069882844708e-18,mid,8.590489671457081e-17,1.0207603984669208e-18,2697,2698,-362.48703335908175
1530,-0.027965293585651807,1.3303901326474962e-18,mid,8.601385489186852e-17,1.0499988869591257e-18,2698,2699,-362.5126163770439
1531,-0.03378862104699465,1.244962887296319e-18,mid,8.545726114424818e-17,1.0827576117172475e-18,2699,2700,-362.54296394625305
1532,-0.039035703502264596,1.1362448564556905e-18,mid,8.425801559644266e-17,1.1152451469419324e-18,2700,2701,-362.5801936191379
1533,-0.037946810247461826,1.007881072364754e-18,mid,8.249737372528463e-17,1.142548972812076e-18,2701,2702,-362.6210353532576
1534,-0.024082403159184196,8.658859357378901e-19,mid,8.030824293283314e-17,1.1611716056540634e-18,2702,2703,-362.6560872396328
1535,0.010929080906436184,7.189335932475061e-19,mid,7.785719256103788e-17,1.1703447929291828e-18,2703,2704,-362.66920015957595
1536,0.07890198591721287,5.790637566522175e-19,mid,7.53269164647547e-17,1.17147583903039e-18,2704,2705,-362.63422907781995
1537,0.17958712624022155,4.645737583103074e-19,mid,7.29061302649635e-17,1.1664647616201056e-18,2705,2706,-362.5113961877415
1538,0.25002063129741714,4.041856884137379e-19,mid,7.078517391658758e-17,1.1561959706680086e-18,2706,2707,-362.2750548253395
1539,0.20605707923954242,4.2408388809784727e-19,mid,6.914944251895268e-17,1.1402640708044783e-18,2707,2708,-362.0113549251467
1540,0.08361301298248236,5.149072149847393e-19,mid,6.816233334014044e-17,1.1180479649444165e-18,2708,2709,-361.8629406668604
1541,-0.01939902703938401,6.446148013473224e-19,mid,6.793621798591129e-17,1.0902462449129703e-18,2709,2710,-361.8441288991817
1542,-0.07365237326234819,7.884249937417546e-19,mid,6.85020880679523e-17,1.059667965387581e-18,2710,2711,-361.9017387209392
1543,-0.09272880834242869,9.314315492006048e-19,mid,6.979634588218941e-17,1.0305637873582106e-18,2711,2712,-361.9914336457064
1544,-0.09233428847818459,1.0643760256670766e-18,mid,7.167558882470378e-17,1.0068106128796902e-18,2712,2713,-362.08719633762405
1545,-0.08272791187383177,1.1813926220399087e-18,mid,7.395103777944711e-17,9.902887809728706e-19,2713,2714,-362.1761022226628
1546,-0.06937422223825251,1.2789835044081386e-18,mid,7.642244969333988e-17,9.808510486853305e-19,2714,2715,-362.2526521613717
1547,-0.05509981704366851,1.3552649543424878e-18,mid,7.889765132109496e-17,9.779218320229714e-19,2715,2716,-362.3148506671393
1548,-0.04222233803844233,1.4091021270740715e-18,mid,8.119876078389082e-17,9.821818351028136e-19,2716,2717,-362.36285179545905
1549,-0.03319132777644995,1.439226929548298e-18,mid,8.316459335838135e-17,9.956283396100454e-19,2717,2718,-362.3992953432162
1550,-0.02949466979490012,1.4438163337453198e-18,mid,8.465624161139605e-17,1.0197464690176552e-18,2718,2719,-362.42923445101195
1551,-0.030359844325744234,1.4209924414239838e-18,mid,8.556618909125227e-17,1.053368575561536e-18,2719,2720,-362.458284682806
1552,-0.03302592741647459,1.3701037646647334e-18,mid,8.582806820842713e-17,1.0922635802629464e-18,2720,2721,-362.48995413966344
1553,-0.034472377926761055,1.2928583970523653e-18,mid,8.5424301397373e-17,1.1309207127762958e-18,2721,2722,-362.52433653763893
1554,-0.03290353423304282,1.1932802891096008e-18,mid,8.438851128371728e-17,1.1650720903268925e-18,2722,2723,-362.55889889551696
1555,-0.027674818426163483,1.076446742245587e-18,mid,8.279966760824007e-17,1.1930616008411528e-18,2723,2724,-362.590143606105
1556,-0.017402854999886586,9.472079241645939e-19,mid,8.07696395909617e-17,1.2151831433277584e-18,2724,2725,-362.6142485323693
1557,0.003280101057526963,8.103417050716293e-19,mid,7.843260811442821e-17,1.2317203752322418e-18,2725,2726,-362.6249493161048
1558,0.046503789903141524,6.728154388809467e-19,mid,7.594426491895905e-17,1.241511488460493e-18,2726,2727,-362.60768833025423
1559,0.1242503132982904,5.482189486044812e-19,mid,7.348795992146443e-17,1.2423590864199837e-18,2727,2728,-362.5319417362985
1560,0.20856786369020597,4.623990381754059e-19,mid,7.127396260032533e-17,1.2328518347644084e-18,2728,2729,-362.35918770365765
1561,0.21532930359887814,4.487028041835293e-19,mid,6.951906825124586e-17,1.213922697084412e-18,2729,2730,-362.1148060089181
1562,0.12495160573513431,5.146430868014678e-19,mid,6.840816632569836e-17,1.1888249573621115e-18,2730,2731,-361.9285290964599
1563,0.019487924661149236,6.314416222557669e-19,mid,6.805538609762295e-17,1.1615711976645288e-18,2731,2732,-361.8649027974478
1564,-0.04677048450363941,7.691590194784198e-19,mid,6.848526580104547e-17,1.1350535321649506e-18,2732,2733,-361.8895532471376
1565,-0.0766130189360581,9.1070329550482e-19,mid,6.964044769222742e-17,1.1102753545570243e-18,2733,2734,-361.9584437664551
1566,-0.08333861208788562,1.0474828847329172e-18,mid,7.140445377344411e-17,1.0872413082562656e-18,2734,2735,-362.0427792850097
1567,-0.07633425538372762,1.1745635913224378e-18,mid,7.362246204444946e-17,1.0667039026670168e-18,2735,2736,-362.1251209906309
1568,-0.062474803042903204,1.287763868580402e-18,mid,7.61123253078355e-17,1.051235985116885e-18,2736,2737,-362.19544779577717
1569,-0.047718245372180945,1.3824078220546997e-18,mid,7.867116133667458e-17,1.0445272572360839e-18,2737,2738,-362.2500705967167
1570,-0.03635919528406362,1.4535645148406797e-18,mid,8.108799895219896e-17,1.0491390719724385e-18,2738,2739,-362.29088428652153
1571,-0.029566761961888233,1.49721926520626e-18,mid,8.316701792491819e-17,1.064469879026454e-18,2739,2740,-362.3227889872848
1572,-0.02571822427501047,1.5113731323847193e-18,mid,8.475419092189244e-17,1.0869296708874306e-18,2740,2741,-362.3500178104453
1573,-0.022782987708382052,1.496221622865712e-18,mid,8.575269229626937e-17,1.1123690692173108e-18,2741,2742,-362.37422543583483
1574,-0.02043775360499467,1.4533682845505163e-18,mid,8.611794835624476e-17,1.1385299644199557e-18,2742,2743,-362.3955837858621
1575,-0.019913892499204167,1.384817229182786e-18,mid,8.583954069095099e-17,1.165310905116502e-18,2743,2744,-362.4151009430448
1576,-0.021853587166305033,1.2925727576903763e-18,mid,8.49289411864764e-17,1.1928202606526689e-18,2744,2745,-362.4354115708605
1577,-0.024147732523431387,1.1790859940846148e-18,mid,8.342561205633115e-17,1.219313412585955e-18,2745,2746,-362.45880811737743
1578,-0.021396974969235316,1.048195977573854e-18,mid,8.141480488042291e-17,1.2411349624402262e-18,2746,2747,-362.48370703590734
1579,-0.005731338017113785,9.061729878469097e-19,mid,7.90382099110511e-17,1.254646770261232e-18,2747,2748,-362.5016020673159
1580,0.03181783166527907,7.628881169500008e-19,mid,7.648502680660699e-17,1.2582547116997242e-18,2748,2749,-362.49516971194157
1581,0.09558499896564854,6.335197459947775e-19,mid,7.396743178667246e-17,1.2529249048785273e-18,2749,2750,-362.43796640398534
1582,0.16499524171078406,5.404443937387946e-19,mid,7.169426177829436e-17,1.241074811823163e-18,2750,2751,-362.3039997140103
1583,0.18471232999161202,5.093508523149587e-19,mid,6.98534719527697e-17,1.22484904249884e-18,2751,2752,-362.1079759205638
1584,0.12785424913715815,5.503538110896477e-19,mid,6.860326320203129e-17,1.2050538564176336e-18,2752,2753,-361.93457505402705
1585,0.03978693852610604,6.469346050525494e-19,mid,6.806335711696049e-17,1.1814616377228399e-18,2753,2754,-361.85226742228946
1586,-0.0278615421834445,7.745459957418752e-19,mid,6.829875825539361e-17,1.1541563984652657e-18,2754,2755,-361.85500117697484
1587,-0.06319248324052751,9.148267284086688e-19,mid,6.929878330201285e-17,1.124836666166225e-18,2755,2756,-361.90799050665635
1588,-0.07435248187005072,1.0552867088917522e-18,mid,7.096543087654708e-17,1.097009566335461e-18,2756,2757,-361.9813861434559
1589,-0.07183353475534204,1.186643227933779e-18,mid,7.312499565029281e-17,1.074726762969216e-18,2757,2758,-362.05669547039645
1590,-0.06337661087943047,1.3017531941871407e-18,mid,7.556240207814938e-17,1.0606433375438798e-18,2758,2759,-362.1250532129666
1591,-0.05307157428137543,1.395526925223517e-18,mid,7.806146923644947e-17,1.0549863093353841e-18,2759,2760,-362.1834486921553
1592,-0.042512030156018454,1.464927634442461e-18,mid,8.043144975639583e-17,1.056421401385306e-18,2760,2761,-362.2311963615293
1593,-0.03284183694455578,1.5086097923041731e-18,mid,8.251277964928106e-17,1.0640167856222614e-18,2761,2762,-362.26847275246735
1594,-0.025839436502025137,1.526180028682177e-18,mid,8.417104142776222e-17,1.0783862742336625e-18,2762,2763,-362.29688003541844
1595,-0.023163721707419427,1.5174243265512995e-18,mid,8.52939047544996e-17,1.1008404412268481e-18,2763,2764,-362.3201516254714
1596,-0.024794405472931658,1.4820075240104306e-18,mid,8.579801559974458e-17,1.1312816946987657e-18,2764,2765,-362.3432074788333
1597,-0.028536150090985757,1.4199404435196982e-18,mid,8.564100317483639e-17,1.1668777452220663e-18,2765,2766,-362.36974043641726
1598,-0.031164395373281195,1.3325747450930005e-18,mid,8.4829798365116e-17,1.202825247847806e-18,2766,2767,-362.40027977901525
1599,-0.029924646079251715,1.2234036772860705e-18,mid,8.342134044778442e-17,1.234538238515676e-18,2767,2768,-362.4320692271638
1600,-0.02291230243824316,1.0980222400625112e-18,mid,8.151704646638894e-17,1.259508440025832e-18,2768,2769,-362.46012907117375
1601,-0.007970487851963526,9.63368334632308e-19,mid,7.92534792793417e-17,1.2775699204735465e-18,2769,2770,-362.4778938320403
1602,0.019170520491314846,8.272841479188266e-19,mid,7.679172459665332e-17,1.289578757454368e-18,2770,2771,-362.4760700468777
1603,0.06461343158764521,6.997228842189706e-19,mid,7.430910137704945e-17,1.2957137335015718e-18,2771,2772,-362.4395527910577
1604,0.12537521128780327,5.960737220383938e-19,mid,7.199513566899656e-17,1.2948761890972888e-18,2772,2773,-362.3468431837024
1605,0.16736434517190446,5.394024572202748e-19,mid,7.004711321428419e-17,1.2856777243435847e-18,2773,2774,-362.1888023684821
1606,0.14574280775423176,5.505019825458067e-19,mid,6.865525871608679e-17,1.2681055419719433e-18,2774,2775,-362.0121144933586
1607,0.07137837837535699,6.267725876282483e-19,mid,6.797253116448395e-17,1.2444080679473857e-18,2775,2776,-361.8973167529736
1608,-0.00255777426858117,7.447294051180504e-19,mid,6.807869844350556e-17,1.2184188902028182e-18,2776,2777,-361.86935773660787
1609,-0.048089764009887404,8.808224187849914e-19,mid,6.89591128101602e-17,1.193797713895804e-18,2777,2778,-361.90243230151077
1610,-0.06752029324994169,1.0194067404498062e-18,mid,7.051169820339102e-17,1.17254878833369e-18,2778,2779,-361.96553726462764
1611,-0.07005655766459995,1.151277706790844e-18,mid,7.257603391245988e-17,1.1549885174183427e-18,2779,2780,-362.03747288801065
1612,-0.06282174282793562,1.2711026479035918e-18,mid,7.496583648937338e-17,1.1411329793667513e-18,2780,2781,-362.10565037995684
1613,-0.05078860110813821,1.3753714598866285e-18,mid,7.749030912255152e-17,1.1322280923437105e-18,2781,2782,-362.1631163736665
1614,-0.038068152661196564,1.4609039527518261e-18,mid,7.996233356907774e-17,1.1309466931390173e-18,2782,2783,-362.2072275821731
1615,-0.027989653725200014,1.5241495782322134e-18,mid,8.220092659960633e-17,1.139832363024403e-18,2783,2784,-362.2392526789889
1616,-0.022096176198658668,1.5614722269599595e-18,mid,8.403757003270114e-17,1.1591394437468862e-18,2784,2785,-362.2632068896235
1617,-0.019642032240540175,1.5701415268153422e-18,mid,8.533133947624387e-17,1.186020668963437e-18,2785,2786,-362.28344503138624
1618,-0.018625004399154932,1.5492893874087665e-18,mid,8.598853693350593e-17,1.2159826938049217e-18,2786,2787,-362.3024909541046
1619,-0.017531135723061197,1.5001290862958272e-18,mid,8.597482090025687e-17,1.2453961545309913e-18,2787,2788,-362.32069504018455
1620,-0.01619895459481313,1.4253529217261333e-18,mid,8.531014328648492e-17,1.2728672542477375e-18,2788,2789,-362.3375532255507
1621,-0.0150769214401123,1.3283137773984222e-18,mid,8.405059704045341e-17,1.2984351088750146e-18,2789,2790,-362.3530929493742
1622,-0.013432840706855131,1.2127329584054156e-18,mid,8.227390958638112e-17,1.3215998932364589e-18,2790,2791,-362.36770706843095
1623,-0.007793018281631703,1.0832298988381054e-18,mid,8.008179469911902e-17,1.340201317682774e-18,2791,2792,-362.3799586307879
1624,0.0082878941996114,9.465054233375051e-19,mid,7.761469203380618e-17,1.3512213486406394e-18,2792,2793,-362.3832931049942
1625,0.0419133984452742,8.129817314458868e-19,mid,7.506053106803217e-17,1.35266107174284e-18,2793,2794,-362.36338284238866
1626,0.09231602053483812,6.987274567075566e-19,mid,7.26425139609023e-17,1.3447699945302538e-18,2794,2795,-362.29946630810366
1627,0.13593569592617882,6.2581144728464305e-19,mid,7.05870826064028e-17,1.3297350250920035e-18,2795,2796,-362.178750801319
1628,0.13472805756208572,6.146807521392451e-19,mid,6.90870707215629e-17,1.3102691817690266e-18,2796,2797,-362.0275949162513
1629,0.08324323942963474,6.680054678531624e-19,mid,6.827623327228152e-17,1.2882299952459523e-18,2797,2798,-361.9092946861948
1630,0.017839165057608852,7.685302957287295e-19,mid,6.822105720458766e-17,1.264231239913757e-18,2798,2799,-361.86110843739203
1631,-0.029838632542094956,8.950696660429098e-19,mid,6.89233013134011e-17,1.2384227251251813e-18,2799,2800,-361.8736163560796
1632,-0.0531938488475987,1.0320189218503384e-18,mid,7.032263676558436e-17,1.2117397755568027e-18,2800,2801,-361.9207857024762
1633,-0.0581665162882814,1.168855506598909e-18,mid,7.229625265445563e-17,1.1866022874434069e-18,2801,2802,-361.9800040537748
1634,-0.053015818615165244,1.2975581396837889e-18,mid,7.466310228161966e-17,1.1664173581425097e-18,2802,2803,-362.0371187350528
1635,-0.0444710842954521,1.4111586942775016e-18,mid,7.720263218947681e-17,1.1540662299129424e-18,2803,2804,-362.0860356910051
1636,-0.03619739301808522,1.50359709742252e-18,mid,7.968804717498844e-17,1.1504668799254683e-18,2804,2805,-362.1260609036437
1637,-0.029000447559326403,1.570275381993577e-18,mid,8.192101581662116e-17,1.1544826673697946e-18,2805,2806,-362.1584304770413
1638,-0.022600939023107003,1.6085838970504833e-18,mid,8.375082847895548e-17,1.1643126036597265e-18,2806,2807,-362.18406179876234
1639,-0.017445532199673153,1.6178753954143759e-18,mid,8.507165504549425e-17,1.1790639330341235e-18,2807,2808,-362.2036323550875
1640,-0.014946200789097475,1.5988378682175424e-18,mid,8.580839133396013e-17,1.199040140627571e-18,2808,2809,-362.2189528631617
1641,-0.016099156557686456,1.5527131520054707e-18,mid,8.590897335855608e-17,1.224493955376515e-18,2809,2810,-362.2335247566657
1642,-0.020006577015095672,1.4809584496585106e-18,mid,8.535176867333625e-17,1.2540544193909417e-18,2810,2811,-362.25115117627706
1643,-0.02380383048713952,1.3856198896443546e-18,mid,8.416054870630172e-17,1.2843735327642724e-18,2811,2812,-362.2735379106959
1644,-0.02387362385283609,1.270149857186359e-18,mid,8.241302712195699e-17,1.311354675826633e-18,2812,2813,-362.29875883725134
1645,-0.016959086118731648,1.1401099417861859e-18,mid,8.023634424348363e-17,1.3319344219908814e-18,2813,2814,-362.32128515840157
1646,-0.00027691619081338104,1.0034214366664957e-18,mid,7.779344400597612e-17,1.345109218960211e-18,2814,2815,-362.3326770094888
1647,0.028585513444141952,8.704002367000571e-19,mid,7.526790644307846e-17,1.3515877301593166e-18,2815,2816,-362.3218389907832
1648,0.06896301274122152,7.542019647803346e-19,mid,7.285197596582599e-17,1.3524482684155196e-18,2816,2817,-362.2755059826005
1649,0.10865622008500964,6.715062382606917e-19,mid,7.073807595638137e-17,1.3479215996712086e-18,2817,2818,-362.18391296530075
1650,0.12112588016097448,6.401448378858967e-19,mid,6.911000836991666e-17,1.3373135896691024e-18,2818,2819,-362.0581935424305
1651,0.09045187861880777,6.694176901267702e-19,mid,6.812756246556114e-17,1.320115646062225e-18,2819,2820,-361.9416612049788
1652,0.034893437552426576,7.516678361507481e-19,mid,6.790126509217949e-17,1.2973467064985174e-18,2820,2821,-361.8772897851929
1653,-0.01487317978009628,8.684144055176899e-19,mid,6.846423848213145e-17,1.2719502754415275e-18,2821,2822,-361.87187432987395
1654,-0.04488796851785537,1.0012091711024292e-18,mid,6.975753209766458e-17,1.2477823804404834e-18,2822,2823,-361.9070361447531
1655,-0.05679568760416487,1.1359165161745087e-18,mid,7.164113773798612e-17,1.227877833892873e-18,2823,2824,-361.96165026690966
1656,-0.05667057065284098,1.2627338888154584e-18,mid,7.392579656924588e-17,1.2133799372962747e-18,2824,2825,-362.0206275199614
1657,-0.0497016976139264,1.3753267207424087e-18,mid,7.640780304505567e-17,1.2040445969075838e-18,2825,2826,-362.07499140821534
1658,-0.03959252523412715,1.4698135670432272e-18,mid,7.889217250342291e-17,1.1998519792818575e-18,2826,2827,-362.12003091518926
1659,-0.02928994741765223,1.543635853877879e-18,mid,8.120191669343256e-17,1.20218954456113e-18,2827,2828,-362.1541764586836
1660,-0.021207533233678078,1.594590050851698e-18,mid,8.317979819101335e-17,1.2133300313445327e-18,2828,2829,-362.17861081002457
1661,-0.016647929626401492,1.6204430761273516e-18,mid,8.468971866801893e-17,1.234434208706238e-18,2829,2830,-362.19659152515095
1662,-0.015288550549854563,1.6192774833988644e-18,mid,8.562200822048696e-17,1.2638319955953086e-18,2830,2831,-362.21190666927737
1663,-0.015607933695974907,1.5902468613514305e-18,mid,8.590377014989038e-17,1.2972999405748598e-18,2831,2832,-362.22716862625066
1664,-0.01599726457592965,1.534176799889753e-18,mid,8.551131701676031e-17,1.3302412683843282e-18,2832,2833,-362.2431225366693
1665,-0.015530332503232103,1.4536226409948771e-18,mid,8.447706817995713e-17,1.3598895266256e-18,2833,2834,-362.2591631554025
1666,-0.013782857782445035,1.3524587333576606e-18,mid,8.288375695849877e-17,1.3857053111840896e-18,2834,2835,-362.2741832016758
1667,-0.00988301052279894,1.2354693103131113e-18,mid,8.084812300942515e-17,1.4078739748247723e-18,2835,2836,-362.2867288709674
1668,-0.0014523261636725238,1.1084443740386448e-18,mid,7.850662522711464e-17,1.4255334640928568e-18,2836,2837,-362.2939492227214
1669,0.015586864680898316,9.790084105783191e-19,mid,7.601414423507468e-17,1.436466174175995e-18,2837,2838,-362.28963352329475
1670,0.044629664357699994,8.580757075360704e-19,mid,7.355230119232412e-17,1.4384689458339121e-18,2838,2839,-362.2627754933596
1671,0.08350936892105665,7.612516290385777e-19,mid,7.133095438616149e-17,1.4310422949488945e-18,2839,2840,-362.20037419457935
1672,0.03673876643998142,1.393963365688785e-18,mid,7.357595730585368e-17,1.17704868535987e-18,2870,2871,-362.09575675551747
1673,-0.026040700381514625,1.4626350214062829e-18,mid,7.537266747220269e-17,1.1685158870259034e-18,2871,2872,-362.1268966616994
1674,-0.01793499043827751,1.512437223389193e-18,mid,7.726668722287769e-17,1.1777740312008224e-18,2872,2873,-362.1478381562805
1675,-0.013955732923562891,1.5410214416532492e-18,mid,7.909942651805933e-17,1.20380054091096e-18,2873,2874,-362.16276664257595
1676,-0.01313163005363549,1.5465046262593776e-18,mid,8.07341702498689e-17,1.243802357873587e-18,2874,2875,-362.1757496221276
1677,-0.013500498174011,1.527945380658067e-18,mid,8.206279306246963e-17,1.293813662716408e-18,2875,2876,-362.1890299026832
1678,-0.013341850665199217,1.4857699797164415e-18,mid,8.300150844487927e-17,1.349157873742496e-18,2876,2877,-362.20275061847565
1679,-0.011742286612587804,1.4219394950341222e-18,mid,8.34850563642781e-17,1.4048243036837381e-18,2877,2878,-362.2157136040136
1680,-0.00827767579150418,1.3398350339379656e-18,mid,8.346917676137199e-17,1.4559771229510798e-18,2878,2879,-362.2262351917008
1681,-0.0021841804548898835,1.2439942656340892e-18,mid,8.294241497468091e-17,1.4985580878194665e-18,2879,2880,-362.2322689555966
1682,0.0082173716740499,1.1399834945184783e-18,mid,8.193798962353318e-17,1.5296754511495728e-18,2880,2881,-362.2306035526106
1683,0.024992204552802377,1.0347526197542301e-18,mid,8.053479956029434e-17,1.5475978618880294e-18,2881,2882,-362.2158342122485
1684,0.04830342411216293,9.374993048284882e-19,mid,7.884544390004883e-17,1.5515477521480607e-18,2882,2883,-362.180619143505
1685,0.07271899502129031,8.602172632401853e-19,mid,7.69994901250883e-17,1.541604998964345e-18,2883,2884,-362.1192273640242
1686,0.08605346795860669,8.16073118943249e-19,mid,7.513225118058094e-17,1.5187436323545837e-18,2884,2885,-362.0351811534624
1687,0.07712227362677027,8.142818340999249e-19,mid,7.338202862287982e-17,1.48476132265461e-18,2885,2886,-361.947120428107
1688,0.04744364369929599,8.546666603163665e-19,mid,7.188955715330957e-17,1.4419939671061315e-18,2886,2887,-361.8809366062089
1689,0.010594319135805108,9.281618606489882e-19,mid,7.079029266062764e-17,1.3930419241222528e-18,2887,2888,-361.8522331407084
1690,-0.019962809151053307,1.0225286202999695e-18,mid,7.019564646557537e-17,1.3408039146946134e-18,2888,2889,-361.85974796793727
1691,-0.03830604097453261,1.1268143058548692e-18,mid,7.016918266282507e-17,1.2887828716248042e-18,2889,2890,-361.8921587590105
1692,-0.04490505199046879,1.232351052577303e-18,mid,7.071047185661364e-17,1.2412482169005585e-18,2890,2891,-361.93636004988633
1693,-0.04317426442966621,1.3321399677757022e-18,mid,7.175646009155504e-17,1.2028450279308996e-18,2891,2892,-361.98196886299144
1694,-0.03703914437821254,1.4202845189330131e-18,mid,7.319897231953733e-17,1.1776762326980763e-18,2892,2893,-362.02270857874566
1695,-0.029712429695194942,1.4919097521604404e-18,mid,7.490683154612052e-17,1.1683584423089431e-18,2893,2894,-362.05604715174786
1696,-0.023358986017058214,1.5433460921992711e-18,mid,7.674111595413868e-17,1.1756109564165215e-18,2894,2895,-362.08213343813605
1697,-0.019233581486787443,1.5722768303714466e-18,mid,7.856125171934158e-17,1.1985047412011803e-18,2895,2896,-362.102765123782
1698,-0.017796235334628818,1.5777135918459701e-18,mid,8.022846114552566e-17,1.2349838513784894e-18,2896,2897,-362.12060060110963
1699,-0.01861915402295722,1.559810031324492e-18,mid,8.161371988682495e-17,1.2821723717606975e-18,2897,2898,-362.13835759445124
1700,-0.02037984300201856,1.5196035111986367e-18,mid,8.261066314516138e-17,1.3363610504483392e-18,2898,2899,-362.15783890915554
1701,-0.021245456839636745,1.4588313317829758e-18,mid,8.314746887262339e-17,1.3930191699626499e-18,2899,2900,-362.1791172804553
1702,-0.01946083357381667,1.3799659621802177e-18,mid,8.319184528089109e-17,1.4472426815242808e-18,2900,2901,-362.2003298228348
1703,-0.013660147698971059,1.2865045073857876e-18,mid,8.274853608276797e-17,1.4946347777082855e-18,2901,2902,-362.2180389476029
1704,-0.0027626937272202667,1.1833964356671596e-18,mid,8.185323320377728e-17,1.5320886955184966e-18,2902,2903,-362.22765011823276
1705,0.014049997278959836,1.0774366644952549e-18,mid,8.056716889623503e-17,1.5578839291645267e-18,2903,2904,-362.22356433505735
1706,0.036423273179252647,9.775089315575824e-19,mid,7.897450930939121e-17,1.5711029881146782e-18,2904,2905,-362.19955012367484
1707,0.06061788726381678,8.94483164236277e-19,mid,7.718235090076e-17,1.5710491941638878e-18,2905,2906,-362.15071778869884
1708,0.07787496349536127,8.400764241012079e-19,mid,7.53209308641232e-17,1.5573278295814243e-18,2906,2907,-362.0783143491472
1709,0.07797315081106149,8.237183105153788e-19,mid,7.353970950609142e-17,1.5305293488322454e-18,2907,2908,-361.9949678617081
1710,0.05805219663821504,8.483202547191299e-19,mid,7.199525861280919e-17,1.4928066064551417e-18,2908,2909,-361.9223680475251
1711,0.02632586942678472,9.08805426787257e-19,mid,7.083116140001063e-17,1.4477350764471276e-18,2909,2910,-361.8788634684317
1712,-0.004926609149350725,9.951379378191798e-19,mid,7.015622898869191e-17,1.3995354638606924e-18,2910,2911,-361.8697163086715
1713,-0.02759138224371327,1.0963936572923765e-18,mid,7.002973229896253e-17,1.3522923432769276e-18,2911,2912,-361.8887166867304
1714,-0.03944498644878536,1.2028397388697682e-18,mid,7.045800456098612e-17,1.3097065480316198e-18,2912,2913,-361.92489907315894
1715,-0.04198980508186878,1.3063466189528304e-18,mid,7.139954555553269e-17,1.2753369928833334e-18,2913,2914,-361.96760665962796
1716,-0.03829983552074623,1.4003755473355856e-18,mid,7.277256166673732e-17,1.2527894342421023e-18,2914,2915,-362.0088786833227
1717,-0.03174030242661274,1.4800367132911414e-18,mid,7.446179305569987e-17,1.2453241733691955e-18,2915,2916,-362.04420633066945
1718,-0.025162068927556902,1.5420700696655714e-18,mid,7.632618093940054e-17,1.2548843378546719e-18,2916,2917,-362.0723592881759
1719,-0.020371665272705286,1.5845219754919758e-18,mid,7.82104433782635e-17,1.2811677961299392e-18,2917,2918,-362.09453046852457
1720,-0.0179718524918826,1.60618320025784e-18,mid,7.996116069360108e-17,1.3214892050369295e-18,2918,2919,-362.1131026187213
1721,-0.017531519799803164,1.6061304771722235e-18,mid,8.14440619727539e-17,1.3715948688443744e-18,2919,2920,-362.13047417350833
1722,-0.017863823581620863,1.5836971856387501e-18,mid,8.255673787360147e-17,1.4268168508322628e-18,2920,2921,-362.1481656583209
1723,-0.01735927650875624,1.5389163381177937e-18,mid,8.323208796768423e-17,1.4827619730132132e-18,2921,2922,-362.1662018206716
1724,-0.014476223451396208,1.473174260744405e-18,mid,8.34330797836204e-17,1.5353151581220806e-18,2922,2923,-362.18288421133843
1725,-0.008258319407758563,1.389707019892795e-18,mid,8.314585301019843e-17,1.5804659350820248e-18,2923,2924,-362.19515426757437
1726,0.0015145418374231667,1.2936959510579102e-18,mid,8.237963267728775e-17,1.6145641909358778e-18,2924,2925,-362.19940085015395
1727,0.01469828063304135,1.1919636800839489e-18,mid,8.117521231021917e-17,1.6350052538355133e-18,2925,2926,-362.1921251838995
1728,0.031132940255560015,1.092555853731357e-18,mid,7.961424898012642e-17,1.640754191016345e-18,2926,2927,-362.17000428888787
1729,0.04987008415568539,1.0046294367740558e-18,mid,7.781874314596401e-17,1.6322291360879287e-18,2927,2928,-362.1298593033884
1730,0.06693768121508015,9.385655839857763e-19,mid,7.593724941491179e-17,1.6107218608610266e-18,2928,2929,-362.0702641205765
1731,0.07435441450084568,9.050217937823437e-19,mid,7.412474247955085e-17,1.5779518143505474e-18,2929,2930,-361.99598394095824
1732,0.06489855455228621,9.11438025837562e-19,mid,7.252669039458534e-17,1.5360815024247682e-18,2930,2931,-361.9215552915748
1733,0.03987351443083753,9.576535084148414e-19,mid,7.127184945700325e-17,1.487957643333091e-18,2931,2932,-361.86618683185367
1734,0.009410570555559161,1.0353939844160526e-18,mid,7.046892105391605e-17,1.4371386902691505e-18,2932,2933,-361.84180826271313
1735,-0.015596627954892028,1.132539657715185e-18,mid,7.019855803435813e-17,1.3875683774674245e-18,2933,2934,-361.84736569074255
1736,-0.029807689866487408,1.2377701385342476e-18,mid,7.049795221709366e-17,1.3431375513872685e-18,2934,2935,-361.8730015186229
1737,-0.03373569938150922,1.3425214749853787e-18,mid,7.134534078802373e-17,1.3074114470389174e-18,2935,2936,-361.9069810704755
1738,-0.031189086905897057,1.4406464541227455e-18,mid,7.265651426399884e-17,1.283504942395616e-18,2936,2937,-361.94047291738593
1739,-0.026538836671619492,1.5272764926642421e-18,mid,7.429934726751086e-17,1.2738498880429236e-18,2937,2938,-361.9693592442873
1740,-0.022753213656073967,1.5979943975654074e-18,mid,7.612019765335242e-17,1.2797066017219884e-18,2938,2939,-361.99355059072917
1741,-0.02071083597792267,1.6487423952026828e-18,mid,7.79683616390699e-17,1.3006201985514944e-18,2939,2940,-362.01486567159947
1742,-0.019832275948175493,1.67629886740893e-18,mid,7.97080485052409e-17,1.3342456498252546e-18,2940,2941,-362.034972262685
1743,-0.019289659933576786,1.678867619751719e-18,mid,8.121833905059919e-17,1.3768111907673312e-18,2941,2942,-362.0545302234958
1744,-0.018753703185240056,1.6563912996183636e-18,mid,8.239081653307494e-17,1.4240518101777512e-18,2942,2943,-362.07355158255217
1745,-0.018208512223253592,1.61044154068678e-18,mid,8.313431212228724e-17,1.472069101450542e-18,2943,2944,-362.0920376298663
1746,-0.01725562949152959,1.5437827730277636e-18,mid,8.338727917199335e-17,1.5176099531850398e-18,2944,2945,-362.1099686069987
1747,-0.014704170252116455,1.4599211757217403e-18,mid,8.312954884484077e-17,1.5577703223626538e-18,2945,2946,-362.12654888884936
1748,-0.00883715648635075,1.3630195602694669e-18,mid,8.238499644574954e-17,1.5896917266103417e-18,2946,2947,-362.1393769475029
1749,0.0018850043202860434,1.258342373443311e-18,mid,8.121425361605908e-17,1.6108032413721956e-18,2947,2948,-362.14422320182206
1750,0.01800268116909365,1.153004216929488e-18,mid,7.970378927514716e-17,1.619505925530729e-18,2948,2949,-362.13560693886234
1751,0.03799140196986173,1.0564740650305587e-18,mid,7.795826468704083e-17,1.6156196829291335e-18,2949,2950,-362.10821783948387
1752,0.05698914660891319,9.801252851270342e-19,mid,7.609821826646712e-17,1.6001138666733779e-18,2950,2951,-362.0596241349226
1753,0.0671131075417577,9.351442848661006e-19,mid,7.42598474171118e-17,1.574413104420814e-18,2951,2952,-361.99423954626604
1754,0.06189553644560419,9.288495729123066e-19,mid,7.259131028960804e-17,1.540016887114568e-18,2952,2953,-361.9253979198391
1755,0.04214448429411277,9.614958629261148e-19,mid,7.124114985239037e-17,1.4987990299905876e-18,2953,2954,-361.87044847337484
1756,0.015880692241552197,1.0265090642893753e-18,mid,7.033864885723723e-17,1.4536056491814435e-18,2954,2955,-361.8411089512509
1757,-0.007892602491409662,1.1138682342405652e-18,mid,6.997174635204604e-17,1.408444013317677e-18,2955,2956,-361.83868708889173
1758,-0.024149007017541635,1.213420320313619e-18,mid,7.017181433986329e-17,1.36792739006935e-18,2956,2957,-361.8568941562337
1759,-0.03221472500152345,1.3163481421052268e-18,mid,7.091187795041786e-17,1.33629325991165e-18,2957,2958,-361.8869851029268
1760,-0.033948782048469184,1.415279725616537e-18,mid,7.211679664308899e-17,1.3166331281361256e-18,2958,2959,-361.92132360623674
1761,-0.03201649323605693,1.5040270789142776e-18,mid,7.367771789832942e-17,1.3107247269700132e-18,2959,2960,-361.95488266702375
1762,-0.02881134124757523,1.577520292656416e-18,mid,7.546420040876349e-17,1.3193113000111994e-18,2960,2961,-361.98535659270885
1763,-0.025900181958149915,1.6320183557147575e-18,mid,7.733315224448867e-17,1.3423157003315814e-18,2961,2962,-362.0125053495189
1764,-0.02388096870114964,1.6653388239270752e-18,mid,7.913759130751525e-17,1.3786323954937005e-18,2962,2963,-362.03715695662515
1765,-0.022624412574941744,1.6767735111464315e-18,mid,8.073746538337104e-17,1.425691171694077e-18,2963,2964,-362.0602672869212
1766,-0.02172053129942242,1.66660660743293e-18,mid,8.201181972382977e-17,1.4793916970395026e-18,2964,2965,-362.08240578177504
1767,-0.020743679733612908,1.6355302701457726e-18,mid,8.286963078309282e-17,1.53478966084207e-18,2965,2966,-362.10370834952005
1768,-0.019105819968586957,1.5844147190117505e-18,mid,8.32563163443284e-17,1.5872147756989964e-18,2966,2967,-362.12389314124226
1769,-0.015760812378175615,1.514676860547093e-18,mid,8.31539232748361e-17,1.6330322255312118e-18,2967,2968,-362.1419199894572
1770,-0.009286088601271558,1.429077394837069e-18,mid,8.257573061092397e-17,1.6695869130691117e-18,2968,2969,-362.1554147659986
1771,0.0014620662641959825,1.3324818316028553e-18,mid,8.155984911519834e-17,1.694705051948538e-18,2969,2970,-362.16049216665976
1772,0.01648395446201789,1.232132112625346e-18,mid,8.016765545731457e-17,1.7065420480826024e-18,2970,2971,-362.1524906334702
1773,0.034084163231341336,1.1372163812052327e-18,mid,7.8488433151461e-17,1.7040777971329148e-18,2971,2972,-362.12752425773573
1774,0.05083551359962257,1.0578169644474224e-18,mid,7.664422891909903e-17,1.6877512428412942e-18,2972,2973,-362.08432230700754
1775,0.0620594032553754,1.003527375684097e-18,mid,7.478595139655057e-17,1.659532645176933e-18,2973,2974,-362.0258532305365
1776,0.06317009845895427,9.819506247145501e-19,mid,7.307704541606603e-17,1.6223299494847163e-18,2974,2975,-361.9602035004968
1777,0.052174667954488996,9.97031334007918e-19,mid,7.167037689870543e-17,1.5792870419787548e-18,2975,2976,-361.8995130336186
1778,0.03177142848329595,1.0475522917906234e-18,mid,7.06886976790784e-17,1.5335421748281817e-18,2976,2977,-361.8558541645878
1779,0.008399231742544089,1.1269457330055173e-18,mid,7.021500327471877e-17,1.4884500576974869e-18,2977,2978,-361.835970176652
1780,-0.011362047901855021,1.2250596909412708e-18,mid,7.029056162468686e-17,1.4477793141841222e-18,2978,2979,-361.8390557011027
1781,-0.023723730418964806,1.3309575366759448e-18,mid,7.091378469611106e-17,1.4154406644842611e-18,2979,2980,-361.8586942724557
1782,-0.028281608560064342,1.4352822042953692e-18,mid,7.20365625322293e-17,1.3947648940529764e-18,2980,2981,-361.88650316194065
1783,-0.027110117719018945,1.5313229368908457e-18,mid,7.356207353480102e-17,1.3877667688126273e-18,2981,2982,-361.9152574895758
1784,-0.023397937877973618,1.6147247371911118e-18,mid,7.535146585681604e-17,1.3948463606932452e-18,2982,2983,-361.9407233973787
1785,-0.020052135002885052,1.6823940151460168e-18,mid,7.724241996380167e-17,1.4150138004286342e-18,2983,2984,-361.96205336533177
1786,-0.018590370851455873,1.7314401565367582e-18,mid,7.907413538972475e-17,1.4463100688193736e-18,2984,2985,-361.98082766738446
1787,-0.018758327753829462,1.7588379667056954e-18,mid,8.070789453766108e-17,1.4860188072004931e-18,2985,2986,-361.9992341070347
1788,-0.019112353783697245,1.761964846656004e-18,mid,8.203482034768723e-17,1.5306256342828028e-18,2986,2987,-362.0183443228921
1789,-0.018211122174847105,1.739581123706931e-18,mid,8.297166872930648e-17,1.575916074189787e-18,2987,2988,-362.0374588146021
1790,-0.015553397231542476,1.692587218108605e-18,mid,8.345441883324358e-17,1.6175802395548008e-18,2988,2989,-362.0547665672418
1791,-0.011557907815785029,1.6241030976746977e-18,mid,8.343994597254648e-17,1.652138014731258e-18,2989,2990,-362.06856560906516
1792,-0.006664952279152203,1.5388570769728761e-18,mid,8.291703837951339e-17,1.677500784264966e-18,2990,2991,-362.0778823828734
1793,-0.00039649187709756006,1.4423507998744266e-18,mid,8.191779571395937e-17,1.6927083071239352e-18,2991,2992,-362.08189551362346
1794,0.008692805597036113,1.3405211636770236e-18,mid,8.051900444629122e-17,1.6971963973409656e-18,2992,2993,-362.0786753666276
1795,0.021838843828874133,1.2402789053943394e-18,mid,7.883141153516972e-17,1.6904384058726595e-18,2993,2994,-362.0645099024294
1796,0.03809216695665896,1.1504470598182336e-18,mid,7.698415835278962e-17,1.6723529825453552e-18,2994,2995,-362.03499767896983
1797,0.05277512135864981,1.0818281047902792e-18,mid,7.511342365804848e-17,1.6439919162606545e-18,2995,2996,-361.9883255685161
1798,0.05865714007191514,1.0450704524147867e-18,mid,7.335822402906853e-17,1.6077147805029475e-18,2996,2997,-361.92944743625253
1799,0.0510187582469257,1.0465471385330751e-18,mid,7.185856956677947e-17,1.56662400257307e-18,2997,2998,-361.87101128837224
1800,0.03228821120481484,1.0852441281816677e-18,mid,7.074811747948039e-17,1.5237988639821703e-18,2998,2999,-361.8274099197587
1801,0.01027700645821028,1.153717583085614e-18,mid,7.013731287705622e-17,1.4820099769564306e-18,2999,3000,-361.8064348659626
1802,-0.007908875926176506,1.2419000178259239e-18,mid,7.009125549296935e-17,1.4440345715107405e-18,3000,3001,-361.80685590684226
1803,-0.0194500191419138,1.3401963426325531e-18,mid,7.061326552478892e-17,1.4130497635618836e-18,3001,3002,-361.82225261781497
1804,-0.025137528987045243,1.4405056561436747e-18,mid,7.164410136851126e-17,1.3924676611942648e-18,3002,3003,-361.8457559451261
1805,-0.027111700546640805,1.5360080670685475e-18,mid,7.307729257770191e-17,1.3850738191593504e-18,3003,3004,-361.87252767578906
1806,-0.027214100218571957,1.6207680907314288e-18,mid,7.478090225766128e-17,1.3920055287074713e-18,3004,3005,-361.89997934621937
1807,-0.026504712605486702,1.6896314129089316e-18,mid,7.66144613183532e-17,1.412357618745844e-18,3005,3006,-361.9269558762262
1808,-0.02551591624646221,1.7384582995379546e-18,mid,7.843727814974908e-17,1.4437465653470893e-18,3006,3007,-361.95298877143034
1809,-0.02455049783586105,1.7645383129519796e-18,mid,8.011265506433804e-17,1.4833526428170502e-18,3007,3008,-361.9779877087191
1810,-0.023686894748323084,1.7669125557306193e-18,mid,8.151429366171863e-17,1.5285520462186284e-18,3008,3009,-362.00208976710206
1811,-0.022687950563181403,1.7463104676521993e-18,mid,8.253647222633637e-17,1.5767013436006912e-18,3009,3010,-362.0253614982158
1812,-0.021101760960249294,1.7046272254045416e-18,mid,8.310444020729969e-17,1.6245539480865872e-18,3010,3011,-362.0474656682284
1813,-0.018461824989117304,1.6442478221494255e-18,mid,8.318070922946956e-17,1.6682092912724973e-18,3011,3012,-362.06756502013627
1814,-0.014262814340128216,1.5677362805033751e-18,mid,8.27656940855695e-17,1.7039143641993145e-18,3012,3013,-362.08438931820666
1815,-0.007710730236084373,1.4782140623001543e-18,mid,8.189383907399299e-17,1.7290728707000849e-18,3013,3014,-362.0960906488165
1816,0.0022626222322514877,1.3802664339706835e-18,mid,8.062758317864781e-17,1.742569880780226e-18,3014,3015,-362.09981077867883
1817,0.01622451804314551,1.2807982579392728e-18,mid,7.905210094702683e-17,1.744271710339228e-18,3015,3016,-362.091565404352
1818,0.03285265534776727,1.1891616305069483e-18,mid,7.727329519196668e-17,1.7344180978041285e-18,3016,3017,-362.06736174259254
1819,0.04802669989135211,1.1160617899399323e-18,mid,7.541850925253615e-17,1.7136114732278765e-18,3017,3018,-362.0258600936565
1820,0.0560089233403005,1.071187399287016e-18,mid,7.363502376236749e-17,1.6833301410789207e-18,3018,3019,-361.97130834280983
1821,0.052953390451477844,1.0604255014939314e-18,mid,7.208003925474045e-17,1.646295320021194e-18,3019,3020,-361.9138422469759
1822,0.03983202846333711,1.0844032336450799e-18,mid,7.090055327560977e-17,1.6062111977939448e-18,3020,3021,-361.8654015619069
1823,0.02157010085500133,1.1392661266138626e-18,mid,7.020950436126636e-17,1.5670451128644357e-18,3021,3022,-361.8341781900492
1824,0.003557647236050343,1.2184674309962316e-18,mid,7.006864935376497e-17,1.5323934833626324e-18,3022,3023,-361.8222613601969
1825,-0.010822727863626369,1.3139945113655219e-18,mid,7.048448964700158e-17,1.5052745940409836e-18,3023,3024,-361.8270628955771
1826,-0.020408018097867853,1.4170133631765817e-18,mid,7.14148199781281e-17,1.4882087482309735e-18,3024,3025,-361.84390681592413
1827,-0.02538019065474373,1.5187090279599155e-18,mid,7.277831582326143e-17,1.4831885101932097e-18,3025,3026,-361.86787893177285
1828,-0.026505999614244047,1.6115058906228522e-18,mid,7.446192277179318e-17,1.4913139285219043e-18,3026,3027,-361.8946671972336
1829,-0.024870213093350912,1.6900749917658493e-18,mid,7.632696209282325e-17,1.5122767091916237e-18,3027,3028,-361.92089093100134
1830,-0.021875656215883055,1.751447602085506e-18,mid,7.821848326130125e-17,1.5441422537175926e-18,3028,3029,-361.9444076234203
1831,-0.019055797574111466,1.7941457074909983e-18,mid,7.998059901734094e-17,1.5837277093853942e-18,3029,3030,-361.9646422434331
1832,-0.017476571733567425,1.8169566089771694e-18,mid,8.147521620395906e-17,1.627384880183521e-18,3030,3031,-361.98251921856854
1833,-0.017061884670340532,1.8182535113157773e-18,mid,8.259706602596969e-17,1.6716198064365708e-18,3031,3032,-361.99959538690024
1834,-0.016519419898003207,1.796390372495488e-18,mid,8.327837975979827e-17,1.7131686933861126e-18,3032,3033,-362.0166429879092
1835,-0.014163931183389877,1.750918925006682e-18,mid,8.348307400504995e-17,1.7487843645378185e-18,3033,3034,-362.03263422669625
1836,-0.0090843928137474,1.6837789324084637e-18,mid,8.319841388902177e-17,1.7753551643152078e-18,3034,3035,-362.044970850276
1837,-0.0016727921044150662,1.5996577237096725e-18,mid,8.243393748849977e-17,1.7905780452104604e-18,3035,3036,-362.05080301232374
1838,0.006966447920603969,1.5052900609708603e-18,mid,8.122985194701365e-17,1.7936469544969414e-18,3036,3037,-362.04831643448483
1839,0.01617859280383982,1.4082029700819535e-18,mid,7.966676797036936e-17,1.7852305845134353e-18,3037,3038,-362.03687011648253
1840,0.02623867957549919,1.315897256881298e-18,mid,7.786574930807729e-17,1.7667145405815486e-18,3038,3039,-362.01595924887715
1841,0.037235660665459136,1.2361031245517777e-18,mid,7.597506911855265e-17,1.739473153959911e-18,3039,3040,-361.98439275733153
1842,0.04700630583127463,1.1774520203965861e-18,mid,7.415032115223585e-17,1.7048753327265965e-18,3040,3041,-361.94148792754623
1843,0.050679288590345095,1.1487966053379567e-18,mid,7.253808153762315e-17,1.664905800092042e-18,3041,3042,-361.890380145669
1844,0.04400316538374227,1.1561554112097044e-18,mid,7.126781644492405e-17,1.6226239411817405e-18,3042,3043,-361.84012935036554
1845,0.02790264822144195,1.1992008227248769e-18,mid,7.044802872043102e-17,1.5818519380818715e-18,3043,3044,-361.8023738149015
1846,0.008554170142048179,1.2709136503272838e-18,mid,7.015880915624819e-17,1.546249032132877e-18,3044,3045,-361.78432405392266
1847,-0.0073622763792116075,1.360912703340765e-18,mid,7.043763316469725e-17,1.5184987940276056e-18,3045,3046,-361.7852654746174
1848,-0.01676823464174504,1.459231000333365e-18,mid,7.126452835490901e-17,1.5001886217156765e-18,3046,3047,-361.7990486066811
1849,-0.020544838018111022,1.5580260027914453e-18,mid,7.255792993071508e-17,1.4922885155848433e-18,3047,3048,-361.8188019439009
1850,-0.02145520501207443,1.6513143596977077e-18,mid,7.41877492459771e-17,1.4955751168601125e-18,3048,3049,-361.8401382827173
1851,-0.02185085593461622,1.7339880803813647e-18,mid,7.600071486365775e-17,1.5104135226657509e-18,3049,3050,-361.86171235392504
1852,-0.022514253747630164,1.801174422165524e-18,mid,7.784498082885909e-17,1.5359925705196214e-18,3050,3051,-361.88383999458654
1853,-0.02295358351935306,1.848344807059304e-18,mid,7.958336249681919e-17,1.5697931739856085e-18,3051,3052,-361.9067408614203
1854,-0.022485955337856467,1.8719816038084278e-18,mid,8.109479560454007e-17,1.6080187098385092e-18,3052,3053,-361.92974716162524
1855,-0.02102807718705435,1.8703411403161857e-18,mid,8.227252195702745e-17,1.64686442688032e-18,3053,3054,-361.951712772096
1856,-0.019011852634605475,1.8438656525898392e-18,mid,8.302771970349718e-17,1.6836352177345147e-18,3054,3055,-361.97180331599935
1857,-0.01674550232590377,1.7949724701504e-18,mid,8.329966315944086e-17,1.7167701437998659e-18,3055,3056,-361.9897364773652
1858,-0.013961159508966148,1.7273012802913337e-18,mid,8.306597556764432e-17,1.7448905303161995e-18,3056,3057,-362.00529432065116
1859,-0.009905920432402127,1.6449064597206903e-18,mid,8.234607794014706e-17,1.765999367682969e-18,3057,3058,-362.01765879638316
1860,-0.003713503343874436,1.5519958859429797e-18,mid,8.119657017936276e-17,1.7777762826016825e-18,3058,3059,-362.02510616151596
1861,0.005282870581368115,1.453469590771848e-18,mid,7.970255720178412e-17,1.7787122800967632e-18,3059,3060,-362.0250858030709
1862,0.017164183573186165,1.3559023435196353e-18,mid,7.79697833891585e-17,1.7689562803043626e-18,3060,3061,-362.0145404203532
1863,0.030626857024657284,1.2681271594866789e-18,mid,7.611995107526666e-17,1.7501166235248476e-18,3061,3062,-361.99075743592454
1864,0.04220005499416857,1.2005024786766302e-18,mid,7.428839412179795e-17,1.7243599555111775e-18,3062,3063,-361.9532867063039
1865,0.04706119407032361,1.1624550254571716e-18,mid,7.262063538570704e-17,1.693747002261113e-18,3063,3064,-361.9063573259362
1866,0.04218024571355272,1.1591743622278024e-18,mid,7.126323796217973e-17,1.6603218469589365e-18,3064,3065,-361.85916431816327
1867,0.029073685725762743,1.189753311854297e-18,mid,7.034652455284785e-17,1.6266346816252388e-18,3065,3066,-361.8219968345091
1868,0.012744789493382314,1.2483915639870608e-18,mid,6.996258333914323e-17,1.5959907075579595e-18,3066,3067,-361.80101694671174
1869,-0.0019838755938508257,1.3273413218893345e-18,mid,7.014765902242994e-17,1.5720244111606317e-18,3067,3068,-361.79650725552233
1870,-0.012810221817773026,1.4189842283671106e-18,mid,7.087754584122415e-17,1.5578083197557596e-18,3068,3069,-361.80498469789944
1871,-0.01972163601519128,1.516169350099886e-18,mid,7.207692970041594e-17,1.5550872452235928e-18,3069,3070,-361.8221276991579
1872,-0.023655295146852495,1.6117960186289414e-18,mid,7.363556358025251e-17,1.5641143810870637e-18,3070,3071,-361.8444279699298
1873,-0.025449313675665053,1.6988414163690696e-18,mid,7.542289171293698e-17,1.584071336941178e-18,3071,3072,-361.8694382894516
1874,-0.025499406578290973,1.7711930054933175e-18,mid,7.729781457110688e-17,1.6135846452610881e-18,3072,3073,-361.89532659728116
1875,-0.02397560969944834,1.8247341430260915e-18,mid,7.911574305820485e-17,1.6508405190444057e-18,3073,3074,-361.92043710260816
1876,-0.021259064615946954,1.8577878240614643e-18,mid,8.07367399241942e-17,1.6933116451972938e-18,3074,3075,-361.94327781668005
1877,-0.01816302796447644,1.8704666887880525e-18,mid,8.203659691671539e-17,1.7376266498507974e-18,3075,3076,-361.96295523184006
1878,-0.015597796369092976,1.8633522404815568e-18,mid,8.291929768983116e-17,1.7800088511581728e-18,3076,3077,-361.979603872609
1879,-0.013806197618123406,1.836514446444903e-18,mid,8.332647882351721e-17,1.817055275880529e-18,3077,3078,-361.99415082457824
1880,-0.011853553382309201,1.7896932095027523e-18,mid,8.323932772075908e-17,1.8462145648446904e-18,3078,3079,-362.00721626784525
1881,-0.008037617614490955,1.7235984559144368e-18,mid,8.267240482868191e-17,1.865693238762095e-18,3079,3080,-362.01785793134286
1882,-0.0010967232816767591,1.641406164499442e-18,mid,8.166507355846464e-17,1.8742083056948004e-18,3080,3081,-362.02329150307423
1883,0.008722167699858119,1.5493592598443317e-18,mid,8.027846894015385e-17,1.871120365626147e-18,3081,3082,-362.0200513779062
1884,0.019660609841452015,1.4559938772083103e-18,mid,7.860039788807205e-17,1.85688171808513e-18,3082,3083,-362.0058471676745
1885,0.029545760989208247,1.370411974360139e-18,mid,7.675153802491576e-17,1.833210507036716e-18,3083,3084,-361.9807301582233
1886,0.03694137974400746,1.3007175236766113e-18,mid,7.488268760823146e-17,1.8026482863283195e-18,3084,3085,-361.9467556456961
1887,0.04111044558075605,1.253577439067534e-18,mid,7.315863960403033e-17,1.7678589049400122e-18,3085,3086,-361.9068473987353
1888,0.040983925268960775,1.23452921698485e-18,mid,7.173433781570438e-17,1.731303511592939e-18,3086,3087,-361.8645347545346
1889,0.03505138040875977,1.2474788367762067e-18,mid,7.073423769293752e-17,1.6954791478272005e-18,3087,3088,-361.8248795481974
1890,0.023124554001668685,1.2927753153013132e-18,mid,7.024198245028294e-17,1.663271981507645e-18,3088,3089,-361.79443199371707
1891,0.007846790689086447,1.3656077411593348e-18,mid,7.029873140326108e-17,1.6378234613092788e-18,3089,3090,-361.77863044019404
1892,-0.006352558508723405,1.4568611578807834e-18,mid,7.090305177265607e-17,1.6217851744859403e-18,3090,3091,-361.7787384123389
1893,-0.015877739591047657,1.556102020392714e-18,mid,7.20079877326838e-17,1.6164713412149224e-18,3091,3092,-361.7913355572115
1894,-0.019720443555456768,1.6544521003892059e-18,mid,7.351852887155458e-17,1.6215867240438853e-18,3092,3093,-361.810493891521
1895,-0.019425598894059704,1.7457284430610466e-18,mid,7.52971595873794e-17,1.635746311944161e-18,3093,3094,-361.8307764443224
1896,-0.01774040530295906,1.825826222955524e-18,mid,7.71815613535107e-17,1.6573167463405923e-18,3094,3095,-361.8493450893091
1897,-0.01683966824080585,1.891334586351129e-18,mid,7.900971382878088e-17,1.6848092341508207e-18,3095,3096,-361.8662572549283
1898,-0.017162118413779126,1.9385591763199632e-18,mid,8.064131975957127e-17,1.7164872642622625e-18,3096,3097,-361.8830244257907
1899,-0.017584474904282388,1.963642215768751e-18,mid,8.196651533505569e-17,1.7497095212372264e-18,3097,3098,-361.9005814917559
1900,-0.016690778887493707,1.9636256913670306e-18,mid,8.290225439109665e-17,1.7809403145229767e-18,3098,3099,-361.9181933755993
1901,-0.014011277019136514,1.9376847171278666e-18,mid,8.338587978742404e-17,1.806772079681905e-18,3099,3100,-361.93396304953086
1902,-0.010220306007795443,1.88773391616884e-18,mid,8.337597698830034e-17,1.825206765676258e-18,3100,3101,-361.94621592963756
1903,-0.006276090441247106,1.818031247479532e-18,mid,8.286197315877184e-17,1.8359972497364464e-18,3101,3102,-361.95440366154645
1904,-0.002387228145039444,1.7340400649068223e-18,mid,8.187446955282876e-17,1.8396935558355826e-18,3102,3103,-361.95876811052005
1905,0.002272539903572124,1.6413628162036674e-18,mid,8.048703225825453e-17,1.836378520028476e-18,3103,3104,-361.95917811783653
1906,0.00890608721599051,1.5455418049184037e-18,mid,7.880736461252206e-17,1.8254036916421233e-18,3104,3105,-361.9542230307129
1907,0.017970575588492466,1.4528238871021204e-18,mid,7.696356917747541e-17,1.8063633058653637e-18,3105,3106,-361.94136594340455
1908,0.028184142374328758,1.3710972769287966e-18,mid,7.509282888485986e-17,1.780279137888836e-18,3106,3107,-361.9182818795359
1909,0.03626578738612807,1.3097351843146135e-18,mid,7.33354169253264e-17,1.7498201901294535e-18,3107,3108,-361.8849976586559
1910,0.03821937509084705,1.2775093624513887e-18,mid,7.183105720058451e-17,1.7183760533862687e-18,3108,3109,-361.84575030476367
1911,0.032099820423326264,1.2792847282333824e-18,mid,7.071167417298814e-17,1.688850659803765e-18,3109,3110,-361.8085589084742
1912,0.01988365708513129,1.3138846544063774e-18,mid,7.008655971677665e-17,1.6631693500945972e-18,3110,3111,-361.781550663917
1913,0.00607601397504709,1.3749910180866933e-18,mid,7.00222711188216e-17,1.642729862990469e-18,3111,3112,-361.76879159430393
1914,-0.0055238580672778426,1.4541272062984255e-18,mid,7.052618234051378e-17,1.6291604668947898e-18,3112,3113,-361.7693986359669
1915,-0.013572726755455733,1.5432252178626054e-18,mid,7.154346681525137e-17,1.624500702548236e-18,3113,3114,-361.7798393104385
1916,-0.01858999008473461,1.6354705729322917e-18,mid,7.296987488643683e-17,1.6304656745351417e-18,3114,3115,-361.79654408947783
1917,-0.021556023061521046,1.7248455793385084e-18,mid,7.467280371954842e-17,1.6473449787815234e-18,3115,3116,-361.81701929060796
1918,-0.023092004120400134,1.8054636333069923e-18,mid,7.650990551462048e-17,1.6735291935553823e-18,3116,3117,-361.8396561356009
1919,-0.023414809921945334,1.871540126042537e-18,mid,7.83398792408064e-17,1.7061675434753493e-18,3117,3118,-361.86320329884876
1920,-0.022581164841170676,1.918191768268699e-18,mid,8.00276912534077e-17,1.7424220713710384e-18,3118,3119,-361.88648575544477
1921,-0.02066083252660178,1.9425577939751103e-18,mid,8.144944953798262e-17,1.780207158734193e-18,3119,3120,-361.9083656285311
1922,-0.017853006281399075,1.944366362460367e-18,mid,8.249975739099181e-17,1.8178437184699756e-18,3120,3121,-361.92780742049797
1923,-0.014590951591230805,1.92537514197141e-18,mid,8.310060528992889e-17,1.853208593760174e-18,3121,3122,-361.9440716410939
1924,-0.011435062835374765,1.8879861843526653e-18,mid,8.320905509139209e-17,1.8834683658960015e-18,3122,3123,-361.95698932368043
1925,-0.008593708274617029,1.8340791172605994e-18,mid,8.282108051145984e-17,1.9057869581231602e-18,3123,3124,-361.96694176676465
1926,-0.0054048798654946495,1.76504149111221e-18,mid,8.196990049306458e-17,1.918328291032004e-18,3124,3125,-361.97417674022967
1927,-0.0004579389376431209,1.6830766755833245e-18,mid,8.071934783882557e-17,1.9206551544708002e-18,3125,3126,-361.97775152649564
1928,0.0073741045362965,1.5928273959381894e-18,mid,7.915607001159099e-17,1.9133792762089567e-18,3126,3127,-361.97509261810495
1929,0.017618979771981458,1.5020176310933306e-18,mid,7.738554193662818e-17,1.897654334112712e-18,3127,3128,-361.96300331742304
1930,0.027767645600192736,1.4204063879913232e-18,mid,7.553302608034504e-17,1.8750307668530842e-18,3128,3129,-361.939854658561
1931,0.03445125992274711,1.3574005128213505e-18,mid,7.374405309845041e-17,1.8475911364501812e-18,3129,3130,-361.90746802622266
1932,0.03556484290979256,1.3196755336890509e-18,mid,7.217626234219531e-17,1.8179637268641224e-18,3130,3131,-361.8709521387155
1933,0.03140262491936596,1.3103456376445668e-18,mid,7.097947918762471e-17,1.789041757074662e-18,3131,3132,-361.8363383404031
1934,0.023726031656622126,1.3298206740033836e-18,mid,7.02703037963064e-17,1.7635898232917004e-18,3132,3133,-361.80814688887676
1935,0.014140336568601697,1.3767266842230276e-18,mid,7.011296851971555e-17,1.7439796654342812e-18,3133,3134,-361.78888627708983
1936,0.003688399627264971,1.4476090135893514e-18,mid,7.051443257808652e-17,1.7320912853645882e-18,3134,3135,-361.77986621573956
1937,-0.0064629408548739775,1.536159754433998e-18,mid,7.143190198100709e-17,1.7292231242322992e-18,3135,3136,-361.7815094778353
1938,-0.0146565168428765,1.6335865599525852e-18,mid,7.278413560056769e-17,1.7358803638163235e-18,3136,3137,-361.7927920974493
1939,-0.0193016123951395,1.7305273362435589e-18,mid,7.445953265944358e-17,1.7515124355389914e-18,3137,3138,-361.81082251152105
1940,-0.019829406829956042,1.8193328414984886e-18,mid,7.632119189022087e-17,1.7744400727674844e-18,3138,3139,-361.8313953222396
1941,-0.017238295820334315,1.895230641881433e-18,mid,7.821452547777121e-17,1.8021775161747294e-18,3139,3140,-361.85048132518097
1942,-0.013699941048827213,1.955808059465814e-18,mid,7.998189199494404e-17,1.8320767355717223e-18,3140,3141,-361.86587191388026
1943,-0.011286745488462202,1.9994344131210514e-18,mid,8.14823144644848e-17,1.8618642657222904e-18,3141,3142,-361.8778812072786
1944,-0.010626527175759293,2.02390110715298e-18,mid,8.260822916811934e-17,1.8896231337283326e-18,3142,3143,-361.8884454048572
1945,-0.010577662000798682,2.0263488835616095e-18,mid,8.329118408393888e-17,1.91332065234843e-18,3143,3144,-361.89913426163014
1946,-0.009287297091759683,2.0045574282348857e-18,mid,8.349584094809096e-17,1.9305854563920443e-18,3144,3145,-361.9096007288588
1947,-0.005760317805794557,1.9586312843619235e-18,mid,8.321077547657689e-17,1.93929030770805e-18,3145,3146,-361.91770885581366
1948,-0.0005923077643501529,1.8918841342736402e-18,mid,8.244652521404574e-17,1.9385946207603587e-18,3146,3147,-361.92112136447037
1949,0.004713083077888314,1.8103293552570083e-18,mid,8.124335564085832e-17,1.929409255514884e-18,3147,3148,-361.91889347134236
1950,0.009176654120096828,1.7211277321275615e-18,mid,7.968075202816619e-17,1.913675570466389e-18,3148,3149,-361.9116951983146
1951,0.013205597810582503,1.631118461768117e-18,mid,7.787790648918994e-17,1.8930759692335816e-18,3149,3150,-361.90054016310216
1952,0.01802045491618287,1.5465175832597976e-18,mid,7.598158859498303e-17,1.8684261037250687e-18,3150,3151,-361.8852840026934
1953,0.023987832445101276,1.4737924966174686e-18,mid,7.414726794995801e-17,1.840290338847525e-18,3151,3152,-361.8644992532698
1954,0.02925875384067922,1.4204473721357302e-18,mid,7.25226923564856e-17,1.8101195248978968e-18,3152,3153,-361.8373083378032
1955,0.03031695316744276,1.3941451414132539e-18,mid,7.123858897532776e-17,1.780712942448196e-18,3153,3154,-361.80598174558844
1956,0.024720720837194676,1.3998958734961448e-18,mid,7.040367413758346e-17,1.755463670895548e-18,3154,3155,-361.77667443146834
1957,0.013675862877050804,1.4373045841977666e-18,mid,7.00973737226139e-17,1.7369781091677644e-18,3155,3156,-361.75654030391405
1958,0.0014331330131938103,1.5004693973236471e-18,mid,7.035701006776873e-17,1.7262156594571558e-18,3156,3157,-361.74932270571423
1959,-0.00798571530495451,1.580621005184631e-18,mid,7.116417969092987e-17,1.7228129463473489e-18,3157,3158,-361.75367403788766
1960,-0.013270687774564749,1.6691473200427224e-18,mid,7.244035171145169e-17,1.7262081390247303e-18,3158,3159,-361.76529413632414
1961,-0.015611860654814791,1.7590782113537474e-18,mid,7.405832682865365e-17,1.7364710214164576e-18,3159,3160,-361.7802154134368
1962,-0.016839709384498747,1.8448927344174377e-18,mid,7.586595038441691e-17,1.7540027588554458e-18,3160,3161,-361.7965178576338
1963,-0.017864695925851493,1.921594467080056e-18,mid,7.771040103271333e-17,1.7783537111862877e-18,3161,3162,-361.8138948322058
1964,-0.01844799469768077,1.9840914336316337e-18,mid,7.945271307335991e-17,1.8073589138060185e-18,3162,3163,-361.8322472494855
1965,-0.017984630355954323,2.0274315184318195e-18,mid,8.097116017285798e-17,1.8376064655817445e-18,3163,3164,-361.85079082160115
1966,-0.01628450509895174,2.047806615356913e-18,mid,8.216035559009923e-17,1.865987294061235e-18,3164,3165,-361.8682165101974
1967,-0.01369537688242417,2.0437157205244543e-18,mid,8.293372935579718e-17,1.8909426843823427e-18,3165,3166,-361.88335983179905
1968,-0.010733819206080852,2.016460501817968e-18,mid,8.323116642472761e-17,1.9122517031856777e-18,3166,3167,-361.89560726396223
1969,-0.007755444963407854,1.969483108985241e-18,mid,8.302757843171825e-17,1.929670998209432e-18,3167,3168,-361.9048274702112
1970,-0.004868587351950282,1.9068926608949397e-18,mid,8.233728091949561e-17,1.941913123812597e-18,3168,3169,-361.91111815388905
1971,-0.0018832815124483204,1.832246073416709e-18,mid,8.121234395395953e-17,1.947030638781259e-18,3169,3170,-361.9145646449151
1972,0.0017990300557642058,1.7485661848290186e-18,mid,7.97363598220659e-17,1.9437813763522498e-18,3170,3171,-361.91488471691395
1973,0.007021407349014908,1.6596440337280622e-18,mid,7.80163727559226e-17,1.9326407371906632e-18,3171,3172,-361.9109665848036
1974,0.014097395146251301,1.5715730225968448e-18,mid,7.617574120666207e-17,1.915630971457297e-18,3172,3173,-361.9008419022159
1975,0.021793349716205057,1.4930725860242212e-18,mid,7.434955628847854e-17,1.895315704881858e-18,3173,3174,-361.8827717945111
1976,0.027226723955124044,1.433813565893499e-18,mid,7.268124552309193e-17,1.8739163621737942e-18,3174,3175,-361.8572552027835
1977,0.027529780864142595,1.4013407784449932e-18,mid,7.131564389074394e-17,1.8531488414282146e-18,3175,3176,-361.82831834660084
1978,0.022177962834177833,1.3985637511716481e-18,mid,7.038403040516462e-17,1.8346321715624007e-18,3176,3177,-361.8021956410552
1979,0.01346040605793064,1.4237509018183817e-18,mid,6.998241338788219e-17,1.8202846147283814e-18,3177,3178,-361.7839624209325
1980,0.004467936307065656,1.4727291447722363e-18,mid,7.015180954146773e-17,1.812226715925399e-18,3178,3179,-361.77527482893936
1981,-0.0030654325332477583,1.5408945598978095e-18,mid,7.08709031289933e-17,1.81217745395285e-18,3179,3180,-361.77502654831835
1982,-0.009029312067468709,1.6233917163342338e-18,mid,7.2064372154414e-17,1.8207849250176084e-18,3180,3181,-361.78140569400585
1983,-0.013782178336271045,1.71414959198452e-18,mid,7.36205102167022e-17,1.837406907535233e-18,3181,3182,-361.7930851724533
1984,-0.01715445401120519,1.8055347781607536e-18,mid,7.540821941220717e-17,1.8604703682334892e-18,3182,3183,-361.8089700506784
1985,-0.01842478053580976,1.889519320223034e-18,mid,7.728772644223788e-17,1.8880387756911057e-18,3183,3184,-361.8273940804757
1986,-0.017041509264373644,1.9596902659611246e-18,mid,7.911625457465557e-17,1.9181074460366598e-18,3184,3185,-361.84581961175
1987,-0.013399453219221868,2.012602709943802e-18,mid,8.075382209955439e-17,1.9485554559779934e-18,3185,3186,-361.86147709900445
1988,-0.008993986999087156,2.0474784732658935e-18,mid,8.20733404151221e-17,1.9771119089221027e-18,3186,3187,-361.87261851818846
1989,-0.005641140181381843,2.0645423684688395e-18,mid,8.297447078448638e-17,2.001591885225718e-18,3187,3188,-361.8794650730026
1990,-0.004187632086683379,2.0633293779856653e-18,mid,8.339560566494846e-17,2.020200387954171e-18,3188,3189,-361.8839007985512
1991,-0.003781625459936322,2.0423434162743286e-18,mid,8.331723110097229e-17,2.031594578676533e-18,3189,3190,-361.887840337176
1992,-0.002505155509538781,2.0004021783069245e-18,mid,8.275517131185093e-17,2.034805625504436e-18,3190,3191,-361.8914640494711
1993,0.0010342181676037399,1.9386352612373155e-18,mid,8.175029994542095e-17,2.029400314629161e-18,3191,3192,-361.89285064819506
1994,0.006503413159435922,1.8616145642692017e-18,mid,8.036421320804678e-17,2.0159244268842373e-18,3192,3193,-361.8893956131359
1995,0.012093446443117273,1.7767872004225686e-18,mid,7.868400034178237e-17,1.9961235335450495e-18,3193,3194,-361.8798438218762
1996,0.016034527639249063,1.6925590152789336e-18,mid,7.682915767813047e-17,1.9724711412254037e-18,3194,3195,-361.86520872024965
1997,0.01803019454567334,1.6163467037313524e-18,mid,7.494973857010451e-17,1.94725566472216e-18,3195,3196,-361.8477747665977
1998,0.019178994845191255,1.5539785198133851e-18,mid,7.321083280821212e-17,1.9220293268617874e-18,3196,3197,-361.8291483311583
1999,0.020303545065161188,1.5105521431681341e-18,mid,7.176871921204876e-17,1.897887356086494e-18,3197,3198,-361.8094167769073
2000,0.020396318435160765,1.4912461970571786e-18,mid,7.074953874435778e-17,1.8762057626817972e-18,3198,3199,-361.788541241028
2001,0.017186536053714008,1.5004105123481208e-18,mid,7.023806039575755e-17,1.859005957540334e-18,3199,3200,-361.768624140037
2002,0.009666617055103188,1.539083305592423e-18,mid,7.027568344288712e-17,1.8484459044846453e-18,3200,3201,-361.75416816892056
2003,-0.00018738526526362875,1.6032271445455694e-18,mid,7.086091989407261e-17,1.8457567766931897e-18,3201,3202,-361.7492909059268
2004,-0.0086189290173877,1.684680068037377e-18,mid,7.194736576603314e-17,1.850514296826207e-18,3202,3203,-361.7545429394511
2005,-0.012922709070181781,1.774121885365155e-18,mid,7.344144037411184e-17,1.860918465528108e-18,3203,3204,-361.76652876396156
2006,-0.01311989798730906,1.8637073985688693e-18,mid,7.520729625628774e-17,1.8749280005676356e-18,3204,3205,-361.78038835759145
2007,-0.011365403301198285,1.947894985647099e-18,mid,7.708356866372436e-17,1.891334649875106e-18,3205,3206,-361.7927685599362
2008,-0.00999867100352958,2.022637348947467e-18,mid,7.890797678419939e-17,1.9098219279603648e-18,3206,3207,-361.80311916419384
2009,-0.009882845135393836,2.084061733563431e-18,mid,8.053901262922395e-17,1.9299281732703637e-18,3207,3208,-361.81276590194324
2010,-0.01019847953966746,2.1278277212910123e-18,mid,8.186553969412979e-17,1.9499649408502692e-18,3208,3209,-361.82288485446463
2011,-0.009592126667172352,2.1496737541348036e-18,mid,8.280423600288342e-17,1.9671418672691314e-18,3209,3210,-361.8331628610226
2012,-0.00749151188608721,2.146775895882184e-18,mid,8.329363182186768e-17,1.9790148683519813e-18,3210,3211,-361.842069107799
2013,-0.004471064880704034,2.1190276338224596e-18,mid,8.329415286725731e-17,1.984956815204068e-18,3211,3212,-361.84814588479475
2014,-0.0015836664853168259,2.069374535919202e-18,mid,8.279587335658188e-17,1.9861671399859925e-18,3212,3213,-361.8510112375604
2015,0.0005500133509599436,2.002884455648249e-18,mid,8.182741669959821e-17,1.984153937235327e-18,3213,3214,-361.8513132177654
2016,0.002125024453846436,1.925111069434772e-18,mid,8.045825019250509e-17,1.9792070418931693e-18,3214,3215,-361.84991121085847
2017,0.0038962759701632876,1.840902090602069e-18,mid,7.879220243689509e-17,1.9703685918005408e-18,3215,3216,-361.8470631688577
2018,0.0066409356709016265,1.7545329905594225e-18,mid,7.695596396684615e-17,1.9568505841523956e-18,3216,3217,-361.84211865891814
2019,0.01060135209525015,1.6710015405167826e-18,mid,7.508789981837634e-17,1.9394702168476743e-18,3217,3218,-361.8337812975159
2020,0.014989268596167449,1.5972407235534643e-18,mid,7.333005153130751e-17,1.920781388228128e-18,3218,3219,-361.82091595472764
2021,0.017894894752231494,1.5417665898000527e-18,mid,7.182236975550747e-17,1.903862374840278e-18,3219,3220,-361.80380276032355
2022,0.01720694337083728,1.5122777887165588e-18,mid,7.069532194897038e-17,1.890864721466549e-18,3220,3221,-361.7851261652232
2023,0.012308262283113436,1.5125247545374702e-18,mid,7.005706412075286e-17,1.8824877071678496e-18,3221,3222,-361.7693888735819
2024,0.004873951079986227,1.5408749864482753e-18,mid,6.99755569745092e-17,1.878642783261671e-18,3222,3223,-361.76050964065695
2025,-0.0023704628529799265,1.591783803281717e-18,mid,7.046233261470622e-17,1.8795526225501068e-18,3223,3224,-361.7596409714219
2026,-0.007637004737574671,1.6587148972207058e-18,mid,7.146729209179318e-17,1.8862001970649772e-18,3224,3225,-361.7652505663629
2027,-0.010801611251508803,1.7360275533036937e-18,mid,7.288873388756082e-17,1.8996622333303694e-18,3225,3226,-361.77491498089705
2028,-0.012644877941028199,1.818829948076204e-18,mid,7.459347269210915e-17,1.9199201364921373e-18,3226,3227,-361.7868537888659
2029,-0.013785855399618185,1.901755880129068e-18,mid,7.643701743897915e-17,1.945280931842254e-18,3227,3228,-361.8002047367791
2030,-0.014213771938699438,1.978317623231347e-18,mid,7.827693811847396e-17,1.9730026228526816e-18,3228,3229,-361.81442549966516
2031,-0.013475263549423744,2.041756267418221e-18,mid,7.997926748941679e-17,2.0005741751704143e-18,3229,3230,-361.8286322806565
2032,-0.011179189464769479,2.0869255131499472e-18,mid,8.14220070874482e-17,2.026490419717819e-18,3230,3231,-361.841376026764
2033,-0.007506706565351351,2.111768756058188e-18,mid,8.249979133925754e-17,2.0499394958023126e-18,3231,3232,-361.85099065958605
2034,-0.0034233918759980497,2.1171673933173592e-18,mid,8.313135854584655e-17,2.0699595556501354e-18,3232,3233,-361.8563894398947
2035,-0.000284408480069942,2.105219027363672e-18,mid,8.326857775565381e-17,2.085063461821432e-18,3233,3234,-361.85783744333804
2036,0.001113098615689978,2.077297713872219e-18,mid,8.290329489755595e-17,2.0936787118358984e-18,3234,3235,-361.85695825685485
2037,0.0013159389864370041,2.033484440279108e-18,mid,8.206770384093212e-17,2.0948879445973484e-18,3235,3236,-361.85561124610666
2038,0.0019703269477986396,1.973881482763125e-18,mid,8.082717989515473e-17,2.088828215256422e-18,3236,3237,-361.854326378882
2039,0.004510238978014058,1.9007594689335814e-18,mid,7.927019077356733e-17,2.0766110457389717e-18,3237,3238,-361.85167059221106
2040,0.008814748005647743,1.8198014697946043e-18,mid,7.750244756110716e-17,2.0600137271426706e-18,3238,3239,-361.84530590092595
2041,0.01306473868521607,1.739418536461899e-18,mid,7.56478548893163e-17,2.041136040147233e-18,3239,3240,-361.83404109619977
2042,0.01510862776541444,1.6684682863454078e-18,mid,7.385050033878177e-17,2.022043100147233e-18,3240,3241,-361.8191764235555
2043,0.014255731235351732,1.6138501919668982e-18,mid,7.22681027485857e-17,2.0044602631711862e-18,3241,3242,-361.80382384066894
2044,0.011739702039164968,1.5796492147788972e-18,mid,7.105254603087798e-17,1.989684802986304e-18,3242,3243,-361.7906649610848
2045,0.00923546125949315,1.5681445946163822e-18,mid,7.032348375734304e-17,1.9787441035986693e-18,3243,3244,-361.7803444365906
2046,0.00700668714429753,1.5810802627649422e-18,mid,7.014755459307127e-17,1.972591578097485e-18,3244,3245,-361.77219403856583
2047,0.0038512625831117475,1.6193549263350565e-18,mid,7.053249840124407e-17,1.9720807800657215e-18,3245,3246,-361.766331062302
2048,-0.001070907309440372,1.6812109657402056e-18,mid,7.143514079847636e-17,1.9776378827869315e-18,3246,3247,-361.7644915133996
2049,-0.00671323080891284,1.7609543173180063e-18,mid,7.27740445592041e-17,1.9888212878971423e-18,3247,3248,-361.7684728769209
2050,-0.010662857913274593,1.8499216986076667e-18,mid,7.443841837248951e-17,2.0041213571087365e-18,3248,3249,-361.77791797501743
2051,-0.011074410277672087,1.9391760549222563e-18,mid,7.629266876394515e-17,2.0212692649894313e-18,3249,3250,-361.78979859274745
2052,-0.008140204150066666,2.021904315074091e-18,mid,7.818277514146278e-17,2.038009780447461e-18,3250,3251,-361.8000667955728
2053,-0.003949347470779685,2.094039996853736e-18,mid,7.995023383666802e-17,2.0528918622444477e-18,3251,3252,-361.8060790010476
2054,-0.0009386842224330394,2.1531406631690346e-18,mid,8.145224165079051e-17,2.0654342613276544e-18,3252,3253,-361.80796549051433
2055,-0.00014059201885174843,2.1967055898359317e-18,mid,8.257952975178095e-17,2.0754260023697637e-18,3253,3254,-361.80795636949244
2056,-0.0006235268675993666,2.221375794268636e-18,mid,8.326288760759855e-17,2.0820105949940263e-18,3254,3255,-361.80824667455204
2057,-0.0005601309298697288,2.22368078323557e-18,mid,8.346737048310136e-17,2.0836213170463675e-18,3255,3256,-361.80920342322764
2058,0.0010867735692272618,2.201758385735138e-18,mid,8.318277966031677e-17,2.079071213499147e-18,3256,3257,-361.8093669364118
2059,0.0037543462541691497,2.156807666407864e-18,mid,8.242094862619346e-17,2.0688178913675288e-18,3257,3258,-361.8070298760892
2060,0.005926756388504373,2.0932787706026478e-18,mid,8.12224526508489e-17,2.0550338516102138e-18,3258,3259,-361.80185824390344
2061,0.0065217651622333506,2.017628202133025e-18,mid,7.96653569599801e-17,2.040219280345696e-18,3259,3260,-361.7951763633122
2062,0.0057825696875397625,1.9364497726580723e-18,mid,7.786609550865281e-17,2.025627339782736e-18,3260,3261,-361.788814713579
2063,0.005003704725965008,1.8552870315944943e-18,mid,7.596892270255497e-17,2.0110022685255336e-18,3261,3262,-361.7836112239371
2064,0.0054090089848557454,1.7789121078060176e-18,mid,7.412861931919683e-17,1.9958005217940743e-18,3262,3263,-361.77880730412704
2065,0.00704470071204355,1.712610390080385e-18,mid,7.249421296732132e-17,1.9806561287953364e-18,3263,3264,-361.7727932059674
2066,0.008482105880688096,1.6629905138924416e-18,mid,7.11982216624547e-17,1.9677020182741298e-18,3264,3265,-361.76471790270296
2067,0.007731972990939084,1.6369564481630575e-18,mid,7.035004326141719e-17,1.959450216232647e-18,3265,3266,-361.755828994206
2068,0.003943765079526429,1.638991996401545e-18,mid,7.002852829749606e-17,1.957216011972623e-18,3266,3267,-361.7492539567211
2069,-0.0016057269472184998,1.6687640639802586e-18,mid,7.027064775147028e-17,1.960439044584236e-18,3267,3268,-361.74794146404696
2070,-0.006454407406607743,1.7211614707861124e-18,mid,7.1059470955122e-17,1.9674520507450205e-18,3268,3269,-361.7524654106155
2071,-0.008955046047105952,1.7887183610676734e-18,mid,7.231981776722003e-17,1.9770012914842384e-18,3269,3270,-361.7608502788602
2072,-0.009268905314058884,1.8643663428104363e-18,mid,7.392802208627054e-17,1.989161704386244e-18,3270,3271,-361.7703755027097
2073,-0.008646597619787144,1.942652134965916e-18,mid,7.573359659623532e-17,2.0047935002213545e-18,3271,3272,-361.7793880894883
2074,-0.008092229510026527,2.0191531597988728e-18,mid,7.7582830104205e-17,2.0240224459307852e-18,3272,3273,-361.7876686979493
2075,-0.0077040476024876625,2.0891766319358524e-18,mid,7.933457870212121e-17,2.045218777814801e-18,3273,3274,-361.79557254850835
2076,-0.006967755333818104,2.14715520158648e-18,mid,8.086585447907823e-17,2.0655556252410505e-18,3274,3275,-361.8030767931543
2077,-0.005403144164603191,2.187476497797105e-18,mid,8.207211727558842e-17,2.0827093597616925e-18,3275,3276,-361.809508059176
2078,-0.0029548619473303006,2.2063048684147264e-18,mid,8.286866588976922e-17,2.096104646380478e-18,3276,3277,-361.8138830814835
2079,-3.2367201924898836e-05,2.2030451592546916e-18,mid,8.319568062235348e-17,2.1065438351627033e-18,3277,3278,-361.81541778307064
2080,0.002617626222559011,2.1802052932131794e-18,mid,8.302508318249526e-17,2.114698211653644e-18,3278,3279,-361.81394781588733
2081,0.00418022019883324,2.1416199109545605e-18,mid,8.236589936468941e-17,2.1200351599244988e-18,3279,3280,-361.8101825306255
2082,0.004257370136087957,2.0903743809689735e-18,mid,8.126562778661539e-17,2.121181211978134e-18,3280,3281,-361.80558737548967
2083,0.0033278535233023376,2.0281029620304457e-18,mid,7.980644320783139e-17,2.1172426653193565e-18,3281,3282,-361.80166779035335
2084,0.0026344908217765806,1.9562475982083027e-18,mid,7.809692605981955e-17,2.108812274424902e-18,3282,3283,-361.79893166844306
2085,0.003289972034991706,1.8782073388912408e-18,mid,7.626251415822583e-17,2.097874624773204e-18,3283,3284,-361.7963988087098
2086,0.00520172016382503,1.8005143877297324e-18,mid,7.443864665653375e-17,2.0868484366686405e-18,3284,3285,-361.7923517243731
2087,0.006855172387901121,1.7318825783832684e-18,mid,7.276721869409156e-17,2.077587036620258e-18,3285,3286,-361.78599536838215
2088,0.006474156083584148,1.6805231873330355e-18,mid,7.139158318840612e-17,2.070999505849566e-18,3286,3287,-361.7786413795973
2089,-0.021164740048931208,1.6514998584370301e-18,mid,7.044380200085349e-17,2.0673865407305787e-18,3287,3288,-361.773047056215
2090,-0.02511606702989866,1.9765235973879405e-18,mid,7.518953698060628e-17,2.015736273910268e-18,3318,3319,-361.82097085969514
2091,0.0007061406085142607,2.0020096801970967e-18,mid,7.578842371702169e-17,2.00545722370191e-18,3319,3320,-361.8232791902748
2092,0.005819407267949828,2.022415297441947e-18,mid,7.64330268795146e-17,2.0054623549815617e-18,3320,3321,-361.8195585784781
2093,0.008183631413942294,2.0378187402615296e-18,mid,7.706986270637866e-17,2.0180809331753975e-18,3321,3322,-361.8116403757389
2094,0.007346086108981353,2.046630583792027e-18,mid,7.765111781372237e-17,2.0427274789234266e-18,3322,3323,-361.8031913156502
2095,0.00521893889052194,2.046398569784574e-18,mid,7.813739316656047e-17,2.0755836364323556e-18,3323,3324,-361.7969482035209
2096,0.004415546697600803,2.0357421680460846e-18,mid,7.849653073401039e-17,2.111470410622949e-18,3324,3325,-361.7927534378692
2097,0.005986309640036325,2.0158128831737832e-18,mid,7.870198349639996e-17,2.1464099179648323e-18,3325,3326,-361.7881171101257
2098,0.008535069649894922,1.990109258106633e-18,mid,7.873432626106788e-17,2.178849688529892e-18,3326,3327,-361.7807808185891
2099,0.009500090084401336,1.9627857230402835e-18,mid,7.858634601419848e-17,2.2087236861983868e-18,3327,3328,-361.7710469708259
2100,0.007523858996876243,1.936728154402013e-18,mid,7.826825313546393e-17,2.235309355276599e-18,3328,3329,-361.7617806384203
2101,0.0037541279118045168,1.9129079772728118e-18,mid,7.780847746930066e-17,2.2558832931002843e-18,3329,3330,-361.75599925283217
2102,0.000805879049721625,1.8915227681761214e-18,mid,7.724852581944693e-17,2.2665022741935958e-18,3330,3331,-361.7542723825967
2103,0.0003471458742296818,1.8738131225328047e-18,mid,7.66349841497139e-17,2.264330254172031e-18,3331,3332,-361.7543874947327
2104,0.001560773898916068,1.862778968802688e-18,mid,7.601376053941099e-17,2.2496096534521757e-18,3332,3333,-361.75357809084824
2105,0.00190201911306076,1.8619720557787746e-18,mid,7.542913313812218e-17,2.2256562818691095e-18,3333,3334,-361.7512659469349
2106,-0.00048633902960659725,1.873247814347273e-18,mid,7.492537606188287e-17,2.196763155791732e-18,3334,3335,-361.7497740526221
2107,-0.0049094821811479505,1.8954055344200893e-18,mid,7.454613865038776e-17,2.1656322094736545e-18,3335,3336,-361.7522386249941
2108,-0.008575935621735198,1.9249232861387214e-18,mid,7.432879677139543e-17,2.132515391702349e-18,3336,3337,-361.7595930169844
2109,-0.008924379909274194,1.9580493158471212e-18,mid,7.429587920497794e-17,2.096846746396915e-18,3337,3338,-361.7693904962376
2110,-0.0057045437193607995,1.9924327057269644e-18,mid,7.444900024362511e-17,2.0599209046677025e-18,3338,3339,-361.77744177680296
2111,-0.0011086451663686603,2.0271577935698287e-18,mid,7.476943549850133e-17,2.026136530812297e-18,3339,3340,-361.7807995836763
2112,0.0020693498250068387,2.0614601462630356e-18,mid,7.522461179241446e-17,2.0013788301659665e-18,3340,3341,-361.7796590671357
2113,0.002703949802906891,2.093380299570617e-18,mid,7.577562415584003e-17,1.989598154363283e-18,3341,3342,-361.7766608840263
2114,0.0020530600884285377,2.119563634598224e-18,mid,7.638105841626097e-17,1.990539509919289e-18,3342,3343,-361.7742511675299
2115,0.0022780225289409373,2.136419725987258e-18,mid,7.699655756629673e-17,2.00074295826234e-18,3343,3344,-361.7725547638494
2116,0.004254807022419982,2.1417891082538174e-18,mid,7.757383933375604e-17,2.016847295145749e-18,3344,3345,-361.769695122472
2117,0.00676730743623466,2.1359246287353585e-18,mid,7.806338982762159e-17,2.0380835809877873e-18,3345,3346,-361.7640451498046
2118,0.007713006804152656,2.121059548799721e-18,mid,7.842147899234489e-17,2.0657207755688297e-18,3346,3347,-361.75616050759953
2119,0.006082027742820628,2.0998423509921967e-18,mid,7.86178917478957e-17,2.1001332792991253e-18,3347,3348,-361.7486191361963
2120,0.0028574952290227884,2.0738586421810683e-18,mid,7.863976671073846e-17,2.13840225538841e-18,3348,3349,-361.7439964521139
2121,0.00011645814043959035,2.0434621626318473e-18,mid,7.848993853898058e-17,2.174798556329281e-18,3349,3350,-361.74290414573824
2122,-0.0006726303051891591,2.0090505676563553e-18,mid,7.818229061766902e-17,2.2037411968742293e-18,3350,3351,-361.743763535833
2123,0.00033551223273775577,1.97266503030639e-18,mid,7.773823481420056e-17,2.222677479013153e-18,3351,3352,-361.7442494063486
2124,0.0016422565708182901,1.9384295356150383e-18,mid,7.71864835029225e-17,2.232582604138451e-18,3352,3353,-361.74309251136754
2125,0.0015764519635865781,1.9112237510258965e-18,mid,7.656481133540565e-17,2.2358843734019615e-18,3353,3354,-361.740964893207
2126,-0.0005021330569547899,1.8944716256380775e-18,mid,7.592049974603093e-17,2.233742790032552e-18,3354,3355,-361.73993960744036
2127,-0.0037817681946137327,1.8887652293393326e-18,mid,7.530699611550185e-17,2.225036476197984e-18,3355,3356,-361.7419691593209
2128,-0.0066277379826260585,1.892400772594102e-18,mid,7.477705101967661e-17,2.2078287944430284e-18,3356,3357,-361.7475031438296
2129,-0.007752782151243309,1.9032853507399935e-18,mid,7.437508044588017e-17,2.181942721206201e-18,3357,3358,-361.75522463528614
2130,-0.007058618339442546,1.920522896212558e-18,mid,7.413199967773305e-17,2.1504098164842187e-18,3358,3359,-361.7630087081321
2131,-0.005566381170524437,1.944327184155121e-18,mid,7.406400286527897e-17,2.1185708997066288e-18,3359,3360,-361.769341871965
2132,-0.004499142985594062,1.9744303261229776e-18,mid,7.417409416027826e-17,2.0915290571447767e-18,3360,3361,-361.7741414704731
2133,-0.004228675202341492,2.0085217880074277e-18,mid,7.44537396554458e-17,2.071955189093865e-18,3361,3362,-361.7783401579362
2134,-0.003983977265448857,2.0422544569182978e-18,mid,7.488293176527486e-17,2.0599312269325823e-18,3362,3363,-361.7825988208778
2135,-0.002603868468213477,2.070984615114184e-18,mid,7.54293235768411e-17,2.0547757598108396e-18,3363,3364,-361.7863081124671
2136,0.0003031757721885242,2.0918950388714567e-18,mid,7.604875251264755e-17,2.057067929765187e-18,3364,3365,-361.78780655781424
2137,0.0037786116752158705,2.1048133112509685e-18,mid,7.668897905104066e-17,2.068952925829476e-18,3365,3366,-361.78570176092273
2138,0.0060579559688846984,2.1111381810691196e-18,mid,7.729628932718794e-17,2.0923867421359666e-18,3366,3367,-361.7802493344638
2139,0.00590346751826587,2.111854135435267e-18,mid,7.782257236321892e-17,2.126828885673199e-18,3367,3368,-361.77358584898496
2140,0.003666124366219492,2.1063394539902124e-18,mid,7.823009947367844e-17,2.168436584841053e-18,3368,3369,-361.7684423994273
2141,0.001145506376190042,2.092979382767037e-18,mid,7.849268035715394e-17,2.2115504187254426e-18,3369,3370,-361.7662536002525
2142,0.00028673945928403555,2.0710571194415012e-18,mid,7.859416312633595e-17,2.2512932994235165e-18,3370,3371,-361.7661513866749
2143,0.001677755595835606,2.0423087640395935e-18,mid,7.852689278566992e-17,2.285267630142463e-18,3371,3372,-361.76568012133396
2144,0.004008364143118115,2.0108174407691806e-18,mid,7.829247596140036e-17,2.3132511630474483e-18,3372,3373,-361.7627958754832
2145,0.005057008388291706,1.9812595313536847e-18,mid,7.790490978134157e-17,2.3354214655848874e-18,3373,3374,-361.7576633930477
2146,0.0035786187601161146,1.9567981388172676e-18,mid,7.739340805463654e-17,2.3506869139989653e-18,3374,3375,-361.75268185870664
2147,0.00047631491963784356,1.938258418995314e-18,mid,7.680148899951047e-17,2.356537781834571e-18,3375,3376,-361.7505061555275
2148,-0.0019368793579133126,1.9252362886514576e-18,mid,7.618116737481874e-17,2.350567530635863e-18,3376,3377,-361.75172922886736
2149,-0.0020211455555170232,1.918067828465926e-18,mid,7.558479213293194e-17,2.3324372262624e-18,3377,3378,-361.7543799142433
2150,-0.0003390166361327829,1.918750597013311e-18,mid,7.505890146990661e-17,2.3047296483357945e-18,3378,3379,-361.7557715199784
2151,0.0008449121833962181,1.929860560367076e-18,mid,7.464253100717309e-17,2.271985095291025e-18,3379,3380,-361.7550579475156
2152,-0.000246979651365109,1.9523382691285895e-18,mid,7.436830548177283e-17,2.2385175162341596e-18,3380,3381,-361.7540816956116
2153,-0.0030531276288456866,1.9841236640954287e-18,mid,7.426218767843993e-17,2.2066128910169882e-18,3381,3382,-361.7555519068183
2154,-0.0050100644247663695,2.0209279272229122e-18,mid,7.433936632284323e-17,2.1765818398867767e-18,3382,3383,-361.7601879508693
2155,-0.003828658317047484,2.0584627662114367e-18,mid,7.459807129280466e-17,2.1486288254369072e-18,3383,3384,-361.76557203566784
2156,0.0003770876591602246,2.0942318112644277e-18,mid,7.501612929866923e-17,2.1248417045312242e-18,3384,3385,-361.7678452675034
2157,0.005015685381209778,2.1276057771718794e-18,mid,7.555386435524793e-17,2.1093432202308616e-18,3385,3386,-361.7648178603495
2158,0.007139394537716726,2.1584026691046374e-18,mid,7.616237633897712e-17,2.1060848549886844e-18,3386,3387,-361.75781389674097
2159,0.005947095789707646,2.1852961314660294e-18,mid,7.679227433435764e-17,2.1159525060807735e-18,3387,3388,-361.7505390712741
2160,0.0033439413966220854,2.205434602934296e-18,mid,7.739807960134962e-17,2.1358449868040097e-18,3388,3389,-361.74591970516155
2161,0.002045266095564102,2.2156290705523683e-18,mid,7.793762877739351e-17,2.1607243237030907e-18,3389,3390,-361.74385118848085
2162,0.003109517704501741,2.2141920115763602e-18,mid,7.837028501759188e-17,2.186834890094849e-18,3390,3391,-361.7418291729704
2163,0.00515106515067032,2.202040137210388e-18,mid,7.86586096580319e-17,2.2133101291863075e-18,3391,3392,-361.73763215307184
2164,0.0057732345809711205,2.182211329392581e-18,mid,7.877456933666083e-17,2.240928631280246e-18,3392,3393,-361.7315270426691
2165,0.003820176252958163,2.158090363148526e-18,mid,7.870662918136209e-17,2.269308765051815e-18,3393,3394,-361.7260856839099
2166,0.0004065166493774086,2.1317175161562014e-18,mid,7.84626062808679e-17,2.295234693542497e-18,3394,3395,-361.72388669016317
2167,-0.0021242125760352337,2.103588486003399e-18,mid,7.806630203208525e-17,2.3137300530871452e-18,3395,3396,-361.72527265061115
2168,-0.0022381805588622683,2.0740752028023725e-18,mid,7.75507687027121e-17,2.3209654338164568e-18,3396,3397,-361.72813511531524
2169,-0.0004422245645230305,2.045145518532674e-18,mid,7.695320049782656e-17,2.3165632566597412e-18,3397,3398,-361.72974901172887
2170,0.0012076928251474328,2.0207445859525453e-18,mid,7.631412115645097e-17,2.3034427468078292e-18,3398,3399,-361.7290195644443
2171,0.0008356952905330672,2.0052804223034897e-18,mid,7.567909435319652e-17,2.2853506271484375e-18,3399,3400,-361.7273336260786
2172,-0.0016977909340880615,2.0013098275320868e-18,mid,7.50986411220804e-17,2.264156695832567e-18,3400,3401,-361.7273481738632
2173,-0.004705089536429341,2.0083136595541526e-18,mid,7.462349025263359e-17,2.239232526751248e-18,3401,3402,-361.73072920794675
2174,-0.006089351811397137,2.0235348167420954e-18,mid,7.429627819381654e-17,2.2094132299866732e-18,3402,3403,-361.7367583529361
2175,-0.005009234360784376,2.0440721596869463e-18,mid,7.414393124873547e-17,2.175774710888534e-18,3403,3404,-361.74290791156955
2176,-0.00243164830681053,2.068447266489021e-18,mid,7.417468525305722e-17,2.1427272353820295e-18,3404,3405,-361.74677682165765
2177,-0.00021775426935732867,2.0964316185542526e-18,mid,7.43803548755696e-17,2.1162904856608504e-18,3405,3406,-361.74777120818317
2178,0.00044869605358144327,2.127450577260315e-18,mid,7.474091992809054e-17,2.1008182589316753e-18,3406,3407,-361.74721233019636
2179,-6.347989909727403e-05,2.159099128284087e-18,mid,7.52277192376153e-17,2.0969096432462797e-18,3407,3408,-361.746873816076
2180,-0.0003921608432335688,2.187198478713766e-18,mid,7.580397523583413e-17,2.102275901821539e-18,3408,3409,-361.74733928999456
2181,0.00045016172660439224,2.2074962472391077e-18,mid,7.642459117139723e-17,2.1146364472497686e-18,3409,3410,-361.74765813776247
2182,0.002196515729821158,2.2177128840100532e-18,mid,7.703821726182351e-17,2.133897180329945e-18,3410,3411,-361.74643896654135
2183,0.003604927171579675,2.2183203549346144e-18,mid,7.759269669301136e-17,2.1616380037536945e-18,3411,3412,-361.74326510630283
2184,0.0035123634654610214,2.2114573333499584e-18,mid,7.80421002644164e-17,2.1984742666549855e-18,3412,3413,-361.7392291121982
2185,0.0017469009434307736,2.198911836727299e-18,mid,7.835224567805948e-17,2.2418116243885174e-18,3413,3414,-361.7362403793719
2186,-0.000748375934165324,2.1808680387741204e-18,mid,7.85027373271585e-17,2.2861142852106325e-18,3414,3415,-361.7357353103113
2187,-0.0025412836551197415,2.1564585378411144e-18,mid,7.848587228317296e-17,2.3254989779503295e-18,3415,3416,-361.73773713124024
2188,-0.002615336886293562,2.1256217634439596e-18,mid,7.830440622301314e-17,2.3564927049085075e-18,3416,3417,-361.74081787762157
2189,-0.001058679465700152,2.0906434290480466e-18,mid,7.797027130553352e-17,2.3788349068551576e-18,3417,3418,-361.7429678050128
2190,0.0008810514214019349,2.0560094318334207e-18,mid,7.750510350364685e-17,2.3939513601234667e-18,3418,3419,-361.74293523655297
2191,0.0015914337527078715,2.0265632210988773e-18,mid,7.694167043182825e-17,2.402583862614002e-18,3419,3420,-361.74120570217
2192,0.00035783367314934367,2.005322480617903e-18,mid,7.632402099234955e-17,2.4035999481728335e-18,3420,3421,-361.73975236904755
2193,-0.001926143651928669,1.992646321919409e-18,mid,7.570436713431641e-17,2.394916793038966e-18,3421,3422,-361.7404900348237
2194,-0.0033982176546771825,1.9873929766968658e-18,mid,7.513659497550233e-17,2.37569191621949e-18,3422,3423,-361.7436046563514
2195,-0.002823465796268465,1.9889676193354662e-18,mid,7.466875068662977e-17,2.3479354792078553e-18,3423,3424,-361.7472864701331
2196,-0.000746021979807665,1.9983397636880685e-18,mid,7.43378056079129e-17,2.3162304577387563e-18,3424,3425,-361.74925158794395
2197,0.0009531086691367818,2.0170802658527926e-18,mid,7.416833865330669e-17,2.2857312031341425e-18,3425,3426,-361.7487785140927
2198,0.0008263529570911032,2.045292315931337e-18,mid,7.417371873782557e-17,2.259898521512972e-18,3426,3427,-361.7473453706057
2199,-0.0006835607162543056,2.080346951284355e-18,mid,7.435667380964276e-17,2.239665947150786e-18,3427,3428,-361.7471258081785
2200,-0.0015818150030781908,2.117652494122596e-18,mid,7.470744531543479e-17,2.2246333835631573e-18,3428,3429,-361.7487124920382
2201,-0.00019851506820600662,2.1528498161705465e-18,mid,7.520091583422498e-17,2.2151597972506096e-18,3429,3430,-361.75028943818467
2202,0.003141284419399426,2.183617446619995e-18,mid,7.579620902165355e-17,2.213400084529407e-18,3430,3431,-361.7491095221746
2203,0.006210549467056126,2.2097725773607986e-18,mid,7.644120978109919e-17,2.2221988440530606e-18,3431,3432,-361.74400686934587
2204,0.006738846591929359,2.2318192816183033e-18,mid,7.708095358172151e-17,2.2426091996382116e-18,3432,3433,-361.7366884232405
2205,0.004410657670575802,2.249236871983673e-18,mid,7.766580981489544e-17,2.2721808052183512e-18,3433,3434,-361.730529176162
2206,0.001157063726935803,2.2599371344755973e-18,mid,7.815547017539549e-17,2.305705229611089e-18,3434,3435,-361.7278671078993
2207,-0.0005181832925984509,2.261366316071066e-18,mid,7.851808495310672e-17,2.3379377280284255e-18,3435,3436,-361.72821504870814
2208,0.0003581500080258593,2.252385015665964e-18,mid,7.872783023558026e-17,2.3660557545210802e-18,3436,3437,-361.7289034744845
2209,0.002495719489900239,2.2344596429412194e-18,mid,7.8765293666873e-17,2.3899571352789088e-18,3437,3438,-361.7274987486921
2210,0.0035451961562671386,2.2112159351760748e-18,mid,7.86221105844298e-17,2.4103628907398775e-18,3438,3439,-361.7239120355047
2211,0.0022004202931498185,2.186585396812024e-18,mid,7.830673704686484e-17,2.4264795904211534e-18,3439,3440,-361.72040835637955
2212,-0.0006365657397680025,2.162935899134602e-18,mid,7.784631052406241e-17,2.43534232392067e-18,3440,3441,-361.7195111949184
2213,-0.002670446395683257,2.1407419228156115e-18,mid,7.728220900324938e-17,2.4334668404844735e-18,3441,3442,-361.7216814878591
2214,-0.0022618022321978515,2.120041261107035e-18,mid,7.666188140261387e-17,2.419408076556562e-18,3442,3443,-361.7248520877098
2215,0.00010865670884641077,2.102283556905902e-18,mid,7.603224075033082e-17,2.3951222016938694e-18,3443,3444,-361.7262050923235
2216,0.0022322761148245718,2.0907902132214733e-18,mid,7.54378874719364e-17,2.365012582876468e-18,3444,3445,-361.7246347742921
2217,0.0021263473904582497,2.0892186728925602e-18,mid,7.492259511970149e-17,2.3333274488772972e-18,3445,3446,-361.72174054009383
2218,-0.0001414400151134032,2.0992071430382165e-18,mid,7.452934473319858e-17,2.301980327149106e-18,3446,3447,-361.7203820795112
2219,-0.002466632276565406,2.1192217649652422e-18,mid,7.429559792242996e-17,2.2706379653636776e-18,3447,3448,-361.72202342012406
2220,-0.002594412624461029,2.145588374580231e-18,mid,7.424514861950385e-17,2.2389750112399853e-18,3448,3449,-361.7253153440643
2221,-0.00013242476612163046,2.174757967545282e-18,mid,7.438159994698523e-17,2.209053130180852e-18,3449,3450,-361.727212245373
2222,0.003115652192860807,2.2049214630771142e-18,mid,7.468793514060849e-17,2.18557429145937e-18,3450,3451,-361.72558019359656
2223,0.004757730584060482,2.2357846894509e-18,mid,7.513224378982582e-17,2.1734715591558054e-18,3451,3452,-361.72098094098726
2224,0.0038930275926531976,2.266881288897086e-18,mid,7.567530033190765e-17,2.1747173434197285e-18,3452,3453,-361.71606473242844
2225,0.0017338159822202215,2.2960141475259434e-18,mid,7.627517260752852e-17,2.1871937323913016e-18,3453,3454,-361.71319488580195
2226,0.00027820543746770454,2.319290301172002e-18,mid,7.688762096650476e-17,2.2066694701246676e-18,3454,3455,-361.712597100464
2227,0.00046526383590617115,2.3328438201509816e-18,mid,7.746529368608256e-17,2.2300413346197677e-18,3455,3456,-361.712638474927
2228,0.001528821895448118,2.3349155595881087e-18,mid,7.795976638426809e-17,2.256958909916071e-18,3456,3457,-361.7116665727922
2229,0.0019089458335201925,2.3266357093651264e-18,mid,7.832756367082881e-17,2.2885299196960227e-18,3457,3458,-361.7095808311361
2230,0.000700190238973164,2.3108772610037542e-18,mid,7.853735425044203e-17,2.3244414452385304e-18,3458,3459,-361.70784868112514
2231,-0.0016472603186059587,2.290129261480262e-18,mid,7.857419772160082e-17,2.3612405865229124e-18,3459,3460,-361.7081804506582
2232,-0.0037945372460228555,2.2651654582316462e-18,mid,7.843899377408085e-17,2.3933965871668883e-18,3460,3461,-361.71114320176235
2233,-0.004546934811827441,2.235597371116516e-18,mid,7.814478562345668e-17,2.4162456089481198e-18,3461,3462,-361.7157695251502
2234,-0.003625032937065953,2.201768207811551e-18,mid,7.771323607224966e-17,2.4283864967404708e-18,3462,3463,-361.720237071386
2235,-0.0017837019468913695,2.1662834146869585e-18,mid,7.717342544746408e-17,2.4316713052645387e-18,3463,3464,-361.72301959102435
2236,-0.000312392222355129,2.1337641358154064e-18,mid,7.656253953451993e-17,2.4289398586385597e-18,3464,3465,-361.7238044752798
2237,-0.00018521653453262843,2.1088722871399043e-18,mid,7.592617618523035e-17,2.421479342239613e-18,3465,3466,-361.72364437546906
2238,-0.0013441641869746945,2.094092015209748e-18,mid,7.531604916124982e-17,2.408361143875055e-18,3466,3467,-361.72417490834886
2239,-0.0026729854433824585,2.0890134899360556e-18,mid,7.47845146904152e-17,2.3881507542239186e-18,3467,3468,-361.726332703843
2240,-0.002827518190514411,2.0916493302410993e-18,mid,7.43774430780976e-17,2.361449299835517e-18,3468,3469,-361.7295208792356
2241,-0.001355753669116666,2.100559999596404e-18,mid,7.412817759011295e-17,2.332042246329937e-18,3469,3470,-361.73198774022404
2242,0.0008509557861202666,2.115882184389581e-18,mid,7.405477093661275e-17,2.3055891518806318e-18,3470,3471,-361.73223238657386
2243,0.0022754157857320934,2.138406745022344e-18,mid,7.4160628094586e-17,2.2868025554991507e-18,3471,3472,-361.7302858286518
2244,0.002107235557275544,2.167629003424183e-18,mid,7.443665679802121e-17,2.2773412989450094e-18,3472,3473,-361.7276815550024
2245,0.0009633488461986417,2.2006105982461765e-18,mid,7.486268850628614e-17,2.27608426026734e-18,3473,3474,-361.72607135753725
2246,0.00029791935347134313,2.232773232399588e-18,mid,7.540751605233186e-17,2.281397749417957e-18,3474,3475,-361.72575485731
2247,0.0010548822968701188,2.260027201731266e-18,mid,7.602896420597887e-17,2.2932660149981105e-18,3475,3476,-361.7254755188303
2248,0.0027798320022327516,2.2805096016425524e-18,mid,7.667615640002688e-17,2.313336680750178e-18,3476,3477,-361.72364509271625
2249,0.003954364070438032,2.2946465867087173e-18,mid,7.729491777142066e-17,2.3428316837137486e-18,3477,3478,-361.71991585482584
2250,0.0032753285025535206,2.303672021947527e-18,mid,7.783500761553759e-17,2.380201709439593e-18,3478,3479,-361.7157363645754
2251,0.0008137118345814542,2.3078801731984373e-18,mid,7.825630277260041e-17,2.4207004991805256e-18,3479,3480,-361.71336519782074
2252,-0.0019256984861897308,2.3060226540009068e-18,mid,7.853140548996033e-17,2.458404719875994e-18,3480,3481,-361.7141089409062
2253,-0.003128869938649359,2.2963349250489015e-18,mid,7.864442097927081e-17,2.489077750328586e-18,3481,3482,-361.7172165947931
2254,-0.002111697593363715,2.278358199008277e-18,mid,7.858836527871311e-17,2.511627786028403e-18,3482,3483,-361.7203666807835
2255,8.391509112470885e-05,2.2540968281091803e-18,mid,7.836458050060453e-17,2.527176360024891e-18,3483,3484,-361.72143998997984
2256,0.0015021126530996298,2.227563047766822e-18,mid,7.798546447142902e-17,2.5366958337223705e-18,3484,3485,-361.72019885060126
2257,0.0009289461389414555,2.2029300143583124e-18,mid,7.747819324287773e-17,2.539272724772114e-18,3485,3486,-361.71843576467364
2258,-0.0010018647189440344,2.1826313527380384e-18,mid,7.688519112828987e-17,2.5324891866767828e-18,3486,3487,-361.7183409583234
2259,-0.002315197221918197,2.1669557774847287e-18,mid,7.625900218419828e-17,2.5145849198846736e-18,3487,3488,-361.72043949411153
2260,-0.001465437892306909,2.1554581589321454e-18,mid,7.565357600359876e-17,2.4865504739212367e-18,3488,3489,-361.7229713527672
2261,0.0011918026604007537,2.148836736391429e-18,mid,7.511687259340262e-17,2.452408497156642e-18,3489,3490,-361.72337036989614
2262,0.0036238959730496845,2.1494872177725018e-18,mid,7.468829970478219e-17,2.4173865168224557e-18,3490,3491,-361.7205877474464
2263,0.003959146793874879,2.1601024143634477e-18,mid,7.440000402317312e-17,2.3853166730922515e-18,3491,3492,-361.71612257795005
2264,0.0022791139863045373,2.181438410322134e-18,mid,7.427764008812894e-17,2.3573050669338733e-18,3492,3493,-361.71266945385867
2265,0.000585692165088858,2.2112269854332625e-18,mid,7.433716158123057e-17,2.3327560406429743e-18,3493,3494,-361.71156434997744
2266,0.0009000340428144682,2.245234036777059e-18,mid,7.457861743787636e-17,2.311782510797087e-18,3494,3495,-361.7114980695285
2267,0.003317110501143361,2.279547311434626e-18,mid,7.498177411387467e-17,2.296762917209795e-18,3495,3496,-361.7097642818918
2268,0.005869461893070138,2.312230701335007e-18,mid,7.550795772790528e-17,2.2914848445466784e-18,3496,3497,-361.7048638485262
2269,0.006321188260784538,2.3431428272947822e-18,mid,7.610800974233089e-17,2.2983875857786995e-18,3497,3498,-361.69802535810567
2270,0.004184595058490004,2.372225206838116e-18,mid,7.673162604644739e-17,2.3162762039639656e-18,3498,3499,-361.69222147200463
2271,0.0010568496438736474,2.397812631589143e-18,mid,7.733271771624055e-17,2.340687110659045e-18,3499,3500,-361.6896561679887
2272,-0.000921213840939572,2.4165173857766134e-18,mid,7.786933705439105e-17,2.3666695659096196e-18,3500,3501,-361.6901077727169
2273,-0.0009088297183836858,2.424900013255195e-18,mid,7.830162408862984e-17,2.3915650337615656e-18,3501,3502,-361.69149859567057
2274,0.0001182900450373836,2.4216199021904904e-18,mid,7.859270565307962e-17,2.4155261315511205e-18,3502,3503,-361.69192543215365
2275,0.00044162606445752317,2.408326499224033e-18,mid,7.871423567651294e-17,2.4395343364171967e-18,3503,3504,-361.6912620155805
2276,-0.000828675568897097,2.388525510253402e-18,mid,7.865340674537689e-17,2.462790794907913e-18,3504,3505,-361.69104218002474
2277,-0.0030545627528795194,2.365318788192852e-18,mid,7.841636057180545e-17,2.481873658061139e-18,3505,3506,-361.6929193667183
2278,-0.004704769077505944,2.3399064835219846e-18,mid,7.802564383560724e-17,2.492433752025897e-18,3506,3507,-361.6971513055305
2279,-0.004632055688887249,2.3120878402539768e-18,mid,7.751399097967632e-17,2.4919785446264935e-18,3507,3508,-361.7023289048733
2280,-0.0029352835252893783,2.282225348732322e-18,mid,7.691902018062878e-17,2.4814805278148686e-18,3508,3509,-361.70641541690827
2281,-0.0008287572957499378,2.252847403876417e-18,mid,7.628163425722755e-17,2.4645470693380236e-18,3509,3510,-361.7081994719239
2282,0.0003092114269520607,2.2283663544249384e-18,mid,7.56470043564991e-17,2.444821815126536e-18,3510,3511,-361.70807293149977
2283,-1.3621399858720906e-05,2.212986966474136e-18,mid,7.506451730972296e-17,2.4237662295761054e-18,3511,3512,-361.70758104907
2284,-0.0010500346249102677,2.208445572951716e-18,mid,7.458391502757513e-17,2.400689609172567e-18,3512,3513,-361.7081001742995
2285,-0.0014515040413414226,2.213423017674012e-18,mid,7.424805428790752e-17,2.3749447614646936e-18,3513,3514,-361.7096811183198
2286,-0.0004118514801234596,2.2250609585806706e-18,mid,7.408557180294697e-17,2.3483148905548806e-18,3514,3515,-361.71100318238217
2287,0.0016256001156875755,2.241200422384369e-18,mid,7.41070642543445e-17,2.3254082942640718e-18,3515,3516,-361.71050482128004
2288,0.0033283602426195102,2.261412536186081e-18,mid,7.430603440592272e-17,2.3114999944657586e-18,3516,3517,-361.7077519821508
2289,0.0036102294858437745,2.286051733661608e-18,mid,7.466277029122105e-17,2.3094792066023153e-18,3517,3518,-361.7038481007948
2290,0.0025122684644145465,2.3143255984627866e-18,mid,7.514802856261008e-17,2.3184778536046623e-18,3518,3519,-361.7005315231791
2291,0.0010539495268346855,2.3432143818276425e-18,mid,7.572477056476948e-17,2.335319855186223e-18,3519,3520,-361.698823563866
2292,0.00029204436205532147,2.3683007930256043e-18,mid,7.634876061331437e-17,2.3573968702716352e-18,3520,3521,-361.69842362412544
2293,0.00048229876981054076,2.3858857167415716e-18,mid,7.697022601970472e-17,2.3843845007167803e-18,3521,3522,-361.69823947514186
2294,0.0009861510330040346,2.3946831210812387e-18,mid,7.753796202026677e-17,2.417360814753502e-18,3522,3523,-361.6974590265858
2295,0.0008650632683497861,2.3958156271703635e-18,mid,7.800524451450638e-17,2.456235496572506e-18,3523,3524,-361.69626717307585
2296,-0.000367310131252907,2.3912554840852897e-18,mid,7.83354885285713e-17,2.497898931346192e-18,3524,3525,-361.6957289000491
2297,-0.0023479212444215136,2.3820332970348485e-18,mid,7.850566369303056e-17,2.536842715029588e-18,3525,3526,-361.69700179333836
2298,-0.004040686499763524,2.36763810219511e-18,mid,7.850667996046701e-17,2.5678163642236607e-18,3526,3527,-361.70042474253796
2299,-0.004404647464610889,2.3470457253630184e-18,mid,7.834147023486312e-17,2.5883825939555152e-18,3527,3528,-361.7050831663379
2300,-0.00317610715273986,2.320488754031093e-18,mid,7.802261849487868e-17,2.5994020600967808e-18,3528,3529,-361.7092340374672
2301,-0.0011829758978478822,2.2904991741546234e-18,mid,7.757143287650633e-17,2.6032098597697172e-18,3529,3530,-361.71143538064337
2302,0.00018924327767422255,2.261337002846949e-18,mid,7.701893938212901e-17,2.6010993155348928e-18,3530,3531,-361.7115999892629
2303,0.00010666065739428632,2.2371228028266597e-18,mid,7.640706181759261e-17,2.592248955975444e-18,3531,3532,-361.711056894088
2304,-0.0009250806873808415,2.220018723956789e-18,mid,7.578709750976813e-17,2.574971724087351e-18,3532,3533,-361.7113866679481
2305,-0.001410660814798348,2.2099011550325896e-18,mid,7.521397143167314e-17,2.5491643244467793e-18,3533,3534,-361.7129070554628
2306,-0.00020928915324702757,2.205768043831137e-18,mid,7.473796379044888e-17,2.5178196045002026e-18,3534,3535,-361.7142079895777
2307,0.0023121416313927057,2.207561236410609e-18,mid,7.439789890936825e-17,2.486250635675679e-18,3535,3536,-361.7133256337693
2308,0.0044879592740585394,2.216723818933654e-18,mid,7.421881308523933e-17,2.459526076580738e-18,3536,3537,-361.7095837063149
2309,0.004853706908107824,2.2349529867883435e-18,mid,7.421351354240145e-17,2.440090605217107e-18,3537,3538,-361.70434971522116
2310,0.003536461766714183,2.2622085887986847e-18,mid,7.43844740177519e-17,2.4274743947810647e-18,3538,3539,-361.6998762924987
2311,0.0021368799441745523,2.2957715287956685e-18,mid,7.472298504709423e-17,2.4202485497291642e-18,3539,3540,-361.6972767916877
2312,0.0021810828937134374,2.3312620921480354e-18,mid,7.520599694434405e-17,2.418390999687091e-18,3540,3541,-361.69560253261034
2313,0.0036507039105799777,2.364796642488462e-18,mid,7.57943900749694e-17,2.423868685067334e-18,3541,3542,-361.6929146259003
2314,0.004997832183448736,2.394572649705237e-18,mid,7.643630378376713e-17,2.4388324912386993e-18,3542,3543,-361.6883011247892
2315,0.004596605371887108,2.420742358706744e-18,mid,7.707550630838757e-17,2.4629754249020345e-18,3543,3544,-361.6829189615334
2316,0.002239713804499388,2.4437839512510332e-18,mid,7.766069362225302e-17,2.492499179085168e-18,3544,3545,-361.6791079140454
2317,-0.000679540603954365,2.462766726855468e-18,mid,7.815071629367063e-17,2.5217925354412696e-18,3545,3546,-361.6784395339244
2318,-0.0023819928174475535,2.4750495442279065e-18,mid,7.851405010896193e-17,2.5464652534828932e-18,3546,3547,-361.6804669952533
2319,-0.002178698464831541,2.477775370059099e-18,mid,7.872563760892479e-17,2.5652343324965508e-18,3547,3548,-361.6832035195593
2320,-0.0009476069084257688,2.469995896849385e-18,mid,7.876623157392742e-17,2.579263457154433e-18,3548,3549,-361.684824392183
2321,-0.0002703979355942465,2.4536906580941444e-18,mid,7.862657066770599e-17,2.5896970135532987e-18,3549,3550,-361.68509873337615
2322,-0.0010302877409174016,2.432767384643438e-18,mid,7.83135735611433e-17,2.5955880216840483e-18,3550,3551,-361.68536518805416
2323,-0.00268020586955231,2.4107718860100923e-18,mid,7.785307710244534e-17,2.5940449843881713e-18,3551,3552,-361.687159308858
2324,-0.003754177944813364,2.389204086530669e-18,mid,7.728604217868175e-17,2.582445135910246e-18,3552,3553,-361.69072559979327
2325,-0.003139061014650224,2.3678580064002666e-18,mid,7.66603841799247e-17,2.5608019975017827e-18,3553,3554,-361.6946676647476
2326,-0.0010351764004497,2.34678457570591e-18,mid,7.602379151930537e-17,2.5323478731527508e-18,3554,3555,-361.69700372182257
2327,0.0011932340246687545,2.328015497987051e-18,mid,7.542125313802192e-17,2.50184417182905e-18,3555,3556,-361.6967380175485
2328,0.0021670127116522053,2.31538878556351e-18,mid,7.489625846538648e-17,2.4729113768413656e-18,3556,3557,-361.69461725377323
2329,0.0016640848082261073,2.312465472948635e-18,mid,7.449120146069326e-17,2.446536596824925e-18,3557,3558,-361.6924039921252
2330,0.0007712476857193451,2.320236026261764e-18,mid,7.424343026776608e-17,2.421984278866468e-18,3558,3559,-361.6912890841568
2331,0.0008539377268732551,2.3365703273989308e-18,mid,7.417767359555455e-17,2.399232833354804e-18,3559,3560,-361.69086149675377
2332,0.0022660712661206617,2.357849361946723e-18,mid,7.429937406050651e-17,2.3807102282125053e-18,3560,3561,-361.68958120870303
2333,0.004000472035556868,2.381323926283273e-18,mid,7.459343040000671e-17,2.3706597286829927e-18,3561,3562,-361.6863293542215
2334,0.0046190713665339445,2.406215487271406e-18,mid,7.502901971086082e-17,2.3724670722037324e-18,3562,3563,-361.6815802646319
2335,0.0035531858870001543,2.432767681176603e-18,mid,7.556689455761051e-17,2.3861843884126073e-18,3563,3564,-361.67709121148846
2336,0.0015244198901882555,2.460252567903426e-18,mid,7.616453937963887e-17,2.408474681716114e-18,3564,3565,-361.6744738928579
2337,-0.00020251283748962123,2.4858165214323978e-18,mid,7.677748482817295e-17,2.4350210072616976e-18,3565,3566,-361.6740423717081
2338,-0.0008996192034942396,2.5052832475129987e-18,mid,7.735900377233954e-17,2.463258483847059e-18,3566,3567,-361.6748789185329
2339,-0.0008219925965136099,2.515304177278691e-18,mid,7.786175222405924e-17,2.493153241645474e-18,3567,3568,-361.67584161011507
2340,-0.0007875483476595946,2.515103844551343e-18,mid,7.824273955014855e-17,2.5255249771188748e-18,3568,3569,-361.6765229037259
2341,-0.0014135996760273883,2.506461636350808e-18,mid,7.846967171844479e-17,2.5595187201840024e-18,3569,3570,-361.6774167068104
2342,-0.0026741463563553225,2.4920490869881996e-18,mid,7.852534210224501e-17,2.5915486625885365e-18,3570,3571,-361.679350103078
2343,-0.003988532089948649,2.4735273552852288e-18,mid,7.840823886172203e-17,2.6167050029412274e-18,3571,3572,-361.6827649995231
2344,-0.0046243537249779365,2.450924391848674e-18,mid,7.813012732347274e-17,2.6314836621211583e-18,3572,3573,-361.6873271672579
2345,-0.00414960345790405,2.4237149051379435e-18,mid,7.771282784622819e-17,2.63565824642791e-18,3573,3574,-361.69201370697306
2346,-0.0027329421304784773,2.3926106849395886e-18,mid,7.718605157176755e-17,2.6318534071911807e-18,3574,3575,-361.6956263741737
2347,-0.001099210367840442,2.3605099205443492e-18,mid,7.658674383694507e-17,2.6232191010358576e-18,3575,3576,-361.697479591234
2348,-7.767524874680021e-05,2.3317575073837263e-18,mid,7.59589632294762e-17,2.6111538789670706e-18,3576,3577,-361.69782479490937
2349,2.294827731930127e-05,2.3101889059900267e-18,mid,7.535257145269722e-17,2.5949867233923364e-18,3577,3578,-361.6976349417315
2350,-0.00027307950520594204,2.297408506201493e-18,mid,7.481933686358207e-17,2.5738358986152042e-18,3578,3579,-361.6977788983547
2351,8.041039336603717e-07,2.2926536903800702e-18,mid,7.44065485020603e-17,2.5489724581331827e-18,3579,3580,-361.6981811007419
2352,0.0013585073649267088,2.2943022927014424e-18,mid,7.415016195055069e-17,2.524557390778828e-18,3580,3581,-361.69777729014686
2353,0.0032759450302535242,2.301645263123592e-18,mid,7.407034157917694e-17,2.5059470612174475e-18,3581,3582,-361.69546408601207
2354,0.004564675826372877,2.3153669011170716e-18,mid,7.417100169592897e-17,2.4968079608623583e-18,3582,3583,-361.69122540008635
2355,0.004418642047767207,2.3363626034589263e-18,mid,7.444237111584937e-17,2.4973824947263046e-18,3583,3584,-361.6863347343593
2356,0.0031437288884319514,2.3639719421999154e-18,mid,7.486387517529335e-17,2.505330288742757e-18,3584,3585,-361.6823881159908
2357,0.0018718424671817502,2.3952370456107907e-18,mid,7.540526111856822e-17,2.5183121058264633e-18,3585,3586,-361.68004727658246
2358,0.0015310062905768973,2.425923893686595e-18,mid,7.602631725919518e-17,2.5359692507058974e-18,3586,3587,-361.67864443105645
2359,0.0020323474857377732,2.452515328058921e-18,mid,7.667762333698444e-17,2.5595590846165247e-18,3587,3588,-361.6769852640013
2360,0.0024014381703238996,2.4736311829875667e-18,mid,7.730464181829733e-17,2.589619825804795e-18,3588,3589,-361.674579736085
2361,0.0016901151208799092,2.4898720197362683e-18,mid,7.785504440235812e-17,2.6238246566494026e-18,3589,3590,-361.67218238766065
2362,-0.00015688203967556547,2.5022869019928066e-18,mid,7.828632611956209e-17,2.6570858867997545e-18,3590,3591,-361.6711995058432
2363,-0.0021987322482459604,2.5107074260974464e-18,mid,7.856992223520781e-17,2.6839913196829562e-18,3591,3592,-361.67249615174
2364,-0.00323366955859683,2.5133560826495933e-18,mid,7.869029092407408e-17,2.701599526940191e-18,3592,3593,-361.6755969703397
2365,-0.002780152755775589,2.5081349434114755e-18,mid,7.864127134000559e-17,2.7103563634702114e-18,3593,3594,-361.6789634908572
2366,-0.001476380421763679,2.4945904498058235e-18,mid,7.842414877591025e-17,2.7125131640444887e-18,3594,3595,-361.68115727585126
2367,-0.0005308249384654573,2.4749446618261993e-18,mid,7.804996508621847e-17,2.7094807208820927e-18,3595,3596,-361.6819162517007
2368,-0.0006822659963177102,2.4532496245558582e-18,mid,7.754405889532437e-17,2.700410579533012e-18,3596,3597,-361.6822189257282
2369,-0.0015575795830216066,2.433212051168039e-18,mid,7.69478034147069e-17,2.6832129117967195e-18,3597,3598,-361.68328078369336
2370,-0.0019875396344559704,2.416444594406449e-18,mid,7.631411265081354e-17,2.657068867983757e-18,3598,3599,-361.68533408489424
2371,-0.0010515602639316057,2.40262516270002e-18,mid,7.569828364985866e-17,2.6242271902243608e-18,3599,3600,-361.6872558629623
2372,0.0010396784763315736,2.391342082133344e-18,mid,7.514954690677697e-17,2.5895326064056364e-18,3600,3601,-361.6874372054221
2373,0.003059111219215538,2.38387230196705e-18,mid,7.470773553173165e-17,2.5579870715358474e-18,3601,3602,-361.6851765060096
2374,0.0038318786057232046,2.383194854487132e-18,mid,7.440467554989074e-17,2.532251229227414e-18,3602,3603,-361.68131898298367
2375,0.003280591696096735,2.392088943672113e-18,mid,7.426576022668408e-17,2.5121197856189564e-18,3603,3604,-361.67751274879816
2376,0.002448922351618421,2.4109049746860647e-18,mid,7.430753186032976e-17,2.496335744032035e-18,3604,3605,-361.6747577995915
2377,0.0024625078187341387,2.4369747475945572e-18,mid,7.453158117876787e-17,2.4850267816185484e-18,3605,3606,-361.6726149040949
2378,0.0034193264492898834,2.4661937384418947e-18,mid,7.491949926548388e-17,2.480517948750653e-18,3606,3607,-361.669832783954
2379,0.004300873184718057,2.4954098430204146e-18,mid,7.5433818338205e-17,2.485711173779954e-18,3607,3608,-361.66577625119635
2380,0.0039791128924093755,2.523642269157454e-18,mid,7.602553094385451e-17,2.5013812553899807e-18,3608,3609,-361.66123103758457
2381,0.0022816431148555694,2.5512336223474886e-18,mid,7.664373193915454e-17,2.5248322746566487e-18,3609,3610,-361.65781802541153
2382,0.00010105475618615856,2.5778152046472835e-18,mid,7.724171130687155e-17,2.551216557681469e-18,3610,3611,-361.65666775135486
2383,-0.0014316694924332296,2.6009801515188814e-18,mid,7.777746674315152e-17,2.5763912887010465e-18,3611,3612,-361.65761591589916
2384,-0.001866810191870627,2.6169288235145384e-18,mid,7.821168499442957e-17,2.598908777332775e-18,3612,3613,-361.6595310903397
2385,-0.0016682921624635583,2.6226089677836267e-18,mid,7.850811365142315e-17,2.6196302946784183e-18,3613,3614,-361.6613495362829
2386,-0.0016630679605498244,2.617584337605174e-18,mid,7.863837250066826e-17,2.639468006009027e-18,3614,3615,-361.66286767466465
2387,-0.0022894466908667255,2.6041224350712556e-18,mid,7.858855686142819e-17,2.657283956087436e-18,3615,3616,-361.664675672204
2388,-0.003296913878500618,2.585486717291012e-18,mid,7.836292942405192e-17,2.669801560445932e-18,3616,3617,-361.6674465680464
2389,-0.004023403114501889,2.563872235399918e-18,mid,7.798225760337124e-17,2.6736051822896934e-18,3617,3618,-361.671269499961
2390,-0.003914433461460476,2.5396626427183367e-18,mid,7.74784677686511e-17,2.6675560920397563e-18,3618,3619,-361.6754933742754
2391,-0.0029073739798946008,2.512524281185913e-18,mid,7.688947374825405e-17,2.6536991156148354e-18,3619,3620,-361.6790983668839
2392,-0.0014623173990173655,2.483277864192317e-18,mid,7.625679484549867e-17,2.6359532074577257e-18,3620,3621,-361.6813081222352
2393,-0.00023464423807695312,2.4548582937939058e-18,mid,7.562550839481808e-17,2.61761817931784e-18,3621,3622,-361.68202300168196
2394,0.0003795966235315973,2.431465831149077e-18,mid,7.50439149079565e-17,2.5997304300463747e-18,3622,3623,-361.68177741071133
2395,0.0005102950884463553,2.4164978357005963e-18,mid,7.456053249277633e-17,2.581617415923677e-18,3623,3624,-361.6812638084349
2396,0.0006936293061130527,2.4108685840217175e-18,mid,7.421816835804879e-17,2.5630933072118214e-18,3624,3625,-361.68075682053444
2397,0.0014002904139829297,2.413058199227959e-18,mid,7.4047148953441e-17,2.5463028184212754e-18,3625,3626,-361.67987654982267
2398,0.0025625631072614397,2.4207806460471174e-18,mid,7.406070356401201e-17,2.5354798186106688e-18,3626,3627,-361.6779562397065
2399,0.003567334880386852,2.4327770124378685e-18,mid,7.425435514811674e-17,2.534621170733231e-18,3627,3628,-361.67475142360814
2400,0.003768252866422017,2.4492254186972837e-18,mid,7.460880654862513e-17,2.5449339713932036e-18,3628,3629,-361.6708215699457
2401,0.0030304079963059394,2.4705369819527477e-18,mid,7.509403420969096e-17,2.5642383975574808e-18,3629,3630,-361.6672149178753
2402,0.0018236845473893482,2.495691927822772e-18,mid,7.567241794029306e-17,2.5888165492502843e-18,3630,3631,-361.6647607539531
2403,0.0008308486600299148,2.5216476039119247e-18,mid,7.630039630825832e-17,2.6160494953414126e-18,3631,3632,-361.6635675487805
2404,0.0004195493585541499,2.5444158648036364e-18,mid,7.69298119484676e-17,2.64558967949247e-18,3632,3633,-361.66309905663303
2405,0.00040326375878407816,2.5609732168875335e-18,mid,7.751054219949627e-17,2.6781644595368202e-18,3633,3634,-361.6627284500634
2406,0.0002571915909186373,2.5705290275650075e-18,mid,7.799509513255643e-17,2.7131703828679033e-18,3634,3635,-361.66229252911546
2407,-0.00042435834384946247,2.574262631214241e-18,mid,7.834435331220669e-17,2.7472884302488943e-18,3635,3636,-361.6622140668816
2408,-0.0015792929760891639,2.5738054212067887e-18,mid,7.853248763969573e-17,2.7754746504610087e-18,3636,3637,-361.66314124580316
2409,-0.0026676655028268215,2.569664683329145e-18,mid,7.854898071176314e-17,2.793611129287186e-18,3637,3638,-361.66537265283375
2410,-0.003042090388902352,2.5608586849181207e-18,mid,7.839707074489186e-17,2.800691156855953e-18,3638,3639,-361.6684765768088
2411,-0.002471322156907263,2.5460868995485705e-18,mid,7.809021287456309e-17,2.7988071826861558e-18,3639,3640,-361.67145683361156
2412,-0.0013726480644322692,2.5254935428593147e-18,mid,7.764960286064395e-17,2.791003504974875e-18,3640,3641,-361.67341922112263
2413,-0.0004962046336061121,2.501567437513198e-18,mid,7.710469741280018e-17,2.778815949139747e-18,3641,3642,-361.6742021297404
2414,-0.00029804178200265596,2.478342320104419e-18,mid,7.64954183771079e-17,2.761594596017169e-18,3642,3643,-361.67441163038984
2415,-0.0005305081592155148,2.459386726304067e-18,mid,7.587220109936663e-17,2.7381540360610386e-18,3643,3644,-361.6747982133044
2416,-0.00043723441280008046,2.4461592708693965e-18,mid,7.529096892247132e-17,2.709237817484503e-18,3644,3645,-361.6754726467083
2417,0.0005405334605939061,2.438104425383574e-18,mid,7.480413574264608e-17,2.6785684166259944e-18,3645,3646,-361.67567268213
2418,0.0021677438294034346,2.434343962383381e-18,mid,7.445230985391484e-17,2.6514477121146475e-18,3646,3647,-361.6743915797871
2419,0.003554568445707673,2.43538755851818e-18,mid,7.426101168168138e-17,2.631929955938307e-18,3647,3648,-361.6713371944712
2420,0.003943600569840555,2.443277497489229e-18,mid,7.424256768507765e-17,2.6208618763144972e-18,3648,3649,-361.66728244289567
2421,0.0033832689257735638,2.4599532349562397e-18,mid,7.439921194072319e-17,2.6164189363978798e-18,3649,3650,-361.66344999333154
2422,0.0026419490494618003,2.4852250554663373e-18,mid,7.472315577109856e-17,2.6165725231055467e-18,3650,3651,-361.6605159050441
2423,0.0024488631819963302,2.5161784969348434e-18,mid,7.519321690870437e-17,2.621212408279441e-18,3651,3652,-361.6581660952326
2424,0.0027952332136464975,2.548596528836953e-18,mid,7.577194543677213e-17,2.632024307059021e-18,3652,3653,-361.65561817868013
2425,0.0029855710238848587,2.579227552320364e-18,mid,7.640789939304702e-17,2.6502544571097107e-18,3653,3654,-361.6525756288053
2426,0.0023584079655165624,2.6070596570316127e-18,mid,7.704393909214603e-17,2.674413068237466e-18,3654,3655,-361.64964703663236
2427,0.0009251516888753031,2.6326383184551595e-18,mid,7.762740911891211e-17,2.700104770806133e-18,3655,3656,-361.6478588128743
2428,-0.0006482063212445155,2.656101541762716e-18,mid,7.811638987957264e-17,2.7222729739810977e-18,3656,3657,-361.6477967332546
2429,-0.0016180758755695024,2.6757101218033698e-18,mid,7.847951769662423e-17,2.737975014152986e-18,3657,3658,-361.6491552255168
2430,-0.0017634435548643523,2.6882443066486405e-18,mid,7.869235178258338e-17,2.7474261121113065e-18,3658,3659,-361.65103288500575
2431,-0.0015042450579869637,2.691005522692324e-18,mid,7.873591899427464e-17,2.7525988954808612e-18,3659,3660,-361.6526821126265
2432,-0.001461868925645149,2.6837637199306802e-18,mid,7.860039662084428e-17,2.754680107599829e-18,3660,3661,-361.6540413751217
2433,-0.0018973933841834878,2.669035480007348e-18,mid,7.829141397758964e-17,2.752594611014147e-18,3661,3662,-361.6556058504778
2434,-0.002526584314921365,2.650465884037349e-18,mid,7.78333679920738e-17,2.7438470567219974e-18,3662,3663,-361.6578361618901
2435,-0.0027962750783672163,2.630655811298374e-18,mid,7.726630276688953e-17,2.7268940734154152e-18,3663,3664,-361.66065901910764
2436,-0.0023438974979796967,2.610224724750083e-18,mid,7.663809756845205e-17,2.703008403927308e-18,3664,3665,-361.6634287120468
2437,-0.0012918332413960343,2.588805642296462e-18,mid,7.599707045388114e-17,2.6761044848386493e-18,3665,3666,-361.6653468141036
2438,-0.00014990999741826272,2.5669725278674003e-18,mid,7.538883509580153e-17,2.650639498437331e-18,3666,3667,-361.6660123785296
2439,0.0005991181644446897,2.5473128172465005e-18,mid,7.485689328209378e-17,2.6292437622218945e-18,3667,3668,-361.66564663409844
2440,0.0008646567858647813,2.5336189622185236e-18,mid,7.4443060681268e-17,2.6120039841891667e-18,3668,3669,-361.6648141422007
2441,0.0009608955621445148,2.528777278292043e-18,mid,7.418425531049764e-17,2.597925060114457e-18,3669,3670,-361.6639173205267
2442,0.001284342243309311,2.5330659457072896e-18,mid,7.410580038275056e-17,2.5871855182048e-18,3670,3671,-361.66289235107644
2443,0.00192308030688082,2.5442719900133147e-18,mid,7.421495850057459e-17,2.582129402883752e-18,3671,3672,-361.6613486360401
2444,0.002544280971619628,2.559475707664174e-18,mid,7.449889674426337e-17,2.5860277075717243e-18,3672,3673,-361.6590461904627
2445,0.00269496778633993,2.576931807157284e-18,mid,7.492830839677481e-17,2.600572519395562e-18,3673,3674,-361.65626007409685
2446,0.0022142508643412384,2.5965011234222093e-18,mid,7.546406076866156e-17,2.624267988120125e-18,3674,3675,-361.65365625489
2447,0.0013454716741989614,2.6184198846443684e-18,mid,7.606280129925302e-17,2.6531635330635325e-18,3675,3676,-361.65183157236817
2448,0.0005074081103657591,2.6416119008570374e-18,mid,7.667943579918792e-17,2.6832927146334238e-18,3676,3677,-361.6509653115416
2449,-1.6632265243288202e-05,2.663107646792755e-18,mid,7.726766726683496e-17,2.712754646745498e-18,3677,3678,-361.65081675614744
2450,-0.00023592085381096695,2.679153831701301e-18,mid,7.778134339492457e-17,2.7418022544083404e-18,3678,3679,-361.6509985760721
2451,-0.0003723628326781636,2.6871377990408118e-18,mid,7.817815852782289e-17,2.7710096715104353e-18,3679,3680,-361.65128859785506
2452,-0.0006462223069263473,2.686815023535711e-18,mid,7.84248446171224e-17,2.799185951078533e-18,3680,3681,-361.65174330173744
2453,-0.0011181044944805762,2.679955827695506e-18,mid,7.850163033400245e-17,2.8229164427321952e-18,3681,3682,-361.6525810424689
2454,-0.001658560378018592,2.6687575485766513e-18,mid,7.840421963462182e-17,2.8382122159005816e-18,3682,3683,-361.6539795107264
2455,-0.00201140732522731,2.6542804342864796e-18,mid,7.814293337576693e-17,2.842961498536498e-18,3683,3684,-361.65589816322495
2456,-0.0019476753639082744,2.6361367356608837e-18,mid,7.773987644926224e-17,2.8382301132536976e-18,3684,3685,-361.65800232537686
2457,-0.0014537388055941847,2.61364944036833e-18,mid,7.722566005697938e-17,2.827373053934045e-18,3685,3686,-361.65979351395276
2458,-0.0007781974080387499,2.587486592320061e-18,mid,7.663718887165927e-17,2.813660078127517e-18,3686,3687,-361.66090980298804
2459,-0.0002526617696219091,2.560386214436568e-18,mid,7.601703152383066e-17,2.7983675306044957e-18,3687,3688,-361.66134990876884
2460,-2.390403878393954e-05,2.5362827332808813e-18,mid,7.541316810625119e-17,2.7809310227527147e-18,3688,3689,-361.6614151265273
2461,8.173904762998063e-05,2.5184000693548158e-18,mid,7.487677505381894e-17,2.760959157189593e-18,3689,3690,-361.6613977168464
2462,0.0004150175126653721,2.5077900189881564e-18,mid,7.445661164022899e-17,2.740255158450527e-18,3690,3691,-361.661251648432
2463,0.0011490695756606328,2.503511947435777e-18,mid,7.41913086584613e-17,2.7229503293821975e-18,3691,3692,-361.6605676818211
2464,0.002051567683366784,2.5042448960467277e-18,mid,7.410316807754157e-17,2.7134386690662246e-18,3692,3693,-361.6589535092807
2465,0.002659397203814251,2.5098753619627137e-18,mid,7.41965971778027e-17,2.7137287385881543e-18,3693,3694,-361.65646454645434
2466,0.002689456957540415,2.521657544868313e-18,mid,7.446110906009723e-17,2.7224502653646554e-18,3694,3695,-361.6536347148731
2467,0.002276107281147688,2.5407883400440943e-18,mid,7.487567315920941e-17,2.736358289627529e-18,3695,3696,-361.65108563253926
2468,0.0018313433304228965,2.56663786055883e-18,mid,7.541091363172522e-17,2.7529648491425797e-18,3696,3697,-361.6490825003108
2469,0.0016613411572166115,2.5962407106853394e-18,mid,7.602848276571694e-17,2.77198662105605e-18,3697,3698,-361.6474229458784
2470,0.00169284467858688,2.62557933396326e-18,mid,7.668036073291349e-17,2.7944132030542096e-18,3698,3699,-361.64575981799635
2471,0.00158235211327451,2.65164594142213e-18,mid,7.731172697936607e-17,2.8201157469544343e-18,3699,3700,-361.64403725652124
2472,0.0010823019599399686,2.673645397681109e-18,mid,7.786839882909684e-17,2.846241774289172e-18,3700,3701,-361.6425951137698
2473,0.0002838299919289966,2.692423764370335e-18,mid,7.830576043999101e-17,2.8679866086166762e-18,3701,3702,-361.64187265260136
2474,-0.00046078629506496327,2.7086468141576086e-18,mid,7.859421799526432e-17,2.881206508040617e-18,3702,3703,-361.64202745378594
2475,-0.0008337070337915975,2.7213139262394847e-18,mid,7.871853891160635e-17,2.8847117336830394e-18,3703,3704,-361.6427942251915
2476,-0.0008178263881006842,2.727948474842852e-18,mid,7.867331804667574e-17,2.8803835787570864e-18,3704,3705,-361.6436948678535
2477,-0.0006949318935767224,2.7263679040358538e-18,mid,7.845991060720627e-17,2.871097584009473e-18,3705,3706,-361.6444298779677
2478,-0.0007625965335193996,2.716567341065537e-18,mid,7.808834638694787e-17,2.8582511507029077e-18,3706,3707,-361.6450847316407
2479,-0.0010538576591443416,2.701137344424072e-18,mid,7.758243747140414e-17,2.8410121353428168e-18,3707,3708,-361.64595507103473
2480,-0.0013243277306003165,2.6838322632724757e-18,mid,7.698248142585006e-17,2.8178785062398377e-18,3708,3709,-361.64719244695897
2481,-0.0012787447757887094,2.6674380651147116e-18,mid,7.634136604991608e-17,2.7890968874627973e-18,3709,3710,-361.64860372649594
2482,-0.0008301710476814605,2.6526932204712137e-18,mid,7.571527349763349e-17,2.7577902177052724e-18,3710,3711,-361.64974993651055
2483,-0.00018684970513049848,2.639101598951137e-18,mid,7.515454705556059e-17,2.728778572553125e-18,3711,3712,-361.6502640685913
2484,0.00032738321681335947,2.6268047084818682e-18,mid,7.469966948011649e-17,2.7059890161567192e-18,3712,3713,-361.6501236359208
2485,0.000562388028413352,2.6177645457327126e-18,mid,7.438246113633149e-17,2.690555623381454e-18,3713,3714,-361.64960930215767
2486,0.0006432134177316584,2.615127229122671e-18,mid,7.422808834921923e-17,2.6811675601734745e-18,3714,3715,-361.648998859864
2487,0.000802367670530657,2.6212165000568107e-18,mid,7.425335550431292e-17,2.6762507810422293e-18,3715,3716,-361.6483228753222
2488,0.0011321420301726448,2.635827637869011e-18,mid,7.446100895094223e-17,2.6759671361426652e-18,3716,3717,-361.6473941245229
2489,0.0014775232965291707,2.6562857752695393e-18,mid,7.483441615945718e-17,2.6822500965649007e-18,3717,3718,-361.64605859126186
2490,0.0015727911044791654,2.6792069759751722e-18,mid,7.533770952765879e-17,2.6968498175291395e-18,3718,3719,-361.64443907792986
2491,0.001305541192181181,2.7024456220305105e-18,mid,7.59225628193424e-17,2.7191298461625632e-18,3719,3720,-361.6429130090529
2492,0.0008238814432388608,2.725643778803474e-18,mid,7.653769497688298e-17,2.745633930608646e-18,3720,3721,-361.6418279955455
2493,0.0003822422245036705,2.749064486019945e-18,mid,7.713553259288921e-17,2.7718704340528284e-18,3721,3722,-361.6412652461664
2494,0.00012531942746818459,2.7718498755709638e-18,mid,7.767357641796241e-17,2.7948038499639128e-18,3722,3723,-361.6410635110965
2495,1.0688792428936722e-05,2.7913138341451964e-18,mid,7.811284822198831e-17,2.814031415045224e-18,3723,3724,-361.6410146073115
2496,-0.00010867903120015399,2.8039659587587624e-18,mid,7.841790193573435e-17,2.830813437820574e-18,3724,3725,-361.64104213351163
2497,-0.00033057513661560733,2.8074584996548353e-18,mid,7.856064543407407e-17,2.8458842692234182e-18,3725,3726,-361.6412319653739
2498,-0.0006182846539672937,2.8018928084518338e-18,mid,7.852611611875801e-17,2.857946592770506e-18,3726,3727,-361.64170328378486
2499,-0.0008597400178871339,2.789491008882684e-18,mid,7.83163022885693e-17,2.864153602784586e-18,3727,3728,-361.6424685346818
2500,-0.0009752706677090828,2.77294355821016e-18,mid,7.794962644846711e-17,2.8621803861149117e-18,3728,3729,-361.64342276382064
2501,-0.0009541793123162279,2.7537620012581823e-18,mid,7.745688708175422e-17,2.8521792445158866e-18,3729,3730,-361.64441907601724
2502,-0.0008367007350784661,2.731939423086585e-18,mid,7.687639688374513e-17,2.83704381745506e-18,3730,3731,-361.64533112244527
2503,-0.0006880189096420963,2.7071204989570993e-18,mid,7.625062251304725e-17,2.820745709338257e-18,3731,3732,-361.6460924774874
2504,-0.0005559552262468515,2.6802137514914506e-18,mid,7.562476077112528e-17,2.8060454770554136e-18,3732,3733,-361.64670716026455
2505,-0.00043541219241660656,2.654027988722798e-18,mid,7.504595527369181e-17,2.7934363599101423e-18,3733,3734,-361.6472043879399
2506,-0.000279187328203534,2.6323109547571568e-18,mid,7.456127133162308e-17,2.782154718235922e-18,3734,3735,-361.6475779846494
2507,-0.0001847779469130728,2.617858583379614e-18,mid,7.421329912462706e-17,2.7722816943510103e-18,3735,3736,-361.6477627625963
0,-0.08306458203152278,5.907914388888644e-18,p1db,6.387469264981822e-17,5.005976592764738e-18,479,480,-0.46102484872198257
1,-0.06554000685748518,5.910885559820334e-18,p1db,6.429308586986121e-17,4.558723916805531e-18,480,481,-0.5440894307535054
2,-0.03550462368381524,5.930666266101776e-18,p1db,6.368021225115674e-17,4.216325454766051e-18,481,482,-0.5921048624369529
3,-0.02282345726575752,5.965560552506239e-18,p1db,6.205970628523254e-17,4.040005612725496e-18,482,483,-0.6150986781211358
4,-0.03816900376960142,6.0117730938408155e-18,p1db,5.950064416045227e-17,4.06791002371314e-18,483,484,-0.637751776968468
5,-0.08088354460813774,6.064071132383371e-18,p1db,5.611356140382184e-17,4.290735537778922e-18,484,485,-0.6914366856603387
6,-0.14128281724344838,6.117263493363783e-18,p1db,5.204757990828765e-17,4.6569822795482926e-18,485,486,-0.7995188661847434
7,-0.21175445773247858,6.1674327853919886e-18,p1db,4.749430693721289e-17,5.101897505050963e-18,486,487,-0.9740023201472354
8,-0.291908701872551,6.212109616246538e-18,p1db,4.270263799654895e-17,5.570421403577673e-18,487,488,-1.2230277816497006
9,-0.38496906433905353,6.24979712089433e-18,p1db,3.800631973759527e-17,6.023966797825925e-18,488,489,-1.5578197238923375
10,-0.4888483207859178,6.27967790795038e-18,p1db,3.385851646177746e-17,6.4376882686035765e-18,489,490,-1.9929659103278077
11,-0.5842416116159201,6.301636836384791e-18,p1db,3.08384032090985e-17,6.795125539666122e-18,490,491,-2.535516365464173
12,-0.634086524026759,6.316104525738774e-18,p1db,2.9538008580480345e-17,7.08369441772194e-18,491,492,-3.161449133559648
13,-0.613135504048997,6.323499928820437e-18,p1db,3.0273391245749084e-17,7.292393423085198e-18,492,493,-3.803689413517691
14,-0.5370457525112655,6.323701044928717e-18,p1db,3.285818773814342e-17,7.411737617889574e-18,493,494,-4.387720141657642
15,-0.44447352717061417,6.316003505031897e-18,p1db,3.6745232507624933e-17,7.434903199047473e-18,494,495,-4.877780918540222
16,-0.36212155512302724,6.2993815662567375e-18,p1db,4.133642388971357e-17,7.358688200088771e-18,495,496,-5.27666719599887
17,-0.2974436241925762,6.272540579264595e-18,p1db,4.614357161521191e-17,7.183464176512067e-18,496,497,-5.602024028786277
18,-0.24828950667180205,6.233862770097509e-18,p1db,5.0800461928274e-17,6.9125061216732344e-18,497,498,-5.871554444384023
19,-0.21002089877228913,6.18207373437064e-18,p1db,5.5030527614862605e-17,6.552061599795371e-18,498,499,-6.098603042129881
20,-0.17771944157653952,6.117983389807523e-18,p1db,5.862040526977066e-17,6.113419390184476e-18,499,500,-6.291596241928601
21,-0.14653880502121863,6.0461566473749164e-18,p1db,6.140756608186252e-17,5.617055360798565e-18,500,501,-6.45404192528296
22,-0.11243753753570473,5.9747705458682285e-18,p1db,6.327647388607723e-17,5.097609748421671e-18,501,502,-6.584673851971038
23,-0.07454387896086478,5.913420176055507e-18,p1db,6.415682535956424e-17,4.607605865574236e-18,502,503,-6.678917000354369
24,-0.038988331637111795,5.870549377248226e-18,p1db,6.402084341403057e-17,4.2161472909385e-18,503,504,-6.733761609892768
25,-0.01972608270779075,5.851955872506329e-18,p1db,6.287972586122572e-17,3.995272989541629e-18,504,505,-6.756893663628593
26,-0.029574861463740998,5.8600743431017885e-18,p1db,6.078049147027019e-17,3.9899927777403766e-18,505,506,-6.773213775308349
27,-0.06829301078808525,5.893370192026634e-18,p1db,5.780458372459712e-17,4.191946734986113e-18,506,507,-6.816043386556075
28,-0.12490159126431521,5.946423731927805e-18,p1db,5.4069831673094197e-17,4.547884697632277e-18,507,508,-6.90979979688452
29,-0.19043834295751427,6.011527874358215e-18,p1db,4.973747071238428e-17,4.99241481588445e-18,508,509,-7.065846569084705
30,-0.2637746418752216,6.081165966993429e-18,p1db,4.5025555889592854e-17,5.470428480224587e-18,509,510,-7.290676482799548
31,-0.3484716212467669,6.149801537328511e-18,p1db,4.022979968493571e-17,5.941448187557333e-18,510,511,-7.593395852835148
32,-0.4461449939553792,6.2142535382028724e-18,p1db,3.5751112395312616e-17,6.3764010073014336e-18,511,512,-7.987619725293082
33,-0.5466321548131634,6.273196001342767e-18,p1db,3.211559024333659e-17,6.7542985677493986e-18,512,513,-8.485685840745907
34,-0.6200505388082664,6.326462222248954e-18,p1db,2.9929035295912377e-17,7.060376550247685e-18,513,514,-9.080884034919409
35,-0.6313666301386593,6.374162493752504e-18,p1db,2.967272559609708e-17,7.284833833958406e-18,514,515,-9.72578691836244
36,-0.575985679946518,6.415448360316377e-18,p1db,3.1409968347693167e-17,7.421386188356667e-18,515,516,-10.343617295196728
37,-0.4859476022574025,6.447399144189671e-18,p1db,3.473959273057868e-17,7.465679728950076e-18,516,517,-10.877758278255476
38,-0.39632901984886715,6.464965792710943e-18,p1db,3.906240132895536e-17,7.41415321865469e-18,517,518,-11.315512499711533
39,-0.3229018850738248,6.462319272873344e-18,p1db,4.382576097540913e-17,7.263926106844002e-18,518,519,-11.67041631795321
40,-0.2664369984563999,6.434822429892749e-18,p1db,4.859884831635063e-17,7.013960986832684e-18,519,520,-11.961316269859182
41,-0.2222362364820576,6.380496796623439e-18,p1db,5.305988603314895e-17,6.6674448059676426e-18,520,521,-12.20329031486601
42,-0.18495074217660878,6.300700374621234e-18,p1db,5.696900467264143e-17,6.235122906815815e-18,521,522,-12.405788742823297
43,-0.15006504974897616,6.200567264925241e-18,p1db,6.014838850376282e-17,5.738976302293825e-18,522,523,-12.573191799219227
44,-0.1144141608656204,6.089308186553452e-18,p1db,6.246986990868317e-17,5.215116102193458e-18,523,524,-12.70591884232125
45,-0.07727296846093612,5.979405291137783e-18,p1db,6.384652858818396e-17,4.714513598131199e-18,524,525,-12.802020120950468
46,-0.042715477961444925,5.884017381188658e-18,p1db,6.422686868751715e-17,4.300114860374726e-18,525,526,-12.860464779243122
47,-0.021191439741458318,5.813696774475947e-18,p1db,6.359260359676161e-17,4.0375936738943564e-18,526,527,-12.887451076873358
48,-0.024867328783174436,5.774416284357905e-18,p1db,6.196103269188953e-17,3.976144762679991e-18,527,528,-12.902847658726039
49,-0.057322842476723146,5.767545515395518e-18,p1db,5.939035771855384e-17,4.125368358742621e-18,528,529,-12.937185734439707
50,-0.1104677115993482,5.790779196628858e-18,p1db,5.598429748154254e-17,4.449591932114536e-18,529,530,-13.017493343679485
51,-0.17363958103351873,5.8392317787116396e-18,p1db,5.1894099942989095e-17,4.887422173693542e-18,530,531,-13.158121157638403
52,-0.24235211890780217,5.9068587285118005e-18,p1db,4.732076256417228e-17,5.376249960057214e-18,531,532,-13.364772505746522
53,-0.3187770438694546,5.988085510872091e-18,p1db,4.252419797817389e-17,5.8655046297256315e-18,532,533,-13.642825395454008
54,-0.40706650006851053,6.078703101801457e-18,p1db,3.7845652891728574e-17,6.319572876749935e-18,533,534,-14.002326593485432
55,-0.5052052866918064,6.1754317067841864e-18,p1db,3.3740022352028254e-17,6.715782872174745e-18,534,535,-14.456958395591029
56,-0.5939070429124405,6.27476106958203e-18,p1db,3.078233988904935e-17,7.0406760961776e-18,535,536,-15.012737166869044
57,-0.6367890736692985,6.372161307212828e-18,p1db,2.9554904651910915e-17,7.28604344163346e-18,536,537,-15.64477248141591
58,-0.6099769608975709,6.4620683734168736e-18,p1db,3.0360829690425534e-17,7.445618584133366e-18,537,538,-16.28631531420764
59,-0.5299385273146324,6.538234550779501e-18,p1db,3.300371666004123e-17,7.513171941805958e-18,538,539,-16.86472640321105
60,-0.4348363618283937,6.594069109549074e-18,p1db,3.693119836863575e-17,7.4824941876508e-18,539,540,-17.346192368836906
61,-0.35039518302095196,6.623172681064539e-18,p1db,4.154138547302001e-17,7.349151277536e-18,540,541,-17.73439912686784
62,-0.28338372633641384,6.6203684414565266e-18,p1db,4.634415180064501e-17,7.113063469183903e-18,541,542,-18.04698273487881
63,-0.23135421545559076,6.58288467864088e-18,p1db,5.097700101754947e-17,6.780466999211234e-18,542,543,-18.301166579540666
64,-0.1897479560673645,6.510907119150723e-18,p1db,5.5173252679908713e-17,6.364335294170747e-18,543,544,-18.50969116578999
65,-0.154147240212561,6.407371486949357e-18,p1db,5.873049114994143e-17,5.883925311477201e-18,544,545,-18.680662491675395
66,-0.12050868947661542,6.277901024947547e-18,p1db,6.14913543299467e-17,5.365668058016366e-18,545,546,-18.817985646215114
67,-0.0856677264365775,6.1315668840739854e-18,p1db,6.33370836419863e-17,4.847365606561059e-18,546,547,-18.921679870628626
68,-0.050010302757469205,5.9815137473666844e-18,p1db,6.4189533139692e-17,4.384407149287067e-18,547,548,-18.98932109908827
69,-0.02205375538610177,5.843642892992146e-18,p1db,6.401503610435075e-17,4.050422706100718e-18,548,549,-19.021700476143565
70,-0.017431528639304972,5.733187451102108e-18,p1db,6.282500766685948e-17,3.9188015677021e-18,549,550,-19.033428609860472
71,-0.045305586921610796,5.661321965839507e-18,p1db,6.06725732610471e-17,4.023030186457552e-18,550,551,-19.056563533422175
72,-0.09785178519437743,5.633742566387931e-18,p1db,5.764821055465131e-17,4.33210636370654e-18,551,552,-19.124039783703694
73,-0.16010674525582935,5.650923721850407e-18,p1db,5.387818888063809e-17,4.773693540528962e-18,552,553,-19.25226710381093
74,-0.22459680128311277,5.708861425684025e-18,p1db,4.952868600635808e-17,5.274283420580804e-18,553,554,-19.444253274215352
75,-0.2933922198263783,5.800152908078468e-18,p1db,4.481794895676123e-17,5.779093997789424e-18,554,555,-19.701460706377155
76,-0.37255253762161367,5.9157320599680734e-18,p1db,4.0038812079633234e-17,6.252586740342192e-18,555,556,-20.03103771386811
77,-0.4649310751354232,6.046682393779747e-18,p1db,3.559074148658431e-17,6.672209909839187e-18,556,557,-20.446565781620382
78,-0.5601742704236603,6.185093284420678e-18,p1db,3.200351096895894e-17,7.022434727816664e-18,557,558,-20.960899864138955
79,-0.6273833196188576,6.323818820954045e-18,p1db,2.988758261329479e-17,7.29138529647033e-18,558,559,-21.566914322467703
80,-0.6316013526809279,6.455978684923969e-18,p1db,2.9716442184010516e-17,7.469986298292353e-18,559,560,-22.21566650337667
81,-0.569974083411708,6.5748406597815285e-18,p1db,3.152974280688582e-17,7.55234320205216e-18,560,561,-22.83011702782956
82,-0.4756429992545659,6.673817635519595e-18,p1db,3.4906622803001284e-17,7.535877953206863e-18,561,562,-23.355614670200087
83,-0.3831006376784529,6.7460880278752925e-18,p1db,3.924627954999109e-17,7.420535301857189e-18,562,563,-23.78140302633869
84,-0.3073280775035272,6.78417120415726e-18,p1db,4.400598994901358e-17,7.207596957094191e-18,563,564,-24.121815945556992
85,-0.24897702983933812,6.780505140896867e-18,p1db,4.876534379662113e-17,6.899429312771825e-18,564,565,-24.396059181345745
86,-0.2034727655402122,6.72949962635191e-18,p1db,5.320784997884484e-17,6.501264693809562e-18,565,566,-24.61977000523567
87,-0.16517737158145884,6.630072994928363e-18,p1db,5.709340528476767e-17,6.025075291382711e-18,566,567,-24.80300471242617
88,-0.12873071144920623,6.4870420479164704e-18,p1db,6.024085602301995e-17,5.494642553678278e-18,567,568,-24.950124748398586
89,-0.09029805502543731,6.310838273041886e-18,p1db,6.251893607717274e-17,4.950651927766183e-18,568,569,-25.06046613532458
90,-0.050408696016674526,6.116485077414765e-18,p1db,6.384120663732587e-17,4.4540889503450186e-18,569,570,-25.13072085844946
91,-0.017984075484253736,5.92253681383769e-18,p1db,6.416232153049242e-17,4.083016631083385e-18,570,571,-25.16128352735793
92,-0.008977085198537793,5.7491957471128565e-18,p1db,6.347455517420735e-17,3.9129465704133306e-18,571,572,-25.16668900941797
93,-0.03322850668887689,5.614783676175228e-18,p1db,6.180494852826403e-17,3.9799757750374154e-18,572,573,-25.179237697755006
94,-0.08366335815971837,5.531819749426045e-18,p1db,5.921463987532213e-17,4.258577980039629e-18,573,574,-25.233146022795722
95,-0.14496053157721,5.505161637772325e-18,p1db,5.580188473681976e-17,4.682809913951498e-18,574,575,-25.346564414074443
96,-0.2080362878941564,5.532934043856595e-18,p1db,5.170883656573477e-17,5.1826477977473246e-18,575,576,-25.523067085950142
97,-0.27301333174254516,5.608686101061005e-18,p1db,4.713136977132227e-17,5.701573075991338e-18,576,577,-25.762636989862756
98,-0.34494126616620413,5.723325452531347e-18,p1db,4.233288860160555e-17,6.197842619677429e-18,577,578,-26.069093749435233
99,-0.4287300781754908,5.866764155610083e-18,p1db,3.7665341738677555e-17,6.641678456794252e-18,578,579,-26.452519522195164
100,-0.5218231403391318,6.029366385605643e-18,p1db,3.359513433207215e-17,7.01308599734839e-18,579,580,-26.926553905786214
101,-0.6040369399196717,6.202553697480654e-18,p1db,3.070084962034179e-17,7.30005796091085e-18,580,581,-27.496165802873428
102,-0.6392748947785094,6.378126931639447e-18,p1db,2.9552961361996485e-17,7.496344508561415e-18,581,582,-28.134627785625558
103,-0.6056871983533618,6.5470125478783526e-18,p1db,3.0431438916906576e-17,7.598862185769387e-18,582,583,-28.774715592430447
104,-0.5213904140489323,6.6986984273646426e-18,p1db,3.3124572433663015e-17,7.6054527690349e-18,583,584,-29.34600218233228
105,-0.42425365453066277,6.821883460728973e-18,p1db,3.708160809526022e-17,7.513736313642193e-18,584,585,-29.81749642052831
106,-0.3387925278981836,6.90576533187151e-18,p1db,4.170789626848439e-17,7.32149114012818e-18,585,586,-30.194509491393607
107,-0.2706868167605929,6.941191336858186e-18,p1db,4.651550998270565e-17,7.028617277318591e-18,586,587,-30.49508147632468
108,-0.21662360700079297,6.92162644255757e-18,p1db,5.113873873691768e-17,6.6403427065600026e-18,587,588,-30.735883124914793
109,-0.1714357247194549,6.844380216197876e-18,p1db,5.530803512374139e-17,6.170842725783217e-18,588,589,-30.928328690326264
110,-0.13060457883135435,6.711971535633168e-18,p1db,5.882424946575053e-17,5.646086333705654e-18,589,590,-31.078754574353702
111,-0.09099142333667842,6.5326873081896594e-18,p1db,6.154015729428366e-17,5.1051224533869846e-18,590,591,-31.189537847988973
112,-0.052069434702980644,6.319750941229415e-18,p1db,6.33483666892075e-17,4.600210495175865e-18,591,592,-31.26073742102706
113,-0.018818980844093502,6.089871411335147e-18,p1db,6.417562657884101e-17,4.196013349206836e-18,592,593,-31.293676717394934
114,-0.003664565338548087,5.862298153334464e-18,p1db,6.39836962021404e-17,3.962991359297572e-18,593,594,-31.298375382715246
115,-0.019630021968826128,5.6579959717297596e-18,p1db,6.277434810707526e-17,3.954885301763881e-18,594,595,-31.30100584807203
116,-0.06661537782554738,5.4973456976243695e-18,p1db,6.059378780773459e-17,4.1766416003371926e-18,595,596,-31.3376354266529
117,-0.13013874384091118,5.396211101350557e-18,p1db,5.753313488956349e-17,4.577901736895287e-18,596,597,-31.434236603723125
118,-0.19575355465868327,5.362714012049933e-18,p1db,5.372604894581102e-17,5.082348198941709e-18,597,598,-31.59791291433472
119,-0.25900929357609215,5.39687600002689e-18,p1db,4.934846703734258e-17,5.619182312219744e-18,598,599,-31.82574371304049
120,-0.3239345759589529,5.49251773640485e-18,p1db,4.462642239976794e-17,6.13636913303924e-18,599,600,-32.115931501486905
121,-0.39766201867173834,5.639396808359408e-18,p1db,3.985645431367331e-17,6.600767986640824e-18,600,601,-32.4736128649584
122,-0.4839016539777461,5.824769698355395e-18,p1db,3.54382001349417e-17,6.993380641422781e-18,601,602,-32.91125553883038
123,-0.5728430832758455,6.034730334348084e-18,p1db,3.190026270949834e-17,7.30376026562467e-18,602,603,-33.44141617291389
124,-0.6336621579743635,6.255356324919537e-18,p1db,2.98512103397639e-17,7.525305394100002e-18,603,604,-34.05694170538207
125,-0.6316970348320723,6.473225695946833e-18,p1db,2.975769602160463e-17,7.652387592554426e-18,604,605,-34.70874048886262
126,-0.564967175534079,6.675334125135587e-18,p1db,3.164467200697766e-17,7.679713764443743e-18,605,606,-35.32033577504622
127,-0.467004114707688,6.849109197108888e-18,p1db,3.5075714789322865e-17,7.603542053230979e-18,606,607,-35.838674839930775
128,-0.37166684838339137,6.983008045554488e-18,p1db,3.94419128391456e-17,7.423575710672552e-18,607,608,-36.25434400446159
129,-0.2930626346953069,7.06730790210268e-18,p1db,4.4201850626887167e-17,7.144119831699475e-18,608,609,-36.58200853669756
130,-0.23139067289774573,7.09437922139489e-18,p1db,4.8943669524174527e-17,6.773843234500457e-18,609,610,-36.84046927385221
131,-0.18215209619835093,7.058558856647771e-18,p1db,5.336160719567943e-17,6.325030579726054e-18,610,611,-37.04478988249305
132,-0.14010491771883338,6.956720822789654e-18,p1db,5.722254815147504e-17,5.8145005765394696e-18,611,612,-37.20477346624891
133,-0.10026357008773701,6.790266227962172e-18,p1db,6.034564712750663e-17,5.268138709279315e-18,612,613,-37.324999717930716
134,-0.05925323815983319,6.567549314798082e-18,p1db,6.259507556020688e-17,4.7288077796278024e-18,613,614,-37.40530060642438
135,-0.019500639624816074,6.304715361265982e-18,p1db,6.387943266307004e-17,4.2635445142178846e-18,614,615,-37.44350619425038
136,0.005637729466666741,6.0241154901919186e-18,p1db,6.415175449397223e-17,3.959606919281714e-18,615,616,-37.444301885674015
137,-0.002402510228908028,5.751511779541635e-18,p1db,6.340749867408333e-17,3.8939624764822815e-18,616,617,-37.43223073531705
138,-0.04773871700704291,5.513395903625176e-18,p1db,6.168109107761458e-17,4.084178473546068e-18,617,618,-37.44910690613183
139,-0.11382877702430605,5.3339956194329434e-18,p1db,5.904286387378316e-17,4.475358513373175e-18,618,619,-37.527708169331135
140,-0.18169669061537164,5.2312005205480394e-18,p1db,5.559824788229636e-17,4.981762870337757e-18,619,620,-37.67676446018044
141,-0.24434989009650465,5.212856397499316e-18,p1db,5.149115460578563e-17,5.528449112477495e-18,620,621,-37.89110155056188
142,-0.3051860194491205,5.2761158534833086e-18,p1db,4.6913675875136717e-17,6.063493622887224e-18,621,622,-38.16546424037345
143,-0.37175240050495617,5.410170716116644e-18,p1db,4.212411004068512e-17,6.553418630817675e-18,622,623,-38.50147358946012
144,-0.45028298514768395,5.599904570804231e-18,p1db,3.747402065223733e-17,6.97591963796277e-18,623,624,-38.908969041383365
145,-0.5382414296238771,5.828483303141783e-18,p1db,3.343700674887533e-17,7.315212872855845e-18,624,625,-39.40203955975549
146,-0.6144666756013599,6.0789699787677715e-18,p1db,3.060103973089927e-17,7.560406220001209e-18,625,626,-39.98545190063112
147,-0.6424360967606155,6.335514792711296e-18,p1db,2.95340694188215e-17,7.705335400701452e-18,626,627,-40.63097291095821
148,-0.6018010836111074,6.583830509942121e-18,p1db,3.0493941379962575e-17,7.748129698368798e-18,627,628,-41.27032409415235
149,-0.5124440366385876,6.810581257920437e-18,p1db,3.3244844630275483e-17,7.689765415814063e-18,628,629,-41.83457507818042
150,-0.41225894579643807,7.00232128266708e-18,p1db,3.7230215823168646e-17,7.53216394321035e-18,629,630,-42.295212167429526
151,-0.32491345149621154,7.145293980770696e-18,p1db,4.1863877527884016e-17,7.27712973553322e-18,630,631,-42.6590929697733
152,-0.2554929040425016,7.226728236943823e-18,p1db,4.6667765352101924e-17,6.927215773054151e-18,631,632,-42.94503907042195
153,-0.2001008245343705,7.236906915442009e-18,p1db,5.1280811027656966e-17,6.488736628212739e-18,632,633,-43.1700787778583
154,-0.15260778025336208,7.170758969473888e-18,p1db,5.543238069998941e-17,5.97634396941986e-18,633,634,-43.34524071949069
155,-0.10743726204325199,7.028601740698552e-18,p1db,5.891942823808244e-17,5.418314985914091e-18,634,635,-43.475294338365025
156,-0.06147792199130109,6.816717960497104e-18,p1db,6.159272772117266e-17,4.8615734723321e-18,635,636,-43.560115243577194
157,-0.017402316454102618,6.5481551911196095e-18,p1db,6.334883870996722e-17,4.374137204437365e-18,636,637,-43.59825018234763
158,0.012714056609162583,6.242870517307246e-18,p1db,6.412445994805215e-17,4.038661741303953e-18,637,638,-43.5949198764854
159,0.011747321198686933,5.9261611265318246e-18,p1db,6.389209314280155e-17,3.927400985835638e-18,638,639,-43.5728220691293
160,-0.026727339950419093,5.625812856345874e-18,p1db,6.265809615953296e-17,4.064201072916635e-18,639,640,-43.571425234088025
161,-0.09061598505602575,5.369365498760727e-18,p1db,6.046434598653692e-17,4.41096599831406e-18,640,641,-43.62627674903014
162,-0.16165009827098942,5.181659894893641e-18,p1db,5.739275661385703e-17,4.895673757024436e-18,641,642,-43.75265720420008
163,-0.22902242102979287,5.081446726561833e-18,p1db,5.357035128788211e-17,5.44563914942962e-18,642,643,-43.94957694557212
164,-0.2914010535077196,5.077311450166273e-18,p1db,4.917399178135627e-17,6.0014327148818986e-18,643,644,-44.21070204625966
165,-0.35371129259249656,5.165845023566479e-18,p1db,4.443772770830012e-17,6.518691916535227e-18,644,645,-44.53237905258756
166,-0.4233002652957758,5.334056977824511e-18,p1db,3.966874607439032e-17,6.967055696116026e-18,645,646,-44.918124631444655
167,-0.5040164095703865,5.56401511633605e-18,p1db,3.527488887574802e-17,7.328352678082254e-18,646,647,-45.37897958317911
168,-0.5861214312140106,5.8363120710396884e-18,p1db,3.1786780938077306e-17,7.593762556136811e-18,647,648,-45.92615745058543
169,-0.6392926701516366,6.131400097870834e-18,p1db,2.9806282131551755e-17,7.760194416867595e-18,648,649,-46.55122244560713
170,-0.6303814085966515,6.429999159201439e-18,p1db,2.978523681089349e-17,7.826807612908483e-18,649,650,-47.2047427908887
171,-0.5589446783345053,6.71356588279793e-18,p1db,3.1734394918525827e-17,7.792679855310828e-18,650,651,-47.811985262800434
172,-0.45847211910754027,6.964766784613407e-18,p1db,3.521221987864827e-17,7.656274805400986e-18,651,652,-48.32263214755771
173,-0.3615205672955746,7.16773239083945e-18,p1db,3.96095563184375e-17,7.41682548646406e-18,652,653,-48.728929501015514
174,-0.2808980069917659,7.308425175415489e-18,p1db,4.438301706583364e-17,7.077135876568085e-18,653,654,-49.04567328214886
175,-0.21596910708705863,7.375588249071225e-18,p1db,4.9118289484252635e-17,6.6467223544466974e-18,654,655,-49.290725514999046
176,-0.16188510335992135,7.362037459837628e-18,p1db,5.351164569133988e-17,6.144032646221357e-18,655,656,-49.47761149632298
177,-0.11368050064301727,7.265439002404392e-18,p1db,5.733822406228933e-17,5.59724837563146e-18,656,657,-49.61449572171889
178,-0.06761644309628068,7.088246829614898e-18,p1db,6.042761653856691e-17,5.044916854427972e-18,657,658,-49.70497249760901
179,-0.02303548652682963,6.8376962918151324e-18,p1db,6.264998678158776e-17,4.538733701312459e-18,658,659,-49.74972860791145
180,0.013402358977828044,6.526896471751302e-18,p1db,6.391204980771827e-17,4.147513516922872e-18,659,660,-49.75104347066267
181,0.02544885650533857,6.176469686152991e-18,p1db,6.415970792722781e-17,3.950943722790284e-18,660,661,-49.722923889955794
182,-0.0017064396683430516,5.814710650863213e-18,p1db,6.33820932115417e-17,4.0065616255217826e-18,661,662,-49.700145757651995
183,-0.06387714749103779,5.47501484634586e-18,p1db,6.161265657665981e-17,4.307293084103973e-18,662,663,-49.72633676929248
184,-0.1406765363231024,5.191465848239983e-18,p1db,5.892663303429303e-17,4.783331143346429e-18,663,664,-49.82790005263407
185,-0.2145372015823206,4.994063270088538e-18,p1db,5.5437715919381195e-17,5.3459217719662795e-18,664,665,-50.007689841938685
186,-0.27958559538814143,4.9038802243306015e-18,p1db,5.129798871742296e-17,5.921388049983582e-18,665,666,-50.25697445579871
187,-0.33904075623151186,4.928606580052386e-18,p1db,4.6704776526998593e-17,6.459998828464586e-18,666,667,-50.56686103271497
188,-0.4009730165563923,5.060969601559277e-18,p1db,4.191757785800486e-17,6.932077563038124e-18,667,668,-50.935055968261736
189,-0.4732891542568609,5.2820145619589836e-18,p1db,3.728673836596472e-17,7.321050406769459e-18,668,669,-51.36880706582775
190,-0.5549081076459395,5.5671929355885945e-18,p1db,3.328599100132086e-17,7.617244927570552e-18,669,670,-51.88163427677546
191,-0.6247648367687617,5.8912578944914764e-18,p1db,3.050653836107659e-17,7.81390396575994e-18,670,671,-52.47862328111963
192,-0.6458992358489155,6.230396893896939e-18,p1db,2.951594450058466e-17,7.905822687167894e-18,671,672,-53.13116395031298
193,-0.5987181594884383,6.562793230099993e-18,p1db,3.055765232039624e-17,7.89000455830988e-18,672,673,-53.77042175281746
194,-0.5043924311310732,6.8689731795541586e-18,p1db,3.337357293728381e-17,7.766928231925482e-18,673,674,-54.32860026928986
195,-0.40079154693391317,7.132004333202466e-18,p1db,3.739479922712697e-17,7.540978059024488e-18,674,675,-54.77920661507961
196,-0.31061355157858017,7.337073366342484e-18,p1db,4.203739615776043e-17,7.219525909408795e-18,675,676,-55.130183363157684
197,-0.23831097036239157,7.47074928441546e-18,p1db,4.6832980174279694e-17,6.811617739183742e-18,676,677,-55.40043371823677
198,-0.17990533890356275,7.521102718429607e-18,p1db,5.1429790322671294e-17,6.328265622323218e-18,677,678,-55.60680530388247
199,-0.129232720741431,7.479436397994296e-18,p1db,5.556177483679931e-17,5.78610388393665e-18,678,679,-55.760244396043895
200,-0.08038781080979263,7.342857716668565e-18,p1db,5.902530814803582e-17,5.21460692072336e-18,679,680,-55.86527074536533
201,-0.030369265105182564,7.1159959600522e-18,p1db,6.166770266624422e-17,4.664939577711519e-18,680,681,-55.92102001766348
202,0.0153571810095805,6.811083148713327e-18,p1db,6.338241094913039e-17,4.215304812928893e-18,681,682,-55.926009275575694
203,0.038802136304731505,6.44731357496401e-18,p1db,6.410635321112376e-17,3.960430175565479e-18,682,683,-55.89030565564432
204,0.020963041376710123,6.050578669044814e-18,p1db,6.381723838697426e-17,3.970286243311388e-18,683,684,-55.84840500296623
205,-0.03673644410760346,5.653063926861862e-18,p1db,6.253053849715302e-17,4.240861617976796e-18,684,685,-55.8483795728909
206,-0.11361008931800143,5.291175089735945e-18,p1db,6.02969492421014e-17,4.699413757589909e-18,685,686,-55.92187789118144
207,-0.1907606634757819,5.001312028940322e-18,p1db,5.720198799204708e-17,5.256277034860662e-18,686,687,-56.0755997515269
208,-0.26054381242453317,4.81445507719781e-18,p1db,5.336939360052686e-17,5.839709881931492e-18,687,688,-56.303399218133
209,-0.3232226747652831,4.750612763597896e-18,p1db,4.8969242623739265e-17,6.400385484273822e-18,688,689,-56.59668737637597
210,-0.38371616403535924,4.814288208957089e-18,p1db,4.423144873438879e-17,6.904580903817883e-18,689,690,-56.94984456766357
211,-0.4494905139202743,4.993432199037562e-18,p1db,3.946619384741896e-17,7.32833196692312e-18,690,691,-57.364119704446686
212,-0.5249875007791083,5.263727763183755e-18,p1db,3.5091080428769004e-17,7.655135344907813e-18,691,692,-57.84882559550412
213,-0.6006528594607055,5.596011602490144e-18,p1db,3.164724035326655e-17,7.875588993112114e-18,692,693,-58.4140947060049
214,-0.646060539573277,5.9622072287454214e-18,p1db,2.9737113258222774e-17,7.986764259712558e-18,693,694,-59.05013131442553
215,-0.629211639716889,6.337376375322249e-18,p1db,2.979544901590251e-17,7.99029861007865e-18,694,695,-59.70621578515146
216,-0.551754818671867,6.699028874706252e-18,p1db,3.180909575763131e-17,7.889711760225242e-18,695,696,-60.308554593859306
217,-0.4479291448250322,7.026125964185927e-18,p1db,3.532672617002642e-17,7.688279102645848e-18,696,697,-60.80972542249519
218,-0.3494074446785618,7.2991434751495e-18,p1db,3.974468066890225e-17,7.38867250971576e-18,697,698,-61.20441288350937
219,-0.2677345836272238,7.500939048950714e-18,p1db,4.4527406991836554e-17,6.994832675822585e-18,698,699,-61.508540311852315
220,-0.2010462467081311,7.617595180469399e-18,p1db,4.9262979108574516e-17,6.515742726597886e-18,699,700,-61.73988205076382
221,-0.14331509314002489,7.639052348107155e-18,p1db,5.3644935700796554e-17,5.970304436059597e-18,700,701,-61.91063280526858
222,-0.08895016793908184,7.560029247419676e-18,p1db,5.744535503498861e-17,5.392318247017885e-18,701,702,-62.02651223704387
223,-0.03544022873280639,7.381361467188681e-18,p1db,6.049560153090025e-17,4.8342748501687005e-18,702,703,-62.08853314114674
224,0.013132573905807021,7.11094083702776e-18,p1db,6.267386935530486e-17,4.367552280449102e-18,703,704,-62.09739269450948
225,0.04328481084922586,6.763469260338069e-18,p1db,6.389710628856956e-17,4.073422299779504e-18,704,705,-62.06226799333513
226,0.03823891866832341,6.35959403969579e-18,p1db,6.411702198127802e-17,4.0172895446010916e-18,705,706,-62.01082307281103
227,-0.006636865983573159,5.925827303399028e-18,p1db,6.332056393461418e-17,4.214300732680851e-18,706,707,-61.98579015599848
228,-0.07863546527837073,5.4953786887499635e-18,p1db,6.153355601576402e-17,4.620464062157831e-18,707,708,-62.024096804778175
229,-0.1599860173143881,5.107862322941167e-18,p1db,5.882443799200927e-17,5.159795118349786e-18,708,709,-62.14306108655522
230,-0.2386271424133568,4.805407582323287e-18,p1db,5.5305868530474644e-17,5.754980029479755e-18,709,710,-62.34406883940695
231,-0.3091557943083245,4.624721805765083e-18,p1db,5.1135259695857797e-17,6.342238250242922e-18,710,711,-62.620315371381935
232,-0.37181681279054857,4.587686260325201e-18,p1db,4.6518663135971566e-17,6.875321001608199e-18,711,712,-62.9623804280236
233,-0.43244285750237665,4.695299034534566e-18,p1db,4.1723808725795123e-17,7.324908203876544e-18,712,713,-63.36394899696303
234,-0.4992834313071768,4.928826161751437e-18,p1db,3.7106161904421844e-17,7.675527560902026e-18,713,714,-63.82726614302835
235,-0.5732094457090611,5.257178316018413e-18,p1db,3.314087297080417e-17,7.921040117150017e-18,714,715,-64.36251585957739
236,-0.6349326654032836,5.645540769644078e-18,p1db,3.04172022128876e-17,8.059978981076304e-18,715,716,-64.97368503444648
237,-0.6486096095256357,6.061147045154082e-18,p1db,2.949639770475497e-17,8.09204870657485e-18,716,717,-65.63238119038395
238,-0.595553351132061,6.475332500731118e-18,p1db,3.061030033606718e-17,8.016664137653628e-18,717,718,-66.27090425349775
239,-0.49724431990109963,6.863227262771698e-18,p1db,3.348820322141118e-17,7.833681001116328e-18,718,719,-66.82348789264807
240,-0.3907937605675613,7.202975110680058e-18,p1db,3.75524695030142e-17,7.545647457290829e-18,719,720,-67.26539289329995
241,-0.29774322026182176,7.475628496854223e-18,p1db,4.221494451506222e-17,7.160281208800934e-18,720,721,-67.6050754137832
242,-0.22175723855220753,7.6656151468095e-18,p1db,4.7008036540868e-17,6.691871457825418e-18,721,722,-67.86087933382359
243,-0.15865769043026035,7.761002094760897e-18,p1db,5.158624069524248e-17,6.1612785689867014e-18,722,723,-68.04858989088761
244,-0.10269644159431124,7.753337854291755e-18,p1db,5.569264853161238e-17,5.595990222324545e-18,723,724,-68.17819471468411
245,-0.049085504967131044,7.637910766037079e-18,p1db,5.913070858459333e-17,5.0330937856240065e-18,724,725,-68.25398277407623
246,0.0029693005316744348,7.415309167643827e-18,p1db,6.174915637797506e-17,4.526736126320045e-18,725,726,-68.27636572461837
247,0.04455732524093747,7.093780092955752e-18,p1db,6.343772254915822e-17,4.154683257373148e-18,726,727,-68.24804417301289
248,0.056023220357531045,6.690652043455995e-18,p1db,6.412820962114821e-17,4.005794878882691e-18,727,728,-68.1872510741365
249,0.023116514302330415,6.231819725935245e-18,p1db,6.379579632856056e-17,4.132958891124381e-18,728,729,-68.13599773229782
250,-0.04576355869173909,5.7502843805481056e-18,p1db,6.245802684814067e-17,4.509392756206105e-18,729,730,-68.14101804553184
251,-0.1292277024385271,5.285257536860485e-18,p1db,6.017190866595769e-17,5.048151867896779e-18,730,731,-68.2275248496813
252,-0.21205317635260457,4.8812654816864295e-18,p1db,5.703120815387467e-17,5.655343269780939e-18,731,732,-68.39947345040889
253,-0.28803489669090254,4.584310306236191e-18,p1db,5.3166464708265116e-17,6.2595998572598464e-18,732,733,-68.65163120238651
254,-0.3553996433984494,4.43273333898008e-18,p1db,4.8750331522432386e-17,6.8150323805223065e-18,733,734,-68.9755432437907
255,-0.4165110505077081,4.445364078685691e-18,p1db,4.401096929239945e-17,7.294341647034213e-18,734,735,-69.36243048918341
256,-0.47859196966894757,4.615083547591003e-18,p1db,3.925578441050344e-17,7.681119612948153e-18,735,736,-69.80856534480611
257,-0.5478967115451425,4.913330862253446e-18,p1db,3.490341837381434e-17,7.964493786117871e-18,736,737,-70.3196144285213
258,-0.6163763111622558,5.301211397675604e-18,p1db,3.1501646294376815e-17,8.136907289886596e-18,737,738,-70.9043587678964
259,-0.6538649310088402,5.739278383500778e-18,p1db,2.9658175820819595e-17,8.194317996386778e-18,738,739,-71.55236705084582
260,-0.629000676953126,6.1927556667463775e-18,p1db,2.979805976283421e-17,8.137121077052596e-18,739,740,-72.21208862991408
261,-0.5450385587593942,6.6328557702475064e-18,p1db,3.1884141204157234e-17,7.970154583364213e-18,740,741,-72.81036840475207
262,-0.4368932147897908,7.035646419709598e-18,p1db,3.544778035373467e-17,7.701241860271929e-18,741,742,-73.30216574743287
263,-0.3354975611607429,7.380086282913247e-18,p1db,3.9885097063662163e-17,7.339187176815843e-18,742,743,-73.68415483433165
264,-0.2515753504344076,7.646900059695378e-18,p1db,4.466945712364061e-17,6.89306475682404e-18,743,744,-73.97316086975435
265,-0.18276127473102832,7.819161820539027e-18,p1db,4.939748722205006e-17,6.374431030286683e-18,744,745,-74.18730553520047
266,-0.1223778416027983,7.88402894047641e-18,p1db,5.3766618129832865e-17,5.802893914505953e-18,745,746,-74.33868341921641
267,-0.0640399110066383,7.834282181993424e-18,p1db,5.754800954584041e-17,5.214080757374028e-18,746,747,-74.43206121840606
268,-0.00572691557652405,7.668973841928094e-18,p1db,6.056972257951102e-17,4.667662516826598e-18,747,748,-74.46676324122969
269,0.04424503112191758,7.393716380294507e-18,p1db,6.270802301290726e-17,4.249444397211881e-18,748,749,-74.44351504955911
270,0.0661438355381776,7.021314479401071e-18,p1db,6.388255895160187e-17,4.0534147920537485e-18,749,750,-74.37827317898585
271,0.04450980568957874,6.572370290251408e-18,p1db,6.405271104531054e-17,4.134233196158602e-18,750,751,-74.31122737848276
272,-0.014481742697824984,6.0749685537222246e-18,p1db,6.321447441574134e-17,4.4681221795026745e-18,751,752,-74.28925356760669
273,-0.09161192131949747,5.5636855228059496e-18,p1db,6.139879784226263e-17,4.9749154446469235e-18,752,753,-74.3401908638784
274,-0.17343012235851774,5.079244992612613e-18,p1db,5.867252508904228e-17,5.568555448395927e-18,753,754,-74.47247741024569
275,-0.2547933113195029,4.6686552214108915e-18,p1db,5.51420575898335e-17,6.181492842673473e-18,754,755,-74.68705110859544
276,-0.33215908259210636,4.382038977233163e-18,p1db,5.095915318397523e-17,6.764434266837581e-18,755,756,-74.9820640328847
277,-0.4018736465469246,4.2613352858894764e-18,p1db,4.632938946849154e-17,7.280800466238642e-18,756,757,-75.35136927377965
278,-0.4648567075719683,4.323699253108765e-18,p1db,4.152633068278559e-17,7.704094577708961e-18,757,758,-75.78581132597854
279,-0.528151595965646,4.55370635732024e-18,p1db,3.691515046262716e-17,8.017694156713242e-18,758,759,-76.28108268892359
280,-0.5945934401317245,4.912855283223934e-18,p1db,3.2979945106938045e-17,8.21441852239173e-18,759,760,-76.84211451790983
281,-0.6470185878190264,5.355814762968021e-18,p1db,3.031215030478112e-17,8.294423887090194e-18,760,761,-77.47026956918704
282,-0.6514025627919935,5.84052204074588e-18,p1db,2.9462841908426423e-17,8.261823205259481e-18,761,762,-78.13615169354789
283,-0.5911376384828841,6.3309464465436115e-18,p1db,3.0644789694438504e-17,8.121477430020254e-18,762,763,-78.77307469477103
284,-0.4887006273381971,6.796720316217872e-18,p1db,3.357451477282357e-17,7.877386233334788e-18,763,764,-79.31842697051366
285,-0.38023902384534125,7.212196492110384e-18,p1db,3.7674082011883485e-17,7.533396071777507e-18,764,765,-79.75047594944742
286,-0.2855435536791049,7.555565942683738e-18,p1db,4.2358591678277806e-17,7.096062770537488e-18,765,766,-80.07890501820434
287,-0.2068046717689569,7.808351542077887e-18,p1db,4.7160359767065486e-17,6.578814007756822e-18,766,767,-80.32156305680563
288,-0.13897836047091516,7.955696269237679e-18,p1db,5.173166337016222e-17,6.0062054797971406e-18,767,768,-80.49251436174225
289,-0.0765552607766864,7.987374467872945e-18,p1db,5.581585309943571e-17,5.417151720450541e-18,768,769,-80.59951977774746
290,-0.01710516349668012,7.898737715240276e-18,p1db,5.922171823045982e-17,4.866505557757172e-18,769,770,-80.64562488329562
291,0.03514304128388801,7.690929790577494e-18,p1db,6.180643765115617e-17,4.424187071781705e-18,770,771,-80.63373010474082
292,0.0669462602660218,7.37077949389314e-18,p1db,6.346621115126829e-17,4.167535543323538e-18,771,772,-80.57533880072785
293,0.06260213971302164,6.951432736130342e-18,p1db,6.413344725374192e-17,4.158059601555466e-18,772,773,-80.49983758420878
294,0.018742945243246822,6.45392072607498e-18,p1db,6.377856791489268e-17,4.407540895793036e-18,773,774,-80.4501345213018
295,-0.05208178271442421,5.908508468993784e-18,p1db,6.241318784239977e-17,4.8673134410861965e-18,774,775,-80.46235169372228
296,-0.13451097272830026,5.354796749268862e-18,p1db,6.009167176379199e-17,5.454948343060526e-18,775,776,-80.55429808673065
297,-0.220052681658359,4.840942602112822e-18,p1db,5.691034798363018e-17,6.08735780346833e-18,776,777,-80.73137363917888
298,-0.30459176555799417,4.422142433314962e-18,p1db,5.300642457141044e-17,6.698142277760562e-18,777,778,-80.99440345004737
299,-0.3832430450006399,4.154983607369482e-18,p1db,4.856043006910832e-17,7.241789921995232e-18,778,779,-81.34055717029487
300,-0.4517427341183051,4.082332469158215e-18,p1db,4.3806629368904854e-17,7.691444348405946e-18,779,780,-81.76088954004865
301,-0.5129489857306666,4.213628003884784e-18,p1db,3.905531410259505e-17,8.033888408297496e-18,780,781,-82.24404263853148
302,-0.5749047798661735,4.519965646105658e-18,p1db,3.472577517363032e-17,8.263882466103033e-18,781,782,-82.78678751150998
303,-0.6339584890283092,4.950719469593842e-18,p1db,3.136653645959112e-17,8.379543665040561e-18,782,783,-83.39385219826383
304,-0.662367858320053,5.453489777104917e-18,p1db,2.958551987373953e-17,8.379924697408037e-18,783,784,-84.0547044895666
305,-0.6295278101424628,5.9833859543896556e-18,p1db,2.980090146539715e-17,8.265054052334764e-18,784,785,-84.71858791490394
306,-0.5393576905555761,6.503887726502528e-18,p1db,3.195908109233397e-17,8.03765331639536e-18,785,786,-85.31376010985153
307,-0.4268019309293365,6.985281575937093e-18,p1db,3.557562951976749e-17,7.705041766169916e-18,786,787,-85.79730329601509
308,-0.32187408845555154,7.4032238205693e-18,p1db,4.004029635464705e-17,7.279854064372657e-18,787,788,-86.1673639717102
309,-0.23440016862217306,7.73750209943855e-18,p1db,4.4829065530194975e-17,6.779289854751691e-18,788,789,-86.44105147292619
310,-0.16175436138008337,7.970934445894908e-18,p1db,4.954617629411617e-17,6.224295478655356e-18,789,790,-86.63616430895455
311,-0.09755477657802913,8.08908208241418e-18,p1db,5.3897138307662945e-17,5.641358177153254e-18,790,791,-86.76456019568636
312,-0.03617299364254478,8.081433670362055e-18,p1db,5.76579006667787e-17,5.0691408346444015e-18,791,792,-86.8312738621106
313,0.022679826296602812,7.943589870912245e-18,p1db,6.065663483230464e-17,4.568659227972352e-18,792,793,-86.83690618297145
314,0.06772820372586352,7.67896286062522e-18,p1db,6.276646005737213e-17,4.227302877295767e-18,793,794,-86.7859142095174
315,0.0784409287311334,7.298989213236944e-18,p1db,6.390371122400957e-17,4.135838263952056e-18,794,795,-86.70144977551972
316,0.04476377556596134,6.822447148269379e-18,p1db,6.402732167934892e-17,4.332553508840625e-18,795,796,-86.62903235205513
317,-0.020683306346548136,6.275228621317633e-18,p1db,6.313719852128548e-17,4.770488569139111e-18,796,797,-86.6119222243878
318,-0.0986025964456303,5.690994338543804e-18,p1db,6.127159107334182e-17,5.35373332690996e-18,797,798,-86.67039896474823
319,-0.1799639396427608,5.112065989590698e-18,p1db,5.850482729912301e-17,5.990381760700833e-18,798,799,-86.80912741727906
320,-0.2640833174713322,4.589974744850813e-18,p1db,5.494738279284929e-17,6.61417199777069e-18,799,800,-87.03032684403375
321,-0.3495896271884078,4.1844707544487275e-18,p1db,5.075021083738375e-17,7.182664725324701e-18,800,801,-87.33729405222172
322,-0.43005642250304277,3.956006749000747e-18,p1db,4.6115096587737164e-17,7.668913340598775e-18,801,802,-87.72950609841057
323,-0.49949322319989164,3.945593676772161e-18,p1db,4.131301569798828e-17,8.054499168755692e-18,802,803,-88.19740689722781
324,-0.560917189688567,4.151916335797442e-18,p1db,3.671163524905698e-17,8.32624245966447e-18,803,804,-88.72849254481035
325,-0.6194612326456124,4.531776152722789e-18,p1db,3.280322377388291e-17,8.476058263132945e-18,804,805,-89.31924127660494
326,-0.6617766384297852,5.024684610797393e-18,p1db,3.018739105557982e-17,8.501902151066695e-18,805,806,-89.96741501010158
327,-0.6559500044140449,5.574785630672695e-18,p1db,2.9411415030654325e-17,8.407748613582013e-18,806,807,-90.64279455346451
328,-0.5871109883619425,6.1377509441806036e-18,p1db,3.0667508309374573e-17,8.201826324921951e-18,807,808,-91.27931501892967
329,-0.4789734613448715,6.678732192619559e-18,p1db,3.3651679965748444e-17,7.893935816627366e-18,808,809,-91.8170165301884
330,-0.36733440604982803,7.168827947117047e-18,p1db,3.778154421066109e-17,7.493621017438851e-18,809,810,-92.23726194161941
331,-0.27079177747729943,7.583204494466635e-18,p1db,4.2479037241867526e-17,7.010819345000188e-18,810,811,-92.55168534228805
332,-0.19031595799272338,7.900904456713313e-18,p1db,4.7283819393229495e-17,6.459620359684781e-18,811,812,-92.77884549657401
333,-0.11966745034977322,8.105269345223857e-18,p1db,5.1850923121606106e-17,5.86461182420192e-18,812,813,-92.9323172582735
334,-0.05269787865400133,8.184313592791584e-18,p1db,5.592219833119483e-17,5.268425853816188e-18,813,814,-93.01818039727355
335,0.011267946339074797,8.131238676862294e-18,p1db,5.930398718601477e-17,4.7377103701340085e-18,814,815,-93.0377130155815
336,0.06232705423980889,7.945370463885654e-18,p1db,6.185388991122265e-17,4.360427611551273e-18,815,816,-92.9956445045954
337,0.08249864195186518,7.633052681276377e-18,p1db,6.347307808250851e-17,4.221524417092474e-18,816,817,-92.91305890710188
338,0.06191296168503868,7.207688320646377e-18,p1db,6.410154464530844e-17,4.357605129502703e-18,817,818,-92.83064722069167
339,0.009536379801737382,6.689060472254806e-18,p1db,6.37155908382454e-17,4.733607359935597e-18,818,819,-92.78923298373181
340,-0.058617663009144394,6.103252994682773e-18,p1db,6.232765593150823e-17,5.271917147738943e-18,819,820,-92.8115744610882
341,-0.1342020379860216,5.4842756858958694e-18,p1db,5.998809100041586e-17,5.892747912686452e-18,820,821,-92.9064683097501
342,-0.21690000095260586,4.877021402382963e-18,p1db,5.678782699499854e-17,6.529980077659151e-18,821,822,-93.07997853706024
343,-0.3073536988910064,4.339825457780993e-18,p1db,5.2861395609300385e-17,7.131110904807154e-18,822,823,-93.34026831165531
344,-0.40038958756196763,3.942977170527294e-18,p1db,4.839159697517029e-17,7.655752136981824e-18,823,824,-93.69468593484225
345,-0.4843003551166447,3.7553026893115795e-18,p1db,4.3619367258000737e-17,8.076013919189875e-18,824,825,-94.14104748677924
346,-0.5517875451871888,3.814275148999108e-18,p1db,3.8863505835332685e-17,8.376616228454675e-18,825,826,-94.66328664507554
347,-0.6082410164832694,4.1021228415475e-18,p1db,3.455054230172129e-17,8.552921152357684e-18,826,827,-95.24462257715362
348,-0.6555974997761354,4.558896117498415e-18,p1db,3.123213499658196e-17,8.607109737817526e-18,827,828,-95.87976867804208
349,-0.6719975932155506,5.1156570522337645e-18,p1db,2.9512210485440917e-17,8.54405815353333e-18,828,829,-96.55581757670589
350,-0.6297476896146605,5.7141577458790694e-18,p1db,2.9796505283246584e-17,8.368597114898144e-18,829,830,-97.22376386447318
351,-0.5335526675751225,6.309780533562229e-18,p1db,3.2017071711139136e-17,8.08513603169611e-18,830,831,-97.81531295593521
352,-0.417408454745555,6.868097612011388e-18,p1db,3.5681953263104234e-17,7.699623457642695e-18,831,832,-98.29086919962343
353,-0.30953365887378226,7.361256770844063e-18,p1db,4.0178905078392054e-17,7.222917842610382e-18,832,833,-98.65012986542632
354,-0.21835009419915963,7.766015497130248e-18,p1db,4.4982804093618116e-17,6.6741712583717556e-18,833,834,-98.909936517371
355,-0.14078798912152735,8.063272043405921e-18,p1db,4.9697707353673955e-17,6.083055418448381e-18,834,835,-99.08683005382464
356,-0.07134716949955333,8.238204321805538e-18,p1db,5.403204188536257e-17,5.490720102647824e-18,835,836,-99.19151249561405
357,-0.007073882919598873,8.280364511961551e-18,p1db,5.776789571551936e-17,4.9507012150777555e-18,836,837,-99.22952439282375
358,0.048313066961604534,8.183922373229425e-18,p1db,6.073998583784736e-17,4.530206712643373e-18,837,838,-99.20566026145325
359,0.08201627649300747,7.948660614940843e-18,p1db,6.282480352413627e-17,4.305569630076552e-18,838,839,-99.13289825890054
360,0.0794600705038988,7.581619667796887e-18,p1db,6.393740972105072e-17,4.338219011821335e-18,839,840,-99.04162770846723
361,0.039412227525147614,7.098286143646262e-18,p1db,6.403252528030299e-17,4.636109628145856e-18,840,841,-98.97397811789274
362,-0.02420126221838359,6.522456652648662e-18,p1db,6.310644891580428e-17,5.142513142438235e-18,841,842,-98.96280325341694
363,-0.0972859578455143,5.885481330656159e-18,p1db,6.119743398072961e-17,5.76772616241123e-18,842,843,-99.02238064232951
364,-0.17553033243007832,5.226734725519212e-18,p1db,5.838419370912205e-17,6.425676131270739e-18,843,844,-99.15737516910797
365,-0.26163275812469067,4.596471965197307e-18,p1db,5.4784250483727675e-17,7.050947219316268e-18,844,845,-99.37344130718967
366,-0.3571439202358917,4.059793543777696e-18,p1db,5.0555211563915415e-17,7.600806872971637e-18,845,846,-99.68064068535735
367,-0.45427449376088447,3.695402933752174e-18,p1db,4.590264127456459e-17,8.050773910955386e-18,846,847,-100.08772914766145
368,-0.5375310580821804,3.575678759256318e-18,p1db,4.109812003428958e-17,8.38829453484875e-18,847,848,-100.58918967287912
369,-0.6005295480705399,3.726216111483445e-18,p1db,3.6508988366250975e-17,8.607024904737216e-18,848,849,-101.16279126382581
370,-0.6499437709136657,4.106450036885319e-18,p1db,3.262950957439385e-17,8.703339852185223e-18,849,850,-101.7902487690202
371,-0.6797932434537088,4.640068304800586e-18,p1db,3.006371727305631e-17,8.675622802818588e-18,850,851,-102.46267880565314
372,-0.6624020647982363,5.253294642413876e-18,p1db,2.935798608110822e-17,8.525559945714037e-18,851,852,-103.14983525592761
373,-0.5843410074030615,5.888966814237869e-18,p1db,3.068978586030899e-17,8.259748140306796e-18,852,853,-103.78748293524961
374,-0.4697576666640728,6.505055838784345e-18,p1db,3.3734889889750177e-17,7.890052318880156e-18,853,854,-104.31851727073374
375,-0.35374468295310635,7.069666641679097e-18,p1db,3.790068892453009e-17,7.432328154405853e-18,854,855,-104.72699826857776
376,-0.25384985124559734,7.556796972698394e-18,p1db,4.2610993214700354e-17,6.904748775282968e-18,855,856,-105.02600663663995
377,-0.17051175442548328,7.943970200860111e-18,p1db,4.741305105611532e-17,6.3281061523360755e-18,856,857,-105.23469797106895
378,-0.09739738954257149,8.211986750561838e-18,p1db,5.196929720881834e-17,5.7302617861759925e-18,857,858,-105.36703014549092
379,-0.0286552133481095,8.346170174615696e-18,p1db,5.602544036002644e-17,5.155006457270937e-18,858,859,-105.4294927501541
380,0.03490093255187787,8.337818993118283e-18,p1db,5.938754395930846e-17,4.671458398463733e-18,859,860,-105.42434057218713
381,0.08048423858647169,8.184898906705776e-18,p1db,6.191063980416326e-17,4.3720001640202656e-18,860,861,-105.35969088505034
382,0.08969667622022115,7.892081109629574e-18,p1db,6.349410021379294e-17,4.339765536033266e-18,861,862,-105.26337209501419
383,0.05831681737944905,7.470800480966311e-18,p1db,6.407935456038524e-17,4.5935623331566355e-18,862,863,-105.1802975326099
384,0.001657158947757864,6.939460201998646e-18,p1db,6.36477297800308e-17,5.072219420346749e-18,863,864,-105.14673846025529
385,-0.06359798024217156,6.323336706061413e-18,p1db,6.221822940714292e-17,5.679789352663545e-18,864,865,-105.17698321471438
386,-0.13246955391487347,5.654435747087776e-18,p1db,5.984615560857337e-17,6.3312899903962115e-18,865,866,-105.27393442073964
387,-0.20918135306092012,4.9729177843383804e-18,p1db,5.662360308056453e-17,6.966388229159962e-18,866,867,-105.44192232254413
388,-0.3000819527380898,4.331771787349018e-18,p1db,5.2682668996396205e-17,7.544389887251625e-18,867,868,-105.69229712686148
389,-0.4052983953724123,3.803372617286734e-18,p1db,4.8202547662587674e-17,8.036214174065254e-18,868,869,-106.04208622802031
390,-0.5102735468589898,3.47771502874002e-18,p1db,4.342273128824135e-17,8.419854925497605e-18,869,870,-106.5028939176063
391,-0.5931091518258356,3.431299844180887e-18,p1db,3.866524654303577e-17,8.679899664331249e-18,870,871,-107.06263332173829
392,-0.6485584643147035,3.673428894828943e-18,p1db,3.436464899493772e-17,8.808787169425195e-18,871,872,-107.68911222125797
393,-0.6834429838097122,4.138801693943144e-18,p1db,3.1081667923400907e-17,8.807136792451815e-18,872,873,-108.3597502503677
394,-0.6851452163762843,4.7385325454773106e-18,p1db,2.942168894853485e-17,8.681958396824677e-18,873,874,-109.0559981888774
395,-0.6307353727734082,5.39829757836257e-18,p1db,2.9776648972336803e-17,8.44343530150795e-18,874,875,-109.73004068312027
396,-0.5266110203585868,6.0638010899207735e-18,p1db,3.205803502063024e-17,8.102071573218228e-18,875,876,-110.31746893442421
397,-0.40633186738339333,6.694907353763001e-18,p1db,3.576428052973833e-17,7.667926831945368e-18,876,877,-110.78326272383744
398,-0.2962486671736002,7.260407273641873e-18,p1db,4.0285888760580946e-17,7.1527502471279e-18,877,878,-111.130132669191
399,-0.2028224103309526,7.735049796826236e-18,p1db,4.5102957446820156e-17,6.574707718760532e-18,878,879,-111.37576005818464
400,-0.12167308528446341,8.098096638114218e-18,p1db,4.982152305989956e-17,5.9645620133573656e-18,879,880,-111.5357774898529
401,-0.047502100175393025,8.332976171834429e-18,p1db,5.41490825185243e-17,5.371536473149493e-18,880,881,-111.61910622875357
402,0.019429301904359875,8.427814502208369e-18,p1db,5.786687483457473e-17,4.865728884891397e-18,881,882,-111.63078169020369
403,0.06966149330720839,8.376287739076843e-18,p1db,6.081148200064904e-17,4.5305802004860895e-18,882,883,-111.58024762494485
404,0.08906715813277089,8.17809430288628e-18,p1db,6.28642968548285e-17,4.43733434652484e-18,883,884,-111.49145870358927
405,0.07230992705051165,7.838926182860936e-18,p1db,6.394606689014629e-17,4.609370989701073e-18,884,885,-111.4021133086793
406,0.02865537825581299,7.370544627027717e-18,p1db,6.401480018009822e-17,5.010562609116236e-18,885,886,-111.34683884948825
407,-0.02840732989990613,6.791450479546397e-18,p1db,6.306595473677029e-17,5.570131644567734e-18,886,887,-111.34480255216768
408,-0.09192768057384626,6.127877890554143e-18,p1db,6.113386139435255e-17,6.211841904484167e-18,887,888,-111.40365350928806
409,-0.16267177733127625,5.414809532951818e-18,p1db,5.829338174265941e-17,6.867260769920619e-18,888,889,-111.52865791331537
410,-0.2461048308495748,4.698000015991683e-18,p1db,5.4661446410429633e-17,7.479816156950209e-18,889,890,-111.72899706395062
411,-0.3480200517767642,4.039082573426902e-18,p1db,5.039954925640859e-17,8.007129334670386e-18,890,891,-112.02086757501452
412,-0.4648957261982716,3.522915506566674e-18,p1db,4.572026278292324e-17,8.422147231323256e-18,891,892,-112.42503716750414
413,-0.5737398177454764,3.2524169206110837e-18,p1db,4.0902512673464665e-17,8.711740357496414e-18,892,893,-112.95065902741106
414,-0.6486031344992469,3.3010908115375455e-18,p1db,3.631907097837707e-17,8.87286533782929e-18,893,894,-113.5725168029951
415,-0.689564766469033,3.650081216834256e-18,p1db,3.2467067858452736e-17,8.907838834522479e-18,894,895,-114.24786529640956
416,-0.7027258029507024,4.206490046203043e-18,p1db,2.995043984476865e-17,8.820621627529915e-18,895,896,-114.95164633593316
417,-1.372300901567023,4.872446594493914e-18,p1db,2.930983738904334e-17,8.61540936872102e-18,896,897,-115.65331690231096
418,-0.9686862893628287,7.706584944960387e-18,p1db,5.781524548727011e-17,4.126865334081139e-18,927,928,-117.69624813906721
419,0.08018596563949387,7.308842685406916e-18,p1db,5.853365108499364e-17,4.2937379700389415e-18,928,929,-117.59068948103662
420,0.015685903668583023,6.799579392252574e-18,p1db,5.843180560451314e-17,4.786128459959906e-18,929,930,-117.53587620778822
421,-0.06383660016597048,6.20344486382646e-18,p1db,5.751484366511738e-17,5.4913042377053155e-18,930,931,-117.55931767369945
422,-0.14395892736698812,5.5518168653307956e-18,p1db,5.582437690078555e-17,6.2889331606631866e-18,931,932,-117.66354940812016
423,-0.2260763943844708,4.883857657760927e-18,p1db,5.3437276075951125e-17,7.085967409931538e-18,932,933,-117.84723552843343
424,-0.3168251328786553,4.250752775875593e-18,p1db,5.046513924286822e-17,7.819636633601501e-18,933,934,-118.1157021968891
425,-0.41742517512101784,3.7216582579109005e-18,p1db,4.7056672305033374e-17,8.451021178012205e-18,934,935,-118.48088579419074
426,-0.5138887629466495,3.3828546081173624e-18,p1db,4.3404617283657116e-17,8.957586546785594e-18,935,936,-118.95055254713114
427,-0.5819972499107919,3.3110903903201856e-18,p1db,3.975703999518684e-17,9.326616783140506e-18,936,937,-119.50866332008404
428,-0.6130148359735728,3.522395787395052e-18,p1db,3.6428155490251273e-17,9.550505501275124e-18,937,938,-120.11454704695272
429,-0.6192929006905743,3.958454419844198e-18,p1db,3.37931896257973e-17,9.624584181544047e-18,938,939,-120.73469299203119
430,-0.607635826725037,4.532647582122303e-18,p1db,3.2237053873486e-17,9.547372201220745e-18,939,940,-121.35313284833387
431,-0.570510304387426,5.170194221048968e-18,p1db,3.203635705900111e-17,9.322119108710038e-18,940,941,-121.94996464548126
432,-0.5045828960327512,5.816532975887918e-18,p1db,3.322988762883325e-17,8.95800540618335e-18,941,942,-122.49415345710872
433,-0.4204239498837836,6.4324052218845134e-18,p1db,3.559820938131717e-17,8.469863832778101e-18,942,943,-122.95913043754676
434,-0.3330102596262421,6.987947062674364e-18,p1db,3.8774584422095625e-17,7.876640184915639e-18,943,944,-123.33500135687629
435,-0.2508838188508591,7.458559125373705e-18,p1db,4.237465568088514e-17,7.200316441664753e-18,944,945,-123.62515095679925
436,-0.17433634415143473,7.822997255980639e-18,p1db,4.606410287237851e-17,6.467799160984285e-18,945,946,-123.83676899457801
437,-0.09874585360762467,8.063643048772653e-18,p1db,4.9572667947496674e-17,5.71784528477881e-18,946,947,-123.97382364510212
438,-0.020016048583237023,8.168050958866899e-18,p1db,5.268747566754484e-17,5.013330237113659e-18,947,948,-124.03426070179326
439,0.05550335815836149,8.130263265139506e-18,p1db,5.5244400276937265e-17,4.453988280529404e-18,948,949,-124.01385574226859
440,0.10248196662393383,7.950958437898532e-18,p1db,5.712240389953528e-17,4.168804424461702e-18,949,950,-123.92325398547653
441,0.09497082127096235,7.636827109517452e-18,p1db,5.82400877014529e-17,4.253211753583683e-18,950,951,-123.80889180902072
442,0.03961210426010808,7.200188854691886e-18,p1db,5.855297993192992e-17,4.687877088325312e-18,951,952,-123.73331234293461
443,-0.033706755772016095,6.659168971545333e-18,p1db,5.805105503973114e-17,5.357556063205282e-18,952,953,-123.7296676005005
444,-0.1064830167655515,6.03796877640782e-18,p1db,5.675687825602311e-17,6.1370656850912794e-18,953,954,-123.80072585447864
445,-0.17860373291043885,5.367295176615678e-18,p1db,5.4725085919183964e-17,6.9340192600424895e-18,954,955,-123.94263363403161
446,-0.25795726093766547,4.6864141124923255e-18,p1db,5.204380055416894e-17,7.687671527717147e-18,955,956,-124.15793332029952
447,-0.35223523792902256,4.0486495616209335e-18,p1db,4.8838383935961993e-17,8.35714098808946e-18,956,957,-124.45854815590694
448,-0.4599372006315505,3.5292201442431124e-18,p1db,4.527783979282188e-17,8.912594267443793e-18,957,958,-124.86240379615757
449,-0.5599365058076984,3.2237179792299246e-18,p1db,4.15838895182202e-17,9.331612474855669e-18,958,959,-125.37842255717004
450,-0.6222849071616281,3.211159045453587e-18,p1db,3.8040967599698844e-17,9.599261153027049e-18,959,960,-125.98227680777296
451,-0.6409617244435779,3.4924703805379755e-18,p1db,3.4999180312229083e-17,9.709147579372487e-18,960,961,-126.6229923714933
452,-0.6320454971305551,3.990447015847537e-18,p1db,3.284902270986337e-17,9.66319147625735e-18,961,962,-127.26420025666012
453,-0.6015743542349483,4.6113010248581424e-18,p1db,3.1937884968329576e-17,9.469454904956692e-18,962,963,-127.8870833657544
454,-0.544661597001614,5.2811673459880544e-18,p1db,3.243635690826182e-17,9.139044912935371e-18,963,964,-128.46734896513001
455,-0.46479627488398023,5.947358158580703e-18,p1db,3.4250730901796414e-17,8.683865883726647e-18,964,965,-128.97640655975763
456,-0.37526045875004854,6.571173024478678e-18,p1db,3.70730342694435e-17,8.11666246844406e-18,965,966,-129.39694151489797
457,-0.2874397046926873,7.122898144581157e-18,p1db,4.0514036236758876e-17,7.453844589298951e-18,966,967,-129.72692747725773
458,-0.20464049782430038,7.579181468647259e-18,p1db,4.420621990782722e-17,6.720739520281433e-18,967,968,-129.97182092428335
459,-0.12410593174567452,7.921556379281112e-18,p1db,4.784370561367885e-17,5.9586103440639315e-18,968,969,-130.13620847290633
460,-0.042516416111453736,8.135769919878273e-18,p1db,5.118503241316123e-17,5.232666131891984e-18,969,970,-130.2200327877747
461,0.035693832199356734,8.211958627896358e-18,p1db,5.404446617667156e-17,4.638088492962281e-18,970,971,-130.22124130512924
462,0.09087145452262746,8.145301305514652e-18,p1db,5.628285695749798e-17,4.291546463674011e-18,971,972,-130.14864512337599
463,0.09926880492739087,7.936465786362108e-18,p1db,5.780073691967186e-17,4.285530554681513e-18,972,973,-130.03949839608399
464,0.06041358013598597,7.591633230896545e-18,p1db,5.853382671844825e-17,4.623972777131032e-18,973,974,-129.9501075135212
465,-0.0024425122628173312,7.122596005064397e-18,p1db,5.84508412462547e-17,5.222368714884246e-18,974,975,-129.918671235812
466,-0.06945480789825353,6.5473750530473685e-18,p1db,5.755340892639628e-17,5.970168369741924e-18,975,976,-129.95499253804684
467,-0.1360376833798398,5.891120199695668e-18,p1db,5.587749978879053e-17,6.77197169328256e-18,976,977,-130.05758085160852
468,-0.20689646395177874,5.1870702277797814e-18,p1db,5.349542938297901e-17,7.553787520954267e-18,977,978,-130.22706790480652
469,-0.29012280105803256,4.478709565455949e-18,p1db,5.0517870271854485e-17,8.259839368590607e-18,978,979,-130.47137377951208
470,-0.39271507266678896,3.825579988457745e-18,p1db,4.709640971798448e-17,8.850742437185636e-18,979,980,-130.80731350692258
471,-0.5097504912457396,3.312549084802396e-18,p1db,4.342831832981442e-17,9.302355614367795e-18,980,981,-131.25680392484566
472,-0.6113011380453628,3.0469112891879106e-18,p1db,3.9764884944661876e-17,9.603297726568231e-18,981,982,-131.82681448941406
473,-0.6623922963270985,3.1072043759774167e-18,p1db,3.6420513413666665e-17,9.750976107941111e-18,982,983,-132.47940620093638
474,-0.6634563697734563,3.4715327725696134e-18,p1db,3.376848645251549e-17,9.747413125188182e-18,983,984,-133.15159908206826
475,-0.6358489046082383,4.039893843001285e-18,p1db,3.2193034723551376e-17,9.596407589364724e-18,984,985,-133.8063189404833
476,-0.585178564087073,4.711315989217007e-18,p1db,3.197437304774695e-17,9.302934844196521e-18,985,986,-134.42329689128474
477,-0.5099468415524626,5.413578339512608e-18,p1db,3.3157429405860035e-17,8.87468002187526e-18,986,987,-134.97667606865744
478,-0.4187317383016591,6.097633614894304e-18,p1db,3.552576827106592e-17,8.324699436786145e-18,987,988,-135.44319057438966
479,-0.32487854917177117,6.7280361700922795e-18,p1db,3.870996709941342e-17,7.673862966169873e-18,988,989,-135.81413954526076
480,-0.2360993265760527,7.277246575996656e-18,p1db,4.232031937369566e-17,6.952277253501506e-18,989,990,-136.0929476727332
481,-0.15258037740069597,7.722905234084628e-18,p1db,4.6018928726221435e-17,6.200343689639845e-18,990,991,-136.28633819841286
482,-0.07088682096593857,8.046598548090035e-18,p1db,4.9535738694141206e-17,5.471816118087339e-18,991,992,-136.3981084275346
483,0.009318288676311681,8.233644269411698e-18,p1db,5.266051473257444e-17,4.841048002523737e-18,992,993,-136.42811184034474
484,0.0759309260137968,8.27394630546616e-18,p1db,5.523104763476933e-17,4.409199227494116e-18,993,994,-136.37947185018197
485,0.10426226106889658,8.163539809442788e-18,p1db,5.712514286370053e-17,4.28523479498084e-18,994,995,-136.27624998831715
486,0.08129168312488844,7.905748807406591e-18,p1db,5.825742154854773e-17,4.521315848319719e-18,995,996,-136.17094732804418
487,0.023747395362860857,7.511039078554768e-18,p1db,5.857906786560849e-17,5.0645318323791926e-18,996,997,-136.11366662206737
488,-0.042365361127750134,6.9958189350664e-18,p1db,5.807800971603842e-17,5.797548723671153e-18,997,998,-136.12345253731846
489,-0.10544892038379317,6.3814247969742984e-18,p1db,5.677808163531515e-17,6.6048474865521445e-18,998,999,-136.19839734432287
490,-0.1676971660125588,5.694339374657083e-18,p1db,5.473747678853268e-17,7.400003562012228e-18,999,1000,-136.33435037808604
491,-0.2372725016760171,4.968029584013283e-18,p1db,5.2048017226815455e-17,8.125583848797543e-18,1000,1001,-136.533791676348
492,-0.3242645180785928,4.247145071557731e-18,p1db,4.883694375622843e-17,8.745776136315971e-18,1001,1002,-136.80889538143808
493,-0.43587237826082514,3.595960700510354e-18,p1db,4.527241874734484e-17,9.238731730292088e-18,1002,1003,-137.18232071250517
494,-0.5615379501340954,3.1097476467152166e-18,p1db,4.157309409458639e-17,9.590499278679433e-18,1003,1004,-137.68064013795973
495,-0.6599050084221716,2.9062590618717595e-18,p1db,3.8019917086075897e-17,9.791555755844046e-18,1004,1005,-138.30539661277336
496,-0.694181538431593,3.0539198120212512e-18,p1db,3.4961637029533716e-17,9.83620929734499e-18,1005,1006,-139.00045015480407
497,-0.6745397066196546,3.500668533876923e-18,p1db,3.27913715140107e-17,9.723930839993407e-18,1006,1007,-139.69375968963655
498,-0.626073578135177,4.129313848964417e-18,p1db,3.1862164282333237e-17,9.460802171431299e-18,1007,1008,-140.34952956804338
499,-0.5549737475139267,4.839349628865326e-18,p1db,3.2349085955028905e-17,9.05952354083163e-18,1008,1009,-140.9459068459069
500,-0.4652067852544661,5.563574008916999e-18,p1db,3.4158473582888415e-17,8.537742101912216e-18,1009,1010,-141.45947706307123
501,-0.3684669444508586,6.256602048778607e-18,p1db,3.6979860367455945e-17,7.91603108810514e-18,1010,1011,-141.87632041641584
502,-0.27497145223610175,6.884472204370392e-18,p1db,4.0422756812170257e-17,7.217733776320119e-18,1011,1012,-142.19641095197295
503,-0.1871248303221904,7.419741504091122e-18,p1db,4.4120344413706886e-17,6.472653039341537e-18,1012,1013,-142.42626332088804
504,-0.1015892385894972,7.840267318758509e-18,p1db,4.776755657756331e-17,5.7254489222992665e-18,1013,1014,-142.57066061261733
505,-0.01620128537446419,8.12941834428733e-18,p1db,5.112224540831771e-17,5.0475492036544824e-18,1014,1015,-142.62944179806703
506,0.05948845511512957,8.276231182635192e-18,p1db,5.3996419224796495e-17,4.545139806861518e-18,1015,1016,-142.60306318336626
507,0.10069037169277806,8.275202137435809e-18,p1db,5.624823502275445e-17,4.339833978296834e-18,1016,1017,-142.51046488783678
508,0.09000998138957073,8.126132190975133e-18,p1db,5.777653643025911e-17,4.499766930040953e-18,1017,1018,-142.4016824399807
509,0.04086670201053266,7.834220246285524e-18,p1db,5.851731467047981e-17,4.981499222946705e-18,1018,1019,-142.33044492505763
510,-0.019461644687183366,7.41002790992401e-18,p1db,5.844141850955996e-17,5.6697439497594535e-18,1019,1020,-142.31994903595964
511,-0.07677721946863869,6.869041129826724e-18,p1db,5.755313329322614e-17,6.451489229919596e-18,1020,1021,-142.369368214432
512,-0.13147543222221714,6.2313456348319544e-18,p1db,5.588956134454466e-17,7.244352674449547e-18,1021,1022,-142.47350347489692
513,-0.1901727856437816,5.5224238390966696e-18,p1db,5.352115524458028e-17,7.99169208118973e-18,1022,1023,-142.63231907887644
514,-0.261799285160933,4.775893885318177e-18,p1db,5.0554087101355323e-17,8.652076897057545e-18,1023,1024,-142.85384904618448
515,-0.35661443517557245,4.039174812599942e-18,p1db,4.713509685860817e-17,9.193288013460317e-18,1024,1025,-143.1559176491983
516,-0.4807571384180278,3.384047969459786e-18,p1db,4.3459068425682885e-17,9.591377103829766e-18,1025,1026,-143.56707791653562
517,-0.6158471208340472,2.9197511210707688e-18,p1db,3.977869483127793e-17,9.83196986670296e-18,1026,1027,-144.11743192603436
518,-0.707415616919306,2.7762360935709023e-18,p1db,3.641245888354553e-17,9.910786032688754e-18,1027,1028,-144.79877215820372
519,-0.7197300996223959,3.0079250449993074e-18,p1db,3.3737784788585763e-17,9.831983132167135e-18,1028,1029,-145.53226315987297
520,-0.6758071535206511,3.531281387316683e-18,p1db,3.2141242324034907e-17,9.604924390850118e-18,1029,1030,-146.2382323574485
521,-0.6056302054124956,4.2154249655860925e-18,p1db,3.1904086720849494e-17,9.241091638666168e-18,1030,1031,-146.88387746691427
522,-0.5172424821175525,4.960917329525904e-18,p1db,3.307287674167838e-17,8.752785191451224e-18,1031,1032,-147.4494927682735
523,-0.4177681774510944,5.703878141424652e-18,p1db,3.543389631956233e-17,8.154398722892741e-18,1032,1033,-147.91836243114938
524,-0.31755837304154966,6.401804533320989e-18,p1db,3.86198815496771e-17,7.466084233776825e-18,1033,1034,-148.2850291231757
525,-0.2221840321668509,7.02378526941623e-18,p1db,4.224083729036019e-17,6.719025202203071e-18,1034,1035,-148.55347917723248
526,-0.13110981388726373,7.545606951630313e-18,p1db,4.595574809047116e-17,5.961452110869648e-18,1035,1036,-148.7293971875094
527,-0.043014008209596,7.947769256169287e-18,p1db,4.949011766487646e-17,5.264402437606045e-18,1036,1037,-148.815698805007
528,0.03582664505570676,8.21503119124328e-18,p1db,5.2630517945396695e-17,4.7236714259637475e-18,1037,1038,-148.81542520392858
529,0.0870135299651622,8.33657007872195e-18,p1db,5.521464565020364e-17,4.445758640316871e-18,1038,1039,-148.7440455148956
530,0.09318322467957785,8.30632657222958e-18,p1db,5.712284119766354e-17,4.5028133846827105e-18,1039,1040,-148.64139814399826
531,0.05884388766962445,8.123556651201035e-18,p1db,5.827217349786495e-17,4.883996715211264e-18,1040,1041,-148.55767906553643
532,0.0056786842711460395,7.793574209140067e-18,p1db,5.861331760322188e-17,5.505889555239653e-18,1041,1042,-148.523710368659
533,-0.0494097679012242,7.328213203378046e-18,p1db,5.813015988156395e-17,6.26453270669555e-18,1042,1043,-148.54632169699414
534,-0.1018794765740978,6.745460933889755e-18,p1db,5.684125219873574e-17,7.067853947789754e-18,1043,1044,-148.62252990446146
535,-0.15470652065162938,6.068512972402673e-18,p1db,5.480157970120904e-17,7.842804310623387e-18,1044,1045,-148.75008065014234
536,-0.21447192342498056,5.325580133838153e-18,p1db,5.2103612400325133e-17,8.534915159489999e-18,1045,1046,-148.93194294576472
537,-0.29070361543236345,4.552321786140165e-18,p1db,4.88782405681043e-17,9.107126775059863e-18,1046,1047,-149.1790244969923
538,-0.39543549962455415,3.799132362906794e-18,p1db,4.5297742856633616e-17,9.537656214358477e-18,1047,1048,-149.51335017662944
539,-0.5343081595116388,3.146019869931045e-18,p1db,4.158298062783189e-17,9.81636891002992e-18,1048,1049,-149.9698954962414
540,-0.6767312456526611,2.719697945581366e-18,p1db,3.8014323033590914e-17,9.940423520265626e-18,1049,1050,-150.58196649565272
541,-0.7524092750770137,2.661408065127671e-18,p1db,3.4938243197438295e-17,9.91065261114685e-18,1050,1051,-151.32335798754673
542,-0.7344543602662128,2.9963922191825517e-18,p1db,3.274675414723431e-17,9.72991133150888e-18,1051,1052,-152.08678504580675
543,-0.6636587598087687,3.601837186251872e-18,p1db,3.179593990355092e-17,9.403716106565755e-18,1052,1053,-152.79226670807915
544,-0.5723710278942491,4.338772091732951e-18,p1db,3.2267324237653966e-17,8.942385901930523e-18,1053,1054,-153.4141025654243
545,-0.46913644238364327,5.114677228824454e-18,p1db,3.4071599933997505e-17,8.363227795253126e-18,1054,1055,-153.93700876386765
546,-0.362764084524116,5.8724411709269386e-18,p1db,3.689674169605485e-17,7.691588333017329e-18,1055,1056,-154.35237545019157
547,-0.26135327815883613,6.5735112143438846e-18,p1db,4.034734593280516e-17,6.960878102759815e-18,1056,1057,-154.66253693291588
548,-0.16673211646991604,7.188612278727548e-18,p1db,4.4053127183003684e-17,6.213412636848553e-18,1057,1058,-154.87508200650925
549,-0.0766554700667399,7.693674223284437e-18,p1db,4.770897100391039e-17,5.504864617149091e-18,1058,1059,-154.99600116585572
550,0.007654191981771419,8.0688307677631e-18,p1db,5.1074552202067546e-17,4.912872445340976e-18,1059,1060,-155.02839294664273
551,0.07270469672157276,8.299154809309757e-18,p1db,5.3962770119262136e-17,4.540227957351967e-18,1060,1061,-154.98069278189217
552,0.09679022829918438,8.375831618225e-18,p1db,5.623027596640662e-17,4.486586335471221e-18,1061,1062,-154.88298355319958
553,0.07399414873813726,8.296679157277856e-18,p1db,5.777280015635767e-17,4.78281737684204e-18,1062,1063,-154.7871123252938
554,0.023865598092143614,8.065719088924413e-18,p1db,5.852355423302022e-17,5.3611155909239755e-18,1063,1064,-154.7349952557233
555,-0.03065401470612983,7.692311236741399e-18,p1db,5.845235029184825e-17,6.105033690154486e-18,1064,1065,-154.73938112910952
556,-0.08044680439236629,7.190439509330861e-18,p1db,5.756436548236228e-17,6.907109329221901e-18,1065,1066,-154.79630328513556
557,-0.12718797552359717,6.5782659913189034e-18,p1db,5.589887772677339e-17,7.688786345577087e-18,1066,1067,-154.90027473789425
558,-0.17680881307497032,5.877988370458049e-18,p1db,5.352880479273433e-17,8.398094422959337e-18,1067,1068,-155.05067923618276
559,-0.23731033554341252,5.116737690897644e-18,p1db,5.056181316203516e-17,9.00177414389e-18,1068,1069,-155.2538923640442
560,-0.3194174261467708,4.330261909525634e-18,p1db,4.714390498591565e-17,9.477753718756315e-18,1069,1070,-155.52529990726958
561,-0.4363262213891801,3.572292776167644e-18,p1db,4.3466659575748477e-17,9.810092852332118e-18,1070,1071,-155.89272721633773
562,-0.5903716983963534,2.9333055776688816e-18,p1db,3.977838789399537e-17,9.987276069267929e-18,1071,1072,-156.39795235004794
563,-0.7339340366100657,2.5590223401129077e-18,p1db,3.639506420392265e-17,1.0003239573666784e-17,1072,1073,-157.07347061313044
564,-0.7846516006825652,2.5938143755399365e-18,p1db,3.369600799337063e-17,9.859181617660765e-18,1073,1074,-157.86582042326808
565,-0.7330524389276576,3.0232418929255945e-18,p1db,3.2073906728979426e-17,9.564119880225168e-18,1074,1075,-158.64277381449557
566,-0.636746423964027,3.694450320498311e-18,p1db,3.181665179392887e-17,9.13343488392815e-18,1075,1076,-159.3319253011234
567,-0.5283213398764417,4.470203630488361e-18,p1db,3.29735599969979e-17,8.58635211962982e-18,1076,1077,-159.91626666242362
568,-0.41654623588935635,5.265872666994863e-18,p1db,3.532958059559058e-17,7.944371349280722e-18,1077,1078,-160.38856798087627
569,-0.3084851690183257,6.028672281493551e-18,p1db,3.851557341654592e-17,7.232572349005581e-18,1078,1079,-160.74935913420234
570,-0.207157733494455,6.7218324250502085e-18,p1db,4.214130515393651e-17,6.48480522573172e-18,1079,1080,-161.00553831891293
571,-0.1108334907565478,7.317714586582894e-18,p1db,4.5866416157355594e-17,5.7525136672491596e-18,1080,1081,-161.16367460119125
572,-0.01980797148810609,7.795102055076238e-18,p1db,4.941631378266696e-17,5.114625746292164e-18,1081,1082,-161.22720530042602
573,0.05418480517506907,8.138037805269149e-18,p1db,5.2575796798387974e-17,4.678699273999891e-18,1082,1083,-161.20329054416746
574,0.08974616613804187,8.33535772005508e-18,p1db,5.5179455684212205e-17,4.550987062681579e-18,1083,1084,-161.11883569007588
575,0.07821828366799366,8.380666050119794e-18,p1db,5.710473741538205e-17,4.7710916984963976e-18,1084,1085,-161.02379821189137
576,0.036394985840431104,8.272457562224678e-18,p1db,5.826790773751835e-17,5.2803877171080635e-18,1085,1086,-160.9623991227399
577,-0.012685591261742957,8.01410487369785e-18,p1db,5.8621554289983e-17,5.970917099938932e-18,1086,1087,-160.9510082402105
578,-0.058341056439914496,7.61373621746999e-18,p1db,5.815253109529743e-17,6.7432319031214e-18,1087,1088,-160.98777030526338
579,-0.10072180192955216,7.084234005844193e-18,p1db,5.688038872098516e-17,7.523312688800512e-18,1088,1089,-161.06769035309034
580,-0.14412602877418124,6.443396857549002e-18,p1db,5.485727590249694e-17,8.256487655450012e-18,1089,1090,-161.1892139091225
581,-0.19429291762291712,5.714182848903403e-18,p1db,5.2170137566309225e-17,8.899838898362889e-18,1090,1091,-161.3559424106387
582,-0.2589088887501987,4.925583271685478e-18,p1db,4.8945089261550236e-17,9.419589815338731e-18,1091,1092,-161.57779974436832
583,-0.34953458342855015,4.1161982032581165e-18,p1db,4.5353385900411816e-17,9.792037425102456e-18,1092,1093,-161.8737601881391
584,-0.4812838318288897,3.3449251698045866e-18,p1db,4.1618910277723946e-17,1.000466121468649e-17,1093,1094,-162.27686891122542
585,-0.6524324779937984,2.7149291916946126e-18,p1db,3.8026734625722806e-17,1.0055253073234178e-17,1094,1095,-162.83632785179688
586,-0.792728812990191,2.395529750839222e-18,p1db,3.492674198301446e-17,9.949052659766415e-18,1095,1096,-163.58173386721302
587,-0.8095677680614131,2.5313071666096166e-18,p1db,3.271185743530749e-17,9.695330475157976e-18,1096,1097,-164.42178547777726
588,-0.7201734656662779,3.0580414953477852e-18,p1db,3.173824615231581e-17,9.305120178967785e-18,1097,1098,-165.20086940333584
589,-0.5999252291838388,3.7943445134566194e-18,p1db,3.218960030024726e-17,8.791175417922579e-18,1098,1099,-165.86213240910982
590,-0.47788276419473164,4.6068822531234065e-18,p1db,3.3981203776017026e-17,8.170263841936935e-18,1099,1100,-166.40071986170352
591,-0.35964181214937696,5.419724156096604e-18,p1db,3.680479607529291e-17,7.467089673190787e-18,1100,1101,-166.81789793749928
592,-0.24890300471059845,6.186562361219074e-18,p1db,4.026477978417818e-17,6.718796450830224e-18,1101,1102,-167.12000348600228
593,-0.14620209392992933,6.8749765502487055e-18,p1db,4.398664652068413e-17,5.9792168978815675e-18,1102,1103,-167.31570394692048
594,-0.051717436234781644,7.459778438975529e-18,p1db,4.765976359143993e-17,5.3220851604223284e-18,1103,1104,-167.41240767386213
595,0.027571513135100645,7.920454617110395e-18,p1db,5.104047215165786e-17,4.8397710265343285e-18,1104,1105,-167.41913881939004
596,0.07581177638436998,8.24052474708987e-18,p1db,5.3942176209297246e-17,4.626575753366517e-18,1105,1106,-167.35726464759193
597,0.08133426440738845,8.40798736132676e-18,p1db,5.62243532531365e-17,4.737589765512483e-18,1106,1107,-167.2675152666213
598,0.05170322855548193,8.416322273757692e-18,p1db,5.778447199708225e-17,5.152322779916369e-18,1107,1108,-167.19459611877716
599,0.00675502270819095,8.26536197824513e-18,p1db,5.85540850816799e-17,5.788972514196883e-18,1108,1109,-167.16410880951034
600,-0.03888282752586747,7.961365726551132e-18,p1db,5.849867675989493e-17,6.5483429301738536e-18,1109,1110,-167.18108607336077
601,-0.08084684984096668,7.516159501586475e-18,p1db,5.761929555175634e-17,7.341718091254874e-18,1110,1111,-167.24187446456207
602,-0.12091442924005946,6.94589099597211e-18,p1db,5.595371103745135e-17,8.098871567810591e-18,1111,1112,-167.3427797730427
603,-0.16353596472401932,6.270180130680115e-18,p1db,5.3576283437812953e-17,8.768551893585166e-18,1112,1113,-167.4837033230422
604,-0.21497796942342973,5.512247852567018e-18,p1db,5.059774049119155e-17,9.31682859442172e-18,1113,1114,-167.66985170249075
605,-0.28426878726055804,4.700744245774346e-18,p1db,4.7167077323144916e-17,9.723985537926825e-18,1114,1115,-167.91365926188905
606,-0.38529934654573594,3.8752824566053114e-18,p1db,4.347745489362947e-17,9.980313009388638e-18,1115,1116,-168.23838927701186
607,-0.5352284534496334,3.100810963001035e-18,p1db,3.9776511722282533e-17,1.0081939083545326e-17,1116,1117,-168.68425795498052
608,-0.7219765505966933,2.4985768087756253e-18,p1db,3.637753392627456e-17,1.0028166981615616e-17,1117,1118,-169.30884618391113
609,-0.8445949638388726,2.2646627482135702e-18,p1db,3.365738954581174e-17,9.821180229670907e-18,1118,1119,-170.1282110561739
610,-0.814348264410782,2.5219106715533048e-18,p1db,3.20102321880171e-17,9.467711588054698e-18,1119,1120,-170.99803611158887
611,-0.6875471505095447,3.1427072184344047e-18,p1db,3.173053714904626e-17,8.98119355362035e-18,1120,1121,-171.75690758499547
612,-0.5485307858275945,3.9330720497465995e-18,p1db,3.2874447143585746e-17,8.382845205111559e-18,1121,1122,-172.37313041260796
613,-0.41811589221978807,4.773079311353903e-18,p1db,3.522795776435685e-17,7.701276379385093e-18,1122,1123,-172.85396915665066
614,-0.298489325527143,5.596579746156648e-18,p1db,3.841798767880585e-17,6.971896517689995e-18,1123,1124,-173.20936219704754
615,-0.18965534835815845,6.3614068643970256e-18,p1db,4.205050504550185e-17,6.23864062335942e-18,1124,1125,-173.45094780770495
616,-0.08982787278512205,7.036195681476677e-18,p1db,4.5784145508666245e-17,5.5600321329029276e-18,1125,1126,-173.58867289376386
617,-0.001634081384324304,7.59603685190274e-18,p1db,4.9345122450655715e-17,5.017393583625584e-18,1126,1127,-173.6306035532752
618,0.061238504860483545,8.021668859775333e-18,p1db,5.251884134046158e-17,4.711965783200516e-18,1127,1128,-173.5919410565325
619,0.08189236439946512,8.299644708472178e-18,p1db,5.513926224706948e-17,4.7280664150581044e-18,1128,1129,-173.50812654355423
620,0.06101686043835741,8.422365382243261e-18,p1db,5.7082045203966e-17,5.073935315951272e-18,1129,1130,-173.42815632773357
621,0.01879726819477412,8.387767485892658e-18,p1db,5.826106253367954e-17,5.671770531344944e-18,1130,1131,-173.3860928226775
622,-0.025599497203344868,8.198819230639295e-18,p1db,5.862672851261383e-17,6.410602024242011e-18,1131,1132,-173.39056179134403
623,-0.06517645676072448,7.862920567749988e-18,p1db,5.81651371892256e-17,7.193283738506528e-18,1132,1133,-173.4372918170842
624,-0.10112956444588406,7.391248408031197e-18,p1db,5.689738866695813e-17,7.950063658258293e-18,1133,1134,-173.52091470486548
625,-0.13755122544314702,6.79827775208481e-18,p1db,5.487878290080598e-17,8.634440301041826e-18,1134,1135,-173.63955094597597
626,-0.17954924645766823,6.1018809220829e-18,p1db,5.219843922293286e-17,9.214909752662898e-18,1135,1136,-173.79601715575177
627,-0.23360749613476628,5.324354810439129e-18,p1db,4.898106264947912e-17,9.66818317681033e-18,1136,1137,-173.9986494388913
628,-0.3093475492174491,4.494971886436213e-18,p1db,4.5392814850090015e-17,9.976046140390182e-18,1137,1138,-174.2632321480213
629,-0.4223560048359474,3.656336934607622e-18,p1db,4.1651840962379586e-17,1.0125801804346972e-17,1138,1139,-174.6173445373262
630,-0.5909868038148716,2.8813778828220764e-18,p1db,3.804086625157158e-17,1.0112334621759717e-17,1139,1140,-175.1079441576932
631,-0.7880646065066372,2.3114590820271016e-18,p1db,3.491281320118314e-17,9.93931434404062e-18,1140,1141,-175.79931814495595
632,-0.8819205899019806,2.167013551051144e-18,p1db,3.266755268105656e-17,9.618236317986678e-18,1141,1142,-176.68407337070647
633,-0.801270039720805,2.5353298145262086e-18,p1db,3.1668118065629415e-17,9.165849393809806e-18,1142,1143,-177.5631593247599
634,-0.6432037525339496,3.2332688675677254e-18,p1db,3.2101322690343233e-17,8.60176669339613e-18,1143,1144,-178.28661345014808
635,-0.49212219546582503,4.065505123976799e-18,p1db,3.388175589894584e-17,7.948135616032132e-18,1144,1145,-178.8495668298278
636,-0.35814188434274286,4.923799275606738e-18,p1db,3.6700036539018313e-17,7.232457987080815e-18,1145,1146,-179.27085784107973
637,-0.23787063499575822,5.748973275199019e-18,p1db,4.01613914236437e-17,6.493599420544515e-18,1146,1147,-179.5658505985133
638,-0.12853197375689263,6.503334029420452e-18,p1db,4.389300663213959e-17,5.789838078313672e-18,1147,1148,-179.74659911107125
639,-0.03189697594527274,7.159641133845705e-18,p1db,4.75841907030412e-17,5.205065951058812e-18,1148,1149,-179.82291454602708
640,0.04019836355509199,7.696888921085318e-18,p1db,5.098805781096862e-17,4.8420137693966174e-18,1149,1150,-179.8103930629618
641,0.07195620442963957,8.098674021121286e-18,p1db,5.391283796851806e-17,4.785897729642077e-18,1150,1151,-179.7425178189169
642,0.06218991388449524,8.352691574996223e-18,p1db,5.621410298189216e-17,5.0513005214584934e-18,1151,1152,-179.66648065410251
643,0.028290555924712635,8.45084688464242e-18,p1db,5.778933224355763e-17,5.573494968909726e-18,1152,1153,-179.6181379911479
644,-0.011160851238301461,8.389728868510238e-18,p1db,5.857351842841271e-17,6.255833515188473e-18,1153,1154,-179.6098995422531
645,-0.0479746363012481,8.171168729997351e-18,p1db,5.85354236291534e-17,7.01105223273289e-18,1154,1155,-179.6404596936245
646,-0.08179900520003969,7.802493763243549e-18,p1db,5.767556592188188e-17,7.770794897745821e-18,1155,1156,-179.70584881485559
647,-0.11519012901858616,7.296148330216758e-18,p1db,5.602696148921845e-17,8.48101341907832e-18,1156,1157,-179.8040577040246
648,-0.15163008086703655,6.6687663240660235e-18,p1db,5.3658110975568406e-17,9.098131440940913e-18,1157,1158,-179.93622907289276
649,-0.1956274027640461,5.940332078810611e-18,p1db,5.067660771052297e-17,9.588900319498777e-18,1158,1159,-180.10731786575866
650,-0.2538396532318501,5.1344204015492255e-18,p1db,4.7232574882987576e-17,9.931562064429748e-18,1159,1160,-180.32748387842085
651,-0.33725896848847015,4.280903039775895e-18,p1db,4.352317858568696e-17,1.0115773991613638e-17,1160,1161,-180.61499717222236
652,-0.4646587972361118,3.424263646491945e-18,p1db,3.980017799930061e-17,1.014053892417276e-17,1161,1162,-181.0020018153978
653,-0.656292257953055,2.6464148690673268e-18,p1db,3.637884838367371e-17,1.0010995664573382e-17,1162,1163,-181.54431476669458
654,-0.8599237375108544,2.1171621976832483e-18,p1db,3.363545811901157e-17,9.735583733454475e-18,1163,1164,-182.3145863313039
655,-0.9091158223150728,2.085171914121019e-18,p1db,3.196308039952554e-17,9.324889614703838e-18,1164,1165,-183.2641622417163
656,-0.7705339802576958,2.575693211499861e-18,p1db,3.1658364577711607e-17,8.792712251450902e-18,1165,1166,-184.13281797593405
657,-0.5860196285851771,3.348676228964217e-18,p1db,3.278378269947666e-17,8.158918357574091e-18,1166,1167,-184.80523020223168
658,-0.4268824645409808,4.218671833811514e-18,p1db,3.513103002998996e-17,7.452976880958323e-18,1167,1168,-185.3048572331044
659,-0.2910292562104786,5.0935543795738965e-18,p1db,3.8327044198930684e-17,6.717096120448252e-18,1168,1169,-185.65899513131365
660,-0.17240205981082113,5.922913010572206e-18,p1db,4.197262506142206e-17,6.008575771474387e-18,1169,1170,-185.88691574552536
661,-0.06957120323183119,6.672790253192808e-18,p1db,4.572054315636545e-17,5.401119729307789e-18,1170,1171,-186.0037992509353
662,0.011457887235508224,7.316647139783649e-18,p1db,4.929437155465023e-17,4.981651595931415e-18,1171,1172,-186.02605815198902
663,0.058289435421372104,7.832727706110414e-18,p1db,5.2480643431947596e-17,4.832359351311745e-18,1172,1173,-185.98088347646427
664,0.06451504160061461,8.20401544156722e-18,p1db,5.51156872512839e-17,4.993449575599575e-18,1173,1174,-185.90947928114628
665,0.039989070557396644,8.41900932691592e-18,p1db,5.707582614634106e-17,5.436139017369618e-18,1174,1175,-185.85185339326304
666,0.0027779678314914236,8.472297864728272e-18,p1db,5.827299227331023e-17,6.079543319464915e-18,1175,1176,-185.82950114003148
667,-0.03459596586009184,8.364483285281915e-18,p1db,5.865434697413642e-17,6.829075034110355e-18,1176,1177,-185.84629745760006
668,-0.0682755586540651,8.101503114386272e-18,p1db,5.820319098362756e-17,7.600805647122782e-18,1177,1178,-185.89869307175167
669,-0.09941898493487145,7.693625648277576e-18,p1db,5.693924628974312e-17,8.329151498249125e-18,1178,1179,-185.9828485749082
670,-0.13114221112314794,7.154395304541446e-18,p1db,5.49181464855973e-17,8.967273531038729e-18,1179,1180,-186.0975310416214
671,-0.16745682942192275,6.4998449637098795e-18,p1db,5.223111259595112e-17,9.484787344982673e-18,1180,1181,-186.24513299715449
672,-0.21349607885984767,5.748472088280032e-18,p1db,4.900602706789069e-17,9.863883936302001e-18,1181,1182,-186.43244470046525
673,-0.2767161206370474,4.922660861320689e-18,p1db,4.541129132856071e-17,1.0094784189784398e-17,1182,1183,-186.67212515487418
674,-0.36954286573545403,4.052733433449332e-18,p1db,4.166403132026593e-17,1.0172131751647124e-17,1183,1184,-186.98587694173935
675,-0.5136374387252971,3.187310940515249e-18,p1db,3.8042445977845775e-17,1.0093749173102814e-17,1184,1185,-187.4112108863451
676,-0.7272079461463647,2.4219553298536444e-18,p1db,3.489469212591693e-17,9.861843540058829e-18,1185,1186,-188.01315181918994
677,-0.9197789022815357,1.96074420118252e-18,p1db,3.2620805009548203e-17,9.485230658679993e-18,1186,1187,-188.86562677863782
678,-0.9066563580662006,2.0614310314395155e-18,p1db,3.1591225665148965e-17,8.980690345228003e-18,1187,1188,-189.85270962375301
679,-0.7159612414637735,2.6614424537084596e-18,p1db,3.2002574110216083e-17,8.372551968347773e-18,1188,1189,-190.67893949477022
680,-0.5179073967343442,3.4911610130752394e-18,p1db,3.377345603372739e-17,7.691339248295875e-18,1189,1190,-191.28463210668056
681,-0.35879130104684975,4.386233417192391e-18,p1db,3.6591279842329506e-17,6.973626695739445e-18,1190,1191,-191.7147542882389
682,-0.22654711767370372,5.267345336158743e-18,p1db,4.0056497428454993e-17,6.265295695064331e-18,1191,1192,-192.00221470877426
683,-0.11301550700603968,6.088643001358689e-18,p1db,4.379437113738083e-17,5.628470529525275e-18,1192,1193,-192.16784852358631
684,-0.019627150212173206,6.818260665590812e-18,p1db,4.7495223869143165e-17,5.147065462498886e-18,1193,1194,-192.22824572278634
685,0.04193207534372334,7.432219223116984e-18,p1db,5.091400757753847e-17,4.9160158272742785e-18,1194,1195,-192.20710282401066
686,0.061036123006303455,7.912574961311146e-18,p1db,5.385933293095696e-17,4.999313489383591e-18,1195,1196,-192.1443815720989
687,0.04396723942174674,8.246734207317468e-18,p1db,5.618437234835365e-17,5.3837718754171436e-18,1196,1197,-192.08503057799805
688,0.010080098726177766,8.426948146805037e-18,p1db,5.778201021096807e-17,5.986714058689938e-18,1197,1198,-192.0564470932554
689,-0.025157466378615823,8.449796130135881e-18,p1db,5.858312931253277e-17,6.706335153692707e-18,1198,1199,-192.0648703805457
690,-0.05643486484184734,8.315782248150237e-18,p1db,5.855594208365744e-17,7.457609665776137e-18,1199,1200,-192.10676202601263
691,-0.08457318575713657,8.029211654205206e-18,p1db,5.770456507890432e-17,8.179991422540199e-18,1200,1201,-192.1777401102294
692,-0.11241702310702806,7.598325353310815e-18,p1db,5.606663749076956e-17,8.831568374677439e-18,1201,1202,-192.2759083975269
693,-0.14328277780892051,7.03541294206288e-18,p1db,5.3711787333592325e-17,9.381232095386622e-18,1202,1203,-192.40257415644345
694,-0.18094671715878974,6.356627185952068e-18,p1db,5.0743352567891896e-17,9.803951537372893e-18,1203,1204,-192.56247395314475
695,-0.23041890921287234,5.581698990810292e-18,p1db,4.730437070620558e-17,1.0080223863514195e-17,1204,1205,-192.76446759076103
696,-0.29949320391258993,4.734549545939528e-18,p1db,4.3586934599696453e-17,1.0198019720036853e-17,1205,1206,-193.0233117715705
697,-0.4019427636928583,3.846966294211701e-18,p1db,3.9842989679201635e-17,1.0154494606828704e-17,1206,1207,-193.3634539985862
698,-0.5629591279210899,2.9708097112662973e-18,p1db,3.639277627749683e-17,9.95568986905455e-18,1207,1208,-193.8271972989562
699,-0.7975350895234499,2.2152013034830886e-18,p1db,3.361900252504112e-17,9.614325432376626e-18,1208,1209,-194.4893722544284
700,-0.9686041067560041,1.8240643572707318e-18,p1db,3.191916295791475e-17,9.147158697249688e-18,1209,1210,-195.4222674780031
701,-0.8870883634430129,2.054918286930994e-18,p1db,3.15911567920425e-17,8.57364229200606e-18,1210,1211,-196.4265804679404
702,-0.6525967083823616,2.7504480338288425e-18,p1db,3.269757760880566e-17,7.917031019452252e-18,1211,1212,-197.19644420488913
703,-0.44757218880860705,3.626230071640958e-18,p1db,3.503200857150286e-17,7.208198018110984e-18,1212,1213,-197.73177388470512
704,-0.2892095209095089,4.5387031935357615e-18,p1db,3.8225043301777726e-17,6.491516048218075e-18,1213,1214,-198.09158858250635
705,-0.15958271176739913,5.421086951339467e-18,p1db,4.187976197604852e-17,5.83091309166126e-18,1214,1215,-198.31019292652414
706,-0.05471726038037161,6.234635205297542e-18,p1db,4.5646926353842875e-17,5.311210913349671e-18,1215,1216,-198.41075400604115
707,0.0175675418790604,6.951911404111478e-18,p1db,4.924412360471307e-17,5.02438369995139e-18,1216,1217,-198.41962744728488
708,0.048645333344069286,7.55105226585564e-18,p1db,5.24515591891457e-17,5.032902583673909e-18,1217,1218,-198.37561892228302
709,0.04303923337150195,8.014005253248668e-18,p1db,5.5103015803498993e-17,5.332902193840318e-18,1218,1219,-198.32233678059674
710,0.017245320736407166,8.326633160565381e-18,p1db,5.707712928956467e-17,5.8600685389318296e-18,1219,1220,-198.28954045554002
711,-0.013803450719834132,8.479619660908847e-18,p1db,5.829002160688811e-17,6.529083891334092e-18,1220,1221,-198.28784613912393
712,-0.043403425992408984,8.46928007500588e-18,p1db,5.869055635090911e-17,7.261806662308392e-18,1221,1222,-198.3171473569797
713,-0.07063860762863783,8.297685639736297e-18,p1db,5.825934386768203e-17,7.993602408387856e-18,1222,1223,-198.37465299110875
714,-0.09693237511042696,7.97203696241251e-18,p1db,5.70108607988824e-17,8.671540540269084e-18,1223,1224,-198.45842457223696
715,-0.1245646240618754,7.503634045367037e-18,p1db,5.499638530285264e-17,9.253389197095578e-18,1224,1225,-198.5685177413296
716,-0.15646014490641846,6.906849916848809e-18,p1db,5.23058462376871e-17,9.708251890883625e-18,1225,1226,-198.70755382036072
717,-0.19649140980681068,6.1984131551668615e-18,p1db,4.90688812203771e-17,1.0016976750504826e-17,1226,1227,-198.88143803114244
718,-0.2501663118422073,5.3974125966852296e-18,p1db,4.5457361483333713e-17,1.0171051045375187e-17,1227,1228,-199.10053663997434
719,-0.3261446108733992,4.526915024164022e-18,p1db,4.169180761264374e-17,1.0170022239926739e-17,1228,1229,-199.38177065482685
720,-0.44012247732025855,3.6193106021465055e-18,p1db,3.805183588985927e-17,1.0018480444484102e-17,1229,1230,-199.75282586172113
721,-0.6221539285183866,2.7320630717210613e-18,p1db,3.488400680818209e-17,9.724016274888933e-18,1230,1231,-200.26201560946737
722,-0.8764871183330456,1.9967353821217263e-18,p1db,3.258553090776725e-17,9.297189150428201e-18,1231,1232,-200.9971337187579
723,-1.0020994631224198,1.7106125590644115e-18,p1db,3.152764932116114e-17,8.753514409917967e-18,1232,1233,-202.01498984613346
724,-0.8378141965308998,2.09283806475092e-18,p1db,3.191411267144101e-17,8.116416696953862e-18,1233,1234,-203.00133264500275
725,-0.5713280739056472,2.8772333144291697e-18,p1db,3.3671704134354765e-17,7.419785737869213e-18,1234,1235,-203.69061823919526
726,-0.36866205818022024,3.792494837980547e-18,p1db,3.64894583590081e-17,6.709497447029788e-18,1235,1236,-204.14398879281404
727,-0.2177642831127855,4.7209623148520825e-18,p1db,3.996288336086351e-17,6.0443374953356986e-18,1236,1237,-204.4279423555557
728,-0.09985358101233999,5.6059650505352664e-18,p1db,4.3711408861246507e-17,5.4963138102670846e-18,1237,1238,-204.5795173590396
729,-0.013725943604285362,6.41123739050473e-18,p1db,4.7422781547339665e-17,5.146028085852782e-18,1238,1239,-204.62764951758038
730,0.034039197281131806,7.109312604160606e-18,p1db,5.0852725320913275e-17,5.063311574769288e-18,1239,1240,-204.60696924624818
731,0.042733854850894204,7.678621622399317e-18,p1db,5.381176596677337e-17,5.273626029965127e-18,1240,1241,-204.55957112301812
732,0.024272343459216472,8.103100557221593e-18,p1db,5.61540777066365e-17,5.739895574470174e-18,1241,1242,-204.5215015365464
733,-0.005019140137406453,8.372327042904954e-18,p1db,5.777171972163948e-17,6.3821473268498146e-18,1242,1243,-204.51102643609968
734,-0.03462700136046237,8.481470140376636e-18,p1db,5.859287585204107e-17,7.111224540247499e-18,1243,1244,-204.5315398168212
735,-0.06126565051808086,8.430770833191821e-18,p1db,5.858188916853353e-17,7.849481303087475e-18,1244,1245,-204.5802804388206
736,-0.08566002339999557,8.224567053125912e-18,p1db,5.773964561028691e-17,8.537495444312806e-18,1245,1246,-204.65407111785737
737,-0.11002543348892857,7.870223776056282e-18,p1db,5.610355630651567e-17,9.133989112276066e-18,1246,1247,-204.7516004856206
738,-0.13710047731645147,7.377509366577835e-18,p1db,5.374683472275119e-17,9.612610562141168e-18,1247,1248,-204.87412198483523
739,-0.17008128203519846,6.7587009678652884e-18,p1db,5.077778469396509e-17,9.957149477719022e-18,1248,1249,-205.0258014402535
740,-0.2130137576277349,6.029189250759622e-18,p1db,4.7341381901150154e-17,1.0157066753710588e-17,1249,1250,-205.21428454890562
741,-0.27159117753095074,5.2082525052487734e-18,p1db,4.362601073268747e-17,1.0205307995486904e-17,1250,1251,-205.45182895550897
742,-0.3548412271136243,4.320549891657396e-18,p1db,3.987619753163613e-17,1.0099009050279229e-17,1251,1252,-205.75746690396753
743,-0.4798788606948392,3.401222667114151e-18,p1db,3.64065695696264e-17,9.84177989079393e-18,1252,1253,-206.16151140973622
744,-0.68111087376532,2.5142753864819923e-18,p1db,3.360115107032366e-17,9.445399788024176e-18,1253,1254,-206.7172246253572
745,-0.9415046700260774,1.816072068703579e-18,p1db,3.186626983804394e-17,8.929613456053802e-18,1254,1255,-207.52373315726686
746,-1.0031240549218978,1.6525676857075592e-18,p1db,3.1510528858133715e-17,8.320496031270544e-18,1255,1256,-208.60023396540936
747,-0.7657326737567729,2.1669626099688753e-18,p1db,3.260112753249886e-17,7.649236612383618e-18,1256,1257,-209.52998126711066
748,-0.4882895708770576,3.015265921752568e-18,p1db,3.492858443686226e-17,6.953385285248265e-18,1257,1258,-210.1316993129229
749,-0.29472510686223075,3.9538213326422014e-18,p1db,3.811899869142389e-17,6.2815066821246415e-18,1258,1259,-210.50656040886477
750,-0.15341904440700205,4.883925125053042e-18,p1db,4.1774891134387343e-17,5.6994930957578654e-18,1259,1260,-210.72114952664737
751,-0.049373430231227644,5.756452829660297e-18,p1db,4.5550005047715664e-17,5.291249422555041e-18,1260,1261,-210.81339849767878
752,0.014042607258531348,6.5399800467411e-18,p1db,4.9164571298559976e-17,5.139889984756515e-18,1261,1262,-210.81989638710982
753,0.03460851093285555,7.211683416772e-18,p1db,5.2397522259299896e-17,5.285912552805447e-18,1262,1263,-210.7853132831617
754,0.02342733134861419,7.754196011442808e-18,p1db,5.5076943618444534e-17,5.698085702441148e-18,1263,1264,-210.7506793652441
755,-0.0016329451640331172,8.154124477731819e-18,p1db,5.707464001133153e-17,6.2941697074149485e-18,1264,1265,-210.73845862046448
756,-0.0282776569253258,8.401426664818312e-18,p1db,5.830357004220669e-17,6.984517390502016e-18,1265,1266,-210.75394525557218
757,-0.05239797064379559,8.489632139657241e-18,p1db,5.871530245452264e-17,7.696806937075553e-18,1266,1267,-210.79501393431514
758,-0.07439839975089058,8.416616770536702e-18,p1db,5.829630342432648e-17,8.378468819011455e-18,1267,1268,-210.85874119685977
759,-0.09613393577450324,8.185224940325586e-18,p1db,5.706453908580283e-17,8.990300372301218e-18,1268,1269,-210.94381073381692
760,-0.11976842217138994,7.803124918688389e-18,p1db,5.5068927798037366e-17,9.500732185986571e-18,1269,1270,-211.05100906840877
761,-0.14771590079300267,7.281901819744347e-18,p1db,5.2392624003503325e-17,9.884028160311551e-18,1270,1271,-211.1833475781597
762,-0.1829926600766072,6.635970307590756e-18,p1db,4.915880397760628e-17,1.012158571133978e-17,1271,1272,-211.34644086999478
763,-0.2296999329166738,5.88197115480674e-18,p1db,4.5537162886529495e-17,1.0203760885434529e-17,1272,1273,-211.5493328983129
764,-0.29368010245973153,5.039139309305343e-18,p1db,4.175095156186084e-17,1.0130192197549966e-17,1273,1274,-211.80584073582813
765,-0.38412438884215305,4.131475571994246e-18,p1db,3.8085053362271805e-17,9.908270658246493e-18,1274,1275,-212.13669310323237
766,-0.5198678544720536,3.1947159966764635e-18,p1db,3.489046163559915e-17,9.550748963737143e-18,1275,1276,-212.57408951351243
767,-0.7427986279050884,2.2999981241701122e-18,p1db,3.2565761855350335e-17,9.07391206565064e-18,1276,1277,-213.17642881217648
768,-1.0033719705949693,1.6381400266907766e-18,p1db,3.14813776747562e-17,8.49746324227525e-18,1277,1278,-214.0596867693226
769,-0.9873338624225738,1.6118086548892306e-18,p1db,3.18420492853329e-17,7.846655684689269e-18,1278,1279,-215.18317275336642
770,-0.6797490963080861,2.2514925512541205e-18,p1db,3.357989740488485e-17,7.156400968629294e-18,1279,1280,-216.03435449416776
771,-0.4004282372005008,3.1542927298797693e-18,p1db,3.639032170283535e-17,6.476167570221415e-18,1280,1281,-216.5426709459826
772,-0.21861953142625623,4.112796311126394e-18,p1db,3.9870617306646526e-17,5.8731483767324696e-18,1281,1282,-216.83521096856876
773,-0.09392849878565812,5.048050062852438e-18,p1db,4.363573850675907e-17,5.428613723092858e-18,1282,1283,-216.9799100088351
774,-0.015328368497151246,5.918722796909726e-18,p1db,4.736602438720138e-17,5.219928922470616e-18,1283,1284,-217.02306796614008
775,0.019513322483703632,6.6955685911234625e-18,p1db,5.081195583725561e-17,5.288643566158475e-18,1284,1285,-217.0105667458294
776,0.020368127078370435,7.354840351418377e-18,p1db,5.3783764529765526e-17,5.6186183482627024e-18,1285,1286,-216.98404132117267
777,0.0029358230972889032,7.87725860874954e-18,p1db,5.61389277113562e-17,6.1484180171551655e-18,1286,1287,-216.96983049167267
778,-0.02023430034078899,8.248520032541799e-18,p1db,5.777262324004751e-17,6.801698793854859e-18,1287,1288,-216.9781696749781
779,-0.04321704886230293,8.459781669740783e-18,p1db,5.861314659670458e-17,7.506942101134114e-18,1288,1289,-217.01029909235424
780,-0.06465051510855346,8.507675035601775e-18,p1db,5.862189603706282e-17,8.203021158409204e-18,1289,1290,-217.0646037727027
781,-0.08525612558790385,8.393914551961083e-18,p1db,5.779556201034153e-17,8.839594893610246e-18,1290,1291,-217.13960012257135
782,-0.10661694064448568,8.12456760705475e-18,p1db,5.616798840147519e-17,9.377407745613851e-18,1291,1292,-217.2351160238785
783,-0.13080313971332203,7.708996279969948e-18,p1db,5.3810769595777524e-17,9.788847344329829e-18,1292,1293,-217.35283400386032
784,-0.16037895964615245,7.158739685855814e-18,p1db,5.083340526331411e-17,1.005767224699405e-17,1293,1294,-217.49672230330515
785,-0.19860141229075623,6.4869379644135644e-18,p1db,4.738467859134731e-17,1.017722580738973e-17,1294,1295,-217.67359192315263
786,-0.24974069306139768,5.708791696290619e-18,p1db,4.365717482258823e-17,1.014750717233168e-17,1295,1296,-217.89392512788666
787,-0.319584115492745,4.843109095362049e-18,p1db,3.98965177048676e-17,9.972463011286158e-18,1296,1297,-218.17307330927542
788,-0.417186147818029,3.9152676988429244e-18,p1db,3.641355177098532e-17,9.65901756253039e-18,1297,1298,-218.53309335887215
789,-0.5638894603194871,2.964986844767602e-18,p1db,3.3586527279791226e-17,9.218359983179854e-18,1298,1299,-219.00744560491148
790,-0.8098431832235207,2.0754404972785104e-18,p1db,3.182083410869481e-17,8.668564353669496e-18,1299,1300,-219.66087227951112
791,-1.0454960899403005,1.4849330500042008e-18,p1db,3.1433182865391133e-17,8.036918077821418e-18,1300,1301,-220.62713197135852
792,-0.9322118933312424,1.6299171059506508e-18,p1db,3.2502195179023204e-17,7.360962604139064e-18,1301,1302,-221.75186445939173
793,-0.5756479937252408,2.380714912006205e-18,p1db,3.4822657959445756e-17,6.688648551390119e-18,1302,1303,-222.491555758021
794,-0.3146393772843794,3.3260134804059557e-18,p1db,3.8016095119874564e-17,6.078699561470841e-18,1303,1304,-222.9031604468422
795,-0.1544266778615082,4.298240273813745e-18,p1db,4.1678412789021376e-17,5.600432271785953e-18,1304,1305,-223.12083451258977
796,-0.0528630579406979,5.230822244642017e-18,p1db,4.5460253340018856e-17,5.327204059943048e-18,1305,1306,-223.21201380256522
797,0.0010151173515851042,6.085692520061634e-18,p1db,4.908302438462401e-17,5.315292067170079e-18,1306,1307,-223.22656062847116
798,0.015287924266189634,6.835723049228061e-18,p1db,5.2328910146576103e-17,5.574757951217381e-18,1307,1308,-223.20998356786205
799,0.0045271756925586715,7.460416306787777e-18,p1db,5.5028238194768326e-17,6.060359605398465e-18,1308,1309,-223.19598477993878
800,-0.01628672579037982,7.944871121220536e-18,p1db,5.705152780894492e-17,6.6935176252875775e-18,1309,1310,-223.20092921647694
801,-0.03824734499569615,8.279250852403637e-18,p1db,5.830649704218838e-17,7.391554377393083e-18,1310,1311,-223.22855823151954
802,-0.058449394488562234,8.457935124937268e-18,p1db,5.873819055861825e-17,8.084776066577218e-18,1311,1312,-223.27742390646833
803,-0.07719065976051809,8.478552081442488e-18,p1db,5.832979695999005e-17,8.721664845464981e-18,1312,1313,-223.34545702049667
804,-0.09597421928282301,8.341531520729276e-18,p1db,5.710199094781215e-17,9.267461266840195e-18,1313,1314,-223.43180522598936
805,-0.11670032957472642,8.050459034620443e-18,p1db,5.511032483266046e-17,9.699513155510557e-18,1314,1315,-223.5374054590623
806,-0.14152761418901605,7.612725068815027e-18,p1db,5.244277236066764e-17,1.0002114080767808e-17,1315,1316,-223.66520588513882
807,-0.17304269560682428,7.039644292626873e-18,p1db,4.922090561385756e-17,1.016342327131248e-17,1316,1317,-223.82046068744035
808,-0.21453847910906632,6.345791528036349e-18,p1db,4.5606943668622155e-17,1.0175592408830196e-17,1317,1318,-224.01129127635247
809,-0.27021442574393006,5.5482112554923645e-18,p1db,4.1816015371879246e-17,1.0036968874666811e-17,1318,1319,-224.24953764565848
810,-0.34528436748750835,4.6666655180182994e-18,p1db,3.8129936660795294e-17,9.754046332872396e-18,1319,1320,-224.55172012784033
811,-0.44776976232913057,3.726492179876053e-18,p1db,3.490383288497673e-17,9.34155878370424e-18,1320,1321,-224.9401063806335
812,-0.6019428125838715,2.7685658061414297e-18,p1db,3.2545068057621634e-17,8.82090483066619e-18,1321,1322,-225.4472596524986
813,-0.8669145070846724,1.8874979936594372e-18,p1db,3.1431924767267715e-17,8.21847442863499e-18,1322,1323,-226.14399200580124
814,-1.0611131369162905,1.3767547915433404e-18,p1db,3.1771433411318604e-17,7.565685606182715e-18,1323,1324,-227.18108866666793
815,-0.857079774809236,1.6780053402275206e-18,p1db,3.3493420426428244e-17,6.9017695936904544e-18,1324,1325,-228.26621827963382
816,-0.4768169042688868,2.5078653350350436e-18,p1db,3.6292183474298175e-17,6.278782143926288e-18,1325,1326,-228.8952482162864
817,-0.23821876701367728,3.476627129703077e-18,p1db,3.976817086078515e-17,5.765413613091138e-18,1326,1327,-229.2198520881716
818,-0.10082672524028169,4.449204985837589e-18,p1db,4.354072159603294e-17,5.441323380083254e-18,1327,1328,-229.37168575031376
819,-0.026152378267113363,5.37137427555327e-18,p1db,4.729072300626949e-17,5.372380106441264e-18,1328,1329,-229.42150553865216
820,0.0013406062969067989,6.2117009926908664e-18,p1db,5.076334415869652e-17,5.575206383706675e-18,1329,1330,-229.42399050684799
821,-0.0010655285754523902,6.947005901928004e-18,p1db,5.376054958765206e-17,6.0061012011204855e-18,1330,1331,-229.41882432605834
822,-0.016456637117698847,7.557942334321136e-18,p1db,5.613419661775979e-17,6.588226752985642e-18,1331,1332,-229.4261215639989
823,-0.034699311161617175,8.028106984719747e-18,p1db,5.778013399452627e-17,7.245194195184457e-18,1332,1333,-229.45173760029374
824,-0.05224457816855477,8.344861038731821e-18,p1db,5.863213858345601e-17,7.915658834397895e-18,1333,1334,-229.49552018632212
825,-0.06891202211473058,8.500504565857303e-18,p1db,5.865663706017063e-17,8.552482972195359e-18,1334,1335,-229.55622675663085
826,-0.08568304874930277,8.49274006273817e-18,p1db,5.785047392602239e-17,9.11784581797518e-18,1335,1336,-229.6333442305516
827,-0.1039159682987787,8.324188990723667e-18,p1db,5.624263223547844e-17,9.580555376583415e-18,1336,1337,-229.72759285412945
828,-0.1252760748019881,8.00144819435094e-18,p1db,5.3898297164906737e-17,9.91635467129177e-18,1337,1338,-229.84117616714914
829,-0.15187356663606977,7.53419644936342e-18,p1db,5.0922804159373405e-17,1.0109368161764749e-17,1338,1339,-229.97814500373343
830,-0.18639984682582167,6.934477442692744e-18,p1db,4.7464734491648366e-17,1.0152791347442982e-17,1339,1340,-230.14492330042128
831,-0.23216682994959115,6.216193006872997e-18,p1db,4.371987830217593e-17,1.0048132417504968e-17,1340,1341,-230.35094469738507
832,-0.2929074780903278,5.395166672938961e-18,p1db,3.993840270478236e-17,9.803407200482287e-18,1341,1342,-230.60925696032047
833,-0.3724680044981028,4.490477197994726e-18,p1db,3.643419484515366e-17,9.431223606511623e-18,1342,1343,-230.93675965356573
834,-0.47756407134814083,3.528369111611424e-18,p1db,3.3584930932729383e-17,8.947826523358703e-18,1343,1344,-231.35419296931667
835,0.9896334835352008,2.5540542418690598e-18,p1db,3.1793153042084593e-17,8.373942149012093e-18,1344,1345,-231.891887796262
836,1.2405867550777003,6.7436076538294445e-18,p1db,5.147537496204637e-17,6.161161195386378e-18,1375,1376,-229.37492600224627
837,-0.0472409916062162,7.243068991016763e-18,p1db,5.286266771143755e-17,6.815229430229629e-18,1376,1377,-229.4107142861066
838,-0.06930180609859349,7.605206878153332e-18,p1db,5.366329836352898e-17,7.531115912193583e-18,1377,1378,-229.4694079854587
839,-0.08958425413983662,7.82372144313631e-18,p1db,5.383605353280288e-17,8.243274827080853e-18,1378,1379,-229.5493178983038
840,-0.10860581513057355,7.896380706185217e-18,p1db,5.3370215885243083e-17,8.899599224158694e-18,1379,1380,-229.64857649373837
841,-0.12777117320182185,7.824260971201129e-18,p1db,5.22872122938569e-17,9.461052847169912e-18,1380,1381,-229.76652952856494
842,-0.14870021830461155,7.61095606181125e-18,p1db,5.06410857003768e-17,9.900626789192451e-18,1381,1382,-229.90411884014202
843,-0.17303155423638827,7.261927722808559e-18,p1db,4.8518049612516254e-17,1.0201622563018372e-17,1382,1383,-230.06392996517417
844,-0.20239804560642938,6.7843883987534385e-18,p1db,4.6035980901271897e-17,1.0355296842454999e-17,1383,1384,-230.2501819486148
845,-0.23839523618944725,6.1879065941323204e-18,p1db,4.3344838985555e-17,1.03583915322861e-17,1384,1385,-230.46872605638703
846,-0.28245745960562374,5.485378668428246e-18,p1db,4.062843032917244e-17,1.0211502340658333e-17,1385,1386,-230.7269724209937
847,-0.33592627850241286,4.693868961971336e-18,p1db,3.810546603877267e-17,9.919113906471177e-18,1386,1387,-231.03364097559827
848,-0.4020956475080055,3.83579860413742e-18,p1db,3.602269957833072e-17,9.491274447873024e-18,1387,1388,-231.39882497799852
849,-0.49687510221805553,2.9436856324953895e-18,p1db,3.462802180771153e-17,8.945859342118372e-18,1388,1389,-231.83783227061429
850,-0.6775437797719661,2.0804750632127167e-18,p1db,3.4116516580675015e-17,8.310097506116939e-18,1389,1390,-232.39257518243463
851,-0.9230918117859801,1.4248284512519289e-18,p1db,3.4566762165105266e-17,7.620913036981672e-18,1390,1391,-233.19291983015822
852,-0.8781674436101952,1.4020463457089255e-18,p1db,3.590981194751145e-17,6.925043852284126e-18,1391,1392,-234.2387588060066
853,-0.5327536802969206,2.04304509308329e-18,p1db,3.795681960829988e-17,6.280361315997257e-18,1392,1393,-234.9492547173786
854,-0.2615419581201195,2.918526916899276e-18,p1db,4.046168247494895e-17,5.7575518017951404e-18,1393,1394,-235.30426616660043
855,-0.11747156637500211,3.831558456040247e-18,p1db,4.31761391751268e-17,5.435476076855575e-18,1394,1395,-235.47233863361885
856,-0.044985242108964485,4.7105028978762695e-18,p1db,4.587853227961894e-17,5.379625087623587e-18,1395,1396,-235.53920929935043
857,-0.021110525290893634,5.518354743020243e-18,p1db,4.838201540039196e-17,5.608091857165621e-18,1396,1397,-235.56230911783678
858,-0.02695242658299435,6.2308982852723055e-18,p1db,5.053389648318122e-17,6.0774689954154354e-18,1397,1398,-235.58143034993222
859,-0.0451735926822181,6.830944847846332e-18,p1db,5.2213738477401694e-17,6.70625059488055e-18,1398,1399,-235.61621397100276
860,-0.06548476007465354,7.306143263728242e-18,p1db,5.3333030962134646e-17,7.408787625612942e-18,1399,1400,-235.67177753529666
861,-0.08438163528374787,7.647523475368285e-18,p1db,5.383619186334293e-17,8.114347573606613e-18,1400,1401,-235.74718349115207
862,-0.10185975603548059,7.848486262308309e-18,p1db,5.3701194350790534e-17,8.771306690670072e-18,1401,1402,-235.84054080586415
863,-0.11908091337842563,7.904652401473159e-18,p1db,5.293826386126605e-17,9.344106768466216e-18,1402,1403,-235.95090300322303
864,-0.13743303066215162,7.814613305827463e-18,p1db,5.1586836839441645e-17,9.807914204684648e-18,1403,1404,-236.078702632621
865,-0.15831898842807846,7.580855166186749e-18,p1db,4.9713090994218646e-17,1.0143963580008006e-17,1404,1405,-236.22576906454734
866,-0.18319164925631526,7.209912727180687e-18,p1db,4.7410804003946146e-17,1.0337539469790663e-17,1405,1406,-236.39534060947716
867,-0.21356294464314374,6.711503372131776e-18,p1db,4.480624033516554e-17,1.03788719655572e-17,1406,1407,-236.59215236305997
868,-0.25080362374391996,6.097336229656473e-18,p1db,4.206458437613253e-17,1.0265356380379499e-17,1407,1408,-236.82246649876345
869,-0.29571498341192637,5.380598768129871e-18,p1db,3.93931099997821e-17,1.0002886437474571e-17,1408,1409,-237.0937596105478
870,-0.3484933088037394,4.576750891142451e-18,p1db,3.703508771395924e-17,9.60519766402192e-18,1409,1410,-237.4138964655873
871,-0.411780005313247,3.706165661914092e-18,p1db,3.52474928610469e-17,9.09195063688437e-18,1410,1411,-237.79074622815529
872,-0.5055260890966196,2.8012049484744118e-18,p1db,3.425728595869728e-17,8.487399794051637e-18,1411,1412,-238.2374564762138
873,-0.7030980209350304,1.931295842380804e-18,p1db,3.420307605652606e-17,7.821285170706312e-18,1412,1413,-238.80179840634852
874,-0.9422666268489337,1.3100552462150178e-18,p1db,3.509023998657824e-17,7.132452574698682e-18,1413,1414,-239.64365251808385
875,-0.8281824492205203,1.4078315169012131e-18,p1db,3.6791026935570314e-17,6.474170244112217e-18,1414,1415,-240.6863316600464
876,-0.4464081800559967,2.1274358181579125e-18,p1db,3.908871217304977e-17,5.917752339939111e-18,1415,1416,-241.3000174165249
877,-0.20007189078573617,3.0280155571518245e-18,p1db,4.173339263053029e-17,5.54693758069125e-18,1416,1417,-241.57914802015839
878,-0.08593107910184017,3.946271433652781e-18,p1db,4.4482654198265464e-17,5.4336281963113276e-18,1417,1418,-241.70016119809637
879,-0.04154303612247645,4.824091866742021e-18,p1db,4.712295073646018e-17,5.601514068064359e-18,1418,1419,-241.75101017836207
880,-0.035832680908910675,5.63001530505114e-18,p1db,4.947852893034202e-17,6.011874189475373e-18,1419,1420,-241.78324727034132
881,-0.047345561209510834,6.340911121863423e-18,p1db,5.141353290850556e-17,6.588987961114618e-18,1420,1421,-241.8226755401799
882,-0.06368269414758743,6.937595671184348e-18,p1db,5.282965214239291e-17,7.254605916918969e-18,1421,1422,-241.87793839276034
883,-0.08003051288052632,7.404650933550566e-18,p1db,5.366109890143157e-17,7.943887060815393e-18,1422,1423,-241.95004092847506
884,-0.09550820021789264,7.731279289503462e-18,p1db,5.386976273496302e-17,8.605645989487203e-18,1423,1424,-242.0379994185214
885,-0.11069569189245954,7.911610774019309e-18,p1db,5.344337261681726e-17,9.198581487347545e-18,1424,1425,-242.14105732891085
886,-0.12666317494944224,7.944090021843895e-18,p1db,5.2397408685543195e-17,9.689442697720688e-18,1425,1426,-242.2593908023063
887,-0.14470002351886535,7.8304511827406e-18,p1db,5.0778922143798023e-17,1.0053408968103104e-17,1426,1427,-242.39438367880973
888,-0.1662079257276332,7.574870818149764e-18,p1db,4.866959805661317e-17,1.0274777692549312e-17,1427,1428,-242.54879084934404
889,-0.19256984241164332,7.18346785646686e-18,p1db,4.6186789195157664e-17,1.0346546693065683e-17,1428,1429,-242.726799530265
890,-0.22494052844632506,6.664101083558106e-18,p1db,4.348317814002958e-17,1.026886703707645e-17,1429,1430,-242.93393053416733
891,-0.2638990485594377,6.026569187172059e-18,p1db,4.0746170907975607e-17,1.0047220075051852e-17,1430,1431,-243.17668058715765
892,-0.30901007269518743,5.28340939565781e-18,p1db,3.8196138574270795e-17,9.691243026769533e-18,1431,1432,-243.4617286312862
893,-0.3591280985927199,4.45132155374577e-18,p1db,3.60782649881497e-17,9.214802316598935e-18,1432,1433,-243.79470073254802
894,-0.41700060463540467,3.553537437687976e-18,p1db,3.463801549600772e-17,8.637513118719063e-18,1433,1434,-244.17998482847165
895,-0.5099985208326103,2.626371377391569e-18,p1db,3.4072561363667614e-17,7.987454410641973e-18,1434,1435,-244.62870194181883
896,-0.7360771249106222,1.7481680759548004e-18,p1db,3.446988828169153e-17,7.30435124983752e-18,1435,1436,-245.19998187013687
897,-0.9593018931306574,1.1807796985142192e-18,p1db,3.5773032259720835e-17,6.64208081407368e-18,1436,1437,-246.10085619164008
898,-0.7613146563638935,1.4327918597378279e-18,p1db,3.7799521801225185e-17,6.068729494673519e-18,1437,1438,-247.11858565639818
899,-0.35942810491143007,2.2387612630202725e-18,p1db,4.0301173644040525e-17,5.660748211461449e-18,1438,1439,-247.62348550436786
900,-0.15413521713682599,3.1747799767477732e-18,p1db,4.3023274488777713e-17,5.4862043798868116e-18,1439,1440,-247.83744186622104
901,-0.07264302828561142,4.109236746000224e-18,p1db,4.573894527392712e-17,5.578672893644673e-18,1440,1441,-247.93175593864152
902,-0.04808949122043771,4.990676970883668e-18,p1db,4.825990528870885e-17,5.920340815208958e-18,1441,1442,-247.98272792279226
903,-0.050114770840991696,5.788564693058987e-18,p1db,5.043485982093976e-17,6.452016990044942e-18,1442,1443,-248.0279349210824
904,-0.06208701720613874,6.4812123061294475e-18,p1db,5.214502938032202e-17,7.098636215311693e-18,1443,1444,-248.08295746447425
905,-0.07628746176163759,7.052682488036978e-18,p1db,5.3301482688102727e-17,7.788556184298515e-18,1444,1445,-248.15210895549467
906,-0.09029188844129976,7.491719246237711e-18,p1db,5.384502840391774e-17,8.461490912424039e-18,1445,1446,-248.23553238799752
907,-0.10408330844335012,7.791075570004009e-18,p1db,5.374754426241693e-17,9.070232853595305e-18,1446,1447,-248.33269273237727
908,-0.11849235994836249,7.946670088383955e-18,p1db,5.301334144965535e-17,9.580260814613369e-18,1447,1448,-248.44369900488422
909,-0.13457160897141307,7.956646228348149e-18,p1db,5.1679536579328806e-17,9.968471503524233e-18,1448,1449,-248.569677452274
910,-0.1534240925870023,7.820926601030059e-18,p1db,4.981505543484198e-17,1.0221070191380254e-17,1449,1450,-248.71284222282705
911,-0.1761822838327589,7.541699550791872e-18,p1db,4.751900563234899e-17,1.0330859049358042e-17,1450,1451,-248.876525637448
912,-0.2039483742033923,7.124446133528277e-18,p1db,4.4920339460273095e-17,1.029491164663788e-17,1451,1452,-249.06520679049257
913,-0.23754057412284624,6.578509371890213e-18,p1db,4.2180550223343947e-17,1.0113857798800387e-17,1452,1453,-249.28442238585478
914,-0.27692290922550455,5.916616912137976e-18,p1db,3.949832029883144e-17,9.793151835417598e-18,1453,1454,-249.54028793873826
915,-0.32052883263156673,5.15388542446145e-18,p1db,3.7109825622130187e-17,9.34534414394776e-18,1454,1455,-249.8382682043058
916,-0.36599108012003967,4.307673936847754e-18,p1db,3.527314708412265e-17,8.79175045101373e-18,1455,1456,-250.1813456040014
917,-0.41717210334236654,3.400035369571827e-18,p1db,3.4225779178682934e-17,8.162668188153545e-18,1456,1457,-250.57025036454587
918,-0.5121515364676839,2.466962784836284e-18,p1db,3.411991898795876e-17,7.496844848780743e-18,1457,1458,-251.01568981068613
919,-0.7685280772037686,1.597117183042044e-18,p1db,3.496871731657811e-17,6.84186645781843e-18,1458,1459,-251.59455343748124
920,-0.9501988786910402,1.1147014696559926e-18,p1db,3.664370299504426e-17,6.256172213220478e-18,1459,1460,-252.55274596509366
921,-0.676496687207873,1.5115081328850793e-18,p1db,3.892425944486875e-17,5.809732042396857e-18,1460,1461,-253.49495119486332
922,-0.29079604058698294,2.369652973222399e-18,p1db,4.1559750647690924e-17,5.5751670769545455e-18,1461,1462,-253.9057393395094
923,-0.1273108583136633,3.3145956754315226e-18,p1db,4.431132912907693e-17,5.602546603429194e-18,1462,1463,-254.07654327603728
924,-0.0716484867677849,4.241134704735015e-18,p1db,4.696940878121133e-17,5.890972727748155e-18,1463,1464,-254.16036105613674
925,-0.06022963539365378,5.107317562420096e-18,p1db,4.9357721384789735e-17,6.3865039671722485e-18,1464,1465,-254.21984024957285
926,-0.0659856358092128,5.888498796618622e-18,p1db,5.1333825100323073e-17,7.009240507707945e-18,1465,1466,-254.28082032692404
927,-0.07686739552212885,6.566731277073256e-18,p1db,5.2790067601301207e-17,7.681907524577525e-18,1466,1467,-254.35181152119128
928,-0.08862347518288516,7.127086548862945e-18,p1db,5.365449871581414e-17,8.343413900464468e-18,1467,1468,-254.4345551179683
929,-0.10045718255830138,7.55655622893626e-18,p1db,5.388976608383417e-17,8.950004862156954e-18,1468,1469,-254.52905847155705
930,-0.11278149923779779,7.844698369266394e-18,p1db,5.34894673864435e-17,9.470765349043025e-18,1469,1470,-254.6354694830849
931,-0.12636133515249526,7.984994084644694e-18,p1db,5.247403250289129e-17,9.882380402194904e-18,1470,1471,-254.75462147003265
932,-0.14211557203179837,7.975591568113859e-18,p1db,5.088933423182532e-17,1.0166169435546004e-17,1471,1472,-254.8881921533899
933,-0.16113222861443433,7.81880200519392e-18,p1db,4.8809577747215234e-17,1.0308257257040552e-17,1472,1473,-255.03885261409624
934,-0.18462668318777276,7.519833594186672e-18,p1db,4.6342986868943363e-17,1.0301528361202733e-17,1473,1474,-255.21045661061876
935,-0.21366768234513245,7.085728817513211e-18,p1db,4.363699753329699e-17,1.0147087303926092e-17,1474,1475,-255.4081059804718
936,-0.24857735718620688,6.5250378607874915e-18,p1db,4.088006616546583e-17,9.853887416776586e-18,1475,1476,-255.63779197530903
937,-0.2880681608229736,5.848132629700716e-18,p1db,3.829802864447389e-17,9.436979932232094e-18,1476,1477,-255.9052606948442
938,-0.32871566914947437,5.0679410035980275e-18,p1db,3.6141596982635475e-17,8.91597233807779e-18,1477,1478,-256.213928296955
939,-0.3668472729789869,4.201272476713134e-18,p1db,3.465847543611176e-17,8.315168722297451e-18,1478,1479,-256.56269203314315
940,-0.4083801980566477,3.271789765516728e-18,p1db,3.404557394325611e-17,7.6659505642317e-18,1479,1480,-256.94762284291295
941,-0.5049713287564543,2.3194151572710134e-18,p1db,3.43928190196863e-17,7.010874725375759e-18,1480,1481,-257.37945242925645
942,-0.7987031589230469,1.445480407992852e-18,p1db,3.565076495009566e-17,6.407674309814065e-18,1481,1482,-257.95756550042586
943,-0.9405291518398258,1.04363063681476e-18,p1db,3.764711474287033e-17,5.929021458138911e-18,1482,1483,-258.97685874710254
944,-0.5982362205686798,1.5688657285878712e-18,p1db,4.013966376697612e-17,5.6509233161808335e-18,1483,1484,-259.8386238041055
945,-0.24024263926062872,2.4736837527972422e-18,p1db,4.2871531116986085e-17,5.626001604608646e-18,1484,1485,-260.1733311882399
946,-0.11631994442865334,3.4371885730726274e-18,p1db,4.5607770203850635e-17,5.856726302557737e-18,1485,1486,-260.31910908262677
947,-0.08000386199586274,4.3751470417832305e-18,p1db,4.815210920229195e-17,6.295798020526306e-18,1486,1487,-260.4059710770972
948,-0.0743069593593475,5.249069353343228e-18,p1db,5.0350089353209206e-17,6.872701996761715e-18,1487,1488,-260.4791168066185
949,-0.07921868457148662,6.032405052315998e-18,p1db,5.208488850207986e-17,7.51837913100481e-18,1488,1489,-260.5545849958159
950,-0.08747204427672273,6.704709574603672e-18,p1db,5.3271137729943604e-17,8.174430423209227e-18,1489,1490,-260.63755417576147
951,-0.09679275777358498,7.250637466586898e-18,p1db,5.3850814656087236e-17,8.793005457438827e-18,1490,1491,-260.72952908436935
952,-0.10686970081127356,7.65939502696476e-18,p1db,5.3792949933521496e-17,9.335310828973104e-18,1491,1492,-260.83113969130864
953,-0.11820607092747082,7.924077808164709e-18,p1db,5.30961371775869e-17,9.771358331963977e-18,1492,1493,-260.9432684859919
954,-0.13165986537484287,8.041088834522167e-18,p1db,5.179143492440639e-17,1.0080226807292039e-17,1493,1494,-261.0675518331636
955,-0.14821202214918117,8.009618787119528e-18,p1db,4.994386484394907e-17,1.024973756949545e-17,1494,1495,-261.2065882167416
956,-0.16882779603193399,7.831096680827001e-18,p1db,4.7652316204980303e-17,1.0275309150501931e-17,1495,1496,-261.36397587746194
957,-0.19432889586190072,7.508864255937e-18,p1db,4.504887949893647e-17,1.0158410328840726e-17,1496,1497,-261.54424380880545
958,-0.2251212984664619,7.04848513578001e-18,p1db,4.2298858568784334e-17,9.905201855661505e-18,1497,1498,-261.75263366918574
959,-0.2605800769721327,6.458616858716764e-18,p1db,3.960163939788233e-17,9.525965216281788e-18,1498,1499,-261.99448640573837
960,-0.2981133940065206,5.75172785694479e-18,p1db,3.7189355934182525e-17,9.035810765997831e-18,1499,1500,-262.27379382313
961,-0.332853647204189,4.9440380701741726e-18,p1db,3.531462686869302e-17,8.456726730115774e-18,1500,1501,-262.5907131937514
962,-0.36093177697338774,4.055163564319339e-18,p1db,3.4215020675329204e-17,7.820346364668337e-18,1501,1502,-262.9395011175384
963,-0.3930410783499383,3.1097616942912588e-18,p1db,3.405226815798077e-17,7.170325166183051e-18,1502,1503,-263.3125767476982
964,-0.5025362491786041,2.148340665337572e-18,p1db,3.485348258165227e-17,6.563150828070403e-18,1503,1504,-263.72558327423826
965,-0.8439854181778514,1.2877053195062276e-18,p1db,3.649872697480584e-17,6.065875875548079e-18,1504,1505,-264.3176492460554
966,-0.923143755640865,1.019930964382182e-18,p1db,3.87663780923966e-17,5.747779915886668e-18,1505,1506,-265.41355411059396
967,-0.5136333619793163,1.6836494225549636e-18,p1db,4.139963629667179e-17,5.662806671184686e-18,1506,1507,-266.1639367573371
968,-0.20541816682577974,2.631568473901912e-18,p1db,4.415486514544023e-17,5.827893384051461e-18,1507,1508,-266.4408208345526
969,-0.11307580603300948,3.606411349998268e-18,p1db,4.6822162785847626e-17,6.214369013463121e-18,1508,1509,-266.5747730909887
970,-0.08766674131746299,4.539548720760887e-18,p1db,4.9228256712737007e-17,6.761367398245234e-18,1509,1510,-266.6669724466186
971,-0.08419125023499419,5.3979476798927825e-18,p1db,5.1233400858655085e-17,7.39777894717026e-18,1510,1511,-266.7501065736236
972,-0.0882404219804016,6.15969600327485e-18,p1db,5.272876995631667e-17,8.057433404738587e-18,1511,1512,-266.8353549470886
973,-0.09506330646243555,6.8087696383877345e-18,p1db,5.363627650372913e-17,8.685473486175483e-18,1512,1513,-266.9265874175844
974,-0.1033866314627403,7.333042686772416e-18,p1db,5.39101349060519e-17,9.239984006911824e-18,1513,1514,-267.0254815600135
975,-0.11317431795541211,7.722824643882129e-18,p1db,5.353831004861515e-17,9.691581742921498e-18,1514,1515,-267.1333606805099
976,-0.12483440631973508,7.970030795711081e-18,p1db,5.254205771965358e-17,1.0021604322293089e-17,1515,1516,-267.2518301959243
977,-0.13897976352612318,8.068557056768865e-18,p1db,5.097327717321503e-17,1.0219174627535119e-17,1516,1517,-267.38302949314937
978,-0.1563693404632147,8.015603879628419e-18,p1db,4.891164392624311e-17,1.0278233271915087e-17,1517,1518,-267.52978972297655
979,-0.17785710298059598,7.812772373108922e-18,p1db,4.646458628506286e-17,1.019611624730995e-17,1518,1519,-267.6957681740758
980,-0.20420022602937138,7.465910004306821e-18,p1db,4.377166189673111e-17,9.974411111957194e-18,1519,1520,-267.88550392893774
981,-0.23552859416335536,6.983831672848899e-18,p1db,4.1011329668849936e-17,9.621192395863263e-18,1520,1521,-268.10416862613454
982,-0.27034720588116556,6.376996475099459e-18,p1db,3.840431892247812e-17,9.152812395713843e-18,1521,1522,-268.35656111726445
983,-0.3044738382387209,5.6571195387694276e-18,p1db,3.620496066882093e-17,8.594083510761994e-18,1522,1523,-268.64486303789687
984,-0.3316106667392944,4.8379136461662975e-18,p1db,3.467110063571381e-17,7.977343937770157e-18,1523,1524,-268.9655087937419
985,-0.3489036334631237,3.936787515089058e-18,p1db,3.400963626328469e-17,7.342100162005995e-18,1524,1525,-269.30808437137546
986,-0.3738890917105948,2.978499223266585e-18,p1db,3.4314732941302683e-17,6.736551936733666e-18,1525,1526,-269.66331606066814
987,-0.503430918025316,2.0081923539561107e-18,p1db,3.5536209704400166e-17,6.219946775923821e-18,1526,1527,-270.05586255479665
988,-0.8761965974672137,1.16703968293157e-18,p1db,3.750185203253431e-17,5.860639780983847e-18,1527,1528,-270.67017789671877
989,-0.8929602361511968,1.0353391812415385e-18,p1db,3.997400896660982e-17,5.7218915294042524e-18,1528,1529,-271.8082557497311
990,-0.44563260431218055,1.7856995707941683e-18,p1db,4.270227125912439e-17,5.835145344657188e-18,1529,1530,-272.45609836902116
991,-0.18828238936725938,2.7486313303136556e-18,p1db,4.5454285414460355e-17,6.180691397308526e-18,1530,1531,-272.69952095835544
992,-0.11746182684530027,3.7219461036907694e-18,p1db,4.8029130841772756e-17,6.696930539445617e-18,1531,1532,-272.8326631477557
993,-0.09811945677006406,4.6509879950753e-18,p1db,5.0262666300255626e-17,7.308321038138415e-18,1532,1533,-272.93444461204604
994,-0.0949437527388568,5.507154616170538e-18,p1db,5.202954063102853e-17,7.94752475159583e-18,1533,1534,-273.0289020612958
995,-0.09761271880046252,6.2683410021145055e-18,p1db,5.324224624412993e-17,8.563160955126356e-18,1534,1535,-273.12433211752375
996,-0.10294813649656476,6.915461290725225e-18,p1db,5.3847095579492656e-17,9.117920905538575e-18,1535,1536,-273.22412749889673
997,-0.11008417269516713,7.432926120091183e-18,p1db,5.381898362673002e-17,9.583618169754588e-18,1536,1537,-273.3302283905169
998,-0.1190012325598957,7.809623053581197e-18,p1db,5.315817204840472e-17,9.937629352298794e-18,1537,1538,-273.44429584428707
999,-0.13012897508951937,8.038958424698829e-18,p1db,5.189115625866834e-17,1.0162382122344603e-17,1538,1539,-273.56823085563667
1000,-0.1442367382709051,8.118014791042576e-18,p1db,5.007481331596812e-17,1.024690401385059e-17,1539,1540,-273.7045537944661
1001,-0.16229388388768484,8.046628204442966e-18,p1db,4.7801030992887016e-17,1.018822009836612e-17,1540,1541,-273.8567043321785
1002,-0.18518576973679046,7.826908325084752e-18,p1db,4.519942327054611e-17,9.99114018749816e-18,1541,1542,-274.0291415622415
1003,-0.21323749378834123,7.463133863761517e-18,p1db,4.243759910339166e-17,9.666674697527365e-18,1542,1543,-274.22707587165206
1004,-0.24547550879131563,6.96182893564554e-18,p1db,3.9719409359215956e-17,9.230426438947837e-18,1543,1544,-274.45561654981816
1005,-0.278653474437931,6.332066737314717e-18,p1db,3.727981628503695e-17,8.702251129903859e-18,1544,1545,-274.7180268892347
1006,-0.30670779455985553,5.586075788471515e-18,p1db,3.537045691334433e-17,8.107745765403397e-18,1545,1546,-275.012923498694
1007,-0.322682118491997,4.739941084655811e-18,p1db,3.422631052706485e-17,7.4813245399479e-18,1546,1547,-275.3314424783544
1008,-0.3264280907488626,3.814278278266235e-18,p1db,3.4010833634302394e-17,6.869831775212648e-18,1547,1548,-275.658287735678
1009,-0.3448226190610626,2.836435347518086e-18,p1db,3.4760536512606124e-17,6.334298963604862e-18,1548,1549,-275.98429865985213
1010,-0.5077945071255101,1.8537918820843007e-18,p1db,3.636777419686009e-17,5.945263950105125e-18,1549,1550,-276.34793297380014
1011,-0.9254796093917719,1.0301616225935343e-18,p1db,3.861748448338268e-17,5.7664799846928365e-18,1550,1551,-276.99988767410315
1012,-0.8796235560772914,1.0521949658844943e-18,p1db,4.125033415192176e-17,5.8300001536304446e-18,1551,1552,-278.1988921925837
1013,-0.3906616678731325,1.8966880105514092e-18,p1db,4.401507958314924e-17,6.121103468276064e-18,1552,1553,-278.75913478625773
1014,-0.1776368781816018,2.8937386509672465e-18,p1db,4.66954721588049e-17,6.588221529172429e-18,1553,1554,-278.98021552832995
1015,-0.12119216269124422,3.884606020647502e-18,p1db,4.9116630232277555e-17,7.166211857794823e-18,1554,1555,-279.11440854262094
1016,-0.10458162869144871,4.82023251456477e-18,p1db,5.114117521804015e-17,7.792896674081152e-18,1555,1556,-279.22259985371244
1017,-0.10087476818245023,5.67236203580617e-18,p1db,5.266341548148738e-17,8.414671150385769e-18,1556,1557,-279.32357180000383
1018,-0.10234065629049383,6.420410560440412e-18,p1db,5.3606034023198305e-17,8.987088505896368e-18,1557,1558,-279.42434939007734
1019,-0.10663234807040567,7.048488257318587e-18,p1db,5.3920163162080627e-17,9.474808619427187e-18,1558,1559,-279.5282531125848
1020,-0.11326937360669831,7.544512715081944e-18,p1db,5.3587483862206363e-17,9.851725298281731e-18,1559,1560,-279.63761408621815
1021,-0.12246145727701219,7.899731745250557e-18,p1db,5.262242108406581e-17,1.0100772422593409e-17,1560,1561,-279.7547918597982
1022,-0.1346591995650499,8.108070099257263e-18,p1db,5.107306816618056e-17,1.0213112456377825e-17,1561,1562,-279.8825370007722
1023,-0.15040029513639297,8.165499601693136e-18,p1db,4.90204772126503e-17,1.018677779927478e-17,1562,1563,-280.0241102589283
1024,-0.17024267899836332,8.07008931639754e-18,p1db,4.657715440765729e-17,1.0025078873947643e-17,1563,1564,-280.18333759104496
1025,-0.19459221978158325,7.822937004396621e-18,p1db,4.388662232675079e-17,9.73541148520502e-18,1564,1565,-280.36459561692504
1026,-0.22321811108642464,7.42922576850872e-18,p1db,4.112558736482583e-17,9.329264177252308e-18,1565,1566,-280.5725220306081
1027,-0.25430410223350464,6.89833454041409e-18,p1db,3.850720290681198e-17,8.8237870428527e-18,1566,1567,-280.8110318390979
1028,-0.28329517379515323,6.24274314643417e-18,p1db,3.627804255103821e-17,8.244346292919396e-18,1567,1568,-281.08113023507514
1029,-0.30294918710632146,5.476626823421271e-18,p1db,3.4695722781192e-17,7.626812069289433e-18,1568,1569,-281.3776221866882
1030,-0.3072864479619284,4.615439108484804e-18,p1db,3.3977366651962656e-17,7.018470363307569e-18,1569,1570,-281.6870286092878
1031,-0.3017520113089347,3.6773871022177415e-18,p1db,3.4231725374929824e-17,6.476935568514055e-18,1570,1571,-281.99219508261206
1032,-0.3259699907656568,2.6882579451813075e-18,p1db,3.541731006493428e-17,6.0659466387508424e-18,1571,1572,-282.29053263190565
1033,-0.5486036315444949,1.7003147401991432e-18,p1db,3.736083125499614e-17,5.84531448197008e-18,1572,1573,-282.64413506414337
1034,-0.9697493670471715,9.262422582680767e-19,p1db,3.981918736582562e-17,5.853722513225015e-18,1573,1574,-283.38773989499464
1035,-0.8347253751514927,1.1382965470464417e-18,p1db,4.253946955936992e-17,6.092247546371188e-18,1574,1575,-284.5836337982377
1036,-0.33933689163279723,2.0443667421518957e-18,p1db,4.529216723238796e-17,6.522824799264397e-18,1575,1576,-285.0571906452976
1037,-0.17014888213103063,3.048162989005068e-18,p1db,4.788133117745269e-17,7.083420245309726e-18,1576,1577,-285.2623075815033
1038,-0.12399856659814645,4.030294251396767e-18,p1db,5.014453502294482e-17,7.706593719339737e-18,1577,1578,-285.3974884095597
1039,-0.10938033620857368,4.9514628092648475e-18,p1db,5.195168667310705e-17,8.331508943497128e-18,1578,1579,-285.5103047146996
1040,-0.10576236110583181,5.788606180114175e-18,p1db,5.320580873835108e-17,8.909230967160826e-18,1579,1580,-285.61624908197683
1041,-0.10718300655082658,6.523880379531665e-18,p1db,5.384478893541851e-17,9.404074813253672e-18,1580,1581,-285.72182943691126
1042,-0.11169403135079392,7.14138669500179e-18,p1db,5.38415877190157e-17,9.79243449557239e-18,1581,1582,-285.8306150950785
1043,-0.11872971963182977,7.626686986252602e-18,p1db,5.3201544021501925e-17,1.005976570096291e-17,1582,1583,-285.94521749961285
1044,-0.128316081636342,7.968051650484286e-18,p1db,5.19581470855802e-17,1.0197072458446987e-17,1583,1584,-286.06807453434214
1045,-0.14082182317622483,8.158038615420615e-18,p1db,5.0170564533654344e-17,1.0198832411205658e-17,1584,1585,-286.20184966288554
1046,-0.15686692071849961,8.194001624396858e-18,p1db,4.792546297598315e-17,1.0063437283152372e-17,1585,1586,-286.3497181806946
1047,-0.17716910532689667,8.077229474642161e-18,p1db,4.534273775555522e-17,9.795347504002353e-18,1586,1587,-286.51558350432254
1048,-0.20211632934334034,7.811597080348045e-18,p1db,4.258199306263195e-17,9.406961470981153e-18,1587,1588,-286.7040563913484
1049,-0.23089950771145595,7.402765531867985e-18,p1db,3.9845533440152316e-17,8.918775065445967e-18,1588,1589,-286.9198161630092
1050,-0.2602892112842312,6.858220382834187e-18,p1db,3.737338187762565e-17,8.358153790548412e-18,1589,1590,-287.1658554067713
1051,-0.2838610470935805,6.1877590789914785e-18,p1db,3.542462275429237e-17,7.758393082012865e-18,1590,1591,-287.4403945855777
1052,-0.2936099678175026,5.404028200844975e-18,p1db,3.423887208535422e-17,7.159623600507007e-18,1591,1592,-287.73357750095846
1053,-0.2860468341194462,4.523128623791637e-18,p1db,3.3979943086500775e-17,6.6114308545467606e-18,1592,1593,-288.0276145212127
1054,-0.2731599590420899,3.565796052148148e-18,p1db,3.4684515264095006e-17,6.1741109238190084e-18,1593,1594,-288.30567116919735
1055,-0.3059556256276892,2.5612326930471983e-18,p1db,3.6249972376468705e-17,5.912240377732676e-18,1594,1595,-288.57393443929686
1056,-0.5904953539820497,1.56724137079607e-18,p1db,3.8470529734244516e-17,5.87541330625416e-18,1595,1596,-288.91758242045273
1057,-1.008528980983101,8.402804599623228e-19,p1db,4.1094142257288034e-17,6.07396850371613e-18,1596,1597,-289.75492514726096
1058,-0.8000267270060988,1.199804215152482e-18,p1db,4.3869299074113575e-17,6.4716163492213004e-18,1597,1598,-290.93464038241893
1059,-0.30920957380135405,2.1489322365168143e-18,p1db,4.6572076862851296e-17,7.003409647163535e-18,1598,1599,-291.35497860127316
1060,-0.1683142118360763,3.1679245833786845e-18,p1db,4.9017968213746065e-17,7.600999383557682e-18,1599,1600,-291.55305953002164
1061,-0.12831615498114957,4.1614926264143426e-18,p1db,5.1064243464115296e-17,8.207295411812821e-18,1600,1601,-291.6916070249453
1062,-0.11454816666793022,5.0919799852931915e-18,p1db,5.26064775101358e-17,8.778862270944011e-18,1601,1602,-291.80969183998394
1063,-0.11048298334972628,5.933446924599467e-18,p1db,5.357249906315665e-17,9.282381005303543e-18,1602,1603,-291.9207033582812
1064,-0.11116523191660121,6.6655981389415316e-18,p1db,5.39173766917484e-17,9.691014354750411e-18,1603,1604,-292.0306578066834
1065,-0.11493955612905893,7.272666725176312e-18,p1db,5.36220034233576e-17,9.983385783516769e-18,1604,1605,-292.1430338221144
1066,-0.12146638932156861,7.742695054539392e-18,p1db,5.2695325894426434e-17,1.0144758508533992e-17,1605,1606,-292.2605369189415
1067,-0.13106607883781862,8.066943398997004e-18,p1db,5.1178101830882476e-17,1.0168384893912188e-17,1606,1607,-292.3859666007575
1068,-0.1443536149636202,8.239623159068779e-18,p1db,4.9145779541120496e-17,1.0055468596799164e-17,1607,1608,-292.52266907661715
1069,-0.16193466824964275,8.257769616009085e-18,p1db,4.6709443788400424e-17,9.813742794960553e-18,1608,1609,-292.67467383068475
1070,-0.18408361834335096,8.121066693009461e-18,p1db,4.401538302985975e-17,9.455771433848155e-18,1609,1610,-292.84653841311643
1071,-0.21026441689082276,7.831828014738862e-18,p1db,4.1244462740425764e-17,8.99813873922177e-18,1610,1611,-293.04284106737146
1072,-0.2383181299431385,7.395411727103026e-18,p1db,3.861124499520901e-17,8.46215443791224e-18,1611,1612,-293.2670672468981
1073,-0.2634618806708602,6.8208374498981175e-18,p1db,3.635883599730539e-17,7.876095668971047e-18,1612,1613,-293.51947732725773
1074,-0.27828897489391125,6.120905086219376e-18,p1db,3.473955663657376e-17,7.278370490136536e-18,1613,1614,-293.7939910082398
1075,-0.27611674213696347,5.311419222449498e-18,p1db,3.3970572627540266e-17,6.7200234274034626e-18,1614,1615,-294.07605527704555
1076,-0.2587155333440023,4.410117394848366e-18,p1db,3.417020767551007e-17,6.2635075482835545e-18,1615,1616,-294.3462244925137
1077,-0.24614565809685018,3.436916338798172e-18,p1db,3.5310860761980304e-17,5.973457584526017e-18,1616,1617,-294.59348634373356
1078,-0.3007948457519376,2.4187678852201605e-18,p1db,3.722738660916849e-17,5.897969378903875e-18,1617,1618,-294.8385158087074
1079,-0.6797745347772945,1.4164557797272756e-18,p1db,3.9675055596472936e-17,6.0491644196220384e-18,1618,1619,-295.19507603523743
1080,-1.0588367261699148,7.651575922129574e-19,p1db,4.239406808254528e-17,6.39914508955867e-18,1619,1620,-296.198064878262
1081,-0.7381095439709782,1.3113189863040817e-18,p1db,4.514951992246973e-17,6.8944664673568895e-18,1620,1621,-297.31274948757726
1082,-0.27369139920367047,2.3114577951432138e-18,p1db,4.774501007611267e-17,7.474524177987847e-18,1621,1622,-297.674283966204
1083,-0.16114048442582884,3.3453297018984355e-18,p1db,5.002165663419577e-17,8.082383164240195e-18,1622,1623,-297.8601322859846
1084,-0.12736932237106657,4.3386472587846786e-18,p1db,5.18532481961239e-17,8.668602959797216e-18,1623,1624,-297.99656493505563
1085,-0.1149584296236128,5.259396782749015e-18,p1db,5.3143114362827876e-17,9.192353835090655e-18,1624,1625,-298.11487093072674
1086,-0.11115350204670449,6.085728060004934e-18,p1db,5.3824110165648364e-17,9.621989928374945e-18,1625,1626,-298.22648179430286
1087,-0.11219678131925548,6.800643459792691e-18,p1db,5.386069367599698e-17,9.935320277099071e-18,1626,1627,-298.33717793482015
1088,-0.11684133103926797,7.390249756911315e-18,p1db,5.3251035079897485e-17,1.0119287404802813e-17,1627,1628,-298.45087535694137
1089,-0.12470981771863876,7.842654817955217e-18,p1db,5.202724703010994e-17,1.0168813579949365e-17,1628,1629,-298.5708605968987
1090,-0.135823137707888,8.147692661786753e-18,p1db,5.0253259210767845e-17,1.0084914093897921e-17,1629,1630,-298.70029499237864
1091,-0.15044039636759976,8.29783718738822e-18,p1db,4.8022031805771847e-17,9.87282041669561e-18,1630,1631,-298.84250687231446
1092,-0.16890359690398782,8.289677611445325e-18,p1db,4.5455104673311046e-17,9.541284193421118e-18,1631,1632,-299.00117578511384
1093,-0.19129505741886987,8.124667129405264e-18,p1db,4.270634710288673e-17,9.103748553686703e-18,1632,1633,-299.18031406612243
1094,-0.21671962052474214,7.808436011279425e-18,p1db,3.996814761053996e-17,8.58083082298264e-18,1633,1634,-299.3837658999516
1095,-0.24218219072821512,7.349228550263744e-18,p1db,3.747348246010571e-17,8.002624563847185e-18,1634,1635,-299.6137533071719
1096,-0.26175060978576425,6.7566914935631985e-18,p1db,3.5483056723333433e-17,7.409547716949051e-18,1635,1636,-299.868130281408
1097,-0.26792766422963155,6.041763936028522e-18,p1db,3.4246636263699504e-17,6.8514632277984334e-18,1636,1637,-300.13725452674345
1098,-0.25701047384143294,5.217464939617191e-18,p1db,3.3939966526626793e-17,6.385146648738492e-18,1637,1638,-300.4039856098673
1099,-0.2365522356857923,4.299993020383752e-18,p1db,3.4605578709746047e-17,6.0688097747255916e-18,1638,1639,-300.6512754744263
1100,-0.23178116277517802,3.3103023707688026e-18,p1db,3.613947305878978e-17,5.950959427394735e-18,1639,1640,-300.87709008123886
1101,-0.3143563039408832,2.279331024018083e-18,p1db,3.83334391447499e-17,6.054464104216526e-18,1640,1641,-301.11483779997667
1102,-0.7758295643401425,1.2803593737865687e-18,p1db,4.0937710416214636e-17,6.3655751857091316e-18,1641,1642,-301.5058026891206
1103,-1.0753036716783697,7.476805423863123e-19,p1db,4.370704844628515e-17,6.8380859881839034e-18,1642,1643,-302.66649692865695
1104,-0.6563594835189406,1.426691865743775e-18,p1db,4.642214377091879e-17,7.409137878975823e-18,1643,1644,-303.65641003247737
1105,-0.25114766307956415,2.4420370220860194e-18,p1db,4.889643848556666e-17,8.015006115690773e-18,1644,1645,-303.97921589569484
1106,-0.1581565951046855,3.474128409116282e-18,p1db,5.097854286992598e-17,8.600847324843662e-18,1645,1646,-304.1587053586365
1107,-0.1287915560481281,4.464257767233644e-18,p1db,5.2554034522046174e-17,9.12481135649948e-18,1646,1647,-304.2955290859042
1108,-0.11787948707441842,5.383562501602139e-18,p1db,5.354581405246478e-17,9.558105683868179e-18,1647,1648,-304.41628847073275
1109,-0.11479362290845074,6.2090325255166645e-18,p1db,5.39115497212371e-17,9.88222051459185e-18,1648,1649,-304.53128806005304
1110,-0.11616883306032832,6.920499291518829e-18,p1db,5.36389274160762e-17,1.0085059830769112e-17,1649,1650,-304.64587571654965
1111,-0.12082766834961944,7.501432287445042e-18,p1db,5.27416289153629e-17,1.0158295846535062e-17,1650,1651,-304.7636257261737
1112,-0.12850668266588627,7.939778806620725e-18,p1db,5.125884603173953e-17,1.0097394076048511e-17,1651,1652,-304.8875310532489
1113,-0.13947090018584163,8.227711793262931e-18,p1db,4.9258752641879877e-17,9.903679460298699e-18,1652,1653,-305.0206390915055
1114,-0.15427300411204214,8.360715015417722e-18,p1db,4.6843843651557664e-17,9.586322859495607e-18,1653,1654,-305.1664728536206
1115,-0.17336826476798706,8.336908633304882e-18,p1db,4.4155328784184414e-17,9.16255189423182e-18,1654,1655,-305.32918509972956
1116,-0.19644881743650444,8.15696680877331e-18,p1db,4.1374691813398956e-17,8.656196836515212e-18,1655,1656,-305.51320938315655
1117,-0.22147905469643092,7.824337385675035e-18,p1db,3.872116172280771e-17,8.096198283825611e-18,1656,1657,-305.72208273460257
1118,-0.24375595557955876,7.345424306299256e-18,p1db,3.644222124638552e-17,7.516799545295203e-18,1657,1658,-305.9561674925494
1119,-0.2561692438602279,6.72970927726631e-18,p1db,3.4790612786012117e-17,6.95984212366742e-18,1658,1659,-306.2095946457617
1120,-0.25254679329137275,5.989885701538951e-18,p1db,3.3980977181585456e-17,6.477335445295755e-18,1659,1660,-306.46850598026987
1121,-0.2340450911804055,5.1418622155395696e-18,p1db,3.413214266863045e-17,6.129700935606548e-18,1660,1661,-306.71468823234443
1122,-0.21393242994957973,4.204500751086401e-18,p1db,3.522452545783176e-17,5.973810733020365e-18,1661,1662,-306.9365961626307
1123,-0.21950164134449324,3.1998558097391697e-18,p1db,3.710491872682278e-17,6.0411186464866595e-18,1662,1663,-307.1425530922436
1124,-0.3292463871947291,2.1580641707529843e-18,p1db,3.953596039590964e-17,6.320716030155013e-18,1663,1664,-307.37559944531966
1125,-0.8756983707903032,1.156169176442073e-18,p1db,4.2256109920152756e-17,6.764341506288964e-18,1664,1665,-307.80104586663305
1126,-1.1053409412381257,7.328647703450268e-19,p1db,4.5022434443471027e-17,7.308290381637412e-18,1665,1666,-309.12699618690027
1127,-0.5880287156217889,1.5335030242954278e-18,p1db,4.763071457581574e-17,7.89275632431047e-18,1666,1667,-310.0117277491093
1128,-0.23182772460211254,2.5849811915139215e-18,p1db,4.991927446157589e-17,8.46926667049772e-18,1667,1668,-310.30305361814385
1129,-0.15376363396418924,3.637080989436359e-18,p1db,5.1764529649419755e-17,8.999595611823025e-18,1668,1669,-310.4753831983135
1130,-0.12787790281791445,4.637470450511585e-18,p1db,5.3074635119309927e-17,9.452580262542886e-18,1669,1670,-310.6105808860722
1131,-0.11776114915679159,5.557817011219729e-18,p1db,5.3785335146646805e-17,9.802739591017476e-18,1670,1671,-310.73113900394935
1132,-0.11467244025297418,6.376739605717876e-18,p1db,5.38594518178311e-17,1.0031146615535234e-17,1671,1672,-310.8461031843858
1133,-0.11599360746629372,7.076691350382447e-18,p1db,5.328912724565289e-17,1.012689228942874e-17,1672,1673,-310.9604838844553
1134,-0.12103286766222254,7.643342662308549e-18,p1db,5.2098811710759723e-17,1.008747289356115e-17,1673,1674,-311.0780903993184
1135,-0.12977387630189696,8.06547787221582e-18,p1db,5.03471676084878e-17,9.917722695542855e-18,1674,1675,-311.20254961977975
1136,-0.1423784463718789,8.334771910685741e-18,p1db,4.8127091876384394e-17,9.628045332843064e-18,1675,1676,-311.3376381519222
1137,-0.15892736228528292,8.44560837574339e-18,p1db,4.5564497364576925e-17,9.233011044909992e-18,1676,1677,-311.4873065125235
1138,-0.17913712889568956,8.395410956297784e-18,p1db,4.2817652928187754e-17,8.75115936611109e-18,1677,1678,-311.65549287649276
1139,-0.20182237430489636,8.18545468554967e-18,p1db,4.007842655837785e-17,8.206414504581599e-18,1678,1679,-311.8455807703149
1140,-0.22404369095269772,7.821398975485065e-18,p1db,3.7573251543140164e-17,7.630859895562721e-18,1679,1680,-312.05913762510255
1141,-0.24053536053176572,7.312789204994822e-18,p1db,3.5555118235942824e-17,7.067639275471925e-18,1680,1681,-312.2936681522203
1142,-0.24507526923727596,6.671643175027943e-18,p1db,3.4272862541344505e-17,6.571564062765431e-18,1681,1682,-312.5402083461661
1143,-0.23503778464012726,5.91111497996508e-18,p1db,3.3911911508174367e-17,6.204056078770859e-18,1682,1683,-312.78381869069483
1144,-0.2163071006796713,5.045247770474389e-18,p1db,3.4529342377782376e-17,6.019938893415321e-18,1683,1684,-313.01028391544634
1145,-0.2036235052633515,4.090099124505243e-18,p1db,3.6029937067402585e-17,6.0493020794666425e-18,1684,1685,-313.2164328920542
1146,-0.22275941220644313,3.0662706740883616e-18,p1db,3.820420506896272e-17,6.286039087727036e-18,1685,1686,-313.41753092597304
1147,-0.3712746352831289,2.006324679905758e-18,p1db,4.079619347080029e-17,6.6925235142481635e-18,1686,1687,-313.66195171646706
1148,-0.9926978633068018,1.0074082088284919e-18,p1db,4.35570930453016e-17,7.214860895947152e-18,1687,1688,-314.1600801965393
1149,-1.1035452191404431,7.820332023422034e-19,p1db,4.626978207613882e-17,7.796318496600822e-18,1688,1689,-315.64734744308066
1150,-0.4884731708238803,1.6908778770148195e-18,p1db,4.8753214651667236e-17,8.384250176801471e-18,1689,1690,-316.3671706348202
1151,-0.20980967407425055,2.7567237954322137e-18,p1db,5.0859526500584404e-17,8.932908766529142e-18,1690,1691,-316.6242937847284
1152,-0.14682274661430483,3.806335689688491e-18,p1db,5.247171479509279e-17,9.404954295788057e-18,1691,1692,-316.7867899829687
1153,-0.1249761712323334,4.798317775737375e-18,p1db,5.350427075075574e-17,9.772590391396558e-18,1692,1693,-316.91793927795703
1154,-0.11683519934737774,5.708372547493083e-18,p1db,5.390547750956511e-17,1.0018057116579173e-17,1693,1694,-317.03674232543335
1155,-0.11536542982790365,6.516626016136273e-18,p1db,5.365861876730565e-17,1.0132902332468126e-17,1694,1695,-317.1516096766518
1156,-0.11817178291710206,7.204946824367174e-18,p1db,5.2780277395657384e-17,1.0115899017826622e-17,1695,1696,-317.26747318508916
1157,-0.12438340643376478,7.757138681064605e-18,p1db,5.131651678797493e-17,9.97047948240179e-18,1696,1697,-317.387953242486
1158,-0.1337957449813132,8.160467609464695e-18,p1db,4.933997958777619e-17,9.703282591618064e-18,1697,1698,-317.5162399979567
1159,-0.14654096207075895,8.406995742795532e-18,p1db,4.695083120895618e-17,9.324904594098078e-18,1698,1699,-317.6555447324486
1160,-0.1628130612923826,8.49360882209778e-18,p1db,4.428196918992114e-17,8.852372841259295e-18,1699,1700,-317.8093219220982
1161,-0.18238456042763573,8.420866417223508e-18,p1db,4.1505770248346367e-17,8.311584309309285e-18,1700,1701,-317.9811708550334
1162,-0.203766213238481,8.191741124992175e-18,p1db,3.883732447577994e-17,7.738128357338925e-18,1701,1702,-318.1740910429535
1163,-0.22327053128958596,7.811137849396759e-18,p1db,3.652735731454392e-17,7.176259514323088e-18,1702,1703,-318.38870328151035
1164,-0.23513319003589572,7.286201975497119e-18,p1db,3.4836612622401306e-17,6.676779287194666e-18,1703,1704,-318.62063210553265
1165,-0.23432390538187065,6.626821466761506e-18,p1db,3.398667893531191e-17,6.293825071242225e-18,1704,1705,-318.85896966158214
1166,-0.22140213334188275,5.845857905265691e-18,p1db,3.409836045830995e-17,6.0783965622926966e-18,1705,1706,-319.0892799162964
1167,-0.20481302119830502,4.959140530206185e-18,p1db,3.515127784814651e-17,6.06631929503928e-18,1706,1707,-319.3017739282659
1168,-0.19869288593125134,3.985611178858033e-18,p1db,3.699441149102073e-17,6.264324095552782e-18,1707,1708,-319.498905958693
1169,-0.2280751910428762,2.9485344025740734e-18,p1db,3.93975522189025e-17,6.644786916683704e-18,1708,1709,-319.6991597001284
1170,-0.41190805455701707,1.8828174949490843e-18,p1db,4.2106853188304456e-17,7.15456339572003e-18,1709,1710,-319.95505634077875
1171,-1.0628856930913173,9.018052848448467e-19,p1db,4.488143737294098e-17,7.730924294507423e-18,1710,1711,-320.52297580924244
1172,-1.0881190244067227,8.411350626790857e-19,p1db,4.7511416224263263e-17,8.315045385935045e-18,1711,1712,-322.0808277269614
1173,-0.4292428007750857,1.8068370327832503e-18,p1db,4.982540054370391e-17,8.859478449001583e-18,1712,1713,-322.6992138580559
1174,-0.1996471785434153,2.8878667984338273e-18,p1db,5.169240415033474e-17,9.330104839620435e-18,1713,1714,-322.93931332851156
1175,-0.14525472798351302,3.9489739594776805e-18,p1db,5.301964251757248e-17,9.704060159225021e-18,1714,1715,-323.0985082151427
1176,-0.12568206628955636,4.9499238834874306e-18,p1db,5.374757574480891e-17,9.965782309596843e-18,1715,1716,-323.2298227844786
1177,-0.11815573724467754,5.863864585399911e-18,p1db,5.3844825162624536e-17,1.0103878823509627e-17,1716,1717,-323.3498723477218
1178,-0.1165934025179638,6.669469804044662e-18,p1db,5.330569600794178e-17,1.0110687419292506e-17,1717,1718,-323.46613425896794
1179,-0.11900062750785878,7.349519038231126e-18,p1db,5.215130471266486e-17,9.984232006165873e-18,1718,1719,-323.58305915275776
1180,-0.12488060609686613,7.890159369478127e-18,p1db,5.043313490176167e-17,9.730465326416462e-18,1719,1720,-323.70413551398366
1181,-0.13439165664919983,8.280554444083908e-18,p1db,4.823686738504755e-17,9.363794541221147e-18,1720,1721,-323.8328203649515
1182,-0.14782918893195074,8.512994690035689e-18,p1db,4.568486640766232e-17,8.905616843484028e-18,1721,1722,-323.97291882728206
1183,-0.16510347505777645,8.583145300758397e-18,p1db,4.293687094046946e-17,8.382297329009733e-18,1722,1723,-324.1284787428154
1184,-0.18512090591238461,8.49012536127959e-18,p1db,4.018904456300052e-17,7.824449340088606e-18,1723,1724,-324.3031257773976
1185,-0.205138284389335,8.236482574599652e-18,p1db,3.7670361859810866e-17,7.268450382305999e-18,1724,1725,-324.49872055464016
1186,-0.2206121525325102,7.828251901941424e-18,p1db,3.5631396754151705e-17,6.759308202862237e-18,1725,1726,-324.7134023461763
1187,-0.22667710490011928,7.274971693211769e-18,p1db,3.431582932518803e-17,6.3516100930544645e-18,1726,1727,-324.9399448597052
1188,-0.22159558906093935,6.5892554495462655e-18,p1db,3.390842172988514e-17,6.103213616744739e-18,1727,1728,-325.1667565559765
1189,-0.2093435639851009,5.785791751526297e-18,p1db,3.447492559463576e-17,6.058340873264837e-18,1728,1729,-325.38313603782706
1190,-0.19811577897868915,4.880332017824336e-18,p1db,3.5933518294547736e-17,6.227443505150309e-18,1729,1730,-325.5854436839467
1191,-0.1985517514544597,3.889710686189063e-18,p1db,3.808296583895616e-17,6.581195919674371e-18,1730,1731,-325.77936759578444
1192,-0.23566040937566868,2.8342291215829116e-18,p1db,4.066592088797615e-17,7.064933298819587e-18,1731,1732,-325.98254718685564
1193,-0.46935329187326147,1.7478290394287766e-18,p1db,4.342630590440011e-17,7.619291344425298e-18,1732,1733,-326.2506884145358
1194,-1.153160401957706,7.692097152387319e-19,p1db,4.614062059819306e-17,8.192351102006962e-18,1733,1734,-326.92125377060216
1195,-1.0685525806596559,9.28878957217411e-19,p1db,4.862659166865706e-17,8.741744105410149e-18,1734,1735,-328.5570092184512
1196,-0.35764196927021885,1.9702425815399143e-18,p1db,5.074014869041603e-17,9.232377389491253e-18,1735,1736,-329.0583589319215
1197,-0.18157458000857218,3.073858322054423e-18,p1db,5.2369596755478525e-17,9.634719740406748e-18,1736,1737,-329.2722931569916
1198,-0.13746943702099657,4.142630045259179e-18,p1db,5.3431774391987116e-17,9.925261534480645e-18,1737,1738,-329.4215080919386
1199,-0.12089167627092934,5.142545870272666e-18,p1db,5.3871640361903845e-17,1.0088159952301639e-17,1738,1739,-329.5472320310336
1200,-0.11469570448534228,6.049755439927267e-18,p1db,5.3664482955389993e-17,1.0116378837874825e-17,1739,1740,-329.6632914444805
1201,-0.11431829325860576,6.8446542397022335e-18,p1db,5.281869422033553e-17,1.0011400278253202e-17,1740,1741,-329.7766234400043
1202,-0.11821413991850704,7.510594801974198e-18,p1db,5.1376937108237166e-17,9.78166050757083e-18,1741,1742,-329.8919280309977
1203,-0.12577000665331184,8.033417605597116e-18,p1db,4.941482101917833e-17,9.440558148699815e-18,1742,1743,-330.0130517198413
1204,-0.13669805972580207,8.401684131918694e-18,p1db,4.7038429443308324e-17,9.005170450751207e-18,1743,1744,-330.1434680443043
1205,-0.15076944231640255,8.60763924078354e-18,p1db,4.4383590098511114e-17,8.496664671819876e-18,1744,1745,-330.2864478392929
1206,-0.1675165982599367,8.648211359762933e-18,p1db,4.1618870065889415e-17,7.942624409516213e-18,1745,1746,-330.4450069289371
1207,-0.185748082352859,8.525098535821796e-18,p1db,3.8950442465479346e-17,7.38024782552181e-18,1746,1747,-330.6214810358128
1208,-0.20300468840014219,8.243684365422497e-18,p1db,3.662127917546708e-17,6.8581458173221386e-18,1747,1748,-330.81650309364284
1209,-0.21561503781907732,7.81152770510001e-18,p1db,3.4892135720236954e-17,6.433789205400007e-18,1748,1749,-331.0274904126131
1210,-0.22020166572289668,7.237477013573496e-18,p1db,3.399388695836295e-17,6.164128996109911e-18,1749,1750,-331.247733169281
1211,-0.21615217703711664,6.5318303924641746e-18,p1db,3.4059847807413014e-17,6.090162810157087e-18,1750,1751,-331.46789374405887
1212,-0.20681353414926207,5.707094930825015e-18,p1db,3.5076528513801564e-17,6.2228300230073545e-18,1751,1752,-331.6800375233552
1213,-0.19867669504776586,4.7786488001537455e-18,p1db,3.6891581345042744e-17,6.540461813794183e-18,1752,1753,-331.8815208123574
1214,-0.20226439662980056,3.765219396937902e-18,p1db,3.92709869807293e-17,6.99892428901133e-18,1753,1754,-332.07739091345076
1215,-0.24847629805961446,2.690556114334844e-18,p1db,4.1961275599659575e-17,7.544977260253114e-18,1754,1755,-332.286049605617
1216,-0.5589306837788115,1.5943619868873782e-18,p1db,4.472700812806105e-17,8.125207757413429e-18,1755,1756,-332.57434350957
1217,-1.1985192277266492,6.655374263809331e-19,p1db,4.7364052081993236e-17,8.690407284952417e-18,1756,1757,-333.4039109731746
1218,-0.9918714236446817,1.0546124368765356e-18,p1db,4.970148650421698e-17,9.198109703122719e-18,1757,1758,-334.9713819650233
1219,-0.3067827461089223,2.1269574485511854e-18,p1db,5.160182412298447e-17,9.614759754384822e-18,1758,1759,-335.387653820464
1220,-0.17054149276526687,3.2340549365020427e-18,p1db,5.2962501172437884e-17,9.917281987195436e-18,1759,1760,-335.5849474572411
1221,-0.1339452015152176,4.302577482236839e-18,p1db,5.371714259251195e-17,1.0093107079595667e-17,1760,1761,-335.7287368059945
1222,-0.12025639550824962,5.301081380867218e-18,p1db,5.383436699881264e-17,1.013819804659588e-17,1761,1762,-335.85283786027156
1223,-0.11557941385521531,6.2046311124271585e-18,p1db,5.331398083612562e-17,1.0053965965594094e-17,1762,1763,-335.969249597011
1224,-0.11587602074470738,6.991666572210843e-18,p1db,5.2182921142643934e-17,9.84505256291072e-18,1763,1764,-336.083996687982
1225,-0.11972016826564413,7.644690729391121e-18,p1db,5.049388229258597e-17,9.519559672098014e-18,1764,1765,-336.20100163850043
1226,-0.12668689394854482,8.150758644752575e-18,p1db,4.8327814115270764e-17,9.09148458075178e-18,1765,1766,-336.3234370245133
1227,-0.13683348793315986,8.500995382236281e-18,p1db,4.5799066577083365e-17,8.583430106791715e-18,1766,1767,-336.4543754263975
1228,-0.15032111571275664,8.689747485253107e-18,p1db,4.306062741825165e-17,8.02761042770099e-18,1767,1768,-336.5971040003796
1229,-0.16687257773506303,8.714172228759698e-18,p1db,4.030672074986262e-17,7.464680591064557e-18,1768,1769,-336.75501765782303
1230,-0.1850692716104163,8.574420829524601e-18,p1db,3.7769530761332316e-17,6.941425042846879e-18,1769,1770,-336.9308491558497
1231,-0.2019196565832999,8.273969391303878e-18,p1db,3.5704724229804856e-17,6.508260440981023e-18,1770,1771,-337.12515620104386
1232,-0.2135326306073182,7.819662682254808e-18,p1db,3.4358521797103665e-17,6.215520957382675e-18,1771,1772,-337.3346884690163
1233,-0.21717191289334892,7.221438093767789e-18,p1db,3.391460840046567e-17,6.105545334647071e-18,1772,1773,-337.5522214622585
1234,-0.21320657673166465,6.491929978454655e-18,p1db,3.443844610690803e-17,6.1999367132128535e-18,1773,1774,-337.769032294803
1235,-0.20515955394836283,5.646038402932772e-18,p1db,3.5853726718083573e-17,6.488891823259402e-18,1774,1775,-337.97863461572183
1236,-0.19881075793318814,4.7004513986069524e-18,p1db,3.7969239508227876e-17,6.932166834038167e-18,1775,1776,-338.17935140269975
1237,-0.20438466606378825,3.67349219698459e-18,p1db,4.053534390351419e-17,7.471753385734405e-18,1776,1777,-338.3762561315882
1238,-0.25701618341074095,2.5869901519610164e-18,p1db,4.329609934757911e-17,8.047244845346341e-18,1777,1778,-338.5881207348273
1239,-0.646320415248482,1.4796253383433809e-18,p1db,4.6021303136834855e-17,8.606590994718784e-18,1778,1779,-338.8902884984097
1240,-1.2404944835737695,5.889610498728872e-19,p1db,4.8520360860392705e-17,9.110461551892126e-18,1779,1780,-339.8807615653243
1241,-0.92439293927481,1.1633710088110995e-18,p1db,5.0644591614718396e-17,9.531384586212862e-18,1780,1781,-341.3712774655572
1242,-0.27082630668061825,2.277686060831722e-18,p1db,5.2283422774183284e-17,9.850049542075846e-18,1781,1782,-341.7295474438739
1243,-0.16070487757744445,3.4062497959739357e-18,p1db,5.3358681831583995e-17,1.0051766065795633e-17,1782,1783,-341.91293007891846
1244,-0.12931025841518817,4.4872669704135745e-18,p1db,5.3820183843636677e-17,1.0125408789140762e-17,1783,1784,-342.0509571990288
1245,-0.11699279380735561,5.490641392778077e-18,p1db,5.364427311460554e-17,1.006510069168875e-17,1784,1785,-342.17155059574884
1246,-0.11251481388634943,6.392962226741608e-18,p1db,5.283521233980077e-17,9.872804854301033e-18,1785,1786,-342.2849427866435
1247,-0.1127753389313284,7.174260260359533e-18,p1db,5.1428105910025503e-17,9.55957151977336e-18,1786,1787,-342.39658022352154
1248,-0.11690776998017327,7.817748728965764e-18,p1db,4.9491699568556514e-17,9.144556902539153e-18,1787,1788,-342.51049346450617
1249,-0.12472188744527557,8.310148726912543e-18,p1db,4.712981643015724e-17,8.652731160369247e-18,1788,1789,-342.6303957634819
1250,-0.13606796465487037,8.64188445857402e-18,p1db,4.4481254390244965e-17,8.113111243811118e-18,1789,1790,-342.7599372393967
1251,-0.15050237695010082,8.807115133381903e-18,p1db,4.171914144057262e-17,7.559015773034282e-18,1790,1791,-342.9025316927916
1252,-0.1671034276124317,8.803848745083883e-18,p1db,3.9050472530856827e-17,7.030439515074522e-18,1791,1792,-343.0609419932969
1253,-0.3594174296764834,8.634126338792884e-18,p1db,3.671296085962818e-17,6.5764398354652e-18,1792,1793,-343.2367385480165
1254,-0.37830757606664633,5.428783987427068e-18,p1db,7.183750957104329e-17,8.717896557387216e-18,2422,2423,-343.7797768526499
1255,-0.20226479662960628,6.516291506949909e-18,p1db,7.281319100002694e-17,8.446985190108999e-18,2423,2424,-343.9933537001498
1256,-0.17776889826899378,7.479125508227583e-18,p1db,7.424064160767675e-17,8.158827215148883e-18,2424,2425,-344.1843064459091
1257,-0.14966796691223294,8.292933820004833e-18,p1db,7.597802250078774e-17,7.858261715687725e-18,2425,2426,-344.34889149668777
1258,-0.11896454735955331,8.93631693838133e-18,p1db,7.78591225550622e-17,7.557602128489114e-18,2426,2427,-344.48364237973357
1259,-0.0884939191135743,9.39473711494159e-18,p1db,7.972333793854407e-17,7.288069583187651e-18,2427,2428,-344.5868205914069
1260,-0.06303431731626574,9.661389340806939e-18,p1db,8.143359706413636e-17,7.097144307268183e-18,2428,2429,-344.6606302179607
1261,-0.047439888436144884,9.733217905370323e-18,p1db,8.28767677259782e-17,7.027678917478943e-18,2429,2430,-344.7128892260394
1262,-0.04350586385231736,9.60639532695712e-18,p1db,8.395575793375793e-17,7.092937071529073e-18,2430,2431,-344.755509994833
1263,-0.04906245120832864,9.277217543051078e-18,p1db,8.458812767393997e-17,7.271596046710822e-18,2431,2432,-344.79990095374404
1264,-0.06050601088776375,8.748212373597597e-18,p1db,8.471696367367505e-17,7.527505013243035e-18,2432,2433,-344.85363489724966
1265,-0.07550375015225086,8.032525664753246e-18,p1db,8.432572852470421e-17,7.83149359879822e-18,2433,2434,-344.92091297551957
1266,-0.09330890100241618,7.151495182918143e-18,p1db,8.34446872287633e-17,8.164979873528692e-18,2434,2435,-345.00464239755416
1267,-0.11365171403286922,6.128581630934451e-18,p1db,8.214496344156564e-17,8.50908075400106e-18,2435,2436,-345.1075307775244
1268,-0.13604567347323382,4.9863210692652746e-18,p1db,8.052612337995641e-17,8.836030221502435e-18,2436,2437,-345.2319458256199
1269,-0.16030414743534038,3.747697833095462e-18,p1db,7.870527346820316e-17,9.112635712033073e-18,2437,2438,-345.37962212447087
1270,-0.1918462400028318,2.4376201533580096e-18,p1db,7.681143550984863e-17,9.31158137101675e-18,2438,2439,-345.5525541204906
1271,-1.6737720812580505,1.081722403278419e-18,p1db,7.498385429716075e-17,9.420408096698613e-18,2439,2440,-345.76331460447653
1272,-1.742257747983416,3.024888989520559e-19,p1db,7.336942561650992e-17,9.442134559055513e-18,2440,2441,-348.9000982830067
1273,-0.29146319456827996,1.6782146123012714e-18,p1db,7.211335371441089e-17,9.38852548278983e-18,2441,2442,-349.24783010044337
1274,-0.231826911671277,3.0314040266107996e-18,p1db,7.134018820469823e-17,9.271222140903376e-18,2442,2443,-349.48302467214324
1275,-0.2245351270834135,4.330125336997708e-18,p1db,7.11298729256154e-17,9.096425214272976e-18,2443,2444,-349.7114839237859
1276,-0.21359216194525743,5.544334911243421e-18,p1db,7.150022654179153e-17,8.866278731143839e-18,2444,2445,-349.93209492631007
1277,-0.19611378775198318,6.648598019617477e-18,p1db,7.240572525223287e-17,8.585735176284827e-18,2445,2446,-350.13866824767643
1278,-0.17239352537799846,7.624000035292714e-18,p1db,7.375202139180223e-17,8.270060983861879e-18,2446,2447,-350.32432250181404
1279,-0.14457334276727352,8.455004067653165e-18,p1db,7.541589193570443e-17,7.94756438888179e-18,2447,2448,-350.48345529843243
1280,-0.11612184640006262,9.12495543590702e-18,p1db,7.726031888929665e-17,7.654749747979473e-18,2448,2449,-350.6134691873486
1281,-0.09063464498456142,9.615583099023776e-18,p1db,7.91423146122187e-17,7.425923979781372e-18,2449,2450,-350.71569899123256
1282,-0.070427179853084,9.911291541343221e-18,p1db,8.091805128287075e-17,7.28408302958714e-18,2450,2451,-350.7947384773177
1283,-0.05619750306445326,1.0003547878993511e-17,p1db,8.245055577284363e-17,7.239863800732609e-18,2451,2452,-350.8565533509387
1284,-0.04813663703848192,9.891020892156332e-18,p1db,8.362146538134443e-17,7.29783728501589e-18,2452,2453,-350.9071334834466
1285,-0.04703479514344622,9.576871290482421e-18,p1db,8.434413257755025e-17,7.461213763422811e-18,2453,2454,-350.9528266250157
1286,-0.05375654159317378,9.067845739354585e-18,p1db,8.457274844270543e-17,7.727291135737164e-18,2454,2455,-351.0012030737335
1287,-0.06758563068140688,8.375928890535826e-18,p1db,8.430247222501139e-17,8.076927348292352e-18,2455,2456,-351.06033970820204
1288,-0.08556667675591711,7.518366686646983e-18,p1db,8.356063484989849e-17,8.470195772562949e-18,2456,2457,-351.1363743350963
1289,-0.10368841491677472,6.513958882216477e-18,p1db,8.23966466659663e-17,8.855803241063116e-18,2457,2458,-351.23147306171387
1290,-0.11825768151174998,5.379706667798985e-18,p1db,8.088007765082675e-17,9.18868273983511e-18,2458,2459,-351.34375116492987
1291,-0.12429426670780686,4.1327221144778926e-18,p1db,7.910803059814805e-17,9.443435063904841e-18,2459,2460,-351.46798842473737
1292,-0.09738802376818967,2.7963594190704436e-18,p1db,7.721192252311836e-17,9.615507194711977e-18,2460,2461,-351.5923396983455
1293,0.6415618395774061,1.4081595648425016e-18,p1db,7.535191547270762e-17,9.711164450810246e-18,2461,2462,-351.66276447227375
1294,1.1656648481919376,3.0207034407429222e-19,p1db,7.369668770559921e-17,9.734966523065407e-18,2462,2463,-350.30921601919067
1295,0.42786552708295744,1.5171986656069716e-18,p1db,7.239751348701803e-17,9.684406850756113e-18,2463,2464,-349.3314347758899
1296,-0.15386123302619126,2.9072495806583674e-18,p1db,7.156855038463144e-17,9.554707992694155e-18,2464,2465,-349.45348496502476
1297,-0.19062806496899043,4.257537686079192e-18,p1db,7.127876122695492e-17,9.348527019695046e-18,2465,2466,-349.63915724194226
1298,-0.19221388436668008,5.538612737102263e-18,p1db,7.155198237083948e-17,9.082213963130795e-18,2466,2467,-349.83474109496274
1299,-0.1811881679739713,6.724025089216095e-18,p1db,7.236791215906695e-17,8.783364283224894e-18,2467,2468,-350.0235850106756
1300,-0.1633206331071051,7.787258509622755e-18,p1db,7.366056504401822e-17,8.480873509289647e-18,2468,2469,-350.1971174309107
1301,-0.14117842564104421,8.703169417630154e-18,p1db,7.531783925651573e-17,8.194856821074288e-18,2469,2470,-350.3502262768898
1302,-0.11612674467696138,9.448754850048787e-18,p1db,7.718940582626001e-17,7.935379166474618e-18,2470,2471,-350.47947428219277
1303,-0.08970618859061119,1.000383654202289e-17,p1db,7.910633169648624e-17,7.712774495279423e-18,2471,2472,-350.58247976624375
1304,-0.06503733551701885,1.0353309974663087e-17,p1db,8.090707177893697e-17,7.550963393606113e-18,2472,2473,-350.658886659374
1305,-0.046882717162986864,1.048972539274217e-17,p1db,8.245791334803433e-17,7.4880889353754e-18,2473,2474,-350.7125544372778
1306,-0.03921092297917994,1.041269300892967e-17,p1db,8.365856428728227e-17,7.556448355617885e-18,2474,2475,-350.75265209369996
1307,-0.04208234683574119,1.0124601075033593e-17,p1db,8.44350657006566e-17,7.755973768423415e-18,2475,2476,-350.79097628323615
1308,-0.05166895644737224,9.627460932177203e-18,p1db,8.473261586627117e-17,8.048862474976952e-18,2476,2477,-350.83681678737145
1309,-0.06356118347937922,8.925590239011938e-18,p1db,8.451921280960922e-17,8.382565619870086e-18,2477,2478,-350.8943141961309
1310,-0.07531212407681664,8.031972867288894e-18,p1db,8.379826978908812e-17,8.717605423946208e-18,2478,2479,-350.9639391543302
1311,-0.08584993995953027,6.971029536527111e-18,p1db,8.261819685979741e-17,9.035976238489037e-18,2479,2480,-351.0449384442845
1312,-0.09269118628000683,5.7744824330031346e-18,p1db,8.10699470715949e-17,9.329232979837378e-18,2480,2481,-351.13563903424927
1313,-0.08651608766552954,4.4752973491691856e-18,p1db,7.927452467162202e-17,9.583148626277279e-18,2481,2482,-351.23032081684454
1314,-0.025264462141677768,3.108129671658842e-18,p1db,7.736889717330104e-17,9.774299789748094e-18,2482,2483,-351.3086712095803
1315,0.427378739300309,1.7323260201692344e-18,p1db,7.549638248109463e-17,9.879696404641102e-18,2483,2484,-351.2808497411279
1316,0.9152334918009899,7.391678061473064e-19,p1db,7.38014415199899e-17,9.889113020242107e-18,2484,2485,-350.4539137309797
1317,0.5122058287404911,1.5810599335745276e-18,p1db,7.242446568990384e-17,9.809746847396067e-18,2485,2486,-349.4503827575259
1318,-0.05620373174659221,2.9587319568478803e-18,p1db,7.14915441980994e-17,9.660537208342837e-18,2486,2487,-349.4295020734987
1319,-0.15199894169248296,4.346529174133809e-18,p1db,7.109737018148135e-17,9.461081686266837e-18,2487,2488,-349.5627902210191
1320,-0.1736915326507642,5.6729868893079044e-18,p1db,7.12855778282858e-17,9.22321692227104e-18,2488,2489,-349.7334999568837
1321,-0.17200030205114558,6.898836755888781e-18,p1db,7.203617724168902e-17,8.951229078178039e-18,2489,2490,-349.9101732863206
1322,-0.1577804846299955,7.9928381145773e-18,p1db,7.326848029034715e-17,8.650552380414805e-18,2490,2491,-350.077500560986
1323,-0.13574306033783046,8.931440525257995e-18,p1db,7.485888617322878e-17,8.338440483961817e-18,2491,2492,-350.2257342555806
1324,-0.11003009585047607,9.69803649549349e-18,p1db,7.66636832276937e-17,8.047983625821526e-18,2492,2493,-350.34898668166164
1325,-0.08528044197868212,1.0278739936249905e-17,p1db,7.853619893987317e-17,7.8205631715181e-18,2493,2494,-350.44579444728157
1326,-0.06564932285129998,1.0658578525999584e-17,p1db,8.033501518549544e-17,7.689966159106217e-18,2494,2495,-350.519547565619
1327,-0.05314360126132556,1.082278396851839e-17,p1db,8.192768636137815e-17,7.669632106911908e-18,2495,2496,-350.57709309298417
1328,-0.0472690713631323,1.0762487717906757e-17,p1db,8.319590628224966e-17,7.75371801887544e-18,2496,2497,-350.62583476814166
1329,-0.04650605934730834,1.047894779331802e-17,p1db,8.404406602672638e-17,7.92924331863979e-18,2497,2498,-350.67163123571044
1330,-0.04990872999246676,9.982219715163298e-18,p1db,8.440889549586239e-17,8.185290935585563e-18,2498,2499,-350.7188468868363
1331,-0.057208338210699594,9.286873602157178e-18,p1db,8.426641039565084e-17,8.510373615091172e-18,2499,2500,-350.77144869569537
1332,-0.06762873239978262,8.41002987353469e-18,p1db,8.363295096600396e-17,8.882982221889315e-18,2500,2501,-350.8332635632577
1333,-0.07865214724455427,7.372425751913006e-18,p1db,8.255934818573688e-17,9.267146745787745e-18,2501,2502,-350.90670616049493
1334,-0.08510957422066667,6.198875012568348e-18,p1db,8.112162484138035e-17,9.61922300451667e-18,2502,2503,-350.9905678577468
1335,-0.07617841639594758,4.9171275157463395e-18,p1db,7.941495284377996e-17,9.901516090451684e-18,2503,2504,-351.07692530893627
1336,-0.01694430100096156,3.560900132409156e-18,p1db,7.755460035378762e-17,1.0093303337518496e-17,2504,2505,-351.1429246905387
1337,0.27514552283253124,2.1957720152532628e-18,p1db,7.567930177344628e-17,1.0192731242162066e-17,2505,2506,-351.1108139109382
1338,0.7575651749291126,1.1256510154306527e-18,p1db,7.3947265250417e-17,1.02094742339829e-17,2506,2507,-350.5926336448736
1339,0.5819361636285407,1.535485599969465e-18,p1db,7.251916064338426e-17,1.0153847765410464e-17,2507,2508,-349.59568356107997
1340,0.042358558428787774,2.8341392905120195e-18,p1db,7.15326209736164e-17,1.0030223979562868e-17,2508,2509,-349.42876131761653
1341,-0.11396372109643949,4.2255823701732845e-18,p1db,7.107971912530917e-17,9.839091411268622e-18,2509,2510,-349.5109664442224
1342,-0.1531301087677832,5.578511780366704e-18,p1db,7.119667755778837e-17,9.585350881871551e-18,2510,2511,-349.6566887598094
1343,-0.15774059777683647,6.849901134245378e-18,p1db,7.186641224947523e-17,9.285973240135516e-18,2511,2512,-349.81722666175796
1344,-0.14720138661527926,8.010451960467289e-18,p1db,7.302723767641821e-17,8.970726737482591e-18,2512,2513,-349.9721699553631
1345,-0.12966439198416424,9.032249459689242e-18,p1db,7.458073495041722e-17,8.67430593999217e-18,2513,2514,-350.1116294349885
1346,-0.10953726162370003,9.888255373877445e-18,p1db,7.639731967971634e-17,8.424630296957374e-18,2514,2515,-350.2314987393314
1347,-0.08891404347721732,1.0554701530888731e-17,p1db,7.832364478148457e-17,8.236495341654182e-18,2515,2516,-350.3307039582359
1348,-0.06891273952820143,1.1012632564084456e-17,p1db,8.019653977048482e-17,8.116844304954038e-18,2516,2517,-350.40932682628585
1349,-0.05143331714032229,1.1248565766168268e-17,p1db,8.186306385471822e-17,8.077083414036388e-18,2517,2518,-350.4685294372923
1350,-0.03973747775265224,1.1255690168108625e-17,p1db,8.319946748733657e-17,8.138141427082225e-18,2518,2519,-350.5121934605665
1351,-0.03662715586190757,1.1034882161609234e-17,p1db,8.411983164273765e-17,8.317722829327954e-18,2519,2520,-350.5480043927976
1352,-0.041781797794442355,1.059317006091096e-17,p1db,8.457176092078774e-17,8.6082346326529e-18,2520,2521,-350.5854477722903
1353,-0.05145937282728141,9.940092050939438e-18,p1db,8.452727290249654e-17,8.96877654687702e-18,2521,2522,-350.6315679883865
1354,-0.06098142954186869,9.086266013451935e-18,p1db,8.39808419393506e-17,9.342365498331548e-18,2522,2523,-350.68836651794487
1355,-0.06686144377201231,8.047093343874515e-18,p1db,8.295798842112103e-17,9.683110571805567e-18,2523,2524,-350.75353084747024
1356,-0.06586372946327401,6.848655989450297e-18,p1db,8.152546810318294e-17,9.970326768339474e-18,2524,2525,-350.8220894054889
1357,-0.04986718121071476,5.530672412899709e-18,p1db,7.979158880277436e-17,1.0201643116939608e-17,2525,2526,-350.8852583063968
1358,0.009320636488013179,4.148463793257472e-18,p1db,7.78944256638528e-17,1.0375743761459493e-17,2526,2527,-350.9218237679103
1359,0.20916479056867843,2.795464972610027e-18,p1db,7.598535009791967e-17,1.0481644889022673e-17,2527,2528,-350.86661703342077
1360,0.5477563112744974,1.7511922158963712e-18,p1db,7.421586817402162e-17,1.0502544517395136e-17,2528,2529,-350.50349418677297
1361,0.5142730212029676,1.8136838807262972e-18,p1db,7.272939579050616e-17,1.042854818259855e-17,2529,2530,-349.77110441087177
1362,0.14523634501787797,2.9136271668199276e-18,p1db,7.165392700501921e-17,1.026644627448585e-17,2530,2531,-349.47494814436703
1363,-0.0551943385643483,4.283170704758539e-18,p1db,7.109102911057083e-17,1.0038881050915289e-17,2531,2532,-349.480631720836
1364,-0.12121366835722824,5.674585039990053e-18,p1db,7.110065937990971e-17,9.773881314931807e-18,2532,2533,-349.58533682149573
1365,-0.14064367970982516,7.004828463122638e-18,p1db,7.168675435573706e-17,9.492599764111502e-18,2533,2534,-349.7230590575505
1366,-0.139106549717809,8.225649686723963e-18,p1db,7.279150987296983e-17,9.204610093000515e-18,2534,2535,-349.8666241809154
1367,-0.12561748607708978,9.299992593143318e-18,p1db,7.430366595622864e-17,8.914966028609346e-18,2535,2536,-350.0012721569861
1368,-0.1051713060130055,1.0198869996154287e-17,p1db,7.607858941590107e-17,8.63784114391557e-18,2536,2537,-350.11785915306956
1369,-0.08242818099810734,1.0901751657715343e-17,p1db,7.796113989489851e-17,8.404793206364103e-18,2537,2538,-350.2116147690121
1370,-0.06234856771425257,1.1394722911088407e-17,p1db,7.980214471839903e-17,8.25770897332419e-18,2538,2539,-350.2827155150658
1371,-0.048790648645649526,1.1666381458580483e-17,p1db,8.146579369551429e-17,8.22815761432916e-18,2539,2540,-350.3363119044406
1372,-0.04272210453166281,1.1705680044182993e-17,p1db,8.283236652476258e-17,8.319369831045315e-18,2540,2541,-350.3802968123571
1373,-0.0423501315176793,1.1504986913647485e-17,p1db,8.380229882290501e-17,8.508123261145109e-18,2541,2542,-350.42175611350393
1374,-0.0451747200141881,1.1065981816132814e-17,p1db,8.43033168139661e-17,8.764012488937509e-18,2542,2543,-350.46499707539243
1375,-0.04964148273202795,1.0402370440152527e-17,p1db,8.429769587123261e-17,9.065754266297484e-18,2543,2544,-350.5121055535323
1376,-0.054987385290274915,9.5368589493594e-18,p1db,8.378622897576005e-17,9.400657727844328e-18,2544,2545,-350.5642800408565
1377,-0.0598553598682372,8.496231544701129e-18,p1db,8.28077572223214e-17,9.75256824587324e-18,2545,2546,-350.62208032411286
1378,-0.06053465532460223,7.309712220525367e-18,p1db,8.143463165349179e-17,1.0093253314158581e-17,2546,2547,-350.68399076059296
1379,-0.04809149188434958,6.011773831424299e-18,p1db,7.976541984365142e-17,1.038617438797038e-17,2547,2548,-350.74314963476206
1380,0.0005041401016114833,4.649543603054827e-18,p1db,7.79177641572493e-17,1.0599113221452253e-17,2548,2549,-350.78017374436166
1381,0.14941329506532952,3.3071086075751455e-18,p1db,7.602432393270564e-17,1.0715539432711334e-17,2549,2550,-350.74214135455884
1382,0.43051610531588835,2.2123040117120196e-18,p1db,7.423078816431332e-17,1.0737336256238298e-17,2550,2551,-350.481347154231
1383,0.4882782702005102,1.9946292274447158e-18,p1db,7.269006492479393e-17,1.067830120570946e-17,2551,2552,-349.88110914392706
1384,0.21445826522960942,2.8839591856942096e-18,p1db,7.154710246021829e-17,1.0553556142183882e-17,2552,2553,-349.50479061383
1385,-0.012075977886468081,4.197484676429964e-18,p1db,7.091590022641195e-17,1.0372280786406624e-17,2553,2554,-349.45219261346784
1386,-0.09988705324104785,5.583934606392655e-18,p1db,7.085813717228264e-17,1.0138644076506593e-17,2554,2555,-349.5289425696029
1387,-0.1284806818521247,6.92724641279218e-18,p1db,7.137374661815144e-17,9.859644096813114e-18,2555,2556,-349.65196671994994
1388,-0.1303989081943655,8.175411469368225e-18,p1db,7.240644776855941e-17,9.55343686602635e-18,2556,2557,-349.78590393330717
1389,-0.11892775336465888,9.295768730630233e-18,p1db,7.385834095418205e-17,9.251300418264006e-18,2557,2558,-349.91276453633867
1390,-0.10181667563037422,1.0260513358874501e-17,p1db,7.560465193552629e-17,8.990441150554966e-18,2558,2559,-350.0237594400365
1391,-0.08409223556290613,1.1042740008023305e-17,p1db,7.750380063947288e-17,8.801352920516313e-18,2559,2560,-350.1163978875994
1392,-0.06821888701153966,1.1618185360368808e-17,p1db,7.94044666425884e-17,8.69881834532236e-18,2560,2561,-350.1919439111623
1393,-0.05476261274731087,1.196842798571861e-17,p1db,8.11547257218676e-17,8.684149969443837e-18,2561,2562,-350.2528356616225
1394,-0.044056043491252694,1.2082468707970223e-17,p1db,8.261621544567958e-17,8.756307517583728e-18,2562,2563,-350.3014691366569
1395,-0.03739924926645699,1.1956716464175727e-17,p1db,8.368029834262928e-17,8.919797977369605e-18,2563,2564,-350.340947748605
1396,-0.03636486661767435,1.1594878865546752e-17,p1db,8.427838381919106e-17,9.178913843191553e-18,2564,2565,-350.37626763518983
1397,-0.04084810404822292,1.1007651680892007e-17,p1db,8.438060011240492e-17,9.521869608068841e-18,2565,2566,-350.41367748184035
1398,-0.048090283912756604,1.0211035775420882e-17,p1db,8.398618258166309e-17,9.911535434939152e-18,2566,2567,-350.4579638432863
1399,-0.05362892166954225,9.22431703460783e-18,p1db,8.311668494329764e-17,1.0295005627873324e-17,2567,2568,-350.50985804966587
1400,-0.05247973932901573,8.070986824325126e-18,p1db,8.181977679221098e-17,1.0625546454114972e-17,2568,2569,-350.56522168662536
1401,-0.0378710154797659,6.784451740421531e-18,p1db,8.01791086061285e-17,1.0879218311658808e-17,2569,2570,-350.6148175283239
1402,0.005156310605599401,5.418316706695318e-18,p1db,7.83177854077413e-17,1.1054538628834399e-17,2570,2571,-350.6409637175849
1403,0.1130110237393751,4.067707286347474e-18,p1db,7.638812347809789e-17,1.1158317330967247e-17,2571,2572,-350.6045049071127
1404,0.3098738336853728,2.9377993810428806e-18,p1db,7.455221891000154e-17,1.1191278624734946e-17,2572,2573,-350.41494167010615
1405,0.4096992831988189,2.487409129500293e-18,p1db,7.29635754775643e-17,1.1145287535200035e-17,2573,2574,-349.98475723974195
1406,0.2574568606695493,3.0596548838683345e-18,p1db,7.175550475329524e-17,1.1012688939447719e-17,2574,2575,-349.5955431037085
1407,0.04939157827254803,4.234851344125326e-18,p1db,7.103398691691884e-17,1.0798401879273701e-17,2575,2576,-349.46984351840285
1408,-0.058791915043627796,5.5993606917204854e-18,p1db,7.08693938795948e-17,1.0524505206643865e-17,2576,2577,-349.4967599471634
1409,-0.1020129618775627,6.980983073794469e-18,p1db,7.12851201895396e-17,1.0223606399114205e-17,2577,2578,-349.5874273484901
1410,-0.11456530105326124,8.298455695177986e-18,p1db,7.224759434946137e-17,9.925652202256474e-18,2578,2579,-349.70078587091854
1411,-0.11126401005893172,9.499411162490447e-18,p1db,7.366529145715887e-17,9.648070308948922e-18,2579,2580,-349.81655795059663
1412,-0.09875632341061191,1.0543111628990237e-17,p1db,7.540115233537478e-17,9.397568713362279e-18,2580,2581,-349.9233138910364
1413,-0.08107372102952581,1.1396828834050467e-17,p1db,7.72952555907706e-17,9.182865077851066e-18,2581,2582,-350.01407059741786
1414,-0.062211090732262164,1.203628117843448e-17,p1db,7.918832447376289e-17,9.026899422084648e-18,2582,2583,-350.08546133309545
1415,-0.046590656434261746,1.2445641060286072e-17,p1db,8.093681672428254e-17,8.964555324653516e-18,2583,2584,-350.1384927788824
1416,-0.03753791675646312,1.2615238892859633e-17,p1db,8.241727247347148e-17,9.022983240835818e-18,2584,2585,-350.178642645964
1417,-0.03541816872370873,1.253862486429328e-17,p1db,8.352575708088206e-17,9.20008966210495e-18,2585,2586,-350.2135686123953
1418,-0.03781343720444852,1.2212556797120243e-17,p1db,8.418044137147065e-17,9.462893516433309e-18,2586,2587,-350.2494789834114
1419,-0.041699369916358364,1.1640990094340215e-17,p1db,8.432963699503216e-17,9.768268728350674e-18,2587,2588,-350.2891954868042
1420,-0.04514616853802522,1.0839537426379842e-17,p1db,8.39601320151422e-17,1.0085382169798194e-17,2588,2589,-350.3328777232441
1421,-0.04700965756694586,9.835990548036223e-18,p1db,8.309958228482174e-17,1.0400498835271548e-17,2589,2590,-350.37948782388025
1422,-0.04515141380139198,8.667040953231734e-18,p1db,8.181218906188616e-17,1.0704859478864162e-17,2590,2591,-350.426897038378
1423,-0.03398300685202571,7.376109183396995e-18,p1db,8.019155221237507e-17,1.0981050436099883e-17,2591,2592,-350.46979065148304
1424,-0.0006136146355117944,6.018035402302381e-18,p1db,7.835407723702816e-17,1.1201254232876173e-17,2592,2593,-350.49486305208205
1425,0.08136777206536294,4.677957529900261e-18,p1db,7.643348640448128e-17,1.1337805986330059e-17,2593,2594,-350.47101788075406
1426,0.23356738029491453,3.5256629644619295e-18,p1db,7.457544107127666e-17,1.1376143222549372e-17,2594,2595,-350.3321275079513
1427,0.34886290877619786,2.921271772368367e-18,p1db,7.293068483879503e-17,1.1320299618788181e-17,2595,2596,-350.00388312016423
1428,0.2705180495217121,3.2403359309037844e-18,p1db,7.164430218430484e-17,1.1188105310366394e-17,2596,2597,-349.63440169039893
1429,0.08945340923514777,4.270342436279178e-18,p1db,7.083933398040808e-17,1.1000314596169375e-17,2597,2598,-349.4628470211208
1430,-0.032605935074514036,5.587180781023372e-18,p1db,7.059704804426221e-17,1.0771441435447541e-17,2598,2599,-349.45549487192864
1431,-0.08855539064018103,6.96313874294728e-18,p1db,7.09411572192427e-17,1.0508738997348667e-17,2599,2600,-349.52805889126984
1432,-0.10757566805531837,8.290730441897071e-18,p1db,7.183365899026077e-17,1.0219741180617896e-17,2600,2601,-349.632605653209
1433,-0.10638965887275731,9.510887839528148e-18,p1db,7.318404940303582e-17,9.922096148566462e-18,2601,2602,-349.7432102273805
1434,-0.09455961366785459,1.0585584119294705e-17,p1db,7.486651078077822e-17,9.64724068328971e-18,2602,2603,-349.8453849709545
1435,-0.07889414778966852,1.1485657113495333e-17,p1db,7.673726428673325e-17,9.433313102127691e-18,2603,2604,-349.9323294547162
1436,-0.06419209099252043,1.2185233389231511e-17,p1db,7.864726179433613e-17,9.310626992267221e-18,2604,2605,-350.00317326653385
1437,-0.05273754112579354,1.2661361029693421e-17,p1db,8.045020714974723e-17,9.290308390222106e-18,2605,2606,-350.0607136367012
1438,-0.04457865545822415,1.2896874438962888e-17,p1db,8.200920906067291e-17,9.365631379650388e-18,2606,2607,-350.10864834878544
1439,-0.03901608910760501,1.2883149904304679e-17,p1db,8.320562108832192e-17,9.524141757890514e-18,2607,2608,-350.14987094761767
1440,-0.03599618144079386,1.2620694092274378e-17,p1db,8.395053392069909e-17,9.758140615404523e-18,2608,2609,-350.18668052700065
1441,-0.03606678060828017,1.2118222906879942e-17,p1db,8.419461259269479e-17,1.0063071129984656e-17,2609,2610,-350.22186331049926
1442,-0.039054568563670955,1.1391733604815701e-17,p1db,8.392998110363965e-17,1.0425604614971696e-17,2610,2611,-350.2588140882172
1443,-0.04286695560696785,1.0463755627206886e-17,p1db,8.318267705471832e-17,1.0814128021043187e-17,2611,2612,-350.2999724476266
1444,-0.043347649332531546,9.362660898286813e-18,p1db,8.20028062470213e-17,1.1182922709267412e-17,2612,2613,-350.34454799943114
1445,-0.034405315578851514,8.123813306416327e-18,p1db,8.046211580013063e-17,1.1488466911116448e-17,2613,2614,-350.38666774629166
1446,-0.006514569680689419,6.7961030477991496e-18,p1db,7.866040928889491e-17,1.1705525678093682e-17,2614,2615,-350.41335863058885
1447,0.05707697102599241,5.459006247617612e-18,p1db,7.673114306208529e-17,1.183146132966916e-17,2615,2616,-350.39969688565304
1448,0.17266800299560714,4.26205480540092e-18,p1db,7.483498065928443e-17,1.1876871674351627e-17,2616,2617,-350.29920468853686
1449,0.2869916008086193,3.4956608480880174e-18,p1db,7.31398953821796e-17,1.1851192172835521e-17,2617,2618,-350.05436087966183
1450,0.27030642138024064,3.524440085374448e-18,p1db,7.1797115450278e-17,1.175517229947579e-17,2618,2619,-349.7252214869196
1451,0.13214564923509897,4.329668354667473e-18,p1db,7.092358599090226e-17,1.158543756107105e-17,2619,2620,-349.51374803690135
1452,0.006522956972986549,5.544983392245155e-18,p1db,7.059422311014865e-17,1.1346019592561142e-17,2620,2621,-349.4609301884494
1453,-0.06046286276139767,6.900771071608915e-18,p1db,7.083950810887202e-17,1.1056666566471923e-17,2621,2622,-349.5007021229554
1454,-0.08778642612818999,8.260801554881164e-18,p1db,7.164283224452899e-17,1.0750768446095654e-17,2622,2623,-349.5818559139722
1455,-0.09368683220850471,9.548750475753163e-18,p1db,7.293720899411379e-17,1.0463636212706155e-17,2623,2624,-349.67627497521175
1456,-0.0883397620000892,1.071194726986717e-17,p1db,7.460658918032226e-17,1.021950355144022e-17,2624,2625,-349.76922957838923
1457,-0.07698707376613356,1.1708593248382167e-17,p1db,7.649739810780747e-17,1.0027704716284792e-17,2625,2626,-349.85295449921193
1458,-0.06262115840084448,1.2504543831530583e-17,p1db,7.844032579880096e-17,9.891775369832657e-18,2626,2627,-349.9232037259215
1459,-0.04798292787302216,1.3073726581150371e-17,p1db,8.027497765430717e-17,9.82323138850094e-18,2627,2628,-349.9781968160136
1460,-0.03626082005681042,1.3398959731962879e-17,p1db,8.186680791549561e-17,9.845086709342943e-18,2628,2629,-350.01916958166754
1461,-0.030028139892692707,1.3471237868995499e-17,p1db,8.311064707112907e-17,9.977607050803819e-18,2629,2630,-350.05071845612724
1462,-0.02956943997514827,1.3287677033238138e-17,p1db,8.392535943497023e-17,1.0217044649364128e-17,2630,2631,-350.0792258614529
1463,-0.032675197424396174,1.2850437777718995e-17,p1db,8.425078982045498e-17,1.0528876273842992e-17,2631,2632,-350.10985733607754
1464,-0.036272570094809,1.2168572993391186e-17,p1db,8.405411357015526e-17,1.0864224354687352e-17,2632,2633,-350.1445762563017
1465,-0.037998596687373265,1.1261690839074987e-17,p1db,8.334141311000849e-17,1.1184432613948649e-17,2633,2634,-350.18240247626716
1466,-0.036079642759062835,1.0162234296585622e-17,p1db,8.216366559333619e-17,1.147234358307827e-17,2634,2635,-350.22057344967646
1467,-0.027595634884761466,8.91532137256077e-18,p1db,8.061136564980709e-17,1.1724072685101721e-17,2635,2636,-350.2545617617853
1468,-0.005950522317277773,7.579789548035739e-18,p1db,7.880211098766173e-17,1.1932944041551348e-17,2636,2637,-350.275764719446
1469,0.041329739689558664,6.237647282626804e-18,p1db,7.686943262878389e-17,1.208153883364141e-17,2637,2638,-350.26646280641984
1470,0.126968778069795,5.021805885179167e-18,p1db,7.495667250030338e-17,1.2147818998570667e-17,2638,2639,-350.19310524006687
1471,0.2246811950838037,4.1657670346997546e-18,p1db,7.321312760322722e-17,1.2118365144079132e-17,2639,2640,-350.01252525028025
1472,0.24315620736049937,3.9822882542901576e-18,p1db,7.178690996005845e-17,1.1997282999362715e-17,2640,2641,-349.74374284989926
1473,0.1517775344869392,4.5660991535566675e-18,p1db,7.081097129949914e-17,1.180456057073097e-17,2641,2642,-349.52621283555925
1474,0.03646546611250301,5.657815531762591e-18,p1db,7.038351198237233e-17,1.1565934188463907e-17,2642,2643,-349.4401877809254
1475,-0.039344256131528255,6.970592854046506e-18,p1db,7.05491058736703e-17,1.1301819453144805e-17,2643,2644,-349.45328190333424
1476,-0.0762338687957822,8.330417989549051e-18,p1db,7.128908982344291e-17,1.1023292535666881e-17,2644,2645,-349.51887629318844
1477,-0.08796007828385655,9.637129751573258e-18,p1db,7.252610642837101e-17,1.0738012648702563e-17,2645,2646,-349.6057496409258
1478,-0.08457207637735564,1.0827485775025653e-17,p1db,7.413992951008366e-17,1.046107996530752e-17,2646,2647,-349.69479644975615
1479,-0.07320045552071974,1.1857901595821146e-17,p1db,7.598649115488814e-17,1.0221152959696488e-17,2647,2648,-349.7748937936805
1480,-0.059595551401713465,1.2695709864312942e-17,p1db,7.79134748006111e-17,1.0054769329877642e-17,2648,2649,-349.8411973607976
1481,-0.04798757928884356,1.331442156512519e-17,p1db,7.977101545913819e-17,9.990763624506648e-18,2649,2650,-349.89408489648395
1482,-0.04025332573837659,1.3692605243833537e-17,p1db,8.141956441670719e-17,1.0036409422145354e-17,2650,2651,-349.9371725193753
1483,-0.035998517091712756,1.3815710398112996e-17,p1db,8.273705797359007e-17,1.017752221343843e-17,2651,2652,-349.9745915479607
1484,-0.03392773704555907,1.367849265097812e-17,p1db,8.36262441119075e-17,1.0391987947320146e-17,2652,2653,-350.0091695535587
1485,-0.03325082671219093,1.3285802928585056e-17,p1db,8.402212715777489e-17,1.0663186289157333e-17,2653,2654,-350.0424470220518
1486,-0.03387527248622746,1.2651671064887882e-17,p1db,8.389826457580657e-17,1.0981400434261908e-17,2654,2655,-350.0756712069831
1487,-0.03540074930739934,1.179826741442502e-17,p1db,8.326882944315163e-17,1.1333955763374042e-17,2655,2656,-350.1101975670243
1488,-0.03589631176845387,1.0755760923390195e-17,p1db,8.218386146954818e-17,1.1695239893200437e-17,2656,2657,-350.1464727055979
1489,-0.03125152695190536,9.563080794728681e-18,p1db,8.072004868450903e-17,1.2027333021973585e-17,2657,2658,-350.1819901905612
1490,-0.01485908287344273,8.27071934795535e-18,p1db,7.897417081548488e-17,1.229192732060047e-17,2658,2659,-350.2089757595017
1491,0.02291436007706693,6.949667700710891e-18,p1db,7.70638221223565e-17,1.2464621932969855e-17,2659,2660,-350.21170835630807
1492,0.09198721427023315,5.713465596214551e-18,p1db,7.513097342781428e-17,1.254153333507929e-17,2660,2661,-350.16314703934756
1493,0.18033384932124363,4.757082714202537e-18,p1db,7.333794081971371e-17,1.2534287166555911e-17,2661,2662,-350.0277339277676
1494,0.22280486845878045,4.36219814440927e-18,p1db,7.184973461271868e-17,1.2457801289782639e-17,2662,2663,-349.8024793407051
1495,0.16830067853265973,4.704052068283742e-18,p1db,7.080788715554573e-17,1.232050793805037e-17,2663,2664,-349.58212419085004
1496,0.06530772381748307,5.631957062918175e-18,p1db,7.030796197426333e-17,1.2124419778311268e-17,2664,2665,-349.46587798363976
1497,-0.015704446727340837,6.865722838328822e-18,p1db,7.03897773303261e-17,1.1874151652735667e-17,2665,2666,-349.4515087432151
1498,-0.05905885820675394,8.205459952129237e-18,p1db,7.10399170529451e-17,1.1586822580646769e-17,2666,2667,-349.49728687709444
1499,-0.07550563120315701,9.53418198405805e-18,p1db,7.219929744176213e-17,1.1294077149737833e-17,2667,2668,-349.5696264596286
1500,-0.07653953563513483,1.0778680810942968e-17,p1db,7.376946075344964e-17,1.1033222389513918e-17,2668,2669,-349.64829813950075
1501,-0.0698565259486088,1.1886764354953024e-17,p1db,7.561744901066434e-17,1.0833064426965033e-17,2669,2670,-349.72270553089885
1502,-0.05976135564858964,1.281742583407119e-17,p1db,7.758416924622311e-17,1.0705453543619607e-17,2670,2671,-349.78801119139797
1503,-0.04845272020025959,1.3537543321613656e-17,p1db,7.950052513772841e-17,1.0649913707629886e-17,2671,2672,-349.84222824219603
1504,-0.03759352616276601,1.4021800263574902e-17,p1db,8.120950517706254e-17,1.0667048826832714e-17,2672,2673,-349.8849166317985
1505,-0.02918509434212524,1.42536676719005e-17,p1db,8.25855842622432e-17,1.0766882150380336e-17,2673,2674,-349.91741529452156
1506,-0.025003620357807677,1.4225654584024436e-17,p1db,8.354193660594476e-17,1.0961437742428423e-17,2674,2675,-349.94328682048274
1507,-0.025262101915473067,1.3938236787651976e-17,p1db,8.402421435889815e-17,1.1246487894765275e-17,2675,2676,-349.9674225352372
1508,-0.028136497620891987,1.3398786794029384e-17,p1db,8.400086704847838e-17,1.1590808799125345e-17,2676,2677,-349.9938110243137
1509,-0.030781145002094945,1.2622428306227268e-17,p1db,8.346251172337696e-17,1.194573754605408e-17,2677,2678,-350.02369553047896
1510,-0.03060620960135907,1.1634900326985275e-17,p1db,8.243262408074333e-17,1.2267701454075245e-17,2678,2679,-350.0553733143179
1511,-0.025334062506175314,1.0475421319996327e-17,p1db,8.09788454490609e-17,1.2534437269919418e-17,2679,2680,-350.0849079496817
1512,-0.011634804215560735,9.198579571741434e-18,p1db,7.92124315739791e-17,1.2743105610184029e-17,2680,2681,-350.1060414393302
1513,0.016560343536667688,7.878506781744775e-18,p1db,7.72742288746378e-17,1.2895398508891173e-17,2681,2682,-350.1081775581128
1514,0.06688822801675087,6.622257696411659e-18,p1db,7.531653410128642e-17,1.2984735925168135e-17,2682,2683,-350.0729207522569
1515,0.13571800552622904,5.59626194184207e-18,p1db,7.349060433484762e-17,1.299634030693094e-17,2683,2684,-349.9744011020793
1516,0.1843799486886155,5.0376227508684266e-18,p1db,7.194125504484179e-17,1.2918410899656058e-17,2684,2685,-349.80148474120443
1517,0.16405487605752,5.1450199392825e-18,p1db,7.080201618439949e-17,1.2753762923164974e-17,2685,2686,-349.60564120470207
1518,0.0873525642902564,5.877341297145091e-18,p1db,7.018355952868882e-17,1.2522420658570218e-17,2686,2687,-349.4733749890894
1519,0.010003376806139386,7.004069580099842e-18,p1db,7.015475362427443e-17,1.2253592665951944e-17,2687,2688,-349.43093607612155
1520,-0.039746889098893234,8.3080287267727e-18,p1db,7.072429037719454e-17,1.1973294519996066e-17,2688,2689,-349.4533682354771
1521,-0.06355173338346276,9.645361809195054e-18,p1db,7.183417290191404e-17,1.1696869503469107e-17,2689,2690,-349.51042985431934
1522,-0.06964714118018378,1.0923461881814286e-17,p1db,7.337062925056885e-17,1.1432094751355169e-17,2690,2691,-349.58047170224404
1523,-0.06488320936736613,1.2078630217375293e-17,p1db,7.518708626341567e-17,1.1190112908815788e-17,2691,2692,-349.6497241366797
1524,-0.054593974395203304,1.3064263547519774e-17,p1db,7.712718645620799e-17,1.0994160808393262e-17,2692,2693,-349.7102381209788
1525,-0.04329095326650645,1.3844529678322717e-17,p1db,7.90390828862318e-17,1.0876556628857877e-17,2693,2694,-349.7589120854701
1526,-0.03438104366458106,1.4390945782012404e-17,p1db,8.078126307885383e-17,1.0863604154822204e-17,2694,2695,-349.7968200275118
1527,-0.02933801894820931,1.4681936843661343e-17,p1db,8.22261946277303e-17,1.0959813716112421e-17,2695,2696,-349.8276741727993
1528,-0.027614256753878408,1.4704990663616885e-17,p1db,8.326678543192716e-17,1.11458238090917e-17,2696,2697,-349.8554960654082
1529,-0.02772502176023295,1.445906305160416e-17,p1db,8.382519701142806e-17,1.1392165112683034e-17,2697,2698,-349.88290268630703
1530,-0.028498732277512318,1.3954731980681303e-17,p1db,8.386027967609671e-17,1.1675476983675907e-17,2698,2699,-349.91094610892867
1531,-0.029377093901473472,1.3212186233723541e-17,p1db,8.337105227769571e-17,1.1983000933673219e-17,2699,2700,-349.93990015086206
1532,-0.029661737718527093,1.2259609386869598e-17,p1db,8.239585887359428e-17,1.2304125514759156e-17,2700,2701,-349.9697002967316
1533,-0.02739252305894979,1.1134083537960797e-17,p1db,8.100747867404174e-17,1.2619446351602803e-17,2701,2702,-349.9992236262991
1534,-0.01857076087048881,9.885003725298924e-18,p1db,7.930533444083814e-17,1.2898553747615196e-17,2702,2703,-350.0244853428495
1535,0.0029364419596333846,8.57983620046049e-18,p1db,7.740816757596183e-17,1.3108865291830904e-17,2703,2704,-350.0363651480401
1536,0.04381786922061792,7.314887229547342e-18,p1db,7.545064576527478e-17,1.3228348779636259e-17,2704,2705,-350.01861245893025
1537,0.10331960015250274,6.234525574026061e-18,p1db,7.358255776580443e-17,1.3252934990411771e-17,2705,2706,-349.94872940959885
1538,0.15586702689975596,5.5444924810770225e-18,p1db,7.196353504142561e-17,1.3194250379780591e-17,2706,2707,-349.81197325862524
1539,0.15749329129488387,5.449426025320435e-18,p1db,7.074684848586758e-17,1.3069969814916513e-17,2707,2708,-349.63699535579934
1540,0.10084712370104398,5.9843346650899844e-18,p1db,7.0054268924314e-17,1.2893932939680171e-17,2708,2709,-349.4969866760355
1541,0.027819381489536,6.976897435617229e-18,p1db,6.995294469595312e-17,1.2673310813467808e-17,2709,2710,-349.43530110839725
1542,-0.02593512433955425,8.210955404140347e-18,p1db,7.044568261221839e-17,1.2414601226858687e-17,2710,2711,-349.4413479130564
1543,-0.054023973202674824,9.526495050677839e-18,p1db,7.147719696005049e-17,1.2133105317074117e-17,2711,2712,-349.48717135707636
1544,-0.0630471390034586,1.081791311972348e-17,p1db,7.294926267008003e-17,1.1857494087599224e-17,2712,2713,-349.54939585946175
1545,-0.06099169381991487,1.2012390192952382e-17,p1db,7.473529828076483e-17,1.1624195151595463e-17,2713,2714,-349.6132656350833
1546,-0.05394677341959664,1.3056257770440847e-17,p1db,7.668987716359009e-17,1.1464017930074302e-17,2714,2715,-349.6713792471016
1547,-0.045447240225342966,1.3908679296414377e-17,p1db,7.865550559201806e-17,1.139086570028854e-17,2715,2716,-349.7211591819225
1548,-0.037000980582689635,1.4538787852453698e-17,p1db,8.047234130172268e-17,1.1402135083715046e-17,2716,2717,-349.76227372755227
1549,-0.029398363658032167,1.4924449344883495e-17,p1db,8.199406981445322e-17,1.1490239753006661e-17,2717,2718,-349.79516114308785
1550,-0.02374152385411321,1.5052156503128645e-17,p1db,8.310634072562293e-17,1.1653690571051695e-17,2718,2719,-349.82107045486833
1551,-0.021243308611957445,1.4917390313655283e-17,p1db,8.373842548198669e-17,1.1895809148103806e-17,2719,2720,-349.8426441907961
1552,-0.02209775637692246,1.452453372898803e-17,p1db,8.386102562065477e-17,1.2211127665909042e-17,2720,2721,-349.86355707209225
1553,-0.024776517964824052,1.3886404284128644e-17,p1db,8.347410358496265e-17,1.2573177792328979e-17,2721,2722,-349.8868397035499
1554,-0.026581309141022302,1.3024734304947114e-17,p1db,8.259798027222586e-17,1.2937599143843115e-17,2722,2723,-349.9131101080219
1555,-0.024737171751269216,1.1972508329567997e-17,p1db,8.127738187814539e-17,1.325975284613721e-17,2723,2724,-349.94000232183197
1556,-0.016720555097350598,1.0777345768151946e-17,p1db,7.959386473846857e-17,1.3512507796115152e-17,2724,2725,-349.96258445152444
1557,0.000506787680620846,9.505001491271898e-18,p1db,7.767197709769312e-17,1.3690582538117061e-17,2725,2726,-349.97344343202667
1558,0.030965739533911574,8.245032145560597e-18,p1db,7.566932879533586e-17,1.3800056112374411e-17,2726,2727,-349.9615708761632
1559,0.07605963827273854,7.122932791878046e-18,p1db,7.375468669392986e-17,1.3843838266793905e-17,2727,2728,-349.91151195295885
1560,0.12308580336645036,6.313421240576084e-18,p1db,7.208663401548417e-17,1.3815825623509528e-17,2728,2729,-349.8094515996177
1561,0.14044734546436644,6.013118531925358e-18,p1db,7.080141363709599e-17,1.3707554073266865e-17,2729,2730,-349.66534034622595
1562,0.10872634850670693,6.321735610801134e-18,p1db,7.000817565856548e-17,1.3520339014175893e-17,2730,2731,-349.528556908689
1563,0.04912289845640316,7.147508056165261e-18,p1db,6.978332894062907e-17,1.327216824651618e-17,2731,2732,-349.44788764921253
1564,-0.00432739803000004,8.294079811939864e-18,p1db,7.015872159917455e-17,1.299355335596649e-17,2732,2733,-349.4303111117762
1565,-0.03741313792735923,9.583752936029908e-18,p1db,7.110781234567511e-17,1.271534590458101e-17,2733,2734,-349.45654244527253
1566,-0.05194758914677777,1.0890798680705148e-17,p1db,7.254072712822274e-17,1.245781456743357e-17,2734,2735,-349.5051373876309
1567,-0.053730072041560106,1.2129054617598695e-17,p1db,7.4316158322439e-17,1.222961217429268e-17,2735,2736,-349.5604376235661
1568,-0.047942967433073136,1.3236935511140964e-17,p1db,7.626720268129006e-17,1.203733304030278e-17,2736,2737,-349.612597531714
1569,-0.038750267188675025,1.4168325267169538e-17,p1db,7.822865193363514e-17,1.1896681739875243e-17,2737,2738,-349.65632355843223
1570,-0.029614440084259286,1.4887251665487617e-17,p1db,8.005338346603975e-17,1.1833459831583578e-17,2738,2739,-349.69009806609137
1571,-0.023052166317540923,1.536479427498482e-17,p1db,8.1615210595416e-17,1.1870677380340506e-17,2739,2740,-349.71555243860075
1572,-0.02002050916303233,1.557887400305487e-17,p1db,8.28061096585766e-17,1.2011552981269325e-17,2740,2741,-349.73620239872645
1573,-0.019860192776747,1.5517300862738268e-17,p1db,8.353791927585651e-17,1.2234205309740255e-17,2741,2742,-349.7555934569268
1574,-0.021144898297990267,1.5181718431425644e-17,p1db,8.375132598937787e-17,1.2503792757291831e-17,2742,2743,-349.77592278427994
1575,-0.022662959759088608,1.4588583711912273e-17,p1db,8.342623972346525e-17,1.2790849058293607e-17,2743,2744,-349.7978832535228
1576,-0.023640116185930538,1.3766013199190513e-17,p1db,8.258620102465733e-17,1.3079696478011994e-17,2744,2745,-349.8212487037981
1577,-0.0231235414877915,1.274988393459305e-17,p1db,8.129496613865672e-17,1.3362148423047512e-17,2745,2746,-349.84516348589466
1578,-0.019076730829937105,1.1583900032496919e-17,p1db,7.964850051994846e-17,1.3625431756081488e-17,2746,2747,-349.8674957867737
1579,-0.00784656441351217,1.0325338442221896e-17,p1db,7.776626534047031e-17,1.3846715729639985e-17,2747,2748,-349.88331694755453
1580,0.01525820352716778,9.054959133541212e-18,p1db,7.578410810986729e-17,1.3999020355850933e-17,2748,2749,-349.8831889156007
1581,0.052639595064619016,7.889062596364938e-18,p1db,7.384939921958421e-17,1.4062999437295523e-17,2749,2750,-349.8528005405002
1582,0.0961561717037398,6.988262324660835e-18,p1db,7.211660113114454e-17,1.4035241255698093e-17,2750,2751,-349.7779097254715
1583,0.12137255968974614,6.53756673908485e-18,p1db,7.073864874768106e-17,1.3927746257357494e-17,2751,2752,-349.6604881970927
1584,0.10612569885850576,6.6585538942966364e-18,p1db,6.98500175929781e-17,1.3759907347239966e-17,2752,2753,-349.535164606092
1585,0.05876027603360967,7.312526726898539e-18,p1db,6.95435427749995e-17,1.3548998696478554e-17,2753,2754,-349.4482367993757
1586,0.0079161346736214,8.33713908311814e-18,p1db,6.985070308537929e-17,1.33059067136185e-17,2754,2755,-349.4176440540248
1587,-0.02770753061483333,9.558409079346271e-18,p1db,7.073592505862618e-17,1.3038959491913219e-17,2755,2756,-349.43240453002846
1588,-0.04535192137507238,1.0842613912770556e-17,p1db,7.21071566709645e-17,1.2762376945090164e-17,2756,2757,-349.47305911525444
1589,-0.04943806594795319,1.2093381463661762e-17,p1db,7.383531568874416e-17,1.2501877404149923e-17,2757,2758,-349.5231083727786
1590,-0.04572423867230668,1.3238041970360879e-17,p1db,7.577280097973282e-17,1.2291429840655114e-17,2758,2759,-349.57193524715035
1591,-0.03903947023593446,1.4219672506693306e-17,p1db,7.77659110941954e-17,1.2161491757102152e-17,2759,2760,-349.6145568501232
1592,-0.03231031621496072,1.4994948642801538e-17,p1db,7.966199850688497e-17,1.2126766326272159e-17,2760,2761,-349.6500141876222
1593,-0.026568844613279907,1.553383545530869e-17,p1db,8.131564981406332e-17,1.218364204141776e-17,2761,2762,-349.67917748255314
1594,-0.021947598884850095,1.5818342854716045e-17,p1db,8.259824343973205e-17,1.2319458168872428e-17,2762,2763,-349.7031518768488
1595,-0.01879641769681939,1.584041319036903e-17,p1db,8.341165401628256e-17,1.252440446592704e-17,2763,2764,-349.72307268032284
1596,-0.01784496386750334,1.5600448977540127e-17,p1db,8.370090227231356e-17,1.2794310317595463e-17,2764,2765,-349.7407447122424
1597,-0.019316731262193798,1.5107172618612702e-17,p1db,8.34573876578572e-17,1.3121584032670126e-17,2765,2766,-349.75876260805785
1598,-0.022025879976467877,1.4378362702060346e-17,p1db,8.27097420191338e-17,1.3483755591117134e-17,2766,2767,-349.7793781747668
1599,-0.023458424411472834,1.3442206050614173e-17,p1db,8.151043974854902e-17,1.3842362987971175e-17,2767,2768,-349.8028143680108
1600,-0.020665744876851022,1.2339661905254124e-17,p1db,7.993089677510797e-17,1.4155197009299893e-17,2768,2769,-349.82629502358975
1601,-0.010973818859781659,1.1127958598720333e-17,p1db,7.806881056676929e-17,1.4392595367282078e-17,2769,2770,-349.8441458577645
1602,0.007903249914278376,9.884849437757072e-18,p1db,7.605745368470763e-17,1.4545541026661872e-17,2770,2771,-349.8482426613093
1603,0.03712670393207418,8.713898512991004e-18,p1db,7.406243067839564e-17,1.462052854418859e-17,2771,2772,-349.82833935793593
1604,0.07284547684389509,7.750228578155388e-18,p1db,7.226145748585406e-17,1.4626686861239282e-17,2772,2773,-349.77398925344517
1605,0.10047477872913646,7.154897908332982e-18,p1db,7.081657713221457e-17,1.4566305183653245e-17,2773,2774,-349.68264840424814
1606,0.10033641533729565,7.06706925715488e-18,p1db,6.985273356326383e-17,1.4436142845591733e-17,2774,2775,-349.5730396959869
1607,0.06893308245770413,7.517151622729755e-18,p1db,6.944922976061455e-17,1.423736244863382e-17,2775,2776,-349.48197557357355
1608,0.024902400975207684,8.400399583664075e-18,p1db,6.963966394645333e-17,1.3984977579732996e-17,2776,2777,-349.4351735310715
1609,-0.011596879765818358,9.551327294842686e-18,p1db,7.041161578826348e-17,1.3708350877878453e-17,2777,2778,-349.43217077162313
1610,-0.03310704290785793,1.0818289672866141e-17,p1db,7.170275105317158e-17,1.3441404628011915e-17,2778,2779,-349.4583672906031
1611,-0.04127336902291745,1.2086486651454303e-17,p1db,7.339891857836126e-17,1.3209639701569391e-17,2779,2780,-349.49838485743885
1612,-0.040273302414163936,1.3273430318190708e-17,p1db,7.534298347092501e-17,1.3024348590473697e-17,2780,2781,-349.54091402864896
1613,-0.03402089083223814,1.4319639003229948e-17,p1db,7.735712846841272e-17,1.2888872018820271e-17,2781,2782,-349.5789314622672
1614,-0.025812945566713097,1.5181388820826558e-17,p1db,7.927106277829924e-17,1.2810843166882665e-17,2782,2783,-349.60895581031343
1615,-0.018440383190721832,1.582562378854432e-17,p1db,8.09428519130498e-17,1.2807707816548152e-17,2783,2784,-349.6305573534006
1616,-0.013852505489694522,1.62263668312226e-17,p1db,8.226385184496115e-17,1.2897912697775873e-17,2784,2785,-349.6458365766949
1617,-0.012586810819215088,1.6363565958705008e-17,p1db,8.31516115166878e-17,1.3084116207855272e-17,2785,2786,-349.65826236438
1618,-0.0137609578439708,1.622577951204812e-17,p1db,8.354364060403905e-17,1.3344336688158939e-17,2786,2787,-349.6710101983333
1619,-0.015885927432748304,1.5815511769143687e-17,p1db,8.340175165166703e-17,1.3640570155891708e-17,2787,2788,-349.68578428006794
1620,-0.017767718822341294,1.515276157422523e-17,p1db,8.272441584887849e-17,1.393754596483601e-17,2788,2789,-349.7027820531988
1621,-0.018665656976992295,1.4273105888642563e-17,p1db,8.155588753015738e-17,1.4215269210764707e-17,2789,2790,-349.7213197177126
1622,-0.01766545856423818,1.3222047894344304e-17,p1db,7.99840781877146e-17,1.4466488094437777e-17,2790,2791,-349.7401133671528
1623,-0.012874607450413578,1.2051965036106354e-17,p1db,7.812905749720234e-17,1.468462221154313e-17,2791,2792,-349.7566506348411
1624,-0.0012033680438321426,1.0826793532906767e-17,p1db,7.61298027569699e-17,1.48548403765563e-17,2792,2793,-349.7658625820536
1625,0.020381368670769007,9.633957408036524e-18,p1db,7.41348831863452e-17,1.495616683588353e-17,2793,2794,-349.75905737092876
1626,0.050954299595161956,8.596968890728247e-18,p1db,7.229727151566553e-17,1.4971929922172977e-17,2794,2795,-349.7250998447121
1627,0.08000771009000118,7.874053973584512e-18,p1db,7.076905008702228e-17,1.489935656641566e-17,2795,2796,-349.65714877173843
1628,0.08935031663278892,7.617298842070975e-18,p1db,6.96906289598008e-17,1.475110404978679e-17,2796,2797,-349.5650844245321
1629,0.06999964860318642,7.8897840489649e-18,p1db,6.917216413617153e-17,1.4548426404352435e-17,2797,2798,-349.47844813847286
1630,0.03346867022389688,8.620669312601694e-18,p1db,6.92716169570006e-17,1.431149480834139e-17,2798,2799,-349.4250851273257
1631,-0.001333067947825839,9.660719178765638e-18,p1db,6.997992306077393e-17,1.4053885847069366e-17,2799,2800,-349.41151079802506
1632,-0.024139213720474118,1.0861685807903198e-17,p1db,7.122231087475784e-17,1.378495056248839e-17,2800,2801,-349.42775126322135
1633,-0.034187307549046864,1.2107963990988085e-17,p1db,7.287512037530906e-17,1.3517629517503796e-17,2801,2802,-349.459789225466
1634,-0.03488584446455434,1.3312773179400698e-17,p1db,7.478832667153281e-17,1.3274687302033618e-17,2802,2803,-349.49612587831945
1635,-0.03048621975310084,1.4406721155433267e-17,p1db,7.68038366233712e-17,1.3086973251133822e-17,2803,2804,-349.5295609143951
1636,-0.02466503542561327,1.5331346774433234e-17,p1db,7.876652231040449e-17,1.2983050096243937e-17,2804,2805,-349.55709831782565
1637,-0.01972467787294363,1.6039475176286096e-17,p1db,8.053080605174842e-17,1.2976956575018828e-17,2805,2806,-349.57889098524635
1638,-0.016381820542733294,1.6498722010417806e-17,p1db,8.196652065807682e-17,1.3063975292652334e-17,2806,2807,-349.59654767357154
1639,-0.0144071107540924,1.6693115050494145e-17,p1db,8.296607342697032e-17,1.3228086492282245e-17,2807,2808,-349.6116546263318
1640,-0.013617644565442788,1.6620684681332078e-17,p1db,8.345338868342943e-17,1.3453874381351636e-17,2808,2809,-349.6253618950797
1641,-0.01427533283140292,1.6289123538132104e-17,p1db,8.339305389029753e-17,1.3731708547220137e-17,2809,2810,-349.6388899154627
1642,-0.01652550119689522,1.571309737579931e-17,p1db,8.279509283500755e-17,1.4052073467054986e-17,2810,2811,-349.6539125607425
1643,-0.01949411545035673,1.491482852417303e-17,p1db,8.171068199583474e-17,1.439563308299246e-17,2811,2812,-349.6719409178565
1644,-0.020994013568383707,1.392713033910188e-17,p1db,8.022037027017407e-17,1.472993161404578e-17,2812,2813,-349.69290079164324
1645,-0.018121500230734,1.279745244292368e-17,p1db,7.842384515639854e-17,1.501735240398164e-17,2813,2814,-349.71392894499326
1646,-0.008225206585962042,1.1592106434681557e-17,p1db,7.643915836066746e-17,1.522864271749394e-17,2814,2815,-349.7291437921047
1647,0.010120510195719135,1.0400170907417757e-17,p1db,7.440859040764391e-17,1.5352096733966665e-17,2815,2816,-349.7303793581652
1648,0.03555363961925195,9.335807335613878e-18,p1db,7.24988589286629e-17,1.5392503505414103e-17,2816,2817,-349.70890277171327
1649,0.06131912193700373,8.534326264371567e-18,p1db,7.088565312814021e-17,1.5361638908524652e-17,2817,2818,-349.6592720789267
1650,0.07507246868263451,8.130159402107057e-18,p1db,6.972511119132059e-17,1.526813123193572e-17,2818,2819,-349.58626452783926
1651,0.06712871572366907,8.207631787997438e-18,p1db,6.912602368230788e-17,1.511463724047145e-17,2819,2820,-349.5091271415614
1652,0.04095269013365055,8.753651467953325e-18,p1db,6.91360463851549e-17,1.490403724532432e-17,2820,2821,-349.4520070963919
1653,0.010258463017322583,9.6657045790752e-18,p1db,6.974427157434983e-17,1.464891458861343e-17,2821,2822,-349.4272217612941
1654,-0.01344445768157243,1.0804990196362245e-17,p1db,7.089172227667736e-17,1.4375763532796287e-17,2822,2823,-349.4314901703573
1655,-0.026489548087738513,1.2039952317936533e-17,p1db,7.247993262136616e-17,1.4119117397715584e-17,2823,2824,-349.45411067665725
1656,-0.03037452805307339,1.326298971050153e-17,p1db,7.437532590414165e-17,1.390884972008989e-17,2824,2825,-349.48446926653276
1657,-0.028037269788740105,1.4392231509442143e-17,p1db,7.641523284586779e-17,1.3760456215333879e-17,2825,2826,-349.5148597327634
1658,-0.022205043569300642,1.5368237707457516e-17,p1db,7.842246664204075e-17,1.3676613131880139e-17,2826,2827,-349.54054380611024
1659,-0.015291301204854335,1.614930893338975e-17,p1db,8.022857462585254e-17,1.3658296296773547e-17,2827,2828,-349.559269819902
1660,-0.009542305000621809,1.670657636822438e-17,p1db,8.169686358096064e-17,1.3713950601586803e-17,2828,2829,-349.57112640851994
1661,-0.006642367772116131,1.7019508751554752e-17,p1db,8.273333966835449e-17,1.3855956017605111e-17,2829,2830,-349.57835442990324
1662,-0.0070056500122746,1.7073213104066368e-17,p1db,8.328153104831738e-17,1.40860366239977e-17,2830,2831,-349.5844111440642
1663,-0.009618831250207904,1.6859548163609003e-17,p1db,8.331027265478562e-17,1.4383713451834773e-17,2831,2832,-349.5923657299278
1664,-0.012803177300412472,1.6382307423270314e-17,p1db,8.280896334167157e-17,1.471026891643859e-17,2832,2833,-349.6036488065646
1665,-0.015208655286130579,1.5662966895909193e-17,p1db,8.179605346675355e-17,1.5025758511175523e-17,2833,2834,-349.6179720845286
1666,-0.01610725606181518,1.4741870716998847e-17,p1db,8.033215628291693e-17,1.5304614513759103e-17,2834,2835,-349.63406611713685
1667,-0.014821820568471367,1.3673457814218167e-17,p1db,7.852400566499836e-17,1.5537985258013798e-17,2835,2836,-349.65018659665225
1668,-0.009928241890918343,1.252049176106018e-17,p1db,7.651389473470608e-17,1.5723679585342426e-17,2836,2837,-349.6637097582738
1669,0.0008471784442178887,1.1354606967343264e-17,p1db,7.446111662712601e-17,1.5854715236472793e-17,2837,2838,-349.6700430804341
1670,0.019132203338784848,1.0265603953232255e-17,p1db,7.252581725318856e-17,1.5916859590718138e-17,2838,2839,-349.66201540138536
1671,0.07570672351297958,9.372133971196476e-18,p1db,7.086020861122886e-17,1.5896456574443807e-17,2839,2840,-349.6317786737565
1672,0.0526328225126349,1.4496005369578758e-17,p1db,7.273021640176531e-17,1.3040098930824867e-17,2870,2871,-349.5106019543594
1673,-0.013091808812049521,1.517727690568656e-17,p1db,7.397927005567733e-17,1.2877490976303231e-17,2871,2872,-349.52651302873124
1674,-0.009049800247254325,1.5692806611353298e-17,p1db,7.537058380290271e-17,1.2921348047441801e-17,2872,2873,-349.5367855719835
1675,-0.008235269057280448,1.6015442054546407e-17,p1db,7.679031416139987e-17,1.3168925913028667e-17,2873,2874,-349.54461262922575
1676,-0.010025127874257578,1.6127900041016886e-17,p1db,7.812210410784202e-17,1.3588302472871757e-17,2874,2875,-349.55325611009806
1677,-0.012977459788146462,1.602533413566691e-17,p1db,7.925942114726744e-17,1.4129695728683385e-17,2875,2876,-349.56466288497427
1678,-0.015710718132851298,1.571531933482055e-17,p1db,8.011677503032122e-17,1.4739314414161844e-17,2876,2877,-349.57921102967435
1679,-0.01719246065553648,1.5215244949147968e-17,p1db,8.063552117400157e-17,1.536719094358228e-17,2877,2878,-349.59608432123997
1680,-0.016563936614090835,1.4549733374202968e-17,p1db,8.078381739178772e-17,1.5967890887975942e-17,2878,2879,-349.6135959509854
1681,-0.012914200289344535,1.3751064791339843e-17,p1db,8.055387913949096e-17,1.6498939718286502e-17,2879,2880,-349.62921219446815
1682,-0.005300929003567489,1.2863146172588301e-17,p1db,7.996006359140788e-17,1.6921699629838836e-17,2880,2881,-349.6394243515641
1683,0.006824038573654434,1.1946552554684336e-17,p1db,7.903915266362107e-17,1.7205339973867082e-17,2881,2882,-349.6398140524753
1684,0.0227185645109671,1.1080849922349716e-17,p1db,7.78518683737917e-17,1.7331173594989653e-17,2882,2883,-349.6257762744168
1685,0.0392679143238297,1.0360499427193455e-17,p1db,7.64833494320343e-17,1.7294554905941522e-17,2883,2884,-349.59437692345335
1686,0.05088213203612213,9.880913653051066e-18,p1db,7.50399938444173e-17,1.7103593619276473e-17,2884,2885,-349.54724044576915
1687,0.051927940824668894,9.714243345385769e-18,p1db,7.364101511417687e-17,1.677579664787371e-17,2885,2886,-349.4926126593811
1688,0.04085284529557498,9.884677502832663e-18,p1db,7.240563038373022e-17,1.6334599224537216e-17,2886,2887,-349.4433845641198
1689,0.02184231773793499,1.036136340545846e-17,p1db,7.143958600575241e-17,1.5807740006930092e-17,2887,2888,-349.41090696878996
1690,0.0019306219133738978,1.1074554422120673e-17,p1db,7.082500944659308e-17,1.522836043568062e-17,2888,2889,-349.39969992864394
1691,-0.013179236370575609,1.1939459995054276e-17,p1db,7.061469328822975e-17,1.4637616127787277e-17,2889,2890,-349.4070457249632
1692,-0.0210986780162159,1.2872325176190759e-17,p1db,7.082879469833392e-17,1.408566297091147e-17,2890,2891,-349.4260584013851
1693,-0.02248716440840326,1.379739945875049e-17,p1db,7.145193048607747e-17,1.362779521430043e-17,2891,2892,-349.44924308099564
1694,-0.01980868257084012,1.4650013505708358e-17,p1db,7.243156124220336e-17,1.3315178309452587e-17,2892,2893,-349.4710327302019
1695,-0.015903877140345912,1.5378704200471223e-17,p1db,7.368087716164131e-17,1.3183914955379758e-17,2893,2894,-349.4888604461373
1696,-0.012908837544074458,1.5946115977503983e-17,p1db,7.508834104634314e-17,1.3248415621005194e-17,2894,2895,-349.5028404844826
1697,-0.01187522360174853,1.632785918322799e-17,p1db,7.653241624353896e-17,1.3501990085157183e-17,2895,2896,-349.5146781212255
1698,-0.012930077688224628,1.6509796977069386e-17,p1db,7.789683779084784e-17,1.3921680782213488e-17,2896,2897,-349.5265909316861
1699,-0.015505113590421615,1.6485360438006588e-17,p1db,7.908130087682676e-17,1.4472208113586638e-17,2897,2898,-349.5405382766019
1700,-0.018460754018889247,1.6254446896829657e-17,p1db,8.000503954110539e-17,1.510752731522306e-17,2898,2899,-349.55760115886693
1701,-0.020301114208336912,1.5824549358478625e-17,p1db,8.060528754679923e-17,1.5772847489427924e-17,2899,2900,-349.5774597846397
1702,-0.019595901826903628,1.5213660514942495e-17,p1db,8.083615749447482e-17,1.6410087290732573e-17,2900,2901,-349.5982033872836
1703,-0.015413821036275976,1.4453535893070094e-17,p1db,8.067262712197228e-17,1.696631235325319e-17,2901,2902,-349.6166515882935
1704,-0.007496277927913297,1.3591433655889518e-17,p1db,8.01187578377339e-17,1.7401565274932094e-17,2902,2903,-349.62903102935616
1705,0.003846697735241378,1.2689102605502295e-17,p1db,7.921365661505826e-17,1.7692160863907755e-17,2903,2904,-349.63164414414933
1706,0.017797069529706278,1.1819612010927796e-17,p1db,7.80289447296637e-17,1.782820941425865e-17,2904,2905,-349.6213376338857
1707,0.032642695551459155,1.106378695929672e-17,p1db,7.665813428701988e-17,1.7808177141926546e-17,2905,2906,-349.5960500050899
1708,0.04508736917915712,1.0505799403636087e-17,p1db,7.520481427679767e-17,1.7635386467140926e-17,2906,2907,-349.55605224278276
1709,0.0505131076520513,1.0222791395556369e-17,p1db,7.377615968053203e-17,1.7319279807804438e-17,2907,2908,-349.5058752667316
1710,0.04548825320949845,1.0264353550784598e-17,p1db,7.248152585233157e-17,1.6879749005804162e-17,2908,2909,-349.45502602747865
1711,0.030970372657861844,1.0630726159265226e-17,p1db,7.142972230139784e-17,1.634999009195559e-17,2909,2910,-349.4148987603126
1712,0.012388823484315026,1.1269041259979552e-17,p1db,7.071900773639059e-17,1.5774555586327864e-17,2910,2911,-349.39308528216293
1713,-0.0038931471992782463,1.2093019000184389e-17,p1db,7.042052369561943e-17,1.520320876751412e-17,2911,2912,-349.390121113344
1714,-0.014018769120866637,1.3009918677064814e-17,p1db,7.056282748688913e-17,1.4684344385537345e-17,2912,2913,-349.4008715765615
1715,-0.01751786524383192,1.393848305852943e-17,p1db,7.112626020502504e-17,1.4261511645335783e-17,2913,2914,-349.4181586515857
1716,-0.01634164005329808,1.4814724087043177e-17,p1db,7.204995287153467e-17,1.3973113124312304e-17,2914,2915,-349.43590730704915
1717,-0.013411379870433393,1.5589954417372483e-17,p1db,7.324624036457567e-17,1.3851564569651612e-17,2915,2916,-349.4508419316923
1718,-0.011285434889458656,1.622606764454144e-17,p1db,7.461386909839214e-17,1.3918022755592556e-17,2916,2917,-349.46273006679
1719,-0.011226196633458585,1.669171296598508e-17,p1db,7.604511367817614e-17,1.4173611402397e-17,2917,2918,-349.4734128014712
1720,-0.013006799198706176,1.6961543347303932e-17,p1db,7.742884297475118e-17,1.4593677965829502e-17,2918,2919,-349.48518246005693
1721,-0.015507331597490293,1.7018772388395197e-17,p1db,7.865530227647158e-17,1.513127381842111e-17,2919,2920,-349.49942639986864
1722,-0.017567194497871697,1.6858994229618747e-17,p1db,7.962583639710992e-17,1.5729061064068626e-17,2920,2921,-349.5161971232519
1723,-0.018442200605676362,1.6492084084147507e-17,p1db,8.02648073081956e-17,1.6332346809307908e-17,2921,2922,-349.5345607888644
1724,-0.017711546563162983,1.594047426598237e-17,p1db,8.052758845571686e-17,1.6896099499948166e-17,2922,2923,-349.55308152446327
1725,-0.014952310462859941,1.5235466076342575e-17,p1db,8.040104093136136e-17,1.7384528823628095e-17,2923,2924,-349.5699838819907
1726,-0.009552564832517874,1.4415419516893102e-17,p1db,7.989853498324654e-17,1.776751015513703e-17,2924,2925,-349.582986145389
1727,-0.0008536498442879292,1.3528255052771216e-17,p1db,7.905481526932057e-17,1.8019253675514675e-17,2925,2926,-349.58908901165574
1728,0.011323861770335952,1.2636704208882907e-17,p1db,7.79243605486453e-17,1.8121062648032768e-17,2926,2927,-349.58469344507756
1729,0.025821992479819755,1.1821334291635657e-17,p1db,7.658267354408074e-17,1.8065673739146836e-17,2927,2928,-349.5664412881151
1730,0.03939556369317643,1.1175478785760012e-17,p1db,7.512691630061892e-17,1.7859450430945045e-17,2928,2929,-349.5330494601179
1731,0.04721298152435338,1.0788219714124145e-17,p1db,7.367215244880188e-17,1.7520922398061397e-17,2929,2930,-349.4876501607287
1732,0.045460949521753946,1.0718384542678996e-17,p1db,7.234155764610199e-17,1.7077027568024022e-17,2930,2931,-349.4386234970692
1733,0.03438156777252743,1.0973685423528498e-17,p1db,7.125207209222866e-17,1.655955347786549e-17,2931,2932,-349.3967282616852
1734,0.01842344378255234,1.1511146180616786e-17,p1db,7.049964910682757e-17,1.6003565540667306e-17,2932,2933,-349.36986036152416
1735,0.003203272167183968,1.2257354127002282e-17,p1db,7.014865800940862e-17,1.5447971007536675e-17,2933,2934,-349.3598813741201
1736,-0.007553510418347287,1.3130848246992304e-17,p1db,7.02273815206296e-17,1.4936577388483407e-17,2934,2935,-349.3634538171898
1737,-0.012988859790624474,1.4054408224297885e-17,p1db,7.072797711436219e-17,1.4516877380603145e-17,2935,2936,-349.3749883949568
1738,-0.01443448509087375,1.495851412641872e-17,p1db,7.160808391082093e-17,1.423435996506233e-17,2936,2937,-349.38943153677104
1739,-0.014100461193180536,1.5782214531345048e-17,p1db,7.279328159706852e-17,1.4123002898522564e-17,2937,2938,-349.40385736513855
1740,-0.01382925714784733,1.647490763204294e-17,p1db,7.418215914804475e-17,1.4196449865373167e-17,2938,2939,-349.4176324591574
1741,-0.014457473304190671,1.6998635681493748e-17,p1db,7.565582236143781e-17,1.4445415418419176e-17,2939,2940,-349.43151587943424
1742,-0.015956218032727065,1.7328961229724914e-17,p1db,7.709119059542267e-17,1.4842604764966212e-17,2940,2941,-349.4465474057658
1743,-0.017933530883055937,1.7453524961980795e-17,p1db,7.837480489195526e-17,1.5350691236816323e-17,2941,2942,-349.4634283154997
1744,-0.019934942518858634,1.7369284092900763e-17,p1db,7.941313101997584e-17,1.5927916226968053e-17,2942,2943,-349.4824144675319
1745,-0.021391641360338554,1.7080403284821922e-17,p1db,8.013683573324913e-17,1.6529929167630647e-17,2943,2944,-349.5032982005374
1746,-0.021485464489217065,1.6598300759183208e-17,p1db,8.049961349414093e-17,1.7110481311935474e-17,2944,2945,-349.5251977502526
1747,-0.01922969680265396,1.594408788627691e-17,p1db,8.047543974776733e-17,1.762398005644152e-17,2945,2946,-349.54626912951585
1748,-0.013800047055781306,1.515231203393718e-17,p1db,8.005907431176293e-17,1.8030463320302963e-17,2946,2947,-349.5636571438579
1749,-0.004915377148705602,1.4273924766411434e-17,p1db,7.927136019165811e-17,1.8301054904070043e-17,2947,2948,-349.5738692236274
1750,0.0069248890530104745,1.3376244577098754e-17,p1db,7.816527129530126e-17,1.842117421475553e-17,2948,2949,-349.5734878981553
1751,0.02034802351823828,1.2538813586320817e-17,p1db,7.682599744494351e-17,1.8389845241852318e-17,2949,2950,-349.5600194455214
1752,0.03305443889513526,1.1845817344710583e-17,p1db,7.536200659926263e-17,1.821585416455182e-17,2950,2951,-349.5327918511188
1753,0.0419420702569937,1.137621358072005e-17,p1db,7.389104101384825e-17,1.7913813402955736e-17,2951,2952,-349.4939105677311
1754,0.043951813560340725,1.1191377248502057e-17,p1db,7.252841325388054e-17,1.7503245344516304e-17,2952,2953,-349.44890771060483
1755,0.03780031463188038,1.132063897049597e-17,p1db,7.138128743310614e-17,1.7011058152461957e-17,2953,2954,-349.40600694061044
1756,0.025323508662353333,1.1750453032148449e-17,p1db,7.054571665375352e-17,1.6474481635389684e-17,2954,2955,-349.37330708134107
1757,0.010764791162216625,1.2425922850726049e-17,p1db,7.010011546481711e-17,1.59405606888137e-17,2955,2956,-349.35535992328573
1758,-0.0016080646471436921,1.3265831374295723e-17,p1db,7.009281457025456e-17,1.546060455239959e-17,2956,2957,-349.35177749901663
1759,-0.009477269109140707,1.4182379981039072e-17,p1db,7.0528771970439e-17,1.508181016324875e-17,2957,2958,-349.35857605258
1760,-0.012865064576857321,1.5096323550779065e-17,p1db,7.136427137658115e-17,1.4840438346440093e-17,2958,2959,-349.3707320372349
1761,-0.013365032498256824,1.5944125000362303e-17,p1db,7.251457243853451e-17,1.4759343932546918e-17,2959,2960,-349.38430618173373
1762,-0.013038157150703,1.6678322011415995e-17,p1db,7.387107589630229e-17,1.4848577745325133e-17,2960,2961,-349.39746210223143
1763,-0.013448256266514136,1.726387030643063e-17,p1db,7.531881633174362e-17,1.5105291182452183e-17,2961,2962,-349.41038249603514
1764,-0.015089850712854513,1.7673561741868246e-17,p1db,7.674663452798146e-17,1.5511252911878855e-17,2962,2963,-349.42435861476446
1765,-0.017402896001442514,1.7885507630230453e-17,p1db,7.804952750916073e-17,1.6030814439580597e-17,2963,2964,-349.44056219746085
1766,-0.01932612214341134,1.7884495971903282e-17,p1db,7.912921972556011e-17,1.6613772283420438e-17,2964,2965,-349.45916440676734
1767,-0.019975338450279878,1.7666437428900105e-17,p1db,7.989942911456947e-17,1.7204154192620932e-17,2965,2966,-349.4792144417477
1768,-0.018970322490048375,1.7242512182309703e-17,p1db,8.02964679975119e-17,1.7751007014416564e-17,2966,2967,-349.4991150836679
1769,-0.016277623496193883,1.663949314842326e-17,p1db,8.028933472715168e-17,1.8215456759129375e-17,2967,2968,-349.51715508672777
1770,-0.011827450964801756,1.589594009634605e-17,p1db,7.988265876794196e-17,1.8571125830831042e-17,2968,2969,-349.5316703306603
1771,-0.005282797576143139,1.5057939767218856e-17,p1db,7.911141205331691e-17,1.8800057368937442e-17,2969,2970,-349.5408099886574
1772,0.0037965806133399838,1.4178709776326756e-17,p1db,7.803248751987334e-17,1.888929028552872e-17,2970,2971,-349.5422359258126
1773,0.015363629581855776,1.3322490856923407e-17,p1db,7.67192857150729e-17,1.8831603362088253e-17,2971,2972,-349.5332168274307
1774,0.02806677466526253,1.256779654478394e-17,p1db,7.526112094520041e-17,1.8629482971931622e-17,2972,2973,-349.51150866664887
1775,0.03880302463366547,1.2002508958514704e-17,p1db,7.376401609534495e-17,1.8298340742862197e-17,2973,2974,-349.47708327810017
1776,0.043616828878384695,1.1706237115560526e-17,p1db,7.234753893363598e-17,1.786587708107308e-17,2974,2975,-349.43390261738153
1777,0.040145451286605294,1.1724887690232132e-17,p1db,7.113457766035227e-17,1.736784641548435e-17,2975,2976,-349.3898496203434
1778,0.02965262142564029,1.205346795957653e-17,p1db,7.023542364007567e-17,1.6843080038260084e-17,2976,2977,-349.3536117148083
1779,0.016301481267561257,1.2640874878018414e-17,p1db,6.973144625958549e-17,1.6330587112279377e-17,2977,2978,-349.3305443774921
1780,0.0043473646047687,1.341156595801931e-17,p1db,6.966446615721026e-17,1.586933211537359e-17,2978,2979,-349.3210087522732
1781,-0.003994000678375187,1.4286646624649802e-17,p1db,7.003471648188697e-17,1.5498622964092794e-17,2979,2980,-349.3218496482826
1782,-0.008765237947926607,1.519408656628353e-17,p1db,7.080531899967751e-17,1.525590305518877e-17,2980,2981,-349.32899675362995
1783,-0.011291742421263962,1.6070037230749377e-17,p1db,7.190873314530331e-17,1.517037938282884e-17,2981,2982,-349.33938012417843
1784,-0.013027762718081703,1.6857805559003085e-17,p1db,7.325251507008764e-17,1.525472529725218e-17,2982,2983,-349.3515802384725
1785,-0.0148202058685456,1.7508768040000237e-17,p1db,7.472533697433501e-17,1.5500082770132678e-17,2983,2984,-349.3654356496146
1786,-0.016790643927038218,1.7985310831681866e-17,p1db,7.620559356080079e-17,1.587831634050097e-17,2984,2985,-349.38122065020957
1787,-0.018656342236312184,1.826329895448055e-17,p1db,7.757303600729705e-17,1.6350214598932477e-17,2985,2986,-349.3990169374687
1788,-0.020097832668994897,1.833197228966362e-17,p1db,7.872108765761006e-17,1.6874104460924466e-17,2986,2987,-349.4185333346822
1789,-0.02089392772788301,1.819150750442519e-17,p1db,7.956640513794693e-17,1.741027722556458e-17,2987,2988,-349.43921260280666
1790,-0.020811328125063255,1.7850378676860172e-17,p1db,8.005331112150783e-17,1.7921143582501088e-17,2988,2989,-349.46032119013796
1791,-0.01942157056578253,1.732458354946882e-17,p1db,8.015300800024953e-17,1.8370448216417346e-17,2989,2990,-349.4808352590568
1792,-0.01605766462787983,1.6639326042802613e-17,p1db,7.986007443186683e-17,1.872461959001995e-17,2990,2991,-349.4991643312695
1793,-0.010028195302595577,1.5832289922954803e-17,p1db,7.919034400582337e-17,1.8956569011688186e-17,2991,2992,-349.51295058831255
1794,-0.0010354331021176222,1.4956766321188106e-17,p1db,7.818294939552129e-17,1.9049865399959415e-17,2992,2993,-349.5192207218747
1795,0.010386192045302778,1.408236811565904e-17,p1db,7.690490978825039e-17,1.9000926988349676e-17,2993,2994,-349.5150214545168
1796,0.02262069859310145,1.329107118886719e-17,p1db,7.545257491795414e-17,1.881821716108384e-17,2994,2995,-349.4984483377841
1797,0.03310778906364931,1.2667554483355214e-17,p1db,7.394489245642978e-17,1.8519161816861108e-17,2995,2996,-349.4697800573306
1798,0.0390432502367446,1.2285240078770897e-17,p1db,7.250912904105426e-17,1.8126814068100902e-17,2996,2997,-349.4322327596568
1799,0.03857846944163157,1.2191873083501956e-17,p1db,7.12652805568202e-17,1.766840954206383e-17,2997,2998,-349.3916935568571
1800,0.03188587192195769,1.2399526138513087e-17,p1db,7.031545318256718e-17,1.717636501246254e-17,2998,2999,-349.35507582077355
1801,0.021189552046337212,1.288270257839275e-17,p1db,6.973903853726967e-17,1.6689853716846812e-17,2999,3000,-349.3279218130132
1802,0.00960132134676428,1.3584928979994853e-17,p1db,6.958918831191868e-17,1.6253802219703264e-17,3000,3001,-349.3126967166809
1803,-0.00033531189387758786,1.4430830148418518e-17,p1db,6.988630812158485e-17,1.5913395828875503e-17,3001,3002,-349.30871917031965
1804,-0.007410915348515346,1.5339392231922053e-17,p1db,7.06098050448573e-17,1.570555082270904e-17,3002,3003,-349.31336734046863
1805,-0.011663724732244418,1.623499404564235e-17,p1db,7.169450828183576e-17,1.5651777332449336e-17,3003,3004,-349.3235410010167
1806,-0.013897441431282687,1.7054429884919167e-17,p1db,7.303756052160954e-17,1.5756311699108495e-17,3004,3005,-349.3366947899331
1807,-0.015192219847307342,1.7749561371221988e-17,p1db,7.451524350838712e-17,1.6009212620837205e-17,3005,3006,-349.35133588387924
1808,-0.016470648768205365,1.828617990695303e-17,p1db,7.60025112771948e-17,1.6390351868321446e-17,3006,3007,-349.36707922962773
1809,-0.01811591425445158,1.8640447583157688e-17,p1db,7.738648175630055e-17,1.6870840536080868e-17,3007,3008,-349.38427718141565
1810,-0.019809188530700794,1.8795220764953406e-17,p1db,7.857011453294486e-17,1.7412533612596635e-17,3008,3009,-349.40331105813664
1811,-0.02075800239404657,1.873901873303525e-17,p1db,7.947003631542304e-17,1.7969247642061966e-17,3009,3010,-349.42389555847706
1812,-0.020198089123539376,1.8469060699437578e-17,p1db,8.001660476331349e-17,1.8492150694958765e-17,3010,3011,-349.44482706292473
1813,-0.017793214980798666,1.7996620753630314e-17,p1db,8.016095865038804e-17,1.8937899929706076e-17,3011,3012,-349.46429173672414
1814,-0.013644186692260973,1.7350410146055487e-17,p1db,7.988579672689529e-17,1.9275286336865857e-17,3012,3013,-349.4804134928863
1815,-0.00796475396640517,1.6574809873376975e-17,p1db,7.921164836449052e-17,1.9486824237743274e-17,3013,3014,-349.49158011010866
1816,-0.0007641624970347038,1.572432952739113e-17,p1db,7.819345672656387e-17,1.956543697917259e-17,3014,3015,-349.49634300081914
1817,0.008111832257156948,1.4859259044238773e-17,p1db,7.691016490354528e-17,1.9510083321917948e-17,3015,3016,-349.4931084351027
1818,0.01846239034986752,1.4045858268969912e-17,p1db,7.545477191058056e-17,1.9324489173565266e-17,3016,3017,-349.4801193363048
1819,0.028989223410945897,1.3358414981263195e-17,p1db,7.392993507407722e-17,1.901980713592319e-17,3017,3018,-349.456183654403
1820,0.037014814746328284,1.2875543628700765e-17,p1db,7.244767864039745e-17,1.861819552024233e-17,3018,3019,-349.42214088948293
1821,0.03946722765445543,1.2664916929978335e-17,p1db,7.112717830575283e-17,1.8153373643940843e-17,3019,3020,-349.38215402491034
1822,0.034958376464743424,1.276080127956366e-17,p1db,7.008543539966069e-17,1.766669007121205e-17,3020,3021,-349.343206434174
1823,0.025117313218800064,1.3149633113340476e-17,p1db,6.942093142164776e-17,1.7200740661660385e-17,3021,3022,-349.31223727198085
1824,0.013572751070256572,1.3775782508050147e-17,p1db,6.919618225498643e-17,1.6794168570773202e-17,3022,3023,-349.2929718077364
1825,0.003560384767212099,1.4562446925665895e-17,p1db,6.942723112226061e-17,1.6479804815837953e-17,3023,3024,-349.28509176984034
1826,-0.0035851703984519645,1.543202905162087e-17,p1db,7.00844637751931e-17,1.6285023163282222e-17,3024,3025,-349.285851038202
1827,-0.008255030373078398,1.6316156302161228e-17,p1db,7.110220903951001e-17,1.623093926797224e-17,3025,3026,-349.29226211063724
1828,-0.011511298700639827,1.7156153426189297e-17,p1db,7.239028304020145e-17,1.6328255530078057e-17,3026,3027,-349.30236109894815
1829,-0.014162631449352148,1.7900110729750467e-17,p1db,7.384247351774027e-17,1.6571549217933682e-17,3027,3028,-349.3152847080385
1830,-0.01644326387690853,1.850207234006134e-17,p1db,7.534233244995781e-17,1.693679913982248e-17,3028,3029,-349.33068636184686
1831,-0.018209019335273524,1.8924983792062415e-17,p1db,7.67699112791984e-17,1.7385471194691726e-17,3029,3030,-349.34817123579234
1832,-0.019270500786007005,1.9144967489953013e-17,p1db,7.801156536049834e-17,1.78735357995295e-17,3030,3031,-349.3671044005174
1833,-0.019556710298132884,1.915317873636261e-17,p1db,7.897111862456728e-17,1.8360090100602236e-17,3031,3032,-349.38671223736435
1834,-0.01906568173370715,1.8953817027083824e-17,p1db,7.957868402944799e-17,1.8811154449491947e-17,3032,3033,-349.40621782111367
1835,-0.017721784159164145,1.856041479681706e-17,p1db,7.979463032121592e-17,1.9198516616062344e-17,3033,3034,-349.42484360083176
1836,-0.01525698265740516,1.7993811643338594e-17,p1db,7.960871453267646e-17,1.949720925143004e-17,3034,3035,-349.441661389432
1837,-0.011195392490208178,1.7283353219110484e-17,p1db,7.903636167248596e-17,1.9685395595994015e-17,3035,3036,-349.4553575661466
1838,-0.005010709261625834,1.6470116898915203e-17,p1db,7.811505780625728e-17,1.9747512932191574e-17,3036,3037,-349.4640521744124
1839,0.003516719383810596,1.5609737490874726e-17,p1db,7.690344868438401e-17,1.967839117924098e-17,3037,3038,-349.4653789846698
1840,0.01383884030030913,1.477259944522479e-17,p1db,7.548320947710716e-17,1.9485299628540963e-17,3038,3039,-349.4570187356448
1841,0.024334558414750518,1.4039461177997292e-17,p1db,7.396004142197352e-17,1.9186583724543575e-17,3039,3040,-349.4377013040692
1842,0.03252578792864824,1.3491162174731152e-17,p1db,7.245864246279296e-17,1.8807922579901332e-17,3040,3041,-349.4083496188153
1843,0.03602043314268144,1.319352939800946e-17,p1db,7.110963508554826e-17,1.8378577250032165e-17,3041,3042,-349.3726497282119
1844,0.03378354079271162,1.3182748281499743e-17,p1db,7.00322192993048e-17,1.7929659699949044e-17,3042,3043,-349.33630875252993
1845,0.026751716471835607,1.3458228134772846e-17,p1db,6.931951542335105e-17,1.749462740506853e-17,3043,3044,-349.3050826466265
1846,0.017198037708340053,1.3985755877402724e-17,p1db,6.903104341912272e-17,1.711000715681933e-17,3044,3045,-349.28280531958626
1847,0.007435611969413003,1.47072390767302e-17,p1db,6.919110776082196e-17,1.6813499637709812e-17,3045,3046,-349.2706865712098
1848,-0.0010610920193698803,1.555160505741661e-17,p1db,6.978863800990805e-17,1.6638181757486526e-17,3046,3047,-349.26793409564743
1849,-0.007712292972854584,1.6444257136838012e-17,p1db,7.077607286097036e-17,1.6604822405348375e-17,3047,3048,-349.27280875524855
1850,-0.012464106129726815,1.7314730759173823e-17,p1db,7.206952970902513e-17,1.6716806864734666e-17,3048,3049,-349.28335868159314
1851,-0.015517396839214825,1.81022942492686e-17,p1db,7.355474934308117e-17,1.6961018351195025e-17,3049,3050,-349.297736967508
1852,-0.017279438553771342,1.87590435184726e-17,p1db,7.51007686063353e-17,1.7313572821097932e-17,3050,3051,-349.3143934752716
1853,-0.018311717879441858,1.925045855988341e-17,p1db,7.657803215839553e-17,1.7745763481341506e-17,3051,3052,-349.33229584461554
1854,-0.019086632167329753,1.9553901451410273e-17,p1db,7.787392242104398e-17,1.822643094119217e-17,3052,3053,-349.35101691103046
1855,-0.019667429971264028,1.965597560017041e-17,p1db,7.889967663023985e-17,1.872107991421177e-17,3053,3054,-349.3704691089502
1856,-0.01961113360789568,1.955038924113814e-17,p1db,7.958850905336043e-17,1.9191360758829373e-17,3054,3055,-349.390351770973
1857,-0.01824116320139524,1.923839313935048e-17,p1db,7.989141966383653e-17,1.9598128634876063e-17,3055,3056,-349.409691376166
1858,-0.015094415140254114,1.8732526382731698e-17,p1db,7.97785024049643e-17,1.9907813270351026e-17,3056,3057,-349.4268340973758
1859,-0.010176683452471025,1.8061375332442437e-17,p1db,7.924736682198026e-17,2.0098569645073684e-17,3057,3058,-349.4398802064465
1860,-0.0038398503893404268,1.7271153496869052e-17,p1db,7.833200885817222e-17,2.0162413235262368e-17,3058,3059,-349.4471874642807
1861,0.0035487029343812537,1.6421940824058997e-17,p1db,7.710349496061438e-17,2.010244577349493e-17,3059,3060,-349.4475599072252
1862,0.011761391581359248,1.5581057451426327e-17,p1db,7.566032791632658e-17,1.9928033258045448e-17,3060,3061,-349.44009005841195
1863,0.020428080108672475,1.4818203554700784e-17,p1db,7.411459815596398e-17,1.9652158430477938e-17,3061,3062,-349.42403712406247
1864,0.02846814267476816,1.420357919452572e-17,p1db,7.258192706729967e-17,1.929281226983666e-17,3062,3063,-349.3992338981946
1865,0.03385967977084192,1.3804404010583604e-17,p1db,7.117773868057359e-17,1.887636068051452e-17,3063,3064,-349.36710083871293
1866,0.03441173006777376,1.3674127637535546e-17,p1db,7.001533700728218e-17,1.8438786714743425e-17,3064,3065,-349.3315145386529
1867,0.029320789938310554,1.3835911506001463e-17,p1db,6.919899087695137e-17,1.8022156997672106e-17,3065,3066,-349.2982773785774
1868,0.020093816851073143,1.4271416819660347e-17,p1db,6.880953760802109e-17,1.766733311635908e-17,3066,3067,-349.2728729587763
1869,0.009718199737875466,1.4924962240721873e-17,p1db,6.888737053548964e-17,1.7406913113790333e-17,3067,3068,-349.25808974487524
1870,0.0008136571373711377,1.5720711777358413e-17,p1db,6.942203800909834e-17,1.72621647378514e-17,3068,3069,-349.25343655930055
1871,-0.005570544734183613,1.6581440845014748e-17,p1db,7.03549320982602e-17,1.724428058134537e-17,3069,3070,-349.2564624306005
1872,-0.009824674082153706,1.743979452370703e-17,p1db,7.159331110531597e-17,1.7356582973829068e-17,3070,3071,-349.2645776487689
1873,-0.012860612077986389,1.8240337350288824e-17,p1db,7.30271040334529e-17,1.7593988997225106e-17,3071,3072,-349.2761117787648
1874,-0.01527488510376429,1.8936138697433654e-17,p1db,7.454047868478399e-17,1.793972708758521e-17,3072,3073,-349.2902988729249
1875,-0.017094714848326475,1.9485525479772247e-17,p1db,7.601689025687005e-17,1.8363303952624277e-17,3073,3074,-349.30666154897233
1876,-0.018057427194833053,1.9853025850512695e-17,p1db,7.734253078981505e-17,1.8823699892248706e-17,3074,3075,-349.32448830262155
1877,-0.018009066748675195,2.0014294308029118e-17,p1db,7.841327553683963e-17,1.927753148930482e-17,3075,3076,-349.342776403362
1878,-0.017051104728835753,1.9960868701443675e-17,p1db,7.914512305575737e-17,1.9687623767584516e-17,3076,3077,-349.3605064361189
1879,-0.015390449390906724,1.970052576006065e-17,p1db,7.948349616401264e-17,2.00271012293266e-17,3077,3078,-349.37687861281967
1880,-0.013100553839620943,1.9253126742769076e-17,p1db,7.940708453521374e-17,2.027786643513278e-17,3078,3079,-349.3912873349007
1881,-0.009995848203516289,1.8646055355965083e-17,p1db,7.892588474026461e-17,2.0426689745948237e-17,3079,3080,-349.4030797204989
1882,-0.005680946206467752,1.7913341002406095e-17,p1db,7.807631772614041e-17,2.0463354458878897e-17,3080,3081,-349.41127903130774
1883,0.00024952363835950564,1.7098691842331262e-17,p1db,7.691666547138871e-17,2.0382729373385288e-17,3081,3082,-349.41444161291184
1884,0.007887559738378513,1.6259053640691768e-17,p1db,7.552462218090709e-17,2.0188894031238595e-17,3082,3083,-349.410779984031
1885,0.016628761303621786,1.546478396774527e-17,p1db,7.399676468414178e-17,1.9897708144874827e-17,3083,3084,-349.3986664934351
1886,0.024944486417581402,1.4794166792391032e-17,p1db,7.24475408920001e-17,1.953552485262707e-17,3084,3085,-349.3775224614238
1887,0.03066645968763737,1.432196931169129e-17,p1db,7.100395971301472e-17,1.9134617771201698e-17,3085,3086,-349.3487775205999
1888,0.031938981438230485,1.410438626174071e-17,p1db,6.97934823640604e-17,1.8728058608016854e-17,3086,3087,-349.3161895420485
1889,0.028318991189053122,1.4166242835181618e-17,p1db,6.892693623701406e-17,1.8346827264658898e-17,3087,3088,-349.28489955772346
1890,0.021059812504802267,1.4497049691738805e-17,p1db,6.848247149264869e-17,1.8019852742662853e-17,3088,3089,-349.2595515596704
1891,0.012267748494082298,1.505708300112516e-17,p1db,6.849660270615694e-17,1.7774941277928426e-17,3089,3090,-349.24277993271386
1892,0.003739347950187266,1.5788029929754353e-17,p1db,6.89638246926822e-17,1.763744986012102e-17,3090,3091,-349.23501606268223
1893,-0.003578818257921057,1.662242229979752e-17,p1db,6.984139235452697e-17,1.762541395970999e-17,3091,3092,-349.2353012368135
1894,-0.009396555117689331,1.7490574577819855e-17,p1db,7.10549465451646e-17,1.774340985529414e-17,3092,3093,-349.2421736991981
1895,-0.01366867630903812,1.8326380661154733e-17,p1db,7.250366241095375e-17,1.7979573003817198e-17,3093,3094,-349.25409434704886
1896,-0.016406118397441105,1.9072366077450846e-17,p1db,7.406681259105648e-17,1.830852453646906e-17,3094,3095,-349.26951105181615
1897,-0.017743654155168542,1.9682942505573182e-17,p1db,7.561404971375347e-17,1.8698582327328147e-17,3095,3096,-349.28690658384375
1898,-0.018030626289373686,2.0125172583717328e-17,p1db,7.701929014656306e-17,1.9118537002670215e-17,3096,3097,-349.3049983601265
1899,-0.017735520275124372,2.0377738590059423e-17,p1db,7.817482473915178e-17,1.954019518099339e-17,3097,3098,-349.3229678364225
1900,-0.017164903295167733,2.0429400866634058e-17,p1db,7.900059546052762e-17,1.9936728042433168e-17,3098,3099,-349.34046940067674
1901,-0.01620950825369505,2.027781417949523e-17,p1db,7.944542880169567e-17,2.0280312860667347e-17,3099,3100,-349.3572976430128
1902,-0.014367244726912531,1.9929319887436843e-17,p1db,7.94823249960869e-17,2.0542951281348234e-17,3100,3101,-349.37288841718413
1903,-0.011081889991942262,1.9400440468966443e-17,p1db,7.910465418449843e-17,2.0701390033086212e-17,3101,3102,-349.38603213246665
1904,-0.00614786528399236,1.8720977910613708e-17,p1db,7.832891084488008e-17,2.0743223139721218e-17,3102,3103,-349.395052197168
1905,0.00014058148283879746,1.7936622122846707e-17,p1db,7.720237109496748e-17,2.0669842006812777e-17,3103,3104,-349.39832786303464
1906,0.007180857283458408,1.7108021318875573e-17,p1db,7.580753626289702e-17,2.049413589179742e-17,3104,3105,-349.39477103420234
1907,0.0143506644068907,1.6305337554278652e-17,p1db,7.425657626279196e-17,2.02349277790872e-17,3105,3106,-349.3839661484677
1908,0.02105148779608612,1.56007125712186e-17,p1db,7.267696867594368e-17,1.991263365923701e-17,3106,3107,-349.36606970538855
1909,0.026441413107278322,1.5061701961929788e-17,p1db,7.119604023774113e-17,1.9549210513757382e-17,3107,3108,-349.34186317287555
1910,0.029245282788622262,1.4745563745143578e-17,p1db,6.993109237064186e-17,1.9171286079993136e-17,3108,3109,-349.313186879174
1911,0.028159701374278256,1.4691643831680758e-17,p1db,6.898506874186911e-17,1.8812202427473236e-17,3109,3110,-349.2833726072983
1912,0.022799642441697188,1.4911677015469465e-17,p1db,6.844213486513513e-17,1.85092432620007e-17,3110,3111,-349.25686747642544
1913,0.01433424137164252,1.5383448673317353e-17,p1db,6.835825850975544e-17,1.8296113190886852e-17,3111,3112,-349.2377733224149
1914,0.00504662986250537,1.605396253978416e-17,p1db,6.874822346811958e-17,1.8194867477686596e-17,3112,3113,-349.22819899368216
1915,-0.002889680746477552,1.6851743529781626e-17,p1db,6.957668464328434e-17,1.8212449892016655e-17,3113,3114,-349.2276800626899
1916,-0.008417458986315296,1.7701793450810657e-17,p1db,7.076090629958548e-17,1.834350564062371e-17,3114,3115,-349.2339783551751
1917,-0.011740494481045971,1.8536755920971977e-17,p1db,7.218598563480305e-17,1.857602137650392e-17,3115,3116,-349.24451498066253
1918,-0.013719487525577279,1.930151251120839e-17,p1db,7.372519740116074e-17,1.889439979859433e-17,3116,3117,-349.2574593441372
1919,-0.015076323806681557,1.9951958446798795e-17,p1db,7.525558122487242e-17,1.9277784925894046e-17,3117,3118,-349.2719539557137
1920,-0.01595921065322159,2.0451265974247053e-17,p1db,7.66641077938172e-17,1.9696795737961204e-17,3118,3119,-349.28761199175057
1921,-0.01607517768579214,2.0768029256144586e-17,p1db,7.784801677887868e-17,2.0114028200227234e-17,3119,3120,-349.3038723770201
1922,-0.01514437273633007,2.08789748423657e-17,p1db,7.871691737786155e-17,2.0490448435296293e-17,3120,3121,-349.31976234712215
1923,-0.013223274152807107,2.077469581870223e-17,p1db,7.920062664972589e-17,2.0794258208424973e-17,3121,3122,-349.3341611224928
1924,-0.010644025072963359,2.046350927344058e-17,p1db,7.925941534493847e-17,2.100631323565837e-17,3122,3123,-349.34620889542776
1925,-0.00769388609163002,1.996978877761735e-17,p1db,7.888985674721379e-17,2.1119017670856718e-17,3123,3124,-349.3554491726387
1926,-0.004350505817285466,1.9328293536681158e-17,p1db,7.812292549303136e-17,2.1131067344130077e-17,3124,3125,-349.361596667611
1927,-0.000284905240931721,1.8579733277177934e-17,p1db,7.701695474152697e-17,2.1043404053674313e-17,3125,3126,-349.3641501842733
1928,0.004876084402553715,1.777110063497885e-17,p1db,7.565055763266792e-17,2.0859816588186076e-17,3126,3127,-349.3621664780929
1929,0.011167014723071134,1.6959144898921526e-17,p1db,7.411854414098889e-17,2.059104771493784e-17,3127,3128,-349.3543980154682
1930,0.017945443714296516,1.621184902108735e-17,p1db,7.253021167401798e-17,2.0258237227677107e-17,3128,3129,-349.33983244864675
1931,0.023801930867222154,1.5603491078706977e-17,p1db,7.100692351799017e-17,1.9892185655591443e-17,3129,3130,-349.3185071280396
1932,0.026957541838186216,1.5202573336713456e-17,p1db,6.967546055740594e-17,1.9528170759419947e-17,3130,3131,-349.2922285869123
1933,0.026150990683248665,1.5056452211228914e-17,p1db,6.865535708618223e-17,1.919922943578829e-17,3131,3132,-349.2645920443632
1934,0.021456326547905746,1.5179931957936972e-17,p1db,6.804211168685504e-17,1.8931733097708765e-17,3132,3133,-349.2399266055458
1935,0.014269520988875684,1.555406546826402e-17,p1db,6.789192456272642e-17,1.8745084633981128e-17,3133,3134,-349.2216793912674
1936,0.006429536999604579,1.6134693190897057e-17,p1db,6.821411568760786e-17,1.865385512797998e-17,3134,3135,-349.21138756356805
1937,-0.0007060434857919518,1.686387008541432e-17,p1db,6.897331912147967e-17,1.8668611331587533e-17,3135,3136,-349.2088203172682
1938,-0.006540617201920895,1.7678036539854935e-17,p1db,7.009818060050597e-17,1.8793183840913652e-17,3136,3137,-349.21279965053964
1939,-0.010960740852027584,1.8512403032560555e-17,p1db,7.149135965217236e-17,1.9020065411469244e-17,3137,3138,-349.22190155167203
1940,-0.013988635184261966,1.930456907825806e-17,p1db,7.303807335668851e-17,1.9328272535868545e-17,3138,3139,-349.2347211322437
1941,-0.015658252038349474,1.999922528879051e-17,p1db,7.461383866592618e-17,1.9686614571460707e-17,3139,3140,-349.24987882204056
1942,-0.016076503308198653,2.0552682926409663e-17,p1db,7.609322104610489e-17,2.0061071008880225e-17,3140,3141,-349.2660376363204
1943,-0.015500669853395266,2.0934824504118407e-17,p1db,7.73601736404621e-17,2.0421821097680958e-17,3141,3142,-349.28203182865695
1944,-0.014311833364672566,2.1127917114168217e-17,p1db,7.83186790126238e-17,2.0746050543176482e-17,3142,3143,-349.2970389760272
1945,-0.012856616961755662,2.1124215532188543e-17,p1db,7.890107694142073e-17,2.1016095647249795e-17,3143,3144,-349.3106554953863
1946,-0.011229228716587158,2.0924666414855965e-17,p1db,7.907134178789658e-17,2.1215886353940246e-17,3144,3145,-349.3227522099507
1947,-0.009159816508713448,2.0539371221859534e-17,p1db,7.882261169096779e-17,2.1329663771573335e-17,3145,3146,-349.3331139528195
1948,-0.006158448594618449,1.9989048376581234e-17,p1db,7.817212947287595e-17,2.1344941178031317e-17,3146,3147,-349.3410718429681
1949,-0.0018743037900605941,1.93066793287552e-17,p1db,7.715896870368625e-17,2.1258011834518022e-17,3147,3148,-349.3454308500087
1950,0.003580689009595517,1.8538664487766013e-17,p1db,7.584694709980809e-17,2.1077808074175232e-17,3148,3149,-349.34482045054824
1951,0.009593150628262492,1.7744233788509223e-17,p1db,7.43287740930169e-17,2.0824777741538653e-17,3149,3150,-349.3382694719895
1952,0.01530044956666643,1.6991660304073535e-17,p1db,7.27241940318247e-17,2.052519125657467e-17,3150,3151,-349.3256341492917
1953,0.01988379134067486,1.6351235108536912e-17,p1db,7.116857255891429e-17,2.0204947914824365e-17,3151,3152,-349.3076685728562
1954,0.022659420765847926,1.5886829233614625e-17,p1db,6.979563909605308e-17,1.9887225534944602e-17,3152,3153,-349.28586656661037
1955,0.023018204524447583,1.56479786403586e-17,p1db,6.872189765311036e-17,1.95946526408882e-17,3153,3154,-349.2623497313245
1956,0.020505932453858122,1.5663063458132338e-17,p1db,6.803738191393967e-17,1.9352333266674484e-17,3154,3155,-349.23983015756147
1957,0.015170288145867517,1.5933971223008903e-17,p1db,6.780140582524194e-17,1.91870494179924e-17,3155,3156,-349.2213378664168
1958,0.007875271648828175,1.64342302968526e-17,p1db,6.80387566530875e-17,1.9121245921229587e-17,3156,3157,-349.20948958126974
1959,0.00016761645244400825,1.711292862887929e-17,p1db,6.873418382442505e-17,1.9165265783525368e-17,3157,3158,-349.2055873231191
1960,-0.0063363401795584195,1.7903976815666533e-17,p1db,6.982830539546919e-17,1.9313573636650272e-17,3158,3159,-349.20915434836485
1961,-0.010647065837133596,1.8737198678155996e-17,p1db,7.122069558733221e-17,1.9548008932538764e-17,3159,3160,-349.21826000347824
1962,-0.012732403131195724,1.954745126367183e-17,p1db,7.278296605039828e-17,1.9845516499677045e-17,3160,3161,-349.2304484800391
1963,-0.013302946151753758,2.0279825760723584e-17,p1db,7.437829987230124e-17,2.018432699019736e-17,3161,3162,-349.2437248097406
1964,-0.013218950289910936,2.0890779030695483e-17,p1db,7.58793368334193e-17,2.0544310615070115e-17,3162,3163,-349.2570543723426
1965,-0.012921191654953645,2.13463295160831e-17,p1db,7.71775105422789e-17,2.0902724770520576e-17,3163,3164,-349.27016271032045
1966,-0.012270514938876431,2.1619726939916788e-17,p1db,7.818349316990593e-17,2.1231091786445152e-17,3164,3165,-349.28289675565253
1967,-0.010867166524974436,2.169152568687993e-17,p1db,7.882514682900838e-17,2.1498186395273196e-17,3165,3166,-349.2947037401982
1968,-0.008529156249750258,2.1553239221754706e-17,p1db,7.905017637387323e-17,2.167839833622674e-17,3166,3167,-349.3046310887025
1969,-0.0054996361502048785,2.1212206221900738e-17,p1db,7.883449511999392e-17,2.1759377996233396e-17,3167,3168,-349.3117620526977
1970,-0.0022328876061123992,2.0693295009448937e-17,p1db,7.819022879340388e-17,2.1743086824537497e-17,3168,3169,-349.3156303610029
1971,0.0010051470806899943,2.0035418543821092e-17,p1db,7.716655613441361e-17,2.1640056987823183e-17,3169,3170,-349.3162278279099
1972,0.004345269523724937,1.9285638273993094e-17,p1db,7.584251808025377e-17,2.1462409550974357e-17,3170,3171,-349.3136200668415
1973,0.008140371637580301,1.8495677150458633e-17,p1db,7.431685517996237e-17,2.1221564418253233e-17,3171,3172,-349.3075372888625
1974,0.012520778776348607,1.772257926506213e-17,p1db,7.2700368845221e-17,2.0931639079129027e-17,3172,3173,-349.29733932356635
1975,0.01698395367660055,1.7030221719766022e-17,p1db,7.111208030813807e-17,2.0614283667258395e-17,3173,3174,-349.2824957313098
1976,0.02033841124099922,1.6486264286325522e-17,p1db,6.967603054689076e-17,2.029962055753967e-17,3174,3175,-349.26337141621315
1977,0.021183085418101655,1.6151852843647538e-17,p1db,6.851424882103447e-17,2.0021293622487853e-17,3175,3176,-349.2418189088278
1978,0.018753162747117358,1.6067155990009068e-17,p1db,6.773373907887271e-17,1.98083134672077e-17,3176,3177,-349.22100524537694
1979,0.013518149353615172,1.6240450120913736e-17,p1db,6.740983651728337e-17,1.9678872785713667e-17,3177,3178,-349.20431258333355
1980,0.006945979539779046,1.6647470310969055e-17,p1db,6.757225164800675e-17,1.963975715252133e-17,3178,3179,-349.1939689466697
1981,0.0006037539528449543,1.724071894764072e-17,p1db,6.820029191503968e-17,1.9690464254033436e-17,3179,3180,-349.190420624254
1982,-0.004590709939691351,1.7961784177570563e-17,p1db,6.922904682981756e-17,1.9827386147295227e-17,3180,3181,-349.192761438764
1983,-0.00843800124283689,1.8749825083607426e-17,p1db,7.056222940758835e-17,2.0043881980863474e-17,3181,3182,-349.19960204413337
1984,-0.011061544478963015,1.9544808356836297e-17,p1db,7.208517591222037e-17,2.0326498819312056e-17,3182,3183,-349.2096374412497
1985,-0.012561802639197595,2.0288781894250162e-17,p1db,7.367453771537686e-17,2.065183529277963e-17,3183,3184,-349.2217251330913
1986,-0.01296704160941431,2.0928799250102456e-17,p1db,7.520564332249535e-17,2.0988452574740668e-17,3184,3185,-349.2347610465281
1987,-0.012362960706383319,2.142188053261885e-17,p1db,7.656009389819301e-17,2.1303856323782048e-17,3185,3186,-349.2476592163101
1988,-0.010982393576995264,2.1739162829114572e-17,p1db,7.763444956339904e-17,2.1572138168878528e-17,3186,3187,-349.25948696794086
1989,-0.009165574738915439,2.1866391549214764e-17,p1db,7.834864016773931e-17,2.1777440963870983e-17,3187,3188,-349.2696240034641
1990,-0.007231909698390382,2.1801040173973278e-17,p1db,7.865212271947173e-17,2.191197155450253e-17,3188,3189,-349.2778181174187
1991,-0.005332912748087892,2.154918221233833e-17,p1db,7.852644554987866e-17,2.1971387053064083e-17,3189,3190,-349.2840878228609
1992,-0.0033562763039185484,2.112483812412629e-17,p1db,7.798386333447688e-17,2.195184040783768e-17,3190,3191,-349.28848394291487
1993,-0.0009675767526857726,2.055173150359328e-17,p1db,7.706317329442213e-17,2.1851189562987253e-17,3191,3192,-349.29080037546873
1994,0.002166467051779364,1.9865382861963307e-17,p1db,7.582567495830675e-17,2.167344228296405e-17,3192,3193,-349.29041909642024
1995,0.0060705509679905845,1.9113696475119632e-17,p1db,7.43539279569932e-17,2.1432806341247955e-17,3193,3194,-349.2864674413652
1996,0.010286178771480081,1.8355303510287893e-17,p1db,7.27525708951292e-17,2.1153643525695592e-17,3194,3195,-349.27827799448426
1997,0.013989183769126612,1.7655450662590654e-17,p1db,7.114657460778437e-17,2.0865443093253364e-17,3195,3196,-349.2658950838222
1998,0.01633510377661196,1.707949571640051e-17,p1db,6.967228645600273e-17,2.0595754809932366e-17,3196,3197,-349.250299626946
1999,0.016782761725551154,1.6684879445935356e-17,p1db,6.846132431813165e-17,2.036575459253021e-17,3197,3198,-349.233224876269
2000,0.01519728771836526,1.6513291356341702e-17,p1db,6.762273556953359e-17,2.0190864777920885e-17,3198,3199,-349.2167341034949
2001,0.011768343469242382,1.6584674437046347e-17,p1db,6.722998172955728e-17,2.0084298459597942e-17,3199,3200,-349.20283030083226
2002,0.00692408481998541,1.68940573369055e-17,p1db,6.73155233294234e-17,2.0058788135130437e-17,3200,3201,-349.1931974165564
2003,0.001326000755767609,1.7411925021405794e-17,p1db,6.787094395018695e-17,2.012361537586956e-17,3201,3202,-349.1889821311923
2004,-0.004148558990749507,1.8088626843945485e-17,p1db,6.88490054186722e-17,2.027868868784098e-17,3202,3203,-349.1905454150449
2005,-0.008565972960241197,1.8862191678244534e-17,p1db,7.016642176369075e-17,2.0510673750976778e-17,3203,3204,-349.1972792491738
2006,-0.011237587241851088,1.9667332757262964e-17,p1db,7.170934037896922e-17,2.0795082756272486e-17,3204,3205,-349.20767736096536
2007,-0.012004394390118023,2.0442965282764262e-17,p1db,7.334405236925774e-17,2.110360257953036e-17,3205,3206,-349.2197544236575
2008,-0.01129949541507358,2.1136714639655093e-17,p1db,7.49326382464853e-17,2.1411770346443823e-17,3206,3207,-349.2316861497456
2009,-0.00989065787618415,2.170649022669649e-17,p1db,7.63493468940769e-17,2.1701841713830597e-17,3207,3208,-349.24235341448764
2010,-0.008419572129270136,2.2120075536549567e-17,p1db,7.749182671844479e-17,2.1959564513679234e-17,3208,3209,-349.25146746549797
2011,-0.007042715700237068,2.2353969686434146e-17,p1db,7.828402820742296e-17,2.2168769508215716e-17,3209,3210,-349.2591925587462
2012,-0.005455247801080532,2.239297606721306e-17,p1db,7.867343591703322e-17,2.2309952847526554e-17,3210,3211,-349.26555289689844
2013,-0.0032836165493108638,2.223181571029657e-17,p1db,7.862933673313791e-17,2.2365683537950815e-17,3211,3212,-349.27010305434834
2014,-0.0005029273353613917,2.187847767892269e-17,p1db,7.814666624333703e-17,2.232913830006097e-17,3212,3213,-349.27212012999706
2015,0.002490422653437463,2.1356856700631676e-17,p1db,7.725312912249096e-17,2.2208538080555878e-17,3213,3214,-349.27110890901906
2016,0.005199833618632965,2.0705900688055557e-17,p1db,7.601265446673038e-17,2.2023464428547256e-17,3214,3215,-349.2671392846902
2017,0.007430938841793022,1.997513622147986e-17,p1db,7.452062922694104e-17,2.1796154280409584e-17,3215,3216,-349.2607092417818
2018,0.009389471742309752,1.9219596711079076e-17,p1db,7.289291116251904e-17,2.1545084269369812e-17,3216,3217,-349.2522774070066
2019,0.011358262165288124,1.8497193747530432e-17,p1db,7.12544857908938e-17,2.1285450339483532e-17,3217,3218,-349.2419302982972
2020,0.013213644740602604,1.7868124734279464e-17,p1db,6.973167243843161e-17,2.103445338996401e-17,3218,3219,-349.229560882676
2021,0.014223845371503785,1.7392522709258075e-17,p1db,6.844680990414685e-17,2.0815064411956334e-17,3219,3220,-349.215503008816
2022,0.013411267189042064,1.7122914525947715e-17,p1db,6.751117734537876e-17,2.0653556457054742e-17,3220,3221,-349.201113191933
2023,0.010304671346119676,1.7092569629492818e-17,p1db,6.701315838153753e-17,2.057161834005027e-17,3221,3222,-349.1886804744379
2024,0.005460954363059045,1.730583194738982e-17,p1db,6.700337208284655e-17,2.0578612491010557e-17,3222,3223,-349.1805038492408
2025,0.00022238011732156338,1.773684912497841e-17,p1db,6.748302893133861e-17,2.0669697502762475e-17,3223,3224,-349.17775856571177
2026,-0.004112761797870235,1.833754603257718e-17,p1db,6.8402117885108e-17,2.08308845620395e-17,3224,3225,-349.18005908900614
2027,-0.006962479416642964,1.904946985916195e-17,p1db,6.966908905124524e-17,2.1046501075424018e-17,3225,3226,-349.1859840893075
2028,-0.008478285807228758,1.9812996254905743e-17,p1db,7.116713480448532e-17,2.130289185873474e-17,3226,3227,-349.1939840478394
2029,-0.009080448663382867,2.0571216972363777e-17,p1db,7.276955329649109e-17,2.1585992997742558e-17,3227,3228,-349.20294066092197
2030,-0.00902242354561622,2.1270446567680306e-17,p1db,7.434985927081694e-17,2.1876320599584138e-17,3228,3229,-349.2121449451662
2031,-0.008309231816525653,2.1861204716404392e-17,p1db,7.578773953178755e-17,2.214755735805053e-17,3229,3230,-349.2209855080132
2032,-0.006904996506449379,2.2301871696340408e-17,p1db,7.69746304973093e-17,2.2371697358238272e-17,3230,3231,-349.22876340879924
2033,-0.004946276157738794,2.2563678142894524e-17,p1db,7.782096509047146e-17,2.2527564611769187e-17,3231,3232,-349.2347955010261
2034,-0.002760726983268569,2.2633543239862573e-17,p1db,7.826371196003626e-17,2.2606332729815245e-17,3232,3233,-349.2386559611147
2035,-0.0007109447626874044,2.2512726964718584e-17,p1db,7.827144161479625e-17,2.2610330396549587e-17,3233,3234,-349.24031695499264
2036,0.00099177050415733,2.2212917430058692e-17,p1db,7.784551710490926e-17,2.254707804281213e-17,3234,3235,-349.2400778506401
2037,0.002382934802682257,2.175338546981172e-17,p1db,7.701794686420544e-17,2.2423919835284277e-17,3235,3236,-349.2383334139843
2038,0.003702965575826056,2.116123361675084e-17,p1db,7.584735397394892e-17,2.22472939505597e-17,3236,3237,-349.2353119810347
2039,0.00522740425699908,2.0473538496935502e-17,p1db,7.44146956140335e-17,2.2026428685333885e-17,3237,3238,-349.23092748283267
2040,0.0070361215996967985,1.9738576727089013e-17,p1db,7.282004053062485e-17,2.1777701583311405e-17,3238,3239,-349.22485717252073
2041,0.008854889151450607,1.901417813058622e-17,p1db,7.118021334531398e-17,2.1525440466990267e-17,3239,3240,-349.2168552396333
2042,0.010109228842821949,1.836295238277509e-17,p1db,6.96247805925664e-17,2.1297576442564717e-17,3240,3241,-349.2071473942178
2043,0.010206601084519207,1.78452670062451e-17,p1db,6.828698689133418e-17,2.111842460188855e-17,3241,3242,-349.19663678194763
2044,0.008870156260201156,1.751143982690295e-17,p1db,6.728873249689279e-17,2.100322914303003e-17,3242,3243,-349.1867341920488
2045,0.0062764948650055885,1.7394935925122636e-17,p1db,6.672319668611604e-17,2.095785362304415e-17,3243,3244,-349.17889646942723
2046,0.0029127545301719238,1.7508070660489794e-17,p1db,6.664138308520021e-17,2.0982774574410275e-17,3244,3245,-349.1741812023188
2047,-0.0006853933820707425,1.7840737286963537e-17,p1db,6.704707836463529e-17,2.1077018928539788e-17,3245,3246,-349.1730709603669
2048,-0.0040865897959179165,1.836190264149421e-17,p1db,6.789999814274056e-17,2.1238178112210222e-17,3246,3247,-349.1755519890829
2049,-0.0069423118466716005,1.9023631418395523e-17,p1db,6.912338807936035e-17,2.1458615828694234e-17,3247,3248,-349.1812441399587
2050,-0.00891414672307178,1.9767421985730714e-17,p1db,7.061252898200271e-17,2.1721765790212037e-17,3248,3249,-349.18943661277626
2051,-0.009697481991821633,2.0531843664955887e-17,p1db,7.224322337053586e-17,2.2002679314769038e-17,3249,3250,-349.19907243340487
2052,-0.009163571920822733,2.1259498263931847e-17,p1db,7.388145183893227e-17,2.2273618701749413e-17,3250,3251,-349.2088315767599
2053,-0.007505369119627403,2.1901477521421997e-17,p1db,7.539519821838252e-17,2.251144664377841e-17,3251,3252,-349.2173995772465
2054,-0.00523357122014545,2.241889933962474e-17,p1db,7.666729903242978e-17,2.2702057487022613e-17,3252,3253,-349.22384231499916
2055,-0.002955377800731185,2.2782560515694643e-17,p1db,7.760591262149855e-17,2.2839143365243908e-17,3253,3254,-349.2278667196868
2056,-0.0010442714988414536,2.2972168822602885e-17,p1db,7.814913797417588e-17,2.2918825781417843e-17,3254,3255,-349.2297530706006
2057,0.000547826330063117,2.2976203687342037e-17,p1db,7.826353518236486e-17,2.2935219321814123e-17,3255,3256,-349.2299552626845
2058,0.0021476716372603732,2.279291863781173e-17,p1db,7.794067967217786e-17,2.2881619782883554e-17,3256,3257,-349.2286574179405
2059,0.003979450125370931,2.24323677840125e-17,p1db,7.719694964270835e-17,2.2757095129918265e-17,3257,3258,-349.22565991940996
2060,0.005878747234135062,2.1918351545252852e-17,p1db,7.607756318360505e-17,2.257281410151526e-17,3258,3259,-349.22069851768975
2061,0.0073713847321243975,2.128848693448427e-17,p1db,7.466026248135011e-17,2.235190205941425e-17,3259,3260,-349.2139024249417
2062,0.008055387358268717,2.059139827387707e-17,p1db,7.305286104312453e-17,2.212201635130843e-17,3260,3261,-349.2059557482255
2063,0.007931845889288525,1.988209147127114e-17,p1db,7.138333120428508e-17,2.1906307246693242e-17,3261,3262,-349.19779165022516
2064,0.0073593968902230245,1.921779146522302e-17,p1db,6.978643285442053e-17,2.1719710174084368e-17,3262,3263,-349.19009205644693
2065,0.006655109806160908,1.8655229548635878e-17,p1db,6.839193760112732e-17,2.157233378036527e-17,3263,3264,-349.1830728564447
2066,0.00572266685369982,1.8247735974148966e-17,p1db,6.731605409532252e-17,2.1475221279205403e-17,3264,3265,-349.1767818368346
2067,0.0041081633269470785,1.8039558890969227e-17,p1db,6.665370342443521e-17,2.144202015882172e-17,3265,3266,-349.1716275227373
2068,0.0014968290119838912,1.8057290585358185e-17,p1db,6.64687770485921e-17,2.1484211115712975e-17,3266,3267,-349.1685655101807
2069,-0.001805335296864996,1.8302260802093332e-17,p1db,6.678298971578683e-17,2.1603559951418536e-17,3267,3268,-349.16863386471334
2070,-0.0049079483546279334,1.8748980309578156e-17,p1db,6.756820683386775e-17,2.1788224728949095e-17,3268,3269,-349.17217618077444
2071,-0.006891588103428603,1.9351202052866298e-17,p1db,6.874788734502647e-17,2.2016170001525704e-17,3269,3270,-349.1784497614226
2072,-0.007375436892033349,2.005215715671477e-17,p1db,7.020909764119872e-17,2.2263579294303332e-17,3270,3271,-349.1859593569813
2073,-0.006633954717500501,2.0793662335368736e-17,p1db,7.18205220505162e-17,2.2511911920706375e-17,3271,3272,-349.19320063520667
2074,-0.005254117173507211,2.1520930859576947e-17,p1db,7.344901788678598e-17,2.2748550416930025e-17,3272,3273,-349.1992272664163
2075,-0.003681144917806023,2.218356854359006e-17,p1db,7.496981864741613e-17,2.2961633013904623e-17,3273,3274,-349.2037088695537
2076,-0.0020097357165980156,2.273572103568761e-17,p1db,7.62710526232553e-17,2.313497193734943e-17,3274,3275,-349.2065895562519
2077,-0.00012222611726997457,2.3138193799621037e-17,p1db,7.725699509546134e-17,2.3249051847705163e-17,3275,3276,-349.2077283409869
2078,0.0020150529615250434,2.336280641446871e-17,p1db,7.785349675011262e-17,2.3288442080785703e-17,3276,3277,-349.20683400848645
2079,0.0041795566569931,2.3396388554025164e-17,p1db,7.80149067434431e-17,2.3249691125162166e-17,3277,3278,-349.2036982350638
2080,0.005972634545742039,2.3241420101285515e-17,p1db,7.772897315744202e-17,2.314302072198118e-17,3278,3279,-349.19847489517247
2081,0.007055062256256406,2.2912992405494143e-17,p1db,7.701724179090281e-17,2.2986579842475057e-17,3279,3280,-349.19175296597234
2082,0.007341993318306095,2.2434868652370014e-17,p1db,7.593156593321874e-17,2.2798285221940918e-17,3280,3281,-349.18436477065995
2083,0.0070230831952926565,2.183773763616666e-17,p1db,7.454910488669851e-17,2.2591662127318994e-17,3281,3282,-349.17706897933573
2084,0.006407616107395597,2.11601427599196e-17,p1db,7.296765362291254e-17,2.2377933067189073e-17,3282,3283,-349.17031860426937
2085,0.0057040791859890305,2.0449820390807103e-17,p1db,7.1301635330839e-17,2.2171097919582495e-17,3283,3284,-349.16425374712094
2086,0.004880388071114794,1.9762685414481836e-17,p1db,6.967773151134023e-17,2.1990561618342685e-17,3284,3285,-349.1589104458974
2087,0.0037078784426114453,1.9158281078866602e-17,p1db,6.822818614434785e-17,2.185822717412795e-17,3285,3286,-349.1544929709787
2088,0.0019748840755084984,1.8692507641006036e-17,p1db,6.707987675402944e-17,2.179159076345473e-17,3286,3287,-349.15149468901217
2089,-0.025467475004575135,1.840972406475356e-17,p1db,6.633926732208275e-17,2.1797724236944945e-17,3287,3288,-349.1505432028277
2090,-0.026143537055560273,2.1104133968432043e-17,p1db,7.066114684171768e-17,2.1729693205386606e-17,3318,3319,-349.2024296390213
2091,0.0011480751867338768,2.1322574776926784e-17,p1db,7.107100528517489e-17,2.158327735557214e-17,3319,3320,-349.2028302769388
2092,0.004025389698455228,2.1496406428532776e-17,p1db,7.152968232830668e-17,2.1522266422763587e-17,3320,3321,-349.20013348864785
2093,0.006244396486238202,2.1613042729682284e-17,p1db,7.199949771879657e-17,2.1559148684835586e-17,3321,3322,-349.1947794975419
2094,0.007508848565464632,2.1665316197495367e-17,p1db,7.244492203358414e-17,2.1695473622544244e-17,3322,3323,-349.1876446956754
2095,0.007822460737713754,2.1651782532210686e-17,p1db,7.28335478314943e-17,2.1918841974514162e-17,3323,3324,-349.179761800411
2096,0.007433299398968529,2.1575867219544595e-17,p1db,7.313614341956518e-17,2.2205703355483544e-17,3324,3325,-349.17199977419995
2097,0.0066499557152894795,2.144450454925575e-17,p1db,7.332773342242324e-17,2.2528294877688785e-17,3325,3326,-349.16489520161304
2098,0.0056711240586651,2.126729742151879e-17,p1db,7.339047080668687e-17,2.286096912678335e-17,3326,3327,-349.15869986276937
2099,0.004537108484782948,2.105678120943151e-17,p1db,7.331720213499645e-17,2.318220610081912e-17,3327,3328,-349.1535529534957
2100,0.003205231275103415,2.082921896434406e-17,p1db,7.311356396031888e-17,2.3472553223892113e-17,3328,3329,-349.1496256457998
2101,0.0016643113248449026,2.0604486565993407e-17,p1db,7.279711344878781e-17,2.3712062718596438e-17,3329,3330,-349.1471424909455
2102,-7.675497869286119e-06,2.0404011411032042e-17,p1db,7.239393796116782e-17,2.3880821409931968e-17,3330,3331,-349.1462970231501
2103,-0.00167752400216159,2.0247280612709142e-17,p1db,7.193483859057452e-17,2.3963118173861445e-17,3331,3332,-349.14715784194124
2104,-0.0032379337434633726,2.0148759940242627e-17,p1db,7.14531073459606e-17,2.3952430672746844e-17,3332,3333,-349.14965207115443
2105,-0.004653602220002995,2.0116804554721003e-17,p1db,7.098410460008296e-17,2.3853544407824448e-17,3333,3334,-349.15363370942816
2106,-0.005917607176570527,2.015446649787114e-17,p1db,7.056486672664896e-17,2.3680263355194862e-17,3334,3335,-349.15895927559444
2107,-0.006942025448779532,2.026063393280262e-17,p1db,7.023164461988787e-17,2.3450467504688983e-17,3335,3336,-349.1654689237813
2108,-0.007483886295005959,2.0430070933878043e-17,p1db,7.00149779254277e-17,2.3182145079622416e-17,3336,3337,-349.172843326492
2109,-0.007208459330229289,2.0652454763269297e-17,p1db,6.993423988225292e-17,2.2893030017295573e-17,3337,3338,-349.1804366963713
2110,-0.005888645644347434,2.0911886010893292e-17,p1db,6.999452050246448e-17,2.2603313434483995e-17,3338,3339,-349.18726024515246
2111,-0.0036062445664697407,2.1188233378974098e-17,p1db,7.018733972829069e-17,2.2338026694439674e-17,3339,3340,-349.19221398766
2112,-0.0007829601531170738,2.146020436871006e-17,p1db,7.049409292693308e-17,2.2125512361497622e-17,3340,3341,-349.1944727342854
2113,0.0020148109725823815,2.170859557092646e-17,p1db,7.088954798869825e-17,2.1991354856942035e-17,3341,3342,-349.19377990796625
2114,0.004360116168868444,2.191805247982602e-17,p1db,7.134346910341208e-17,2.1951137788264214e-17,3342,3343,-349.19044311234023
2115,0.0061093950586439405,2.2076927889532074e-17,p1db,7.182077860698394e-17,2.2006980062478475e-17,3343,3344,-349.1850596756285
2116,0.007305501565923578,2.2176339251666124e-17,p1db,7.228243166162722e-17,2.2150059662994657e-17,3344,3345,-349.17822432222295
2117,0.007975724379292615,2.2209968430738255e-17,p1db,7.268874147167508e-17,2.2366403162403542e-17,3345,3346,-349.17044867249666
2118,0.008049355208981979,2.217519696454299e-17,p1db,7.30046589105422e-17,2.2640800239729323e-17,3346,3347,-349.16227287346436
2119,0.007465629984608313,2.207476788759312e-17,p1db,7.32045734557152e-17,2.2956153148449288e-17,3347,3348,-349.1543499620787
2120,0.006327377313425586,2.191758621142311e-17,p1db,7.327434865421736e-17,2.3290390045781258e-17,3348,3349,-349.14734161349514
2121,0.004912448143358006,2.171792798125239e-17,p1db,7.321035449987602e-17,2.361556683344938e-17,3349,3350,-349.14169520745185
2122,0.0035146130372538664,2.149348863238486e-17,p1db,7.301734823131885e-17,2.3901722549756383e-17,3350,3351,-349.1375167172084
2123,0.0022621893357666067,2.1263309849861455e-17,p1db,7.270739706467849e-17,2.4123646339438668e-17,3351,3352,-349.13466598137734
2124,0.001075288487754733,2.1046315767055177e-17,p1db,7.230046996003855e-17,2.4266114051392393e-17,3352,3353,-349.1329923385369
2125,-0.00021427260315931562,2.0860445956909893e-17,p1db,7.182534531486142e-17,2.4324402549821357e-17,3353,3354,-349.13251540440183
2126,-0.0016892813769686654,2.072186785267356e-17,p1db,7.131879708182164e-17,2.430057335866939e-17,3354,3355,-349.1334208837432
2127,-0.003249093078665055,2.0643783477306277e-17,p1db,7.0822103498902e-17,2.4199057644612198e-17,3355,3356,-349.13589396715577
2128,-0.004639060718147903,2.0634795130778148e-17,p1db,7.037580927790826e-17,2.4025216557959773e-17,3356,3357,-349.13991906990054
2129,-0.005566081147037494,2.0697322695449343e-17,p1db,7.001485511227065e-17,2.378781792061304e-17,3357,3358,-349.14517208859206
2130,-0.005818623349256313,2.0826810378777494e-17,p1db,6.97657613791213e-17,2.3502944093366635e-17,3358,3359,-349.1510512321946
2131,-0.005329877475020339,2.101222682466929e-17,p1db,6.964593218807296e-17,2.3195413930363817e-17,3359,3360,-349.1568093352906
2132,-0.004167117164826095,2.123776617959703e-17,p1db,6.966373371017255e-17,2.2895511912953026e-17,3360,3361,-349.16171098714466
2133,-0.002472536965484551,2.148510366507555e-17,p1db,6.981796340431403e-17,2.2632426167354696e-17,3361,3362,-349.1651435696202
2134,-0.0004111754603002282,2.173542539665058e-17,p1db,7.009660938118207e-17,2.242848944296726e-17,3362,3363,-349.1666560610756
2135,0.001826678367194745,2.1970760427035865e-17,p1db,7.047620481999791e-17,2.2297705378406025e-17,3363,3364,-349.1659659205408
2136,0.003983792132345343,2.217463490293357e-17,p1db,7.092331432709668e-17,2.2248357946461725e-17,3364,3365,-349.16300270434124
2137,0.005732236926832002,2.2332482327116452e-17,p1db,7.139850350274458e-17,2.2285950456561106e-17,3365,3366,-349.15799833627614
2138,0.00676512105772531,2.2432372603268496e-17,p1db,7.186152927379377e-17,2.2412702007920804e-17,3366,3367,-349.1515382304876
2139,0.0069420611214070505,2.2466317052203075e-17,p1db,7.227574034281361e-17,2.2623488718343174e-17,3367,3368,-349.1444680941607
2140,0.006369063879191117,2.243176850793198e-17,p1db,7.261035611463929e-17,2.2902039240703096e-17,3368,3369,-349.13765410824476
2141,0.005332435942960956,2.233242606537231e-17,p1db,7.284087430281467e-17,2.3221612873802804e-17,3369,3370,-349.1317299664023
2142,0.004132500542453954,2.2177622560726208e-17,p1db,7.294912158618409e-17,2.3550842658888682e-17,3370,3371,-349.12698923635884
2143,0.0029434832526362698,2.198049811395552e-17,p1db,7.292439062529057e-17,2.386122943988102e-17,3371,3372,-349.1234649653174
2144,0.0017862184829198213,2.1756120504842615e-17,p1db,7.276572191598909e-17,2.4131636543488373e-17,3372,3373,-349.12110226985357
2145,0.0006016579792742505,2.1520697392529014e-17,p1db,7.248383808570844e-17,2.434774750397581e-17,3373,3374,-349.11989252835156
2146,-0.0006496052328088808,2.129185879733777e-17,p1db,7.210093430013054e-17,2.449842604082232e-17,3374,3375,-349.119898953895
2147,-0.0019324774692677238,2.1088716341568365e-17,p1db,7.164786642975633e-17,2.457309677816821e-17,3375,3376,-349.1211917388172
2148,-0.003149504152929694,2.0930338235775296e-17,p1db,7.116010589339915e-17,2.4563024981168155e-17,3376,3377,-349.12376390883355
2149,-0.004191381973640773,2.083263798774447e-17,p1db,7.06744548691682e-17,2.4465802635459088e-17,3377,3378,-349.12749074712303
2150,-0.004978862340465184,2.0805254651345263e-17,p1db,7.022736424423875e-17,2.4289415845348033e-17,3378,3379,-349.13214667278083
2151,-0.005465449358638352,2.0850269874567218e-17,p1db,6.985389147055368e-17,2.4052352842237356e-17,3379,3380,-349.13744847180396
2152,-0.005600912409136072,2.0963246201177066e-17,p1db,6.958561600090969e-17,2.3779198713371087e-17,3380,3381,-349.1430775714981
2153,-0.0052892218159854565,2.113535080980691e-17,p1db,6.944688721355442e-17,2.349465368614056e-17,3381,3382,-349.14865029662224
2154,-0.004396998796181606,2.135483103950606e-17,p1db,6.945062383783035e-17,2.3220064430059406e-17,3382,3383,-349.1536560151301
2155,-0.0028454522478966737,2.1607186690948295e-17,p1db,6.95958270171144e-17,2.2974292715310636e-17,3383,3384,-349.1574442942146
2156,-0.0007411622854363031,2.1874917619498006e-17,p1db,6.986816102107831e-17,2.2776821459436996e-17,3384,3385,-349.1593469196259
2157,0.0015692303418006759,2.2138259252221793e-17,p1db,7.024306174373661e-17,2.264877199992539e-17,3385,3386,-349.1589266187855
2158,0.0036104792071682823,2.2377422355824162e-17,p1db,7.068943669198938e-17,2.2609115620796972e-17,3386,3387,-349.1562084589423
2159,0.005011372802783853,2.2575441818446962e-17,p1db,7.117227203062974e-17,2.2667740281619372e-17,3387,3388,-349.15170566037114
2160,0.005681372135057927,2.2720134600265668e-17,p1db,7.165405193107965e-17,2.2820450920648753e-17,3388,3389,-349.1461857133367
2161,0.005781236967578707,2.28043668505337e-17,p1db,7.209631440128417e-17,2.3050057166640587e-17,3389,3390,-349.140342916101
2162,0.005526992008981324,2.2825135010477848e-17,p1db,7.24625871925641e-17,2.3332874554753875e-17,3390,3391,-349.13462323940155
2163,0.0050195338613434615,2.278270701074032e-17,p1db,7.272245921970732e-17,2.3645636900217907e-17,3391,3392,-349.12928893208306
2164,0.004244077558553272,2.2680686842425932e-17,p1db,7.285512866016467e-17,2.3968032433942206e-17,3392,3393,-349.12458417167886
2165,0.0032009830570416398,2.252683000744092e-17,p1db,7.285088177336665e-17,2.4280448562718168e-17,3393,3394,-349.12080077696595
2166,0.002008344723577693,2.233368788783229e-17,p1db,7.271049209891802e-17,2.4560869893396514e-17,3394,3395,-349.1181822055648
2167,0.0008655726521453744,2.2118217497903688e-17,p1db,7.244391702650173e-17,2.478534537758994e-17,3395,3396,-349.1167840875188
2168,-8.143960974393849e-05,2.1900149533007203e-17,p1db,7.206957477728197e-17,2.493286904255942e-17,3396,3397,-349.1164510602605
2169,-0.0008375681638597143,2.1699604366174708e-17,p1db,7.16141678642597e-17,2.4991369578632662e-17,3397,3398,-349.1169469667383
2170,-0.0015266959470920938,2.153477263011172e-17,p1db,7.111191493413719e-17,2.496044623180989e-17,3398,3399,-349.1181261965882
2171,-0.002260393612544931,2.1420323242053667e-17,p1db,7.060221716610227e-17,2.4849132587301312e-17,3399,3400,-349.12000035863247
2172,-0.0030145611003433714,2.1366687756098077e-17,p1db,7.012589618207772e-17,2.46708098306649e-17,3400,3401,-349.1226469838133
2173,-0.003604571792493516,2.1379824639753475e-17,p1db,6.972104757620992e-17,2.443929894918306e-17,3401,3402,-349.12602948083315
2174,-0.0037720068154101227,2.1460904821396648e-17,p1db,6.941955808890751e-17,2.4168799113368433e-17,3402,3403,-349.1298561273983
2175,-0.0033236151402036285,2.1605732001890094e-17,p1db,6.924468395674948e-17,2.3876919680012646e-17,3403,3404,-349.133573494464
2176,-0.0022384313399470557,2.180430613305131e-17,p1db,6.920947895019882e-17,2.3587303785776426e-17,3404,3405,-349.1365033576787
2177,-0.0006830972550346814,2.204122772572361e-17,p1db,6.93157691897693e-17,2.3328422791462243e-17,3405,3406,-349.13805035714387
2178,0.0010709980830085897,2.2297336342387114e-17,p1db,6.955373199820143e-17,2.3128027133668986e-17,3406,3407,-349.13786955218876
2179,0.0027709749924156313,2.255227673935972e-17,p1db,6.990246700886213e-17,2.300630475781931e-17,3407,3408,-349.13590836097785
2180,0.0042534265974722985,2.2787093083535113e-17,p1db,7.033184125636056e-17,2.2972122307503496e-17,3408,3409,-349.13232760220393
2181,0.005416674684880718,2.2985883466629746e-17,p1db,7.080540820193619e-17,2.3024400284520403e-17,3409,3410,-349.1274015077829
2182,0.006150753902858241,2.313611342819551e-17,p1db,7.128379381690595e-17,2.3156502898860065e-17,3410,3411,-349.12149425283417
2183,0.0063273893014468285,2.3228110924801763e-17,p1db,7.172798076826771e-17,2.3359334653539404e-17,3411,3412,-349.1150999999772
2184,0.005880254142567765,2.3254889638409937e-17,p1db,7.210227770915847e-17,2.362067988463799e-17,3412,3413,-349.1088394742313
2185,0.00489587940322167,2.321313630784013e-17,p1db,7.237695481606873e-17,2.392233138812301e-17,3413,3414,-349.10333949169205
2186,0.0036111380112799907,2.3105019722608998e-17,p1db,7.253037126435592e-17,2.423891270535137e-17,3414,3415,-349.09904771542483
2187,0.002300432038168765,2.2939388574113914e-17,p1db,7.255029086829751e-17,2.454092482145198e-17,3415,3416,-349.0961172156695
2188,0.0011398320940827489,2.273101784862195e-17,p1db,7.24343463278818e-17,2.4800897650187095e-17,3416,3417,-349.0944468513485
2189,0.00015084752993743678,2.2497972341329532e-17,p1db,7.219002087081878e-17,2.4998952175208555e-17,3417,3418,-349.09383755148133
2190,-0.0007482926466764184,2.2258691458852322e-17,p1db,7.18344757770457e-17,2.5124583144756075e-17,3418,3419,-349.0941451562886
2191,-0.0016380305328311806,2.203055475148414e-17,p1db,7.139398293978903e-17,2.5174323559753613e-17,3419,3420,-349.0953341367747
2192,-0.0025186505190788466,2.1830189192341598e-17,p1db,7.090232049100101e-17,2.5147870259694626e-17,3420,3421,-349.0974212173543
2193,-0.0033021417120551178,2.1674001849454268e-17,p1db,7.039789145227192e-17,2.5046146571211048e-17,3421,3422,-349.10037143781284
2194,-0.0038627340476296013,2.1577106945830367e-17,p1db,6.992019047129636e-17,2.4872986162197753e-17,3422,3423,-349.1040255007784
2195,-0.004098875726924689,2.1550360573930045e-17,p1db,6.950659270498992e-17,2.463895408601107e-17,3423,3424,-349.1080969059081
2196,-0.0039665979264214,2.159722137915672e-17,p1db,6.918986623524767e-17,2.43637563857926e-17,3424,3425,-349.11222325223224
2197,-0.003473582446616774,2.17127092841376e-17,p1db,6.899598825768036e-17,2.40744441923921e-17,3425,3426,-349.11603010176094
2198,-0.0026477091178378487,2.1885246302561767e-17,p1db,6.894173603452015e-17,2.3799758065721852e-17,3426,3427,-349.1191704171255
2199,-0.0015116756925692698,2.2099973462835445e-17,p1db,6.903227823555303e-17,2.3564076490230663e-17,3427,3428,-349.1213255199966
2200,-0.00010039938229056133,2.234123551379995e-17,p1db,6.925979631936613e-17,2.3384819617620456e-17,3428,3429,-349.1221937685106
2201,0.0014758540203274606,2.2593050680278137e-17,p1db,6.960413264079335e-17,2.327418864429345e-17,3429,3430,-349.1215263187612
2202,0.0029821498690125736,2.2838403979604696e-17,p1db,7.00355148802134e-17,2.3242257936605166e-17,3430,3431,-349.11924206046996
2203,0.004103847221387014,2.3059258288138648e-17,p1db,7.051829157010513e-17,2.3297245844919812e-17,3431,3432,-349.1155620190232
2204,0.004594324082233925,2.3238386657449998e-17,p1db,7.101425687733606e-17,2.3441582196182256e-17,3432,3433,-349.1110343660272
2205,0.00442074955506655,2.336232280700147e-17,p1db,7.148490095542483e-17,2.366679285821003e-17,3433,3434,-349.1063733708587
2206,0.0037750628277706255,2.34236020641627e-17,p1db,7.18931770643472e-17,2.395208919318244e-17,3434,3435,-349.10219286691705
2207,0.002930478779006762,2.3420987440946678e-17,p1db,7.220593265255123e-17,2.4268869298520765e-17,3435,3436,-349.09882324520316
2208,0.0020685316122808217,2.3357963825082652e-17,p1db,7.239733508277227e-17,2.4588463538782174e-17,3436,3437,-349.09633190935904
2209,0.0012208013717156518,2.3240987697050352e-17,p1db,7.245211728021386e-17,2.4887875377222586e-17,3437,3438,-349.0946861819786
2210,0.00034991275666129695,2.3078841622591584e-17,p1db,7.236688552356055e-17,2.51502187247537e-17,3438,3439,-349.0938903066156
2211,-0.0005328297602318344,2.2883233406095406e-17,p1db,7.214896078035175e-17,2.5361179212675257e-17,3439,3440,-349.0939863564653
2212,-0.0013316155069276192,2.2669593682124155e-17,p1db,7.18141810613986e-17,2.550605178831633e-17,3440,3441,-349.09495596613607
2213,-0.0019348782178383317,2.2456772015088675e-17,p1db,7.1385658031504e-17,2.5570985086299895e-17,3441,3442,-349.09664958747913
2214,-0.002306355548000738,2.2265088466252833e-17,p1db,7.089390517373619e-17,2.5547961696777143e-17,3442,3443,-349.09882572257175
2215,-0.002503295326192756,2.211333698373976e-17,p1db,7.037664046672743e-17,2.543950429482496e-17,3443,3444,-349.10126229857514
2216,-0.002606787405824207,2.201605255492649e-17,p1db,6.987620839625885e-17,2.525917334444136e-17,3444,3445,-349.10383231322413
2217,-0.002631231599139028,2.1982151317668698e-17,p1db,6.943446206856202e-17,2.5027350041265597e-17,3445,3446,-349.1064758733868
2218,-0.0024891839007636918,2.2015079009639642e-17,p1db,6.908721044403912e-17,2.4765502499102044e-17,3446,3447,-349.1090947764224
2219,-0.002035972530137542,2.2113630059756827e-17,p1db,6.886071077235772e-17,2.4493026760313696e-17,3447,3448,-349.1114542411883
2220,-0.0011630503834680894,2.2272424140878783e-17,p1db,6.877088899537937e-17,2.422822803399825e-17,3448,3449,-349.1131667214827
2221,0.00011540013122157688,2.2481729087875314e-17,p1db,6.882382935108233e-17,2.3991256396681568e-17,3449,3450,-349.11378034195525
2222,0.001632880299439421,2.2727215910779725e-17,p1db,6.901561335887373e-17,2.3804994185144976e-17,3450,3451,-349.11293592122024
2223,0.0031224378757315208,2.2990553888681335e-17,p1db,6.933113837283519e-17,2.3691566086971994e-17,3451,3452,-349.11051458135637
2224,0.004328330095603405,2.3251284760020857e-17,p1db,6.974350993521445e-17,2.3665978761820244e-17,3452,3453,-349.1066910454688
2225,0.005106351228704398,2.3489560516656518e-17,p1db,7.021599178050281e-17,2.3731193325133904e-17,3453,3454,-349.10185792116516
2226,0.005441408894427013,2.368870310960252e-17,p1db,7.070682179696275e-17,2.3878155392203167e-17,3454,3455,-349.09647834301137
2227,0.0053834416795837114,2.3836547900450856e-17,p1db,7.117495120069412e-17,2.409042919287056e-17,3455,3456,-349.0909751033763
2228,0.0049772368266189915,2.3925227848534843e-17,p1db,7.158405884515226e-17,2.4349565926977328e-17,3456,3457,-349.0857114596522
2229,0.0042526965785327775,2.3950109557828923e-17,p1db,7.190378542056277e-17,2.4637400559116843e-17,3457,3458,-349.08102062972307
2230,0.0032670565799719498,2.390924948318415e-17,p1db,7.210956436751458e-17,2.4934814449075298e-17,3458,3459,-349.07720606649514
2231,0.0021378786976242736,2.3804285166507193e-17,p1db,7.218335272165885e-17,2.5219817575294498e-17,3459,3460,-349.0744865165631
2232,0.0010225901569924645,2.3642260554840166e-17,p1db,7.211611850721398e-17,2.5468186203015186e-17,3460,3461,-349.0729303090999
2233,5.6842974231585686e-05,2.3436673609100077e-17,p1db,7.191064319427215e-17,2.5657349909217933e-17,3461,3462,-349.07244133624914
2234,-0.0006993426780752543,2.3206260846197033e-17,p1db,7.158237297385617e-17,2.5771293696311217e-17,3462,3463,-349.0728166231514
2235,-0.0012691519467580292,2.2971726416399128e-17,p1db,7.115742541336358e-17,2.580341858825713e-17,3463,3464,-349.0738400216053
2236,-0.0017184086231623041,2.2752329054556278e-17,p1db,7.066892443766548e-17,2.575589874798759e-17,3464,3465,-349.07535492704494
2237,-0.0020942364685083703,2.256430156129125e-17,p1db,7.015361239510347e-17,2.5636513644572716e-17,3465,3466,-349.0772768388516
2238,-0.002379188446752778,2.2421338205963733e-17,p1db,6.964971229673914e-17,2.5455458924797084e-17,3466,3467,-349.07954339998196
2239,-0.002487864097787451,2.2335451449286315e-17,p1db,6.919547584774028e-17,2.5224353755695886e-17,3467,3468,-349.0820352157451
2240,-0.0023101143444534955,2.2316219116701438e-17,p1db,6.882716629269041e-17,2.4957788675369965e-17,3468,3469,-349.08451912817753
2241,-0.0017783212403230664,2.2368138132287786e-17,p1db,6.857580523974167e-17,2.467556355680526e-17,3469,3470,-349.08665544443403
2242,-0.0009194592392987033,2.2487918884310458e-17,p1db,6.846322199868414e-17,2.4402874771088435e-17,3470,3471,-349.0880757706582
2243,0.00014464463879448886,2.2664083414542683e-17,p1db,6.849880824782566e-17,2.4166963034839203e-17,3471,3472,-349.0884943629126
2244,0.0012543170875005671,2.2879599891979818e-17,p1db,6.867828838635192e-17,2.3991430311322675e-17,3472,3473,-349.0877864813806
2245,0.0022812438670598567,2.3115930045104465e-17,p1db,6.898484822014968e-17,2.389152453914135e-17,3473,3474,-349.0859857287376
2246,0.003145833517748997,2.335589139546569e-17,p1db,6.93918402787429e-17,2.387318760664897e-17,3474,3475,-349.08322399364647
2247,0.0037720653262738324,2.35839850993096e-17,p1db,6.98658454164499e-17,2.3935679894622813e-17,3475,3476,-349.0796940617021
2248,0.004046345982516186,2.3785159549263935e-17,p1db,7.036933738185235e-17,2.407472402023611e-17,3476,3477,-349.0756798629939
2249,0.0038523307468949497,2.3944291220377156e-17,p1db,7.086297905230837e-17,2.428303760257249e-17,3477,3478,-349.0716013697371
2250,0.0031685750763017495,2.4047832354789368e-17,p1db,7.130796735000316e-17,2.4547975344480767e-17,3478,3479,-349.06797520150013
2251,0.0021315916850710437,2.4086911904449942e-17,p1db,7.166871355523178e-17,2.4849172685288467e-17,3479,3480,-349.0652642195845
2252,0.000984737059525287,2.405968188979637e-17,p1db,7.191582642870068e-17,2.5159587988055974e-17,3480,3481,-349.06371201813
2253,-5.6505348283053536e-05,2.3971208770213968e-17,p1db,7.202906425259704e-17,2.545061591498387e-17,3481,3482,-349.06329474546544
2254,-0.0009079326625283102,2.383118116634968e-17,p1db,7.199959287140767e-17,2.569844212162346e-17,3482,3483,-349.06382502882656
2255,-0.0016051074002803034,2.3651333671576247e-17,p1db,7.183067878586493e-17,2.588762771327638e-17,3483,3484,-349.0651106107905
2256,-0.002203362755665239,2.3444400147162657e-17,p1db,7.153637633001133e-17,2.601007033219171e-17,3484,3485,-349.0670352436271
2257,-0.0026921932642096635,2.3224810876032344e-17,p1db,7.113895490924503e-17,2.6061216753891622e-17,3485,3486,-349.06951733630183
2258,-0.002999588771075423,2.3009688625933067e-17,p1db,7.066674128894893e-17,2.6037536540838866e-17,3486,3487,-349.07241963015554
2259,-0.0030653317865869667,2.2818363057505892e-17,p1db,7.015344045294178e-17,2.5937879163008677e-17,3487,3488,-349.075516513844
2260,-0.0028970944538855292,2.2669810989430433e-17,p1db,6.963805402822197e-17,2.5767608682523784e-17,3488,3489,-349.0785502937287
2261,-0.0025525831059951543,2.2579120166703085e-17,p1db,6.916314744711828e-17,2.5541658353347885e-17,3489,3490,-349.08131070275175
2262,-0.0020747589729239735,2.2554906871158135e-17,p1db,6.877012344280391e-17,2.5283304657415653e-17,3490,3491,-349.0836554599407
2263,-0.0014513693140258965,2.2598931862334485e-17,p1db,6.849281755626543e-17,2.5018939352831598e-17,3491,3492,-349.0854602206976
2264,-0.000637081724107702,2.270753376580648e-17,p1db,6.835261227122971e-17,2.477236599541176e-17,3492,3493,-349.08655819856875
2265,0.0003840814769944245,2.287333646417088e-17,p1db,6.835738282277468e-17,2.4562324799048974e-17,3493,3494,-349.0867343841458
2266,0.0015464788295957987,2.308594996215508e-17,p1db,6.850366121549266e-17,2.4403924348432824e-17,3494,3495,-349.08579003561476
2267,0.0026980569307966107,2.3331687483193176e-17,p1db,6.877916492605454e-17,2.431112556165662e-17,3495,3496,-349.0836414264866
2268,0.0036486759717035966,2.359340400589574e-17,p1db,6.916333685383998e-17,2.4296564515328298e-17,3496,3497,-349.08039392175317
2269,0.004245290634173671,2.385153209611979e-17,p1db,6.962626966005223e-17,2.436766083246555e-17,3497,3498,-349.0763440745432
2270,0.004428001874117626,2.4086425274402742e-17,p1db,7.012875011374617e-17,2.4521772618404463e-17,3498,3499,-349.0719033404848
2271,0.004231216955332684,2.4281112028720462e-17,p1db,7.06258574675686e-17,2.4744583347052398e-17,3499,3500,-349.067488070795
2272,0.0037384300795793024,2.4423260888299204e-17,p1db,7.107371242673505e-17,2.50135087232692e-17,3500,3501,-349.06344090657416
2273,0.003037945767232486,2.450564922157536e-17,p1db,7.14360946054592e-17,2.530385319353269e-17,3501,3502,-349.0600112106358
2274,0.002212998149929035,2.4525331538443607e-17,p1db,7.168742045466686e-17,2.559348246745216e-17,3502,3503,-349.0573650150397
2275,0.001351166651602398,2.448249716238037e-17,p1db,7.181144726603955e-17,2.5863587507391772e-17,3503,3504,-349.05558521433596
2276,0.0005392262785903768,2.4380164209192842e-17,p1db,7.179857924201652e-17,2.6096766917065365e-17,3504,3505,-349.0546626817365
2277,-0.00016027689486008967,2.422510975141642e-17,p1db,7.164550744026582e-17,2.627573628407591e-17,3505,3506,-349.0545067617788
2278,-0.0007222727744533586,2.4029204325720026e-17,p1db,7.135820612248325e-17,2.6384870689936566e-17,3506,3507,-349.0549832355262
2279,-0.0011429976316037482,2.380960804895268e-17,p1db,7.095556120583347e-17,2.6413875599564834e-17,3507,3508,-349.0559513073277
2280,-0.0014121567618303743,2.358686446693714e-17,p1db,7.046970297887396e-17,2.6360919531860273e-17,3508,3509,-349.0572692307894
2281,-0.001507228281980133,2.338149627166337e-17,p1db,6.994158864721701e-17,2.6233063366929856e-17,3509,3510,-349.05877562085135
2282,-0.0014161773258649646,2.321093763285814e-17,p1db,6.941415577588763e-17,2.60439403804729e-17,3510,3511,-349.0602836873534
2283,-0.0011562782345038158,2.3088337040117533e-17,p1db,6.8926982914659e-17,2.5810438858012938e-17,3511,3512,-349.0616079755031
2284,-0.0007575544092901509,2.3023126986162378e-17,p1db,6.85145743562448e-17,2.5550418431744904e-17,3512,3513,-349.0625962438224
2285,-0.00022441484304636106,2.3021776670826524e-17,p1db,6.820697990554632e-17,2.5282350567847514e-17,3513,3514,-349.06312308432166
2286,0.0004738659181100502,2.308719288389929e-17,p1db,6.802955419668155e-17,2.502613940306124e-17,3514,3515,-349.0630450735085
2287,0.0013540192602476964,2.3216782386709822e-17,p1db,6.799984721027048e-17,2.4803368075170006e-17,3515,3516,-349.06217535248544
2288,0.0023470014686495233,2.3400825755093848e-17,p1db,6.81227378002649e-17,2.4635523204156334e-17,3516,3517,-349.060337034988
2289,0.0032805556573407557,2.362300149587615e-17,p1db,6.838717797109572e-17,2.4540241680674864e-17,3517,3518,-349.05748134954814
2290,0.003952491260719171,2.3863390346877425e-17,p1db,6.876729383374445e-17,2.4527325011688403e-17,3518,3519,-349.0537759236733
2291,0.0042392552454373345,2.4102370015879022e-17,p1db,6.92275811077271e-17,2.4596828397673802e-17,3519,3520,-349.0495763670267
2292,0.004143106856787426,2.432314816166548e-17,p1db,6.972913903565406e-17,2.474028117520331e-17,3520,3521,-349.0452974131824
2293,0.0037426217896552316,2.4511876412608032e-17,p1db,7.023369692733962e-17,2.494393154946569e-17,3521,3522,-349.0412901533131
2294,0.00310744269739871,2.4656348023909627e-17,p1db,7.07045914221105e-17,2.5191670628224198e-17,3522,3523,-349.0378121696031
2295,0.002265350536902133,2.4745417824939068e-17,p1db,7.110656205622943e-17,2.5465995753970352e-17,3523,3524,-349.03507526791833
2296,0.001245352733803884,2.4770466662306055e-17,p1db,7.140693299961035e-17,2.574734665747994e-17,3524,3525,-349.0332814685293
2297,0.00013675821571723645,2.472817996765069e-17,p1db,7.157912186933263e-17,2.60137223912716e-17,3525,3526,-349.0325845624507
2298,-0.0009111976513622722,2.4622484900915763e-17,p1db,7.160712060059057e-17,2.6242354169778338e-17,3526,3527,-349.0330079520979
2299,-0.0017582666578164208,2.4463996456679664e-17,p1db,7.148854745442522e-17,2.6413456793024472e-17,3527,3528,-349.03440695775345
2300,-0.0023456213242525337,2.426729515179071e-17,p1db,7.123465768058679e-17,2.651414083857386e-17,3528,3529,-349.0365244854135
2301,-0.0027032245149882783,2.404801292100956e-17,p1db,7.0867491351663e-17,2.654006339719857e-17,3529,3530,-349.03909820040195
2302,-0.0028897623737975664,2.3821594494988206e-17,p1db,7.041589546929612e-17,2.6493889066434483e-17,3530,3531,-349.0419309344435
2303,-0.0029269124007385017,2.3603896009712822e-17,p1db,6.991257403598965e-17,2.6382077201165113e-17,3531,3532,-349.04487772514955
2304,-0.0027874337817763717,2.3412028486400723e-17,p1db,6.939323038626795e-17,2.6212824842925562e-17,3532,3533,-349.04778475924496
2305,-0.0024363078105409386,2.3263580559836207e-17,p1db,6.889682296967284e-17,2.5996829060745565e-17,3533,3534,-349.0504525927131
2306,-0.0018744796914802464,2.3173779337946537e-17,p1db,6.846450370270035e-17,2.5749766844628872e-17,3534,3535,-349.05265737486604
2307,-0.001145115899191751,2.315203406418165e-17,p1db,6.813541624293117e-17,2.5493496316818927e-17,3535,3536,-349.05420155209606
2308,-0.0003094214573309273,2.3200027295046934e-17,p1db,6.794009477257624e-17,2.5253756826139957e-17,3536,3537,-349.0549476066644
2309,0.0005746206868195713,2.331243270091786e-17,p1db,6.789469516865802e-17,2.50550322552063e-17,3537,3538,-349.0548203950107
2310,0.001450761407227219,2.3479382178842343e-17,p1db,6.799931728271781e-17,2.491571154299674e-17,3538,3539,-349.0537983652908
2311,0.0022476871403682708,2.3688703087302388e-17,p1db,6.824089248466197e-17,2.4846452163703407e-17,3539,3540,-349.05191887219627
2312,0.0028703634184523708,2.3926615304606116e-17,p1db,6.859787942376312e-17,2.485187459835278e-17,3540,3541,-349.04930299101005
2313,0.003219635680295596,2.4177274021281626e-17,p1db,6.90432095968503e-17,2.4932926748611318e-17,3541,3542,-349.04617814535936
2314,0.0032361879947870875,2.4422670234338485e-17,p1db,6.954421739419928e-17,2.508705035608437e-17,3542,3543,-349.04286371964946
2315,0.002935458786282652,2.4644035158525536e-17,p1db,7.006160918696797e-17,2.5305857456588783e-17,3543,3544,-349.0397057693698
2316,0.0023982489616400926,2.4824509259222636e-17,p1db,7.05509095969444e-17,2.5572917812308637e-17,3544,3545,-349.0369928020769
2317,0.0017211457092116689,2.4951714137649805e-17,p1db,7.096796219615816e-17,2.586464383288463e-17,3545,3546,-349.0349092714465
2318,0.0009746221276714095,2.5018907717508433e-17,p1db,7.127648661891036e-17,2.6154725379197635e-17,3546,3547,-349.0335505106585
2319,0.00020957936865784177,2.502444150860759e-17,p1db,7.145349652919646e-17,2.6419515463127758e-17,3547,3548,-349.03296002719117
2320,-0.0005056152563724936,2.4970374001624426e-17,p1db,7.148961789217258e-17,2.6641051614609515e-17,3548,3549,-349.03313135192116
2321,-0.001076710693411087,2.4861506595450004e-17,p1db,7.138522494295803e-17,2.6806601921435487e-17,3549,3550,-349.0339712577039
2322,-0.0014299725533248875,2.470555867369832e-17,p1db,7.114657119719442e-17,2.6906592621250337e-17,3550,3551,-349.035284773308
2323,-0.001567230369914796,2.4514103170864186e-17,p1db,7.078568992281932e-17,2.6933772239189112e-17,3551,3552,-349.03683120281056
2324,-0.0015601529399589253,2.430306487105929e-17,p1db,7.032392481536279e-17,2.6884796112932498e-17,3552,3553,-349.0384192340478
2325,-0.0014746619895902313,2.409170272530612e-17,p1db,6.979502756494289e-17,2.6762869322485798e-17,3553,3554,-349.0399515086905
2326,-0.0012972397709631878,2.3900021862535452e-17,p1db,6.924348397699403e-17,2.6579036414525323e-17,3554,3555,-349.041368558027
2327,-0.0009439952530101436,2.3745723197447753e-17,p1db,6.871745746546628e-17,2.6350871648046658e-17,3555,3556,-349.0425459882324
2328,-0.0003517844156419869,2.3642141441061464e-17,p1db,6.826014791837781e-17,2.6099362456192763e-17,3556,3557,-349.043256548533
2329,0.0004388380480406795,2.3597815303533523e-17,p1db,6.790452535942998e-17,2.5845862621164942e-17,3557,3558,-349.0432495570637
2330,0.001296247411744389,2.3617064036589205e-17,p1db,6.767334069438664e-17,2.5610459957698938e-17,3558,3559,-349.0423788724369
2331,0.0020948063437060682,2.3700335493431248e-17,p1db,6.75818439546279e-17,2.541167537832752e-17,3559,3560,-349.0406570622402
2332,0.0027952668696968885,2.3843646850552885e-17,p1db,6.763875914470733e-17,2.5266320429012693e-17,3560,3561,-349.0381892597495
2333,0.0034244507588709894,2.4037615258601602e-17,p1db,6.784337945633367e-17,2.5188380006662015e-17,3561,3562,-349.0350665285008
2334,0.003977973575075566,2.426731002222366e-17,p1db,6.818097640060833e-17,2.5186807369213845e-17,3562,3563,-349.0313403582318
2335,0.004354491263143245,2.4513788518822995e-17,p1db,6.862110149434384e-17,2.5263248275380037e-17,3563,3564,-349.02711058135066
2336,0.004400496315554392,2.4756994951934208e-17,p1db,6.912159726726566e-17,2.5411062187111704e-17,3564,3565,-349.0226313757055
2337,0.004031184370717256,2.4978686386414302e-17,p1db,6.963675162315244e-17,2.561632220997684e-17,3565,3566,-349.01830958871955
2338,0.0033137061880097463,2.5164039149935745e-17,p1db,7.012490061357729e-17,2.5860320475336382e-17,3566,3567,-349.01456900696405
2339,0.0024324695196185075,2.5301607027986193e-17,p1db,7.055158759797108e-17,2.6122399936712357e-17,3567,3568,-349.0116821763435
2340,0.001565462015975072,2.5382557879501375e-17,p1db,7.088826058981817e-17,2.638209693404145e-17,3568,3569,-349.0097040679248
2341,0.000781052100933266,2.5400576649122818e-17,p1db,7.111001117292147e-17,2.6620270770834934e-17,3569,3570,-349.0085512523116
2342,4.2554622268653475e-05,2.5353063137228624e-17,p1db,7.119613587800794e-17,2.6819563343577403e-17,3570,3571,-349.00814196372295
2343,-0.0006948840546385782,2.52429005438462e-17,p1db,7.113434202607334e-17,2.6964871206567617e-17,3571,3572,-349.00846614306704
2344,-0.0013942392226340417,2.507931314052958e-17,p1db,7.092590087691679e-17,2.704441521881132e-17,3572,3573,-349.0095317318322
2345,-0.0019375667027645704,2.4876851022209382e-17,p1db,7.058787271745706e-17,2.7051443040014837e-17,3573,3574,-349.0112546215123
2346,-0.002210103320351209,2.4652906460951647e-17,p1db,7.015046007883518e-17,2.6985836371536243e-17,3574,3575,-349.01340686523776
2347,-0.002184501008997586,2.442520839680718e-17,p1db,6.965091716724644e-17,2.6854512681065563e-17,3575,3576,-349.015674828153
2348,-0.0019304357245175652,2.4210559384939072e-17,p1db,6.912766525863091e-17,2.6670062338836708e-17,3576,3577,-349.01777586725575
2349,-0.0015485322982158323,2.4024845356201652e-17,p1db,6.861767356569102e-17,2.6448323180850277e-17,3577,3578,-349.01953569960205
2350,-0.001093283622111585,2.388315522351596e-17,p1db,6.81571685964263e-17,2.620644317784254e-17,3578,3579,-349.0208729318522
2351,-0.0005515373882190033,2.3798747288784514e-17,p1db,6.778267098155285e-17,2.5962442736800964e-17,3579,3580,-349.02172226684627
2352,0.00011070781610555969,2.3780711849510132e-17,p1db,6.75288443559787e-17,2.5735704627319912e-17,3580,3581,-349.0219760066286
2353,0.0008779538141538978,2.383156081853044e-17,p1db,6.742235474064695e-17,2.554667370660331e-17,3581,3582,-349.02150085121406
2354,0.0016529943786451895,2.3946382901432284e-17,p1db,6.747478273325305e-17,2.541454323642135e-17,3582,3583,-349.0202200990003
2355,0.002291179108937058,2.4114209364573933e-17,p1db,6.767925899084857e-17,2.5353536785504904e-17,3583,3584,-349.01819486245677
2356,0.00267229556266102,2.4320672389372346e-17,p1db,6.801321355983089e-17,2.536990774197183e-17,3584,3585,-349.01563774078244
2357,0.00275081101710839,2.455026412628701e-17,p1db,6.844520443691961e-17,2.5461489302898004e-17,3585,3586,-349.01285027133144
2358,0.002552036210715869,2.478716300024835e-17,p1db,6.894104653695747e-17,2.5619717583704998e-17,3586,3587,-349.0101361187482
2359,0.002134856691952791,2.5015039071648836e-17,p1db,6.946574902837407e-17,2.5832244025985713e-17,3587,3588,-349.00774619891
2360,0.0015619853317616617,2.5217173488747606e-17,p1db,6.998188294095679e-17,2.6084195207604444e-17,3588,3589,-349.0058664053643
2361,0.0008925530686951788,2.5377854905255855e-17,p1db,7.044838192280126e-17,2.635785152194942e-17,3589,3590,-349.0046222282465
2362,0.00018168769827298092,2.548474884391355e-17,p1db,7.082352976606208e-17,2.6632347550861607e-17,3590,3591,-349.0040812992269
2363,-0.0005246524852395851,2.5530925349210045e-17,p1db,7.107217408779547e-17,2.688516351902318e-17,3591,3592,-349.00425885284994
2364,-0.0011883978552305052,2.5515355563399896e-17,p1db,7.117318402183363e-17,2.7095504724742106e-17,3592,3593,-349.0051306041974
2365,-0.0017611060669935341,2.5441816370497385e-17,p1db,7.112234420586652e-17,2.7247773465650664e-17,3593,3594,-349.0066356485604
2366,-0.0021689713175874203,2.5317283871701852e-17,p1db,7.092911748210575e-17,2.7333078300405597e-17,3594,3595,-349.0086528163314
2367,-0.002335392168532735,2.5151087739721083e-17,p1db,7.061042909177966e-17,2.734837261248166e-17,3595,3596,-349.0109735911956
2368,-0.002237560012048334,2.4955204519906735e-17,p1db,7.018675925217236e-17,2.7294753606350108e-17,3596,3597,-349.01332360066846
2369,-0.0019407611131896374,2.4744868871849768e-17,p1db,6.968332515997701e-17,2.7176808897851044e-17,3597,3598,-349.0154487112197
2370,-0.0015575218926926482,2.4538219865918637e-17,p1db,6.913406592045308e-17,2.7003446001497127e-17,3598,3599,-349.01720512289484
2371,-0.0011519084665678747,2.4354383296586553e-17,p1db,6.858305774487178e-17,2.6788922714259247e-17,3599,3600,-349.01856375500506
2372,-0.0006798782649752866,2.4210630022731052e-17,p1db,6.807973700382179e-17,2.6552457726704507e-17,3600,3601,-349.019508939828
2373,-3.872154741202394e-05,2.4119981887866156e-17,p1db,6.766944014435196e-17,2.6316001791109974e-17,3601,3602,-349.019923511535
2374,0.0008068529107845279,2.4090253732137743e-17,p1db,6.738480298913474e-17,2.6101204014582854e-17,3602,3603,-349.0195863829228
2375,0.0017428691052430167,2.4124390303742673e-17,p1db,6.724293774979322e-17,2.5927000251766623e-17,3603,3604,-349.01830980571344
2376,0.002558455917039737,2.4221097532154468e-17,p1db,6.724856417757899e-17,2.5808433642052036e-17,3604,3605,-349.0161006447123
2377,0.003093471391451885,2.4374915204642732e-17,p1db,6.739863607652406e-17,2.5756213443938198e-17,3605,3606,-349.01319289387936
2378,0.003345501600819034,2.4575809491624043e-17,p1db,6.768357409834792e-17,2.577614647221953e-17,3606,3607,-349.0099137019294
2379,0.003435637371694611,2.4809154611456524e-17,p1db,6.808422822684492e-17,2.5868169861487172e-17,3607,3608,-349.0065018906777
2380,0.003467020698877832,2.5056892856428357e-17,p1db,6.85683921496426e-17,2.6025587280613395e-17,3608,3609,-349.003042427186
2381,0.0034132860074578275,2.5299806401973564e-17,p1db,6.909179221157801e-17,2.623535600535752e-17,3609,3610,-348.99956784927997
2382,0.0031456976243475765,2.551998202422686e-17,p1db,6.960499836577495e-17,2.6479654318101674e-17,3610,3611,-348.9962158551711
2383,0.0025752387109037045,2.570244641280171e-17,p1db,7.006280877312241e-17,2.6738117808094342e-17,3611,3612,-348.9932764540313
2384,0.0017749367407589034,2.5835648586210867e-17,p1db,7.043068632348248e-17,2.6989904777492895e-17,3612,3613,-348.9910653777493
2385,0.000961834372191106,2.5911321375781336e-17,p1db,7.068535125534995e-17,2.7215272857135752e-17,3613,3614,-348.98972658054976
2386,0.00034567753280612123,2.5924542702122828e-17,p1db,7.081129048443617e-17,2.739692485571802e-17,3614,3615,-348.9891417090049
2387,-2.277488118807014e-05,2.5874363931336802e-17,p1db,7.079778486861675e-17,2.752134188095631e-17,3615,3616,-348.98903522548414
2388,-0.0002655329202525536,2.5764643027576452e-17,p1db,7.063991880588847e-17,2.757984921692869e-17,3616,3617,-348.9891872587673
2389,-0.0005399019077003686,2.5604368864253195e-17,p1db,7.034312067506679e-17,2.756900514805005e-17,3617,3618,-348.98956629132465
2390,-0.0008753753308212708,2.5407038975271175e-17,p1db,6.992742319303158e-17,2.74903600808209e-17,3618,3619,-348.9902670625827
2391,-0.0011325572127134365,2.5189229645650142e-17,p1db,6.942744597078721e-17,2.735012724629865e-17,3619,3620,-348.9913170419863
2392,-0.0011193737301482543,2.4968878980473624e-17,p1db,6.888705344773929e-17,2.7159135294856644e-17,3620,3621,-348.9925321770081
2393,-0.0007588294980678256,2.4763775368423338e-17,p1db,6.835140137368144e-17,2.6932724819310957e-17,3621,3622,-348.9935557894466
2394,-0.0001590893155878348,2.4590425341123664e-17,p1db,6.786080788034179e-17,2.668986433257031e-17,3622,3623,-348.99404983600425
2395,0.00047307590304512814,2.4463139574436103e-17,p1db,6.744917221635111e-17,2.6451230916323393e-17,3623,3624,-348.99387396807776
2396,0.0009935734219368442,2.4393058013949075e-17,p1db,6.714577142932581e-17,2.6236862987398453e-17,3624,3625,-348.99310368419816
2397,0.001411105324109485,2.438700178003957e-17,p1db,6.697639448759954e-17,2.6064321128726213e-17,3625,3626,-348.9918868212339
2398,0.0018290147797586087,2.444637616151735e-17,p1db,6.696048927470407e-17,2.5947745023110627e-17,3626,3627,-348.99028147354994
2399,0.0022992561323462724,2.4566609616345463e-17,p1db,6.710489152907674e-17,2.5897352370359543e-17,3627,3628,-348.9882287916744
2400,0.002729462693991991,2.4737549434007997e-17,p1db,6.739849187657045e-17,2.591866006787902e-17,3628,3629,-348.98568296128525
2401,0.002932089136322702,2.49448258326743e-17,p1db,6.781241832470018e-17,2.6011295883301685e-17,3629,3630,-348.9827698662864
2402,0.0027692578451592453,2.5171726184807368e-17,p1db,6.830651313778526e-17,2.616812135187882e-17,3630,3631,-348.9798187830126
2403,0.002260756283305909,2.5400936906114524e-17,p1db,6.883823314539293e-17,2.6375626872239506e-17,3631,3632,-348.97723135059607
2404,0.0015653039025380622,2.561574037870661e-17,p1db,6.936856094073072e-17,2.6615868791639015e-17,3632,3633,-348.975297270446
2405,0.0008637021103083953,2.5800724811650535e-17,p1db,6.986233973475209e-17,2.6869153353347358e-17,3633,3634,-348.974100742791
2406,0.0002491755876121715,2.5942422363769515e-17,p1db,7.028527185997262e-17,2.7116204253738915e-17,3634,3635,-348.9735698662254
2407,-0.00029432990356781374,2.6030254501122926e-17,p1db,7.06026620397925e-17,2.7339165012757576e-17,3635,3636,-348.97360239161577
2408,-0.0008294765232506052,2.6057747129934654e-17,p1db,7.078339318114288e-17,2.7521928238623133e-17,3636,3637,-348.9741585260325
2409,-0.0013828075908861592,2.6023509380651805e-17,p1db,7.080778817298017e-17,2.765082206977794e-17,3637,3638,-348.9752613446623
2410,-0.0019027838033025546,2.5931381980270256e-17,p1db,7.067401261328722e-17,2.7716076711011467e-17,3638,3639,-348.9769241412143
2411,-0.0022781673116867296,2.5789621368592045e-17,p1db,7.039811253679268e-17,2.7713399257870524e-17,3639,3640,-348.9790669122689
2412,-0.0024002638907063556,2.560964231967378e-17,p1db,7.000757324601529e-17,2.7644596302520663e-17,3640,3641,-348.98148047583766
2413,-0.0022326478739103095,2.5405069759225233e-17,p1db,6.953343062563085e-17,2.7516918741403923e-17,3641,3642,-348.9838674400503
2414,-0.001843242401577072,2.51913732222194e-17,p1db,6.90068242679285e-17,2.734181939210324e-17,3642,3643,-348.9859457715855
2415,-0.0013669293290661244,2.4985591013317683e-17,p1db,6.846145803115397e-17,2.7134001626176766e-17,3643,3644,-348.98755392485344
2416,-0.0009129685347204486,2.480535550634756e-17,p1db,6.793762264902529e-17,2.691089065403935e-17,3644,3645,-348.9886796302436
2417,-0.0004855333169757614,2.466695760671661e-17,p1db,6.748156612746337e-17,2.6691896718668617e-17,3645,3646,-348.9893798619229
2418,6.719356633766438e-06,2.4583077319727726e-17,p1db,6.713788087692557e-17,2.6496894301839194e-17,3646,3647,-348.98965069687756
2419,0.0006442199530170001,2.4561213488208144e-17,p1db,6.693882619114775e-17,2.634408101550232e-17,3647,3648,-348.9893664232096
2420,0.0013812040428717864,2.460337972719123e-17,p1db,6.68975622479737e-17,2.624796244069928e-17,3648,3649,-348.9883622569715
2421,0.0020346183426909192,2.4706733194428306e-17,p1db,6.700934747815889e-17,2.6218065361377807e-17,3649,3650,-348.9866040151239
2422,0.0024031978555001388,2.486429700022638e-17,p1db,6.725839850343296e-17,2.625836602087841e-17,3650,3651,-348.98429302028615
2423,0.0024202012310752252,2.506526327482901e-17,p1db,6.762400376384696e-17,2.6367028260121738e-17,3651,3652,-348.9817976194129
2424,0.0022045567438340186,2.5295161778286332e-17,p1db,6.80812070638396e-17,2.6536261260224112e-17,3652,3653,-348.979452617824
2425,0.0019603176232863007,2.5536639042174225e-17,p1db,6.859717452508172e-17,2.6752629728535732e-17,3653,3654,-348.9773885059252
2426,0.0018081220853218838,2.5771234999048307e-17,p1db,6.912885796577528e-17,2.6998316702837313e-17,3654,3655,-348.9755319825774
2427,0.0016947498801869187,2.598167613857804e-17,p1db,6.96267124050582e-17,2.7253329248818537e-17,3655,3656,-348.97377226175456
2428,0.0014609107174976543,2.6153656832500924e-17,p1db,7.004388165948426e-17,2.7497878784768696e-17,3656,3657,-348.97214248281705
2429,0.001009475194479137,2.6276443266494093e-17,p1db,7.034536528886882e-17,2.7713979135057777e-17,3657,3658,-348.97085044031957
2430,0.0004251884829216124,2.6342630647733028e-17,p1db,7.051161349131829e-17,2.788603213203231e-17,3658,3659,-348.9701235324281
2431,-6.671252344858658e-05,2.6348044495211792e-17,p1db,7.053560681570687e-17,2.800116457493508e-17,3659,3660,-348.9700000633537
2432,-0.00027608467956952154,2.629240498804598e-17,p1db,7.041750641981571e-17,2.805024761395937e-17,3660,3661,-348.970256957475
2433,-0.00020582197282692505,2.6180326937244426e-17,p1db,7.016215106793646e-17,2.80295658627924e-17,3661,3662,-348.97055223271286
2434,-4.6546279918402433e-05,2.6021595928173773e-17,p1db,6.978138842238682e-17,2.7941994167467486e-17,3662,3663,-348.97066860142064
2435,-4.193831728116493e-06,2.5830126968805223e-17,p1db,6.929859336380123e-17,2.779656346399369e-17,3663,3664,-348.9706453252727
2436,-0.00010956862348621144,2.562209870788388e-17,p1db,6.875064088413629e-17,2.7606557335475756e-17,3664,3665,-348.9706769890841
2437,-0.00018206598085157566,2.5414323575266857e-17,p1db,6.818443790373234e-17,2.738748876620481e-17,3665,3666,-348.97086446251967
2438,1.2880352443289667e-05,2.5223408624192887e-17,p1db,6.764908488859564e-17,2.715617322446021e-17,3666,3667,-348.9710411210458
2439,0.0005475934139838046,2.5065280791783717e-17,p1db,6.718776659220856e-17,2.6930771157816116e-17,3667,3668,-348.9708387018148
2440,0.0012512457494437967,2.4954232159237138e-17,p1db,6.683340829634682e-17,2.673050473871154e-17,3668,3669,-348.96994593421783
2441,0.001840823993717322,2.4901186622663618e-17,p1db,6.660906641103928e-17,2.657393433183775e-17,3669,3670,-348.9683362103159
2442,0.0021480035775596207,2.4911825677662855e-17,p1db,6.653035758178972e-17,2.6476030557338418e-17,3670,3671,-348.9662642862304
2443,0.0022370636491473306,2.4985610844658385e-17,p1db,6.660598420632621e-17,2.6445514486186383e-17,3671,3672,-348.9640402031608
2444,0.002309624936003729,2.511622557688796e-17,p1db,6.683466516753461e-17,2.6483924161886712e-17,3672,3673,-348.9617901589321
2445,0.0024901168204110036,2.529301176673049e-17,p1db,6.720063885997893e-17,2.658661986844992e-17,3673,3674,-348.95942095328877
2446,0.0026947924715727822,2.5502445103656405e-17,p1db,6.767202395342906e-17,2.674457817942024e-17,3674,3675,-348.9568099252913
2447,0.002703406749418491,2.572902773585126e-17,p1db,6.820475938755164e-17,2.6945557240019614e-17,3675,3676,-348.9540313683456
2448,0.0023608619166282097,2.5955820504318396e-17,p1db,6.87508504083967e-17,2.7174249895814375e-17,3676,3677,-348.95140311179244
2449,0.0017222276545112436,2.6165347930590812e-17,p1db,6.926654545650468e-17,2.7412356910297275e-17,3677,3678,-348.94930964451237
2450,0.0010166023956799108,2.6341268234407544e-17,p1db,6.971629220910438e-17,2.7639809617935205e-17,3678,3679,-348.9479586564834
2451,0.00047059319976483494,2.6470349575393236e-17,p1db,7.007160946662024e-17,2.7837340620398585e-17,3679,3680,-348.947276439721
2452,0.00014704515885455294,2.6543818179851088e-17,p1db,7.030789583315701e-17,2.7989266173815896e-17,3680,3681,-348.9470174700839
2453,-7.191519389948553e-05,2.6557567388736097e-17,p1db,7.040372451216553e-17,2.8085051879766816e-17,3681,3682,-348.9469823494033
2454,-0.0003575038788596885,2.651161832805811e-17,p1db,7.034494409797052e-17,2.8119253061713887e-17,3682,3683,-348.9471613004717
2455,-0.0007760593748571409,2.6409669228123798e-17,p1db,7.013141917264715e-17,2.809068088697753e-17,3683,3684,-348.947697357161
2456,-0.001225156274017536,2.6259140318743216e-17,p1db,6.978114939621885e-17,2.800193133088705e-17,3684,3685,-348.9487134192214
2457,-0.001507063843718015,2.6071339205810447e-17,p1db,6.93277414173504e-17,2.7859627414625397e-17,3685,3686,-348.95014766970905
2458,-0.0014785695307182323,2.586106906477226e-17,p1db,6.881221850684071e-17,2.7674811426633668e-17,3686,3687,-348.95172754690884
2459,-0.0011619786058361115,2.5645411271792845e-17,p1db,6.827476448643399e-17,2.746272964509428e-17,3687,3688,-348.9531048087705
2460,-0.0007310181952107087,2.5442021390213733e-17,p1db,6.775184266309864e-17,2.7241717842992736e-17,3688,3689,-348.9540515041205
2461,-0.000379496905054566,2.526748710242757e-17,p1db,6.727899048861711e-17,2.7031404872968386e-17,3689,3690,-348.9545668451609
2462,-0.00017491587610152237,2.5136042964993658e-17,p1db,6.689406715632304e-17,2.6850646567972043e-17,3690,3691,-348.9548104979306
2463,-1.876826311786317e-05,2.505859851772327e-17,p1db,6.663503710194409e-17,2.671559214064733e-17,3691,3692,-348.9549166769131
2464,0.0002469057927498852,2.504193834351258e-17,p1db,6.653137296850532e-17,2.6638233978602995e-17,3692,3693,-348.95484803445686
2465,0.0006743004667555397,2.508809036811797e-17,p1db,6.659443527857572e-17,2.6625647799401654e-17,3693,3694,-348.9544228653276
2466,0.0011339765793252354,2.5194018432276064e-17,p1db,6.68139548499597e-17,2.6679833021185898e-17,3694,3695,-348.95349943352335
2467,0.0014029692005976813,2.5351804418438037e-17,p1db,6.71632084552207e-17,2.679779688534049e-17,3695,3696,-348.95215491216896
2468,0.0013447269025164132,2.5549344678441077e-17,p1db,6.760861429128346e-17,2.697157420809125e-17,3696,3697,-348.95069349512215
2469,0.00102561283259206,2.5771436011209062e-17,p1db,6.81164152522072e-17,2.718826836526444e-17,3697,3698,-348.94946545836393
2470,0.000667461608315989,2.600109962963763e-17,p1db,6.86525285734898e-17,2.743061274432056e-17,3698,3699,-348.94864226945697
2471,0.00047512234147006893,2.6221059347408506e-17,p1db,6.91783555557248e-17,2.7678557661422313e-17,3699,3700,-348.9481305351473
2472,0.0004812982708983782,2.6415284090822934e-17,p1db,6.964926612429128e-17,2.7911835064420295e-17,3700,3701,-348.947692024774
2473,0.0005349711415476577,2.6570345872922613e-17,p1db,7.00200398349484e-17,2.8112673356477053e-17,3701,3702,-348.9471679386055
2474,0.0004416970182035129,2.6676233721696675e-17,p1db,7.025499067673888e-17,2.8267486283193724e-17,3702,3703,-348.94662208249093
2475,0.0001407499634638043,2.6726501920448958e-17,p1db,7.033588542740162e-17,2.8366938185808057e-17,3703,3704,-348.9462845445691
2476,-0.00022831070245388219,2.6718146902501617e-17,p1db,7.0262350599328e-17,2.840503969414422e-17,3704,3705,-348.946340582564
2477,-0.00043097171027284276,2.6651839450560392e-17,p1db,7.004570352439568e-17,2.8378771553799774e-17,3705,3706,-348.946741165974
2478,-0.000333436350700822,2.653265125896171e-17,p1db,6.970225385624038e-17,2.828917968418691e-17,3706,3707,-348.94720252598455
2479,-2.2885890473389736e-05,2.637057728841437e-17,p1db,6.92516251772764e-17,2.8143229492305155e-17,3707,3708,-348.9474080386754
2480,0.0002588685674709268,2.6179904944580268e-17,p1db,6.872035744647862e-17,2.795451500546027e-17,3708,3709,-348.9472482977655
2481,0.00032159140803855735,2.597727369596315e-17,p1db,6.81459600232076e-17,2.7741516490943426e-17,3709,3710,-348.94689030154046
2482,0.00019756189041686412,2.5779406381386607e-17,p1db,6.75760697971136e-17,2.752409735211914e-17,3710,3711,-348.9466051149494
2483,0.00012123034278488376,2.560175956558401e-17,p1db,6.70614317385993e-17,2.732043144222114e-17,3711,3712,-348.94649517775963
2484,0.00032387336523242993,2.5458364789667447e-17,p1db,6.664630720996274e-17,2.7146047412245656e-17,3712,3713,-348.94636265426385
2485,0.0008197838951957692,2.5361874769816433e-17,p1db,6.636170896300058e-17,2.7014617472370847e-17,3713,3714,-348.94584743102916
2486,0.0013796252139854914,2.532259074058853e-17,p1db,6.622440374609544e-17,2.6938469806007934e-17,3714,3715,-348.94472308647346
2487,0.0017223442582121606,2.534633644768608e-17,p1db,6.624011180699688e-17,2.6927147337073207e-17,3715,3716,-348.9430881806012
2488,0.0017548460531315868,2.5432440219976658e-17,p1db,6.64065489309348e-17,2.6984382895011488e-17,3716,3717,-348.94127839795703
2489,0.0016414377144258196,2.557341406951237e-17,p1db,6.671312335118767e-17,2.7105711374721054e-17,3717,3718,-348.93957848849493
2490,0.001641633110409657,2.5756784536872296e-17,p1db,6.713797087406545e-17,2.7278833761751612e-17,3718,3719,-348.9379955225282
2491,0.0018679807636488022,2.5967904428522895e-17,p1db,6.764607259897875e-17,2.7486799123307375e-17,3719,3720,-348.9362952222741
2492,0.0021841352181866114,2.6191909787663747e-17,p1db,6.819179878091166e-17,2.7711877398022502e-17,3720,3721,-348.9342595610009
2493,0.002328361887492747,2.641392860599188e-17,p1db,6.872585331286828e-17,2.793764200096807e-17,3721,3722,-348.93192695183774
2494,0.002144132481703309,2.6618401012566703e-17,p1db,6.920330700833339e-17,2.814860722540154e-17,3722,3723,-348.9296028372259
2495,0.0017140980613703505,2.6789308958669198e-17,p1db,6.958885651824563e-17,2.8329081230804396e-17,3723,3724,-348.92763868687433
2496,0.001288607913721762,2.6912272817311857e-17,p1db,6.985766450104136e-17,2.8463537581405647e-17,3724,3725,-348.92617464110316
2497,0.001077972556373652,2.6977561780222372e-17,p1db,6.999314116615424e-17,2.853920611819748e-17,3725,3726,-348.9250614710469
2498,0.0010859701463346028,2.6981917217662984e-17,p1db,6.99847750499989e-17,2.854930539866698e-17,3726,3727,-348.9240186959904
2499,0.0011189878534310083,2.6927918713069304e-17,p1db,6.982865894289592e-17,2.84945684633041e-17,3727,3728,-348.9228895307542
2500,0.0009568090772233973,2.6821710804571558e-17,p1db,6.953099613344751e-17,2.8382110139853274e-17,3728,3729,-348.92178072028355
2501,0.0005426392582137396,2.6671214692426526e-17,p1db,6.911205920304183e-17,2.8222802658097315e-17,3729,3730,-348.9209759125998
2502,3.8968744888734363e-05,2.6486204218102982e-17,p1db,6.860685309095763e-17,2.802920749175748e-17,3730,3731,-348.9206954417671
2503,-0.00029623828262970164,2.6279609169785125e-17,p1db,6.806045516951405e-17,2.781517562412749e-17,3731,3732,-348.92089797511
2504,-0.0003151082148633577,2.606809099283623e-17,p1db,6.751984241232415e-17,2.7596535995410725e-17,3732,3733,-348.9212879183324
2505,-9.925952949174643e-05,2.5870515023975808e-17,p1db,6.702689612599865e-17,2.7391327208083672e-17,3733,3734,-348.9215281915397
2506,0.00011065255213793534,2.5704770686206884e-17,p1db,6.66162966138911e-17,2.721843009176461e-17,3734,3735,-348.92148643739137
2507,0.00017955095592014914,2.558475028212212e-17,p1db,6.631760338561855e-17,2.709473626118673e-17,3735,3736,-348.92130688643545
