{
  "metadata": {
    "pump_modes": [
      1,
      3,
      5,
      7,
      9,
      11,
      13,
      15,
      17,
      19
    ],
    "pump_basis": "positive_phasor",
    "real_reconstruction_factor": 2,
    "omega_p": 51227194494.314,
    "phase_convention": "exp_plus_i_k_omega_t",
    "pump_mode_policy": "positive_odd_jc",
    "pump_source_mode": 1,
    "pump_freq_ghz": 8.1530612245,
    "nt": 40,
    "pump_current_a": 1.4067283796357819e-05,
    "pump_current_ratio_ic_median": 5.295973263178151,
    "pump_backend": "full"
  },
  "solution_summary": {
    "x_rms": 3.144153504741944e-15,
    "x_max_abs": 7.198753683114267e-15,
    "branch_psi_rms": 1.448489674601544e-16,
    "branch_psi_max_abs": 2.528065288891983e-16,
    "branch_i_rms": 1.1134748674135312e-06,
    "branch_i_max_abs": 1.8455810526147662e-06,
    "X_h1_norm": 1.7849514608894875e-13,
    "X_h2_norm": 1.0469794700955612e-15,
    "X_h3_norm": 4.2634496890641176e-17,
    "X_h4_norm": 2.0926582471861443e-18,
    "X_h5_norm": 1.595261548181057e-19,
    "X_h6_norm": 1.287065374510227e-20,
    "X_h7_norm": 1.2501536518999038e-21,
    "X_h8_norm": 1.5930793509440482e-22,
    "X_h9_norm": 2.0625243628981764e-23,
    "X_h10_norm": 5.055642562812508e-24
  },
  "reports": [
    {
      "converged": false,
      "source_scale": 1.0,
      "coeff_abs": 1.35718834174251e-10,
      "coeff_rel": 0.006928193605926169,
      "time_abs": 8.583612747466618e-10,
      "time_rel": 0.00692819360592617,
      "newton_iterations": 4,
      "gmres_iterations_total": 4,
      "factor_runtime_s": 2.6498005999892484,
      "runtime_s": 4.6271502999879885,
      "failure_reason": "stalled at Newton 4 (reduction ratio 0.984)",
      "preconditioner_assembly_runtime_s": 0.0,
      "preconditioner_numeric_factor_runtime_s": 0.0
    }
  ],
  "final_status": "FAIL"
}