{
  "metadata": {
    "pump_modes": [
      1,
      3,
      5,
      7,
      9,
      11,
      13,
      15,
      17,
      19
    ],
    "pump_basis": "positive_phasor",
    "real_reconstruction_factor": 2,
    "omega_p": 51227194494.314,
    "phase_convention": "exp_plus_i_k_omega_t",
    "pump_mode_policy": "positive_odd_jc",
    "pump_source_mode": 1,
    "pump_freq_ghz": 8.1530612245,
    "nt": 40,
    "pump_current_a": 1.4271192001947989e-05,
    "pump_current_ratio_ic_median": 5.372739497554384,
    "pump_backend": "full"
  },
  "solution_summary": {
    "x_rms": 3.1511077961697932e-15,
    "x_max_abs": 7.21264071597636e-15,
    "branch_psi_rms": 1.455625727227321e-16,
    "branch_psi_max_abs": 2.5574986707239675e-16,
    "branch_i_rms": 1.1181199277227604e-06,
    "branch_i_max_abs": 1.862591902190181e-06,
    "X_h1_norm": 1.788893238221665e-13,
    "X_h2_norm": 1.150007953857195e-15,
    "X_h3_norm": 4.941647163329595e-17,
    "X_h4_norm": 2.8032723357371695e-18,
    "X_h5_norm": 2.4679659873535805e-19,
    "X_h6_norm": 2.5573861804221162e-20,
    "X_h7_norm": 2.8114207997734972e-21,
    "X_h8_norm": 3.8165253752838475e-22,
    "X_h9_norm": 5.281567800839194e-23,
    "X_h10_norm": 1.2553393392787602e-23
  },
  "reports": [
    {
      "converged": false,
      "source_scale": 1.0,
      "coeff_abs": 3.8599991418764546e-10,
      "coeff_rel": 0.01942303546300772,
      "time_abs": 2.4412778109250225e-09,
      "time_rel": 0.019423035463007856,
      "newton_iterations": 4,
      "gmres_iterations_total": 4,
      "factor_runtime_s": 2.7211396000056993,
      "runtime_s": 4.566004599997541,
      "failure_reason": "stalled at Newton 4 (reduction ratio 0.969)",
      "preconditioner_assembly_runtime_s": 0.0,
      "preconditioner_numeric_factor_runtime_s": 0.0
    }
  ],
  "final_status": "FAIL"
}