{
  "metadata": {
    "pump_modes": [
      1,
      3,
      5,
      7,
      9,
      11,
      13,
      15,
      17,
      19
    ],
    "pump_basis": "positive_phasor",
    "real_reconstruction_factor": 2,
    "omega_p": 51227194494.314,
    "phase_convention": "exp_plus_i_k_omega_t",
    "pump_mode_policy": "positive_odd_jc",
    "pump_source_mode": 1,
    "pump_freq_ghz": 8.1530612245,
    "nt": 40,
    "pump_current_a": 1.3457371733106541e-05,
    "pump_current_ratio_ic_median": 5.066356940181604,
    "pump_backend": "full"
  },
  "solution_summary": {
    "x_rms": 3.026524152071472e-15,
    "x_max_abs": 6.8949816708662525e-15,
    "branch_psi_rms": 1.3524805360310977e-16,
    "branch_psi_max_abs": 2.6399338628034073e-16,
    "branch_i_rms": 1.0439306951330415e-06,
    "branch_i_max_abs": 1.909437606079321e-06,
    "X_h1_norm": 1.718157208679471e-13,
    "X_h2_norm": 1.2441079985523862e-15,
    "X_h3_norm": 4.2267990986318607e-17,
    "X_h4_norm": 1.8263317214683836e-18,
    "X_h5_norm": 1.336941601769611e-19,
    "X_h6_norm": 9.175210508197425e-21,
    "X_h7_norm": 1.0114607654086859e-21,
    "X_h8_norm": 1.0295797972164329e-22,
    "X_h9_norm": 9.100218566788802e-24,
    "X_h10_norm": 1.8760987206507313e-24
  },
  "reports": [
    {
      "converged": false,
      "source_scale": 1.0,
      "coeff_abs": 1.115202172364487e-11,
      "coeff_rel": 0.0005950911638418358,
      "time_abs": 7.053157832478367e-11,
      "time_rel": 0.0005950911638417885,
      "newton_iterations": 5,
      "gmres_iterations_total": 5,
      "factor_runtime_s": 3.4471820000035223,
      "runtime_s": 5.251531099987915,
      "failure_reason": "stalled at Newton 5 (reduction ratio 0.960)",
      "preconditioner_assembly_runtime_s": 0.0,
      "preconditioner_numeric_factor_runtime_s": 0.0
    }
  ],
  "final_status": "FAIL"
}