{
  "metadata": {
    "pump_modes": [
      1,
      3,
      5,
      7,
      9,
      11,
      13,
      15,
      17,
      19
    ],
    "pump_basis": "positive_phasor",
    "real_reconstruction_factor": 2,
    "omega_p": 44252474118.46583,
    "phase_convention": "exp_plus_i_k_omega_t",
    "pump_mode_policy": "positive_odd_jc",
    "pump_source_mode": 1,
    "pump_freq_ghz": 7.043,
    "nt": 40,
    "pump_current_a": 2.1630674622830765e-05,
    "pump_current_ratio_ic_median": 8.143396843723137,
    "pump_backend": "schur_cpu_mt"
  },
  "solution_summary": {
    "x_rms": 1.3867933870254447e-15,
    "x_max_abs": 3.2198070519553703e-15,
    "branch_psi_rms": 7.924215653383468e-17,
    "branch_psi_max_abs": 1.6314596002496541e-16,
    "branch_i_rms": 6.27391801524281e-07,
    "branch_i_max_abs": 1.2634833612609481e-06,
    "X_h1_norm": 7.872981005554712e-14,
    "X_h2_norm": 2.7611257596932323e-16,
    "X_h3_norm": 3.3920411467367416e-17,
    "X_h4_norm": 2.840434867460767e-19,
    "X_h5_norm": 2.3355477580263265e-20,
    "X_h6_norm": 1.361655925395212e-20,
    "X_h7_norm": 3.914517912033225e-22,
    "X_h8_norm": 6.560367868853572e-22,
    "X_h9_norm": 1.7358297907454916e-23,
    "X_h10_norm": 1.8733190647184985e-24
  },
  "reports": [
    {
      "converged": false,
      "source_scale": 1.0,
      "coeff_abs": 2.0766416635166766e-08,
      "coeff_rel": 0.4308879557942828,
      "time_abs": null,
      "time_rel": null,
      "newton_iterations": 5,
      "gmres_iterations_total": 5,
      "factor_runtime_s": 0.8116928999661468,
      "runtime_s": 1.6718300999782514,
      "failure_reason": "stalled at Newton 5 (reduction ratio 0.999)",
      "preconditioner_assembly_runtime_s": 0.2875255999388173,
      "preconditioner_numeric_factor_runtime_s": 0.5209350000368431
    },
    {
      "converged": false,
      "source_scale": 0.5,
      "coeff_abs": 9.109713187936007e-10,
      "coeff_rel": 0.037803977088418296,
      "time_abs": null,
      "time_rel": null,
      "newton_iterations": 6,
      "gmres_iterations_total": 6,
      "factor_runtime_s": 0.868159099976765,
      "runtime_s": 1.7332142999803182,
      "failure_reason": "stalled at Newton 6 (reduction ratio 0.967)",
      "preconditioner_assembly_runtime_s": 0.27287950000027195,
      "preconditioner_numeric_factor_runtime_s": 0.5918425999989267
    },
    {
      "converged": false,
      "source_scale": 0.25,
      "coeff_abs": 3.129372548728517e-13,
      "coeff_rel": 2.5972876575285887e-05,
      "time_abs": null,
      "time_rel": null,
      "newton_iterations": 11,
      "gmres_iterations_total": 11,
      "factor_runtime_s": 1.61434959989856,
      "runtime_s": 3.0185497000056785,
      "failure_reason": "stalled at Newton 11 (reduction ratio 0.968)",
      "preconditioner_assembly_runtime_s": 0.5316096000315156,
      "preconditioner_numeric_factor_runtime_s": 1.0770416999584995
    },
    {
      "converged": true,
      "source_scale": 0.125,
      "coeff_abs": 1.0812899474340136e-20,
      "coeff_rel": 1.7948780408527448e-12,
      "time_abs": null,
      "time_rel": null,
      "newton_iterations": 5,
      "gmres_iterations_total": 5,
      "factor_runtime_s": 0.762124800006859,
      "runtime_s": 1.5056410000252072,
      "failure_reason": "",
      "preconditioner_assembly_runtime_s": 0.26560740001150407,
      "preconditioner_numeric_factor_runtime_s": 0.4932650000555441
    },
    {
      "converged": false,
      "source_scale": 0.3125,
      "coeff_abs": 9.231361503984853e-14,
      "coeff_rel": 6.1294079686935855e-06,
      "time_abs": null,
      "time_rel": null,
      "newton_iterations": 13,
      "gmres_iterations_total": 13,
      "factor_runtime_s": 1.9221276999742258,
      "runtime_s": 3.614554700005101,
      "failure_reason": "stalled at Newton 13 (reduction ratio 0.998)",
      "preconditioner_assembly_runtime_s": 0.6597082000516821,
      "preconditioner_numeric_factor_runtime_s": 1.255895700014662
    },
    {
      "converged": true,
      "source_scale": 0.21875,
      "coeff_abs": 3.86837577194927e-20,
      "coeff_rel": 3.669301384393673e-12,
      "time_abs": null,
      "time_rel": null,
      "newton_iterations": 6,
      "gmres_iterations_total": 6,
      "factor_runtime_s": 1.0521598999912385,
      "runtime_s": 1.9266025999968406,
      "failure_reason": "",
      "preconditioner_assembly_runtime_s": 0.4005046999955084,
      "preconditioner_numeric_factor_runtime_s": 0.6481908999558073
    },
    {
      "converged": false,
      "source_scale": 0.359375,
      "coeff_abs": 1.494072695991596e-09,
      "coeff_rel": 0.08626341737033008,
      "time_abs": null,
      "time_rel": null,
      "newton_iterations": 4,
      "gmres_iterations_total": 4,
      "factor_runtime_s": 0.7606022999971174,
      "runtime_s": 1.419255900022108,
      "failure_reason": "stalled at Newton 4 (reduction ratio 0.999)",
      "preconditioner_assembly_runtime_s": 0.28780599997844547,
      "preconditioner_numeric_factor_runtime_s": 0.47055860003456473
    },
    {
      "converged": false,
      "source_scale": 0.2890625,
      "coeff_abs": 6.018277578615568e-11,
      "coeff_rel": 0.004319995078849859,
      "time_abs": null,
      "time_rel": null,
      "newton_iterations": 9,
      "gmres_iterations_total": 9,
      "factor_runtime_s": 1.6405331999703776,
      "runtime_s": 3.2604812999779824,
      "failure_reason": "stalled at Newton 9 (reduction ratio 0.938)",
      "preconditioner_assembly_runtime_s": 0.6081053000525571,
      "preconditioner_numeric_factor_runtime_s": 1.025525499950163
    },
    {
      "converged": true,
      "source_scale": 0.05,
      "coeff_abs": 9.368937668800711e-20,
      "coeff_rel": 3.8879720762581845e-11,
      "time_abs": null,
      "time_rel": null,
      "newton_iterations": 3,
      "gmres_iterations_total": 3,
      "factor_runtime_s": 0.41794990000198595,
      "runtime_s": 0.7578016000043135,
      "failure_reason": "",
      "preconditioner_assembly_runtime_s": 0.1423693000106141,
      "preconditioner_numeric_factor_runtime_s": 0.27415650003240444
    },
    {
      "converged": true,
      "source_scale": 0.1,
      "coeff_abs": 1.624395602419911e-22,
      "coeff_rel": 3.370502060247801e-14,
      "time_abs": null,
      "time_rel": null,
      "newton_iterations": 4,
      "gmres_iterations_total": 4,
      "factor_runtime_s": 0.6099324999959208,
      "runtime_s": 1.1167196999886073,
      "failure_reason": "",
      "preconditioner_assembly_runtime_s": 0.2133216999936849,
      "preconditioner_numeric_factor_runtime_s": 0.3946900000155438
    },
    {
      "converged": true,
      "source_scale": 0.15,
      "coeff_abs": 9.941530312581196e-21,
      "coeff_rel": 1.3751965490283728e-12,
      "time_abs": null,
      "time_rel": null,
      "newton_iterations": 4,
      "gmres_iterations_total": 4,
      "factor_runtime_s": 0.6240189000382088,
      "runtime_s": 1.204448600008618,
      "failure_reason": "",
      "preconditioner_assembly_runtime_s": 0.20124580003903247,
      "preconditioner_numeric_factor_runtime_s": 0.4204221999971196
    },
    {
      "converged": true,
      "source_scale": 0.2,
      "coeff_abs": 2.938633581730714e-18,
      "coeff_rel": 3.0487248693549345e-10,
      "time_abs": null,
      "time_rel": null,
      "newton_iterations": 4,
      "gmres_iterations_total": 4,
      "factor_runtime_s": 0.5649525000189897,
      "runtime_s": 1.098587199987378,
      "failure_reason": "",
      "preconditioner_assembly_runtime_s": 0.16903069996624254,
      "preconditioner_numeric_factor_runtime_s": 0.3932820000045467
    },
    {
      "converged": false,
      "source_scale": 0.25,
      "coeff_abs": 2.6252436417535492e-15,
      "coeff_rel": 2.1788754143389866e-07,
      "time_abs": null,
      "time_rel": null,
      "newton_iterations": 11,
      "gmres_iterations_total": 11,
      "factor_runtime_s": 1.5796395000070333,
      "runtime_s": 3.0718710999935865,