{
  "metadata": {
    "pump_modes": [
      1,
      3,
      5,
      7,
      9,
      11,
      13,
      15,
      17,
      19
    ],
    "pump_basis": "positive_phasor",
    "real_reconstruction_factor": 2,
    "omega_p": 44252474118.46583,
    "phase_convention": "exp_plus_i_k_omega_t",
    "pump_mode_policy": "positive_odd_jc",
    "pump_source_mode": 1,
    "pump_freq_ghz": 7.043,
    "nt": 40,
    "pump_current_a": 7.386560967175167e-06,
    "pump_current_ratio_ic_median": 2.780851652336992,
    "pump_backend": "schur_cpu_mt"
  },
  "solution_summary": {
    "x_rms": 1.8997401438326747e-15,
    "x_max_abs": 4.2699467684304505e-15,
    "branch_psi_rms": 1.0588565051638185e-16,
    "branch_psi_max_abs": 2.2056478228059703e-16,
    "branch_i_rms": 8.260516689423091e-07,
    "branch_i_max_abs": 1.649880440672003e-06,
    "X_h1_norm": 1.0785009658918353e-13,
    "X_h2_norm": 4.518308853711458e-16,
    "X_h3_norm": 1.3000588450904256e-17,
    "X_h4_norm": 8.6426976657947e-19,
    "X_h5_norm": 5.150978572546036e-20,
    "X_h6_norm": 1.4756187108008115e-21,
    "X_h7_norm": 1.0984702510427894e-22,
    "X_h8_norm": 9.033258533209137e-24,
    "X_h9_norm": 6.86923217737586e-24,
    "X_h10_norm": 7.743225863570549e-26
  },
  "reports": [
    {
      "converged": true,
      "source_scale": 1.0,
      "coeff_abs": 5.505036197416924e-22,
      "coeff_rel": 3.3449586125178806e-14,
      "time_abs": null,
      "time_rel": null,
      "newton_iterations": 2,
      "gmres_iterations_total": 2,
      "factor_runtime_s": 0.3000196000211872,
      "runtime_s": 0.5719989000062924,
      "failure_reason": "",
      "preconditioner_assembly_runtime_s": 0.10903880000114441,
      "preconditioner_numeric_factor_runtime_s": 0.18989359997794963
    }
  ],
  "final_status": "VALID_CONVERGED"
}