{
  "metadata": {
    "pump_modes": [
      1,
      3,
      5,
      7,
      9,
      11,
      13,
      15,
      17,
      19
    ],
    "pump_basis": "positive_phasor",
    "real_reconstruction_factor": 2,
    "omega_p": 44252474118.46583,
    "phase_convention": "exp_plus_i_k_omega_t",
    "pump_mode_policy": "positive_odd_jc",
    "pump_source_mode": 1,
    "pump_freq_ghz": 7.043,
    "nt": 40,
    "pump_current_a": 7.571680619876123e-06,
    "pump_current_ratio_ic_median": 2.850544476153266,
    "pump_backend": "schur_cpu_mt"
  },
  "solution_summary": {
    "x_rms": 1.949603690189554e-15,
    "x_max_abs": 4.398940493905702e-15,
    "branch_psi_rms": 1.085085754312663e-16,
    "branch_psi_max_abs": 2.2366905712259155e-16,
    "branch_i_rms": 8.452224223393289e-07,
    "branch_i_max_abs": 1.6694421397588034e-06,
    "X_h1_norm": 1.106807999898814e-13,
    "X_h2_norm": 4.866232773982469e-16,
    "X_h3_norm": 1.487663783474303e-17,
    "X_h4_norm": 9.234939051403397e-19,
    "X_h5_norm": 5.754917258551496e-20,
    "X_h6_norm": 1.983857770729953e-21,
    "X_h7_norm": 1.3015554262414203e-22,
    "X_h8_norm": 1.133104540869356e-23,
    "X_h9_norm": 8.36048844921295e-24,
    "X_h10_norm": 7.297568567101848e-26
  },
  "reports": [
    {
      "converged": true,
      "source_scale": 1.0,
      "coeff_abs": 8.439863256145902e-22,
      "coeff_rel": 5.0028326993893043e-14,
      "time_abs": null,
      "time_rel": null,
      "newton_iterations": 2,
      "gmres_iterations_total": 2,
      "factor_runtime_s": 0.25072420001379214,
      "runtime_s": 0.5171301999944262,
      "failure_reason": "",
      "preconditioner_assembly_runtime_s": 0.07185159999062307,
      "preconditioner_numeric_factor_runtime_s": 0.17779109999537468
    }
  ],
  "final_status": "VALID_CONVERGED"
}