{
  "metadata": {
    "pump_modes": [
      1,
      3,
      5,
      7,
      9,
      11,
      13,
      15,
      17,
      19
    ],
    "pump_basis": "positive_phasor",
    "real_reconstruction_factor": 2,
    "omega_p": 44252474118.46583,
    "phase_convention": "exp_plus_i_k_omega_t",
    "pump_mode_policy": "positive_odd_jc",
    "pump_source_mode": 1,
    "pump_freq_ghz": 7.043,
    "nt": 40,
    "pump_current_a": 2.2391969131262626e-05,
    "pump_current_ratio_ic_median": 8.430004793091681,
    "pump_backend": "schur_cpu_mt"
  },
  "solution_summary": {
    "x_rms": 1.43509380791037e-15,
    "x_max_abs": 3.3272173729737032e-15,
    "branch_psi_rms": 8.156799583006852e-17,
    "branch_psi_max_abs": 1.6839723180876405e-16,
    "branch_i_rms": 6.451039591654487e-07,
    "branch_i_max_abs": 1.3006021836396243e-06,
    "X_h1_norm": 8.147185249655915e-14,
    "X_h2_norm": 2.9189753221223855e-16,
    "X_h3_norm": 4.442863577188841e-17,
    "X_h4_norm": 4.203199304220223e-19,
    "X_h5_norm": 1.740437869939833e-20,
    "X_h6_norm": 1.0207135415143469e-20,
    "X_h7_norm": 2.84281298416237e-22,
    "X_h8_norm": 3.3416956171706307e-22,
    "X_h9_norm": 9.846019336355248e-24,
    "X_h10_norm": 4.613474134798114e-25
  },
  "reports": [
    {
      "converged": false,
      "source_scale": 1.0,
      "coeff_abs": 2.3097166114243438e-08,
      "coeff_rel": 0.4629555207388813,
      "time_abs": null,
      "time_rel": null,
      "newton_iterations": 4,
      "gmres_iterations_total": 4,
      "factor_runtime_s": 0.4898657000157982,
      "runtime_s": 1.0271228000055999,
      "failure_reason": "line search failed at Newton 4",
      "preconditioner_assembly_runtime_s": 0.1422951000276953,
      "preconditioner_numeric_factor_runtime_s": 0.3458804000110831
    },
    {
      "converged": false,
      "source_scale": 0.5,
      "coeff_abs": 1.2321429677060142e-09,
      "coeff_rel": 0.049393712321038404,
      "time_abs": null,
      "time_rel": null,
      "newton_iterations": 6,
      "gmres_iterations_total": 6,
      "factor_runtime_s": 0.9095774999586865,
      "runtime_s": 1.8849363999906927,
      "failure_reason": "line search failed at Newton 6",
      "preconditioner_assembly_runtime_s": 0.2663887999660801,
      "preconditioner_numeric_factor_runtime_s": 0.6390202000329737
    },
    {
      "converged": false,
      "source_scale": 0.25,
      "coeff_abs": 4.750008403354068e-13,
      "coeff_rel": 3.808333200725868e-05,
      "time_abs": null,
      "time_rel": null,
      "newton_iterations": 9,
      "gmres_iterations_total": 9,
      "factor_runtime_s": 1.3598393999272957,
      "runtime_s": 2.644864600006258,
      "failure_reason": "line search failed at Newton 9",
      "preconditioner_assembly_runtime_s": 0.44306170000345446,
      "preconditioner_numeric_factor_runtime_s": 0.9112783000455238
    },
    {
      "converged": true,
      "source_scale": 0.125,
      "coeff_abs": 6.604907878831409e-21,
      "coeff_rel": 1.0591008615870257e-12,
      "time_abs": null,
      "time_rel": null,
      "newton_iterations": 5,
      "gmres_iterations_total": 5,
      "factor_runtime_s": 0.7817326000076719,
      "runtime_s": 1.4720307999814395,
      "failure_reason": "",
      "preconditioner_assembly_runtime_s": 0.2543314999784343,
      "preconditioner_numeric_factor_runtime_s": 0.5244355999748223
    },
    {
      "converged": true,
      "source_scale": 0.3125,
      "coeff_abs": 9.467905911970055e-21,
      "coeff_rel": 6.072737117760689e-13,
      "time_abs": null,
      "time_rel": null,
      "newton_iterations": 11,
      "gmres_iterations_total": 11,
      "factor_runtime_s": 1.4291810000140686,
      "runtime_s": 2.6115229000279214,
      "failure_reason": "",
      "preconditioner_assembly_runtime_s": 0.4322373000322841,
      "preconditioner_numeric_factor_runtime_s": 0.9902466999483295
    },
    {
      "converged": false,
      "source_scale": 0.59375,
      "coeff_abs": 1.132497510673166e-08,
      "coeff_rel": 0.38230871929366245,
      "time_abs": null,
      "time_rel": null,
      "newton_iterations": 4,
      "gmres_iterations_total": 4,
      "factor_runtime_s": 0.5462941000296269,
      "runtime_s": 1.1821049000136554,
      "failure_reason": "stalled at Newton 4 (reduction ratio 0.999)",
      "preconditioner_assembly_runtime_s": 0.17487859999528155,
      "preconditioner_numeric_factor_runtime_s": 0.36941879999358207
    },
    {
      "converged": false,
      "source_scale": 0.453125,
      "coeff_abs": 6.837552552104169e-10,
      "coeff_rel": 0.030245670944133687,
      "time_abs": null,
      "time_rel": null,
      "newton_iterations": 6,
      "gmres_iterations_total": 6,
      "factor_runtime_s": 0.8896393999748398,
      "runtime_s": 1.7064211999822874,
      "failure_reason": "stalled at Newton 6 (reduction ratio 0.980)",
      "preconditioner_assembly_runtime_s": 0.3051671000139322,
      "preconditioner_numeric_factor_runtime_s": 0.5810559000528883
    },
    {
      "converged": false,
      "source_scale": 0.3828125,
      "coeff_abs": 6.48957882542205e-10,
      "coeff_rel": 0.03397902955322606,
      "time_abs": null,
      "time_rel": null,
      "newton_iterations": 4,
      "gmres_iterations_total": 4,
      "factor_runtime_s": 0.660158099984983,
      "runtime_s": 1.3074879000196233,
      "failure_reason": "line search failed at Newton 4",
      "preconditioner_assembly_runtime_s": 0.22718619997613132,
      "preconditioner_numeric_factor_runtime_s": 0.43003849999513477
    },
    {
      "converged": true,
      "source_scale": 0.05,
      "coeff_abs": 1.5999252831354355e-19,
      "coeff_rel": 6.413723994828094e-11,
      "time_abs": null,
      "time_rel": null,
      "newton_iterations": 3,
      "gmres_iterations_total": 3,
      "factor_runtime_s": 0.5428277999453712,
      "runtime_s": 0.9945292000193149,
      "failure_reason": "",
      "preconditioner_assembly_runtime_s": 0.19512490002671257,
      "preconditioner_numeric_factor_runtime_s": 0.34565659999498166
    },
    {
      "converged": true,
      "source_scale": 0.1,
      "coeff_abs": 8.637179690472937e-20,
      "coeff_rel": 1.7312210517689153e-11,
      "time_abs": null,
      "time_rel": null,
      "newton_iterations": 4,
      "gmres_iterations_total": 4,
      "factor_runtime_s": 0.6156455000163987,
      "runtime_s": 1.1094593000016175,
      "failure_reason": "",
      "preconditioner_assembly_runtime_s": 0.20354129996849224,
      "preconditioner_numeric_factor_runtime_s": 0.4098544000298716
    },
    {
      "converged": true,
      "source_scale": 0.15,
      "coeff_abs": 3.1710887743821835e-22,
      "coeff_rel": 4.237382911225059e-14,
      "time_abs": null,
      "time_rel": null,
      "newton_iterations": 4,
      "gmres_iterations_total": 4,
      "factor_runtime_s": 0.6109158000035677,
      "runtime_s": 1.141693599987775,
      "failure_reason": "",
      "preconditioner_assembly_runtime_s": 0.19681899997522123,
      "preconditioner_numeric_factor_runtime_s": 0.4111968999786768
    },
    {
      "converged": true,
      "source_scale": 0.2,
      "coeff_abs": 3.481748099206325e-22,
      "coeff_rel": 3.489377217051012e-14,
      "time_abs": null,
      "time_rel": null,
      "newton_iterations": 5,
      "gmres_iterations_total": 5,
      "factor_runtime_s": 0.723677800007863,
      "runtime_s": 1.3829583000042476,
      "failure_reason": "",
      "preconditioner_assembly_runtime_s": 0.23350960001698695,
      "preconditioner_numeric_factor_runtime_s": 0.4872495000017807
    },
    {
      "converged": false,
      "source_scale": 0.25,
      "coeff_abs": 2.9393607447740185e-13,
      "coeff_rel": 2.3566411177986286e-05,
      "time_abs": null,
      "time_rel": null,
      "newton_iterations": 13,
      "gmres_iterations_total": 13,
      "factor_runtime_s": 1.8561967000423465,
      "runtime_s": 3.545117899979232,
      "failure_reason": "stalled at Newton 13 (reduction ratio 0.996)",