{
  "metadata": {
    "pump_modes": [
      1,
      3,
      5,
      7,
      9,
      11,
      13,
      15,
      17,
      19
    ],
    "pump_basis": "positive_phasor",
    "real_reconstruction_factor": 2,
    "omega_p": 51227194494.314,
    "phase_convention": "exp_plus_i_k_omega_t",
    "pump_mode_policy": "positive_odd_jc",
    "pump_source_mode": 1,
    "pump_freq_ghz": 8.1530612245,
    "nt": 40,
    "pump_current_a": 1.432056817343458e-05,
    "pump_current_ratio_ic_median": 5.39132836572656,
    "pump_backend": "full"
  },
  "solution_summary": {
    "x_rms": 3.1418830067860635e-15,
    "x_max_abs": 7.190503829561882e-15,
    "branch_psi_rms": 1.447642291199533e-16,
    "branch_psi_max_abs": 2.52734070964036e-16,
    "branch_i_rms": 1.1127216700165205e-06,
    "branch_i_max_abs": 1.8451604189732291e-06,
    "X_h1_norm": 1.7836586444228497e-13,
    "X_h2_norm": 1.1099097331123653e-15,
    "X_h3_norm": 4.0140660007141276e-17,
    "X_h4_norm": 2.1341943072418565e-18,
    "X_h5_norm": 1.5543320960730613e-19,
    "X_h6_norm": 1.2215134951174591e-20,
    "X_h7_norm": 1.0548024856043538e-21,
    "X_h8_norm": 1.0438313547023462e-22,
    "X_h9_norm": 1.2073744771223261e-23,
    "X_h10_norm": 2.1247092725272418e-24
  },
  "reports": [
    {
      "converged": false,
      "source_scale": 1.0,
      "coeff_abs": 4.979079846906626e-10,
      "coeff_rel": 0.024967725782155663,
      "time_abs": 3.149046593613526e-09,
      "time_rel": 0.024967725782156003,
      "newton_iterations": 2,
      "gmres_iterations_total": 2,
      "factor_runtime_s": 1.3003102999937255,
      "runtime_s": 2.586748199973954,
      "failure_reason": "line search failed at Newton 2",
      "preconditioner_assembly_runtime_s": 0.0,
      "preconditioner_numeric_factor_runtime_s": 0.0
    }
  ],
  "final_status": "FAIL"
}