{
  "metadata": {
    "pump_modes": [
      1,
      3,
      5,
      7,
      9,
      11,
      13,
      15,
      17,
      19
    ],
    "pump_basis": "positive_phasor",
    "real_reconstruction_factor": 2,
    "omega_p": 44252474118.46583,
    "phase_convention": "exp_plus_i_k_omega_t",
    "pump_mode_policy": "positive_odd_jc",
    "pump_source_mode": 1,
    "pump_freq_ghz": 7.043,
    "nt": 40,
    "pump_current_a": 7.928522933796028e-06,
    "pump_current_ratio_ic_median": 2.9848864984688843,
    "pump_backend": "schur_cpu_mt"
  },
  "solution_summary": {
    "x_rms": 2.043835918282991e-15,
    "x_max_abs": 4.6290485952269024e-15,
    "branch_psi_rms": 1.1261313328012787e-16,
    "branch_psi_max_abs": 2.300486163570793e-16,
    "branch_i_rms": 8.751955202729092e-07,
    "branch_i_max_abs": 1.7091749799781582e-06,
    "X_h1_norm": 1.1603002618598507e-13,
    "X_h2_norm": 5.987863319655105e-16,
    "X_h3_norm": 2.0293966465242417e-17,
    "X_h4_norm": 1.4555208313742986e-18,
    "X_h5_norm": 9.097797550270128e-20,
    "X_h6_norm": 3.5932945479947216e-21,
    "X_h7_norm": 2.701664542898277e-22,
    "X_h8_norm": 2.4331625219645964e-23,
    "X_h9_norm": 2.1153992391690734e-23,
    "X_h10_norm": 2.454257788685576e-25
  },
  "reports": [
    {
      "converged": true,
      "source_scale": 1.0,
      "coeff_abs": 7.132797107107337e-22,
      "coeff_rel": 4.037759431902705e-14,
      "time_abs": null,
      "time_rel": null,
      "newton_iterations": 2,
      "gmres_iterations_total": 2,
      "factor_runtime_s": 0.26624350002384745,
      "runtime_s": 0.5448821000172757,
      "failure_reason": "",
      "preconditioner_assembly_runtime_s": 0.08971040000324138,
      "preconditioner_numeric_factor_runtime_s": 0.17516139999497682
    }
  ],
  "final_status": "VALID_CONVERGED"
}