{
  "metadata": {
    "pump_modes": [
      1,
      3,
      5,
      7,
      9,
      11,
      13,
      15,
      17,
      19
    ],
    "pump_basis": "positive_phasor",
    "real_reconstruction_factor": 2,
    "omega_p": 51227194494.314,
    "phase_convention": "exp_plus_i_k_omega_t",
    "pump_mode_policy": "positive_odd_jc",
    "pump_source_mode": 1,
    "pump_freq_ghz": 8.1530612245,
    "nt": 40,
    "pump_current_a": 1.4238369171167425e-05,
    "pump_current_ratio_ic_median": 5.360382539611963,
    "pump_backend": "full"
  },
  "solution_summary": {
    "x_rms": 3.1602076505895246e-15,
    "x_max_abs": 7.233089607974758e-15,
    "branch_psi_rms": 1.4593801005379592e-16,
    "branch_psi_max_abs": 2.560435748455733e-16,
    "branch_i_rms": 1.120791211048944e-06,
    "branch_i_max_abs": 1.8642812164488524e-06,
    "X_h1_norm": 1.794060636281556e-13,
    "X_h2_norm": 1.131689765665888e-15,
    "X_h3_norm": 4.7438582793155734e-17,
    "X_h4_norm": 3.132232617928131e-18,
    "X_h5_norm": 2.7810152086459333e-19,
    "X_h6_norm": 3.36842357033569e-20,
    "X_h7_norm": 3.795312337821443e-21,
    "X_h8_norm": 5.461266997372104e-22,
    "X_h9_norm": 6.668308152271717e-23,
    "X_h10_norm": 1.344092460817423e-23
  },
  "reports": [
    {
      "converged": false,
      "source_scale": 1.0,
      "coeff_abs": 3.226157199156224e-10,
      "coeff_rel": 0.016271044025727568,
      "time_abs": 2.040400967816606e-09,
      "time_rel": 0.01627104402572743,
      "newton_iterations": 4,
      "gmres_iterations_total": 4,
      "factor_runtime_s": 2.300211100024171,
      "runtime_s": 3.989794399996754,
      "failure_reason": "stalled at Newton 4 (reduction ratio 0.869)",
      "preconditioner_assembly_runtime_s": 0.0,
      "preconditioner_numeric_factor_runtime_s": 0.0
    }
  ],
  "final_status": "FAIL"
}