{
  "metadata": {
    "pump_modes": [
      1,
      3,
      5,
      7,
      9,
      11,
      13,
      15,
      17,
      19
    ],
    "pump_basis": "positive_phasor",
    "real_reconstruction_factor": 2,
    "omega_p": 44252474118.46583,
    "phase_convention": "exp_plus_i_k_omega_t",
    "pump_mode_policy": "positive_odd_jc",
    "pump_source_mode": 1,
    "pump_freq_ghz": 7.043,
    "nt": 40,
    "pump_current_a": 7.712448672502085e-06,
    "pump_current_ratio_ic_median": 2.9035400546749535,
    "pump_backend": "schur_cpu_mt"
  },
  "solution_summary": {
    "x_rms": 1.987064911562793e-15,
    "x_max_abs": 4.492749777508494e-15,
    "branch_psi_rms": 1.1025422161619664e-16,
    "branch_psi_max_abs": 2.2562771198216577e-16,
    "branch_i_rms": 8.579720511764632e-07,
    "branch_i_max_abs": 1.6817083596981375e-06,
    "X_h1_norm": 1.1280736578349848e-13,
    "X_h2_norm": 5.272988427552646e-16,
    "X_h3_norm": 1.6749062542791054e-17,
    "X_h4_norm": 1.1706264042032827e-18,
    "X_h5_norm": 7.388053534258391e-20,
    "X_h6_norm": 2.604365965925364e-21,
    "X_h7_norm": 1.912152123058839e-22,
    "X_h8_norm": 1.7268743992907468e-23,
    "X_h9_norm": 1.4964094862804955e-23,
    "X_h10_norm": 1.512671450674867e-25
  },
  "reports": [
    {
      "converged": true,
      "source_scale": 1.0,
      "coeff_abs": 7.088838662409089e-22,
      "coeff_rel": 4.125301187596355e-14,
      "time_abs": null,
      "time_rel": null,
      "newton_iterations": 2,
      "gmres_iterations_total": 2,
      "factor_runtime_s": 0.2539964000170585,
      "runtime_s": 0.5035404999798629,
      "failure_reason": "",
      "preconditioner_assembly_runtime_s": 0.0833750999881886,
      "preconditioner_numeric_factor_runtime_s": 0.16927440001745708
    }
  ],
  "final_status": "VALID_CONVERGED"
}