{
  "metadata": {
    "pump_modes": [
      1,
      3,
      5,
      7,
      9,
      11,
      13,
      15,
      17,
      19
    ],
    "pump_basis": "positive_phasor",
    "real_reconstruction_factor": 2,
    "omega_p": 44252474118.46583,
    "phase_convention": "exp_plus_i_k_omega_t",
    "pump_mode_policy": "positive_odd_jc",
    "pump_source_mode": 1,
    "pump_freq_ghz": 7.043,
    "nt": 40,
    "pump_current_a": 6.818554038963212e-06,
    "pump_current_ratio_ic_median": 2.567011542998378,
    "pump_backend": "schur_cpu_mt"
  },
  "solution_summary": {
    "x_rms": 1.745997188642762e-15,
    "x_max_abs": 3.920136937468684e-15,
    "branch_psi_rms": 9.663910977967894e-17,
    "branch_psi_max_abs": 2.0586554106759245e-16,
    "branch_i_rms": 7.581175114865084e-07,
    "branch_i_max_abs": 1.55528924965656e-06,
    "X_h1_norm": 9.91220063744138e-14,
    "X_h2_norm": 4.0381100674282297e-16,
    "X_h3_norm": 1.4681469429650437e-17,
    "X_h4_norm": 6.581641053262262e-19,
    "X_h5_norm": 3.065810512966666e-20,
    "X_h6_norm": 4.954550896668983e-21,
    "X_h7_norm": 9.87371919747222e-23,
    "X_h8_norm": 1.2264558968597027e-23,
    "X_h9_norm": 4.393182217283782e-24,
    "X_h10_norm": 7.918957508818602e-26
  },
  "reports": [
    {
      "converged": true,
      "source_scale": 1.0,
      "coeff_abs": 4.8408407672186744e-18,
      "coeff_rel": 3.1864078768357107e-10,
      "time_abs": null,
      "time_rel": null,
      "newton_iterations": 4,
      "gmres_iterations_total": 4,
      "factor_runtime_s": 0.5765872999909334,
      "runtime_s": 1.0609880999836605,
      "failure_reason": "",
      "preconditioner_assembly_runtime_s": 0.19800370000302792,
      "preconditioner_numeric_factor_runtime_s": 0.3764023999683559
    }
  ],
  "final_status": "VALID_CONVERGED"
}