{
  "metadata": {
    "pump_modes": [
      1,
      3,
      5,
      7,
      9,
      11,
      13,
      15,
      17,
      19
    ],
    "pump_basis": "positive_phasor",
    "real_reconstruction_factor": 2,
    "omega_p": 44252474118.46583,
    "phase_convention": "exp_plus_i_k_omega_t",
    "pump_mode_policy": "positive_odd_jc",
    "pump_source_mode": 1,
    "pump_freq_ghz": 7.043,
    "nt": 40,
    "pump_current_a": 7.074443570215012e-06,
    "pump_current_ratio_ic_median": 2.6633474195936593,
    "pump_backend": "schur_cpu_mt"
  },
  "solution_summary": {
    "x_rms": 1.8145856190464046e-15,
    "x_max_abs": 4.054952061619122e-15,
    "branch_psi_rms": 1.0075417526973794e-16,
    "branch_psi_max_abs": 2.1275020244761852e-16,
    "branch_i_rms": 7.884338353718091e-07,
    "branch_i_max_abs": 1.5999906402787504e-06,
    "X_h1_norm": 1.0301586185980544e-13,
    "X_h2_norm": 4.144416845679623e-16,
    "X_h3_norm": 1.1205176122418261e-17,
    "X_h4_norm": 6.46304472338143e-19,
    "X_h5_norm": 3.891832019695569e-20,
    "X_h6_norm": 1.158492195462616e-21,
    "X_h7_norm": 8.085445386052592e-23,
    "X_h8_norm": 7.267563443575033e-24,
    "X_h9_norm": 6.717760194842626e-24,
    "X_h10_norm": 5.780871836702343e-26
  },
  "reports": [
    {
      "converged": true,
      "source_scale": 1.0,
      "coeff_abs": 1.5650550494461918e-19,
      "coeff_rel": 9.929106928111848e-12,
      "time_abs": null,
      "time_rel": null,
      "newton_iterations": 2,
      "gmres_iterations_total": 2,
      "factor_runtime_s": 0.23535550001543015,
      "runtime_s": 0.49567279999610037,
      "failure_reason": "",
      "preconditioner_assembly_runtime_s": 0.0651433999883011,
      "preconditioner_numeric_factor_runtime_s": 0.16945640000631101
    }
  ],
  "final_status": "VALID_CONVERGED"
}