{
  "metadata": {
    "pump_modes": [
      1,
      3,
      5,
      7,
      9,
      11,
      13,
      15,
      17,
      19
    ],
    "pump_basis": "positive_phasor",
    "real_reconstruction_factor": 2,
    "omega_p": 51227194494.314,
    "phase_convention": "exp_plus_i_k_omega_t",
    "pump_mode_policy": "positive_odd_jc",
    "pump_source_mode": 1,
    "pump_freq_ghz": 8.1530612245,
    "nt": 40,
    "pump_current_a": 1.3372427410541082e-05,
    "pump_current_ratio_ic_median": 5.034377571052652,
    "pump_backend": "schur_cpu_mt"
  },
  "solution_summary": {
    "x_rms": 1.8062633276919327e-15,
    "x_max_abs": 4.158521490023297e-15,
    "branch_psi_rms": 1.077784503121287e-16,
    "branch_psi_max_abs": 2.263907339445374e-16,
    "branch_i_rms": 8.415930712960525e-07,
    "branch_i_max_abs": 1.6864707425526412e-06,
    "X_h1_norm": 1.0254346061302445e-13,
    "X_h2_norm": 3.9641567140862393e-16,
    "X_h3_norm": 1.0698414093533191e-17,
    "X_h4_norm": 3.967807145937653e-19,
    "X_h5_norm": 2.0034386592746238e-20,
    "X_h6_norm": 1.2540566057792277e-21,
    "X_h7_norm": 1.0237479995340371e-22,
    "X_h8_norm": 1.0764721571612582e-23,
    "X_h9_norm": 6.124422471682613e-25,
    "X_h10_norm": 5.868257585657713e-26
  },
  "reports": [
    {
      "converged": false,
      "source_scale": 1.0,
      "coeff_abs": 4.869692173304414e-09,
      "coeff_rel": 0.16344216875119302,
      "time_abs": null,
      "time_rel": null,
      "newton_iterations": 6,
      "gmres_iterations_total": 6,
      "factor_runtime_s": 0.7568260000552982,
      "runtime_s": 1.6239877000043634,
      "failure_reason": "line search failed at Newton 6",
      "preconditioner_assembly_runtime_s": 0.2054420999775175,
      "preconditioner_numeric_factor_runtime_s": 0.5484417999687139
    },
    {
      "converged": true,
      "source_scale": 0.5,
      "coeff_abs": 6.715546302455726e-21,
      "coeff_rel": 4.507896651207097e-13,
      "time_abs": null,
      "time_rel": null,
      "newton_iterations": 14,
      "gmres_iterations_total": 14,
      "factor_runtime_s": 1.956480000022566,
      "runtime_s": 3.6881998000026215,
      "failure_reason": "",
      "preconditioner_assembly_runtime_s": 0.6273103000130504,
      "preconditioner_numeric_factor_runtime_s": 1.320508799952222
    },
    {
      "converged": false,
      "source_scale": 1.0,
      "coeff_abs": 3.7147187836765946e-09,
      "coeff_rel": 0.12467763314347442,
      "time_abs": null,
      "time_rel": null,
      "newton_iterations": 4,
      "gmres_iterations_total": 4,
      "factor_runtime_s": 0.5356055999873206,
      "runtime_s": 1.1290880999877118,
      "failure_reason": "stalled at Newton 4 (reduction ratio 0.995)",
      "preconditioner_assembly_runtime_s": 0.16640160002862103,
      "preconditioner_numeric_factor_runtime_s": 0.3670892999798525
    },
    {
      "converged": false,
      "source_scale": 0.75,
      "coeff_abs": 6.198739276749493e-10,
      "coeff_rel": 0.027739888679045824,
      "time_abs": null,
      "time_rel": null,
      "newton_iterations": 5,
      "gmres_iterations_total": 5,
      "factor_runtime_s": 0.623049500019988,
      "runtime_s": 1.244813700002851,
      "failure_reason": "stalled at Newton 5 (reduction ratio 1.000)",
      "preconditioner_assembly_runtime_s": 0.19254910000017844,
      "preconditioner_numeric_factor_runtime_s": 0.4281287000339944
    },
    {
      "converged": false,
      "source_scale": 0.625,
      "coeff_abs": 3.466577012886726e-10,
      "coeff_rel": 0.018615874514130458,
      "time_abs": null,
      "time_rel": null,
      "newton_iterations": 4,
      "gmres_iterations_total": 4,
      "factor_runtime_s": 0.5753052000072785,
      "runtime_s": 1.092554500006372,
      "failure_reason": "stalled at Newton 4 (reduction ratio 0.965)",
      "preconditioner_assembly_runtime_s": 0.19315129998722114,
      "preconditioner_numeric_factor_runtime_s": 0.37979130004532635
    },
    {
      "converged": false,
      "source_scale": 0.5625,
      "coeff_abs": 1.305322066285898e-10,
      "coeff_rel": 0.007788570587762157,
      "time_abs": null,
      "time_rel": null,
      "newton_iterations": 5,
      "gmres_iterations_total": 5,
      "factor_runtime_s": 0.6476115000259597,
      "runtime_s": 1.2535209000052419,
      "failure_reason": "stalled at Newton 5 (reduction ratio 0.971)",
      "preconditioner_assembly_runtime_s": 0.1995685999863781,
      "preconditioner_numeric_factor_runtime_s": 0.44528529996750876
    },
    {
      "converged": true,
      "source_scale": 0.05,
      "coeff_abs": 2.603300011378617e-22,
      "coeff_rel": 1.7474985466319673e-13,
      "time_abs": null,
      "time_rel": null,
      "newton_iterations": 3,
      "gmres_iterations_total": 3,
      "factor_runtime_s": 0.3332131000061054,
      "runtime_s": 0.6086385000089649,
      "failure_reason": "",
      "preconditioner_assembly_runtime_s": 0.09770509996451437,
      "preconditioner_numeric_factor_runtime_s": 0.23409149999497458
    },
    {
      "converged": true,
      "source_scale": 0.1,
      "coeff_abs": 5.247874792216867e-19,
      "coeff_rel": 1.7613516560177508e-10,
      "time_abs": null,
      "time_rel": null,
      "newton_iterations": 3,
      "gmres_iterations_total": 3,
      "factor_runtime_s": 0.4052699999883771,
      "runtime_s": 0.7253643000149168,
      "failure_reason": "",
      "preconditioner_assembly_runtime_s": 0.14118979996419512,
      "preconditioner_numeric_factor_runtime_s": 0.2625527000054717
    },
    {
      "converged": true,
      "source_scale": 0.15,
      "coeff_abs": 1.2256168741097582e-22,
      "coeff_rel": 2.742370192797736e-14,
      "time_abs": null,
      "time_rel": null,
      "newton_iterations": 3,
      "gmres_iterations_total": 3,
      "factor_runtime_s": 0.3540993999922648,
      "runtime_s": 0.6687398999929428,
      "failure_reason": "",
      "preconditioner_assembly_runtime_s": 0.11353289996623062,
      "preconditioner_numeric_factor_runtime_s": 0.23917799998889677
    },
    {
      "converged": true,
      "source_scale": 0.2,
      "coeff_abs": 2.1195016930368627e-21,
      "coeff_rel": 3.55685678943751e-13,
      "time_abs": null,
      "time_rel": null,
      "newton_iterations": 3,
      "gmres_iterations_total": 3,
      "factor_runtime_s": 0.3330205999955069,
      "runtime_s": 0.6068677000002936,
      "failure_reason": "",
      "preconditioner_assembly_runtime_s": 0.10063669999362901,
      "preconditioner_numeric_factor_runtime_s": 0.23092080000787973
    },
    {
      "converged": true,
      "source_scale": 0.25,
      "coeff_abs": 2.814878354179766e-18,
      "coeff_rel": 3.779046449794311e-10,
      "time_abs": null,
      "time_rel": null,
      "newton_iterations": 3,
      "gmres_iterations_total": 3,
      "factor_runtime_s": 0.331906200008234,
      "runtime_s": 0.6732347999932244,
      "failure_reason": "",
      "preconditioner_assembly_runtime_s": 0.09497819995158352,
      "preconditioner_numeric_factor_runtime_s": 0.2355363999668043
    },
    {
      "converged": true,
      "source_scale": 0.3,
      "coeff_abs": 2.890379267198714e-22,
      "coeff_rel": 3.2336736363897647e-14,
      "time_abs": null,
      "time_rel": null,
      "newton_iterations": 4,
      "gmres_iterations_total": 4,
      "factor_runtime_s": 0.4800680000334978,
      "runtime_s": 0.8823199000034947,
      "failure_reason": "",
      "preconditioner_assembly_runtime_s": 0.15330619996530004,
      "preconditioner_numeric_factor_runtime_s": 0.32485130001441576
    },
    {
      "converged": true,
      "source_scale": 0.35,
      "coeff_abs": 9.472966922105264e-19,
      "coeff_rel": 9.084072334738177e-11,
      "time_abs": null,
      "time_rel": null,
      "newton_iterations": 4,
      "gmres_iterations_total": 4,
      "factor_runtime_s": 0.532517099956749,
      "runtime_s": 1.0160674000217114,
      "failure_reason": "",
      "preconditioner_assembly_runtime_s": 0.17149949999293312,