{
  "metadata": {
    "pump_modes": [
      1,
      3,
      5,
      7,
      9,
      11,
      13,
      15,
      17,
      19
    ],
    "pump_basis": "positive_phasor",
    "real_reconstruction_factor": 2,
    "omega_p": 44252474118.46583,
    "phase_convention": "exp_plus_i_k_omega_t",
    "pump_mode_policy": "positive_odd_jc",
    "pump_source_mode": 1,
    "pump_freq_ghz": 7.043,
    "nt": 40,
    "pump_current_a": 7.339936230199108e-06,
    "pump_current_ratio_ic_median": 2.763298629024001,
    "pump_backend": "schur_cpu_mt"
  },
  "solution_summary": {
    "x_rms": 1.8870715326551076e-15,
    "x_max_abs": 4.236508888053039e-15,
    "branch_psi_rms": 1.0517022923723354e-16,
    "branch_psi_max_abs": 2.196364705231262e-16,
    "branch_i_rms": 8.208129593439083e-07,
    "branch_i_max_abs": 1.644002059718219e-06,
    "X_h1_norm": 1.0713089980313295e-13,
    "X_h2_norm": 4.45798151406556e-16,
    "X_h3_norm": 1.2994449787126554e-17,
    "X_h4_norm": 8.71458696272205e-19,
    "X_h5_norm": 5.1884294885751744e-20,
    "X_h6_norm": 1.4893153003157893e-21,
    "X_h7_norm": 1.1416792841424363e-22,
    "X_h8_norm": 9.300078782848839e-24,
    "X_h9_norm": 8.630887053822795e-24,
    "X_h10_norm": 8.326894007316877e-26
  },
  "reports": [
    {
      "converged": false,
      "source_scale": 1.0,
      "coeff_abs": 1.7402594023048262e-12,
      "coeff_rel": 0.00010641296850581776,
      "time_abs": null,
      "time_rel": null,
      "newton_iterations": 16,
      "gmres_iterations_total": 16,
      "factor_runtime_s": 3.8205873999977484,
      "runtime_s": 6.081525899993721,
      "failure_reason": "maximum Newton iterations reached",
      "preconditioner_assembly_runtime_s": 0.7178066999476869,
      "preconditioner_numeric_factor_runtime_s": 2.269389900029637
    },
    {
      "converged": true,
      "source_scale": 0.5,
      "coeff_abs": 2.6670231775575453e-22,
      "coeff_rel": 3.26164999334973e-14,
      "time_abs": null,
      "time_rel": null,
      "newton_iterations": 6,
      "gmres_iterations_total": 6,
      "factor_runtime_s": 0.8701857000123709,
      "runtime_s": 1.6269563999958336,
      "failure_reason": "",
      "preconditioner_assembly_runtime_s": 0.2868245999852661,
      "preconditioner_numeric_factor_runtime_s": 0.5798448000277858
    },
    {
      "converged": true,
      "source_scale": 1.0,
      "coeff_abs": 1.143315360831622e-17,
      "coeff_rel": 6.991117607137186e-10,
      "time_abs": null,
      "time_rel": null,
      "newton_iterations": 15,
      "gmres_iterations_total": 15,
      "factor_runtime_s": 2.7981471000239253,
      "runtime_s": 5.103620300011244,
      "failure_reason": "",
      "preconditioner_assembly_runtime_s": 1.0244026999280322,
      "preconditioner_numeric_factor_runtime_s": 1.7632903000048827
    }
  ],
  "final_status": "VALID_CONVERGED"
}