{
  "metadata": {
    "pump_modes": [
      1,
      3,
      5,
      7,
      9,
      11,
      13,
      15,
      17,
      19
    ],
    "pump_basis": "positive_phasor",
    "real_reconstruction_factor": 2,
    "omega_p": 44252474118.46583,
    "phase_convention": "exp_plus_i_k_omega_t",
    "pump_mode_policy": "positive_odd_jc",
    "pump_source_mode": 1,
    "pump_freq_ghz": 7.043,
    "nt": 40,
    "pump_current_a": 6.929346629364561e-06,
    "pump_current_ratio_ic_median": 2.608722125156087,
    "pump_backend": "schur_cpu_mt"
  },
  "solution_summary": {
    "x_rms": 1.775428104077377e-15,
    "x_max_abs": 3.97379185377854e-15,
    "branch_psi_rms": 9.83592073025149e-17,
    "branch_psi_max_abs": 2.0880123095735273e-16,
    "branch_i_rms": 7.70813345990151e-07,
    "branch_i_max_abs": 1.5744347547973515e-06,
    "X_h1_norm": 1.0079282316337902e-13,
    "X_h2_norm": 4.121207816658168e-16,
    "X_h3_norm": 1.1725566576376769e-17,
    "X_h4_norm": 6.580055577018145e-19,
    "X_h5_norm": 3.698407794719291e-20,
    "X_h6_norm": 1.2520484509042379e-21,
    "X_h7_norm": 8.312011666850733e-23,
    "X_h8_norm": 7.870198132405202e-24,
    "X_h9_norm": 7.654965420942039e-24,
    "X_h10_norm": 5.960687029894284e-26
  },
  "reports": [
    {
      "converged": true,
      "source_scale": 1.0,
      "coeff_abs": 5.714665372555482e-20,
      "coeff_rel": 3.701445630985772e-12,
      "time_abs": null,
      "time_rel": null,
      "newton_iterations": 2,
      "gmres_iterations_total": 2,
      "factor_runtime_s": 0.3008794999914244,
      "runtime_s": 0.52974479997647,
      "failure_reason": "",
      "preconditioner_assembly_runtime_s": 0.1168566000123974,
      "preconditioner_numeric_factor_runtime_s": 0.18325619999086484
    }
  ],
  "final_status": "VALID_CONVERGED"
}