{
  "metadata": {
    "pump_modes": [
      1,
      3,
      5,
      7,
      9,
      11,
      13,
      15,
      17,
      19
    ],
    "pump_basis": "positive_phasor",
    "real_reconstruction_factor": 2,
    "omega_p": 44252474118.46583,
    "phase_convention": "exp_plus_i_k_omega_t",
    "pump_mode_policy": "positive_odd_jc",
    "pump_source_mode": 1,
    "pump_freq_ghz": 7.043,
    "nt": 40,
    "pump_current_a": 7.597877492616514e-06,
    "pump_current_ratio_ic_median": 2.860406930029963,
    "pump_backend": "schur_cpu_mt"
  },
  "solution_summary": {
    "x_rms": 1.9566032286189003e-15,
    "x_max_abs": 4.416520121767616e-15,
    "branch_psi_rms": 1.0884904584461141e-16,
    "branch_psi_max_abs": 2.2436232792776326e-16,
    "branch_i_rms": 8.477083934993067e-07,
    "branch_i_max_abs": 1.6737905823004543e-06,
    "X_h1_norm": 1.1107814711476816e-13,
    "X_h2_norm": 4.935936411535824e-16,
    "X_h3_norm": 1.5230934589841277e-17,
    "X_h4_norm": 9.612375786102378e-19,
    "X_h5_norm": 6.026090954906723e-20,
    "X_h6_norm": 2.100716043995348e-21,
    "X_h7_norm": 1.4018561199821073e-22,
    "X_h8_norm": 1.2268633497412007e-23,
    "X_h9_norm": 9.541518952559423e-24,
    "X_h10_norm": 8.619131507382349e-26
  },
  "reports": [
    {
      "converged": true,
      "source_scale": 1.0,
      "coeff_abs": 8.322428648744861e-22,
      "coeff_rel": 4.91621253842433e-14,
      "time_abs": null,
      "time_rel": null,
      "newton_iterations": 2,
      "gmres_iterations_total": 2,
      "factor_runtime_s": 0.2996419999981299,
      "runtime_s": 0.680096299998695,
      "failure_reason": "",
      "preconditioner_assembly_runtime_s": 0.09351579999201931,
      "preconditioner_numeric_factor_runtime_s": 0.20421490003354847
    }
  ],
  "final_status": "VALID_CONVERGED"
}