{
  "metadata": {
    "pump_modes": [
      1,
      3,
      5,
      7,
      9,
      11,
      13,
      15,
      17,
      19
    ],
    "pump_basis": "positive_phasor",
    "real_reconstruction_factor": 2,
    "omega_p": 51227194494.314,
    "phase_convention": "exp_plus_i_k_omega_t",
    "pump_mode_policy": "positive_odd_jc",
    "pump_source_mode": 1,
    "pump_freq_ghz": 8.1530612245,
    "nt": 40,
    "pump_current_a": 1.3496160957939552e-05,
    "pump_current_ratio_ic_median": 5.080960093184618,
    "pump_backend": "schur_cpu_mt"
  },
  "solution_summary": {
    "x_rms": 1.823572415681786e-15,
    "x_max_abs": 4.202755422565031e-15,
    "branch_psi_rms": 1.083812646725942e-16,
    "branch_psi_max_abs": 2.267722003355916e-16,
    "branch_i_rms": 8.460522256087205e-07,
    "branch_i_max_abs": 1.6888482583199794e-06,
    "X_h1_norm": 1.0352613469561441e-13,
    "X_h2_norm": 3.9528207772509925e-16,
    "X_h3_norm": 9.993376758816764e-18,
    "X_h4_norm": 3.4749515226470175e-19,
    "X_h5_norm": 1.520772340134826e-20,
    "X_h6_norm": 7.843337669003515e-22,
    "X_h7_norm": 4.874531024497213e-23,
    "X_h8_norm": 3.782874889625295e-24,
    "X_h9_norm": 2.4655448371010635e-25,
    "X_h10_norm": 2.595857617916571e-26
  },
  "reports": [
    {
      "converged": false,
      "source_scale": 1.0,
      "coeff_abs": 6.360184917546529e-09,
      "coeff_rel": 0.21151070357761076,
      "time_abs": null,
      "time_rel": null,
      "newton_iterations": 5,
      "gmres_iterations_total": 5,
      "factor_runtime_s": 0.7154922999907285,
      "runtime_s": 1.4419065000256523,
      "failure_reason": "stalled at Newton 5 (reduction ratio 1.000)",
      "preconditioner_assembly_runtime_s": 0.24725769998622127,
      "preconditioner_numeric_factor_runtime_s": 0.465534100017976
    },
    {
      "converged": true,
      "source_scale": 0.5,
      "coeff_abs": 6.192099373176026e-19,
      "coeff_rel": 4.118418920273045e-11,
      "time_abs": null,
      "time_rel": null,
      "newton_iterations": 14,
      "gmres_iterations_total": 14,
      "factor_runtime_s": 1.7739386000321247,
      "runtime_s": 3.3107835999981035,
      "failure_reason": "",
      "preconditioner_assembly_runtime_s": 0.5449041999818292,
      "preconditioner_numeric_factor_runtime_s": 1.2218645000539254
    },
    {
      "converged": false,
      "source_scale": 1.0,
      "coeff_abs": 4.072546970829609e-09,
      "coeff_rel": 0.13543431304593612,
      "time_abs": null,
      "time_rel": null,
      "newton_iterations": 4,
      "gmres_iterations_total": 4,
      "factor_runtime_s": 0.6642690999724437,
      "runtime_s": 1.3020695000013802,
      "failure_reason": "line search failed at Newton 4",
      "preconditioner_assembly_runtime_s": 0.23395160003565252,
      "preconditioner_numeric_factor_runtime_s": 0.42779550002887845
    },
    {
      "converged": false,
      "source_scale": 0.75,
      "coeff_abs": 5.417873257793863e-10,
      "coeff_rel": 0.024023162837899646,
      "time_abs": null,
      "time_rel": null,
      "newton_iterations": 5,
      "gmres_iterations_total": 5,
      "factor_runtime_s": 0.7226524000288919,
      "runtime_s": 1.4459348999953363,
      "failure_reason": "stalled at Newton 5 (reduction ratio 0.993)",
      "preconditioner_assembly_runtime_s": 0.25371599997743033,
      "preconditioner_numeric_factor_runtime_s": 0.4662110999925062
    },
    {
      "converged": false,
      "source_scale": 0.625,
      "coeff_abs": 3.070296559900943e-10,
      "coeff_rel": 0.016336646660319448,
      "time_abs": null,
      "time_rel": null,
      "newton_iterations": 4,
      "gmres_iterations_total": 4,
      "factor_runtime_s": 0.5889821000164375,
      "runtime_s": 1.2046162999758963,
      "failure_reason": "stalled at Newton 4 (reduction ratio 0.996)",
      "preconditioner_assembly_runtime_s": 0.1913765000354033,
      "preconditioner_numeric_factor_runtime_s": 0.39529760004370473
    },
    {
      "converged": false,
      "source_scale": 0.5625,
      "coeff_abs": 8.63215989877141e-11,
      "coeff_rel": 0.00510339938505474,
      "time_abs": null,
      "time_rel": null,
      "newton_iterations": 5,
      "gmres_iterations_total": 5,
      "factor_runtime_s": 0.7357252999790944,
      "runtime_s": 1.4970341000007465,
      "failure_reason": "stalled at Newton 5 (reduction ratio 0.960)",
      "preconditioner_assembly_runtime_s": 0.25047679999261163,
      "preconditioner_numeric_factor_runtime_s": 0.482160700019449
    },
    {
      "converged": true,
      "source_scale": 0.05,
      "coeff_abs": 2.9804663991470334e-22,
      "coeff_rel": 1.9823340146411872e-13,
      "time_abs": null,
      "time_rel": null,
      "newton_iterations": 3,
      "gmres_iterations_total": 3,
      "factor_runtime_s": 0.4867673999979161,
      "runtime_s": 0.9086737000034191,
      "failure_reason": "",
      "preconditioner_assembly_runtime_s": 0.16733630001544952,
      "preconditioner_numeric_factor_runtime_s": 0.31773980002617463
    },
    {
      "converged": true,
      "source_scale": 0.1,
      "coeff_abs": 6.024749981069e-19,
      "coeff_rel": 2.0035566951199083e-10,
      "time_abs": null,
      "time_rel": null,
      "newton_iterations": 3,
      "gmres_iterations_total": 3,
      "factor_runtime_s": 0.3738583000085782,
      "runtime_s": 0.7450862999830861,
      "failure_reason": "",
      "preconditioner_assembly_runtime_s": 0.12214759999187663,
      "preconditioner_numeric_factor_runtime_s": 0.2503576000162866
    },
    {
      "converged": true,
      "source_scale": 0.15,
      "coeff_abs": 1.235758996579321e-22,
      "coeff_rel": 2.7397133700496412e-14,
      "time_abs": null,
      "time_rel": null,
      "newton_iterations": 3,
      "gmres_iterations_total": 3,
      "factor_runtime_s": 0.35721870002453215,
      "runtime_s": 0.670091699983459,
      "failure_reason": "",
      "preconditioner_assembly_runtime_s": 0.10298900000634603,
      "preconditioner_numeric_factor_runtime_s": 0.2530134000116959
    },
    {
      "converged": true,
      "source_scale": 0.2,
      "coeff_abs": 2.9980438483064704e-21,
      "coeff_rel": 4.985062320770096e-13,
      "time_abs": null,
      "time_rel": null,
      "newton_iterations": 3,
      "gmres_iterations_total": 3,
      "factor_runtime_s": 0.39914880000287667,
      "runtime_s": 0.7483508999866899,
      "failure_reason": "",
      "preconditioner_assembly_runtime_s": 0.12584100000094622,
      "preconditioner_numeric_factor_runtime_s": 0.27170990002923645
    },
    {
      "converged": true,
      "source_scale": 0.25,
      "coeff_abs": 3.713755739573164e-18,
      "coeff_rel": 4.940102211339604e-10,
      "time_abs": null,
      "time_rel": null,
      "newton_iterations": 3,
      "gmres_iterations_total": 3,
      "factor_runtime_s": 0.379164399986621,
      "runtime_s": 0.668746800016379,
      "failure_reason": "",
      "preconditioner_assembly_runtime_s": 0.11360459998832084,
      "preconditioner_numeric_factor_runtime_s": 0.26401429998804815
    },
    {
      "converged": true,
      "source_scale": 0.3,
      "coeff_abs": 3.226072719444808e-22,
      "coeff_rel": 3.576148175607483e-14,
      "time_abs": null,
      "time_rel": null,
      "newton_iterations": 4,
      "gmres_iterations_total": 4,
      "factor_runtime_s": 0.48110030000680126,
      "runtime_s": 0.934902900015004,
      "failure_reason": "",
      "preconditioner_assembly_runtime_s": 0.13430730000254698,
      "preconditioner_numeric_factor_runtime_s": 0.34482409997144714
    },
    {
      "converged": true,
      "source_scale": 0.35,
      "coeff_abs": 1.7750704364091544e-18,
      "coeff_rel": 1.6865924577081863e-10,
      "time_abs": null,
      "time_rel": null,
      "newton_iterations": 4,
      "gmres_iterations_total": 4,
      "factor_runtime_s": 0.4667355999990832,
      "runtime_s": 0.9086592000094242,
      "failure_reason": "",
      "preconditioner_assembly_runtime_s": 0.14389310000115074,