{
  "metadata": {
    "pump_modes": [
      1,
      3,
      5,
      7,
      9,
      11,
      13,
      15,
      17,
      19
    ],
    "pump_basis": "positive_phasor",
    "real_reconstruction_factor": 2,
    "omega_p": 44252474118.46583,
    "phase_convention": "exp_plus_i_k_omega_t",
    "pump_mode_policy": "positive_odd_jc",
    "pump_source_mode": 1,
    "pump_freq_ghz": 7.043,
    "nt": 40,
    "pump_current_a": 1.6979093855028283e-05,
    "pump_current_ratio_ic_median": 6.392195422438536,
    "pump_backend": "schur_cpu_mt"
  },
  "solution_summary": {
    "x_rms": 1.7476998706321622e-15,
    "x_max_abs": 3.9573625057386456e-15,
    "branch_psi_rms": 1.0294589480041343e-16,
    "branch_psi_max_abs": 2.36784303890285e-16,
    "branch_i_rms": 8.035778230104745e-07,
    "branch_i_max_abs": 1.7504285470189144e-06,
    "X_h1_norm": 9.92127004009895e-14,
    "X_h2_norm": 1.1603153290386522e-15,
    "X_h3_norm": 4.0880923438450945e-17,
    "X_h4_norm": 4.290048315392432e-18,
    "X_h5_norm": 2.8236389728576955e-19,
    "X_h6_norm": 2.625569649668901e-20,
    "X_h7_norm": 3.007187550934126e-21,
    "X_h8_norm": 4.7899551550520275e-22,
    "X_h9_norm": 6.393295785123318e-22,
    "X_h10_norm": 8.111789147889265e-24
  },
  "reports": [
    {
      "converged": false,
      "source_scale": 1.0,
      "coeff_abs": 9.348960294882083e-09,
      "coeff_rel": 0.2471278340028991,
      "time_abs": null,
      "time_rel": null,
      "newton_iterations": 5,
      "gmres_iterations_total": 5,
      "factor_runtime_s": 0.5593618000566494,
      "runtime_s": 1.1742032000038307,
      "failure_reason": "line search failed at Newton 5",
      "preconditioner_assembly_runtime_s": 0.16140330003690906,
      "preconditioner_numeric_factor_runtime_s": 0.39563600000110455
    },
    {
      "converged": false,
      "source_scale": 0.5,
      "coeff_abs": 2.874100268760675e-10,
      "coeff_rel": 0.01519463452026425,
      "time_abs": null,
      "time_rel": null,
      "newton_iterations": 11,
      "gmres_iterations_total": 11,
      "factor_runtime_s": 1.4916834000032395,
      "runtime_s": 2.933794799988391,
      "failure_reason": "stalled at Newton 11 (reduction ratio 0.984)",
      "preconditioner_assembly_runtime_s": 0.5147175000165589,
      "preconditioner_numeric_factor_runtime_s": 0.9706193999445532
    },
    {
      "converged": true,
      "source_scale": 0.25,
      "coeff_abs": 1.1274577001990343e-19,
      "coeff_rel": 1.1921162165277612e-11,
      "time_abs": null,
      "time_rel": null,
      "newton_iterations": 6,
      "gmres_iterations_total": 6,
      "factor_runtime_s": 0.8070449999650009,
      "runtime_s": 1.5153716999921016,
      "failure_reason": "",
      "preconditioner_assembly_runtime_s": 0.2572660999430809,
      "preconditioner_numeric_factor_runtime_s": 0.546423899999354
    },
    {
      "converged": false,
      "source_scale": 0.625,
      "coeff_abs": 9.49864918780513e-10,
      "coeff_rel": 0.040173547016058395,
      "time_abs": null,
      "time_rel": null,
      "newton_iterations": 5,
      "gmres_iterations_total": 5,
      "factor_runtime_s": 0.6935475000063889,
      "runtime_s": 1.3585037000011653,
      "failure_reason": "stalled at Newton 5 (reduction ratio 0.994)",
      "preconditioner_assembly_runtime_s": 0.2204244000313338,
      "preconditioner_numeric_factor_runtime_s": 0.47018789997673593
    },
    {
      "converged": false,
      "source_scale": 0.4375,
      "coeff_abs": 5.246770367185802e-10,
      "coeff_rel": 0.031700955105913246,
      "time_abs": null,
      "time_rel": null,
      "newton_iterations": 4,
      "gmres_iterations_total": 4,
      "factor_runtime_s": 0.5147778000100516,
      "runtime_s": 1.0615438999957405,
      "failure_reason": "stalled at Newton 4 (reduction ratio 0.851)",
      "preconditioner_assembly_runtime_s": 0.1639020000002347,
      "preconditioner_numeric_factor_runtime_s": 0.3487024000205565
    },
    {
      "converged": true,
      "source_scale": 0.34375,
      "coeff_abs": 7.181357627775823e-18,
      "coeff_rel": 5.522327966552511e-10,
      "time_abs": null,
      "time_rel": null,
      "newton_iterations": 8,
      "gmres_iterations_total": 8,
      "factor_runtime_s": 1.0814305999374483,
      "runtime_s": 2.087841300002765,
      "failure_reason": "",
      "preconditioner_assembly_runtime_s": 0.3475231000047643,
      "preconditioner_numeric_factor_runtime_s": 0.7295555000018794
    },
    {
      "converged": false,
      "source_scale": 0.484375,
      "coeff_abs": 4.06855710802101e-10,
      "coeff_rel": 0.02220327530312542,
      "time_abs": null,
      "time_rel": null,
      "newton_iterations": 6,
      "gmres_iterations_total": 6,
      "factor_runtime_s": 0.7212103999918327,
      "runtime_s": 1.4026273999770638,
      "failure_reason": "stalled at Newton 6 (reduction ratio 0.993)",
      "preconditioner_assembly_runtime_s": 0.21154799999203533,
      "preconditioner_numeric_factor_runtime_s": 0.5067014000087511
    },
    {
      "converged": false,
      "source_scale": 0.4140625,
      "coeff_abs": 1.8971083005154019e-10,
      "coeff_rel": 0.012111127374236348,
      "time_abs": null,
      "time_rel": null,
      "newton_iterations": 5,
      "gmres_iterations_total": 5,
      "factor_runtime_s": 0.5810901999939233,
      "runtime_s": 1.1264013000181876,
      "failure_reason": "stalled at Newton 5 (reduction ratio 0.962)",
      "preconditioner_assembly_runtime_s": 0.18638850000570528,
      "preconditioner_numeric_factor_runtime_s": 0.39255529997171834
    },
    {
      "converged": true,
      "source_scale": 0.05,
      "coeff_abs": 2.520873127180997e-21,
      "coeff_rel": 1.3327212782311043e-12,
      "time_abs": null,
      "time_rel": null,
      "newton_iterations": 3,
      "gmres_iterations_total": 3,
      "factor_runtime_s": 0.3653788999945391,
      "runtime_s": 0.6881493999972008,
      "failure_reason": "",
      "preconditioner_assembly_runtime_s": 0.11957469998742454,
      "preconditioner_numeric_factor_runtime_s": 0.24464640000951476
    },
    {
      "converged": true,
      "source_scale": 0.1,
      "coeff_abs": 1.3487675949089773e-22,
      "coeff_rel": 3.5652950038265115e-14,
      "time_abs": null,
      "time_rel": null,
      "newton_iterations": 4,
      "gmres_iterations_total": 4,
      "factor_runtime_s": 0.44701739997253753,
      "runtime_s": 0.8238607999810483,
      "failure_reason": "",
      "preconditioner_assembly_runtime_s": 0.12918719998560846,
      "preconditioner_numeric_factor_runtime_s": 0.31614949999493547
    },
    {
      "converged": true,
      "source_scale": 0.15,
      "coeff_abs": 1.521189343587123e-18,
      "coeff_rel": 2.680713261022708e-10,
      "time_abs": null,
      "time_rel": null,
      "newton_iterations": 3,
      "gmres_iterations_total": 3,
      "factor_runtime_s": 0.35409559999243356,
      "runtime_s": 0.6567696999991313,
      "failure_reason": "",
      "preconditioner_assembly_runtime_s": 0.11182419996475801,
      "preconditioner_numeric_factor_runtime_s": 0.24105829998734407
    },
    {
      "converged": true,
      "source_scale": 0.2,
      "coeff_abs": 1.5404027248728495e-18,
      "coeff_rel": 2.0359290064499756e-10,
      "time_abs": null,
      "time_rel": null,
      "newton_iterations": 4,
      "gmres_iterations_total": 4,
      "factor_runtime_s": 0.43051000000559725,
      "runtime_s": 0.815704700013157,
      "failure_reason": "",
      "preconditioner_assembly_runtime_s": 0.12725730001693591,
      "preconditioner_numeric_factor_runtime_s": 0.30160269999760203
    },
    {
      "converged": true,
      "source_scale": 0.25,
      "coeff_abs": 4.591535980196061e-22,
      "coeff_rel": 4.854855751835418e-14,
      "time_abs": null,
      "time_rel": null,
      "newton_iterations": 4,
      "gmres_iterations_total": 4,
      "factor_runtime_s": 0.4649173000070732,
      "runtime_s": 0.8262009999889415,
      "failure_reason": "",