{
  "metadata": {
    "pump_modes": [
      1,
      3,
      5,
      7,
      9,
      11,
      13,
      15,
      17,
      19
    ],
    "pump_basis": "positive_phasor",
    "real_reconstruction_factor": 2,
    "omega_p": 51227194494.314,
    "phase_convention": "exp_plus_i_k_omega_t",
    "pump_mode_policy": "positive_odd_jc",
    "pump_source_mode": 1,
    "pump_freq_ghz": 8.1530612245,
    "nt": 40,
    "pump_current_a": 1.3333993807458896e-05,
    "pump_current_ratio_ic_median": 5.019908300561106,
    "pump_backend": "full"
  },
  "solution_summary": {
    "x_rms": 2.9947103554633974e-15,
    "x_max_abs": 6.818416964732942e-15,
    "branch_psi_rms": 1.327322730962769e-16,
    "branch_psi_max_abs": 2.610150227191894e-16,
    "branch_i_rms": 1.0262344597391321e-06,
    "branch_i_max_abs": 1.8926490634703778e-06,
    "X_h1_norm": 1.7001255211178598e-13,
    "X_h2_norm": 7.283332570050418e-16,
    "X_h3_norm": 2.625081225005432e-17,
    "X_h4_norm": 7.625485465407184e-19,
    "X_h5_norm": 4.666052365450885e-20,
    "X_h6_norm": 2.67730786008208e-21,
    "X_h7_norm": 2.018758911226491e-22,
    "X_h8_norm": 1.5903764119343666e-23,
    "X_h9_norm": 9.441536779206857e-25,
    "X_h10_norm": 1.3933864850982888e-25
  },
  "reports": [
    {
      "converged": true,
      "source_scale": 1.0,
      "coeff_abs": 5.4441859589679125e-19,
      "coeff_rel": 2.93199243972114e-11,
      "time_abs": 3.4480463020159545e-18,
      "time_rel": 2.9361145042161975e-11,
      "newton_iterations": 2,
      "gmres_iterations_total": 2,
      "factor_runtime_s": 1.3095429000095464,
      "runtime_s": 1.7742373000073712,
      "failure_reason": "",
      "preconditioner_assembly_runtime_s": 0.0,
      "preconditioner_numeric_factor_runtime_s": 0.0
    }
  ],
  "final_status": "VALID_CONVERGED"
}