{
  "metadata": {
    "pump_modes": [
      1,
      3,
      5,
      7,
      9,
      11,
      13,
      15,
      17,
      19
    ],
    "pump_basis": "positive_phasor",
    "real_reconstruction_factor": 2,
    "omega_p": 44252474118.46583,
    "phase_convention": "exp_plus_i_k_omega_t",
    "pump_mode_policy": "positive_odd_jc",
    "pump_source_mode": 1,
    "pump_freq_ghz": 7.043,
    "nt": 40,
    "pump_current_a": 7.365331302310357e-06,
    "pump_current_ratio_ic_median": 2.7728592254308553,
    "pump_backend": "schur_cpu_mt"
  },
  "solution_summary": {
    "x_rms": 1.8939764185660658e-15,
    "x_max_abs": 4.254708379475505e-15,
    "branch_psi_rms": 1.0556297108069544e-16,
    "branch_psi_max_abs": 2.2028234230905506e-16,
    "branch_i_rms": 8.236890165117486e-07,
    "branch_i_max_abs": 1.6480933234153811e-06,
    "X_h1_norm": 1.0752289159247278e-13,
    "X_h2_norm": 4.487147251512541e-16,
    "X_h3_norm": 1.29808522633219e-17,
    "X_h4_norm": 8.702888089257718e-19,
    "X_h5_norm": 5.1808780635871776e-20,
    "X_h6_norm": 1.4718357587952252e-21,
    "X_h7_norm": 1.1204772317382706e-22,
    "X_h8_norm": 9.14284931803266e-24,
    "X_h9_norm": 7.673272025741547e-24,
    "X_h10_norm": 8.082964668797356e-26
  },
  "reports": [
    {
      "converged": true,
      "source_scale": 1.0,
      "coeff_abs": 5.496778704636244e-22,
      "coeff_rel": 3.349568183214007e-14,
      "time_abs": null,
      "time_rel": null,
      "newton_iterations": 2,
      "gmres_iterations_total": 2,
      "factor_runtime_s": 0.28242480001063086,
      "runtime_s": 0.5609322999953292,
      "failure_reason": "",
      "preconditioner_assembly_runtime_s": 0.09552319999784231,
      "preconditioner_numeric_factor_runtime_s": 0.1858944999985397
    }
  ],
  "final_status": "VALID_CONVERGED"
}