{
  "metadata": {
    "pump_modes": [
      1,
      3,
      5,
      7,
      9,
      11,
      13,
      15,
      17,
      19
    ],
    "pump_basis": "positive_phasor",
    "real_reconstruction_factor": 2,
    "omega_p": 51227194494.314,
    "phase_convention": "exp_plus_i_k_omega_t",
    "pump_mode_policy": "positive_odd_jc",
    "pump_source_mode": 1,
    "pump_freq_ghz": 8.1530612245,
    "nt": 40,
    "pump_current_a": 1.3636730229525828e-05,
    "pump_current_ratio_ic_median": 5.133880835719015,
    "pump_backend": "full"
  },
  "solution_summary": {
    "x_rms": 3.0700034977597746e-15,
    "x_max_abs": 7.0047144691977476e-15,
    "branch_psi_rms": 1.373803247628566e-16,
    "branch_psi_max_abs": 2.596864915271528e-16,
    "branch_i_rms": 1.0596735932634427e-06,
    "branch_i_max_abs": 1.8851102784820824e-06,
    "X_h1_norm": 1.7428393306356013e-13,
    "X_h2_norm": 1.2767827936742819e-15,
    "X_h3_norm": 4.913825632165484e-17,
    "X_h4_norm": 2.2300414840768286e-18,
    "X_h5_norm": 1.7289453765122092e-19,
    "X_h6_norm": 1.3139625469950284e-20,
    "X_h7_norm": 2.0578300329452605e-21,
    "X_h8_norm": 2.8857840749147236e-22,
    "X_h9_norm": 1.1120207331420897e-23,
    "X_h10_norm": 1.7604587940090074e-24
  },
  "reports": [
    {
      "converged": true,
      "source_scale": 1.0,
      "coeff_abs": 1.2336528403193894e-20,
      "coeff_rel": 6.496401500197604e-13,
      "time_abs": 1.9883733578680688e-19,
      "time_rel": 1.6555710926747605e-12,
      "newton_iterations": 3,
      "gmres_iterations_total": 3,
      "factor_runtime_s": 2.067062199988868,
      "runtime_s": 2.7269851000164635,
      "failure_reason": "",
      "preconditioner_assembly_runtime_s": 0.0,
      "preconditioner_numeric_factor_runtime_s": 0.0
    }
  ],
  "final_status": "VALID_CONVERGED"
}