{
  "metadata": {
    "pump_modes": [
      1,
      3,
      5,
      7,
      9,
      11,
      13,
      15,
      17,
      19
    ],
    "pump_basis": "positive_phasor",
    "real_reconstruction_factor": 2,
    "omega_p": 44252474118.46583,
    "phase_convention": "exp_plus_i_k_omega_t",
    "pump_mode_policy": "positive_odd_jc",
    "pump_source_mode": 1,
    "pump_freq_ghz": 7.043,
    "nt": 40,
    "pump_current_a": 7.98348082925704e-06,
    "pump_current_ratio_ic_median": 3.005576743236493,
    "pump_backend": "schur_cpu_mt"
  },
  "solution_summary": {
    "x_rms": 2.058156903891682e-15,
    "x_max_abs": 4.663163211693903e-15,
    "branch_psi_rms": 1.1315551413519104e-16,
    "branch_psi_max_abs": 2.299423651555411e-16,
    "branch_i_rms": 8.79161126764881e-07,
    "branch_i_max_abs": 1.7085184496336958e-06,
    "X_h1_norm": 1.1684295492725363e-13,
    "X_h2_norm": 6.189989758597998e-16,
    "X_h3_norm": 2.0965505655479894e-17,
    "X_h4_norm": 1.4956441075668949e-18,
    "X_h5_norm": 9.216569770962977e-20,
    "X_h6_norm": 3.815626951477976e-21,
    "X_h7_norm": 2.8402046083476773e-22,
    "X_h8_norm": 2.452892285208303e-23,
    "X_h9_norm": 2.0406166241607197e-23,
    "X_h10_norm": 2.0954715503460105e-25
  },
  "reports": [
    {
      "converged": true,
      "source_scale": 1.0,
      "coeff_abs": 2.6198330977530024e-21,
      "coeff_rel": 1.4728353326177974e-13,
      "time_abs": null,
      "time_rel": null,
      "newton_iterations": 2,
      "gmres_iterations_total": 2,
      "factor_runtime_s": 0.16877069999463856,
      "runtime_s": 0.36702979999245144,
      "failure_reason": "",
      "preconditioner_assembly_runtime_s": 0.044992399984039366,
      "preconditioner_numeric_factor_runtime_s": 0.12300320001668297
    }
  ],
  "final_status": "VALID_CONVERGED"
}