{
  "metadata": {
    "pump_modes": [
      1,
      3,
      5,
      7,
      9,
      11,
      13,
      15,
      17,
      19
    ],
    "pump_basis": "positive_phasor",
    "real_reconstruction_factor": 2,
    "omega_p": 44252474118.46583,
    "phase_convention": "exp_plus_i_k_omega_t",
    "pump_mode_policy": "positive_odd_jc",
    "pump_source_mode": 1,
    "pump_freq_ghz": 7.043,
    "nt": 40,
    "pump_current_a": 6.961331040172022e-06,
    "pump_current_ratio_ic_median": 2.6207634393804207,
    "pump_backend": "schur_cpu_mt"
  },
  "solution_summary": {
    "x_rms": 1.7840010949904157e-15,
    "x_max_abs": 3.989968617071728e-15,
    "branch_psi_rms": 9.887189962170485e-17,
    "branch_psi_max_abs": 2.095246634235555e-16,
    "branch_i_rms": 7.745921026148295e-07,
    "branch_i_max_abs": 1.5791335380562071e-06,
    "X_h1_norm": 1.0127951498789282e-13,
    "X_h2_norm": 4.1544504843586477e-16,
    "X_h3_norm": 1.1350509526906384e-17,
    "X_h4_norm": 6.474237637030592e-19,
    "X_h5_norm": 3.7873055876885335e-20,
    "X_h6_norm": 1.2191890032454234e-21,
    "X_h7_norm": 8.483630584155335e-23,
    "X_h8_norm": 7.982798536980471e-24,
    "X_h9_norm": 7.789479177699699e-24,
    "X_h10_norm": 6.541004180062868e-26
  },
  "reports": [
    {
      "converged": true,
      "source_scale": 1.0,
      "coeff_abs": 4.708311122200577e-20,
      "coeff_rel": 3.0356082373602933e-12,
      "time_abs": null,
      "time_rel": null,
      "newton_iterations": 2,
      "gmres_iterations_total": 2,
      "factor_runtime_s": 0.3184970000293106,
      "runtime_s": 0.5727517000050284,
      "failure_reason": "",
      "preconditioner_assembly_runtime_s": 0.12513930001296103,
      "preconditioner_numeric_factor_runtime_s": 0.19206669999402948
    }
  ],
  "final_status": "VALID_CONVERGED"
}