{
  "metadata": {
    "pump_modes": [
      1,
      3,
      5,
      7,
      9,
      11,
      13,
      15,
      17,
      19
    ],
    "pump_basis": "positive_phasor",
    "real_reconstruction_factor": 2,
    "omega_p": 51227194494.314,
    "phase_convention": "exp_plus_i_k_omega_t",
    "pump_mode_policy": "positive_odd_jc",
    "pump_source_mode": 1,
    "pump_freq_ghz": 8.1530612245,
    "nt": 40,
    "pump_current_a": 1.3090620992713979e-05,
    "pump_current_ratio_ic_median": 4.92828464822481,
    "pump_backend": "full"
  },
  "solution_summary": {
    "x_rms": 2.9574601863517073e-15,
    "x_max_abs": 6.7115199892494184e-15,
    "branch_psi_rms": 1.091863897720365e-16,
    "branch_psi_max_abs": 2.1837043719334182e-16,
    "branch_i_rms": 8.525281852800083e-07,
    "branch_i_max_abs": 1.6359640379368953e-06,
    "X_h1_norm": 1.678979596243142e-13,
    "X_h2_norm": 6.873249362689164e-16,
    "X_h3_norm": 1.666782954098514e-17,
    "X_h4_norm": 5.321446408165698e-19,
    "X_h5_norm": 2.4824165890476782e-20,
    "X_h6_norm": 1.2998903587962466e-21,
    "X_h7_norm": 1.3390236332245426e-22,
    "X_h8_norm": 1.4066430612549438e-23,
    "X_h9_norm": 3.489559096782833e-25,
    "X_h10_norm": 3.971946533175173e-26
  },
  "reports": [
    {
      "converged": true,
      "source_scale": 1.0,
      "coeff_abs": 7.18272418218417e-18,
      "coeff_rel": 3.940207422244899e-10,
      "time_abs": 4.542787886470729e-17,
      "time_rel": 3.9402371227472346e-10,
      "newton_iterations": 3,
      "gmres_iterations_total": 3,
      "factor_runtime_s": 2.0433381000475492,
      "runtime_s": 2.8083288999914657,
      "failure_reason": "",
      "preconditioner_assembly_runtime_s": 0.0,
      "preconditioner_numeric_factor_runtime_s": 0.0
    }
  ],
  "final_status": "VALID_CONVERGED"
}