{
  "metadata": {
    "pump_modes": [
      1,
      3,
      5,
      7,
      9,
      11,
      13,
      15,
      17,
      19
    ],
    "pump_basis": "positive_phasor",
    "real_reconstruction_factor": 2,
    "omega_p": 51227194494.314,
    "phase_convention": "exp_plus_i_k_omega_t",
    "pump_mode_policy": "positive_odd_jc",
    "pump_source_mode": 1,
    "pump_freq_ghz": 8.1530612245,
    "nt": 40,
    "pump_current_a": 1.358971187647064e-05,
    "pump_current_ratio_ic_median": 5.116179625999807,
    "pump_backend": "full"
  },
  "solution_summary": {
    "x_rms": 3.0586163662936422e-15,
    "x_max_abs": 6.975546714798131e-15,
    "branch_psi_rms": 1.3676206603855572e-16,
    "branch_psi_max_abs": 2.5927983848445776e-16,
    "branch_i_rms": 1.0554097247244167e-06,
    "branch_i_max_abs": 1.882796568957269e-06,
    "X_h1_norm": 1.736383623449075e-13,
    "X_h2_norm": 1.1462991139702806e-15,
    "X_h3_norm": 4.737578204545071e-17,
    "X_h4_norm": 1.8680643440038073e-18,
    "X_h5_norm": 1.6403978438596807e-19,
    "X_h6_norm": 1.0990848031362923e-20,
    "X_h7_norm": 2.333392591152471e-21,
    "X_h8_norm": 2.2941573946784187e-22,
    "X_h9_norm": 1.0368832003378936e-23,
    "X_h10_norm": 1.3675584093428812e-24
  },
  "reports": [
    {
      "converged": true,
      "source_scale": 1.0,
      "coeff_abs": 1.2578013417742337e-20,
      "coeff_rel": 6.646483771253811e-13,
      "time_abs": 2.0007300085151732e-19,
      "time_rel": 1.6716231824211905e-12,
      "newton_iterations": 3,
      "gmres_iterations_total": 3,
      "factor_runtime_s": 2.222365199995693,
      "runtime_s": 3.261596299998928,
      "failure_reason": "",
      "preconditioner_assembly_runtime_s": 0.0,
      "preconditioner_numeric_factor_runtime_s": 0.0
    }
  ],
  "final_status": "VALID_CONVERGED"
}