{
  "metadata": {
    "pump_modes": [
      1,
      3,
      5,
      7,
      9,
      11,
      13,
      15,
      17,
      19
    ],
    "pump_basis": "positive_phasor",
    "real_reconstruction_factor": 2,
    "omega_p": 51227194494.314,
    "phase_convention": "exp_plus_i_k_omega_t",
    "pump_mode_policy": "positive_odd_jc",
    "pump_source_mode": 1,
    "pump_freq_ghz": 8.1530612245,
    "nt": 40,
    "pump_current_a": 1.398653862768397e-05,
    "pump_current_ratio_ic_median": 5.265574768300397,
    "pump_backend": "full"
  },
  "solution_summary": {
    "x_rms": 3.141984499010679e-15,
    "x_max_abs": 7.192358633704434e-15,
    "branch_psi_rms": 1.4434916181348647e-16,
    "branch_psi_max_abs": 2.477278039966909e-16,
    "branch_i_rms": 1.1102557862556173e-06,
    "branch_i_max_abs": 1.8158825295010823e-06,
    "X_h1_norm": 1.7837237354972023e-13,
    "X_h2_norm": 9.826189362266954e-16,
    "X_h3_norm": 3.791428615462317e-17,
    "X_h4_norm": 1.6881356653983578e-18,
    "X_h5_norm": 1.1685865208446004e-19,
    "X_h6_norm": 8.24650392419972e-21,
    "X_h7_norm": 7.348903210041199e-22,
    "X_h8_norm": 9.413986787142464e-23,
    "X_h9_norm": 8.73913347055427e-24,
    "X_h10_norm": 1.5355550038834574e-24
  },
  "reports": [
    {
      "converged": false,
      "source_scale": 1.0,
      "coeff_abs": 2.990874112105702e-11,
      "coeff_rel": 0.0015355997355665253,
      "time_abs": 1.8915948778176332e-10,
      "time_rel": 0.001535599735566585,
      "newton_iterations": 4,
      "gmres_iterations_total": 4,
      "factor_runtime_s": 2.3286155999521725,
      "runtime_s": 3.8625102999794763,
      "failure_reason": "stalled at Newton 4 (reduction ratio 0.997)",
      "preconditioner_assembly_runtime_s": 0.0,
      "preconditioner_numeric_factor_runtime_s": 0.0
    }
  ],
  "final_status": "FAIL"
}