{
  "metadata": {
    "pump_modes": [
      1,
      3,
      5,
      7,
      9,
      11,
      13,
      15,
      17,
      19
    ],
    "pump_basis": "positive_phasor",
    "real_reconstruction_factor": 2,
    "omega_p": 51227194494.314,
    "phase_convention": "exp_plus_i_k_omega_t",
    "pump_mode_policy": "positive_odd_jc",
    "pump_source_mode": 1,
    "pump_freq_ghz": 8.1530612245,
    "nt": 40,
    "pump_current_a": 1.3387831852355423e-05,
    "pump_current_ratio_ic_median": 5.040176950176862,
    "pump_backend": "full"
  },
  "solution_summary": {
    "x_rms": 3.0079078105592807e-15,
    "x_max_abs": 6.849100786720842e-15,
    "branch_psi_rms": 1.3350891416387728e-16,
    "branch_psi_max_abs": 2.6005558812380427e-16,
    "branch_i_rms": 1.0318312446605585e-06,
    "branch_i_max_abs": 1.8872078137274545e-06,
    "X_h1_norm": 1.7076129105467391e-13,
    "X_h2_norm": 8.386245995006957e-16,
    "X_h3_norm": 3.116396077802396e-17,
    "X_h4_norm": 9.42405218917123e-19,
    "X_h5_norm": 6.069893306727882e-20,
    "X_h6_norm": 3.496934316042557e-21,
    "X_h7_norm": 3.2694903432019314e-22,
    "X_h8_norm": 3.1058329263870265e-23,
    "X_h9_norm": 2.0106917439183482e-24,
    "X_h10_norm": 3.597908476087445e-25
  },
  "reports": [
    {
      "converged": true,
      "source_scale": 1.0,
      "coeff_abs": 8.003857338095044e-19,
      "coeff_rel": 4.293181350193401e-11,
      "time_abs": 5.065276274136305e-18,
      "time_rel": 4.2958888618629734e-11,
      "newton_iterations": 2,
      "gmres_iterations_total": 2,
      "factor_runtime_s": 1.1804277999617625,
      "runtime_s": 1.5597486000042409,
      "failure_reason": "",
      "preconditioner_assembly_runtime_s": 0.0,
      "preconditioner_numeric_factor_runtime_s": 0.0
    }
  ],
  "final_status": "VALID_CONVERGED"
}