{
  "metadata": {
    "pump_modes": [
      1,
      3,
      5,
      7,
      9,
      11,
      13,
      15,
      17,
      19
    ],
    "pump_basis": "positive_phasor",
    "real_reconstruction_factor": 2,
    "omega_p": 51227194494.314,
    "phase_convention": "exp_plus_i_k_omega_t",
    "pump_mode_policy": "positive_odd_jc",
    "pump_source_mode": 1,
    "pump_freq_ghz": 8.1530612245,
    "nt": 40,
    "pump_current_a": 1.40753839070255e-05,
    "pump_current_ratio_ic_median": 5.299022748078423,
    "pump_backend": "full"
  },
  "solution_summary": {
    "x_rms": 3.176918221193741e-15,
    "x_max_abs": 7.262594890782206e-15,
    "branch_psi_rms": 2.4880040172558866e-16,
    "branch_psi_max_abs": 1.0302204794820303e-15,
    "branch_i_rms": 1.44533873569134e-06,
    "branch_i_max_abs": 2.6562225844748033e-06,
    "X_h1_norm": 1.8008587996454498e-13,
    "X_h2_norm": 9.895116898032273e-15,
    "X_h3_norm": 5.110332562561288e-16,
    "X_h4_norm": 1.5512168581331247e-16,
    "X_h5_norm": 3.713000268108681e-17,
    "X_h6_norm": 2.0835257656110403e-17,
    "X_h7_norm": 1.045022372383605e-17,
    "X_h8_norm": 1.762267857084398e-18,
    "X_h9_norm": 1.10055097494808e-18,
    "X_h10_norm": 3.143461922992413e-19
  },
  "reports": [
    {
      "converged": false,
      "source_scale": 1.0,
      "coeff_abs": 4.112925176783347e-08,
      "coeff_rel": 2.098363405695355,
      "time_abs": 2.601242280897212e-07,
      "time_rel": 2.0983634056953546,
      "newton_iterations": 4,
      "gmres_iterations_total": 4,
      "factor_runtime_s": 2.6888980999647174,
      "runtime_s": 4.861610699997982,
      "failure_reason": "stalled at Newton 4 (reduction ratio 0.997)",
      "preconditioner_assembly_runtime_s": 0.0,
      "preconditioner_numeric_factor_runtime_s": 0.0
    }
  ],
  "final_status": "FAIL"
}