{
  "metadata": {
    "pump_modes": [
      1,
      3,
      5,
      7,
      9,
      11,
      13,
      15,
      17,
      19
    ],
    "pump_basis": "positive_phasor",
    "real_reconstruction_factor": 2,
    "omega_p": 51227194494.314,
    "phase_convention": "exp_plus_i_k_omega_t",
    "pump_mode_policy": "positive_odd_jc",
    "pump_source_mode": 1,
    "pump_freq_ghz": 8.1530612245,
    "nt": 40,
    "pump_current_a": 1.3326320352425908e-05,
    "pump_current_ratio_ic_median": 5.017019440616343,
    "pump_backend": "schur_cpu_mt"
  },
  "solution_summary": {
    "x_rms": 1.799896988730292e-15,
    "x_max_abs": 4.1420914603732945e-15,
    "branch_psi_rms": 1.074665889959742e-16,
    "branch_psi_max_abs": 2.25144737389446e-16,
    "branch_i_rms": 8.393013784801724e-07,
    "branch_i_max_abs": 1.6786892121459204e-06,
    "X_h1_norm": 1.021819898017466e-13,
    "X_h2_norm": 4.0700862523574357e-16,
    "X_h3_norm": 1.0909274431379386e-17,
    "X_h4_norm": 4.027663308096285e-19,
    "X_h5_norm": 1.9123928472138666e-20,
    "X_h6_norm": 1.1148844321896495e-21,
    "X_h7_norm": 8.69010050303849e-23,
    "X_h8_norm": 9.016805820916073e-24,
    "X_h9_norm": 4.916074640493788e-25,
    "X_h10_norm": 4.651091966762524e-26
  },
  "reports": [
    {
      "converged": false,
      "source_scale": 1.0,
      "coeff_abs": 5.803017233288749e-09,
      "coeff_rel": 0.1954413561841941,
      "time_abs": null,
      "time_rel": null,
      "newton_iterations": 5,
      "gmres_iterations_total": 5,
      "factor_runtime_s": 0.6749749999435153,
      "runtime_s": 1.4376502000086475,
      "failure_reason": "line search failed at Newton 5",
      "preconditioner_assembly_runtime_s": 0.2000450999767054,
      "preconditioner_numeric_factor_runtime_s": 0.47212899997248314
    },
    {
      "converged": true,
      "source_scale": 0.5,
      "coeff_abs": 2.1885843960674994e-18,
      "coeff_rel": 1.4741982844279234e-10,
      "time_abs": null,
      "time_rel": null,
      "newton_iterations": 13,
      "gmres_iterations_total": 13,
      "factor_runtime_s": 1.7438800999952946,
      "runtime_s": 3.3572435999813024,
      "failure_reason": "",
      "preconditioner_assembly_runtime_s": 0.523252700077137,
      "preconditioner_numeric_factor_runtime_s": 1.2122429999581072
    },
    {
      "converged": false,
      "source_scale": 1.0,
      "coeff_abs": 3.602326693316246e-09,
      "coeff_rel": 0.1213237159320389,
      "time_abs": null,
      "time_rel": null,
      "newton_iterations": 4,
      "gmres_iterations_total": 4,
      "factor_runtime_s": 0.5222999999823514,
      "runtime_s": 1.131079700018745,
      "failure_reason": "stalled at Newton 4 (reduction ratio 1.000)",
      "preconditioner_assembly_runtime_s": 0.18264329998055473,
      "preconditioner_numeric_factor_runtime_s": 0.3374292999797035
    },
    {
      "converged": false,
      "source_scale": 0.75,
      "coeff_abs": 5.627263806332662e-10,
      "coeff_rel": 0.02526961465510118,
      "time_abs": null,
      "time_rel": null,
      "newton_iterations": 5,
      "gmres_iterations_total": 5,
      "factor_runtime_s": 0.6700593999994453,
      "runtime_s": 1.3523691000009421,
      "failure_reason": "stalled at Newton 5 (reduction ratio 0.994)",
      "preconditioner_assembly_runtime_s": 0.22936990001471713,
      "preconditioner_numeric_factor_runtime_s": 0.4378779000544455
    },
    {
      "converged": false,
      "source_scale": 0.625,
      "coeff_abs": 3.887073983639357e-10,
      "coeff_rel": 0.020946207268668922,
      "time_abs": null,
      "time_rel": null,
      "newton_iterations": 4,
      "gmres_iterations_total": 4,
      "factor_runtime_s": 0.4658987000002526,
      "runtime_s": 0.8664092999824788,
      "failure_reason": "stalled at Newton 4 (reduction ratio 0.960)",
      "preconditioner_assembly_runtime_s": 0.142627800029004,
      "preconditioner_numeric_factor_runtime_s": 0.3213050999911502
    },
    {
      "converged": false,
      "source_scale": 0.5625,
      "coeff_abs": 1.5680108783475545e-10,
      "coeff_rel": 0.009388347406368144,
      "time_abs": null,
      "time_rel": null,
      "newton_iterations": 4,
      "gmres_iterations_total": 4,
      "factor_runtime_s": 0.4512605000054464,
      "runtime_s": 0.8902164999744855,
      "failure_reason": "stalled at Newton 4 (reduction ratio 0.963)",
      "preconditioner_assembly_runtime_s": 0.12886029999936,
      "preconditioner_numeric_factor_runtime_s": 0.32060610002372414
    },
    {
      "converged": true,
      "source_scale": 0.05,
      "coeff_abs": 2.474106934670589e-22,
      "coeff_rel": 1.666522070218635e-13,
      "time_abs": null,
      "time_rel": null,
      "newton_iterations": 3,
      "gmres_iterations_total": 3,
      "factor_runtime_s": 0.36802069999976084,
      "runtime_s": 0.6579410999838728,
      "failure_reason": "",
      "preconditioner_assembly_runtime_s": 0.11266970002907328,
      "preconditioner_numeric_factor_runtime_s": 0.25336450003669597
    },
    {
      "converged": true,
      "source_scale": 0.1,
      "coeff_abs": 4.983109332999164e-19,
      "coeff_rel": 1.6782746059562e-10,
      "time_abs": null,
      "time_rel": null,
      "newton_iterations": 3,
      "gmres_iterations_total": 3,
      "factor_runtime_s": 0.3332469000015408,
      "runtime_s": 0.6325208999915048,
      "failure_reason": "",
      "preconditioner_assembly_runtime_s": 0.10189639998134226,
      "preconditioner_numeric_factor_runtime_s": 0.23000909999245778
    },
    {
      "converged": true,
      "source_scale": 0.15,
      "coeff_abs": 1.2307614719759463e-22,
      "coeff_rel": 2.7634094650207973e-14,
      "time_abs": null,
      "time_rel": null,
      "newton_iterations": 3,
      "gmres_iterations_total": 3,
      "factor_runtime_s": 0.36536399999749847,
      "runtime_s": 0.6391014999826439,
      "failure_reason": "",
      "preconditioner_assembly_runtime_s": 0.11490089999279007,
      "preconditioner_numeric_factor_runtime_s": 0.24879840001813136
    },
    {
      "converged": true,
      "source_scale": 0.2,
      "coeff_abs": 1.8618221193564233e-21,
      "coeff_rel": 3.1352400428296627e-13,
      "time_abs": null,
      "time_rel": null,
      "newton_iterations": 3,
      "gmres_iterations_total": 3,
      "factor_runtime_s": 0.4139017999987118,
      "runtime_s": 0.755541299993638,
      "failure_reason": "",
      "preconditioner_assembly_runtime_s": 0.15248769996105693,
      "preconditioner_numeric_factor_runtime_s": 0.2597279000328854
    },
    {
      "converged": true,
      "source_scale": 0.25,
      "coeff_abs": 2.5091754030053945e-18,
      "coeff_rel": 3.380287350202978e-10,
      "time_abs": null,
      "time_rel": null,
      "newton_iterations": 3,
      "gmres_iterations_total": 3,
      "factor_runtime_s": 0.40548160002799705,
      "runtime_s": 0.7345211999781895,
      "failure_reason": "",
      "preconditioner_assembly_runtime_s": 0.11553199999616481,
      "preconditioner_numeric_factor_runtime_s": 0.2880645999975968
    },
    {
      "converged": true,
      "source_scale": 0.3,
      "coeff_abs": 2.8046842225655493e-22,
      "coeff_rel": 3.1486567883007346e-14,
      "time_abs": null,
      "time_rel": null,
      "newton_iterations": 4,
      "gmres_iterations_total": 4,
      "factor_runtime_s": 0.44421279995003715,
      "runtime_s": 0.8265582000021823,
      "failure_reason": "",
      "preconditioner_assembly_runtime_s": 0.12303110002540052,
      "preconditioner_numeric_factor_runtime_s": 0.3195440000272356
    },
    {
      "converged": true,
      "source_scale": 0.35,
      "coeff_abs": 8.163939682692988e-19,
      "coeff_rel": 7.855871125792742e-11,
      "time_abs": null,
      "time_rel": null,
      "newton_iterations": 4,
      "gmres_iterations_total": 4,
      "factor_runtime_s": 0.5604404999758117,
      "runtime_s": 1.0392225999967195,
      "failure_reason": "",
      "preconditioner_assembly_runtime_s": 0.18092220000107773,