{
  "metadata": {
    "pump_modes": [
      1,
      3,
      5,
      7,
      9,
      11,
      13,
      15,
      17,
      19
    ],
    "pump_basis": "positive_phasor",
    "real_reconstruction_factor": 2,
    "omega_p": 51227194494.314,
    "phase_convention": "exp_plus_i_k_omega_t",
    "pump_mode_policy": "positive_odd_jc",
    "pump_source_mode": 1,
    "pump_freq_ghz": 8.1530612245,
    "nt": 40,
    "pump_current_a": 1.323458260839268e-05,
    "pump_current_ratio_ic_median": 4.982482521715904,
    "pump_backend": "full"
  },
  "solution_summary": {
    "x_rms": 2.9884840455834045e-15,
    "x_max_abs": 6.803482539471285e-15,
    "branch_psi_rms": 1.168262213700516e-16,
    "branch_psi_max_abs": 2.258476616025124e-16,
    "branch_i_rms": 9.108736605236113e-07,
    "branch_i_max_abs": 1.6830820983053108e-06,
    "X_h1_norm": 1.6965976985699578e-13,
    "X_h2_norm": 5.423868102579059e-16,
    "X_h3_norm": 1.439210717294052e-17,
    "X_h4_norm": 4.829177286290902e-19,
    "X_h5_norm": 2.2997645884145095e-20,
    "X_h6_norm": 1.2460976909090349e-21,
    "X_h7_norm": 7.022846200599192e-23,
    "X_h8_norm": 4.513416985376567e-24,
    "X_h9_norm": 4.589491645366023e-25,
    "X_h10_norm": 6.684432549812762e-26
  },
  "reports": [
    {
      "converged": false,
      "source_scale": 1.0,
      "coeff_abs": 2.7464341828122816e-11,
      "coeff_rel": 0.0014902155498171348,
      "time_abs": 1.736997492286012e-10,
      "time_rel": 0.001490215549817132,
      "newton_iterations": 4,
      "gmres_iterations_total": 4,
      "factor_runtime_s": 2.416786100016907,
      "runtime_s": 4.113214199984213,
      "failure_reason": "stalled at Newton 4 (reduction ratio 0.965)",
      "preconditioner_assembly_runtime_s": 0.0,
      "preconditioner_numeric_factor_runtime_s": 0.0
    }
  ],
  "final_status": "FAIL"
}