{
  "metadata": {
    "pump_modes": [
      1,
      3,
      5,
      7,
      9,
      11,
      13,
      15,
      17,
      19
    ],
    "pump_basis": "positive_phasor",
    "real_reconstruction_factor": 2,
    "omega_p": 51227194494.314,
    "phase_convention": "exp_plus_i_k_omega_t",
    "pump_mode_policy": "positive_odd_jc",
    "pump_source_mode": 1,
    "pump_freq_ghz": 8.1530612245,
    "nt": 40,
    "pump_current_a": 1.3418693992121986e-05,
    "pump_current_ratio_ic_median": 5.051795758001761,
    "pump_backend": "full"
  },
  "solution_summary": {
    "x_rms": 3.015476708450429e-15,
    "x_max_abs": 6.865878631309684e-15,
    "branch_psi_rms": 1.3391279281845864e-16,
    "branch_psi_max_abs": 2.5640301217281095e-16,
    "branch_i_rms": 1.0347292946150247e-06,
    "branch_i_max_abs": 1.8663465657614261e-06,
    "X_h1_norm": 1.7119066332029905e-13,
    "X_h2_norm": 9.03526504275766e-16,
    "X_h3_norm": 3.192299441127135e-17,
    "X_h4_norm": 1.055677183107916e-18,
    "X_h5_norm": 6.561331416118728e-20,
    "X_h6_norm": 4.106425442336935e-21,
    "X_h7_norm": 3.54168194961531e-22,
    "X_h8_norm": 3.9532038340450576e-23,
    "X_h9_norm": 2.9692766575252996e-24,
    "X_h10_norm": 5.907671810553909e-25
  },
  "reports": [
    {
      "converged": true,
      "source_scale": 1.0,
      "coeff_abs": 3.3338286118471172e-18,
      "coeff_rel": 1.7841163142355946e-10,
      "time_abs": 2.1085791023979756e-17,
      "time_rel": 1.784184644618127e-10,
      "newton_iterations": 2,
      "gmres_iterations_total": 2,
      "factor_runtime_s": 1.1446930000383873,
      "runtime_s": 1.570075999974506,
      "failure_reason": "",
      "preconditioner_assembly_runtime_s": 0.0,
      "preconditioner_numeric_factor_runtime_s": 0.0
    }
  ],
  "final_status": "VALID_CONVERGED"
}