{
  "metadata": {
    "pump_modes": [
      1,
      3,
      5,
      7,
      9,
      11,
      13,
      15,
      17,
      19
    ],
    "pump_basis": "positive_phasor",
    "real_reconstruction_factor": 2,
    "omega_p": 44252474118.46583,
    "phase_convention": "exp_plus_i_k_omega_t",
    "pump_mode_policy": "positive_odd_jc",
    "pump_source_mode": 1,
    "pump_freq_ghz": 7.043,
    "nt": 40,
    "pump_current_a": 7.545574071853678e-06,
    "pump_current_ratio_ic_median": 2.840716027227216,
    "pump_backend": "schur_cpu_mt"
  },
  "solution_summary": {
    "x_rms": 1.942615305450605e-15,
    "x_max_abs": 4.381334886354006e-15,
    "branch_psi_rms": 1.0816116879229955e-16,
    "branch_psi_max_abs": 2.234226568343162e-16,
    "branch_i_rms": 8.426859418883383e-07,
    "branch_i_max_abs": 1.6678948436117695e-06,
    "X_h1_norm": 1.1028408232132526e-13,
    "X_h2_norm": 4.8046040693704e-16,
    "X_h3_norm": 1.4512812735893625e-17,
    "X_h4_norm": 8.928029935772223e-19,
    "X_h5_norm": 5.52298688194666e-20,
    "X_h6_norm": 1.873017213714933e-21,
    "X_h7_norm": 1.2153638775018982e-22,
    "X_h8_norm": 1.0533321036791498e-23,
    "X_h9_norm": 7.355413304659828e-24,
    "X_h10_norm": 6.686892761626788e-26
  },
  "reports": [
    {
      "converged": true,
      "source_scale": 1.0,
      "coeff_abs": 8.303766826377618e-22,
      "coeff_rel": 4.939189798184542e-14,
      "time_abs": null,
      "time_rel": null,
      "newton_iterations": 2,
      "gmres_iterations_total": 2,
      "factor_runtime_s": 0.3001512000046205,
      "runtime_s": 0.577806999994209,
      "failure_reason": "",
      "preconditioner_assembly_runtime_s": 0.10336040001129732,
      "preconditioner_numeric_factor_runtime_s": 0.19498570001451299
    }
  ],
  "final_status": "VALID_CONVERGED"
}