branch_index,delta_k_eff_rad_per_cell,idler_flux_abs,operating_point,pump_flux_abs,signal_flux_abs,start_node,stop_node,theta_rad
0,-0.1835841748349012,1.4591734509586494e-21,zero_signal,6.2727769054195e-17,3.547765603240757e-21,479,480,-0.1531667454850858
1,-0.18543799852380227,1.4494943295378438e-21,zero_signal,6.270869952700918e-17,3.516745093969808e-21,480,481,-0.336750920319987
2,-0.19254470134064028,1.4238143450579017e-21,zero_signal,6.173639271780974e-17,3.4820003875268995e-21,481,482,-0.5240427425326903
3,-0.20670994580065338,1.3872233909201185e-21,zero_signal,5.985868822371746e-17,3.446592817352729e-21,482,483,-0.7218403230012675
4,-0.22860138078170888,1.3460843674574139e-21,zero_signal,5.716067155132141e-17,3.413776717726766e-21,483,484,-0.9374626341339971
5,-0.25904694361979463,1.3066060564011484e-21,zero_signal,5.376104489662066e-17,3.386295497643918e-21,484,485,-1.1790430845646853
6,-0.2988939214150378,1.2740451022799129e-21,zero_signal,4.9815326387364034e-17,3.3661848741795632e-21,485,486,-1.4555565213735864
7,-0.3491048278701069,1.252318304832545e-21,zero_signal,4.552734303961779e-17,3.354876673226638e-21,486,487,-1.776830927394761
8,-0.4105151060880883,1.2437265998985411e-21,zero_signal,4.11679986643019e-17,3.3532775981388255e-21,487,488,-2.1537661771138
9,-0.4815878201888928,1.2487988695450066e-21,zero_signal,3.709712784365596e-17,3.36173973893684e-21,488,489,-2.5978611395709374
10,-0.5528234416461173,1.2663798690755528e-21,zero_signal,3.3772648097661165e-17,3.380034188952965e-21,489,490,-3.1169418174915857
11,-0.6023213362228532,1.2939481650566871e-21,zero_signal,3.17035439543505e-17,3.407401111067888e-21,490,491,-3.703508022863172
12,-0.6053908986913008,1.328052544027112e-21,zero_signal,3.1292607940148114e-17,3.4426248840317564e-21,491,492,-4.321584489937292
13,-0.5573280532273772,1.3647504076274144e-21,zero_signal,3.2625034423893913e-17,3.484054762246957e-21,492,493,-4.914289820245774
14,-0.4797129135804292,1.399924911598161e-21,zero_signal,3.541705600726996e-17,3.529573907671932e-21,493,494,-5.436240596392047
15,-0.4001071282344606,1.4294357233009821e-21,zero_signal,3.9189020068155314e-17,3.5766077058819686e-21,494,495,-5.873715647406632
16,-0.3343295903665173,1.4492715795461957e-21,zero_signal,4.34594143169964e-17,3.622265246402633e-21,495,496,-6.236454852860968
17,-0.2863222201868574,1.455995498389199e-21,zero_signal,4.7827207407332537e-17,3.663617723303167e-21,496,497,-6.542374828139667
18,-0.2545255745799304,1.4475677419568173e-21,zero_signal,5.197654627604579e-17,3.698004315788622e-21,497,498,-6.8090992932346825
19,-0.23606412186688086,1.4242177642469657e-21,zero_signal,5.566172353142116e-17,3.7232216330861864e-21,498,499,-7.051425977299528
20,-0.2282324417541406,1.3888381596642573e-21,zero_signal,5.869558965919962e-17,3.7375544795529334e-21,499,500,-7.281227536968444
21,-0.22866215989156657,1.3466413934599845e-21,zero_signal,6.094276619795266e-17,3.739773262592966e-21,500,501,-7.507890860807809
22,-0.23500497505195428,1.304271951015985e-21,zero_signal,6.231402825824387e-17,3.729270224506449e-21,501,502,-7.738551856751577
23,-0.2446233912306317,1.268707642417785e-21,zero_signal,6.276042784673124e-17,3.706328711112766e-21,502,503,-7.977900810911717
24,-0.254750280103353,1.2460901493832076e-21,zero_signal,6.226835005620608e-17,3.6722935941772325e-21,503,504,-8.22779863921284
25,-0.2633086069026618,1.2405536961062415e-21,zero_signal,6.085710548246301e-17,3.629434765191763e-21,504,505,-8.487401371118423
26,-0.26996618837692044,1.2533304590530034e-21,zero_signal,5.85796139393928e-17,3.5805712338572374e-21,505,506,-8.754415853018164
27,-0.27669030750720136,1.2824977239827242e-21,zero_signal,5.552589515290894e-17,3.5287043434709536e-21,506,507,-9.027333747872264
28,-0.28748269075885435,1.3234916947998213e-21,zero_signal,5.182892970756452e-17,3.4767877548063604e-21,507,508,-9.307796468032567
29,-0.3075324250356948,1.3702259479483839e-21,zero_signal,4.767265045711013e-17,3.4275641054671246e-21,508,509,-9.602299129389973
30,-0.3419953187005511,1.4164379046510367e-21,zero_signal,4.3302414195528374e-17,3.3834065536325756e-21,509,510,-9.922861318103957
31,-0.39389085061498275,1.4567353592122842e-21,zero_signal,3.9038668736007223e-17,3.3462395895434627e-21,510,511,-10.286289766791075
32,-0.45981345369744275,1.4869764998344921e-21,zero_signal,3.529002004804236e-17,3.3176104017974064e-21,511,512,-10.710643019333922
33,-0.5240612896505246,1.5041262667938373e-21,zero_signal,3.254251955042328e-17,3.2988110833843263e-21,512,513,-11.20591667418596
34,-0.5598905751236831,1.5061078427511433e-21,zero_signal,3.1270565875387906e-17,3.290856090053078e-21,513,514,-11.758765598634971
35,-0.5479476738563633,1.4920141183578107e-21,zero_signal,3.174283956831562e-17,3.2942568019155085e-21,514,515,-12.325697824433327
36,-0.49559567137292504,1.462556325401964e-21,zero_signal,3.386000508060664e-17,3.3087647626017375e-21,515,516,-12.854660946347698
37,-0.42922640682373725,1.4203377899546218e-21,zero_signal,3.7215242607954645e-17,3.333319908494875e-21,516,517,-13.316889167179177
38,-0.3712982664800286,1.369720383935699e-21,zero_signal,4.130246141993644e-17,3.36626727053184e-21,517,518,-13.713113759995172
39,-0.3307364561602739,1.3164340329536765e-21,zero_signal,4.56666633682044e-17,3.405673759322206e-21,518,519,-14.059485700139234
40,-0.306775060209846,1.2671736929686812e-21,zero_signal,4.994851626333039e-17,3.4495137093395305e-21,519,520,-14.37458667231572
41,-0.2942128078436168,1.2290995168331453e-21,zero_signal,5.3876458729932195e-17,3.495646934062632e-21,520,521,-14.673035820558926
42,-0.28649859360912444,1.2088505399323235e-21,zero_signal,5.72472869137063e-17,3.5417280651566735e-21,521,522,-14.963012288002954
43,-0.2779262640737059,1.210957881223338e-21,zero_signal,5.990929615308838e-17,3.585258385690677e-21,522,523,-15.246033007777175
44,-0.26543867812444333,1.236286681833806e-21,zero_signal,6.175061696160786e-17,3.623854329029508e-21,523,524,-15.518864816150366
45,-0.24927488526004637,1.2814638773865962e-21,zero_signal,6.269302731445269e-17,3.655588396418691e-21,524,525,-15.776910364026062
46,-0.2321765880180191,1.3396886014610783e-21,zero_signal,6.269139545427207e-17,3.679173863689959e-21,525,526,-16.01741458667046
47,-0.2179482537103592,1.4025254749170375e-21,zero_signal,6.173780282662093e-17,3.693905957820831e-21,526,527,-16.2412635400621
48,-0.2102563242404969,1.4618502615139553e-21,zero_signal,5.986717965171479e-17,3.6994886320239235e-21,527,528,-16.453311094091177
49,-0.21201715775470298,1.511080541469566e-21,zero_signal,5.716031610064347e-17,3.6959273079999696e-21,528,529,-16.661776188543094
50,-0.2254003058875682,1.5453221783112032e-21,zero_signal,5.374256341358924e-17,3.6835247007878404e-21,529,530,-16.877345409600583
51,-0.252314066110479,1.5609246960616022e-21,zero_signal,4.978136096557877e-17,3.6628945475754586e-21,530,531,-17.11257680031823
52,-0.29494906376590535,1.5553324614407637e-21,zero_signal,4.5489126523252066e-17,3.6349512498232495e-21,531,532,-17.38197354182154
53,-0.3554792408178802,1.5276140277806636e-21,zero_signal,4.1136988362765026e-17,3.6009318385844066e-21,532,533,-17.70247492785004
54,-0.4334300269518394,1.4792600130872641e-21,zero_signal,3.707808775488294e-17,3.5624859276678725e-21,533,534,-18.0929320234573
55,-0.519658039938232,1.4145970182074446e-21,zero_signal,3.376309637065709e-17,3.521736669112611e-21,534,535,-18.56933498175372
56,-0.5914226773418942,1.340576933096189e-21,zero_signal,3.17000240272432e-17,3.481150587946238e-21,535,536,-19.132248103333765
57,-0.621558080263986,1.2661773899567717e-21,zero_signal,3.1297855116416607e-17,3.44318183620413e-21,536,537,-19.752180336437508
58,-0.60127094781285,1.2016395567283132e-21,zero_signal,3.264664746794992e-17,3.409877761012238e-21,537,538,-20.375364263861737
59,-0.5467417966738299,1.1573192308193144e-21,zero_signal,3.5457927500231553e-17,3.3827132555192754e-21,538,539,-20.954722232063208
60,-0.47969905021358095,1.1416764556375054e-21,zero_signal,3.9241714723477367e-17,3.3627435443049973e-21,539,540,-21.468847857209397
61,-0.4121310833895251,1.1586237824863302e-21,zero_signal,4.351081104489708e-17,3.350871645386569e-21,540,541,-21.91412033249037
62,-0.3484755787491167,1.2057542143509505e-21,zero_signal,4.786829811903066e-17,3.3479038329919125e-21,541,542,-22.293110023988447
63,-0.2913629527959021,1.2749546125480924e-21,zero_signal,5.200905114838905e-17,3.354262138618151e-21,542,543,-22.611071489988603
64,-0.24303723199313154,1.3550467050379067e-21,zero_signal,5.569637022163651e-17,3.3695695839365502e-21,543,544,-22.87583592958025
65,-0.20485445349938836,1.4347936653723142e-21,zero_signal,5.874320634304418e-17,3.392478086021379e-21,544,545,-23.097145953974866
66,-0.17719876851007932,1.504977552222098e-21,zero_signal,6.100487595150771e-17,3.420908875877726e-21,545,546,-23.285544836579028
67,-0.159819427994492,1.5590674323778034e-21,zero_signal,6.238004032846904e-17,3.4525288154730674e-21,546,547,-23.451543490995025
68,-0.15218556169885744,1.5926904196775129e-21,zero_signal,6.281323555844546e-17,3.485146680150428e-21,547,548,-23.605183692568012
69,-0.1537824900759297,1.6027404583541043e-21,zero_signal,6.22938106170179e-17,3.516879644756355e-21,548,549,-23.75591461439274
70,-0.16438929378217715,1.5870784470131205e-21,zero_signal,6.085087431499349e-17,3.5461719748017994e-21,549,550,-23.91274867271987
71,-0.18436022895095583,1.5451289769626628e-21,zero_signal,5.854785963692099e-17,3.5718012737930835e-21,550,551,-24.084693201957094
72,-0.2149104751175379,1.4788695870255618e-21,zero_signal,5.5480787404759064e-17,3.592908863465369e-21,551,552,-24.281469130621783
73,-0.2582969596700302,1.3935205388336132e-21,zero_signal,5.1782123909959575e-17,3.6090159399502424e-21,552,553,-24.51451415219217
74,-0.3175126871068432,1.2976604277082949e-21,zero_signal,4.763017466353067e-17,3.6200101214842474e-21,553,554,-24.798063049961844
75,-0.3947690691444574,1.202852464886247e-21,zero_signal,4.3263618528779146e-17,3.626134710470305e-21,554,555,-25.149539526405857
76,-0.4879562270433073,1.1227290800224753e-21,zero_signal,3.900024523048973e-17,3.6279966116334345e-21,555,556,-25.58760118825076
77,-0.5853235698280521,1.0710304019423415e-21,zero_signal,3.525290764601448e-17,3.626539698215824e-21,556,557,-26.12545198049247
78,-0.6621652283898403,1.0581220665325134e-21,zero_signal,3.251573265293127e-17,3.62290339931736e-21,557,558,-26.758248327906863
79,-0.6882551271045578,1.0870833824480581e-21,zero_signal,3.126577495034274e-17,3.6181614215611985e-21,558,559,-27.44978243727215
80,-0.649338497856812,1.1523432043597722e-21,zero_signal,3.176281412236301e-17,3.61305639751972e-21,559,560,-28.13475858211598
81,-0.5617806972186532,1.242226112320284e-21,zero_signal,3.389553168091902e-17,3.607885191036395e-21,560,561,-28.748459432985776
82,-0.45850627469328664,1.3430885955529986e-21,zero_signal,3.7255131686449507e-17,3.6025815075233076e-21,561,562,-29.258319976553285
83,-0.3646420781745441,1.4423816502596067e-21,zero_signal,4.134280668192883e-17,3.596876362708386e-21,562,563,-29.66547198237235
84,-0.28998916977844225,1.5299782499799608e-21,zero_signal,4.5710170250230014e-17,3.590367674505877e-21,563,564,-29.987604132902373
85,-0.23491519459609833,1.5982095555035274e-21,zero_signal,4.999768558887241e-17,3.582471751057993e-21,564,565,-30.245450321929233
86,-0.19665974774147088,1.6412924701706275e-21,zero_signal,5.392779380195393e-17,3.5724198556651615e-21,565,566,-30.45743452209457
87,-0.17230127213800905,1.6548815353491381e-21,zero_signal,5.729046618300683e-17,3.559463894284811e-21,566,567,-30.638769817412175
88,-0.159648375816122,1.636238255354924e-21,zero_signal,5.99311984197613e-17,3.543219812101536e-21,567,568,-30.802037066370588
89,-0.15743307687741392,1.5849666426232127e-21,zero_signal,6.174171831690156e-17,3.523872417927227e-21,568,569,-30.95806656904442
90,-0.165417237434065,1.5038598046430273e-21,zero_signal,6.265294327373124e-17,3.502082865316797e-21,569,570,-31.116903220125415
91,-0.18441453452260248,1.3994971989650436e-21,zero_signal,6.263041396097415e-17,3.4787793626063096e-21,570,571,-31.28890104391255
92,-0.21573028665593696,1.2825835037076859e-21,zero_signal,6.167254704711875e-17,3.455128091025686e-21,571,572,-31.48573228917062
93,-0.2592010196151513,1.1680391698431743e-21,zero_signal,5.981187447836099e-17,3.432678474522988e-21,572,573,-31.720361617224423
94,-0.309796456220214,1.0742352012687007e-21,zero_signal,5.711897517198599e-17,3.413354166916298e-21,573,574,-32.00413432840092
95,-0.3564314774813049,1.01982024773505e-21,zero_signal,5.37079374719198e-17,3.3990906991137474e-21,574,575,-32.33995452966485
96,-0.3891909215436442,1.0171236539473245e-21,zero_signal,4.974189947423323e-17,3.3913547273916676e-21,575,576,-32.71699728336353
97,-0.41039247958642733,1.0657838936214045e-21,zero_signal,4.5438870812622596e-17,3.390948925374422e-21,576,577,-33.11833637275214
98,-0.43370515062674997,1.153412599466252e-21,zero_signal,4.1080859292092524e-17,3.3982041074117316e-21,577,578,-33.53778224253639
99,-0.47052319180448166,1.262571758573395e-21,zero_signal,3.7028594432684007e-17,3.4132684933293474e-21,578,579,-33.98574667400564
100,-0.517547203731489,1.3769722070811563e-21,zero_signal,3.3731052179838635e-17,3.436152741657469e-21,579,580,-34.47882862614535
101,-0.5534392334970129,1.4839790986300475e-21,zero_signal,3.1686822087511266e-17,3.466474057426646e-21,580,581,-35.02084108146862
102,-0.5512348376466143,1.574671119746126e-21,zero_signal,3.129677753311821e-17,3.5031376904491405e-21,581,582,-35.585707093139376
103,-0.5031355308710062,1.6428773708684632e-21,zero_signal,3.2652208772936563e-17,3.544243426218851e-21,582,583,-36.123310756761846
104,-0.4283680682235662,1.6840502229671564e-21,zero_signal,3.5471480499798633e-17,3.587312674857549e-21,583,584,-36.59197815488139
105,-0.3533826587136595,1.6945943918624885e-21,zero_signal,3.926687612715922e-17,3.629685408879385e-21,584,585,-36.98004689320898
106,-0.29364136527006934,1.6719697023093293e-21,zero_signal,4.354587315534125e-17,3.668832187482438e-21,585,586,-37.29874347230871
107,-0.25319674466590314,1.6154484661339273e-21,zero_signal,4.790383449299007e-17,3.7024353883069335e-21,586,587,-37.56732962374912
108,-0.2313222316776553,1.5271227515646184e-21,zero_signal,5.203257677211291e-17,3.728315533733972e-21,587,588,-37.805136961640514
109,-0.22704373248135212,1.412801497665394e-21,zero_signal,5.570077139689685e-17,3.744415363811566e-21,588,589,-38.02997408710443
110,-0.24044998390860073,1.2827057656235926e-21,zero_signal,5.8732870951546e-17,3.748981820917861e-21,589,590,-38.25922442660322
111,-0.2710595039013626,1.1520937002365682e-21,zero_signal,6.099423725914498e-17,3.7408890661515166e-21,590,591,-38.51087405492163
112,-0.31254337385840003,1.0416484593106897e-21,zero_signal,6.238435896530514e-17,3.719935450599576e-21,591,592,-38.80134343440594
113,-0.3471416435925434,9.75696281040243e-22,zero_signal,6.283782814937967e-17,3.687008868357845e-21,592,593,-39.13596080263843
114,-0.35347428927703106,9.740754278487313e-22,zero_signal,6.23299216955274e-17,3.644104937977475e-21,593,594,-39.49562672159103
115,-0.328289865343077,1.0394986370503096e-21,zero_signal,6.0881409535496e-17,3.594160663914279e-21,594,595,-39.84290938119249
116,-0.29035325908497,1.1549634069123402e-21,zero_signal,5.855839678049884e-17,3.540639432812981e-21,595,596,-40.152206452277184
117,-0.26011319961391877,1.2950876376051258e-21,zero_signal,5.546769300828469e-17,3.4869526461631396e-21,596,597,-40.42361589936243
118,-0.24749653603439725,1.43702573247124e-21,zero_signal,5.1752839474419274e-17,3.436017211744874e-21,597,598,-40.67243285150502
119,-0.2555700347518908,1.5643382528900799e-21,zero_signal,4.7596958403935736e-17,3.390207483731712e-21,598,599,-40.918608971431226
120,-0.2857024535744088,1.6666896653642924e-21,zero_signal,4.323590851098058e-17,3.3516188029960204e-21,599,600,-41.1835729210088
121,-0.3380633102598267,1.7381719486349735e-21,zero_signal,3.898061850718577e-17,3.3222700123542185e-21,600,601,-41.490013878580044
122,-0.4073813469565266,1.7755398557182315e-21,zero_signal,3.52389979585144e-17,3.303956602930675e-21,601,602,-41.85969954152846
123,-0.47635217359874105,1.7770168585226143e-21,zero_signal,3.250683995563757e-17,3.2978327882936194e-21,602,603,-42.3047765724931
124,-0.517027924152881,1.7419263984620767e-21,zero_signal,3.12681403617913e-17,3.3040688879874358e-21,603,604,-42.81240388872594
125,-0.5105058156912747,1.671041269414359e-21,zero_signal,3.17856596055742e-17,3.3218550647164892e-21,604,605,-43.33883242079886
126,-0.4664037125565166,1.5673479510771079e-21,zero_signal,3.3940336868211054e-17,3.349717294683556e-21,605,606,-43.83341552010849
127,-0.4138292200161118,1.4369286119739653e-21,zero_signal,3.731212802296811e-17,3.38588037367293e-21,606,607,-44.27163984591189
128,-0.37806940481258877,1.2898331221851397e-21,zero_signal,4.139901702606138e-17,3.428439642048073e-21,607,608,-44.66107396014071
129,-0.37071500778719724,1.1411004799126563e-21,zero_signal,4.5759514637007723e-17,3.475317963441001e-21,608,609,-45.02777865553707
130,-0.38862087663340716,1.0120893986438683e-21,zero_signal,5.00441522693084e-17,3.5241768173155815e-21,609,610,-45.402503975715106
131,-0.4097756357054543,9.303778129608188e-22,zero_signal,5.3980091074078977e-17,3.57246604532435e-21,610,611,-45.805020408803884
132,-0.4016501029116064,9.218284744215167e-22,zero_signal,5.735305415766224e-17,3.617643926860815e-21,611,612,-46.222055247126015
133,-0.35389561100441824,9.930627205156037e-22,zero_signal,5.999866597271378e-17,3.657427542723433e-21,612,613,-46.6083206146271
134,-0.28903366497931415,1.1248752801450185e-21,zero_signal,6.180027445806415e-17,3.689917972573654e-21,613,614,-46.92984646913485
135,-0.23234905696355312,1.286900830698864e-21,zero_signal,6.268734367179187e-17,3.713607172706062e-21,614,615,-47.186387944585725
136,-0.19282749281802225,1.4520340283533535e-21,zero_signal,6.263147323296974e-17,3.7274113996493496e-21,615,616,-47.39454458306196
137,-0.16951374003351916,1.6007097720598848e-21,zero_signal,6.164115837291109e-17,3.730798842697553e-21,616,617,-47.57204293022177
138,-0.15974724018704478,1.7202585997773047e-21,zero_signal,5.975812038368766e-17,3.723889921774764e-21,617,618,-47.733572063128996
139,-0.16210449997850773,1.803191622055703e-21,zero_signal,5.70571050912723e-17,3.707381560883771e-21,618,619,-47.89153741059586
140,-0.17680741269623468,1.8455691889569046e-21,zero_signal,5.3649512441489726e-17,3.6823383173114506e-21,619,620,-48.05778106308601
141,-0.20547511655056638,1.8458048611842056e-21,zero_signal,4.9690680252782176e-17,3.650050303564583e-21,620,621,-48.24515223598833
142,-0.2507175549302225,1.8040332469258667e-21,zero_signal,4.539093985255333e-17,3.6120643518699614e-21,621,622,-48.468731296187144
143,-0.3152506695956916,1.7220588491879797e-21,zero_signal,4.1030605544826877e-17,3.570270219882518e-21,622,623,-48.74658734584877
144,-0.39934957584917896,1.603799484353705e-21,zero_signal,3.697659936065487e-17,3.526850371876298e-21,623,624,-49.09923263537853
145,-0.49567801718017535,1.4560494928358409e-21,zero_signal,3.3687076696271065e-17,3.4840592357295105e-21,624,625,-49.54528649754713
146,-0.585701954446904,1.2894712333659682e-21,zero_signal,3.1663396566767594e-17,3.443990132222568e-21,625,626,-50.09058866973888
147,-0.648503714328946,1.1200822150294808e-21,zero_signal,3.129777122227113e-17,3.4084952342044286e-21,626,627,-50.71669040644094
148,-0.6759257672710319,9.716260822433047e-22,zero_signal,3.266963151134464e-17,3.3792482420721423e-21,627,628,-51.38759609839677
149,-0.6634311309505669,8.767093498856576e-22,zero_signal,3.549506363556119e-17,3.3577848936836252e-21,628,629,-52.068541940983
150,-0.596934258463989,8.669344337276162e-22,zero_signal,3.9293006684438224e-17,3.3453911323171766e-21,629,630,-52.714458360297904
151,-0.48378771281315025,9.48312487157839e-22,zero_signal,4.3576507187669554e-17,3.342885475669829e-21,630,631,-53.26241045791098
152,-0.36405259600498496,1.094816447486873e-21,zero_signal,4.793992315933095e-17,3.3504567247984134e-21,631,632,-53.682033785924204
153,-0.26873134495734163,1.2713091635565776e-21,zero_signal,5.206914941808605e-17,3.367641801494447e-21,632,633,-53.99051564992095
154,-0.2025583928168757,1.4498279947588149e-21,zero_signal,5.572697706288279e-17,3.393368141080561e-21,633,634,-54.21949647583889
155,-0.15925430874447954,1.6113292007488092e-21,zero_signal,5.873681748854881e-17,3.425960808608053e-21,634,635,-54.3956324355547
156,-0.13228023479393158,1.7433068565023875e-21,zero_signal,6.097009163826034e-17,3.463167421039753e-21,635,636,-54.53800509332785
157,-0.11724348796554906,1.8375910675912514e-21,zero_signal,6.233743451027728e-17,3.5023654374434905e-21,636,637,-54.660192905142566
158,-0.11165900843244358,1.8888395371392794e-21,zero_signal,6.278344676388843e-17,3.540986329107066e-21,637,638,-54.772492069258945
159,-0.11439932848991674,1.8937201433983276e-21,zero_signal,6.228528708198944e-17,3.57693555744732e-21,638,639,-54.88351092200745
160,-0.12541135051657548,1.8508140967844e-21,zero_signal,6.085524952013747e-17,3.6087305612076204e-21,639,640,-55.00129072623878
161,-0.14581441646462423,1.761143175583833e-21,zero_signal,5.854595339180228e-17,3.635327588968678e-21,640,641,-55.134333623040604
162,-0.1783391272934125,1.6289586144962964e-21,zero_signal,5.545515681451093e-17,3.655889100801874e-21,641,642,-55.29291955916803
163,-0.22805292837989555,1.4623363425798708e-21,zero_signal,5.172792010809958e-17,3.669752203448981e-21,642,643,-55.49101187762743
164,-0.3032093022600044,1.2735527934139731e-21,zero_signal,4.7557560595359154e-17,3.6766192645984944e-21,643,644,-55.74902541592782
165,-0.41457085232750046,1.0801256498838273e-21,zero_signal,4.319085004729058e-17,3.676773061375486e-21,644,645,-56.09743048214744
166,-0.5651711442121545,9.080018977832523e-22,zero_signal,3.8942697284528356e-17,3.6711095617995225e-21,645,646,-56.57816712058282
167,-0.7198002706246633,7.954880402835577e-22,zero_signal,3.5216098853193307e-17,3.660942305126982e-21,646,647,-57.22777277057175
168,-0.8013511506219153,7.831060098815219e-22,zero_signal,3.249793821010743e-17,3.6476968935921815e-21,647,648,-58.017767661832146
169,-0.7715429689541011,8.773473277004361e-22,zero_signal,3.1267747569445946e-17,3.632656664589132e-21,648,649,-58.83047507181558
170,-0.6672172611969174,1.042476097463966e-21,zero_signal,3.179247771409274e-17,3.616842841557866e-21,649,650,-59.56085359974035
171,-0.5386450783870949,1.2368619172433289e-21,zero_signal,3.3959349428182945e-17,3.6010107814101564e-21,650,651,-60.16490959420941
172,-0.41679017011102815,1.4315836870347716e-21,zero_signal,3.7347170299270134e-17,3.5857040611237675e-21,651,652,-60.63814375651454
173,-0.316694822904406,1.6086265569224136e-21,zero_signal,4.144562202520232e-17,3.571325291008433e-21,652,653,-60.99848993443147
174,-0.2413565578223782,1.7565055501910554e-21,zero_signal,4.58058503785471e-17,3.558185665011404e-21,653,654,-61.27153340232335
175,-0.18765816753342435,1.867316527986677e-21,zero_signal,5.0078915112610107e-17,3.5464602092233854e-21,654,655,-61.481203050076225
176,-0.1510938909024233,1.9348746156489073e-21,zero_signal,5.4000979877544467e-17,3.535995557192217e-21,655,656,-61.6468497373902
177,-0.1277624486080846,1.95378182397763e-21,zero_signal,5.736907285224816e-17,3.5260870667494295e-21,656,657,-61.78339083188107
178,-0.11500149244275804,1.9196608827586167e-21,zero_signal,6.002380453917843e-17,3.515541649992393e-21,657,658,-61.90237463460637
179,-0.11174890481299471,1.830574872310187e-21,zero_signal,6.184280205945473e-17,3.503255382110545e-21,658,659,-62.01339381676659
180,-0.11900060182578898,1.6889611252600254e-21,zero_signal,6.274277714712155e-17,3.4890542479351775e-21,659,660,-62.12587244423236
181,-0.14057472980553953,1.5029792596098568e-21,zero_signal,6.268452969083672e-17,3.474111029013053e-21,660,661,-62.251395020418165
182,-0.18453413125375917,1.2868295374011037e-21,zero_signal,6.167487494934221e-17,3.46047374481895e-21,661,662,-62.407021903843436
183,-0.26439877640077114,1.0613898344981726e-21,zero_signal,5.976324256372606e-17,3.450050772095617e-21,662,663,-62.620463282925684
184,-0.3888439974246296,8.58345751911619e-22,zero_signal,5.703579119450212e-17,3.44391771979074e-21,663,664,-62.93581945664498
185,-0.5144965306085574,7.280684706979908e-22,zero_signal,5.361231571024988e-17,3.4424277752790595e-21,664,665,-63.39815127777494
186,-0.5488554165968438,7.259764084544338e-22,zero_signal,4.964990461237445e-17,3.445789413564448e-21,665,666,-63.96481251786209
187,-0.493558619208752,8.514367002639294e-22,zero_signal,4.5354564413389186e-17,3.454433123754022e-21,666,667,-64.49586211096863
188,-0.4448233439333791,1.0478324296705607e-21,zero_signal,4.100000399981333e-17,3.468862258628189e-21,667,668,-64.9519297562796
189,-0.44700058984597035,1.264804690388906e-21,zero_signal,3.694947331537678e-17,3.4892345897449176e-21,668,669,-65.38550879883539
190,-0.4824511623066883,1.4730434251781609e-21,zero_signal,3.366406412114359e-17,3.515097057949245e-21,669,670,-65.84593093597154
191,-0.5150767957814182,1.6560889121384496e-21,zero_signal,3.1652480571498687e-17,3.545458178553935e-21,670,671,-66.35041112344877
192,-0.5114655413348714,1.8043102672027975e-21,zero_signal,3.1309285518673947e-17,3.579055088043668e-21,671,672,-66.87608452753437
193,-0.4626538304539025,1.911794742316514e-21,zero_signal,3.27049485006357e-17,3.614542005591174e-21,672,673,-67.37334220611851
194,-0.3878609088380003,1.9744858959835767e-21,zero_signal,3.55439610861833e-17,3.6504479913539704e-21,673,674,-67.80139218844218
195,-0.31282248278491664,1.9890800249225435e-21,zero_signal,3.934335490846587e-17,3.684984072569272e-21,674,675,-68.14906402379451
196,-0.25225661916667974,1.9528198401535274e-21,zero_signal,4.3623698128101536e-17,3.715925600281971e-21,675,676,-68.42703715401201
197,-0.21013836966280763,1.864269896635082e-21,zero_signal,4.798739313694177e-17,3.740744939628784e-21,676,677,-68.65357726212787
198,-0.18640044431922576,1.7247135679276755e-21,zero_signal,5.212186726588747e-17,3.7569728934353405e-21,677,678,-68.84731389333763
199,-0.1819784810903755,1.5395085367185934e-21,zero_signal,5.578438289487927e-17,3.762599172159493e-21,678,679,-69.02637815076632
200,-0.2024433629326694,1.3191173849160851e-21,zero_signal,5.879034932909361e-17,3.756342875259354e-21,679,680,-69.21127085551838
201,-0.2619269446889163,1.0808417048463313e-21,zero_signal,6.100630496087674e-17,3.737799462135896e-21,680,681,-69.43126487663166
202,-0.37819632977300444,8.545328756958544e-22,zero_signal,6.234430541279036e-17,3.7075646525939575e-21,681,682,-69.73512474489621
203,-0.5110651385616549,6.960160582570594e-22,zero_signal,6.275642677129415e-17,3.667308663392664e-21,682,683,-70.18765753617767
204,-0.5275671320845916,6.824116119771867e-22,zero_signal,6.223022134130742e-17,3.619629720928392e-21,683,684,-70.75725502201952
205,-0.4088428695995958,8.250039421265717e-22,zero_signal,6.078633744698331e-17,3.5676372319063615e-21,684,685,-71.24279180034685
206,-0.2859917021514278,1.0512433081262146e-21,zero_signal,5.847895996783004e-17,3.5144969518868466e-21,685,686,-71.57494076121871
207,-0.22111416442688636,1.298381761240757e-21,zero_signal,5.5399249580046973e-17,3.463211520664919e-21,686,687,-71.8147752046497
208,-0.20109465597360554,1.532239322620062e-21,zero_signal,5.168155509028151e-17,3.4166210607279686e-21,687,688,-72.01716909007249
209,-0.21137717103723475,1.7340666126365587e-21,zero_signal,4.7511872728581066e-17,3.3773769856627483e-21,688,689,-72.21696451659692
210,-0.24598613751139453,1.8931481352925955e-21,zero_signal,4.313851744042765e-17,3.347754575766657e-21,689,690,-72.43992343214695
211,-0.3020967858863912,2.003515608010566e-21,zero_signal,3.888562853194012e-17,3.329422310661293e-21,690,691,-72.7089367916197
212,-0.37314724786547515,2.0620106740561337e-21,zero_signal,3.51656022474217e-17,3.3233361045121904e-21,691,692,-73.04411700391974
213,-0.4416649340251979,2.067085279612055e-21,zero_signal,3.2466396111873065e-17,3.3297642458253256e-21,692,693,-73.45523128735066
214,-0.48041683439409155,2.0184291873470017e-21,zero_signal,3.125833886012561e-17,3.3483268416486335e-21,693,694,-73.92744687197013
215,-0.47124809955895586,1.9173147566069403e-21,zero_signal,3.179772427239387e-17,3.3779877928406028e-21,694,695,-74.41606495613884
216,-0.4240426413731413,1.7672010126351525e-21,zero_signal,3.3970719179211706e-17,3.417058034661257e-21,695,696,-74.86994307108804
217,-0.3688257539735531,1.5741864469779214e-21,zero_signal,3.736304033484033e-17,3.463296396845913e-21,696,697,-75.26415023888512
218,-0.3351131234638203,1.3474724154842597e-21,zero_signal,4.146894726352571e-17,3.514108314572117e-21,697,698,-75.60759457903515
219,-0.3479078457011937,1.1010120263743608e-21,zero_signal,4.583693698369687e-17,3.56674793373227e-21,698,699,-75.93437648581276
220,-0.43423122090155175,8.593876293699628e-22,zero_signal,5.0111084277174627e-17,3.6184286097890076e-21,699,700,-76.30341027043754
221,-0.5718690199950842,6.738346786567699e-22,zero_signal,5.40223743635984e-17,3.666349131564931e-21,700,701,-76.80283892761587
222,-0.6019312855204859,6.329025825788294e-22,zero_signal,5.736957901008014e-17,3.707761387222624e-21,701,702,-77.4471483104277
223,-0.4602818264788553,7.713325141319608e-22,zero_signal,6.000268548432348e-17,3.740216609664726e-21,702,703,-78.00670149865684
224,-0.2973168752272386,1.0110992173940996e-21,zero_signal,6.181121268980974e-17,3.761972432203652e-21,703,704,-78.36771196338542
225,-0.20074625881120056,1.278162181337299e-21,zero_signal,6.271798678624176e-17,3.772327507123437e-21,704,705,-78.60133524911132
226,-0.1512872244919734,1.5335822790973626e-21,zero_signal,6.26788838260642e-17,3.7716076759957296e-21,705,706,-78.76920448100782
227,-0.1275521627361158,1.756489496692175e-21,zero_signal,6.168745937657898e-17,3.7607714978941636e-21,706,707,-78.90390969809526
228,-0.1200008734895377,1.935007107608946e-21,zero_signal,5.978076993665463e-17,3.740926050719547e-21,707,708,-79.02430880648005
229,-0.12505719543295868,2.0622695817949733e-21,zero_signal,5.704199185467691e-17,3.713100807541987e-21,708,709,-79.14391144507434
230,-0.1417895881137241,2.1339789695884e-21,zero_signal,5.3598555082153176e-17,3.678355901552286e-21,709,710,-79.27442319734597
231,-0.17085136448814353,2.1471523454709856e-21,zero_signal,4.9619561313181397e-17,3.638014541395361e-21,710,711,-79.42749062130179
232,-0.21427696075570424,2.1002611185732518e-21,zero_signal,4.5319190173887174e-17,3.593795507154821e-21,711,712,-79.61612592632225
233,-0.27482341041022096,1.9942358588011078e-21,zero_signal,4.0971136639377616e-17,3.54780027348455e-21,712,713,-79.8560445428132
234,-0.3533167723237085,1.8333146447025803e-21,zero_signal,3.693212580109891e-17,3.5024106276091276e-21,713,714,-80.1657727471427
235,-0.4433311134861597,1.6251162679251793e-21,zero_signal,3.3656289911133504e-17,3.460108206062359e-21,714,715,-80.56267808746061
236,-0.5289852325370603,1.380309208402967e-21,zero_signal,3.165142300772266e-17,3.423203990373784e-21,715,716,-81.05243497411502
237,-0.6012875613300679,1.1133496754526814e-21,zero_signal,3.131801036736283e-17,3.393562462285275e-21,716,717,-81.62064855253473
238,-0.6906411230534175,8.476088803703954e-22,zero_signal,3.2730903889170146e-17,3.3724923878477294e-21,717,718,-82.25501009677515
239,-0.8182393277474276,6.332437341696986e-22,zero_signal,3.5589559936959236e-17,3.36088101782676e-21,718,719,-83.00193079864157
240,-0.8177661621892511,5.721995958335873e-22,zero_signal,3.9400796339157437e-17,3.359408690706355e-21,719,720,-83.89148875227
241,-0.6030157390945305,7.168965698930715e-22,zero_signal,4.367994908679456e-17,3.368546489215468e-21,720,721,-84.63746312302007
242,-0.3725866146886716,9.73002026758959e-22,zero_signal,4.80338655426922e-17,3.388210312369746e-21,721,722,-85.09752023045907
243,-0.23833432111970865,1.2563615586661105e-21,zero_signal,5.2160404643219605e-17,3.4173133061952796e-21,722,723,-85.38263635239741
244,-0.1646933425000583,1.527160024947529e-21,zero_signal,5.582490867742458e-17,3.45366141330663e-21,723,724,-85.57418887269849
245,-0.12167782874650612,1.7647096691322303e-21,zero_signal,5.884205058493755e-17,3.494417203649825e-21,724,725,-85.71202303739753
246,-0.0961800773625967,1.9569958194553933e-21,zero_signal,6.106916049325328e-17,3.536868408344563e-21,725,726,-85.8175445301915
247,-0.08254185843222928,2.0967311128699956e-21,zero_signal,6.240726141887929e-17,3.5789381373761705e-21,726,727,-85.90438319212272
248,-0.07806240324246971,2.1789441009148003e-21,zero_signal,6.28031054191122e-17,3.619087417382977e-21,727,728,-85.98262824705596
249,-0.08130053487673194,2.1996537159618985e-21,zero_signal,6.224763678981976e-17,3.6558160176013175e-21,728,729,-86.06050799860766
250,-0.09164285527912597,2.15605873925045e-21,zero_signal,6.077100004112813e-17,3.687326348247728e-21,729,730,-86.14522931680942
251,-0.10949494934949655,2.0478758793763836e-21,zero_signal,5.843759151769002e-17,3.711726015707188e-21,730,731,-86.24379370916591
252,-0.13687494332138783,1.8786736141651533e-21,zero_signal,5.534470296559825e-17,3.7276136499829105e-21,731,732,-86.36421921550841
253,-0.17854099996909412,1.6562618212299973e-21,zero_signal,5.1626387962754463e-17,3.734551134935646e-21,732,733,-86.51754359580869
254,-0.24445214495820267,1.3922254959302863e-21,zero_signal,4.746277265201389e-17,3.733073352578933e-21,733,734,-86.7213012154466
255,-0.35656561681126675,1.101935117035647e-21,zero_signal,4.309479585767656e-17,3.7243149093496185e-21,734,735,-87.0064478857251
256,-0.5659022492280315,8.084971851047194e-22,zero_signal,3.8843347061895423e-17,3.709599958992828e-21,735,736,-87.43443244906913
257,-0.8989677911806169,5.621527492992337e-22,zero_signal,3.5125027662812157e-17,3.690251223045744e-21,736,737,-88.13825238418116
258,-1.068057244448859,4.861549287052556e-22,zero_signal,3.24362202886091e-17,3.6676091294021116e-21,737,738,-89.23236803143037
259,-0.8964731105855606,6.514765861139493e-22,zero_signal,3.125015962778219e-17,3.643093813369845e-21,738,739,-90.27436687307888
260,-0.6564619651118733,9.289060349851407e-22,zero_signal,3.181425130908313e-17,3.6181839207247106e-21,739,740,-91.02531425260149
261,-0.4928881775967966,1.2272455584920919e-21,zero_signal,3.4002655081032446e-17,3.594302603668321e-21,740,741,-91.58729080330262
262,-0.36945354812870335,1.5111130525688694e-21,zero_signal,3.7398959649226864e-17,3.57264998488348e-21,741,742,-92.01109060779508
263,-0.2738861950578553,1.762658224390531e-21,zero_signal,4.1504399949233047e-17,3.554010460917793e-21,742,743,-92.32619789956003
264,-0.2026128139008918,1.9703811362706253e-21,zero_signal,4.587403469160703e-17,3.5385919672452535e-21,743,744,-92.5588629979108
265,-0.151306329870863,2.1258452555049247e-21,zero_signal,5.0152220834654515e-17,3.52602804105755e-21,744,745,-92.73142352736181
266,-0.11554885673113802,2.2222990441758012e-21,zero_signal,5.4064656134063366e-17,3.515655712207391e-21,745,746,-92.86147565765252
267,-0.09178986882727713,2.25424575623271e-21,zero_signal,5.740363204065593e-17,3.506979136644818e-21,746,747,-92.96252124082409
268,-0.07756738219224246,2.2178831973432133e-21,zero_signal,6.001615263292587e-17,3.499996216929121e-21,747,748,-93.04505539530707
269,-0.07155521859601066,2.112123119881214e-21,zero_signal,6.17950935007167e-17,3.4951093161957894e-21,748,749,-93.11765600520857
270,-0.07385143951430706,1.939618982762883e-21,zero_signal,6.267259161546558e-17,3.49271632125597e-21,749,750,-93.1881658324991
271,-0.08687832131216311,1.7072922953426095e-21,zero_signal,6.26155331020187e-17,3.492900028918105e-21,750,751,-93.26535888423719
272,-0.11795668852221297,1.4262871296004493e-21,zero_signal,6.162356994074153e-17,3.495499319163216e-21,751,752,-93.36192247512342
273,-0.18813927850609957,1.112151955730685e-21,zero_signal,5.973029033152086e-17,3.500399868512636e-21,752,753,-93.50127226128161
274,-0.363846125676794,7.884922044441774e-22,zero_signal,5.700747654862724e-17,3.507676445128637e-21,753,754,-93.73820103213562
275,-0.7154975286526906,5.09131980177308e-22,zero_signal,5.3570981067968346e-17,3.517471859963685e-21,754,755,-94.2289645126352
276,-0.8552435560889222,4.320379445246201e-22,zero_signal,4.9586343851573675e-17,3.529831374597304e-21,755,756,-95.169196089441
277,-0.6158981245023085,6.382216945728971e-22,zero_signal,4.5274378149231904e-17,3.544714382132301e-21,756,757,-95.93945162481305
278,-0.4272833740671871,9.439828955814596e-22,zero_signal,4.092015394613376e-17,3.5621424806606e-21,757,758,-96.40099233844562
279,-0.4057114845191805,1.2561553460446392e-21,zero_signal,3.6887763180043894e-17,3.582265526297216e-21,758,759,-96.79401837294742
280,-0.4427997926290246,1.5446913973895236e-21,zero_signal,3.36291562491254e-17,3.605206994578161e-21,759,760,-97.21241530748398
281,-0.4801077856524074,1.795533895542057e-21,zero_signal,3.164246404940186e-17,3.630763801334116e-21,760,761,-97.67961795820547
282,-0.4804631823903307,2.000261361279363e-21,zero_signal,3.132025928204986e-17,3.658175845925728e-21,761,762,-98.1726308787888
283,-0.4340774146871098,2.1528938270482506e-21,zero_signal,3.2739088775232345e-17,3.686139369556393e-21,762,763,-98.64054432298613
284,-0.3600002768920092,2.248387071644164e-21,zero_signal,3.5605588242753483e-17,3.7130507231746865e-21,763,764,-99.04078570816301
285,-0.2841625667488543,2.28217741281989e-21,zero_signal,3.9428844438664926e-17,3.737281074547317e-21,764,765,-99.36054487677015
286,-0.22129195476131258,2.2506761712089622e-21,zero_signal,4.371859902105139e-17,3.757265550823386e-21,765,766,-99.60911084166072
287,-0.17487578942543536,2.1523305940507197e-21,zero_signal,4.807373576123714e-17,3.771384814483608e-21,766,767,-99.80312878629277
288,-0.14386673242627523,1.9886468751097576e-21,zero_signal,5.2189174372081884e-17,3.777861372505227e-21,767,768,-99.9588624205116
289,-0.12765326889397244,1.7646588452018973e-21,zero_signal,5.58360317131126e-17,3.774933423121924e-21,768,769,-100.09086225114532
290,-0.1297010396020255,1.488741348046629e-21,zero_signal,5.884055592320934e-17,3.76132464629818e-21,769,770,-100.21416895829954
291,-0.16548852367808564,1.1724885418554976e-21,zero_signal,6.106934677158208e-17,3.736733136901371e-21,770,771,-100.35026433034938
292,-0.2973323927258704,8.333817233831746e-22,zero_signal,6.24229663671164e-17,3.702037535024002e-21,771,772,-100.54514600565571
293,-0.6770640616266661,5.133175732230613e-22,zero_signal,6.283749215081794e-17,3.659175227486724e-21,772,773,-100.94492911580112
294,-0.875366872448808,3.7876885968644684e-22,zero_signal,6.229034663862229e-17,3.610861977629604e-21,773,774,-101.89927412890904
295,-0.5619765300860848,5.99829152727416e-22,zero_signal,6.080471863280768e-17,3.560277277213006e-21,774,775,-102.69566286069873
296,-0.25826376176824795,9.439977606995145e-22,zero_signal,5.844874356426697e-17,3.510714381817836e-21,775,776,-103.02322718908121
297,-0.17181583969970404,1.291459339651973e-21,zero_signal,5.533061712632747e-17,3.4652369074875515e-21,776,777,-103.21219038423523
298,-0.15687809629122285,1.6076900694263728e-21,zero_signal,5.159502076273785e-17,3.42649226385333e-21,777,778,-103.36685886848062
299,-0.1733620023834206,1.876875874733026e-21,zero_signal,4.742663985123482e-17,3.396743712363895e-21,778,779,-103.52594657681767
300,-0.21270191421343299,2.0905656636078086e-21,zero_signal,4.30637626168464e-17,3.377942628309346e-21,779,780,-103.71358287324746
301,-0.27259321488187993,2.2441572029298705e-21,zero_signal,3.88206570631838e-17,3.371591141750707e-21,780,781,-103.95135040524454
302,-0.34671982256709555,2.334826736504857e-21,zero_signal,3.5108933099028616e-17,3.3783813096081398e-21,781,782,-104.25876930301122
303,-0.41679934997033996,2.3604802046542554e-21,zero_signal,3.242633425979847e-17,3.397891698294015e-21,782,783,-104.64479005037873
304,-0.4543137769405732,2.3197729728108727e-21,zero_signal,3.125265513795853e-17,3.428641058256452e-21,783,784,-105.0923680029519
305,-0.4407576358193239,2.2128633333567673e-21,zero_signal,3.1837920607439126e-17,3.4685114852775225e-21,784,785,-105.55341760425988
306,-0.3863868828431407,2.0422754330411508e-21,zero_signal,3.404845238975357e-17,3.515242476023663e-21,785,786,-105.97388327459055
307,-0.3202645297977611,1.813291001128839e-21,zero_signal,3.745691626619242e-17,3.566644278292417e-21,786,787,-106.32619136994616
308,-0.26861363111984815,1.5336817681876653e-21,zero_signal,4.15616927611715e-17,3.6204222975911496e-21,787,788,-106.61441233418607
309,-0.2531868351876554,1.2133274242301172e-21,zero_signal,4.5924594365085215e-17,3.673846804923091e-21,788,789,-106.86341863218586
310,-0.3274559237932664,8.657352248461365e-22,zero_signal,5.019936404185261e-17,3.723670999727085e-21,789,790,-107.12078600456138
311,-0.7015268489474167,5.208034708213312e-22,zero_signal,5.411578973911128e-17,3.766534364336208e-21,790,791,-107.51833047977239
312,-0.9941904817074487,3.2244429088165414e-22,zero_signal,5.746205141464487e-17,3.799678122364367e-21,791,792,-108.52383970245621
313,-0.6654438350841829,5.329383919879615e-22,zero_signal,6.007624926916474e-17,3.821484334627193e-21,792,793,-109.50671144318729
314,-0.2598865320541748,8.970277182772337e-22,zero_signal,6.184393339857114e-17,3.8314617199158636e-21,793,794,-109.85472737262458
315,-0.14348465988697257,1.2681945179159319e-21,zero_signal,6.269614796681499e-17,3.829785842574847e-21,794,795,-110.02648450729563
316,-0.10421447646954363,1.6099857576977882e-21,zero_signal,6.260553093032765e-17,3.816876574990684e-21,795,796,-110.14169669239853
317,-0.0897854143882526,1.9043192614559646e-21,zero_signal,6.158153074056063e-17,3.793364649029866e-21,796,797,-110.23491346023472
318,-0.08784722880087514,2.1400551745095308e-21,zero_signal,5.966707407862659e-17,3.760342361326922e-21,797,798,-110.32126752117503
319,-0.09535310354751658,2.310534717403465e-21,zero_signal,5.693829845000184e-17,3.7195454681889405e-21,798,799,-110.41060791783647
320,-0.11248673411875387,2.4120673648417114e-21,zero_signal,5.35079870257362e-17,3.673281897569391e-21,799,800,-110.51197372827006
321,-0.14098038386791956,2.4427672988396544e-21,zero_signal,4.9532966890877246e-17,3.624191004526119e-21,800,801,-110.63558138607398
322,-0.1833635304628558,2.4020747906105347e-21,zero_signal,4.5225630556476375e-17,3.574968491244044e-21,801,802,-110.7939344960059
323,-0.2419041774881734,2.2910587613253087e-21,zero_signal,4.0869355249057055e-17,3.5281074524652495e-21,802,803,-111.00230844699969
324,-0.31583739291805557,2.113082803511407e-21,zero_signal,3.6835014041022666e-17,3.485697858359316e-21,803,804,-111.27774285098225
325,-0.3961466037505872,1.8741806861720143e-21,zero_signal,3.35842607418601e-17,3.449380863782734e-21,804,805,-111.6339832328358
326,-0.4633422789956967,1.5828053811287376e-21,zero_signal,3.161800921398214e-17,3.4205060974225595e-21,805,806,-112.07003605848342
327,-0.503482360831498,1.2493650415219313e-21,zero_signal,3.1319866317121933e-17,3.40036199194348e-21,806,807,-112.5606677908272
328,-0.5590502246059117,8.871283890434373e-22,zero_signal,3.2754378210322514e-17,3.390226121778676e-21,807,808,-113.07700078014642
329,-0.9016454669246414,5.215408722187864e-22,zero_signal,3.5625982097706917e-17,3.391094665606622e-21,808,809,-113.67876824003902
330,-1.2248410982062268,2.8075403357521875e-22,zero_signal,3.945060420611439e-17,3.403236642799321e-21,809,810,-114.8802917139957
331,-0.8410207586018998,4.873415348102569e-22,zero_signal,4.3743934915209616e-17,3.425909985588618e-21,810,811,-116.12845043645147
332,-0.32612923917908887,8.590342541731138e-22,zero_signal,4.810430064029136e-17,3.457470145435091e-21,811,812,-116.5623332311995
333,-0.17865743589241134,1.2356026283154245e-21,zero_signal,5.2220835496296917e-17,3.495782881152556e-21,812,813,-116.78070891480965
334,-0.11893207150389884,1.5848737473020512e-21,zero_signal,5.585851520316747e-17,3.5386210826896135e-21,813,814,-116.91964810298433
335,-0.08764792543033906,1.8908039602017263e-21,zero_signal,5.884230783954161e-17,3.5837985148070935e-21,814,815,-117.01857305781745
336,-0.0701214524600644,2.1421249277169645e-21,zero_signal,6.104505413745145e-17,3.629088218079443e-21,815,816,-117.094943953845
337,-0.061121815032315396,2.330339211167134e-21,zero_signal,6.237880507515512e-17,3.672187654314774e-21,816,817,-117.15881596273758
338,-0.05843211582982377,2.448951392757831e-21,zero_signal,6.278940584945969e-17,3.710908022256997e-21,817,818,-117.21718758390963
339,-0.06108048963218238,2.4931955407284288e-21,zero_signal,6.22550547870812e-17,3.743480603425758e-21,818,819,-117.27568019439722
340,-0.06883662877333308,2.460395315375163e-21,zero_signal,6.078922392953086e-17,3.768712845163577e-21,819,820,-117.339348563174
341,-0.08225124063430655,2.3508563885456012e-21,zero_signal,5.844625919753311e-17,3.785876699981132e-21,820,821,-117.41335345194389
342,-0.10293286024545267,2.168648178063376e-21,zero_signal,5.532618939033928e-17,3.794496532469453e-21,821,822,-117.50385104444261
343,-0.1339622473989479,1.921493002607324e-21,zero_signal,5.1576466890159484e-17,3.79429645699228e-21,822,823,-117.6192191724348
344,-0.18078586294951293,1.6196075959524104e-21,zero_signal,4.7392610151613035e-17,3.78537390608208e-21,823,824,-117.77177553924051
345,-0.25455986101206207,1.274302350162464e-21,zero_signal,4.30236399896826e-17,3.768417819429309e-21,824,825,-117.98079089833382
346,-0.3933965159677939,8.978432416886744e-22,zero_signal,3.878734676298257e-17,3.744747582112923e-21,825,826,-118.28089526126463
347,-0.9077009685135167,5.087008547268561e-22,zero_signal,3.509024228460658e-17,3.716122870414038e-21,826,827,-118.76758393026941
348,-1.5353226363165078,2.0709664022005159e-22,zero_signal,3.242131672646865e-17,3.684463372996717e-21,827,828,-120.09629719829167
349,-1.217000047209524,4.309392236710288e-22,zero_signal,3.125614579450512e-17,3.651648123806054e-21,828,829,-121.83822920290243
350,-0.5888864150491528,8.214797914497326e-22,zero_signal,3.1849032208664064e-17,3.619447115194454e-21,829,830,-122.53029729271071
351,-0.42583040785505233,1.2071301356933318e-21,zero_signal,3.4072404829702966e-17,3.589513694988241e-21,830,831,-123.01600203300073
352,-0.3179537239542398,1.563751330334547e-21,zero_signal,3.749746999656445e-17,3.563344011381473e-21,831,832,-123.38195810842082
353,-0.232942375091433,1.878722042886203e-21,zero_signal,4.161413278028653e-17,3.542172064861259e-21,832,833,-123.65190948090921
354,-0.1688812683901304,2.1426352319023394e-21,zero_signal,4.597701937337296e-17,3.5268252371464204e-21,833,834,-123.84784285860368
355,-0.1226978553967939,2.3474433580601362e-21,zero_signal,5.024081261686771e-17,3.517576153769698e-21,834,835,-123.98967201768947
356,-0.09028340337024332,2.4854069704748436e-21,zero_signal,5.414441532260263e-17,3.51404521936037e-21,835,836,-124.09323856939727
357,-0.06789396397314817,2.548909582581573e-21,zero_signal,5.748666934911584e-17,3.51526749119423e-21,836,837,-124.17023882442996
358,-0.052757785322377515,2.531576057403298e-21,zero_signal,6.010954080201929e-17,3.5200350465352256e-21,837,838,-124.22902649734357
359,-0.04330114446288036,2.4304086272647705e-21,zero_signal,6.189222243766262e-17,3.527429880599946e-21,838,839,-124.27575439507471
360,-0.03917204620520209,2.247717854135912e-21,zero_signal,6.27535577424826e-17,3.537180897160814e-21,839,840,-124.31562878626933
361,-0.0411895649759515,1.9914458251174484e-21,zero_signal,6.265675130736527e-17,3.5494807135477336e-21,840,841,-124.35409848748512
362,-0.0516753132891381,1.6735131386533687e-21,zero_signal,6.161064628381457e-17,3.564357987671169e-21,841,842,-124.39800791622123
363,-0.07694032036830833,1.3073365617445913e-21,zero_signal,5.966599490748813e-17,3.581192287553084e-21,842,843,-124.4574491140634
364,-0.14524518230367534,9.063964891501258e-22,zero_signal,5.690987883250291e-17,3.598868211607131e-21,843,844,-124.55188855695785
365,-0.6898379254846176,4.86449243724972e-22,zero_signal,5.346320066235269e-17,3.616430928217109e-21,844,845,-124.74793947867074
366,-1.4071236042005495,1.3151172883918426e-22,zero_signal,4.948468774202859e-17,3.633619768392733e-21,845,846,-125.93156440792708
367,-0.9883426575704704,4.308307756781403e-22,zero_signal,4.5182552951122e-17,3.650812869951869e-21,846,847,-127.56218668707184
368,-0.3298726857831795,8.475367000572945e-22,zero_signal,4.083331046940954e-17,3.668489831449266e-21,847,848,-127.90824972306802
369,-0.34112508751799453,1.24420737645021e-21,zero_signal,3.680365085071428e-17,3.6867211395249594e-21,848,849,-128.2219320586382
370,-0.4004685606780356,1.6041363701734255e-21,zero_signal,3.355784574496546e-17,3.705096554883864e-21,849,850,-128.590499898104
371,-0.4484272616446958,1.9168674262185042e-21,zero_signal,3.160416146879621e-17,3.723071773449777e-21,850,851,-129.02286917999427
372,-0.45296685786016155,2.1749752394168398e-21,zero_signal,3.1328636484161e-17,3.740348790742485e-21,851,852,-129.4873544213934
373,-0.40817641854390274,2.372913147089698e-21,zero_signal,3.2786946071644373e-17,3.756897302871992e-21,852,853,-129.9288028957146
374,-0.3351346906835744,2.5058195795424237e-21,zero_signal,3.5672110601986066e-17,3.7725489328802155e-21,853,854,-130.3037072584812
375,-0.2597924424555771,2.5687780299846968e-21,zero_signal,3.949811331484764e-17,3.786473964394085e-21,854,855,-130.59907227708175
376,-0.19618895565314176,2.5571165783290553e-21,zero_signal,4.378773134393334e-17,3.7969773484105954e-21,855,856,-130.82329214339237
377,-0.1472069121286097,2.467717659664831e-21,zero_signal,4.814690660151374e-17,3.801828439601606e-21,856,857,-130.99145018838803
378,-0.11102269697265399,2.3005779161428175e-21,zero_signal,5.226646337004953e-17,3.798946026606038e-21,857,858,-131.11770596764958
379,-0.08527641922462692,2.059631611657518e-21,zero_signal,5.590665940890097e-17,3.787025291433151e-21,858,859,-131.21349558233334
380,-0.06888117489602053,1.7523829983995825e-21,zero_signal,5.888531710453927e-17,3.7658128437731886e-21,859,860,-131.28825880609884
381,-0.06368737641037114,1.3887904254324813e-21,zero_signal,6.107064267884451e-17,3.736052991126145e-21,860,861,-131.35125793212538
382,-0.0838305704914859,9.803803209584131e-22,zero_signal,6.237578504466837e-17,3.699294386980568e-21,861,862,-131.41563355891958
383,-0.420233033658306,5.407755738716127e-22,zero_signal,6.275380874221562e-17,3.657657198349425e-21,862,863,-131.51891907310835
384,-1.4222189648180432,1.106341190990366e-22,zero_signal,6.219348147380905e-17,3.6135644764992426e-21,863,864,-132.2560996262362
385,-1.1313829126055168,4.0337217750051104e-22,zero_signal,6.071680784411732e-17,3.5695182157282555e-21,864,865,-134.36335700274444
386,-0.12340182777867881,8.538164302351796e-22,zero_signal,5.837922405242763e-17,3.528056916899047e-21,865,866,-134.51886545144723
387,-0.0931206119523722,1.279835328371329e-21,zero_signal,5.527308657525496e-17,3.4918396545248256e-21,866,867,-134.6101606583018
388,-0.10708172668046245,1.6640319764420275e-21,zero_signal,5.153428782499753e-17,3.463569723623262e-21,867,868,-134.70510667535197
389,-0.13950209927504886,1.9938856956577904e-21,zero_signal,4.735109873700545e-17,3.4455869190385545e-21,868,869,-134.82432411166272
390,-0.18857251860728752,2.2606360450489778e-21,zero_signal,4.2974904987318096e-17,3.4393497914915084e-21,869,870,-134.98411087390207
391,-0.2540509130763695,2.458707537190254e-21,zero_signal,3.8733503394653255e-17,3.445212225086391e-21,870,871,-135.2014691488773
392,-0.33030742684383085,2.5846362727415724e-21,zero_signal,3.5042945442259205e-17,3.462644903078678e-21,871,872,-135.4922127000548
393,-0.3998418895672984,2.6361758672169986e-21,zero_signal,3.2392872851124055e-17,3.490659688462709e-21,872,873,-135.86208400256496
394,-0.4353122400905818,2.6121529681491907e-21,zero_signal,3.124921302998324e-17,3.5280653722618906e-21,873,874,-136.2918964791894
395,-0.4188843709616208,2.51297637226139e-21,zero_signal,3.185563739788344e-17,3.573390655807978e-21,874,875,-136.73270848274612
396,-0.3601279705524263,2.341187105972125e-21,zero_signal,3.40839796133217e-17,3.624620032629279e-21,875,876,-137.12966522111265
397,-0.28616478552144997,2.1014941912783772e-21,zero_signal,3.7512853897467614e-17,3.679036452652265e-21,876,877,-137.45296442385097
398,-0.21917478011235403,1.8002517202749588e-21,zero_signal,4.1637036349975764e-17,3.733363919861792e-21,877,878,-137.70199479215555
399,-0.16904552628491842,1.44483518643153e-21,zero_signal,4.600845794713025e-17,3.784163349535991e-21,878,879,-137.89131398407568
400,-0.14181475418168077,1.0434869689342134e-21,zero_signal,5.027448389944548e-17,3.828256463345592e-21,879,880,-138.04008584472538
401,-0.22283630009911803,6.059588879480611e-22,zero_signal,5.416860005921097e-17,3.862977125559549e-21,880,881,-138.17494349243904
402,-1.5434912927944566,1.4782015742260067e-22,zero_signal,5.749157332989278e-17,3.8862460006379055e-21,881,882,-138.48575844492362
403,-1.4544851398408554,3.3569980563612256e-22,zero_signal,6.009508708092927e-17,3.896635305588054e-21,882,883,-141.26192607802795
404,-0.10102964269846382,8.022786768290069e-22,zero_signal,6.187001460071785e-17,3.8935470123558955e-21,883,884,-141.39472872460533
405,-0.062028981158888996,1.2469932213524859e-21,zero_signal,6.274025132590163e-17,3.87740891115903e-21,884,885,-141.46398536342488
406,-0.052813252649286824,1.6526206239225691e-21,zero_signal,6.266285455155816e-17,3.849662058912324e-21,885,886,-141.5187866869231
407,-0.05211292347462404,2.0056731058823594e-21,zero_signal,6.163312382330763e-17,3.812456286153463e-21,886,887,-141.56961186872346
408,-0.0579004971684185,2.29614274240523e-21,zero_signal,5.969041219465944e-17,3.768235058890403e-21,887,888,-141.62301253387236
409,-0.07047195270516227,2.5166434676713193e-21,zero_signal,5.692021427773529e-17,3.719457900738781e-21,888,889,-141.6854128630603
410,-0.09080284252243587,2.66128049964577e-21,zero_signal,5.3451801765440545e-17,3.668519442723283e-21,889,890,-141.76395643928268
411,-0.12050991242320208,2.725355634644397e-21,zero_signal,4.9455732482258664e-17,3.617748909228674e-21,890,891,-141.86701854810516
412,-0.16197350305962743,2.7062081216190284e-21,zero_signal,4.51479015492446e-17,3.5694019347741805e-21,891,892,-142.00497626412908
413,-0.21759754576083878,2.604426097771006e-21,zero_signal,4.080464667957284e-17,3.5256550055281994e-21,892,893,-142.19096555422442
414,-0.2867294062747874,2.4243638251200114e-21,zero_signal,3.6786344532940604e-17,3.4885929042634744e-21,893,894,-142.44017135565076
415,-0.35941145224639115,2.1734956850237654e-21,zero_signal,3.355052586678352e-17,3.460124441938487e-21,894,895,-142.764424366774
416,-0.4122351914034965,1.8609889238490066e-21,zero_signal,3.1604505348411876e-17,3.441756677422843e-21,895,896,-143.15899426014354
417,0.5047840714338179,1.496326599406753e-21,zero_signal,3.133992783757014e-17,3.434386074621028e-21,896,897,-143.588894749581
418,0.6938902497366115,2.1990068018114715e-21,zero_signal,5.694135308662459e-17,3.523743214588259e-21,927,928,-142.1494261172759
419,-0.05068108171430197,2.4043654780115377e-21,zero_signal,5.742637315669774e-17,3.525261607236585e-21,928,929,-142.20111425010776
420,-0.051657389434808465,2.53775230742653e-21,zero_signal,5.716198342461191e-17,3.533135836454217e-21,929,930,-142.2507882807045
421,-0.058483147152728066,2.5957539868936465e-21,zero_signal,5.616601332579917e-17,3.547364743161742e-21,930,931,-142.30442902897738
422,-0.07084531273190464,2.5755735349423625e-21,zero_signal,5.449261366437028e-17,3.5670270342409986e-21,931,932,-142.36775457500997
423,-0.08855828955213951,2.4760121718384454e-21,zero_signal,5.2226448082866993e-17,3.590260157325763e-21,932,933,-142.4461196544412
424,-0.11190902833325822,2.299080426167957e-21,zero_signal,4.948068073578799e-17,3.615097654387327e-21,933,934,-142.54487115411425
425,-0.14163379364482864,2.050911828361233e-21,zero_signal,4.640123185244915e-17,3.640265008394233e-21,934,935,-142.6699377111077
426,-0.17818279949834448,1.74126270952908e-21,zero_signal,4.317590008679281e-17,3.6653366877946985e-21,935,936,-142.8281387414039
427,-0.21954498727353666,1.381927258518745e-21,zero_signal,4.004364680735354e-17,3.690195309153983e-21,936,937,-143.0263033101044
428,-0.25413164079169803,9.850390534627646e-22,zero_signal,3.7295302182023856e-17,3.714350484307681e-21,937,938,-143.26722871595098
429,-0.1502088662475387,5.623065278826504e-22,zero_signal,3.525100856942279e-17,3.73675897043815e-21,938,939,-143.5345665916878
430,1.0927337539776971,1.3081538845373237e-22,zero_signal,3.4199081825189466e-17,3.756279628964859e-21,939,940,-143.56764644844606
431,0.9815953190591813,3.289181451376345e-22,zero_signal,3.430490632164319e-17,3.772297259023513e-21,940,941,-141.3490990837324
432,-0.26908231985760267,7.655906020146674e-22,zero_signal,3.554464728520211e-17,3.784914157442645e-21,941,942,-141.6044558103277
433,-0.2649902470435279,1.1851386213804769e-21,zero_signal,3.772079178104239e-17,3.794528049771584e-21,942,943,-141.8872637234476
434,-0.2254182643012399,1.5727578070587023e-21,zero_signal,4.054256880059694e-17,3.8011670939662256e-21,943,944,-142.13443630441475
435,-0.1835637230168885,1.9153016308057245e-21,zero_signal,4.3704538753397337e-17,3.80413801875616e-21,944,945,-142.33810025205008
436,-0.14660402135460515,2.20148998570941e-21,zero_signal,4.6928444307990483e-17,3.802248047343142e-21,945,946,-142.50156375044853
437,-0.1163410552719597,2.42241892409495e-21,zero_signal,4.9976855577167074e-17,3.794399453580695e-21,946,947,-142.6313082947593
438,-0.09274434489775274,2.5713697904436447e-21,zero_signal,5.2656125280402744e-17,3.780128673191901e-21,947,948,-142.73424586099244
439,-0.07519176165202168,2.643252251521769e-21,zero_signal,5.4816879942095937e-17,3.7597945645288825e-21,948,949,-142.8167969845548
440,-0.06289031754057817,2.6343739687079387e-21,zero_signal,5.635280292427453e-17,3.73440684020111e-21,949,950,-142.8846293842965
441,-0.05498227987541782,2.5429690110070163e-21,zero_signal,5.71971518221588e-17,3.70527452124815e-21,950,951,-142.94257761963595
442,-0.05058645827620012,2.3702743607796276e-21,zero_signal,5.731791622182303e-17,3.67369464948821e-21,951,952,-142.99459394404732
443,-0.04883978177710446,2.1214454826960414e-21,zero_signal,5.671342637851889e-17,3.640853599473222e-21,952,953,-143.04375053618836
444,-0.04868005350547833,1.8056437702458155e-21,zero_signal,5.5409978659268424e-17,3.607983939607374e-21,953,954,-143.09227350760153
445,-0.04716435375388528,1.4351713017845848e-21,zero_signal,5.3462520508243495e-17,3.576625492832691e-21,954,955,-143.1411106431993
446,-0.02862476049028828,1.0242252998302368e-21,zero_signal,5.095879367987473e-17,3.548717399016277e-21,955,956,-143.1866022151093
447,0.2173188064178504,5.889282118273958e-22,zero_signal,4.802603970520786e-17,3.526354409011788e-21,956,957,-143.1983601641799
448,1.1454427196368329,1.7119257958208684e-22,zero_signal,4.4837797211977424e-17,3.511329756315067e-21,957,958,-142.7519646022736
449,0.9099041138192234,3.562450740666247e-22,zero_signal,4.161767958788936e-17,3.5047898690193045e-21,958,959,-140.90747472490622
450,-0.12014499727420969,7.899822003264316e-22,zero_signal,3.863703926140287e-17,3.507230006707816e-21,959,960,-140.93215637463516
451,-0.2535475882455671,1.208714213077015e-21,zero_signal,3.6201199676665816e-17,3.518755745241526e-21,960,961,-141.14776471945464
452,-0.3110886816433549,1.593632405483123e-21,zero_signal,3.4613387587574836e-17,3.5393116143216515e-21,961,962,-141.4392515511263
453,-0.33320859173075235,1.9327943610162224e-21,zero_signal,3.410727885137183e-17,3.568626525406131e-21,962,963,-141.76994208274135
454,-0.32315670232556215,2.216727110574969e-21,zero_signal,3.476699900713177e-17,3.605895821076072e-21,963,964,-142.1056687345878
455,-0.289032879622269,2.437863069266982e-21,zero_signal,3.6489777513990373e-17,3.649485014955015e-21,964,965,-142.41625548739248
456,-0.2436759286945005,2.589996783998299e-21,zero_signal,3.902605028004333e-17,3.696965613083284e-21,965,966,-142.68373449383233
457,-0.19812972677145524,2.6678620803924933e-21,zero_signal,4.20627877948751e-17,3.745526467538498e-21,966,967,-142.90360734478148
458,-0.1582924524808078,2.6672414282271213e-21,zero_signal,4.52936595773747e-17,3.792465590103972e-21,967,968,-143.07999394737524
459,-0.12566840170605076,2.5857304129700892e-21,zero_signal,4.8454913131988624e-17,3.83539363686798e-21,968,969,-143.2201922497431
460,-0.09938611130579034,2.423829333148011e-21,zero_signal,5.133549504975396e-17,3.872082439398024e-21,969,970,-143.33133075078734
461,-0.07763157866021686,2.1857440137523054e-21,zero_signal,5.3774225274992024e-17,3.900278685116089e-21,970,971,-143.41896447235467
462,-0.05793743213668279,1.8793572034729615e-21,zero_signal,5.565175629009597e-17,3.917844855648464e-21,971,972,-143.48659390810778
463,-0.03542259570006934,1.5153349176353349e-21,zero_signal,5.68817736352493e-17,3.923218416379052e-21,972,973,-143.53483933662804
464,0.008187075166858904,1.1061355785159967e-21,zero_signal,5.740526135746934e-17,3.915820205338354e-21,973,974,-143.55743909950792
465,0.23897923285876743,6.671431602735532e-22,zero_signal,5.719063393744013e-17,3.89611162441727e-21,974,975,-143.51846518629432
466,1.1237887221760587,2.42348359054451e-22,zero_signal,5.62392573501418e-17,3.865379300355534e-21,975,976,-143.07948063379038
467,1.006937198058111,3.4457300641380957e-22,zero_signal,5.4592035718582754e-17,3.825531583210532e-21,976,977,-141.2708877419422
468,0.08869438645059802,7.901614112735726e-22,zero_signal,5.233199685721297e-17,3.779017849809044e-21,977,978,-141.06560623767416
469,-0.06119034394052392,1.2302763404746565e-21,zero_signal,4.958155657523825e-17,3.728732134077671e-21,978,979,-141.093498969041
470,-0.11750776356682024,1.6340551529622907e-21,zero_signal,4.6498310102032077e-17,3.677778502128805e-21,979,980,-141.1879869255552
471,-0.16330439139576924,1.9862235820918356e-21,zero_signal,4.327498374834029e-17,3.6291781628452555e-21,980,981,-141.32851449617465
472,-0.21060055268054612,2.2768462561947634e-21,zero_signal,4.01452971267402e-17,3.5856736392978285e-21,981,982,-141.51459570834675
473,-0.25953524361884206,2.49968139586929e-21,zero_signal,3.738894478012481e-17,3.549645163568965e-21,982,983,-141.74971560153574
474,-0.3028560144939121,2.6506217700645234e-21,zero_signal,3.531845492605137e-17,3.523013773631271e-21,983,984,-142.03366619558443
475,-0.3283984338319925,2.7263992910192972e-21,zero_signal,3.422638949794267e-17,3.507061833703537e-21,984,985,-142.35542763052356
476,-0.32624714949800193,2.724208876830739e-21,zero_signal,3.4293128233014215e-17,3.502276787137543e-21,985,986,-142.69046306324842
477,-0.2964996605517456,2.6423997669457026e-21,zero_signal,3.550801148372385e-17,3.508381350639913e-21,986,987,-143.00792192951957
478,-0.24903471645660602,2.481744966813617e-21,zero_signal,3.767363838702465e-17,3.52456398718599e-21,987,988,-143.2834623843519
479,-0.1956974947011787,2.246459834455663e-21,zero_signal,4.048948267046733e-17,3.5497203666034134e-21,988,989,-143.50599136243278
480,-0.14342005019797455,1.9442842415657575e-21,zero_signal,4.364283135951272e-17,3.582479353338758e-21,989,990,-143.67485737375426
481,-0.09123595882154234,1.5855551340469263e-21,zero_signal,4.685813399704301e-17,3.6209903047538584e-21,990,991,-143.79283146282873
482,-0.022038439640454044,1.1821456272894654e-21,zero_signal,4.990741548405454e-17,3.662736610137933e-21,991,992,-143.85732929139735
483,0.1882532978214897,7.488963582580617e-22,zero_signal,5.26038570370781e-17,3.704729125949582e-21,992,993,-143.83690834210964
484,0.9883160499394705,3.273481629196276e-22,zero_signal,5.4795483523292806e-17,3.744158686310394e-21,993,994,-143.48082269575437
485,1.00193268528335,3.231720501469784e-22,zero_signal,5.636509379253161e-17,3.779120049799367e-21,994,995,-141.8602762422307
486,0.21663376272202584,7.562552890708889e-22,zero_signal,5.723412800034288e-17,3.808815382339022e-21,995,996,-141.47695732518767
487,0.016517538637060625,1.2105687898114169e-21,zero_signal,5.736503817724473e-17,3.833028324922992e-21,996,997,-141.42700871678664
488,-0.03119313411748692,1.6355474489678767e-21,zero_signal,5.675906074010634e-17,3.8513539781018825e-21,997,998,-141.44392224791355
489,-0.055513608918019486,2.0103256833817204e-21,zero_signal,5.5450830751825104e-17,3.86294192686207e-21,998,999,-141.48939498502162
490,-0.07545560766166659,2.321114090733809e-21,zero_signal,5.350383776533919e-17,3.8669986759106735e-21,999,1000,-141.5549494657496
491,-0.09709333314771129,2.5592479812650543e-21,zero_signal,5.100989547161185e-17,3.8635219720711196e-21,1000,1001,-141.64030620034495
492,-0.12374633846665972,2.719875917324162e-21,zero_signal,4.80933760049474e-17,3.853527753259906e-21,1001,1002,-141.749136132045
493,-0.15756296074610532,2.8004349788186312e-21,zero_signal,4.4919014892889856e-17,3.838560113316026e-21,1002,1003,-141.88779887727827
494,-0.1991026309221411,2.7995926371010037e-21,zero_signal,4.170061571657155e-17,3.8199385855101145e-21,1003,1004,-142.06426205353722
495,-0.24588278569918032,2.717165002124814e-21,zero_signal,3.8705334265157374e-17,3.798355053198582e-21,1004,1005,-142.28600413912255
496,-0.290554864026376,2.5548697377700063e-21,zero_signal,3.624322083886707e-17,3.774051118284186e-21,1005,1006,-142.55602762493558
497,-0.32068081224748823,2.317227280210626e-21,zero_signal,3.462714778296037e-17,3.74732964792076e-21,1006,1007,-142.8671138671753
498,-0.3226368945386895,2.0118935066584095e-21,zero_signal,3.409659288312657e-17,3.718974864174518e-21,1007,1008,-143.19738924943056
499,-0.2871860372265047,1.6492415173190465e-21,zero_signal,3.473358401650875e-17,3.690311760424139e-21,1008,1009,-143.51238765625268
500,-0.20311989476574865,1.2418937234569688e-21,zero_signal,3.643135883893664e-17,3.662912275247718e-21,1009,1010,-143.77176132388357
501,0.022607546866552752,8.06686476045429e-22,zero_signal,3.894231492870876e-17,3.6381560646860914e-21,1010,1011,-143.91862744578418
502,0.7608457359688572,3.877406391645925e-22,zero_signal,4.196095432047412e-17,3.6169149219301344e-21,1011,1012,-143.72654623015046
503,0.8783811154231387,3.2628546525738944e-22,zero_signal,4.518737120607824e-17,3.59955065034151e-21,1012,1013,-142.39693597384647
504,0.2351715863713224,7.319746472103313e-22,zero_signal,4.8357916222822476e-17,3.5862207362233154e-21,1013,1014,-141.96978399930418
505,0.01359939653963238,1.1825603517087775e-21,zero_signal,5.1255169273315355e-17,3.577267713014633e-21,1014,1015,-141.92659280110382
506,-0.022137443104512045,1.6114654057636355e-21,zero_signal,5.370894982293046e-17,3.573376173706699e-21,1015,1016,-141.94258520622492
507,-0.029623135820969537,1.996360437895844e-21,zero_signal,5.559362135984353e-17,3.5753235790169464e-21,1016,1017,-141.97086768731285
508,-0.03173990992411291,2.322019844635848e-21,zero_signal,5.682360444500696e-17,3.583473025271786e-21,1017,1018,-142.00183147786686
509,-0.03406051358339823,2.5772353979108855e-21,zero_signal,5.734817284182029e-17,3.597410961770215e-21,1018,1019,-142.03434750716107
510,-0.03852179484879059,2.7542337814848533e-21,zero_signal,5.714667232458103e-17,3.6160613183655924e-21,1019,1020,-142.06995250503365
511,-0.046140255304834454,2.848090010966092e-21,zero_signal,5.622578342582327e-17,3.638212593068514e-21,1020,1021,-142.11139109685865
512,-0.057672357973842736,2.8561870789963395e-21,zero_signal,5.4620543816411477e-17,3.6630059272055645e-21,1021,1022,-142.16223301564332
513,-0.07375747292539359,2.778189493100516e-21,zero_signal,5.239941301400404e-17,3.6899396591469545e-21,1022,1023,-142.22673581280634
514,-0.09490025143111325,2.6165964249695376e-21,zero_signal,4.9671103233191034e-17,3.7183942328651176e-21,1023,1024,-142.3097479614941
515,-0.12120237742661288,2.377300832558814e-21,zero_signal,4.658958484975633e-17,3.7471555305400795e-21,1024,1025,-142.41653631566857
516,-0.15135322992186673,2.0694643509151973e-21,zero_signal,4.3355288722061796e-17,3.774435734990755e-21,1025,1026,-142.55215271634734
517,-0.17950733970526755,1.7046825090554225e-21,zero_signal,4.0213212264964525e-17,3.798429585568117e-21,1026,1027,-142.7192427755123
518,-0.18434137119375293,1.2964498055161962e-21,zero_signal,3.7447567305941965e-17,3.8179577068751034e-21,1027,1028,-142.91116739575787
519,-0.06667534466778591,8.626807449658038e-22,zero_signal,3.5364632613129046e-17,3.8326953345014966e-21,1028,1029,-143.0879255178998
520,0.4979344738243583,4.486946045864506e-22,zero_signal,3.424690686169472e-17,3.8428731475337035e-21,1029,1030,-143.04451808509344
521,0.6307599456580419,3.4219242285755367e-22,zero_signal,3.4273664434122875e-17,3.8487741799961835e-21,1030,1031,-142.0920565702511
522,0.09048059905124717,7.12411039611965e-22,zero_signal,3.5446920323361753e-17,3.8504524540067174e-21,1031,1032,-141.78299819377736
523,-0.15340145180894638,1.1547413366375376e-21,zero_signal,3.75855794748516e-17,3.847825574254762e-21,1032,1033,-141.9110953721486
524,-0.17072609979285858,1.5818185556248257e-21,zero_signal,4.0395314273474397e-17,3.840940976881431e-21,1033,1034,-142.08980109739525
525,-0.1485592757375116,1.9695972724510823e-21,zero_signal,4.355623268207896e-17,3.830110116003803e-21,1034,1035,-142.2525475717343
526,-0.12072915606910328,2.3037132410957214e-21,zero_signal,4.6780067539776807e-17,3.815800680619715e-21,1035,1036,-142.38691964887028
527,-0.09575828940482722,2.5735252707446225e-21,zero_signal,4.983151479062508e-17,3.798435581494953e-21,1036,1037,-142.49400588387252
528,-0.07557803928044393,2.77036140810349e-21,zero_signal,5.2527604836520176e-17,3.7783057815247766e-21,1037,1038,-142.57843622767993
529,-0.059932478425906766,2.8865927490681164e-21,zero_signal,5.472793534395655e-17,3.7556536225169504e-21,1038,1039,-142.6451619624334
530,-0.047846614868291226,2.9156545999654005e-21,zero_signal,5.632447528684782e-17,3.730840922415348e-21,1039,1040,-142.69830118453174
531,-0.03831484531919216,2.853304118243654e-21,zero_signal,5.723672437122751e-17,3.7045169859875535e-21,1040,1041,-142.74085519217
532,-0.030629603020429386,2.699609311985329e-21,zero_signal,5.741411955473666e-17,3.677744746173074e-21,1041,1042,-142.77493087517013
533,-0.024243755782435983,2.46036373055865e-21,zero_signal,5.684259322992016e-17,3.6520070553446e-21,1042,1043,-142.80211439821085
534,-0.017868636087754908,2.146777125062959e-21,zero_signal,5.554934257590743e-17,3.628994350816063e-21,1043,1044,-142.823418386735
535,-0.006825522424762198,1.7736215530776244e-21,zero_signal,5.360188811738421e-17,3.6102272273568195e-21,1044,1045,-142.83785167038636
536,0.0267338831372399,1.357738221454426e-21,zero_signal,5.110284235700065e-17,3.59677513125776e-21,1045,1046,-142.83706943158452
537,0.16646475224288793,9.210471087896907e-22,zero_signal,4.818578351971643e-17,3.5892949232902715e-21,1046,1047,-142.78438390411188
538,0.6168987824940189,5.177697174377267e-22,zero_signal,4.5017057947442684e-17,3.588306912343601e-21,1047,1048,-142.50413992709875
539,0.7049854086342009,4.0863651136348995e-22,zero_signal,4.18039277255219e-17,3.5943816655693486e-21,1048,1049,-141.55058633912384
540,0.20043590374505982,7.468411580059164e-22,zero_signal,3.880345813235532e-17,3.608000800898341e-21,1049,1050,-141.09416910983035
541,-0.13883365167606598,1.18107968093353e-21,zero_signal,3.631950338081478e-17,3.629191483419801e-21,1050,1051,-141.14971453163372
542,-0.2579036570725606,1.6054017846593478e-21,zero_signal,3.466865113934356e-17,3.657281236301315e-21,1051,1052,-141.37183641318248
543,-0.3032743399449771,1.9906916275890436e-21,zero_signal,3.4102658677577864e-17,3.691031632755701e-21,1052,1053,-141.66552184577884
544,-0.3035581671205563,2.321915354558268e-21,zero_signal,3.471411959208346e-17,3.7290608266334076e-21,1053,1054,-141.97838509307243
545,-0.2743513510552731,2.5894789655241198e-21,zero_signal,3.639607771896242e-17,3.7701710346612094e-21,1054,1055,-142.27263818001995
546,-0.231628690345417,2.786469616823527e-21,zero_signal,3.889352305377323e-17,3.813236876211559e-21,1055,1056,-142.52708779518298
547,-0.1875748427404318,2.90692886835282e-21,zero_signal,4.189720855462868e-17,3.856690257780625e-21,1056,1057,-142.7358955607108
548,-0.14818409605963723,2.9451415112535376e-21,zero_signal,4.5111851601565114e-17,3.89805579103186e-21,1057,1058,-142.90223748066384
549,-0.11473387402976698,2.8963278305277435e-21,zero_signal,4.828180486202754e-17,3.934055839357882e-21,1058,1059,-143.03226375283006
550,-0.08613870502070142,2.7584403887949045e-21,zero_signal,5.11930638030378e-17,3.961385895910807e-21,1059,1060,-143.13170522872338
551,-0.060352046914943,2.5340065591287088e-21,zero_signal,5.367083750676304e-17,3.977677098254287e-21,1060,1061,-143.20454116287146
552,-0.034376331136627414,2.2308949835301924e-21,zero_signal,5.557986735256894e-17,3.9819608343951285e-21,1061,1062,-143.25240932255326
553,-0.0021231115817386126,1.861767583231199e-21,zero_signal,5.682595436866267e-17,3.974378718770804e-21,1062,1063,-143.27329382514472
554,0.05456896197377148,1.4434620984499826e-21,zero_signal,5.735529316097514e-17,3.955550933675418e-21,1063,1064,-143.25665554571674
555,0.20979643901023337,1.0001314993097506e-21,zero_signal,5.715077004722442e-17,3.926248250591603e-21,1064,1065,-143.16415590119718
556,0.6370664948435376,5.889785091669072e-22,zero_signal,5.622717741259789e-17,3.887596184924916e-21,1065,1066,-142.83706266769627
557,0.7881938032735292,4.507565650954442e-22,zero_signal,5.4627932969970105e-17,3.841470826514959e-21,1066,1067,-141.8900229115101
558,0.3869886308290802,7.676478021861402e-22,zero_signal,5.242492387122399e-17,3.7906208286859114e-21,1067,1068,-141.26067506114921
559,0.06614945009489759,1.2082452261811349e-21,zero_signal,4.972200870886407e-17,3.738381499237906e-21,1068,1069,-141.11604564985194
560,-0.051821596409070025,1.6449602362622492e-21,zero_signal,4.66617749635242e-17,3.6881766090759085e-21,1069,1070,-141.12837616095942
561,-0.12206889535697485,2.0418180383375e-21,zero_signal,4.3433721977086255e-17,3.6430571910862866e-21,1070,1071,-141.21968884267008
562,-0.18182454625284095,2.380559424534028e-21,zero_signal,4.027990954490339e-17,3.60542831862085e-21,1071,1072,-141.37251395167337
563,-0.2376864197464812,2.6500446235597012e-21,zero_signal,3.749126717486728e-17,3.577021420272129e-21,1072,1073,-141.58333793517576
564,-0.28471872843680046,2.8434992896736442e-21,zero_signal,3.538395183411204e-17,3.5590695231226926e-21,1073,1074,-141.84788679116633
565,-0.3124927063712022,2.9567768563411233e-21,zero_signal,3.4244334994541956e-17,3.552518299742762e-21,1074,1075,-142.15277539204936
566,-0.3124477906245602,2.9872092482583156e-21,zero_signal,3.424749915049129e-17,3.558046958937269e-21,1075,1076,-142.47287220390874
567,-0.2848595785946628,2.9334020420050416e-21,zero_signal,3.539126192513186e-17,3.5757884287594544e-21,1076,1077,-142.77767097329848
568,-0.238746448517972,2.7958626159028403e-21,zero_signal,3.7498417899637274e-17,3.6048973175772625e-21,1077,1078,-143.04259136109806
569,-0.18504443522760994,2.5778291521973632e-21,zero_signal,4.028473090270012e-17,3.643309261992379e-21,1078,1079,-143.25516387033443
570,-0.130174492199842,2.285697351693263e-21,zero_signal,4.3438240444326644e-17,3.6879664468013056e-21,1079,1080,-143.41268023155328
571,-0.07286647589225481,1.9290430134043487e-21,zero_signal,4.667053912327298e-17,3.735470005434787e-21,1080,1081,-143.5155128547341
572,0.0017022773202342023,1.5211477687656315e-21,zero_signal,4.973837725852676e-17,3.782791946558166e-21,1081,1082,-143.5584131833378
573,0.15401371202656833,1.082854563599644e-21,zero_signal,5.244836497793255e-17,3.827605302529324e-21,1082,1083,-143.51210830009364
574,0.5498082424344091,6.643123772930359e-22,zero_signal,5.465442107059457e-17,3.868077699185226e-21,1083,1084,-143.25038575928465
575,0.7811526516536134,4.697336506189762e-22,zero_signal,5.625223757068976e-17,3.9024343345143685e-21,1084,1085,-142.41249181522483
576,0.4717588879321255,7.422659395694465e-22,zero_signal,5.71725400572609e-17,3.928827534925816e-21,1085,1086,-141.68808045597743
577,0.13865869078198045,1.183578770692776e-21,zero_signal,5.73750754588946e-17,3.945770560420902e-21,1086,1087,-141.46897403936057
578,0.02789681654735432,1.6331110457954465e-21,zero_signal,5.68460589175498e-17,3.95280126109119e-21,1087,1088,-141.41076307441347
579,-0.019380898639909105,2.0467504096862767e-21,zero_signal,5.56008659929989e-17,3.950728491726079e-21,1088,1089,-141.41318040626587
580,-0.04998532367670805,2.4034862407463868e-21,zero_signal,5.3690547357234095e-17,3.941155337545707e-21,1089,1090,-141.44952487169328
581,-0.07769303709906694,2.6904558554727133e-21,zero_signal,5.120783176857171e-17,3.925645986054595e-21,1090,1091,-141.51315105361928
582,-0.10798704107911306,2.899221177496216e-21,zero_signal,4.828889717500617e-17,3.905205488574961e-21,1091,1092,-141.60491094589142
583,-0.14335384546147623,3.02397265714048e-21,zero_signal,4.51113214245507e-17,3.8803909521920335e-21,1092,1093,-141.7291251357775
584,-0.18436315221754285,3.0608505929031003e-21,zero_signal,4.189223628364235e-17,3.851798180325068e-21,1093,1094,-141.89161863681437
585,-0.2290778384120955,3.0083636648155e-21,zero_signal,3.888903036286769e-17,3.820446353092542e-21,1094,1095,-142.0978514402126
586,-0.2713964989857658,2.868304665893101e-21,zero_signal,3.639620870718127e-17,3.787805271165281e-21,1095,1096,-142.34977431363856
587,-0.3000225934362817,2.6462400956290047e-21,zero_signal,3.472013001749362e-17,3.755536271449548e-21,1096,1097,-142.64064443818413
588,-0.3011730789484801,2.3510791630915708e-21,zero_signal,3.411313013251494e-17,3.725162813633222e-21,1097,1098,-142.94981950051113
589,-0.26443101442512784,1.994125416090582e-21,zero_signal,3.4682154343206154e-17,3.697848494832708e-21,1098,1099,-143.24299059608109
590,-0.1812963491676527,1.5889437196263652e-21,zero_signal,3.633675039011074e-17,3.6743642472395446e-21,1099,1100,-143.47868152936138
591,-0.014657782532580654,1.154941744530917e-21,zero_signal,3.88262711009322e-17,3.6552292192166864e-21,1100,1101,-143.6055832944164
592,0.36440350859585635,7.367441588926631e-22,zero_signal,4.1832395597739013e-17,3.640912804121631e-21,1101,1102,-143.50799709442654
593,0.6646161248614533,5.056739798072211e-22,zero_signal,4.5048133416420734e-17,3.631932254904207e-21,1102,1103,-142.87677627722468
594,0.46120498031849877,7.2440982464879415e-22,zero_signal,4.8214494847939064e-17,3.6287453757144456e-21,1103,1104,-142.17876484470364
595,0.14271001896446478,1.1541891097987345e-21,zero_signal,5.112473562107621e-17,3.631516241329449e-21,1104,1105,-141.95436631658768
596,0.03690569724204806,1.6074192065438886e-21,zero_signal,5.361473401376359e-17,3.6399809438174045e-21,1105,1106,-141.8933448067747
597,0.004377785020139413,2.030495402506325e-21,zero_signal,5.555327029311798e-17,3.6535878269954094e-21,1106,1107,-141.88055492210358
598,-0.008072352508108338,2.3998451431166216e-21,zero_signal,5.683910404367543e-17,3.671829363953928e-21,1107,1108,-141.88458923673443
599,-0.01565845945104627,2.701839407425032e-21,zero_signal,5.740480915344615e-17,3.694442008184031e-21,1108,1109,-141.8966996271198
600,-0.023754758081352634,2.9273714633683104e-21,zero_signal,5.722226320462594e-17,3.721193950961639e-21,1109,1110,-141.91590615563652
601,-0.03433314194705872,3.0692372047464976e-21,zero_signal,5.630426386806672e-17,3.751349014318025e-21,1110,1111,-141.9442091432825
602,-0.04795477060930864,3.121420605193516e-21,zero_signal,5.4700851311114485e-17,3.783278982978516e-21,1111,1112,-141.98457243953064
603,-0.06473764808322358,3.0801541762400122e-21,zero_signal,5.249368590228338e-17,3.8146789596331305e-21,1112,1113,-142.04011868450112
604,-0.08485670459721462,2.945717936056131e-21,zero_signal,4.9793362903860085e-17,3.843344598185838e-21,1113,1114,-142.11404773569708
605,-0.10848780409087055,2.7235684873559267e-21,zero_signal,4.674246006158184e-17,3.867926829693549e-21,1114,1115,-142.20983209369555
606,-0.13481124381924303,2.4240471446867224e-21,zero_signal,4.352371804122451e-17,3.8880473979904635e-21,1115,1116,-142.33102334387883
607,-0.15908547192645983,2.0610771842007137e-21,zero_signal,4.036952500530381e-17,3.903728898530014e-21,1116,1117,-142.47945458133404
608,-0.16490868030484762,1.6513384689370567e-21,zero_signal,3.7564678537443656e-17,3.914726436509311e-21,1117,1118,-142.64919428773175
609,-0.10085458299749916,1.2169878632510002e-21,zero_signal,3.5428003572804774e-17,3.9204085258887405e-21,1118,1119,-142.80927194194373
610,0.15650183657785988,8.029151991213572e-22,zero_signal,3.4256063342911036e-17,3.9202682031403674e-21,1119,1120,-142.85090345372674
611,0.4121149291500359,5.588533493441001e-22,zero_signal,3.423288174771327e-17,3.9145249707912315e-21,1120,1121,-142.49626826878801
612,0.2643949430858328,7.283052815872496e-22,zero_signal,3.535645060673486e-17,3.9042015988767805e-21,1121,1122,-142.02667359542667
613,-0.017295767167752274,1.1339822160174917e-21,zero_signal,3.744427430122019e-17,3.8905690859019875e-21,1122,1123,-141.96747838261635
614,-0.10565044455584882,1.5809189197783497e-21,zero_signal,4.021057311992966e-17,3.8744375130735315e-21,1123,1124,-142.06126512976218
615,-0.11154766651128512,2.0076205843085657e-21,zero_signal,4.33485994442123e-17,3.855893691383843e-21,1124,1125,-142.17877927172805
616,-0.09545444636690092,2.3871578906922242e-21,zero_signal,4.6576775569154513e-17,3.834679667000688e-21,1125,1126,-142.28436046278475
617,-0.07532242401629219,2.70316411643248e-21,zero_signal,4.9654003482834163e-17,3.810871074444112e-21,1126,1127,-142.36968816446185
618,-0.05681707713027606,2.9441916562971815e-21,zero_signal,5.2382465474344435e-17,3.785314817124458e-21,1127,1128,-142.43500531081733
619,-0.04169808839726841,3.1015093406461463e-21,zero_signal,5.460778139840023e-17,3.759535977028595e-21,1128,1129,-142.4833223187224
620,-0.030274887954135465,3.168294539496086e-21,zero_signal,5.621812786538277e-17,3.735239235243398e-21,1129,1130,-142.51840148761187
621,-0.02211944369312846,3.140049199650566e-21,zero_signal,5.71416499504134e-17,3.7137693477161196e-21,1130,1131,-142.54387209463067
622,-0.016273983217502064,3.015845604055869e-21,zero_signal,5.734241233079157e-17,3.695864122672101e-21,1131,1132,-142.56264037499813
623,-0.011342521298260522,2.7995854756890445e-21,zero_signal,5.681608154356345e-17,3.681819205847257e-21,1132,1133,-142.57642006106568
624,-0.005284639641430999,2.5005069410625165e-21,zero_signal,5.558679242983953e-17,3.6719054410919055e-21,1133,1134,-142.58532541759465
625,0.006033579260872557,2.132816895937135e-21,zero_signal,5.370672060878811e-17,3.666693896459075e-21,1134,1135,-142.58698934034854
626,0.03436572112160263,1.7154218913901393e-21,zero_signal,5.1259481227771e-17,3.667003321660216e-21,1135,1136,-142.5732582590729
627,0.11816471926327665,1.2747974016800794e-21,zero_signal,4.8366900831511614e-17,3.673485398896191e-21,1136,1137,-142.51825789810533
628,0.3424843340714574,8.621667303710152e-22,zero_signal,4.5196576207138796e-17,3.686181276741512e-21,1137,1138,-142.33692882054635
629,0.5245287452700893,6.250474426129633e-22,zero_signal,4.196662422440288e-17,3.704427404339337e-21,1138,1139,-141.83328922996242
630,0.32683285935056006,7.756022327076389e-22,zero_signal,3.8944231680285876e-17,3.727200010245563e-21,1139,1140,-141.28787133000617
631,-0.015967930899307703,1.1611740533421577e-21,zero_signal,3.643310256455226e-17,3.753628649571665e-21,1140,1141,-141.1796235112613
632,-0.1946081173086469,1.594703187119076e-21,zero_signal,3.4739783325523056e-17,3.7832786094009866e-21,1141,1142,-141.31980719180478
633,-0.26809820421411246,2.0118763546634995e-21,zero_signal,3.4109105469730716e-17,3.815972357185497e-21,1142,1143,-141.5688397458786
634,-0.28341457513086254,2.385599470528882e-21,zero_signal,3.464372159348364e-17,3.851260490359705e-21,1143,1144,-141.856003600233
635,-0.26269901967503984,2.6999222881702466e-21,zero_signal,3.62603114737323e-17,3.887934990048714e-21,1144,1145,-142.13566889614032
636,-0.22390073238308617,2.943465806868783e-21,zero_signal,3.8722118243324407e-17,3.923982148216214e-21,1145,1146,-142.3814016395831
637,-0.1806634917752774,3.1071936195885424e-21,zero_signal,4.171994190004444e-17,3.957050678973733e-21,1146,1147,-142.5834703609065
638,-0.14047115009846323,3.1838341933816147e-21,zero_signal,4.494465477923347e-17,3.9850918972618404e-21,1147,1148,-142.74272862313364
639,-0.10575131154510586,3.1684020992582423e-21,zero_signal,4.81264229089233e-17,4.006682142605699e-21,1148,1149,-142.86441266110342
640,-0.07604711699002564,3.0593289895713873e-21,zero_signal,5.104742643664356e-17,4.020828434414916e-21,1149,1150,-142.95423124622386
641,-0.04951062664054007,2.8594801546662784e-21,zero_signal,5.3540713583412395e-17,4.026536970353757e-21,1150,1151,-143.01650689508347
642,-0.023217933626227705,2.576411819920313e-21,zero_signal,5.548289188702494e-17,4.022632316212532e-21,1151,1152,-143.05325249950494
643,0.008091353610822694,2.22188312840211e-21,zero_signal,5.678506120944264e-17,4.008059481738023e-21,1152,1153,-143.06294276233592
644,0.05685277356080576,1.811835440491267e-21,zero_signal,5.738606514290949e-17,3.982463592456686e-21,1153,1154,-143.0370697922833
645,0.15897542111810026,1.3700134364424214e-21,zero_signal,5.725149736583085e-17,3.9466466405631845e-21,1154,1155,-142.9492372152143
646,0.3947778266750106,9.45342041229836e-22,zero_signal,5.637867861083262e-17,3.90264781835778e-21,1155,1156,-142.7191189500471
647,0.6242979630115002,6.794659473571621e-22,zero_signal,5.480357583556027e-17,3.8534465801450786e-21,1156,1157,-142.1596815618643
648,0.4993310765662784,8.013117164970793e-22,zero_signal,5.2604285653648186e-17,3.802442113932987e-21,1157,1158,-141.4705230240241
649,0.19081217237133785,1.188329850300398e-21,zero_signal,4.9899056612726464e-17,3.7529257721583745e-21,1158,1159,-141.16101940873173
650,0.014767310687517465,1.632894851759544e-21,zero_signal,4.6842086739986155e-17,3.70776314987212e-21,1159,1160,-141.0888986792814
651,-0.0807296423899686,2.0588286837591554e-21,zero_signal,4.362266699750041e-17,3.669380661232665e-21,1160,1161,-141.1314847873567
652,-0.1515309721202982,2.4362504160001828e-21,zero_signal,4.0470117231974054e-17,3.6399281603337895e-21,1161,1162,-141.25035796406135
653,-0.21385811892231743,2.7499487733783827e-21,zero_signal,3.7659097456713656e-17,3.621344573443731e-21,1162,1163,-141.4345467315973
654,-0.26668977271874894,2.990518476389487e-21,zero_signal,3.549955263174279e-17,3.615144702404355e-21,1163,1164,-141.67807420190599
655,-0.30031828219419765,3.1509356782637155e-21,zero_signal,3.4289545623969495e-17,3.622016404580123e-21,1164,1165,-141.9679262770348
656,-0.30500603375486435,3.225452161279349e-21,zero_signal,3.422647245620089e-17,3.641526260759957e-21,1165,1166,-142.27871076629438
657,-0.2798691884462272,3.2100542512191274e-21,zero_signal,3.5322793270349966e-17,3.672182276947823e-21,1166,1167,-142.57793834454452
658,-0.23407601575240733,3.1037447118597337e-21,zero_signal,3.739877305981174e-17,3.711835900893693e-21,1167,1168,-142.83844914318684
659,-0.17959597759457324,2.9096883419009712e-21,zero_signal,4.015993590060333e-17,3.758141706630025e-21,1168,1169,-143.04609037604934
660,-0.12389295854779903,2.6354335662557873e-21,zero_signal,4.3290895964799187e-17,3.80873964077081e-21,1169,1170,-143.19764109837598
661,-0.06706374033700513,2.29217876984733e-21,zero_signal,4.651048918763524e-17,3.861056053366466e-21,1170,1171,-143.29387629314493
662,0.0005006002543694876,1.8943240436323454e-21,zero_signal,4.958582426260159e-17,3.912003045427952e-21,1171,1172,-143.33176857905
663,0.10907648496672095,1.4624319472050978e-21,zero_signal,5.232666051126259e-17,3.9580623177894474e-21,1172,1173,-143.2928750926362
664,0.3296624582639964,1.0382109879058432e-21,zero_signal,5.457822539076556e-17,3.9959812378697455e-21,1173,1174,-143.11361560911655
665,0.5876719981562673,7.412976564943554e-22,zero_signal,5.621996043001918e-17,4.0236972852252485e-21,1174,1175,-142.6335501761082
666,0.5417392448697171,8.025348459505623e-22,zero_signal,5.716884973983849e-17,4.0407254886497455e-21,1175,1176,-141.93827161280402
667,0.2679516334899148,1.170746219497253e-21,zero_signal,5.73822025007169e-17,4.047620470387331e-21,1176,1177,-141.55007168636877
668,0.09644410525126546,1.6256739799284847e-21,zero_signal,5.685640850906203e-17,4.0450098104845095e-21,1177,1178,-141.4023683458242
669,0.019323047642828328,2.071520747477071e-21,zero_signal,5.562235098664989e-17,4.033140293138781e-21,1178,1179,-141.35718347586624
670,-0.02393294970143245,2.4695693792833123e-21,zero_signal,5.3740862319428276e-17,4.012325775111864e-21,1179,1180,-141.36372225053853
671,-0.05677870029821008,2.800254955419531e-21,zero_signal,5.130133176745792e-17,3.983721152274715e-21,1180,1181,-141.4050493752691
672,-0.08886780916368764,3.0525563850365983e-21,zero_signal,4.842474143633641e-17,3.9495331565373025e-21,1181,1182,-141.47727965113495
673,-0.12494760941727634,3.2197031933574942e-21,zero_signal,4.5270709803942934e-17,3.912404203475917e-21,1182,1183,-141.58278499359648
674,-0.1668894055033121,3.2971409328632503e-21,zero_signal,4.204646565293882e-17,3.874528544105688e-21,1183,1184,-141.7271748699695
675,-0.2131451220131595,3.282145442408094e-21,zero_signal,3.901269981224173e-17,3.837246791941943e-21,1184,1185,-141.9165638046031
676,-0.25719389151655037,3.1746024464724e-21,zero_signal,3.647605952289711e-17,3.801355620208773e-21,1185,1186,-142.15346511399582
677,-0.28710255373492544,2.9780755827685774e-21,zero_signal,3.475303705001655e-17,3.767748803759347e-21,1186,1187,-142.4309515876362
678,-0.28906562893558885,2.7003154353006597e-21,zero_signal,3.409644360797159e-17,3.7378080392263565e-21,1187,1188,-142.72767022146567
679,-0.25383631571052945,2.3530321496092657e-21,zero_signal,3.460856130561547e-17,3.7132445790002635e-21,1188,1189,-143.00908284550738
680,-0.17733949977699126,1.9518518351177704e-21,zero_signal,3.620137285106917e-17,3.6955391658350655e-21,1189,1190,-143.23534285288673
681,-0.04567117047027125,1.5189924680290891e-21,zero_signal,3.863788603554461e-17,3.685400589770721e-21,1190,1191,-143.36376184506136
682,0.18907775496401769,1.0959990028114616e-21,zero_signal,4.161527122927421e-17,3.6826226881297305e-21,1191,1192,-143.32668519382727
683,0.46987642250464035,7.906912913835192e-22,zero_signal,4.483187344076172e-17,3.686424308689636e-21,1192,1193,-142.98560633513333
684,0.48769422611105995,8.127813322189965e-22,zero_signal,4.802031446600442e-17,3.696008526901243e-21,1193,1194,-142.386932348818
685,0.265834513079497,1.1488749290034789e-21,zero_signal,5.0958255998150905e-17,3.710925971508341e-21,1194,1195,-142.0102178829112
686,0.10914472423284849,1.5924257693643725e-21,zero_signal,5.34697895124009e-17,3.730986712144362e-21,1195,1196,-141.855263322659
687,0.04391190254479227,2.040692766200867e-21,zero_signal,5.5423475822801177e-17,3.755812945032952e-21,1196,1197,-141.7919284344455
688,0.014476382524335918,2.4504894698440702e-21,zero_signal,5.672880155709201e-17,3.784404232788826e-21,1197,1198,-141.76743951756941
689,-0.0022053031025848213,2.7983119345873275e-21,zero_signal,5.733152940462156e-17,3.8150954203241085e-21,1198,1199,-141.76297566939684
690,-0.014669377481496326,3.0693799360927878e-21,zero_signal,5.720865001206725e-17,3.846007799304738e-21,1199,1200,-141.77185012377458
691,-0.026627260801973307,3.2538982212098487e-21,zero_signal,5.636467695838966e-17,3.875705708790655e-21,1200,1201,-141.79231442435983
692,-0.04009827198643734,3.345371097524263e-21,zero_signal,5.4831618447211587e-17,3.903550416479933e-21,1201,1202,-141.82510464537853
693,-0.056405696483508905,3.340245809837156e-21,zero_signal,5.267358120248302e-17,3.929416493121995e-21,1202,1203,-141.8725109683327
694,-0.07643664635500613,3.2385606175295735e-21,zero_signal,4.9993968896688753e-17,3.95295730489346e-21,1203,1204,-141.93791603834555
695,-0.10049870520234094,3.044733613365816e-21,zero_signal,4.6941334638393654e-17,3.973050738652381e-21,1204,1205,-142.02538426104272
696,-0.127591035336323,2.767610343750955e-21,zero_signal,4.371127529418465e-17,3.9879573280320845e-21,1205,1206,-142.13891344875023
697,-0.15341346295763003,2.419772814470429e-21,zero_signal,4.054473082007407e-17,3.996112816419328e-21,1206,1207,-142.28056633171536
698,-0.16559279980410224,2.017328363915852e-21,zero_signal,3.7722809540460406e-17,3.996924759795309e-21,1207,1208,-142.4457403746655
699,-0.13281380971515944,1.5826567907819955e-21,zero_signal,3.555114373877565e-17,3.990962289089974e-21,1208,1209,-142.61175193132357
700,0.008818936219128659,1.1563151042536575e-21,zero_signal,3.431769053440607e-17,3.9794609459422805e-21,1209,1210,-142.7113679940958
701,0.23774576163326344,8.380078906339552e-22,zero_signal,3.421643547302738e-17,3.963600151476496e-21,1210,1211,-142.5941140588853
702,0.2752453845228615,8.246263455300345e-22,zero_signal,3.527037334721847e-17,3.9441104550980106e-21,1211,1212,-142.23587647082928
703,0.09456656693340904,1.131360304439418e-21,zero_signal,3.7316557487004563e-17,3.921419487719977e-21,1212,1213,-142.0436232898396
704,-0.03431351849405928,1.561126269266053e-21,zero_signal,4.00692050527486e-17,3.896097912312966e-21,1213,1214,-142.04674333696246
705,-0.068701277399569,2.004922298795271e-21,zero_signal,4.320774465860586e-17,3.8691851511106296e-21,1214,1215,-142.1122503268277
706,-0.06666187811099178,2.418219605645305e-21,zero_signal,4.643818769334456e-17,3.842145218041404e-21,1215,1216,-142.1841458917616
707,-0.05464763168617992,2.777596567482307e-21,zero_signal,4.951837233205343e-17,3.81651709194507e-21,1216,1217,-142.2455740830497
708,-0.04173468737602093,3.067279637225656e-21,zero_signal,5.225963321260646e-17,3.793518701283405e-21,1217,1218,-142.29344115513396
709,-0.03052665430763568,3.274654668524179e-21,zero_signal,5.451775272272894e-17,3.773851826368007e-21,1218,1219,-142.32904345780173
710,-0.021218985900233633,3.389085948756617e-21,zero_signal,5.618224162679612e-17,3.7578141785184294e-21,1219,1220,-142.35449446374923
711,-0.013349981348213191,3.402897759850804e-21,zero_signal,5.717031273901643e-17,3.745643432165198e-21,1220,1221,-142.3714814296022
712,-0.006606722921119967,3.313511694407415e-21,zero_signal,5.742821738876295e-17,3.7378573112240195e-21,1221,1222,-142.38119442644566
713,-0.0008833104139114312,3.1250799489842543e-21,zero_signal,5.693749035446072e-17,3.735304017941934e-21,1222,1223,-142.38469487544444
714,0.004408236442245084,2.8482402531299696e-21,zero_signal,5.572028800790963e-17,3.7388002334625125e-21,1223,1224,-142.38296104727348
715,0.011843813374795786,2.4982146270200036e-21,zero_signal,5.383942709548906e-17,3.748573992149875e-21,1224,1225,-142.37587840255995
716,0.029127351744719476,2.093355509125492e-21,zero_signal,5.139379498703624e-17,3.763960734206319e-21,1225,1226,-142.3592734205239
717,0.07683747927758589,1.6574731312452967e-21,zero_signal,4.851400083788271e-17,3.783639519305855e-21,1226,1227,-142.3176236990705
718,0.19790178698416128,1.2318898445372856e-21,zero_signal,4.536316037187539e-17,3.806254293391632e-21,1227,1228,-142.20559846196872
719,0.36394918794306363,9.128591683113719e-22,zero_signal,4.21439479712588e-17,3.830949273368188e-21,1228,1229,-141.9218201251022
720,0.33719293616438506,8.813196029876972e-22,zero_signal,3.910747014899449e-17,3.8574272543020395e-21,1229,1230,-141.4777000860826
721,0.08902708624822253,1.1641544935685335e-21,zero_signal,3.655256569837269e-17,3.885539405640563e-21,1230,1231,-141.24743425277342
722,-0.12703298784136052,1.58000784957581e-21,zero_signal,3.4796800566539795e-17,3.9148000451494924e-21,1231,1232,-141.29964591358615
723,-0.2309730812531683,2.0149436545880327e-21,zero_signal,3.410398259941696e-17,3.944258558754719e-21,1232,1233,-141.50150022845614
724,-0.2609770172007444,2.4213429027093494e-21,zero_signal,3.458843118058789e-17,3.972816067076347e-21,1233,1234,-141.76159207609248
725,-0.24720605831845432,2.775898763958285e-21,zero_signal,3.6164464518358647e-17,3.999649097162187e-21,1234,1235,-142.02345426285763
726,-0.2121882450249899,3.0644030575194302e-21,zero_signal,3.858837414580638e-17,4.0242787546807135e-21,1235,1236,-142.2560041927294
727,-0.171499618122553,3.2759784434101657e-21,zero_signal,4.1551901496598413e-17,4.046137190489039e-21,1236,1237,-142.4478307529076
728,-0.1330364114333804,3.4009250104566794e-21,zero_signal,4.475585402838105e-17,4.063983982303405e-21,1237,1238,-142.5990034289745
729,-0.09908639542121023,3.430979069385843e-21,zero_signal,4.7940204955635765e-17,4.075757247440987e-21,1238,1239,-142.71390357577437
730,-0.06911395485833793,3.3611691871730993e-21,zero_signal,5.0887426729105785e-17,4.0791445787968126e-21,1239,1240,-142.79717621981692
731,-0.04151877646077651,3.191930089031989e-21,zero_signal,5.3419428713494487e-17,4.0725424011699534e-21,1240,1241,-142.85213148549104
732,-0.014086521632250992,2.9301332145077195e-21,zero_signal,5.539692811974384e-17,4.05569980226668e-21,1241,1242,-142.88021377273847
733,0.016860492490877732,2.588657957112671e-21,zero_signal,5.672074097338397e-17,4.029604120986572e-21,1242,1243,-142.88030452875554
734,0.059303314776585125,2.1856727415837366e-21,zero_signal,5.733176023421822e-17,3.995836083637931e-21,1243,1244,-142.84649278775672
735,0.13267766654229263,1.746476286144227e-21,zero_signal,5.720825345721998e-17,3.956039118638476e-21,1244,1245,-142.76169789920237
736,0.2760465054129355,1.3140274676863343e-21,zero_signal,5.636166634193353e-17,3.911916256407488e-21,1245,1246,-142.58113745467213
737,0.46860133410008586,9.831234433277478e-22,zero_signal,5.4833053757955367e-17,3.865582976899193e-21,1246,1247,-142.2096048883765
738,0.4925426214160069,9.307266909173791e-22,zero_signal,5.269190570678046e-17,3.8197776218247825e-21,1247,1248,-141.64393478647196
739,0.29364850001196885,1.20067375023446e-21,zero_signal,5.0038550700760843e-17,3.777619910277202e-21,1248,1249,-141.2245196455445
740,0.09111977411410521,1.6182205546042417e-21,zero_signal,4.7010429048030894e-17,3.74203637559078e-21,1249,1250,-141.05663778644802
741,-0.03487070653575586,2.0596936565502694e-21,zero_signal,4.379071369032178e-17,3.715232841930875e-21,1250,1251,-141.04228009731628
742,-0.12290585341781934,2.4707391068904144e-21,zero_signal,4.0615196282814743e-17,3.698529436902113e-21,1251,1252,-141.12637919951953
743,-0.1947578250365325,2.8249429710215477e-21,zero_signal,3.777046279874084e-17,3.692586213918689e-21,1252,1253,-141.28809180415192
744,-0.2527893720887988,3.10776297003719e-21,zero_signal,3.557284610172326e-17,3.697767246047048e-21,1253,1254,-141.5158948495926
745,-0.2896024715524419,3.310244172498187e-21,zero_signal,3.431638894397223e-17,3.71431714448885e-21,1254,1255,-141.79367054832952
746,-0.2972344812208547,3.426114804334733e-21,zero_signal,3.4192199065540294e-17,3.7421818326266195e-21,1255,1256,-142.09509979269748
747,-0.2753724300867475,3.450912799465344e-21,zero_signal,3.5217949419868573e-17,3.780567823967278e-21,1256,1257,-142.38813951077123
748,-0.23256962225867994,3.3824794288455696e-21,zero_signal,3.723237912736408e-17,3.827541363807621e-21,1257,1258,-142.64584465287098
749,-0.1800813436597224,3.221926342711777e-21,zero_signal,3.995909687765098e-17,3.879996035453192e-21,1258,1259,-142.85327875528858
750,-0.12544574718030788,2.9743073898417186e-21,zero_signal,4.3087007989330374e-17,3.934126737389978e-21,1259,1260,-143.00600734019042
751,-0.06998316452168751,2.648872962261993e-21,zero_signal,4.632436979825677e-17,3.986226205784294e-21,1260,1261,-143.1041702496492
752,-0.007748677744729093,2.2596560641901855e-21,zero_signal,4.942241558203445e-17,4.03335927700691e-21,1261,1262,-143.1459736692338
753,0.07891829178245757,1.828255731539719e-21,zero_signal,5.218141378015431e-17,4.073492842821195e-21,1262,1263,-143.11966760513866
754,0.227162118501127,1.3936155259741154e-21,zero_signal,5.4449309605503403e-17,4.105050707892004e-21,1263,1264,-142.98813708566888
755,0.43545154611564385,1.0422153750539505e-21,zero_signal,5.611712381953647e-17,4.126379497253198e-21,1264,1265,-142.6653433681364
756,0.5085439060724894,9.464269178881148e-22,zero_signal,5.711247234261097e-17,4.135768082951176e-21,1265,1266,-142.1172339934376
757,0.3530893053779778,1.1867479009401656e-21,zero_signal,5.739295853694236e-17,4.13218538633301e-21,1266,1267,-141.64825555599143
758,0.1687674323338939,1.6018237025341068e-21,zero_signal,5.694251331289444e-17,4.11614623717085e-21,1267,1268,-141.41105538268164
759,0.0646125657875416,2.0543483712271493e-21,zero_signal,5.577316590474174e-17,4.089850423138055e-21,1268,1269,-141.31072069132364
760,0.006116373674032616,2.482100388630583e-21,zero_signal,5.393139090643984e-17,4.056330498526417e-21,1269,1270,-141.28183025110656
761,-0.03539596997356398,2.8545669011742012e-21,zero_signal,5.1504728783821244e-17,4.018250334251232e-21,1270,1271,-141.29848794397557
762,-0.07278826732193977,3.1541647944401856e-21,zero_signal,4.8624436796712536e-17,3.9772992750932286e-21,1271,1272,-141.35262219105368
763,-0.11177338934516001,3.3693803229246777e-21,zero_signal,4.546389186910461e-17,3.934538838094973e-21,1272,1273,-141.44406447861945
764,-0.15450775591232002,3.492252199365526e-21,zero_signal,4.2236458511381045e-17,3.891221134925292e-21,1273,1274,-141.576168969744
765,-0.20014453728195747,3.518126567741641e-21,zero_signal,3.9195668350097045e-17,3.849310007929e-21,1274,1275,-141.7530799904441
766,-0.24366342674355224,3.446398519462257e-21,zero_signal,3.663272260643405e-17,3.8113237979312996e-21,1275,1276,-141.97645804430792
767,-0.2748001031696532,3.280996869183236e-21,zero_signal,3.485455538176932e-17,3.779692592201993e-21,1276,1277,-142.2404068439312
768,-0.2804029364967704,3.0299636589130373e-21,zero_signal,3.412301761021556e-17,3.756107736078063e-21,1277,1278,-142.52605825064722
769,-0.2509370193978242,2.704497666955969e-21,zero_signal,3.4564577485265696e-17,3.741247205252333e-21,1278,1279,-142.80121271692474
770,-0.18398655675365205,2.3187462632579366e-21,zero_signal,3.6110652365105564e-17,3.7349642765655235e-21,1279,1280,-143.02793228944287
771,-0.07605947759739706,1.892403210569866e-21,zero_signal,3.852451054184846e-17,3.736737727493828e-21,1280,1281,-143.16918583043204
772,0.09333141401836542,1.4602316180902559e-21,zero_signal,4.149062396987611e-17,3.746049879981553e-21,1281,1282,-143.18005124463767
773,0.3241396479934906,1.0995073470892727e-21,zero_signal,4.469756211549597e-17,3.762446211866599e-21,1282,1283,-142.9825230023953
774,0.44599745091161935,9.697900445905382e-22,zero_signal,4.7879786040755165e-17,3.785278146020707e-21,1283,1284,-142.5317719486507
775,0.34023784865608775,1.173957870164601e-21,zero_signal,5.0825012891314775e-17,3.813382602683572e-21,1284,1285,-142.09052810057207
776,0.17610907198424286,1.5738625689796084e-21,zero_signal,5.336544549277245e-17,3.8450295609230276e-21,1285,1286,-141.8512962513385
777,0.08382004857084269,2.0251627784898667e-21,zero_signal,5.5367366812851714e-17,3.878284471594425e-21,1286,1287,-141.7383099566036
778,0.04002886225208613,2.459932853778959e-21,zero_signal,5.672693929982865e-17,3.9115899265099e-21,1287,1288,-141.68365615419683
779,0.016158753658501723,2.845599143274971e-21,zero_signal,5.737308621212606e-17,3.944126528670986e-21,1288,1289,-141.65825223209941
780,-0.0008389080682889016,3.1631844834508803e-21,zero_signal,5.727291875883216e-17,3.975601253096456e-21,1289,1290,-141.65133864687982
781,-0.016437024994203853,3.399023918999535e-21,zero_signal,5.643412822133886e-17,4.005552400633989e-21,1290,1291,-141.659930048236
782,-0.032812524000064514,3.542088841761762e-21,zero_signal,5.4902310397179903e-17,4.032736321020737e-21,1291,1292,-141.68421269686823
783,-0.05083680390313816,3.584443861886103e-21,zero_signal,5.275581571501375e-17,4.0551931560252006e-21,1292,1293,-141.72555509623612
784,-0.07109764572986421,3.5230368647012655e-21,zero_signal,5.010260938068398e-17,4.0710362267599706e-21,1293,1294,-141.7858863046745
785,-0.09421487590361721,3.3610348366974414e-21,zero_signal,4.708216854123587e-17,4.079340953622741e-21,1294,1295,-141.86775038769585
786,-0.12028094582484528,3.1076700676169294e-21,zero_signal,4.3872569694976655e-17,4.080390148231071e-21,1295,1296,-141.97431605648174
787,-0.14696534448435727,2.7768390498675172e-21,zero_signal,4.069987266308205e-17,4.0751161117127786e-21,1296,1297,-142.10831227934554
788,-0.16556069755664282,2.3858669917294784e-21,zero_signal,3.784260540711977e-17,4.064302314987561e-21,1297,1298,-142.26824674545045
789,-0.15440006242309323,1.956757241987799e-21,zero_signal,3.561735848814127e-17,4.0482659616499875e-21,1298,1299,-142.43943367445883
790,-0.07296479811394363,1.5239904119103674e-21,zero_signal,3.432758876858643e-17,4.027224025176823e-21,1299,1300,-142.57704687029664
791,0.09978918308624429,1.1582486932762802e-21,zero_signal,3.417506631658415e-17,4.0018953521939875e-21,1300,1301,-142.5853632706867
792,0.2253777063108231,1.0032234536046504e-21,zero_signal,3.51799904119271e-17,3.9737210449236034e-21,1301,1302,-142.37746850412415
793,0.1651714431421567,1.1706235455690671e-21,zero_signal,3.717610038243148e-17,3.9444921358721665e-21,1302,1303,-142.13460785806507
794,0.03942027554796823,1.5498743901657172e-21,zero_signal,3.988354773740138e-17,3.915723109907338e-21,1303,1304,-142.04712561783984
795,-0.023080108483341633,1.996147409234595e-21,zero_signal,4.2994552352169226e-17,3.88830582198046e-21,1304,1305,-142.05576730696913
796,-0.037803670183478744,2.4354804292876432e-21,zero_signal,4.622418295718167e-17,3.862701244685842e-21,1305,1306,-142.09328583480652
797,-0.033763174255696526,2.8311769506046596e-21,zero_signal,4.9327716915992365e-17,3.8394617149066256e-21,1306,1307,-142.1313746473361
798,-0.024370420280476424,3.1616262909671127e-21,zero_signal,5.2103370642743604e-17,3.8196205633711636e-21,1307,1308,-142.16081218331792
799,-0.015031986178541956,3.411848455459118e-21,zero_signal,5.4391971858825914e-17,3.80462064650453e-21,1308,1309,-142.18011548789704
800,-0.007772781033651199,3.570320654828749e-21,zero_signal,5.60762238056575e-17,3.795826952707278e-21,1309,1310,-142.190876155675
801,-0.002972449709659486,3.6284502148913715e-21,zero_signal,5.707894572203962e-17,3.793976161670324e-21,1310,1311,-142.19566104996434
802,-6.20885123367998e-05,3.581610253498917e-21,zero_signal,5.735993270507946e-17,3.798951918084123e-21,1311,1312,-142.19682105509432
803,0.002020815989425273,3.43065818264067e-21,zero_signal,5.691193300107321e-17,3.810020591282274e-21,1312,1313,-142.19578522698902
804,0.004573050876615525,3.1828546995318766e-21,zero_signal,5.57569306580863e-17,3.826300432309256e-21,1313,1314,-142.19277942311547
805,0.009517678032210597,2.8516665845616385e-21,zero_signal,5.394461087283617e-17,3.847070465422425e-21,1314,1315,-142.18663912523579
806,0.02121909590620419,2.4560547358071492e-21,zero_signal,5.1554845351369115e-17,3.871701767718119e-21,1315,1316,-142.17374406705105
807,0.050829559170068705,2.0212657785132677e-21,zero_signal,4.870430356761649e-17,3.899342962203509e-21,1316,1317,-142.14420093342338
808,0.12165452184511594,1.5852811089868506e-21,zero_signal,4.55546359813384e-17,3.9287033628946766e-21,1317,1318,-142.0720849487109
809,0.2400315486082576,1.2193360399326675e-21,zero_signal,4.2318220139535236e-17,3.958181370823356e-21,1318,1319,-141.90089188973315
810,0.2865018999420528,1.0571438718215787e-21,zero_signal,3.925771895946261e-17,3.986293118750099e-21,1319,1320,-141.5920218514944
811,0.14777175802538522,1.202000579600697e-21,zero_signal,3.667480211066573e-17,4.012123382424033e-21,1320,1321,-141.32788808984904
812,-0.05698151826321407,1.558586777551612e-21,zero_signal,3.48787642245801e-17,4.035489396560632e-21,1321,1322,-141.29647833544362
813,-0.1862507802987068,1.9889624609574773e-21,zero_signal,3.4124828223275207e-17,4.056666368146656e-21,1322,1323,-141.44185112637547
814,-0.23531736940574888,2.418721129286165e-21,zero_signal,3.453360719820746e-17,4.075801561473263e-21,1323,1324,-141.66897989604104
815,-0.23282951990123024,2.810473078236256e-21,zero_signal,3.6041372981135494e-17,4.0923976024036946e-21,1324,1325,-141.91248586518697
816,-0.20337580595759164,3.1420173169551336e-21,zero_signal,3.8424945353358694e-17,4.105263638007495e-21,1325,1326,-142.1346389358435
817,-0.16446902901037674,3.39780622847551e-21,zero_signal,4.1379853764319035e-17,4.113018682474019e-21,1326,1327,-142.31923747710215
818,-0.12594188820213503,3.565925582879642e-21,zero_signal,4.4594864771924295e-17,4.114778468892398e-21,1327,1328,-142.46357699386425
819,-0.09164235401496512,3.637593681974265e-21,zero_signal,4.7794426189020023e-17,4.1104606877968615e-21,1328,1329,-142.57112125350642
820,-0.06195689174835195,3.6079094835051955e-21,zero_signal,5.075396497012645e-17,4.100443533179772e-21,1329,1330,-142.64686170189418
821,-0.03561688444507638,3.476852328411256e-21,zero_signal,5.330049716927301e-17,4.084896705354159e-21,1330,1331,-142.69503503700312
822,-0.01045046243758918,3.249709706014267e-21,zero_signal,5.530624065011144e-17,4.063438782256319e-21,1331,1332,-142.71809547078433
823,0.016855786676799767,2.9367529032751327e-21,zero_signal,5.667950908036636e-17,4.035515193090223e-21,1332,1333,-142.7159359618783
824,0.052238031658291106,2.5530773087748062e-21,zero_signal,5.735708385136193e-17,4.001255817461004e-21,1333,1334,-142.68438389743073
825,0.10793378510338414,2.120683394158284e-21,zero_signal,5.730204506127166e-17,3.962140741830007e-21,1334,1335,-142.61145989856172
826,0.20735251159025836,1.6764258382937707e-21,zero_signal,5.650800074943739e-17,3.920941909515351e-21,1335,1336,-142.46851632722397
827,0.35905121345909663,1.2932221925343625e-21,zero_signal,5.500611917089106e-17,3.880959437020981e-21,1336,1337,-142.1967548753812
828,0.4486760272983332,1.1100272037274759e-21,zero_signal,5.2869425075382897e-17,3.845074199026287e-21,1337,1338,-141.75041390030577
829,0.34986092802084556,1.2422872671907123e-21,zero_signal,5.021168850877936e-17,3.815229199974199e-21,1338,1339,-141.29940282078454
830,0.15981458052401365,1.5981553558964623e-21,zero_signal,4.7183458894392653e-17,3.7925889614467146e-21,1339,1340,-141.05069204426408
831,0.012022734672456181,2.0304772838188174e-21,zero_signal,4.397059014886934e-17,3.778101837160696e-21,1340,1341,-140.9797736597365
832,-0.09108982806384347,2.4595844135086883e-21,zero_signal,4.079823299163023e-17,3.772916175293075e-21,1341,1342,-141.02664657491917
833,-0.17211427278367353,2.8476256334327456e-21,zero_signal,3.793616711883445e-17,3.778292935396318e-21,1342,1343,-141.1619533158642
834,-0.23741656610380346,3.173891469352987e-21,zero_signal,3.569133067657901e-17,3.7950035798478375e-21,1343,1344,-141.37087512048652
835,-0.729901563002926,3.424622562392773e-21,zero_signal,3.436605271650324e-17,3.82282088345704e-21,1344,1345,-141.6367864480718
836,-0.4135940422525124,1.455340111882313e-21,zero_signal,5.0784143830507824e-17,3.949564465152545e-21,1375,1376,-142.83067824649237
837,0.46607454593113573,1.0974177515009245e-21,zero_signal,5.187667259734965e-17,3.9118898788966964e-21,1376,1377,-142.46397453257683
838,0.4866119564029958,1.0784673481883643e-21,zero_signal,5.248343435368317e-17,3.874099638563105e-21,1377,1378,-141.8985291546301
839,0.29593826049888605,1.422572094065544e-21,zero_signal,5.2569179410232115e-17,3.839395657362901e-21,1378,1379,-141.49075061977084
840,0.12473698363353947,1.921355441700718e-21,zero_signal,5.2132833191672506e-17,3.8110425354687495e-21,1379,1380,-141.30665263363232
841,0.03404727657502349,2.4400208614830034e-21,zero_signal,5.120450745123848e-17,3.790971262894336e-21,1380,1381,-141.24127665250376
842,-0.017527316187994302,2.9181247632852196e-21,zero_signal,4.983979700414682e-17,3.779689289408568e-21,1381,1382,-141.23855808048228
843,-0.05412562935144649,3.324846304482918e-21,zero_signal,4.811576849194216e-17,3.777125530247335e-21,1382,1383,-141.27633128487975
844,-0.08613192584599005,3.642854291579563e-21,zero_signal,4.613116600655928e-17,3.7835321293809326e-21,1383,1384,-141.34680933918517
845,-0.1180047040522254,3.862041379047598e-21,zero_signal,4.400994274284621e-17,3.799538400161629e-21,1384,1385,-141.44859513657173
846,-0.15080006297439752,3.976308659933457e-21,zero_signal,4.1904324827389633e-17,3.825353275303201e-21,1385,1386,-141.58281874728962
847,-0.18264481795181098,3.982096096303645e-21,zero_signal,3.999191789992756e-17,3.8599303759356305e-21,1386,1387,-141.75019526252052
848,-0.2089566916577752,3.878440239353087e-21,zero_signal,3.846122760088356e-17,3.900898749895442e-21,1387,1388,-141.94810838319324
849,-0.2234287456058155,3.668080860303818e-21,zero_signal,3.748315143952009e-17,3.94532851223634e-21,1388,1389,-142.16810864583607
850,-0.2198821163687512,3.358738047359946e-21,zero_signal,3.717441893267316e-17,3.990673283174448e-21,1389,1390,-142.39496587440487
851,-0.19352248055672305,2.9638361188276842e-21,zero_signal,3.756880082639141e-17,4.03513812732152e-21,1390,1391,-142.60787287857357
852,-0.1388952574604474,2.5029675818973776e-21,zero_signal,3.861180178968667e-17,4.077284385032296e-21,1391,1392,-142.78201083551832
853,-0.04180883779140743,2.004430824960883e-21,zero_signal,4.0179747289882895e-17,4.115367837143799e-21,1392,1393,-142.88566339349447
854,0.12961854121998329,1.5166863427959985e-21,zero_signal,4.210916075021563e-17,4.147113779410143e-21,1393,1394,-142.86562851110114
855,0.35049516539267245,1.1455262889328819e-21,zero_signal,4.4222392863610465e-17,4.170202504722073e-21,1394,1395,-142.6264263110545
856,0.41282802726239254,1.0861508596908427e-21,zero_signal,4.634541463808441e-17,4.18307318106106e-21,1395,1396,-142.1646381803158
857,0.2618118165332959,1.3922158068111357e-21,zero_signal,4.8320137930006454e-17,4.185366400530257e-21,1396,1397,-141.80077025652972
858,0.10542510297067054,1.8752947271070772e-21,zero_signal,5.0013369591376216e-17,4.1776777723402774e-21,1397,1398,-141.6410145472492
859,0.026372240706663774,2.3947261620905802e-21,zero_signal,5.1322365944134e-17,4.160922147424002e-21,1398,1399,-141.58992005058838
860,-0.010604246479843482,2.884675687427157e-21,zero_signal,5.21764980478936e-17,4.135894371857796e-21,1399,1400,-141.58827006583587
861,-0.029919508043306564,3.309775482823452e-21,zero_signal,5.2535503256690703e-17,4.103342060570111e-21,1400,1401,-141.61112854354806
862,-0.04197347839526344,3.648348692920841e-21,zero_signal,5.238577029841946e-17,4.064384176916383e-21,1401,1402,-141.64810908192248
863,-0.05148407931409338,3.8868399586350885e-21,zero_signal,5.1736651149229746e-17,4.020872695939011e-21,1402,1403,-141.6950755003386
864,-0.06102590569625477,4.017186094238019e-21,zero_signal,5.061896979300801e-17,3.975404209863552e-21,1403,1404,-141.75107724055067
865,-0.07215603109403901,4.0352701362964406e-21,zero_signal,4.9087160391593166e-17,3.930928265688951e-21,1404,1405,-141.8171273117311
866,-0.08552312464308898,3.940441982693267e-21,zero_signal,4.722428944530169e-17,3.890112304680343e-21,1405,1406,-141.89538930273875
867,-0.10055812511782847,3.7360431783862304e-21,zero_signal,4.514656161977843e-17,3.854795003148659e-21,1406,1407,-141.98817356101728
868,-0.11491745496107342,3.430287482428548e-21,zero_signal,4.300294093635716e-17,3.825886828956173e-21,1407,1408,-142.0965055529744
869,-0.12342223805637786,3.0368119137589486e-21,zero_signal,4.0967316204190785e-17,3.803809569606028e-21,1408,1409,-142.21800847093942
870,-0.11561800986878268,2.5751776167872038e-21,zero_signal,3.9223622607639757e-17,3.789129506724333e-21,1409,1410,-142.34335002908716
871,-0.07007128810798235,2.0734730460530265e-21,zero_signal,3.794576423763763e-17,3.782829481018114e-21,1410,1411,-142.449244490677
872,0.05154600362514827,1.5790080395702678e-21,zero_signal,3.7273749314320205e-17,3.7859399710695565e-21,1411,1412,-142.48349260530313
873,0.24079154084780896,1.1917981319513668e-21,zero_signal,3.72884688220969e-17,3.798808898747057e-21,1412,1413,-142.3461524834267
874,0.3086623490606826,1.098907807719502e-21,zero_signal,3.7992132971473666e-17,3.82063425331694e-21,1413,1414,-142.0019095236075
875,0.1759303628828377,1.3733928279944869e-21,zero_signal,3.930442469482518e-17,3.849684331403014e-21,1414,1415,-141.72882778530533
876,0.02869717828832563,1.8394542821179723e-21,zero_signal,4.107877316232035e-17,3.884050297701669e-21,1415,1416,-141.65004879784183
877,-0.039315923601122904,2.3512079715572268e-21,zero_signal,4.313215160688402e-17,3.92232108876374e-21,1416,1417,-141.67143342872868
878,-0.06200119097039192,2.840709877765683e-21,zero_signal,4.527627339029161e-17,3.963633475891168e-21,1417,1418,-141.72868064504408
879,-0.06675613666776314,3.2727212683599473e-21,zero_signal,4.734100322693542e-17,4.0070818896826724e-21,1418,1419,-141.79543581066946
880,-0.065354386969247,3.625366981523564e-21,zero_signal,4.9186509615661954e-17,4.051034043349284e-21,1419,1420,-141.8621929183796
881,-0.062316534512277144,3.8834699150277916e-21,zero_signal,5.0704969615312456e-17,4.0930037229429045e-21,1420,1421,-141.92614458460795
882,-0.05907619489175886,4.0359108337611446e-21,zero_signal,5.1815610819329756e-17,4.1302583618116136e-21,1421,1422,-141.98682598740416
883,-0.05586612827157467,4.074929808250739e-21,zero_signal,5.2458852629946416e-17,4.160691083460457e-21,1422,1423,-142.04429697439147
884,-0.05259395531264488,3.9969415411259565e-21,zero_signal,5.259486004854422e-17,4.183267064119229e-21,1423,1424,-142.0985582439473
885,-0.04904389525867714,3.80411896059463e-21,zero_signal,5.2208050322923436e-17,4.197757153595908e-21,1424,1425,-142.14948488501676
886,-0.04444560838447842,3.5054418798720215e-21,zero_signal,5.1314100283472245e-17,4.2040818959750734e-21,1425,1426,-142.19664603446466
887,-0.03633815965579856,3.1163618222965366e-21,zero_signal,4.9963797846835093e-17,4.20184612132678e-21,1426,1427,-142.23837610178572
888,-0.018222335860158978,2.657900910423907e-21,zero_signal,4.824068714587339e-17,4.190402595969677e-21,1427,1428,-142.26932235377626
889,0.025600358372955156,2.1581506157692814e-21,zero_signal,4.6254545659881963e-17,4.1693501039630496e-21,1428,1429,-142.27482077350604
890,0.1261031834710451,1.662154204670947e-21,zero_signal,4.4135672404479764e-17,4.1391124961824e-21,1429,1430,-142.21812163703035
891,0.28085012627495587,1.2627746421607712e-21,zero_signal,4.203309480762211e-17,4.101255411420556e-21,1430,1431,-142.02261440656395
892,0.325590867092032,1.1369761706538206e-21,zero_signal,4.0114377941321005e-17,4.0583518354271625e-21,1431,1432,-141.65642138448044
893,0.16787884309863443,1.3782791726638699e-21,zero_signal,3.8559498630043656e-17,4.013421321218476e-21,1432,1433,-141.37143267237988
894,-0.022483276132547303,1.8293472575046114e-21,zero_signal,3.754049820935305e-17,3.969222584897383e-21,1433,1434,-141.32066369828317
895,-0.127931193850074,2.3362422437398698e-21,zero_signal,3.718596489385601e-17,3.927834592990657e-21,1434,1435,-141.41639922464498
896,-0.16896710007542026,2.8247961525450637e-21,zero_signal,3.7543793633882605e-17,3.890804407002021e-21,1435,1436,-141.57652608598332
897,-0.1739201634822649,3.258240922270318e-21,zero_signal,3.856497133077437e-17,3.859693422932361e-21,1436,1437,-141.75433342479582
898,-0.16011306150426208,3.61541469214823e-21,zero_signal,4.012026477563541e-17,3.836464409866355e-21,1437,1438,-141.92436641294785
899,-0.13834026487695894,3.882328349741663e-21,zero_signal,4.203774557706757e-17,3.8232081383212526e-21,1438,1439,-142.07455954780434
900,-0.1147345065801062,4.0483288443252156e-21,zero_signal,4.413793909546146e-17,3.8212611255417785e-21,1439,1440,-142.20104694270177
901,-0.09194470731684135,4.104789555640876e-21,zero_signal,4.625327444357927e-17,3.830383288315334e-21,1440,1441,-142.30402856096455
902,-0.07045282408934384,4.045938737665501e-21,zero_signal,4.8233887128576515e-17,3.848746546048976e-21,1441,1442,-142.38493635733545
903,-0.04964576662446518,3.871015847454334e-21,zero_signal,4.994883456286428e-17,3.873862171339477e-21,1442,1443,-142.44493420914324
904,-0.028196074556817052,3.5862684876271974e-21,zero_signal,5.128934619499979e-17,3.903753905151103e-21,1443,1444,-142.48422789058438
905,-0.0034617160656011947,3.205569293859438e-21,zero_signal,5.217454335607105e-17,3.937426858977862e-21,1444,1445,-142.50132635825688
906,0.03056830855429382,2.749946079789942e-21,zero_signal,5.255601187131945e-17,3.9742891467742495e-21,1445,1446,-142.49115132271558
907,0.08800104177919366,2.248576411964571e-21,zero_signal,5.241815009367154e-17,4.0131397385330806e-21,1446,1447,-142.4401897411483
908,0.19667093326599172,1.747004678300448e-21,zero_signal,5.177456413749662e-17,4.0517332514570085e-21,1447,1448,-142.3151492391572
909,0.35863910979625757,1.334465068516499e-21,zero_signal,5.0663424623499505e-17,4.087368612044096e-21,1448,1449,-142.0468478746163
910,0.42747398533062153,1.1800839908097165e-21,zero_signal,4.914481594797246e-17,4.1179728680903194e-21,1449,1450,-141.59787101956468
911,0.29404339326583795,1.3924610069609294e-21,zero_signal,4.7301429318665114e-17,4.142720057809346e-21,1450,1451,-141.19189990395506
912,0.09931723836453443,1.832437208715703e-21,zero_signal,4.524192925927565e-17,4.161726928215707e-21,1451,1452,-141.009784233033
913,-0.0336805279197705,2.3396256988990178e-21,zero_signal,4.31044903357136e-17,4.175245362402042e-21,1452,1453,-140.993265427226
914,-0.11744114800578132,2.8322238963049875e-21,zero_signal,4.1056307318805135e-17,4.1831480819568404e-21,1453,1454,-141.07714528887254
915,-0.17468064761285973,3.2692153547971843e-21,zero_signal,3.928400761111861e-17,4.1850968332715224e-21,1454,1455,-141.22814772323756
916,-0.2134869887014048,3.62766055829748e-21,zero_signal,3.797157074422813e-17,4.181094568599328e-21,1455,1456,-141.42650658409826
917,-0.23481847788599453,3.893898322895569e-21,zero_signal,3.726803250349317e-17,4.171827456221763e-21,1456,1457,-141.65512170064036
918,-0.2384056779876289,4.0592915159683916e-21,zero_signal,3.7255337650687676e-17,4.158478027968556e-21,1457,1458,-141.89614353987025
919,-0.2257041596750895,4.11804196826227e-21,zero_signal,3.793066051298713e-17,4.142170915405318e-21,1458,1459,-142.13193305661562
920,-0.2001760020942669,4.066730551559334e-21,zero_signal,3.921093323925084e-17,4.1234673070621944e-21,1459,1460,-142.34755185922043
921,-0.16584522180966133,3.905192483253017e-21,zero_signal,4.0954492249443186e-17,4.102244470592648e-21,1460,1461,-142.53228506080416
922,-0.12558233145431075,3.6378938973557665e-21,zero_signal,4.298804870327374e-17,4.078033185952263e-21,1461,1462,-142.67924230283975
923,-0.07976678153869443,3.2750540205835607e-21,zero_signal,4.513045997688747e-17,4.050618274929129e-21,1462,1463,-142.78344972371278
924,-0.02461177497166034,2.83357442437883e-21,zero_signal,4.721070089543011e-17,4.020548553604266e-21,1463,1464,-142.83877586591714
925,0.051645903469477616,2.3393006934033016e-21,zero_signal,4.908025711761951e-17,3.9892243914895205e-21,1464,1465,-142.8326732736561
926,0.17431770926071977,1.8349480852404584e-21,zero_signal,5.062044515569684e-17,3.958474767199328e-21,1465,1466,-142.7354840589782
927,0.35330318760082946,1.4043216004686788e-21,zero_signal,5.174499201028598e-17,3.9299165960113e-21,1466,1467,-142.48403785513466
928,0.46223121797602573,1.210394560644914e-21,zero_signal,5.239842316649208e-17,3.9046181761030456e-21,1467,1468,-142.02887768377653
929,0.37243400869782306,1.3852012909219468e-21,zero_signal,5.255165952699311e-17,3.883370606466528e-21,1468,1469,-141.5595754191826
930,0.19942724101782972,1.812848966313674e-21,zero_signal,5.2197542745209094e-17,3.867292361249078e-21,1469,1470,-141.28400966638088
931,0.08051635440790506,2.3239432914987447e-21,zero_signal,5.134956278197462e-17,3.858088607951586e-21,1470,1471,-141.16072093714695
932,0.010908965163537232,2.8275296016157526e-21,zero_signal,5.0045354978112024e-17,3.8575397604603504e-21,1471,1472,-141.12297695756507
933,-0.03648977439127066,3.277820295444771e-21,zero_signal,4.8352950169691103e-17,3.8665427572382044e-21,1472,1473,-141.13890300681987
934,-0.07548095681178779,3.64892426456679e-21,zero_signal,4.6375058202253534e-17,3.884533948236932e-21,1473,1474,-141.1959565063476
935,-0.11167557320324306,3.9251236959741764e-21,zero_signal,4.424744457954227e-17,3.909832206635877e-21,1474,1475,-141.28986492044345
936,-0.1465432121963488,4.0965835835120615e-21,zero_signal,4.2131177061486783e-17,3.940618501694441e-21,1475,1476,-141.4193076527541
937,-0.17895750297512336,4.157440832822263e-21,zero_signal,4.0201514052005084e-17,3.975714059414433e-21,1476,1477,-141.58295134483615
938,-0.20569551857337842,4.1055287896999914e-21,zero_signal,3.8635206316133696e-17,4.014531292311592e-21,1477,1478,-141.77722265870435
939,-0.22190663852938997,3.942983398609594e-21,zero_signal,3.7593955899855213e-17,4.056311591306538e-21,1478,1479,-141.9943423819829
940,-0.22219880342515808,3.6767790077158244e-21,zero_signal,3.720039974616479e-17,4.099362704633632e-21,1479,1480,-142.22103593576313
941,-0.20201444216438347,3.318708387652369e-21,zero_signal,3.750954780984012e-17,4.140974565474246e-21,1480,1481,-142.43873998883322
942,-0.1574847074575132,2.8853552575222743e-21,zero_signal,3.8489149180790867e-17,4.178096671665893e-21,1481,1482,-142.6250648200919
943,-0.08131348569304464,2.3998803416464177e-21,zero_signal,4.0023410324256287e-17,4.2082389341589646e-21,1482,1483,-142.75370940374825
944,0.04507415818733307,1.8995497518363686e-21,zero_signal,4.194053039197195e-17,4.229932936608487e-21,1483,1484,-142.78769179147798
945,0.23415587106936187,1.458218133045756e-21,zero_signal,4.4049725542122165e-17,4.242520634391805e-21,1484,1485,-142.66356108737358
946,0.37885346323233193,1.226755405760568e-21,zero_signal,4.6171646826522586e-17,4.245605950807244e-21,1485,1486,-142.31938004933926
947,0.3319621434428228,1.3568362420152673e-21,zero_signal,4.815425586893883e-17,4.238724928240139e-21,1486,1487,-141.90585416090892
948,0.1788548593873287,1.763929446527019e-21,zero_signal,4.9875048829878546e-17,4.2215292180586286e-21,1487,1488,-141.6554557624536
949,0.07135739705952915,2.2729400176062353e-21,zero_signal,5.123600144008406e-17,4.1943197690538754e-21,1488,1489,-141.54814444213426
950,0.018104273065745247,2.784011543101841e-21,zero_signal,5.2159068777604524e-17,4.158503605678527e-21,1489,1490,-141.51274096833455
951,-0.008620700730531894,3.2479625798716714e-21,zero_signal,5.258726014364521e-17,4.116624783786238e-21,1490,1491,-141.51193589600277
952,-0.02470488059945808,3.637617402614028e-21,zero_signal,5.2490725504717764e-17,4.071893843761059e-21,1491,1492,-141.52998236979562
953,-0.037576412262239955,3.935811456830671e-21,zero_signal,5.187283579589739e-17,4.0274090359843066e-21,1492,1493,-141.56134565720168
954,-0.05043369872316816,4.130232107350128e-21,zero_signal,5.077135850565954e-17,3.985449244064859e-21,1493,1494,-141.6051351943201
955,-0.06429891537139554,4.2117923807975526e-21,zero_signal,4.925409434315799e-17,3.9472533514182224e-21,1494,1495,-141.66221305464802
956,-0.07918428175096892,4.175374346209014e-21,zero_signal,4.741273941918796e-17,3.913458955154079e-21,1495,1496,-141.7337330250629
957,-0.0946740796382528,4.02153653561316e-21,zero_signal,4.535957546655126e-17,3.8849037770933754e-21,1496,1497,-141.82058161814996
958,-0.10972476590271185,3.757631617797765e-21,zero_signal,4.322853451613988e-17,3.8631440462623185e-21,1497,1498,-141.9230811843394
959,-0.12146716038624561,3.397557046203617e-21,zero_signal,4.117758865141277e-17,3.85018724344302e-21,1498,1499,-142.04003114995538
960,-0.12291243632320459,2.9607677793469166e-21,zero_signal,3.93858234244287e-17,3.847563600593735e-21,1499,1500,-142.1660155051119
961,-0.09937678929951232,2.472678975923972e-21,zero_signal,3.803779760544131e-17,3.855466812903651e-21,1500,1501,-142.2858560226018
962,-0.024372757422383984,1.9705106937720736e-21,zero_signal,3.7292174350916805e-17,3.872686963363596e-21,1501,1502,-142.3647690837109
963,0.12365022630224587,1.522877391852152e-21,zero_signal,3.724273867538146e-17,3.897391259642772e-21,1502,1503,-142.33460153744656
964,0.2601940871450239,1.2672165805887116e-21,zero_signal,3.78916179197073e-17,3.928081855765477e-21,1503,1504,-142.11746863110642
965,0.23564018656776398,1.3568678018141836e-21,zero_signal,3.9151816762659476e-17,3.96392878309159e-21,1504,1505,-141.8142133631565
966,0.10116529637269878,1.7362519703337453e-21,zero_signal,4.087582140906544e-17,4.0042460467851444e-21,1505,1506,-141.6461882579709
967,0.00291686842089689,2.2351417706193694e-21,zero_signal,4.289022930699969e-17,4.0476488553950845e-21,1506,1507,-141.6118827704111
968,-0.03987204454810467,2.7472604959139505e-21,zero_signal,4.5020111020356595e-17,4.091725520330117e-21,1507,1508,-141.6403545211291
969,-0.05396361641749081,3.2189028338199385e-21,zero_signal,4.710124162925077e-17,4.13360444397675e-21,1508,1509,-141.69162685950732
970,-0.05599683858278581,3.6201071216222364e-21,zero_signal,4.898663505942707e-17,4.170982022117268e-21,1509,1510,-141.74828175396408
971,-0.053841965675417214,3.932161471642715e-21,zero_signal,5.0552477575465633e-17,4.2027393756772586e-21,1510,1511,-141.8036205366729
972,-0.05112647764646283,4.1421716823791916e-21,zero_signal,5.1703774229075356e-17,4.228636326466462e-21,1511,1512,-141.8559656853149
973,-0.04926037732998623,4.240755573449084e-21,zero_signal,5.2377562462679504e-17,4.248407398561519e-21,1512,1513,-141.90587349196582
974,-0.04828436616435283,4.221862180590176e-21,zero_signal,5.2542485591713923e-17,4.261109596972918e-21,1513,1514,-141.9544864399749
975,-0.04735916182528399,4.0840249246872234e-21,zero_signal,5.219562656732811e-17,4.265298385249813e-21,1514,1515,-142.00244222429453
976,-0.04508652262232715,3.8320109061483375e-21,zero_signal,5.135867842663288e-17,4.259828689931212e-21,1515,1516,-142.04920476362545
977,-0.03940310375537592,3.477844409252843e-21,zero_signal,5.007551441363157e-17,4.2445599426548404e-21,1516,1517,-142.09261526953918
978,-0.026433327461361955,3.040956536537646e-21,zero_signal,4.84125897286565e-17,4.2204375352413884e-21,1517,1518,-142.1280109711362
979,0.002652490015748299,2.5487217690527413e-21,zero_signal,4.646234607625353e-17,4.1890283332160945e-21,1518,1519,-142.1454819244619
980,0.06662281045366569,2.0410235310677516e-21,zero_signal,4.434766662321715e-17,4.151983985797558e-21,1519,1520,-142.1227059911047
981,0.18247100558311047,1.586705183109686e-21,zero_signal,4.222323096019334e-17,4.110826293860773e-21,1520,1521,-142.01223630355457
982,0.27994812985778594,1.3158495149157444e-21,zero_signal,4.0269016560776706e-17,4.0671028613147065e-21,1521,1522,-141.7577639799385
983,0.22427278116245475,1.3764554715615672e-21,zero_signal,3.867316886845428e-17,4.022685925040433e-21,1522,1523,-141.452340043839
984,0.05759985060015538,1.7294908149660222e-21,zero_signal,3.7605439400301275e-17,3.9799336104293876e-21,1523,1524,-141.30921841761358
985,-0.07368982340247499,2.2129088293383997e-21,zero_signal,3.7186990724596573e-17,3.941538421354629e-21,1524,1525,-141.3371403426387
986,-0.1370567190753036,2.718499953724232e-21,zero_signal,3.746593578698016e-17,3.9100645324139786e-21,1525,1526,-141.45659806441853
987,-0.15619872008524283,3.190371055634817e-21,zero_signal,3.8407862012931874e-17,3.887385840893256e-21,1526,1527,-141.6112537807893
988,-0.1508112385588305,3.5966930388300094e-21,zero_signal,3.9904810119569664e-17,3.874372961753672e-21,1527,1528,-141.76899550458901
989,-0.1332700326667009,3.917067621752102e-21,zero_signal,4.179789138914742e-17,3.871068800602682e-21,1528,1529,-141.91287625790696
990,-0.11128426566358485,4.1374607534791075e-21,zero_signal,4.390445560060749e-17,3.8772289529653515e-21,1529,1530,-142.03553556992242
991,-0.08926906725261574,4.248128745445455e-21,zero_signal,4.60424157591646e-17,3.8927554855477336e-21,1530,1531,-142.13544478923413
992,-0.06914100518285693,4.243154233746263e-21,zero_signal,4.8048252716265607e-17,3.917579722624791e-21,1531,1532,-142.21407370442765
993,-0.05093779541645915,4.121025000883774e-21,zero_signal,4.978783667594572e-17,3.951026425569245e-21,1532,1533,-142.27372679959984
994,-0.03330060548044855,3.885642180159226e-21,zero_signal,5.1160184726945904e-17,3.9912274322734026e-21,1533,1534,-142.31594929526057
995,-0.013611024937446814,3.54710197571661e-21,zero_signal,5.209511801077453e-17,4.035204122280328e-21,1534,1535,-142.34032801056074
996,0.012734750544893814,3.122108977662037e-21,zero_signal,5.254752305660759e-17,4.0796830059485115e-21,1535,1536,-142.34317134513546
997,0.054832369170384254,2.6351464064281833e-21,zero_signal,5.249264829357216e-17,4.122041548727748e-21,1536,1537,-142.31485850947095
998,0.13077990826332098,2.1236597950962707e-21,zero_signal,5.1926341571940464e-17,4.16065363652145e-21,1537,1538,-142.2335066067947
999,0.258781505183606,1.654409391735509e-21,zero_signal,5.087051750356027e-17,4.194459715414098e-21,1538,1539,-142.0532986929443
1000,0.3765163797773283,1.3562246108539627e-21,zero_signal,4.937980813150797e-17,4.222295118067569e-21,1539,1540,-141.71594359642748
1001,0.34110800442157085,1.3875602411381395e-21,zero_signal,4.75440864262022e-17,4.242693646079086e-21,1540,1541,-141.30026593338965
1002,0.17289579457960258,1.7261527939611592e-21,zero_signal,4.5484682772060164e-17,4.2543894888506025e-21,1541,1542,-141.03372758758434
1003,0.0174057613660068,2.2053914180505074e-21,zero_signal,4.334678637261727e-17,4.257067176109919e-21,1542,1543,-140.95447434423045
1004,-0.08420301834550514,2.7093333703833376e-21,zero_signal,4.1292224403771694e-17,4.251682538943986e-21,1543,1544,-140.99891606485232
1005,-0.15128413926407802,3.1800448688454664e-21,zero_signal,3.9493544239733655e-17,4.240055086876144e-21,1544,1545,-141.12288038092146
1006,-0.19674181835198112,3.586499082836902e-21,zero_signal,3.812452462476425e-17,4.224026565731894e-21,1545,1546,-141.30148434338048
1007,-0.22388481442318664,3.909560221858408e-21,zero_signal,3.7339668503637086e-17,4.204782123591054e-21,1546,1547,-141.51636401762542
1008,-0.23239609319638532,4.1358037036574504e-21,zero_signal,3.724155416147705e-17,4.1827481375847885e-21,1547,1548,-141.74925397222685
1009,-0.22284556674065925,4.2552855514132335e-21,zero_signal,3.7848891126204327e-17,4.158030823770505e-21,1548,1549,-141.9811562040182
1010,-0.19852343257090865,4.261523002094546e-21,zero_signal,3.908612128992555e-17,4.131012734550924e-21,1549,1550,-142.19494510570817
1011,-0.16445645355405247,4.152616573043203e-21,zero_signal,4.080387538221644e-17,4.102684905970452e-21,1550,1551,-142.37820306916
1012,-0.12511598912468003,3.932409121575311e-21,zero_signal,4.2817860529139e-17,4.074501399166963e-21,1551,1552,-142.52385801281628
1013,-0.0825002544534641,3.610812409119857e-21,zero_signal,4.4944667403850127e-17,4.047838973250865e-21,1552,1553,-142.62843504740937
1014,-0.034810866816457064,3.2033616848524794e-21,zero_signal,4.702155314505253e-17,4.023416323955612e-21,1553,1554,-142.6888585217232
1015,0.02543763586744774,2.7315974845921187e-21,zero_signal,4.89106365993766e-17,4.001146474720284e-21,1554,1555,-142.69805678104228
1016,0.11498437355054136,2.227792506789657e-21,zero_signal,5.049581443758656e-17,3.98067653351685e-21,1555,1556,-142.6379832499883
1017,0.2548269762719997,1.7506195143455826e-21,zero_signal,5.168105175306704e-17,3.9623174344387685e-21,1556,1557,-142.4680880339412
1018,0.40196336523405307,1.418696262295823e-21,zero_signal,5.239375665996417e-17,3.947592790458873e-21,1557,1558,-142.1283292974443
1019,0.4135523229636249,1.4007652685950551e-21,zero_signal,5.2590951370779544e-17,3.938783049979881e-21,1558,1559,-141.6641613034731
1020,0.2764044167453932,1.7138606105234995e-21,zero_signal,5.2263264987980196e-17,3.9376717552792115e-21,1559,1560,-141.30122465151706
1021,0.13270768972523683,2.194402420308102e-21,zero_signal,5.143383696411187e-17,3.944503771372999e-21,1560,1561,-141.1113524699823
1022,0.040985356911235726,2.710493684668032e-21,zero_signal,5.0153456701649115e-17,3.9580667548464705e-21,1561,1562,-141.0358092720666
1023,-0.017602736727397428,3.194407475201214e-21,zero_signal,4.849581803430532e-17,3.976806723264677e-21,1562,1563,-141.02938175615984
1024,-0.06156368155676262,3.611000429946845e-21,zero_signal,4.655604839539273e-17,3.9999582504788565e-21,1563,1564,-141.07101474552138
1025,-0.10026372852124155,3.940367694449599e-21,zero_signal,4.445289092182378e-17,4.027701889000005e-21,1564,1565,-141.15250911927336
1026,-0.1374143134385548,4.170093211247177e-21,zero_signal,4.2331937279580965e-17,4.060278046063709e-21,1565,1566,-141.27154220256386
1027,-0.17280118030161873,4.291743466437456e-21,zero_signal,4.036498022844914e-17,4.0969054176488014e-21,1566,1567,-141.42733774615047
1028,-0.20298823297881086,4.299956631500981e-21,zero_signal,3.87393577527189e-17,4.135466335803878e-21,1567,1568,-141.6171445631671
1029,-0.2223912776837551,4.193247082216864e-21,zero_signal,3.7632949024391905e-17,4.173203465803081e-21,1568,1569,-141.8333142121081
1030,-0.22531391779196497,3.9753790139396236e-21,zero_signal,3.717794341371457e-17,4.207807142548724e-21,1569,1570,-142.0619271185346
1031,-0.20806664528610952,3.656180499272007e-21,zero_signal,3.74277069012853e-17,4.237997500730566e-21,1570,1571,-142.28394204769202
1032,-0.16911398980725778,3.251497723538511e-21,zero_signal,3.834495194167175e-17,4.2631999117666685e-21,1571,1572,-142.47806040910683
1033,-0.1058057604632836,2.7834565348227437e-21,zero_signal,3.9816901370516175e-17,4.282706969133423e-21,1572,1573,-142.62217002730654
1034,-0.008381933191017765,2.2840299760813784e-21,zero_signal,4.1685118002357555e-17,4.295133634954269e-21,1573,1574,-142.6896719300334
1035,0.13906332162777346,1.807771951505146e-21,zero_signal,4.3773452767297255e-17,4.2986780733120516e-21,1574,1575,-142.63893389368857
1036,0.3042135032600015,1.4608781206706193e-21,zero_signal,4.5907158867549374e-17,4.291978227612503e-21,1575,1576,-142.41154528677785
1037,0.3555650815978453,1.4028613597953415e-21,zero_signal,4.792512331460887e-17,4.274851950830547e-21,1576,1577,-142.03050688716857
1038,0.25607999855419905,1.6776152048041297e-21,zero_signal,4.9688566369204296e-17,4.248369356179476e-21,1577,1578,-141.70041512358216
1039,0.13220828652993077,2.1423432831581743e-21,zero_signal,5.108720537243476e-17,4.214325588390745e-21,1578,1579,-141.51834689006017
1040,0.05582732966679771,2.6613252530640747e-21,zero_signal,5.2042389160730086e-17,4.174633716890387e-21,1579,1580,-141.4359985505223
1041,0.014625631464298294,3.1595780916501766e-21,zero_signal,5.2506932642172074e-17,4.131077965588676e-21,1580,1581,-141.40669223072658
1042,-0.009358561230726536,3.595745650147957e-21,zero_signal,5.246223701576212e-17,4.08546429331806e-21,1581,1582,-141.4067472875937
1043,-0.02582381668560174,3.945196315116882e-21,zero_signal,5.19141988160712e-17,4.0399059122624954e-21,1582,1583,-141.42540935318803
1044,-0.0398015712890043,4.192696118416383e-21,zero_signal,5.089026002534299e-17,3.9969611419401476e-21,1583,1584,-141.4583949209649
1045,-0.05415035078461017,4.3287633590868705e-21,zero_signal,4.943992097418212e-17,3.959465300067424e-21,1584,1585,-141.50501249576604
1046,-0.0703962041303896,4.3480586571431365e-21,zero_signal,4.763913474202573e-17,3.930046360475304e-21,1585,1586,-141.56669562253413
1047,-0.08878212143248732,4.2494275171857224e-21,zero_signal,4.559583267971767e-17,3.9105161639748686e-21,1586,1587,-141.64580490402682
1048,-0.10801561965440953,4.0368294401236106e-21,zero_signal,4.3451792091827473e-17,3.9015067801217664e-21,1587,1588,-141.7442598653991
1049,-0.12480092565985501,3.720080258414788e-21,zero_signal,4.1377030663609964e-17,3.902632056245643e-21,1588,1589,-141.86183614333564
1050,-0.13293303327819217,3.314993706737963e-21,zero_signal,3.955605612326648e-17,3.913062695392996e-21,1589,1590,-141.9938617167188
1051,-0.12154196639322379,2.843895155797837e-21,zero_signal,3.816779198253966e-17,3.9320491650358765e-21,1590,1591,-142.12770220989202
1052,-0.07234696287784459,2.339096477662931e-21,zero_signal,3.7361440656181186e-17,3.958972442891125e-21,1591,1592,-142.23694564950526
1053,0.0372722238260792,1.8544038424203968e-21,zero_signal,3.723110788411834e-17,3.9929318194683745e-21,1592,1593,-142.2723961356477
1054,0.18477392033497608,1.4913399706474995e-21,zero_signal,3.779525739650878e-17,4.032304054813441e-21,1593,1594,-142.1624012018531
1055,0.24495949107456738,1.4044254066506263e-21,zero_signal,3.899000474572304e-17,4.0747421361665364e-21,1594,1595,-141.90284829497776
1056,0.1643591887426652,1.6493502556207224e-21,zero_signal,4.068143298263399e-17,4.117696444167055e-21,1595,1596,-141.67248221970397
1057,0.05485208609505321,2.094534339992735e-21,zero_signal,4.2692510313464784e-17,4.159077668391703e-21,1596,1597,-141.57412991749243
1058,-0.00821001680250788,2.60414950862269e-21,zero_signal,4.4833910061072586e-17,4.1975404426636e-21,1597,1598,-141.56277804751386
1059,-0.03545719882593801,3.1026188833218685e-21,zero_signal,4.692937325250083e-17,4.232179530257557e-21,1598,1599,-141.59054995109744
1060,-0.04577392201896657,3.5483163952615685e-21,zero_signal,4.8831010206261365e-17,4.261948148389475e-21,1599,1600,-141.63369244516574
1061,-0.048967533075142455,3.915086197724889e-21,zero_signal,5.0423938226546836e-17,4.285379089719618e-21,1600,1601,-141.68209779513538
1062,-0.049204188162406126,4.184544278623362e-21,zero_signal,5.162275388525752e-17,4.3009309342669495e-21,1601,1602,-141.73162751131602
1063,-0.048131334119247526,4.3432646687320926e-21,zero_signal,5.236502217621532e-17,4.307689478939792e-21,1602,1603,-141.7805061714602
1064,-0.046465019258505436,4.382570535290302e-21,zero_signal,5.260774529382863e-17,4.305789915661565e-21,1603,1604,-141.82789017955452
1065,-0.04460963999727596,4.299683841013315e-21,zero_signal,5.232998649026124e-17,4.2961631182871155e-21,1604,1605,-141.8734362099772
1066,-0.0426195167077168,4.098798743389201e-21,zero_signal,5.153967600325919e-17,4.2798212464775995e-21,1605,1606,-141.91710945954907
1067,-0.039673409857186925,3.790938642542719e-21,zero_signal,5.0279095093208437e-17,4.25728858813085e-21,1606,1607,-141.95867524339263
1068,-0.03309078276383559,3.3927887247345684e-21,zero_signal,4.8624690210651655e-17,4.228617492531992e-21,1607,1608,-141.99645627926344
1069,-0.01654107690465878,2.926327832471575e-21,zero_signal,4.668159579776495e-17,4.193930661742221e-21,1608,1609,-142.0248568089203
1070,0.02311389516309248,2.42220958882504e-21,zero_signal,4.4577180814697164e-17,4.154068277884749e-21,1609,1610,-142.02953843307276
1071,0.1053207890371084,1.93129472545712e-21,zero_signal,4.2457603067227036e-17,4.110910895370315e-21,1610,1611,-141.97862901859412
1072,0.21561265943255137,1.550080049925742e-21,zero_signal,4.048690729606176e-17,4.067179346358679e-21,1611,1612,-141.81889685499854
1073,0.24317584075247112,1.4311489628017193e-21,zero_signal,3.8842698392589354e-17,4.025806158051285e-21,1612,1613,-141.54740369972902
1074,0.12981104590122072,1.6467105161740628e-21,zero_signal,3.7699949358260246e-17,3.989232823117289e-21,1613,1614,-141.3325451734936
1075,-0.01517094276385933,2.0761418750366203e-21,zero_signal,3.719917637777246e-17,3.9590772408156e-21,1614,1615,-141.28778160792658
1076,-0.10178394191079576,2.5782456549425357e-21,zero_signal,3.7408206842807175e-17,3.9363859787057894e-21,1615,1616,-141.36288705902132
1077,-0.13482281568354892,3.0733433803475885e-21,zero_signal,3.8299135938114075e-17,3.922220795874761e-21,1616,1617,-141.49134949174817
1078,-0.13729087150439057,3.5195053440436254e-21,zero_signal,3.975714662093624e-17,3.917993214671034e-21,1617,1618,-141.63253269038842
1079,-0.12532289178892597,3.8917388550279205e-21,zero_signal,4.161517141149111e-17,3.9250995409569636e-21,1618,1619,-141.76593123475695
1080,-0.1080838840606333,4.172428199613386e-21,zero_signal,4.369190792410739e-17,3.943998486360969e-21,1619,1620,-141.88317847396627
1081,-0.08984591380249185,4.3475601789397356e-21,zero_signal,4.5815905394155124e-17,3.973449114443926e-21,1620,1621,-141.98209900287821
1082,-0.07198989445669213,4.406428109688265e-21,zero_signal,4.783404712922608e-17,4.010633430409223e-21,1621,1622,-142.06287030157125
1083,-0.05457316339632712,4.343369378946866e-21,zero_signal,4.9612590876943736e-17,4.052228101568693e-21,1622,1623,-142.1260787917916
1084,-0.03713239287013437,4.159778386771655e-21,zero_signal,5.103880405797199e-17,4.0956802444677255e-21,1623,1624,-142.1720166283639
1085,-0.0186362212083111,3.864850571349897e-21,zero_signal,5.202561937256763e-17,4.139692382150547e-21,1624,1625,-142.20034357753187
1086,0.003365981122243511,3.4748132328280995e-21,zero_signal,5.251671945233333e-17,4.18353269486142e-21,1625,1626,-142.20928907078053
1087,0.03453624727215754,3.012184432157061e-21,zero_signal,5.248854385686103e-17,4.225813886195831e-21,1626,1627,-142.19361161528738
1088,0.08674592511900414,2.508061191231824e-21,zero_signal,5.194824897109409e-17,4.263905979215126e-21,1627,1628,-142.1402165762362
1089,0.17804906231629047,2.0120269174008727e-21,zero_signal,5.0929511946734306e-17,4.294611213713964e-21,1628,1629,-142.02011976504937
1090,0.2985192301030395,1.6156974436573602e-21,zero_signal,4.948901259927059e-17,4.315577282223178e-21,1629,1630,-141.78411845160363
1091,0.344789601908829,1.4675911179916077e-21,zero_signal,4.770555836006858e-17,4.3262454757459026e-21,1630,1631,-141.4230813048433
1092,0.24256160094770962,1.6550493835545137e-21,zero_signal,4.568222640640658e-17,4.3275804370253746e-21,1631,1632,-141.09453924778597
1093,0.08162604140790108,2.072169691441525e-21,zero_signal,4.355001100553691e-17,4.3209473765249466e-21,1632,1633,-140.93795810294787
1094,-0.04301943026648303,2.572613982495224e-21,zero_signal,4.1469246706909844e-17,4.3071922191973706e-21,1633,1634,-140.93128716497017
1095,-0.12567505921511213,3.069158363883964e-21,zero_signal,3.9623306249987926e-17,4.28664759606647e-21,1634,1635,-141.02399696348084
1096,-0.17969743870260402,3.515832759656734e-21,zero_signal,3.819972655617849e-17,4.259869082286651e-21,1635,1636,-141.1826372834004
1097,-0.21122955990449555,3.886805465682735e-21,zero_signal,3.7358987910020725e-17,4.228304981407628e-21,1636,1637,-141.38339184088605
1098,-0.22231754602178455,4.166054076140839e-21,zero_signal,3.71999761267243e-17,4.194279861482884e-21,1637,1638,-141.6050964032094
1099,-0.2152835568572442,4.3424542440281464e-21,zero_signal,3.773748018839276e-17,4.16031492373348e-21,1638,1639,-141.82802693292962
1100,-0.19411404013160904,4.407962050581891e-21,zero_signal,3.8902556477633367e-17,4.12830090087926e-21,1639,1640,-142.03566351692388
1101,-0.1634997958309583,4.35789349071165e-21,zero_signal,4.056277143401068e-17,4.0990754830752015e-21,1640,1641,-142.21625501319284
1102,-0.12727904396160739,4.192213338038708e-21,zero_signal,4.2549725540728845e-17,4.0726405464695534e-21,1641,1642,-142.3626631085858
1103,-0.08743445051307219,3.916731614086555e-21,zero_signal,4.4683469107816975e-17,4.04884004278166e-21,1642,1643,-142.47081310111605
1104,-0.04349015655908772,3.5437292178770706e-21,zero_signal,4.679062674141052e-17,4.028038067603222e-21,1643,1644,-142.53753200961194
1105,0.008629304921811354,3.0926293709488007e-21,zero_signal,4.8717104363477876e-17,4.011333657432144e-21,1644,1645,-142.55779341423423
1106,0.07914456860285668,2.592662476553064e-21,zero_signal,5.033650224981566e-17,4.000144623643196e-21,1645,1646,-142.5202733997683
1107,0.18532396816590335,2.091525327516404e-21,zero_signal,5.1554467710990245e-17,3.995448058832288e-21,1646,1647,-142.3995042770285
1108,0.32388654620557134,1.676537073744973e-21,zero_signal,5.230881642523282e-17,3.9972662677494385e-21,1647,1648,-142.1496254634365
1109,0.40246215774658367,1.4935156989268597e-21,zero_signal,5.256591779632964e-17,4.00482132893979e-21,1648,1649,-141.75173118461737
1110,0.33430268392488927,1.6477242902061973e-21,zero_signal,5.231553853752007e-17,4.017209969641476e-21,1649,1650,-141.34470114794334
1111,0.19319887992453744,2.0513245882059234e-21,zero_signal,5.15677761068889e-17,4.0339819963186364e-21,1650,1651,-141.0831258167676
1112,0.08050293594358493,2.553336637234209e-21,zero_signal,5.035487151634602e-17,4.0551079832944305e-21,1651,1652,-140.95830338809427
1113,0.006037698779152834,3.0586626831503275e-21,zero_signal,4.873718614902869e-17,4.080409715711948e-21,1652,1653,-140.92211994488042
1114,-0.04782466345791647,3.516257617527596e-21,zero_signal,4.6808968525033384e-17,4.109032514154094e-21,1653,1654,-140.94622799053596
1115,-0.09245385838252673,3.896941021203647e-21,zero_signal,4.4699008490743234e-17,4.139482183485266e-21,1654,1655,-141.01776927179625
1116,-0.1326125634433737,4.1826179755576264e-21,zero_signal,4.2564444400433753e-17,4.1702086343227935e-21,1655,1656,-141.131135707301
1117,-0.1689904879241766,4.36156946412266e-21,zero_signal,4.057975425983609e-17,4.2002164617936176e-21,1656,1657,-141.282994398683
1118,-0.19951217452774017,4.42680460019496e-21,zero_signal,3.892347474424699e-17,4.2291622436759214e-21,1657,1658,-141.46911668314937
1119,-0.22017228269217526,4.376000624403661e-21,zero_signal,3.776199368762741e-17,4.256850293857459e-21,1658,1659,-141.68201874773848
1120,-0.22625445852469284,4.211847148681886e-21,zero_signal,3.722729433888535e-17,4.282559858786485e-21,1659,1660,-141.90946124853372
1121,-0.2140213866247791,3.942021403395408e-21,zero_signal,3.738959557386479e-17,4.304778741549471e-21,1660,1661,-142.13452766478787
1122,-0.18170571449925887,3.578850832879187e-21,zero_signal,3.8235480969396635e-17,4.321562828774059e-21,1661,1662,-142.33750402178327
1123,-0.12811165952464876,3.1396612235165447e-21,zero_signal,3.966601724036578e-17,4.331212531460961e-21,1662,1663,-142.49793909378639
1124,-0.048301671925230494,2.6496988151893685e-21,zero_signal,4.151906664033512e-17,4.3327326879005316e-21,1663,1664,-142.59372734083257
1125,0.07016741952803329,2.1509749866135686e-21,zero_signal,4.3604848809942864e-17,4.3258005168970065e-21,1664,1665,-142.59454243763685
1126,0.227049950630402,1.722811726161636e-21,zero_signal,4.573875093281807e-17,4.31042916704258e-21,1665,1666,-142.4533925017765
1127,0.34026564961645533,1.505007457955794e-21,zero_signal,4.776128832039063e-17,4.286744248446982e-21,1666,1667,-142.14044253637604
1128,0.310559687965295,1.6197380165680752e-21,zero_signal,4.954371348622653e-17,4.25511847391362e-21,1667,1668,-141.7728612025436
1129,0.19346238332894927,2.002323672079034e-21,zero_signal,5.098412137732946e-17,4.2165539142339655e-21,1668,1669,-141.51932316044545
1130,0.09814159037588865,2.5002482770668808e-21,zero_signal,5.200176085676295e-17,4.172992737037867e-21,1669,1670,-141.3859364358857
1131,0.04344162789219297,3.0123180347994313e-21,zero_signal,5.2535875542126627e-17,4.127293655436353e-21,1670,1671,-141.32303997969368
1132,0.011658264732218981,3.484637639061799e-21,zero_signal,5.255038789465731e-17,4.082809655226042e-21,1671,1672,-141.2990531801013
1133,-0.010385706892606095,3.885981026719862e-21,zero_signal,5.204049656100998e-17,4.042700333240778e-21,1672,1673,-141.29972345022924
1134,-0.02919483698302372,4.1952725873166845e-21,zero_signal,5.1035803592876346e-17,4.0092740149642276e-21,1673,1674,-141.31982459388652
1135,-0.0474840616142842,4.396886468958886e-21,zero_signal,4.959777979487774e-17,3.983721750714892e-21,1674,1675,-141.35811312419528
1136,-0.0661923128504327,4.4801174894214786e-21,zero_signal,4.7814001424315705e-17,3.966432612603088e-21,1675,1676,-141.4147927171151
1137,-0.0855727820071337,4.4404197456780934e-21,zero_signal,4.5793630436437315e-17,3.9576736492441706e-21,1676,1677,-141.49049774989615
1138,-0.10538320526924849,4.280450571578459e-21,zero_signal,4.3666778161040815e-17,3.958079814609291e-21,1677,1678,-141.58593828112936
1139,-0.12415890906274285,4.009821949980133e-21,zero_signal,4.1586309808459476e-17,3.968481526451407e-21,1678,1679,-141.70126416043465
1140,-0.13776152386630258,3.643768550166741e-21,zero_signal,3.9726651479817516e-17,3.989134460455868e-21,1679,1680,-141.83425609925484
1141,-0.1376292429339543,3.202158371428774e-21,zero_signal,3.827212649011698e-17,4.0189858798411955e-21,1680,1681,-141.97678720816725
1142,-0.10917532350239867,2.7111284328152465e-21,zero_signal,3.73897065254096e-17,4.0556596272688354e-21,1681,1682,-142.10951458512275
1143,-0.03210068364926144,2.2106959885085998e-21,zero_signal,3.719055871818139e-17,4.0962653753764284e-21,1682,1683,-142.19513785517205
1144,0.10052775235415368,1.7736360594881764e-21,zero_signal,3.769802928509876e-17,4.138433983531068e-21,1683,1684,-142.17371595242128
1145,0.21742830995262352,1.5298979609926302e-21,zero_signal,3.884230213567267e-17,4.180764814539836e-21,1684,1685,-141.99408235046374
1146,0.21079031935707349,1.60778085701601e-21,zero_signal,4.048463508123365e-17,4.2223470133273945e-21,1685,1686,-141.73885933251603
1147,0.11230152129421356,1.9653408829435226e-21,zero_signal,4.245336231497727e-17,4.261820546018571e-21,1686,1687,-141.5725017117496
1148,0.02850133077896544,2.454054440757782e-21,zero_signal,4.457213560230481e-17,4.296891087493704e-21,1687,1688,-141.5142562899276
1149,-0.014011367108764716,2.9669912107676896e-21,zero_signal,4.667463387306766e-17,4.324860954584253e-21,1688,1689,-141.51549905019166
1150,-0.0314122414856115,3.446076414468391e-21,zero_signal,4.861112640862476e-17,4.3438305595575524e-21,1689,1690,-141.54227902414513
1151,-0.03738986597899441,3.858189273998889e-21,zero_signal,5.02533425803676e-17,4.35355741636259e-21,1690,1691,-141.5783235331629
1152,-0.03913532394199137,4.1818027948427234e-21,zero_signal,5.149967293796537e-17,4.3551880286778505e-21,1691,1692,-141.61705875610312
1153,-0.039940716384876396,4.401118914631104e-21,zero_signal,5.227921094632787e-17,4.350057126466958e-21,1692,1693,-141.65659418104687
1154,-0.040904514080565946,4.504343208065564e-21,zero_signal,5.2552904754294085e-17,4.33858595529284e-21,1693,1694,-141.69694018887287
1155,-0.04190238310530958,4.484425435839504e-21,zero_signal,5.2311709352086333e-17,4.320207514959696e-21,1694,1695,-141.738403209208
1156,-0.042237838793724336,4.3407607707016365e-21,zero_signal,5.1573041602250744e-17,4.294308639741188e-21,1695,1696,-141.7807449550835
1157,-0.040971616227778895,4.08038879050545e-21,zero_signal,5.0377439445407707e-17,4.261315284602106e-21,1696,1697,-141.82287888679545
1158,-0.03664479402665677,3.7179213089267974e-21,zero_signal,4.878738076097417e-17,4.2230314167780175e-21,1697,1698,-141.86268818753905
1159,-0.025979495797358254,3.274761744502005e-21,zero_signal,4.688945091661966e-17,4.18206285204547e-21,1698,1699,-141.89616847484876
1160,-0.0011989406992114482,2.779685395191507e-21,zero_signal,4.479891519715847e-17,4.14087579456731e-21,1699,1700,-141.91464717913377
1161,0.05248540906896437,2.2744082535575173e-21,zero_signal,4.2662900204153124e-17,4.1012028681795946e-21,1700,1701,-141.8985663562472
1162,0.14362808465600096,1.8295342389391257e-21,zero_signal,4.0656791217691397e-17,4.0641333913946766e-21,1701,1702,-141.80967636099584
1163,0.21720955837371037,1.5669826323339437e-21,zero_signal,3.8969719506718937e-17,4.030687091547027e-21,1702,1703,-141.61131018693519
1164,0.17761188845254594,1.6135803278985457e-21,zero_signal,3.7779040079343785e-17,4.002355554149932e-21,1703,1704,-141.37525724424842
1165,0.05057973537658711,1.9439692035887987e-21,zero_signal,3.721906961736481e-17,3.9811595587481196e-21,1704,1705,-141.2560864100301
1166,-0.05682444173801571,2.417678841442959e-21,zero_signal,3.7353950090897043e-17,3.9691238996456456e-21,1705,1706,-141.27409777349524
1167,-0.11015100452151216,2.925409998102434e-21,zero_signal,3.816507721142651e-17,3.967494775725185e-21,1706,1707,-141.36973529350612
1168,-0.12538455883066035,3.405730084541869e-21,zero_signal,3.955763213735305e-17,3.976247560262344e-21,1707,1708,-141.49439978253827
1169,-0.1201277707510684,3.823005512041655e-21,zero_signal,4.138169572295668e-17,3.994258262272007e-21,1708,1709,-141.62050441116745
1170,-0.10568461261674145,4.154340886031117e-21,zero_signal,4.345862780702173e-17,4.020022935638344e-21,1709,1710,-141.7346553240404
1171,-0.08851651661585436,4.383774131560909e-21,zero_signal,4.5605264345793404e-17,4.052371922055207e-21,1710,1711,-141.83187363640093
1172,-0.07181032689268818,4.500044630030341e-21,zero_signal,4.7652701351537747e-17,4.090604775938323e-21,1711,1712,-141.9116883572721
1173,-0.056553018553884726,4.496401430773405e-21,zero_signal,4.945889849001563e-17,4.133927635278626e-21,1712,1713,-141.9754942901863
1174,-0.04229221677006478,4.371491175872906e-21,zero_signal,5.0914789612981677e-17,4.180675730738696e-21,1713,1714,-142.02479439437988
1175,-0.027606058568409253,4.130308348038396e-21,zero_signal,5.194391196853553e-17,4.2280383583690844e-21,1714,1715,-142.06007872372643
1176,-0.010106368219808815,3.784499165957629e-21,zero_signal,5.2497232329654185e-17,4.272616155385182e-21,1715,1716,-142.0800065115167
1177,0.01436049816521745,3.3523608920210522e-21,zero_signal,5.254725112170095e-17,4.311426937565308e-21,1716,1717,-142.08029146016605
1178,0.05370899505788884,2.8602957908158257e-21,zero_signal,5.208611243236732e-17,4.342582594648018e-21,1717,1718,-142.05128551518627
1179,0.12169819621070133,2.348911609531369e-21,zero_signal,5.11295992325175e-17,4.365173828041549e-21,1718,1719,-141.97287347005027
1180,0.22635794452888547,1.8886055818173533e-21,zero_signal,4.972413826806611e-17,4.378631908836873e-21,1719,1720,-141.80788912276486
1181,0.3145773236952749,1.6018852075241653e-21,zero_signal,4.795127510278619e-17,4.382281669406772e-21,1720,1721,-141.5201575809925
1182,0.28368280849758776,1.6225715921988135e-21,zero_signal,4.59259725414365e-17,4.375544588087826e-21,1721,1722,-141.1787344753743
1183,0.14531628507677397,1.9358429259843366e-21,zero_signal,4.378975000705227e-17,4.358580553640348e-21,1722,1723,-140.95279196399733
1184,0.00568291326749204,2.4002499913282696e-21,zero_signal,4.170264880692266e-17,4.3327358806149774e-21,1723,1724,-140.88810190522076
1185,-0.09233143191940485,2.9025569957635977e-21,zero_signal,3.983629776028552e-17,4.300357166056804e-21,1724,1725,-140.94142613746234
1186,-0.15666245467573958,3.3804397537824812e-21,zero_signal,3.836511625630492e-17,4.264092093092541e-21,1725,1726,-141.07276476905957
1187,-0.1960685243440139,3.798689740225143e-21,zero_signal,3.744880563248792e-17,4.226195189092044e-21,1726,1727,-141.25475104681382
1188,-0.21363628087685527,4.134552596183418e-21,zero_signal,3.720275112055303e-17,4.188285263664271e-21,1727,1728,-141.4649018177476
1189,-0.2111869439165588,4.3716068399512466e-21,zero_signal,3.766516963201716e-17,4.151599100066107e-21,1728,1729,-141.68202360856753
1190,-0.19235193739132228,4.49799575530382e-21,zero_signal,3.878056610422756e-17,4.117423777861553e-21,1729,1730,-141.88727570558072
1191,-0.1625752608796489,4.5067770704371774e-21,zero_signal,4.041295690794508e-17,4.08732310120995e-21,1730,1731,-142.06672748335018
1192,-0.12723189393111056,4.396867579204689e-21,zero_signal,4.2381797987576394e-17,4.0629741817167416e-21,1731,1732,-142.21242622734002
1193,-0.08979322114333854,4.173413491516299e-21,zero_signal,4.450014392045026e-17,4.045704927519876e-21,1732,1733,-142.3211912712124
1194,-0.05085182422324408,3.84719030622807e-21,zero_signal,4.65991140504688e-17,4.036024060073845e-21,1733,1734,-142.3920126696267
1195,-0.007520135597772537,3.4339242862819484e-21,zero_signal,4.8535681595473397e-17,4.0334895363326365e-21,1734,1735,-142.4228949196589
1196,0.04777006655228888,2.9557037550257585e-21,zero_signal,5.0190434540127444e-17,4.037092480106598e-21,1735,1736,-142.40705294082224
1197,0.1289822855261491,2.4475788757418602e-21,zero_signal,5.146439800648979e-17,4.0459574706156605e-21,1736,1737,-142.3273547865543
1198,0.24815673284975048,1.973690744547435e-21,zero_signal,5.2280418265345376e-17,4.059830115899634e-21,1737,1738,-142.14908836976994
1199,0.3637053427886059,1.6526531832397686e-21,zero_signal,5.258859446459709e-17,4.078892037734352e-21,1738,1739,-141.8310413208548
1200,0.36872123395768597,1.6323772669669649e-21,zero_signal,5.2371312000950893e-17,4.1029896511261654e-21,1739,1740,-141.42167768419273
1201,0.2538004941460912,1.9254672108578963e-21,zero_signal,5.164406036567803e-17,4.130955625592924e-21,1740,1741,-141.09359885293944
1202,0.12449175312913496,2.390166750669383e-21,zero_signal,5.04519179957684e-17,4.1607145036386795e-21,1741,1742,-140.91407669590055
1203,0.03326907721641703,2.900164237805054e-21,zero_signal,4.886471184900041e-17,4.190187852239311e-21,1742,1743,-140.84461534668117
1204,-0.02946486745814525,3.3856067444694362e-21,zero_signal,4.6974202571325035e-17,4.2182673890508625e-21,1743,1744,-140.8475385414677
1205,-0.07846011010826714,3.809020322394959e-21,zero_signal,4.489469648643487e-17,4.245020019604389e-21,1744,1745,-140.90354508159746
1206,-0.12158609801323905,4.14804847933549e-21,zero_signal,4.276576160849683e-17,4.2709395160712176e-21,1745,1746,-141.00445876168425
1207,-0.16111460620287232,4.387451107047544e-21,zero_signal,4.07530543639169e-17,4.295889015632875e-21,1746,1747,-141.14671727762394
1208,-0.19519145354023237,4.516249027949071e-21,zero_signal,3.904114955022056e-17,4.318640970740753e-21,1747,1748,-141.32668797409
1209,-0.21919484813820134,4.5277759106651164e-21,zero_signal,3.781256806166231e-17,4.337386567917625e-21,1748,1749,-141.5371001847044
1210,-0.22785092083519487,4.420891630322029e-21,zero_signal,3.7213190627370265e-17,4.350745859229007e-21,1749,1750,-141.7650776703664
1211,-0.21775503026161402,4.200815662426382e-21,zero_signal,3.731592418445432e-17,4.3584008740200194e-21,1750,1751,-141.9928020263748
1212,-0.18854276871850573,3.878850780669655e-21,zero_signal,3.810214973294297e-17,4.360826381596096e-21,1751,1752,-142.20058773088962
1213,-0.14126457402593928,3.47160221937851e-21,zero_signal,3.9471615348145976e-17,4.358381072005598e-21,1752,1753,-142.3698875638118
1214,-0.07443120524833091,3.001564229448439e-21,zero_signal,4.127170896116783e-17,4.350572349794042e-21,1753,1754,-142.4831168789415
1215,0.020098401109805764,2.5019478079340726e-21,zero_signal,4.3327882785172286e-17,4.3361622883426845e-21,1754,1755,-142.51874997430846
1216,0.15247144356456488,2.0300337968566775e-21,zero_signal,4.5464837649482844e-17,4.3140687401934564e-21,1755,1756,-142.4429200767219
1217,0.2919406153055064,1.6910028356306984e-21,zero_signal,4.751909384484549e-17,4.284351736704907e-21,1756,1757,-142.21380708717933
1218,0.3381101042608208,1.628621679424107e-21,zero_signal,4.934722806321655e-17,4.248535300039003e-21,1757,1758,-141.85903884611088
1219,0.26013208205810656,1.88420685655432e-21,zero_signal,5.083209729571684e-17,4.2090908236049556e-21,1758,1759,-141.5375868786577
1220,0.1515537787942094,2.3356326829825092e-21,zero_signal,5.188702781809722e-17,4.168547684231497e-21,1759,1760,-141.33877468199466
1221,0.07637824113395197,2.8513029736878552e-21,zero_signal,5.2457253041125124e-17,4.128884503542738e-21,1760,1761,-141.23447932106927
1222,0.03153251864632978,3.3521553284795767e-21,zero_signal,5.251831660669204e-17,4.091541963665964e-21,1761,1762,-141.18601819972676
1223,0.0028304910393615046,3.7939663760791305e-21,zero_signal,5.20721766941407e-17,4.0579095882280875e-21,1762,1763,-141.1714142837766
1224,-0.01880981337373555,4.150526909221237e-21,zero_signal,5.1143152992312995e-17,4.0298253667336175e-21,1763,1764,-141.18035721764804
1225,-0.03848085390295353,4.4050464386319234e-21,zero_signal,4.97766612912651e-17,4.009631026000825e-21,1764,1765,-141.20903391052408
1226,-0.058973237388570965,4.546223761729126e-21,zero_signal,4.8042386152648607e-17,3.999612601570471e-21,1765,1766,-141.25731892545394
1227,-0.08138860012537918,4.567341767167797e-21,zero_signal,4.6040180334963286e-17,4.0011055417768626e-21,1766,1767,-141.32698038530123
1228,-0.10521798301090257,4.467071247939446e-21,zero_signal,4.390393001482442e-17,4.013876469718814e-21,1767,1768,-141.4200961257047
1229,-0.12821350168883328,4.2503888971235174e-21,zero_signal,4.179850122103889e-17,4.0362691707584546e-21,1768,1769,-141.53741635132303
1230,-0.14605026065136428,3.928596419953778e-21,zero_signal,3.9907752070038435e-17,4.066036023157349e-21,1769,1770,-141.67652312908237
1231,-0.15168952882616793,3.518813924740825e-21,zero_signal,3.8414879262409625e-17,4.101240738354789e-21,1770,1771,-141.82951687262576
1232,-0.13443112585318318,3.0445875498269342e-21,zero_signal,3.747787596406195e-17,4.1405799580320636e-21,1771,1772,-141.9799021867347
1233,-0.0791204761108446,2.5400914542378013e-21,zero_signal,3.720358472661027e-17,4.182958635969665e-21,1772,1773,-142.09837912433213
1234,0.028076519577979298,2.0616660113196515e-21,zero_signal,3.7626121168653566e-17,4.226764644457788e-21,1773,1774,-142.1381431389564
1235,0.16123629774359927,1.708935530464221e-21,zero_signal,3.869783927894059e-17,4.269525543326527e-21,1774,1775,-142.04222608517617
1236,0.22234589367519675,1.6196280088865366e-21,zero_signal,4.0298227586351804e-17,4.308306021604369e-21,1775,1776,-141.8156705434692
1237,0.16714277859173876,1.844427630280097e-21,zero_signal,4.225786670644602e-17,4.340587649232617e-21,1776,1777,-141.59753429782577
1238,0.07656112240347568,2.274361182585528e-21,zero_signal,4.4388193048420586e-17,4.364965960900063e-21,1777,1778,-141.48138498628572
1239,0.01640609065847798,2.7808976531621964e-21,zero_signal,4.650801745103789e-17,4.381140193329899e-21,1778,1779,-141.44441205301882
1240,-0.0138089730002946,3.284543645548671e-21,zero_signal,4.8461543762456325e-17,4.38926074184536e-21,1779,1780,-141.44857280496876
1241,-0.027892732854212454,3.73928274429836e-21,zero_signal,5.012610113861561e-17,4.3892529293583045e-21,1780,1781,-141.4720299990194
1242,-0.03431078484074135,4.115589148852112e-21,zero_signal,5.141070478946315e-17,4.380747770042096e-21,1781,1782,-141.5043582706772
1243,-0.03706697802155645,4.392565060486243e-21,zero_signal,5.2249639862642105e-17,4.3636695511096586e-21,1782,1783,-141.5406515687009
1244,-0.038044440649102285,4.555340981882699e-21,zero_signal,5.259717874081299e-17,4.338888373176743e-21,1783,1784,-141.5784922267203
1245,-0.03831814286941437,4.5951850504255504e-21,zero_signal,5.2428006461602025e-17,4.3082746626165076e-21,1784,1785,-141.6167404499991
1246,-0.0386001203937667,4.51041834006693e-21,zero_signal,5.174310072079095e-17,4.2740581714360665e-21,1785,1786,-141.65512851245913
1247,-0.03908732366859624,4.306563779962181e-21,zero_signal,5.05762651294429e-17,4.238022653160119e-21,1786,1787,-141.69394069078663
1248,-0.03892309401194893,3.995264959907727e-21,zero_signal,4.899610372159024e-17,4.201168488052993e-21,1787,1788,-141.73330315979632
1249,-0.035327665808708275,3.593068369340066e-21,zero_signal,4.71021435392169e-17,4.164032532434782e-21,1788,1789,-141.77178687881053
1250,-0.022135905974479897,3.1221029783368246e-21,zero_signal,4.5018320497595145e-17,4.1273393803697415e-21,1789,1790,-141.80395849141374
1251,0.012323529536288902,2.6148465337441162e-21,zero_signal,4.288814325463348e-17,4.092482103179505e-21,1790,1791,-141.8160586907595
1252,0.08246776450418736,2.1258437005803335e-21,zero_signal,4.087263993191246e-17,4.061491477458932e-21,1791,1792,-141.77931143234116
1253,-0.6794494816733021,1.7524076001974894e-21,zero_signal,3.9146909331538325e-17,4.0365994351898826e-21,1792,1793,-141.65112316175112
1254,-0.8100161140106934,4.266181926037008e-21,zero_signal,6.93919733722242e-17,4.013095782505799e-21,2422,2423,-143.13821039568776
1255,-0.1226463196051526,4.2271239155439375e-21,zero_signal,7.108101531150906e-17,4.0519125666145976e-21,2423,2424,-143.2711553897725
1256,-0.09879632181973363,4.08423537176978e-21,zero_signal,7.326595210975758e-17,4.102191996569472e-21,2424,2425,-143.38350303489807
1257,-0.06834812331140938,3.838530077752032e-21,zero_signal,7.572748862772346e-17,4.1594477577684545e-21,2425,2426,-143.46874803341197
1258,-0.030108111291355044,3.501444480234371e-21,zero_signal,7.824967363321924e-17,4.2202495823007934e-21,2426,2427,-143.5201992815209
1259,0.019349831664982275,3.0989632699713637e-21,zero_signal,8.064582239764576e-17,4.281977323753767e-21,2427,2428,-143.52896425599468
1260,0.08511802750246034,2.6728499923048924e-21,zero_signal,8.275946776849879e-17,4.341578111235328e-21,2428,2429,-143.48149961819092
1261,0.16787929031868032,2.28245024470578e-21,zero_signal,8.445211362122011e-17,4.394813078162118e-21,2429,2430,-143.35872820098976
1262,0.24555792882506466,2.0090310317889958e-21,zero_signal,8.559851037224356e-17,4.437388953642017e-21,2430,2431,-143.14574103755356
1263,0.2683874289089232,1.9426759051690078e-21,zero_signal,8.610069674365049e-17,4.467396613851616e-21,2431,2432,-142.86761234333963
1264,0.2147032085658651,2.1193949652996417e-21,zero_signal,8.591195386319351e-17,4.486638492376865e-21,2432,2433,-142.60896617973572
1265,0.12475964801647876,2.4802332408814084e-21,zero_signal,8.505063427448712e-17,4.49908647102923e-21,2433,2434,-142.4382059262079
1266,0.044086729860339346,2.9276449025120548e-21,zero_signal,8.359289006643236e-17,4.5076169163846846e-21,2434,2435,-142.35944688370276
1267,-0.014900907086698112,3.3801334408937596e-21,zero_signal,8.165212982063926e-17,4.512075792178078e-21,2435,2436,-142.35003246648722
1268,-0.056783024489817535,3.7827353238941435e-21,zero_signal,7.936196414170371e-17,4.510383729164269e-21,2436,2437,-142.38924869787616
1269,-0.08793254897123859,4.103326004372496e-21,zero_signal,7.687222487937036e-17,4.501345410838457e-21,2437,2438,-142.46359851546686
1270,-0.112621511905175,4.3269018386891235e-21,zero_signal,7.435428603063376e-17,4.486313190970907e-21,2438,2439,-142.56511379581863
1271,-0.13268219131219894,4.448568434075158e-21,zero_signal,7.200403095508958e-17,4.468224168482597e-21,2439,2440,-142.6888415392772
1272,-0.14767989095452094,4.467014688332249e-21,zero_signal,7.003167724415134e-17,4.4491565966113724e-21,2440,2441,-142.83047817844303
1273,-0.1552582349952445,4.381382599269436e-21,zero_signal,6.863463192048726e-17,4.4288114100833865e-21,2441,2442,-142.98420132118625
1274,-0.15189766541175231,4.192649663780323e-21,zero_signal,6.795997412721233e-17,4.4052558136000956e-21,2442,2443,-143.14099464843352
1275,-0.13396783436186865,3.907815164066471e-21,zero_signal,6.80729107076739e-17,4.377114408280002e-21,2443,2444,-143.28799665200975
1276,-0.0984157587664356,3.543974372711935e-21,zero_signal,6.894765218684273e-17,4.345161693987022e-21,2444,2445,-143.40893031715726
1277,-0.042720394598319444,3.1307789903492767e-21,zero_signal,7.048306714626102e-17,4.3119991992855066e-21,2445,2446,-143.48482816954262
1278,0.034357445828732125,2.7125060954760202e-21,zero_signal,7.252899954324997e-17,4.280372445124394e-21,2446,2447,-143.4943711063539
1279,0.12589506194848354,2.3520005680497727e-21,zero_signal,7.490724297618968e-17,4.2518022455447366e-21,2447,2448,-143.41611327788516
1280,0.2025324259844723,2.1318840752896875e-21,zero_signal,7.742357014146779e-17,4.226603725337614e-21,2448,2449,-143.24258098245693
1281,0.22268618919524386,2.1286472436219627e-21,zero_signal,7.98780803547096e-17,4.204899557439652e-21,2449,2450,-143.01104842591621
1282,0.18195735006243297,2.3530555864320182e-21,zero_signal,8.20800531772431e-17,4.18747900222892e-21,2450,2451,-142.79720860406644
1283,0.11898395576645271,2.738626537388536e-21,zero_signal,8.386541074133249e-17,4.175926678618721e-21,2451,2452,-142.64713372579135
1284,0.06524808616710231,3.1969700636977323e-21,zero_signal,8.511060205913001e-17,4.172316201963818e-21,2452,2453,-142.55924069253354
1285,0.026954457318637992,3.65454939656032e-21,zero_signal,8.573930132251901e-17,4.1787049948263594e-21,2453,2454,-142.51663755345714
1286,0.00012038854794127474,4.058479085246768e-21,zero_signal,8.57221304351697e-17,4.196256668501978e-21,2454,2455,-142.50533177789626
1287,-0.019483960770926956,4.374750145552466e-21,zero_signal,8.507082257530745e-17,4.224327598537945e-21,2455,2456,-142.51639677636126
1288,-0.03473829524004657,4.5851502806299974e-21,zero_signal,8.382963715461582e-17,4.260557557589945e-21,2456,2457,-142.5442996994381
1289,-0.04783801380969521,4.6824747146243924e-21,zero_signal,8.207005560608327e-17,4.3022678388541814e-21,2457,2458,-142.58587336684135
1290,-0.0603894974661614,4.665635521414796e-21,zero_signal,7.989441397837724e-17,4.347888044867573e-21,2458,2459,-142.6399757270575
1291,-0.07262443987912093,4.537276360831613e-21,zero_signal,7.744593859316418e-17,4.396875630113463e-21,2459,2460,-142.70665236177368
1292,-0.08258955812671331,4.3045761368632406e-21,zero_signal,7.491308620641966e-17,4.448212386046564e-21,2460,2461,-142.78522460681575
1293,-0.08607308415778903,3.981690890749682e-21,zero_signal,7.251634993726289e-17,4.499170455740688e-21,2461,2462,-142.8718314780271
1294,-0.07727635705731473,3.592088117725752e-21,zero_signal,7.047785723033923e-17,4.545744312111524e-21,2462,2463,-142.95737077513132
1295,-0.05006412627761847,3.1705758050918757e-21,zero_signal,6.89872694463449e-17,4.5844263023709985e-21,2463,2464,-143.02638419214173
1296,-0.0012885427841098362,2.7661903064539397e-21,zero_signal,6.817893267081022e-17,4.613800353866123e-21,2464,2465,-143.05749902768656
1297,0.060094038147553874,2.4456750631378926e-21,zero_signal,6.812411717825132e-17,4.634694111756838e-21,2465,2466,-143.02896127770995
1298,0.10465941836378079,2.287866569834069e-21,zero_signal,6.883054025375065e-17,4.648858264858695e-21,2466,2467,-142.93731095139145
1299,0.10342697329406292,2.3483421424163e-21,zero_signal,7.024083826194599e-17,4.65731692288459e-21,2467,2468,-142.8196424409824
1300,0.0638336221737319,2.6134993330095338e-21,zero_signal,7.22310433402589e-17,4.659770475135778e-21,2468,2469,-142.73045700480333
1301,0.018033029009160373,3.011968359928357e-21,zero_signal,7.461775641022112e-17,4.655470054363556e-21,2469,2470,-142.69197519663493
1302,-0.014162334420461775,3.46319392598142e-21,zero_signal,7.71802550740313e-17,4.64459025706818e-21,2470,2471,-142.694390946785
1303,-0.03087449700008449,3.902639306817953e-21,zero_signal,7.969401606989162e-17,4.628646458962614e-21,2471,2472,-142.72029986547585
1304,-0.036686375297037443,4.285396226556483e-21,zero_signal,8.19632600686651e-17,4.609520806639306e-21,2472,2473,-142.75613994078518
1305,-0.03626915721287105,4.583493319001988e-21,zero_signal,8.38383580749064e-17,4.588145031684044e-21,2473,2474,-142.79367261606993
1306,-0.032758500288323944,4.780684478184413e-21,zero_signal,8.521212063337325e-17,4.564154954257254e-21,2474,2475,-142.82867825521092
1307,-0.02761479443024939,4.866569606835137e-21,zero_signal,8.600405540343509e-17,4.53665644825329e-21,2475,2476,-142.85918961664657
1308,-0.021012663409109678,4.833780419972038e-21,zero_signal,8.615174524850295e-17,4.505222850418191e-21,2476,2477,-142.88390784407142
1309,-0.012458752939238593,4.680344919332825e-21,zero_signal,8.562173618255885e-17,4.470520983801539e-21,2477,2478,-142.9012149434648
1310,-0.0011919617163158591,4.4147568838604225e-21,zero_signal,8.443247522057347e-17,4.434658807775008e-21,2478,2479,-142.9088253499499
1311,0.013941227600923867,4.059035094965838e-21,zero_signal,8.266827800413575e-17,4.4011949781179505e-21,2479,2480,-142.90359886689743
1312,0.034883633647623924,3.647799662079857e-21,zero_signal,8.047055017034554e-17,4.374320730260749e-21,2480,2481,-142.88094289474805
1313,0.06392268112351474,3.2258614244247197e-21,zero_signal,7.801270302418883e-17,4.357338820691353e-21,2481,2482,-142.83383159960218
1314,0.09994558613963989,2.848291221633527e-21,zero_signal,7.547734308699737e-17,4.351647720065982e-21,2482,2483,-142.75309753250102
1315,0.13012696721877148,2.5820379047825275e-21,zero_signal,7.304812491934806e-17,4.357251909635522e-21,2483,2484,-142.6339404273229
1316,0.12938715877021423,2.49522773426829e-21,zero_signal,7.091244369337462e-17,4.3742743004724195e-21,2484,2485,-142.49284359806347
1317,0.08507371638549444,2.6197878448676086e-21,zero_signal,6.925969891843665e-17,4.403811786610924e-21,2485,2486,-142.37516610978247
1318,0.016658103565063698,2.9221652792973696e-21,zero_signal,6.826180449128531e-17,4.447118818214233e-21,2486,2487,-142.32269616529248
1319,-0.045398571490224526,3.327891745408545e-21,zero_signal,6.803677821426611e-17,4.503867605280803e-21,2487,2488,-142.34184990265234
1320,-0.08577270233389811,3.763305766217379e-21,zero_signal,6.861323119829674e-17,4.571217522519163e-21,2488,2489,-142.41349330827293
1321,-0.10434036319090012,4.173967801387842e-21,zero_signal,6.99191380299935e-17,4.644681538953554e-21,2489,2490,-142.51339530732014
1322,-0.10703149392682576,4.525401746530367e-21,zero_signal,7.180377188054466e-17,4.720086274482463e-21,2490,2491,-142.62217403465473
1323,-0.10024805600916409,4.797486954621802e-21,zero_signal,7.407785418994196e-17,4.794778818602553e-21,2491,2492,-142.7274582951738
1324,-0.08858343945914271,4.9772426367944555e-21,zero_signal,7.654668778610293e-17,4.8667306980747534e-21,2492,2493,-142.82267014667306
1325,-0.07424811534419007,5.053279281859738e-21,zero_signal,7.902300216996357e-17,4.932195185752507e-21,2493,2494,-142.90462517409208
1326,-0.057436449112785226,5.0148351977908585e-21,zero_signal,8.132640504509405e-17,4.9844084141621015e-21,2494,2495,-142.97116637736144
1327,-0.037107360164483794,4.855978656672001e-21,zero_signal,8.32856142707194e-17,5.015415726445239e-21,2495,2496,-143.01949807231765
1328,-0.011735295444182725,4.58222277315677e-21,zero_signal,8.475192863072558e-17,5.020190695663957e-21,2496,2497,-143.0453810976904
1329,0.020219902747214746,4.215363634207266e-21,zero_signal,8.561783126770641e-17,4.99944604436156e-21,2497,2498,-143.042968663206
1330,0.05997912903269764,3.794242752484022e-21,zero_signal,8.582858198939462e-17,4.958330285639935e-21,2498,2499,-143.00494129219598
1331,0.10717150974441836,3.3726929988985157e-21,zero_signal,8.53815025035875e-17,4.902325347633007e-21,2499,2500,-142.92301040514062
1332,0.15546530353230992,3.0172505167113853e-21,zero_signal,8.431739925756598e-17,4.834509844718728e-21,2500,2501,-142.79059827270714
1333,0.18701934626881211,2.8016120958344736e-21,zero_signal,8.27112495532461e-17,4.756568252729036e-21,2501,2502,-142.612079798076
1334,0.1800061036502285,2.7847777201325464e-21,zero_signal,8.066615606777057e-17,4.6717474466442345e-21,2502,2503,-142.41655958016952
1335,0.13168981643498512,2.974448687009059e-21,zero_signal,7.831180601196411e-17,4.586248755581553e-21,2503,2504,-142.25206759077554
1336,0.0629679727770025,3.3186373140999697e-21,zero_signal,7.580688957918417e-17,4.507743963369223e-21,2504,2505,-142.15317994729955
1337,-0.0038068933160246843,3.739769285478269e-21,zero_signal,7.334101826255418e-17,4.442657704469968e-21,2505,2506,-142.12613164522153
1338,-0.05814286791930101,4.1678284713671015e-21,zero_signal,7.112735825896216e-17,4.3945110396224265e-21,2506,2507,-142.1607937339316
1339,-0.09748015742717087,4.552332584003992e-21,zero_signal,6.937913579014295e-17,4.364212382805602e-21,2507,2508,-142.24241738106014
1340,-0.12194524084409863,4.86199285475926e-21,zero_signal,6.827380915723576e-17,4.351561955164692e-21,2508,2509,-142.35575404878594
1341,-0.1328011470976378,5.079865096804026e-21,zero_signal,6.792013158287711e-17,4.356621561783271e-21,2509,2510,-142.48630786274833
1342,-0.1321432683164545,5.19734189469374e-21,zero_signal,6.834354028817038e-17,4.380006585873516e-21,2510,2511,-142.62135634298122
1343,-0.12223297362163521,5.20936661364119e-21,zero_signal,6.949250987774754e-17,4.4219519904403215e-21,2511,2512,-142.75059439938124
1344,-0.10464404965716767,5.1127549003113236e-21,zero_signal,7.125546035219107e-17,4.480797253044701e-21,2512,2513,-142.8658222902245
1345,-0.07987580349782775,4.908142559006404e-21,zero_signal,7.347678651749747e-17,4.5520746428518385e-21,2513,2514,-142.95988249869558
1346,-0.047556295633597756,4.604329083793385e-21,zero_signal,7.596909716350755e-17,4.629146578437734e-21,2514,2515,-143.02557389722014
1347,-0.006857027102370239,4.22272572694545e-21,zero_signal,7.852583703152556e-17,4.70520035569351e-21,2515,2516,-143.05499508996277
1348,0.04293499782717447,3.800045695538222e-21,zero_signal,8.093861523713884e-17,4.7752585299078024e-21,2516,2517,-143.03928795142488
1349,0.1004895332393545,3.389032515547603e-21,zero_signal,8.301905684321788e-17,4.836788399589571e-21,2517,2518,-142.96912509430842
1350,0.15727248823075968,3.0574493512569884e-21,zero_signal,8.461961777397673e-17,4.888644037812688e-21,2518,2519,-142.83830888494617
1351,0.19326987572209475,2.8801071853105168e-21,zero_signal,8.56445840288291e-17,4.9294861458975705e-21,2519,2520,-142.6545801178469
1352,0.18847210998632136,2.9116030819150947e-21,zero_signal,8.60455154932248e-17,4.9572539770344505e-21,2520,2521,-142.45176913350198
1353,0.1452202520495831,3.149523789619386e-21,zero_signal,8.580621200433326e-17,4.970290356217465e-21,2521,2522,-142.27763589787426
1354,0.08634478463925177,3.533635858494375e-21,zero_signal,8.493253728705133e-17,4.969122324528206e-21,2522,2523,-142.16132862940282
1355,0.031537254175518115,3.983208141913267e-21,zero_signal,8.345923324032706e-17,4.9570918861544365e-21,2523,2524,-142.10494632859576
1356,-0.012810277645741053,4.4279652796028636e-21,zero_signal,8.146891381442498e-17,4.938947480876225e-21,2524,2525,-142.09825412105178
1357,-0.048080143639054995,4.8185032953307805e-21,zero_signal,7.910426680833559e-17,4.918440719757356e-21,2525,2526,-142.13056688388724
1358,-0.07713465335977787,5.125000156149613e-21,zero_signal,7.655847104807563e-17,4.896923950148367e-21,2526,2527,-142.1944144083299
1359,-0.10143641681216309,5.3311856948045536e-21,zero_signal,7.404711815424027e-17,4.873898304363491e-21,2527,2528,-142.2848361906068
1360,-0.12049356834045,5.428013229575656e-21,zero_signal,7.177887438884013e-17,4.848676260520841e-21,2528,2529,-142.39728724195422
1361,-0.1324762403203863,5.410444895485289e-21,zero_signal,6.993905717588256e-17,4.82164129957073e-21,2529,2530,-142.5258233272877
1362,-0.13508583681100106,5.278326029022917e-21,zero_signal,6.868507072286473e-17,4.7943501358464245e-21,2530,2531,-142.662239722595
1363,-0.12612129308868703,5.039473688829324e-21,zero_signal,6.814040868415055e-17,4.7687963201635255e-21,2531,2532,-142.7959950009097
1364,-0.10374205513782897,4.71202160819895e-21,zero_signal,6.83763418775568e-17,4.74652012657915e-21,2532,2533,-142.91448230877236
1365,-0.06669755491999751,4.324467617382805e-21,zero_signal,6.938602328985986e-17,4.728048096169026e-21,2533,2534,-143.00347911118536
1366,-0.014867294912804141,3.9146469074037096e-21,zero_signal,7.106992861358358e-17,4.7129208123582235e-21,2534,2535,-143.04787741861236
1367,0.048826532943621714,3.530656434565684e-21,zero_signal,7.324904696189798e-17,4.70036875745973e-21,2535,2536,-143.03321370101096
1368,0.11367763161337052,3.234206980776705e-21,zero_signal,7.570356089550733e-17,4.690367507064793e-21,2536,2537,-142.95022435272512
1369,0.15843023927259026,3.096658110395734e-21,zero_signal,7.821662567889627e-17,4.68437027414651e-21,2537,2538,-142.80585843778422
1370,0.1642774431146563,3.1701219317204713e-21,zero_signal,8.060079200649314e-17,4.684875265181265e-21,2538,2539,-142.63336387417993
1371,0.13540907301216976,3.446859380362944e-21,zero_signal,8.269952393859132e-17,4.693787470846077e-21,2539,2540,-142.4773035515549
1372,0.09425056018889677,3.8598422597941774e-21,zero_signal,8.437577464228054e-17,4.710935187573064e-21,2540,2541,-142.3625457281556
1373,0.05837544883377177,4.324248689144459e-21,zero_signal,8.550774176075151e-17,4.734393074639517e-21,2541,2542,-142.28880243117712
1374,0.032038555421934234,4.7704543395574976e-21,zero_signal,8.6001735699585e-17,4.7625752008907766e-21,2542,2543,-142.24579483048805
1375,0.012171123072704404,5.153029597288704e-21,zero_signal,8.581327419432569e-17,4.795936400637857e-21,2543,2544,-142.22472532033325
1376,-0.005189949612187661,5.445756101674163e-21,zero_signal,8.49588243793061e-17,4.8361310897407965e-21,2544,2545,-142.22145258434264
1377,-0.022018475426975215,5.632618804406949e-21,zero_signal,8.350987602208947e-17,4.8832026767621214e-21,2545,2546,-142.23510521955762
1378,-0.0381142548369553,5.701822492244348e-21,zero_signal,8.157639626110702e-17,4.933834065943005e-21,2546,2547,-142.2654895351966
1379,-0.05219311840978946,5.646010433837757e-21,zero_signal,7.929242800002686e-17,4.982733454682164e-21,2547,2548,-142.31133372923154
1380,-0.06287205445225652,5.466722073485976e-21,zero_signal,7.68106279344664e-17,5.025907473716174e-21,2548,2549,-142.36987577201617
1381,-0.06882172881697102,5.178315422292735e-21,zero_signal,7.430361389075342e-17,5.062646399499223e-21,2549,2550,-142.43707783813605
1382,-0.06825462319230269,4.808048890455418e-21,zero_signal,7.196472223877299e-17,5.094450096499275e-21,2550,2551,-142.50751922965011
1383,-0.05847987546566458,4.392889027630851e-21,zero_signal,6.999968444972927e-17,5.122196141143903e-21,2551,2552,-142.57358708452065
1384,-0.03659840938006198,3.976537798301522e-21,zero_signal,6.860353919489751e-17,5.1444009656359675e-21,2552,2553,-142.62447898058144
1385,-0.0026796399522766023,3.609816926596952e-21,zero_signal,6.79254336804687e-17,5.158123214163284e-21,2553,2554,-142.64678390328078
1386,0.03490222135185661,3.3523858105738314e-21,zero_signal,6.80354381173302e-17,5.16145580583438e-21,2554,2555,-142.629838260486
1387,0.059155410407740305,3.264565406081864e-21,zero_signal,6.891134892894306e-17,5.1551649469172045e-21,2555,2556,-142.57697946057706
1388,0.0577209461511643,3.3793052744356277e-21,zero_signal,7.045162230360403e-17,5.141993528676869e-21,2556,2557,-142.51152743967052
1389,0.03614855928017846,3.675540177613301e-21,zero_signal,7.250277580973742e-17,5.124374361883448e-21,2557,2558,-142.46153756827474
1390,0.010588417755386104,4.0880978787975114e-21,zero_signal,7.488420999595577e-17,5.102678204684706e-21,2558,2559,-142.43923032111016
1391,-0.007727875516181371,4.541318354597024e-21,zero_signal,7.740332543532726e-17,5.075491190928883e-21,2559,2560,-142.44036073276396
1392,-0.01635450608412725,4.972811829667184e-21,zero_signal,7.986517015474385e-17,5.041501976295407e-21,2560,2561,-142.45468607214252
1393,-0.017560668422802905,5.340398172671965e-21,zero_signal,8.208300356650792e-17,5.0012572342134946e-21,2561,2562,-142.47306974493222
1394,-0.014751347142265558,5.6188653478695116e-21,zero_signal,8.389159046235717e-17,4.9575074860410705e-21,2562,2563,-142.48980740898813
1395,-0.010712839154024323,5.792633162715067e-21,zero_signal,8.516112689133767e-17,4.914293963585478e-21,2563,2564,-142.50257243921675
1396,-0.0067575774110650855,5.8498083827181164e-21,zero_signal,8.580850714001405e-17,4.875633046338274e-21,2564,2565,-142.51123308729618
1397,-0.0024823362611670063,5.7817436029391276e-21,zero_signal,8.580195241700218e-17,4.8443649090426365e-21,2565,2566,-142.51608759403888
1398,0.003725197121156043,5.5879651299081934e-21,zero_signal,8.515581663202056e-17,4.821515556848319e-21,2566,2567,-142.5161977598185
1399,0.013591845369560929,5.282035363316633e-21,zero_signal,8.391821719912076e-17,4.806676162279245e-21,2567,2568,-142.50863719979657
1400,0.027929316476956956,4.893694966180098e-21,zero_signal,8.21617814149482e-17,4.7994565494514704e-21,2568,2569,-142.4890140690794
1401,0.04624259203961856,4.4663735515060774e-21,zero_signal,7.99869359839444e-17,4.8008427506798744e-21,2569,2570,-142.45277856684265
1402,0.0665627250767642,4.052805284332604e-21,zero_signal,7.753474944338165e-17,4.8128992428645125e-21,2570,2571,-142.39652888500015
1403,0.08414158277214767,3.711601073935133e-21,zero_signal,7.499392320599557e-17,4.83680293419579e-21,2571,2572,-142.31965311668912
1404,0.08968898908821643,3.502737377437446e-21,zero_signal,7.258775996053224e-17,4.871150196439714e-21,2572,2573,-142.22824571945586
1405,0.0730748343899279,3.4735825104578195e-21,zero_signal,7.054179563103966e-17,4.912413499501064e-21,2573,2574,-142.1402751385127
1406,0.033915623582061016,3.6351443143056226e-21,zero_signal,6.90474418759521e-17,4.9572995341588505e-21,2574,2575,-142.082096050676
1407,-0.014934143911588649,3.95169261250904e-21,zero_signal,6.823819888026489e-17,5.004892312655724e-21,2575,2576,-142.07244389134857
1408,-0.05783788690845881,4.359130779008805e-21,zero_signal,6.818289481190575e-17,5.056619352307211e-21,2576,2577,-142.11196433849918
1409,-0.08628220731415581,4.792145508674439e-21,zero_signal,6.888741340015407e-17,5.1139679168577016e-21,2577,2578,-142.1881196651655
1410,-0.09927102089334028,5.19950016709297e-21,zero_signal,7.029468644202749e-17,5.175858329992602e-21,2578,2579,-142.2845287531275
1411,-0.09967273246101627,5.546268024729558e-21,zero_signal,7.228248440667168e-17,5.2379669643716664e-21,2579,2580,-142.38666170695217
1412,-0.09135416277520392,5.809043617314405e-21,zero_signal,7.466829690020645e-17,5.294646859090214e-21,2580,2581,-142.48387421804952
1413,-0.07763185444117937,5.970053662599131e-21,zero_signal,7.722992320074455e-17,5.341784891137013e-21,2581,2582,-142.56937003250258
1414,-0.06061772408014576,6.0147620109838785e-21,zero_signal,7.973986521572839e-17,5.378054861672583e-21,2582,2583,-142.63913792693188
1415,-0.041170982134488554,5.934495854655187e-21,zero_signal,8.200013762960684e-17,5.403481446577395e-21,2583,2584,-142.69060548066287
1416,-0.019149387911099325,5.7315074965520176e-21,zero_signal,8.386098739151394e-17,5.4167959037397846e-21,2584,2585,-142.72147989120086
1417,0.006271901443724914,5.422079871070924e-21,zero_signal,8.521667640070335e-17,5.414335096670626e-21,2585,2586,-142.72890425648507
1418,0.036201833753437995,5.035839196367219e-21,zero_signal,8.598873641527851e-17,5.391869129324467e-21,2586,2587,-142.7089360883134
1419,0.07125973356690452,4.613735798758208e-21,zero_signal,8.611713633102287e-17,5.3479471377351516e-21,2587,2588,-142.6565005889782
1420,0.10967685356339985,4.208282121983985e-21,zero_signal,8.557116193556644e-17,5.2858593503193296e-21,2588,2589,-142.5664166211796
1421,0.14382346777803434,3.884877898339905e-21,zero_signal,8.437129622871825e-17,5.212607493305201e-21,2589,2590,-142.4371468818514
1422,0.1590671562228323,3.7140656013406654e-21,zero_signal,8.260163975353584e-17,5.135947099966017e-21,2590,2591,-142.27876968562353
1423,0.14295564443598607,3.743639706763203e-21,zero_signal,8.040121600636852e-17,5.0619292447866044e-21,2591,2592,-142.11901256940573
1424,0.0985948890949544,3.9667087699726444e-21,zero_signal,7.794115955902529e-17,4.9944362339783445e-21,2592,2593,-141.99285839675156
1425,0.04228691778074278,4.32485454487529e-21,zero_signal,7.540404067381849e-17,4.936341808349802e-21,2593,2594,-141.92182279121582
1426,-0.011271987082508872,4.7436683794103534e-21,zero_signal,7.297523840266075e-17,4.890895580600508e-21,2594,2595,-141.90828456119007
1427,-0.055747962482641356,5.161464889877469e-21,zero_signal,7.084300162707954e-17,4.862147081685473e-21,2595,2596,-141.94436676538083
1428,-0.08987138975422226,5.536486887293633e-21,zero_signal,6.919487573917749e-17,4.854041398885517e-21,2596,2597,-142.01978048615535
1429,-0.11326451052319442,5.84159726091059e-21,zero_signal,6.819930056271811e-17,4.868714994789358e-21,2597,2598,-142.12410954488928
1430,-0.12512504287617787,6.056926970889776e-21,zero_signal,6.797219775154256e-17,4.9051892038685674e-21,2598,2599,-142.24630950720174
1431,-0.12493960182149522,6.1662928461908026e-21,zero_signal,6.854334126305285e-17,4.959567750794836e-21,2599,2600,-142.37435963064164
1432,-0.11342708321922146,6.158581649575193e-21,zero_signal,6.984406474777002e-17,5.026783040357885e-21,2600,2601,-142.49618871084473
1433,-0.092534614159689,6.031651743388826e-21,zero_signal,7.172628477149072e-17,5.1026198728334274e-21,2601,2602,-142.60121379708008
1434,-0.06455530714400481,5.795038290436664e-21,zero_signal,7.40005599197973e-17,5.184330316015623e-21,2602,2603,-142.6812579391641
1435,-0.031154629274141143,5.4694575391086854e-21,zero_signal,7.646975435165215e-17,5.2692580047537945e-21,2603,2604,-142.7303244113681
1436,0.007088131799335429,5.084336153543445e-21,zero_signal,7.894469595129813e-17,5.352821987330488e-21,2604,2605,-142.7435671977124
1437,0.05023079627837035,4.6768374054387435e-21,zero_signal,8.124644552220924e-17,5.4281629427061636e-21,2605,2606,-142.71614814776942
1438,0.09680968636416765,4.294935618077972e-21,zero_signal,8.320858451686414e-17,5.488435234879882e-21,2606,2607,-142.64310560515565
1439,0.13962528286089082,4.001489180422389e-21,zero_signal,8.468714513015289e-17,5.530031124521106e-21,2607,2608,-142.52252877504108
1440,0.1640976115723305,3.867091320606878e-21,zero_signal,8.557474488492265e-17,5.553703966041189e-21,2608,2609,-142.36385503943387
1441,0.15768947898843066,3.939541892046631e-21,zero_signal,8.581113492220848e-17,5.562424708001949e-21,2609,2610,-142.19433355189642
1442,0.12334980580801869,4.2085542513689564e-21,zero_signal,8.538641812870326e-17,5.558129207683827e-21,2610,2611,-142.048476081457
1443,0.07681293420641566,4.608883559803314e-21,zero_signal,8.433791300740653e-17,5.540606405626555e-21,2611,2612,-141.94763394028038
1444,0.0319773632134428,5.058726129329901e-21,zero_signal,8.27425910050494e-17,5.509413150396203e-21,2612,2613,-141.89485021304418
1445,-0.005803086600934648,5.49131403716897e-21,zero_signal,8.070767068906996e-17,5.466534401478081e-21,2613,2614,-141.8836792138535
1446,-0.03706562191972296,5.863379332484931e-21,zero_signal,7.836436718946822e-17,5.4169499258333714e-21,2614,2615,-141.90645638624605
1447,-0.06411102539540536,6.149393100737771e-21,zero_signal,7.586891969180812e-17,5.366639309521761e-21,2615,2616,-141.95781045769294
1448,-0.08820955536212693,6.333023284668424e-21,zero_signal,7.340728170540717e-17,5.319976408836942e-21,2616,2617,-142.03467843703686
1449,-0.10826284522542551,6.402495923258058e-21,zero_signal,7.119158702397278e-17,5.278616214956211e-21,2617,2618,-142.1342295684172
1450,-0.12106090080771992,6.351172358206693e-21,zero_signal,6.943799347658811e-17,5.242343995494526e-21,2618,2619,-142.2512041274877
1451,-0.1228671858247452,6.180838333625395e-21,zero_signal,6.832871112269023e-17,5.210778637051675e-21,2619,2620,-142.37635137003264
1452,-0.11125837162519758,5.90441069962651e-21,zero_signal,6.797541246688646e-17,5.184538177220348e-21,2620,2621,-142.4969384991372
1453,-0.08598673764477383,5.546352072346177e-21,zero_signal,6.840261772187861e-17,5.165274759014454e-21,2621,2622,-142.59886811328303
1454,-0.048537263295500566,5.141151358287975e-21,zero_signal,6.955545846265751e-17,5.154794938001848e-21,2622,2623,-142.66891197442675
1455,-0.0014336922015303344,4.731640680981914e-21,zero_signal,7.132013993646631e-17,5.15383622148703e-21,2623,2624,-142.69594263987403
1456,0.05092456613792251,4.36888153274211e-21,zero_signal,7.354228799960628e-17,5.1612473432339695e-21,2624,2625,-142.6717793588298
1457,0.09958933991543972,4.1120273338962136e-21,zero_signal,7.603790962548113e-17,5.1742828151141545e-21,2625,2626,-142.5940935075982
1458,0.13101446965326602,4.019805234176508e-21,zero_signal,7.860225914826811e-17,5.190123368816688e-21,2626,2627,-142.47260067899893
1459,0.13527400455780025,4.125996098799162e-21,zero_signal,8.102462241338315e-17,5.2077220792035705e-21,2627,2628,-142.33206456829166
1460,0.11542654408637532,4.414388969245874e-21,zero_signal,8.31114427566329e-17,5.228439373675183e-21,2628,2629,-142.20205266988333
1461,0.08432312602803904,4.823391361883342e-21,zero_signal,8.471103495484729e-17,5.254595494460754e-21,2629,2630,-142.1012114801189
1462,0.053536637440558366,5.276725529952029e-21,zero_signal,8.572732230820251e-17,5.2870003055914945e-21,2630,2631,-142.03340641782725
1463,0.028127479378994735,5.7099175872344564e-21,zero_signal,8.61145494619337e-17,5.323846464811926e-21,2631,2632,-141.9941382052378
1464,0.008163867146834036,6.078843798850063e-21,zero_signal,8.585954432370183e-17,5.362183279107345e-21,2632,2633,-141.97715145906926
1465,-0.00832948305053094,6.35574251321007e-21,zero_signal,8.496993009225862e-17,5.400492214945257e-21,2633,2634,-141.97781047094412
1466,-0.02325566559336778,6.522449444692154e-21,zero_signal,8.348134563796625e-17,5.439653037546391e-21,2634,2635,-141.99381042517032
1467,-0.03741869679694787,6.567259782477515e-21,zero_signal,8.147724233921596e-17,5.4812477158189605e-21,2635,2636,-142.02432180213086
1468,-0.05039986582336553,6.486149147934547e-21,zero_signal,7.910093207154074e-17,5.524888667445911e-21,2636,2637,-142.06864781876422
1469,-0.0608695779995827,6.2852910916374314e-21,zero_signal,7.654556083726318e-17,5.567128803124263e-21,2637,2638,-142.1251215337776
1470,-0.06689600744495294,5.9820236862452116e-21,zero_signal,7.402640745729935e-17,5.602865955149299e-21,2638,2639,-142.19038697476338
1471,-0.06616251159304909,5.6038775184504255e-21,zero_signal,7.175228813170918e-17,5.627986196043823e-21,2639,2640,-142.2589135486675
1472,-0.05635739280917562,5.187251239339169e-21,zero_signal,6.990898736090325e-17,5.641219800643817e-21,2640,2641,-142.32271199794948
1473,-0.03630895725000016,4.7775208157120315e-21,zero_signal,6.865364788129488e-17,5.644037916408544e-21,2641,2642,-142.37162833428584
1474,-0.008397207807448126,4.4301014756640444e-21,zero_signal,6.810820215391374e-17,5.638940358957207e-21,2642,2643,-142.39532991244948
1475,0.019208399361076545,4.2070656785358454e-21,zero_signal,6.834188779995002e-17,5.627539265964195e-21,2643,2644,-142.38842274990074
1476,0.03544110050840743,4.160898106666977e-21,zero_signal,6.934679571613732e-17,5.60980895353288e-21,2644,2645,-142.35691311372733
1477,0.03533234825938791,4.30834993751839e-21,zero_signal,7.10238703361717e-17,5.5848952550652246e-21,2645,2646,-142.31754054888393
1478,0.024330902284845024,4.6188830255324034e-21,zero_signal,7.319538018896866e-17,5.552734921311703e-21,2646,2647,-142.28624841720855
1479,0.011579300161628225,5.032365291596075e-21,zero_signal,7.564244005748969e-17,5.515255491573435e-21,2647,2648,-142.26887874431424
1480,0.002303178947897777,5.4856204945922504e-21,zero_signal,7.814806180519054e-17,5.4762593624921766e-21,2648,2649,-142.2630898168853
1481,-0.0027460643826771047,5.9259507028492815e-21,zero_signal,8.052373486696097e-17,5.4398582836393194e-21,2649,2650,-142.26427238641844
1482,-0.004383506735308629,6.311453067696428e-21,zero_signal,8.261221134701549e-17,5.408298352682167e-21,2650,2651,-142.26858194565065
1483,-0.003161402944584779,6.60750302485327e-21,zero_signal,8.427788593848822e-17,5.380869279159439e-21,2651,2652,-142.27303939988906
1484,0.0006695222042196747,6.78623162000023e-21,zero_signal,8.540311312905128e-17,5.3553359595658116e-21,2652,2653,-142.27490475153982
1485,0.006530326455077784,6.829947419264398e-21,zero_signal,8.589886672439028e-17,5.3313162268251845e-21,2653,2654,-142.27170035548062
1486,0.013335126028451327,6.735072892534288e-21,zero_signal,8.572197059363186e-17,5.3125722221686e-21,2654,2655,-142.26184409862967
1487,0.02008026457802714,6.512987503485398e-21,zero_signal,8.488500837702874e-17,5.305295045190819e-21,2655,2656,-142.24503010342372
1488,0.02667532135578199,6.1873682981720306e-21,zero_signal,8.34530463631794e-17,5.3132983054550644e-21,2656,2657,-142.2216835694736
1489,0.03419740846342734,5.790655655574932e-21,zero_signal,8.153209729642893e-17,5.3347838195634155e-21,2657,2658,-142.19167946071215
1490,0.044060922291862425,5.362743600236159e-21,zero_signal,7.925723451763512e-17,5.364113220286662e-21,2658,2659,-142.15328875254676
1491,0.05602402914904303,4.952820064699201e-21,zero_signal,7.678479145455405e-17,5.3967716469002485e-21,2659,2660,-142.10355761612843
1492,0.06562036639486735,4.6209235068036554e-21,zero_signal,7.42891369938234e-17,5.43247170704504e-21,2660,2661,-142.04124069424867
1493,0.06386549897149507,4.430718389987664e-21,zero_signal,7.196128195465536e-17,5.4736307413608035e-21,2661,2662,-141.9723168833387
1494,0.04337165244004382,4.426929133549935e-21,zero_signal,7.00027380082723e-17,5.521316224941277e-21,2662,2663,-141.91350969630568
1495,0.006988448641848777,4.6099780116053026e-21,zero_signal,6.860661653432284e-17,5.572908565045744e-21,2663,2664,-141.8855735784586
1496,-0.03289871789074539,4.935419995381963e-21,zero_signal,6.792461661161213e-17,5.623543724433863e-21,2664,2665,-141.89953279902198
1497,-0.06434615784279174,5.339682168655765e-21,zero_signal,6.80319975583627e-17,5.669643179842553e-21,2665,2666,-141.9513710142401
1498,-0.08252258880268926,5.7646883268407145e-21,zero_signal,6.891019045332897e-17,5.711092059964083e-21,2666,2667,-142.02822511470757
1499,-0.08863100680025582,6.166078959382382e-21,zero_signal,7.045704260198734e-17,5.7500917360842966e-21,2667,2668,-142.11641619184547
1500,-0.08604210244952526,6.510012353499523e-21,zero_signal,7.251548287122733e-17,5.787776145377901e-21,2668,2669,-142.20548712830808
1501,-0.07759455066312171,6.767941686693791e-21,zero_signal,7.490234905654044e-17,5.8216707632255994e-21,2669,2670,-142.28850039674452
1502,-0.06476806090468301,6.915045288424724e-21,zero_signal,7.742648097150821e-17,5.8463706594444784e-21,2670,2671,-142.36067622963432
1503,-0.0480627099587565,6.933327775252136e-21,zero_signal,7.989732297256693e-17,5.856935221895308e-21,2671,2672,-142.4180365185539
1504,-0.027745792199013408,6.816909136417907e-21,zero_signal,8.213108375708491e-17,5.8519381172104014e-21,2672,2673,-142.45680164955183
1505,-0.004362167157211161,6.575707575634064e-21,zero_signal,8.39603515112282e-17,5.83347809656291e-21,2673,2674,-142.47352810295192
1506,0.0212869631783974,6.2349755371305024e-21,zero_signal,8.524881516006422e-17,5.804539787570467e-21,2674,2675,-142.46552598386626
1507,0.048596128042433406,5.8312017476831724e-21,zero_signal,8.590730396436456e-17,5.766596059604153e-21,2675,2676,-142.43095417659512
1508,0.07732103637721366,5.407978945277486e-21,zero_signal,8.590267664279423e-17,5.71962896181945e-21,2676,2677,-142.3683337277814
1509,0.10622501785614702,5.01582830933025e-21,zero_signal,8.525250430705235e-17,5.6639655452013976e-21,2677,2678,-142.2763121038407
1510,0.12998581758022,4.71452766567997e-21,zero_signal,8.400896886971909e-17,5.60182514704797e-21,2678,2679,-142.1558836920691
1511,0.13814514751757656,4.5668800452649535e-21,zero_signal,8.224639590847685e-17,5.537493468428684e-21,2679,2680,-142.01634046868026
1512,0.12167760435161767,4.613671815382113e-21,zero_signal,8.006453088281405e-17,5.476518816239479e-21,2680,2681,-141.87959339703394
1513,0.0823348578637848,4.845726112118654e-21,zero_signal,7.760350137462811e-17,5.424522109124885e-21,2681,2682,-141.77298525997702
1514,0.03178645813787284,5.206779481557887e-21,zero_signal,7.50524223347428e-17,5.385927781621016e-21,2682,2683,-141.71492368130637
1515,-0.017876748791309183,5.625304400254492e-21,zero_signal,7.263629449845799e-17,5.363170091598901e-21,2683,2684,-141.70941234370127
1516,-0.05970987825736529,6.041573256281281e-21,zero_signal,7.058254505787307e-17,5.357040394749908e-21,2684,2685,-141.750677178889
1517,-0.09109702481786996,6.414622658171192e-21,zero_signal,6.908353642193643e-17,5.368000217237212e-21,2685,2686,-141.828832100216
1518,-0.111449470299263,6.716821305356034e-21,zero_signal,6.827217405285445e-17,5.397208703930985e-21,2686,2687,-141.93287122852473
1519,-0.12084452292205583,6.927178433181859e-21,zero_signal,6.821549299510256e-17,5.4460572959632476e-21,2687,2688,-142.05173104081453
1520,-0.11957384674059313,7.029090716820311e-21,zero_signal,6.891764786178428e-17,5.514354186310669e-21,2688,2689,-142.17456027436884
1521,-0.10820101150319772,7.012456486208557e-21,zero_signal,7.032107114735827e-17,5.5986855073842346e-21,2689,2690,-142.29087873429572
1522,-0.08776645058048871,6.876931248500886e-21,zero_signal,7.230413577727781e-17,5.6925039442931386e-21,2690,2691,-142.39096229737524
1523,-0.05979714493902577,6.6333251386439576e-21,zero_signal,7.46847502128124e-17,5.788083831812604e-21,2691,2692,-142.4664116354567
1524,-0.025995661385820767,6.302671779924095e-21,zero_signal,7.724001710829327e-17,5.878939975481037e-21,2692,2693,-142.5105565872533
1525,0.012120353740243672,5.9150678526508015e-21,zero_signal,7.974108776063165e-17,5.960959210782155e-21,2693,2694,-142.51840295822834
1526,0.05297804518222904,5.510800112369126e-21,zero_signal,8.198910435364359e-17,6.031542401652091e-21,2694,2695,-142.4863158797728
1527,0.09341309824392852,5.143350515440506e-21,zero_signal,8.383440903235091e-17,6.0877079015667116e-21,2695,2696,-142.41244686786388
1528,0.12649521026746413,4.878280144706888e-21,zero_signal,8.517216574219165e-17,6.125166782882056e-21,2696,2697,-142.29948968328495
1529,0.14250436027263902,4.778397585597279e-21,zero_signal,8.592575487485589e-17,6.139736784350608e-21,2697,2698,-142.15945644732895
1530,0.13568797373132213,4.87508753144121e-21,zero_signal,8.60383020065228e-17,6.13021800514923e-21,2698,2699,-142.01448096273967
1531,0.10975030453042223,5.148843007143866e-21,zero_signal,8.548275262332584e-17,6.100086489056032e-21,2699,2700,-141.8880804998663
1532,0.07404374115782275,5.541198322639804e-21,zero_signal,8.428135803162157e-17,6.056181060333919e-21,2700,2701,-141.79498035367882
1533,0.03627261269060966,5.983655958640362e-21,zero_signal,8.251623173445056e-17,6.005313629483997e-21,2701,2702,-141.73999301755066
1534,0.00034447509177937263,6.416820769143298e-21,zero_signal,8.03218566564886e-17,5.9515746393778635e-21,2702,2703,-141.7224351282976
1535,-0.03195663775672131,6.794709284587169e-21,zero_signal,7.786594275714235e-17,5.896248547568988e-21,2703,2704,-141.7393040673671
1536,-0.059618767716230536,7.083099954365966e-21,zero_signal,7.533128535024366e-17,5.8398595111675334e-21,2704,2705,-141.78634840381105
1537,-0.0820520683196122,7.258651251140403e-21,zero_signal,7.290593942853271e-17,5.7844059354719255e-21,2705,2706,-141.85854160279956
1538,-0.09876359873517515,7.309625397087004e-21,zero_signal,7.077968134761659e-17,5.734119937842115e-21,2706,2707,-141.95045254045027
1539,-0.10871707097996364,7.236087698185362e-21,zero_signal,6.913822297978422e-17,5.694201386019405e-21,2707,2708,-142.0560688002699
1540,-0.10994102748246348,7.048085295019681e-21,zero_signal,6.814623793430838e-17,5.668290546192193e-21,2708,2709,-142.1678866824102
1541,-0.10000866329431801,6.7626248915127524e-21,zero_signal,6.791754960555759e-17,5.6565033324310806e-21,2709,2710,-142.27595085523484
1542,-0.07724729569959266,6.4019617056347806e-21,zero_signal,6.84837109240285e-17,5.655716798393413e-21,2710,2711,-142.36790400899883
1543,-0.041904499483663926,5.995416238733793e-21,zero_signal,6.978041137603973e-17,5.6621515622216085e-21,2711,2712,-142.43044544663402
1544,0.003056380059902608,5.584384205947066e-21,zero_signal,7.166294522058968e-17,5.674267507127212e-21,2712,2713,-142.45171300796616
1545,0.05107419747960762,5.226111339817606e-21,zero_signal,7.394171070629861e-17,5.693372576943165e-21,2713,2714,-142.42433268651422
1546,0.09176298009982986,4.988069098007801e-21,zero_signal,7.64165748489593e-17,5.721163951822872e-21,2714,2715,-142.34956461300695
1547,0.11455508681106608,4.926569106561549e-21,zero_signal,7.889595108792245e-17,5.7564192452607336e-21,2715,2716,-142.24080672631456
1548,0.11585621447855488,5.058647238518486e-21,zero_signal,8.12022127399097e-17,5.79423431081474e-21,2716,2717,-142.12045443938482
1549,0.10134037583712541,5.3533550396452654e-21,zero_signal,8.317366049716361e-17,5.828967768312934e-21,2717,2718,-142.00909429735745
1550,0.07982404566266155,5.751808189564321e-21,zero_signal,8.46702960088745e-17,5.858338614261524e-21,2718,2719,-141.91777368771056
1551,0.05702931368340103,6.1927174423767006e-21,zero_signal,8.558352044469248e-17,5.884730847568574e-21,2719,2720,-141.84944620603213
1552,0.03495741662078444,6.62354844310351e-21,zero_signal,8.584647956709007e-17,5.912370323759688e-21,2720,2721,-141.80371506034376
1553,0.014041355052540894,7.00001620248954e-21,zero_signal,8.544198739623563e-17,5.9430767591931855e-21,2721,2722,-141.77953137279056
1554,-0.00531346514921438,7.28439069098089e-21,zero_signal,8.440469593409152e-17,5.974582203598887e-21,2722,2723,-141.77563235023868
1555,-0.022416607455568283,7.447799978399177e-21,zero_signal,8.281448446933851e-17,6.002737048807899e-21,2723,2724,-141.790158303089
1556,-0.03666437623387253,7.474874501084305e-21,zero_signal,8.078321949829053e-17,6.025131842700055e-21,2724,2725,-141.82046556514982
1557,-0.0479448015396855,7.36643360084664e-21,zero_signal,7.844408682156033e-17,6.042567688295334e-21,2725,2726,-141.86348705555673
1558,-0.05651696638491899,7.137834126363194e-21,zero_signal,7.59516693957889e-17,6.057280451861504e-21,2726,2727,-141.9163551682292
1559,-0.062184902824967025,6.814136093013472e-21,zero_signal,7.348924867264675e-17,6.0700089717296186e-21,2727,2728,-141.97652098832657
1560,-0.06331191182987084,6.4255523248992164e-21,zero_signal,7.126843354717983e-17,6.078723394336083e-21,2728,2729,-142.04072497387912
1561,-0.05683748308332781,6.006663072020352e-21,zero_signal,6.950792684649312e-17,6.079896595995773e-21,2729,2730,-142.1031448119863
1562,-0.04029056342939441,5.600226688670377e-21,zero_signal,6.839374274026067e-17,6.070906753396973e-21,2730,2731,-142.15439994004578
1563,-0.015377197470186843,5.261406658720404e-21,zero_signal,6.803971650889342e-17,6.051571033357774e-21,2731,2732,-142.1837259388451
1564,0.009979361153384048,5.053268240009845e-21,zero_signal,6.846932340590608e-17,6.023947988906964e-21,2732,2733,-142.18515433498615
1565,0.02563565233297993,5.026179854136242e-21,zero_signal,6.962463095715176e-17,5.990934245209716e-21,2733,2734,-142.16376721653833
1566,0.027591362286415233,5.190761155011138e-21,zero_signal,7.138970628860442e-17,5.954732728764481e-21,2734,2735,-142.1338830303202
1567,0.02074308626102095,5.511178695450072e-21,zero_signal,7.361083094453918e-17,5.916097543896186e-21,2735,2736,-142.1085844919655
1568,0.012731082564656049,5.926697339281533e-21,zero_signal,7.610632403109554e-17,5.874849918277595e-21,2736,2737,-142.09239685779815
1569,0.007711398134134129,6.377219082951587e-21,zero_signal,7.867239516216952e-17,5.831554900780649e-21,2737,2738,-142.0831223268362
1570,0.005767434508442193,6.813282696944708e-21,zero_signal,8.109619195211444e-17,5.7893422598108426e-21,2738,2739,-142.07697406152988
1571,0.005371575788259975,7.193555588547337e-21,zero_signal,8.318031445012719e-17,5.754154696125711e-21,2739,2740,-142.0715874578193
1572,0.005511351304562595,7.481267998754369e-21,zero_signal,8.47705773586357e-17,5.732367779363369e-21,2740,2741,-142.06623090995336
1573,0.006381561097001054,7.646097947253431e-21,zero_signal,8.577137526696719e-17,5.727120593813581e-21,2741,2742,-142.06056475521018
1574,0.00882913997321566,7.66995335818854e-21,zero_signal,8.613945501284546e-17,5.736695450735681e-21,2742,2743,-142.05346778775936
1575,0.013319320669083368,7.55131231615688e-21,zero_signal,8.586441309552157e-17,5.756856805242883e-21,2743,2744,-142.04290647526375
1576,0.01937614736121418,7.304966075677834e-21,zero_signal,8.495622796017955e-17,5.784948492883103e-21,2744,2745,-142.0268291464212
1577,0.02598536829120235,6.95821188427423e-21,zero_signal,8.345258344135007e-17,5.821510301565352e-21,2745,2746,-142.00415418054132
1578,0.032505397379026135,6.546835999699346e-21,zero_signal,8.143817642742785e-17,5.867873750820941e-21,2746,2747,-141.9748584098388
1579,0.03896437016943821,6.113719731276931e-21,zero_signal,7.905580158238624e-17,5.9225808196402065e-21,2747,2748,-141.93914338578327
1580,0.044905602093606944,5.709997132907978e-21,zero_signal,7.649650476844976e-17,5.980540451887866e-21,2748,2749,-141.8969296694999
1581,0.047397737156799735,5.394415547949897e-21,zero_signal,7.397369002954978e-17,6.035730094302311e-21,2749,2750,-141.84933218159605
1582,0.040921847538186285,5.223935865256406e-21,zero_signal,7.169614502990758e-17,6.0847754516708664e-21,2750,2751,-141.8021341951863
1583,0.021485863440219077,5.233938559871907e-21,zero_signal,6.98509934034308e-17,6.1282803437501574e-21,2751,2752,-141.76748848651968
1584,-0.008410910490212586,5.421104882029378e-21,zero_signal,6.859597803449269e-17,6.169081569626515e-21,2752,2753,-141.75916246830587
1585,-0.0404854340669516,5.746263230233398e-21,zero_signal,6.80515287887946e-17,6.209203042358659e-21,2753,2754,-141.7843103075001
1586,-0.06629204474855044,6.153681589079485e-21,zero_signal,6.828420735776619e-17,6.248052758601877e-21,2754,2755,-141.84013333643978
1587,-0.08126639658037504,6.588107829588286e-21,zero_signal,6.928451999894441e-17,6.283028444198541e-21,2755,2756,-141.9168943969972
1588,-0.0849125271847413,7.001233999775831e-21,zero_signal,7.095425857894903e-17,6.311582947205233e-21,2756,2757,-142.00266612960053
1589,-0.07921960210090617,7.35229749174702e-21,zero_signal,7.311825510429653e-17,6.3327828126615286e-21,2757,2758,-142.0867194513667
1590,-0.06707646886587781,7.60878175475055e-21,zero_signal,7.555989901306937e-17,6.347192749041739e-21,2758,2759,-142.16110533380234
1591,-0.05114213080068453,7.748431572518801e-21,zero_signal,7.80625131128377e-17,6.3554996603356616e-21,2759,2760,-142.22087238909845
1592,-0.03315568935208546,7.76049702525488e-21,zero_signal,8.043596047835128e-17,6.357088981374669e-21,2760,2761,-142.2633895954037
1593,-0.013684988661836428,7.644833812365853e-21,zero_signal,8.252148248914622e-17,6.349528693653867e-21,2761,2762,-142.28718376780262
1594,0.007651035424302677,7.41027235685512e-21,zero_signal,8.418468624434812e-17,6.32936031023846e-21,2762,2763,-142.29075957272738
1595,0.0315641084540772,7.074918422862104e-21,zero_signal,8.531229604655204e-17,6.294079127248267e-21,2763,2764,-142.271881696954
1596,0.058245791125486335,6.669240102541064e-21,zero_signal,8.581968699479192e-17,6.244469244094258e-21,2764,2765,-142.22763135581923
1597,0.08633332906795488,6.239661217636649e-21,zero_signal,8.56637143385789e-17,6.1856230225237494e-21,2765,2766,-142.15539011470304
1598,0.11176004460688205,5.848368154698876e-21,zero_signal,8.485140520532172e-17,6.1251677938223055e-21,2766,2767,-142.05496469768332
1599,0.12747508578694067,5.564564134686007e-21,zero_signal,8.344047258486008e-17,6.0694320801999385e-21,2767,2768,-141.93187002548927
1600,0.1261066016421779,5.444897937568695e-21,zero_signal,8.153325699523771e-17,6.020741282939356e-21,2768,2769,-141.80001452610944
1601,0.10511382428954619,5.5109098293393786e-21,zero_signal,7.926681827462511e-17,5.9784684318919015e-21,2769,2770,-141.67965682220492
1602,0.06897220688239258,5.741652398470523e-21,zero_signal,7.680200245347054e-17,5.942801265823414e-21,2770,2771,-141.58978687753034
1603,0.02550966168914215,6.088221189192161e-21,zero_signal,7.431539684382648e-17,5.917344927362618e-21,2771,2772,-141.54171240844013
1604,-0.01858454870179571,6.494437717470546e-21,zero_signal,7.19960552047677e-17,5.907880355508312e-21,2772,2773,-141.53876755415206
1605,-0.05860557811129752,6.908471750576492e-21,zero_signal,7.004175015298071e-17,5.918501713669895e-21,2773,2774,-141.57888150584373
1606,-0.09066355055567499,7.28566760409114e-21,zero_signal,6.86441191054493e-17,5.9488147962324596e-21,2774,2775,-141.65597871037465
1607,-0.11140593621129824,7.589092608289888e-21,zero_signal,6.79575809260773e-17,5.994632802499834e-21,2775,2776,-141.76020860695508
1608,-0.11899503968987801,7.791133483257146e-21,zero_signal,6.806241188926713e-17,6.051266304981751e-21,2776,2777,-141.87879058279725
1609,-0.11396353393442382,7.875515661674662e-21,zero_signal,6.894333861564393e-17,6.116324051333496e-21,2777,2778,-141.99819868633483
1610,-0.09884875539653137,7.837922687493539e-21,zero_signal,7.049730625264139e-17,6.189607022517311e-21,2778,2779,-142.1067176506661
1611,-0.07678125908769573,7.684352805801701e-21,zero_signal,7.256350449684049e-17,6.270318237053793e-21,2779,2780,-142.1958961971279
1612,-0.05001922858279784,7.428093730571246e-21,zero_signal,7.495609584464505e-17,6.354182956210369e-21,2780,2781,-142.2602801688415
1613,-0.019293051963899188,7.087754030310101e-21,zero_signal,7.74849888659806e-17,6.433244214795366e-21,2781,2782,-142.2959346542935
1614,0.015659975498863332,6.689122834763546e-21,zero_signal,7.996317782450389e-17,6.498790438880613e-21,2782,2783,-142.2988662727693
1615,0.054307325950048835,6.2714374809537134e-21,zero_signal,8.220876861620326e-17,6.545028975967095e-21,2783,2784,-142.26461470329576
1616,0.09269841621204478,5.893442526798607e-21,zero_signal,8.405167868022611e-17,6.570496975057397e-21,2784,2785,-142.1902516208692
1617,0.1221296288899083,5.628646035293317e-21,zero_signal,8.534974324522396e-17,6.576447079954957e-21,2785,2786,-142.07921787087167
1618,0.1328951424239193,5.5406687991131244e-21,zero_signal,8.600921584687266e-17,6.564215468736964e-21,2786,2787,-141.94599236308937
1619,0.12210562025721572,5.6498128835708506e-21,zero_signal,8.599686289515043e-17,6.534141876158108e-21,2787,2788,-141.81342758602383
1620,0.0961705623114284,5.9236180803073555e-21,zero_signal,8.533382493787592e-17,6.486690260287046e-21,2788,2789,-141.70178112257494
1621,0.06423788748655568,6.301524686677803e-21,zero_signal,8.407622614450411e-17,6.424284709862782e-21,2789,2790,-141.62108646140098
1622,0.0316906795674754,6.723502383836645e-21,zero_signal,8.23004603782791e-17,6.3521110330284634e-21,2790,2791,-141.57330534760183
1623,-4.4376000033707896e-05,7.139822527513041e-21,zero_signal,8.010664904165319e-17,6.2772912134131026e-21,2791,2792,-141.55770510226603
1624,-0.03060928520393702,7.508239785755082e-21,zero_signal,7.763481372019717e-17,6.206898596426794e-21,2792,2793,-141.5733940996019
1625,-0.058831618859471746,7.791986587471264e-21,zero_signal,7.507409946284138e-17,6.145865399182021e-21,2793,2794,-141.6189236726739
1626,-0.08258769266433319,7.962824522090247e-21,zero_signal,7.264966366131566e-17,6.09603443867629e-21,2794,2795,-141.69105733732084
1627,-0.09951137798682907,8.00565656625684e-21,zero_signal,7.058922859237121e-17,6.057080679761163e-21,2795,2796,-141.78409905800257
1628,-0.10770496096891691,7.920384556597575e-21,zero_signal,6.908553353301771e-17,6.028712626468903e-21,2796,2797,-141.8900800932945
1629,-0.10604946943016103,7.719635550760755e-21,zero_signal,6.827144024735419e-17,6.012370991233155e-21,2797,2798,-141.9995089799404
1630,-0.09406683392840876,7.424106975381617e-21,zero_signal,6.821301504446597e-17,6.010826397034204e-21,2798,2799,-142.10217903215482
1631,-0.07164573920397288,7.059073060449686e-21,zero_signal,6.891281169692003e-17,6.0258171941146646e-21,2799,2800,-142.18764264779722
1632,-0.03921060311843405,6.6551407859302026e-21,zero_signal,7.031198169331894e-17,6.055740362257877e-21,2800,2801,-142.24547051056277
1633,0.0012106852264679446,6.253172980020569e-21,zero_signal,7.228854406826332e-17,6.0955988622484254e-21,2801,2802,-142.2660638540341
1634,0.04431477917930238,5.90838404646859e-21,zero_signal,7.466074361757122e-17,6.1395503582419474e-21,2802,2803,-142.24304914010983
1635,0.08109587252475592,5.684872561755756e-21,zero_signal,7.720618694839588e-17,6.184076702445456e-21,2803,2804,-142.17743429567548
1636,0.1023213922702979,5.635219994115998e-21,zero_signal,7.969646884371845e-17,6.229104321330744e-21,2804,2805,-142.08085739506032
1637,0.1045774439635494,5.775305498609397e-21,zero_signal,8.193299145838499e-17,6.276100426956598e-21,2805,2806,-141.9727915111349
1638,0.09218489588620571,6.077152366928021e-21,zero_signal,8.376601555928313e-17,6.3249156493442476e-21,2806,2807,-141.87170250713322
1639,0.07268442598221725,6.485748733447923e-21,zero_signal,8.509072885166452e-17,6.372440819229603e-21,2807,2808,-141.78842171936247
1640,0.05186375008966593,6.940250217196102e-21,zero_signal,8.583193767299359e-17,6.414510758615986e-21,2808,2809,-141.7263336551688
1641,0.032479103773709994,7.384541427965876e-21,zero_signal,8.593630360233809e-17,6.449249266754293e-21,2809,2810,-141.68469421918314
1642,0.015109388756172848,7.770000284657504e-21,zero_signal,8.538072696920609e-17,6.478477495513745e-21,2810,2811,-141.66137544762137
1643,-0.0008207551280463576,8.057560125035718e-21,zero_signal,8.418840864463397e-17,6.505678281647413e-21,2811,2812,-141.6544754416708
1644,-0.01609288742923809,8.220645033667683e-21,zero_signal,8.243766431097997e-17,6.532377559995043e-21,2812,2813,-141.66301695787746
1645,-0.030835346232521488,8.24694225086253e-21,zero_signal,8.025681824028436e-17,6.556222100712838e-21,2813,2814,-141.68666121652927
1646,-0.04417661080898938,8.137799580688407e-21,zero_signal,7.780973101593071e-17,6.5723654012975585e-21,2814,2815,-141.7246876503425
1647,-0.05458033960817943,7.90602983350819e-21,zero_signal,7.528013700306809e-17,6.5768634040120104e-21,2815,2816,-141.77501443814725
1648,-0.060411272330185284,7.573836117491452e-21,zero_signal,7.285979464088259e-17,6.569292406690949e-21,2816,2817,-141.83384832955886
1649,-0.06020982909902273,7.172275688458338e-21,zero_signal,7.074062594561685e-17,6.552730621488226e-21,2817,2818,-141.89583698280762
1650,-0.05279353286867661,6.742332733219327e-21,zero_signal,6.910661232418351e-17,6.531360226860725e-21,2818,2819,-141.9542679877569
1651,-0.037897360950921666,6.335634992425285e-21,zero_signal,6.811860667027178e-17,6.507580654902608e-21,2819,2820,-142.00142404854498
1652,-0.01754955363938393,6.011128320560132e-21,zero_signal,6.788851525986549e-17,6.480787542333958e-21,2820,2821,-142.03006270965875
1653,0.0033202457279060127,5.8244143347957e-21,zero_signal,6.84502085596743e-17,6.448732693917195e-21,2821,2822,-142.03652315582374
1654,0.018968437047078623,5.81134884053131e-21,zero_signal,6.974438085978108e-17,6.410436095899118e-21,2822,2823,-142.02342221820294
1655,0.026389285575874055,5.97535037290878e-21,zero_signal,7.163001991992172e-17,6.368340107513651e-21,2823,2824,-141.9985862817296
1656,0.026558173104277216,6.288029491219859e-21,zero_signal,7.391711478330949e-17,6.3277510647920884e-21,2824,2825,-141.9706436470512
1657,0.022624722845435485,6.700666089202669e-21,zero_signal,7.64019516378069e-17,6.293648545922313e-21,2825,2826,-141.94546993552103
1658,0.017782291907678882,7.156200947866958e-21,zero_signal,7.889003205615738e-17,6.2674112071462085e-21,2826,2827,-141.92539420136032
1659,0.01430779302739893,7.597101288932903e-21,zero_signal,8.120471106358418e-17,6.2466316962234125e-21,2827,2828,-141.90990535170567
1660,0.013250831145597886,7.97128383005392e-21,zero_signal,8.318847089293192e-17,6.22869347333252e-21,2828,2829,-141.89677861530552
1661,0.01438028286274573,8.238037290861207e-21,zero_signal,8.470428239835471e-17,6.214992507637769e-21,2829,2830,-141.88340368941448
1662,0.01653589825423296,8.372689527840747e-21,zero_signal,8.564130809292155e-17,6.211485638037738e-21,2830,2831,-141.86801804958003
1663,0.018385951501088016,8.36765932309804e-21,zero_signal,8.592588474932779e-17,6.2244929359751415e-21,2831,2832,-141.850331892906
1664,0.019249776435842136,8.229297317556541e-21,zero_signal,8.553444299511063e-17,6.255489784881735e-21,2832,2833,-141.83124614657785
1665,0.019561420335193702,7.972776642252742e-21,zero_signal,8.450030228815667e-17,6.2998315781325424e-21,2833,2834,-141.81183234003433
1666,0.020702135349452533,7.619136011429145e-21,zero_signal,8.290709129414037e-17,6.350366475608172e-21,2834,2835,-141.79212330590747
1667,0.024133640399043088,7.19743428833008e-21,zero_signal,8.087154209434863e-17,6.402079705596877e-21,2835,2836,-141.77042806933542
1668,0.02999304578720796,6.750396333969688e-21,zero_signal,7.852906891710227e-17,6.4535554397793615e-21,2836,2837,-141.74385602510938
1669,0.03572813169341771,6.336975506866915e-21,zero_signal,7.603336342399032e-17,6.504873078781518e-21,2837,2838,-141.710441977761
1670,0.03614695591622308,6.024400164244572e-21,zero_signal,7.356589253391102e-17,6.555077238523942e-21,2838,2839,-141.67239976172255
1671,-0.20596826508233335,5.868447921320153e-21,zero_signal,7.133777125088953e-17,6.5998030263487265e-21,2839,2840,-141.63814806592856
1672,-0.24227192103271022,7.746830185745089e-21,zero_signal,7.35787859067325e-17,6.286377605034152e-21,2870,2871,-142.0843362918872
1673,-0.025924137065032937,7.664051293649483e-21,zero_signal,7.538219605425608e-17,6.185353130162064e-21,2871,2872,-142.12269190799398
1674,-0.00018412863343542085,7.511051238058442e-21,zero_signal,7.728222539248298e-17,6.098311918535495e-21,2872,2873,-142.13618456601728
1675,0.026033815290517737,7.30772315347089e-21,zero_signal,7.911930960972671e-17,6.030682339206465e-21,2873,2874,-142.12306016526085
1676,0.0506862717266614,7.078025138003089e-21,zero_signal,8.075695740696982e-17,5.9871681384861246e-21,2874,2875,-142.08411693543624
1677,0.07258026981523358,6.846970745603634e-21,zero_signal,8.208806683409538e-17,5.970641687221183e-21,2875,2876,-142.02168762180753
1678,0.09060292717084906,6.6415104956981206e-21,zero_signal,8.302955930678267e-17,5.981519683198619e-21,2876,2877,-141.93895639580577
1679,0.1025931126441435,6.492269498711255e-21,zero_signal,8.351570812644937e-17,6.018323253977927e-21,2877,2878,-141.84048176746583
1680,0.10532021710892536,6.4294362181116524e-21,zero_signal,8.35008461576426e-17,6.078855541553814e-21,2878,2879,-141.7337701705175
1681,0.09644194676810969,6.470782757947628e-21,zero_signal,8.29723544937734e-17,6.160872429842277e-21,2879,2880,-141.62984133324798
1682,0.07673551557944336,6.61063783748736e-21,zero_signal,8.196359180754305e-17,6.261547161251647e-21,2880,2881,-141.54088627698127
1683,0.049968479876753236,6.821286545709376e-21,zero_signal,8.05548553038694e-17,6.376380709800132e-21,2881,2882,-141.4763703020891
1684,0.020557368211726157,7.065947118111419e-21,zero_signal,7.886031237322719e-17,6.499018976471139e-21,2882,2883,-141.44094931722776
1685,-0.00842381408463666,7.311475352315852e-21,zero_signal,7.701015580207371e-17,6.622634944104461e-21,2883,2884,-141.43525556566564
1686,-0.03544058661832139,7.532754006533659e-21,zero_signal,7.513920791727053e-17,6.7418881094216354e-21,2884,2885,-141.45779694539704
1687,-0.05953881673048045,7.710585142262257e-21,zero_signal,7.338499213288486e-17,6.853753282724547e-21,2885,2886,-141.50613673890228
1688,-0.07941762943892172,7.82906465487418e-21,zero_signal,7.188820384214434e-17,6.956502855438317e-21,2886,2887,-141.576874578858
1689,-0.09319568380783494,7.875976279742028e-21,zero_signal,7.07853074562621e-17,7.047854062228862e-21,2887,2888,-141.66497199778013
1690,-0.0989092924763213,7.8455650622381e-21,zero_signal,7.018909638614347e-17,7.124032948930862e-21,2888,2889,-141.76326594647367
1691,-0.09536103161336484,7.74101830071323e-21,zero_signal,7.016380864847436e-17,7.180566696274119e-21,2889,2890,-141.86279058273277
1692,-0.08274793435069228,7.57469688331844e-21,zero_signal,7.070843339491074e-17,7.213991584907593e-21,2890,2891,-141.9539880097004
1693,-0.06265190095119522,7.366119217562513e-21,zero_signal,7.175856286887148e-17,7.222894322192541e-21,2891,2892,-142.02828645143416
1694,-0.03747346725683087,7.139247797487576e-21,zero_signal,7.320496925918561e-17,7.20739814960383e-21,2892,2893,-142.0792918116028
1695,-0.0098423223100923,6.920709080915034e-21,zero_signal,7.491640004004304e-17,7.167677583029042e-21,2893,2894,-142.10323338594782
1696,0.01754126049266347,6.7389792848582e-21,zero_signal,7.675453251652795e-17,7.103048492586753e-21,2894,2895,-142.09897645622297
1697,0.04179001177067221,6.622469742074879e-21,zero_signal,7.857914628005605e-17,7.012772744737179e-21,2895,2896,-142.0681508649625
1698,0.0600842263125827,6.594263052443914e-21,zero_signal,8.025094245495029e-17,6.898203914975975e-21,2896,2897,-142.01539643268163
1699,0.07055099966032685,6.664481079980229e-21,zero_signal,8.163973654502696e-17,6.764549330671556e-21,2897,2898,-141.94798241233732
1700,0.07304967626471637,6.825263529323806e-21,zero_signal,8.263818983956685e-17,6.620610777036438e-21,2898,2899,-141.87429443336097
1701,0.06903261876679778,7.052582320819847e-21,zero_signal,8.317432728523532e-17,6.4764731471812e-21,2899,2900,-141.8018830598079
1702,0.060661939571289736,7.313455942698858e-21,zero_signal,8.321648076225637e-17,6.3408629058952615e-21,2900,2901,-141.73622919582738
1703,0.04994234900726724,7.5735683392121e-21,zero_signal,8.27702497635367e-17,6.22014700766747e-21,2901,2902,-141.6805591806653
1704,0.03822127503984518,7.802201633980911e-21,zero_signal,8.187187593636682e-17,6.11939603858029e-21,2902,2903,-141.63634449781284
1705,0.026033985941609217,7.974686530468326e-21,zero_signal,8.058263121758944e-17,6.044055440655312e-21,2903,2904,-141.60411663058562
1706,0.01331596522462064,8.073677729861734e-21,zero_signal,7.898635602898831e-17,6.000286008242753e-21,2904,2905,-141.58427652592962
1707,-3.227217857215692e-05,8.08998541325206e-21,zero_signal,7.718981726563813e-17,5.993272319095488e-21,2905,2906,-141.57748470013638
1708,-0.013514486553162897,8.02300180195051e-21,zero_signal,7.532332152834392e-17,6.024657030220337e-21,2906,2907,-141.58434107028677
1709,-0.02577287681013729,7.880476294091965e-21,zero_signal,7.353699505643588e-17,6.0912005923126085e-21,2907,2908,-141.6045136732427
1710,-0.034889143321834126,7.677505545447443e-21,zero_signal,7.198844257230598e-17,6.185910124351149e-21,2908,2909,-141.63588682390704
1711,-0.039075269810936675,7.435087001020512e-21,zero_signal,7.082206048806597e-17,6.300911523033041e-21,2909,2910,-141.67429195988638
1712,-0.03741156946398405,7.178946688618993e-21,zero_signal,7.014676119167726e-17,6.429960724756051e-21,2910,2911,-141.71403736352892
1713,-0.03036367481580271,6.938756633406175e-21,zero_signal,7.002127065681084e-17,6.568813307676453e-21,2911,2912,-141.74911509881434
1714,-0.01987907475310635,6.746402154636316e-21,zero_signal,7.045131490359409e-17,6.713418553217328e-21,2912,2913,-141.77476471316052
1715,-0.008851234237269523,6.631336982287497e-21,zero_signal,7.139527067439211e-17,6.857712196612434e-21,2913,2914,-141.78887324832056
1716,4.293601331539776e-05,6.613098504236561e-21,zero_signal,7.277170520562898e-17,6.993159263767464e-21,2914,2915,-141.79246718163506
1717,0.0054861012018818656,6.69484579231088e-21,zero_signal,7.44656843928429e-17,7.110747847261412e-21,2915,2916,-141.78878737629393
1718,0.007708975734985302,6.862788230853318e-21,zero_signal,7.633588834909204e-17,7.204004357625243e-21,2916,2917,-141.7814949792313
1719,0.007655952223828422,7.091866864220686e-21,zero_signal,7.82260846828405e-17,7.27061529404432e-21,2917,2918,-141.77336942482395
1720,0.006096626503108382,7.352888695869785e-21,zero_signal,7.998167426198755e-17,7.311356208021311e-21,2918,2919,-141.76618307478364
1721,0.0034684719653199636,7.616616726176063e-21,zero_signal,8.146769874347086e-17,7.32734893870681e-21,2919,2920,-141.76117617181774
1722,0.00029417961346211996,7.854685590974852e-21,zero_signal,8.258200102910872e-17,7.318103577940769e-21,2920,2921,-141.759246130853
1723,-0.00249388061092759,8.04031024697502e-21,zero_signal,8.32584154337329e-17,7.282001627402308e-21,2921,2922,-141.7605878125908
1724,-0.00378222687163543,8.151186478713413e-21,zero_signal,8.346064506342089e-17,7.218596515269231e-21,2922,2923,-141.76423389207486
1725,-0.00294225427532524,8.17409117645032e-21,zero_signal,8.317456852844202e-17,7.13054478841308e-21,2923,2924,-141.76815226633408
1726,-0.0003450179880246651,8.108330223003074e-21,zero_signal,8.240823347918733e-17,7.02353946985315e-21,2924,2925,-141.7701184006255
1727,0.0028390300352185704,7.965357302856618e-21,zero_signal,8.120135199106604e-17,6.90448174431889e-21,2925,2926,-141.76884230231013
1728,0.00553201456320096,7.764553559558276e-21,zero_signal,7.963566549503173e-17,6.779427051000767e-21,2926,2927,-141.76444034055507
1729,0.007587894972076015,7.52837712784415e-21,zero_signal,7.783453452628254e-17,6.6527336620053626e-21,2927,2928,-141.75777827318373
1730,0.009702102302014737,7.280746981584987e-21,zero_signal,7.594815591751774e-17,6.5278098676466556e-21,2928,2929,-141.74926455061092
1731,0.012300415646606666,7.049001996494098e-21,zero_signal,7.413223689393393e-17,6.408726701644804e-21,2929,2930,-141.7383740685797
1732,0.0144240674576821,6.865000242594626e-21,zero_signal,7.253175947699356e-17,6.3013938201104634e-21,2930,2931,-141.7246637193177
1733,0.013960327225731817,6.760218943444203e-21,zero_signal,7.127458920366433e-17,6.213283227307462e-21,2931,2932,-141.70952593366434
1734,0.009432984772615782,6.755167752948508e-21,zero_signal,7.046927320286683e-17,6.151656589440311e-21,2932,2933,-141.69674306486624
1735,0.0016900730972508882,6.850575929948912e-21,zero_signal,7.01974305109621e-17,6.1213696653133256e-21,2933,2934,-141.6906599641191
1736,-0.006446179450009026,7.027993826316329e-21,zero_signal,7.049758284361466e-17,6.123773024678033e-21,2934,2935,-141.69336291867174
1737,-0.012269324140689264,7.258780511564969e-21,zero_signal,7.134844214395854e-17,6.157442452126808e-21,2935,2936,-141.70355232301912
1738,-0.014845935670791732,7.513354741264075e-21,zero_signal,7.26648667659139e-17,6.219991280803912e-21,2936,2937,-141.71790156695312
1739,-0.014898462025229264,7.764889780245735e-21,zero_signal,7.43130381066248e-17,6.309345374963647e-21,2937,2938,-141.7332441943607
1740,-0.01352041372896906,7.988409917343383e-21,zero_signal,7.613813404461256e-17,6.42337737586841e-21,2938,2939,-141.74769849100358
1741,-0.01110531644923185,8.159854825638496e-21,zero_signal,7.79895444416775e-17,6.558295591916702e-21,2939,2940,-141.76028502181865
1742,-0.007262236186832638,8.258256029780846e-21,zero_signal,7.973242529010713e-17,6.707404970887658e-21,2940,2941,-141.76990912390204
1743,-0.001493729152969081,8.270420393763786e-21,zero_signal,8.124647153068818e-17,6.86164654236818e-21,2941,2942,-141.7748094941923
1744,0.006110376512651783,8.194969443553566e-21,zero_signal,8.242271596545339e-17,7.011754845148374e-21,2942,2943,-141.77289658220798
1745,0.014730330083224885,8.042890002345638e-21,zero_signal,8.316857784199788e-17,7.150370695762333e-21,2943,2944,-141.762588741167
1746,0.023230697195188554,7.834306124988873e-21,zero_signal,8.342137486795288e-17,7.272473022649768e-21,2944,2945,-141.74343592204153
1747,0.030672075817676614,7.594011656762659e-21,zero_signal,8.316097355599029e-17,7.374104521160778e-21,2945,2946,-141.71612734677663
1748,0.03640958328479371,7.348930461372045e-21,zero_signal,8.241233271013264e-17,7.45100330363083e-21,2946,2947,-141.68209177040617
1749,0.039663730708582534,7.128072231383582e-21,zero_signal,8.123730645680097e-17,7.498735358536458e-21,2947,2948,-141.64330818020704
1750,0.039034535735254394,6.961975147607624e-21,zero_signal,7.972289873054453e-17,7.514295971128098e-21,2948,2949,-141.602764308989
1751,0.032707845543853864,6.878046069169543e-21,zero_signal,7.797350251010499e-17,7.497647369992619e-21,2949,2950,-141.56523910873653
1752,0.019579196617868888,6.89223887327914e-21,zero_signal,7.610911697954746e-17,7.451773444758458e-21,2950,2951,-141.5373486179013
1753,0.00046100116574621097,7.002578196977802e-21,zero_signal,7.426579129601967e-17,7.381276148167022e-21,2951,2952,-141.5260807155008
1754,-0.021750019753952188,7.189876691130854e-21,zero_signal,7.259223092423074e-17,7.290758162666288e-21,2952,2953,-141.5364266155698
1755,-0.04306061809839434,7.424932130895429e-21,zero_signal,7.123799410499518e-17,7.184174246217264e-21,2953,2954,-141.5695807550087
1756,-0.05971459356817377,7.676682826641064e-21,zero_signal,7.03332518457785e-17,7.065331049993064e-21,2954,2955,-141.6225478517666
1757,-0.06918441363072247,7.917032978182234e-21,zero_signal,6.996616239513461e-17,6.93881874214504e-21,2955,2956,-141.68900994214505
1758,-0.07058199063142467,8.122184130944828e-21,zero_signal,7.016759244062264e-17,6.81050321774714e-21,2956,2957,-141.76091667902804
1759,-0.06445346893507065,8.272673805004323e-21,zero_signal,7.090982693515004e-17,6.6871347161330565e-21,2957,2958,-141.8301739234079
1760,-0.052127023646136195,8.353930099612532e-21,zero_signal,7.211733810565226e-17,6.575193435021166e-21,2958,2959,-141.88982361689818
1761,-0.03503339059588484,8.35760240828667e-21,zero_signal,7.368139187475727e-17,6.479600411218127e-21,2959,2960,-141.93442797070017
1762,-0.014405750316001331,8.282893690575403e-21,zero_signal,7.547180953465536e-17,6.403198024791527e-21,2960,2961,-141.95989039808995
1763,0.008572163327926319,8.137139075739235e-21,zero_signal,7.73454326696016e-17,6.347564362633777e-21,2961,2962,-141.96323947133217
1764,0.03244923740058425,7.935532249090069e-21,zero_signal,7.915472239049595e-17,6.314675381388218e-21,2962,2963,-141.9427460714341
1765,0.055356722926632074,7.700433124426184e-21,zero_signal,8.075880172780882e-17,6.30786381342709e-21,2963,2964,-141.898340996531
1766,0.07512862612507831,7.460476820874418e-21,zero_signal,8.203601575110995e-17,6.330648841425288e-21,2964,2965,-141.83203262558084
1767,0.089555376976449,7.248712034778603e-21,zero_signal,8.28951013190193e-17,6.38383452225257e-21,2965,2966,-141.74808374428085
1768,0.09666291377324399,7.098181734938621e-21,zero_signal,8.328182572305149e-17,6.463363270585143e-21,2966,2967,-141.65292187162794
1769,0.09510720506419545,7.034422844710464e-21,zero_signal,8.317896503070306e-17,6.5612908823514965e-21,2967,2968,-141.55475791673436
1770,0.0846530411610047,7.067713362583774e-21,zero_signal,8.260036096399067e-17,6.669445541828464e-21,2968,2969,-141.46270746149955
1771,0.06633237633826639,7.190138863614907e-21,zero_signal,8.158398468340559e-17,6.782587947795574e-21,2969,2970,-141.38545183441235
1772,0.04206355574545739,7.379585200882297e-21,zero_signal,8.019038574133579e-17,6.898295018100232e-21,2970,2971,-141.33004270882302
1773,0.014143965388868196,7.607148606246352e-21,zero_signal,7.850805413146058e-17,7.014088149274041e-21,2971,2972,-141.30132472292144
1774,-0.01495972774114307,7.842963327403773e-21,zero_signal,7.665914424736781e-17,7.125017296660542e-21,2972,2973,-141.30175477804528
1775,-0.04265554346278577,8.058939721335898e-21,zero_signal,7.479575073559347e-17,7.224217553884997e-21,2973,2974,-141.33124417840372
1776,-0.06643082632385244,8.230318666862737e-21,zero_signal,7.308280424566401e-17,7.305852617220749e-21,2974,2975,-141.38706586497085
1777,-0.084240161103736,8.337962306500166e-21,zero_signal,7.167388607622087e-17,7.367641002187645e-21,2975,2976,-141.46410583105143
1778,-0.09481512441091411,8.37108482256386e-21,zero_signal,7.069132574323652e-17,7.41075178339308e-21,2976,2977,-141.55554618717832
1779,-0.09766628578489644,8.328565858126521e-21,zero_signal,7.021723452624811e-17,7.437287912569037e-21,2977,2978,-141.65373607987325
1780,-0.0928083610650674,8.217579945556078e-21,zero_signal,7.02925894610929e-17,7.447518507367712e-21,2978,2979,-141.75087875874812
1781,-0.0804784655616686,8.050400046033693e-21,zero_signal,7.09165123043289e-17,7.439001425580989e-21,2979,2980,-141.8393528020034
1782,-0.06114121780767334,7.842023048488934e-21,zero_signal,7.20419568717138e-17,7.408064666994546e-21,2980,2981,-141.91183568987145
1783,-0.03587503331881692,7.610851255401502e-21,zero_signal,7.357241424098818e-17,7.352333543942171e-21,2981,2982,-141.96163523761874
1784,-0.006935911733393141,7.381715047976358e-21,zero_signal,7.536806069969629e-17,7.27247858548739e-21,2982,2983,-141.9835857565091
1785,0.02200361209457924,7.187079775368047e-21,zero_signal,7.726487981554687e-17,7.17222821080543e-21,2983,2984,-141.97550706108552
1786,0.04657282386105521,7.061775283458929e-21,zero_signal,7.910086216686059e-17,7.056982990973006e-21,2984,2985,-141.93957853231993
1787,0.06345476341252265,7.03137896207838e-21,zero_signal,8.073740003016292e-17,6.932159942568898e-21,2985,2986,-141.8823614133634
1788,0.07193166724283628,7.101823849871674e-21,zero_signal,8.206672872037541e-17,6.802428499879099e-21,2986,2987,-141.81266900549488
1789,0.07360683609699947,7.258946697782076e-21,zero_signal,8.300648251407251e-17,6.672389320677114e-21,2987,2988,-141.73849807887774
1790,0.07053663379333841,7.477352456144079e-21,zero_signal,8.349224702589872e-17,6.548179307572608e-21,2988,2989,-141.66545533330088
1791,0.06377006045542544,7.729270180521817e-21,zero_signal,8.347940166208973e-17,6.438492687994885e-21,2989,2990,-141.59742481129106
1792,0.05348388990829278,7.987083629043247e-21,zero_signal,8.29554003165703e-17,6.353523304069576e-21,2990,2991,-141.53791521239003
1793,0.03999464508315498,8.22216797774134e-21,zero_signal,8.195234819896417e-17,6.301851667189635e-21,2991,2992,-141.49045703147448
1794,0.0243670493936321,8.405978408059552e-21,zero_signal,8.054838152769938e-17,6.287321840390938e-21,2992,2993,-141.45792592222372
1795,0.008159455990067954,8.51514522263697e-21,zero_signal,7.885583568691842e-17,6.3083918311313945e-21,2993,2994,-141.4417229326872
1796,-0.007243913941209712,8.53723372831761e-21,zero_signal,7.700452636206697e-17,6.3604556123660136e-21,2994,2995,-141.4416070102436
1797,-0.021027858607737926,8.473021510892597e-21,zero_signal,7.513017316996139e-17,6.4390519862762166e-21,2995,2996,-141.45621076056963
1798,-0.032738777113877404,8.334101696334544e-21,zero_signal,7.337098072680869e-17,6.541264048488808e-21,2996,2997,-141.48366272745906
1799,-0.041694595586747596,8.138109658020804e-21,zero_signal,7.186680588791905e-17,6.6644663325329644e-21,2997,2998,-141.5216883147974
1800,-0.04660934847471765,7.905250945868435e-21,zero_signal,7.075217819346495e-17,6.804028087792452e-21,2998,2999,-141.56705191863256
1801,-0.04597115355424819,7.658196890524679e-21,zero_signal,7.013887547670968e-17,6.952387343325292e-21,2999,3000,-141.61490701174682
1802,-0.03914763688830192,7.424023443858882e-21,zero_signal,7.009277513584684e-17,7.10049481196655e-21,3000,3001,-141.65899422574105
1803,-0.02743657212555206,7.234320653863593e-21,zero_signal,7.061682138370552e-17,7.240441119206177e-21,3001,3002,-141.69320228552343
1804,-0.014004292701216059,7.120243318695488e-21,zero_signal,7.165059518466276e-17,7.367099786534872e-21,3002,3003,-141.71386736999216
1805,-0.002408221355338469,7.10343296991355e-21,zero_signal,7.308662669330296e-17,7.477578570335198e-21,3003,3004,-141.72121087092586
1806,0.00523868929089133,7.188367521076121e-21,zero_signal,7.479285092725798e-17,7.569218856345294e-21,3004,3005,-141.71868381270284
1807,0.008955764466250571,7.36159187408933e-21,zero_signal,7.66293437382612e-17,7.638104965294623e-21,3005,3006,-141.71073349234408
1808,0.010115284240072242,7.59750222115594e-21,zero_signal,7.845581936112062e-17,7.679508582847419e-21,3006,3007,-141.70077228377033
1809,0.010192316006538249,7.865470403175736e-21,zero_signal,8.013524550583413e-17,7.689897241256937e-21,3007,3008,-141.69050292386393
1810,0.010015021463374296,8.134322056424967e-21,zero_signal,8.154039160413536e-17,7.668719798972436e-21,3008,3009,-141.68038765175726
1811,0.009723515078420064,8.374377170504183e-21,zero_signal,8.256466443848276e-17,7.618461755232674e-21,3009,3010,-141.67047288093718
1812,0.009183766158159301,8.559186618943687e-21,zero_signal,8.313302742460616e-17,7.543091754360679e-21,3010,3011,-141.66094062160042
1813,0.008475642470259004,8.66809119828419e-21,zero_signal,8.320831643153007e-17,7.446373403653387e-21,3011,3012,-141.65210534862086
1814,0.008069661525652805,8.689084997863163e-21,zero_signal,8.279155886514367e-17,7.331446817999437e-21,3012,3013,-141.6439893366599
1815,0.008534556566687002,8.620699081155493e-21,zero_signal,8.19177447526771e-17,7.201849180179611e-21,3013,3014,-141.63596602556956
1816,0.010044060997557835,8.471927581853966e-21,zero_signal,8.064953940854918e-17,7.062899392510541e-21,3014,3015,-141.62692022352653
1817,0.012165897185482777,8.260350116471692e-21,zero_signal,7.907191332186872e-17,6.922117354622594e-21,3015,3016,-141.61587790357444
1818,0.014134235187810873,8.009749912842854e-21,zero_signal,7.729028121063203e-17,6.788139811629227e-21,3016,3017,-141.60258842915556
1819,0.01530675223567357,7.74843169839095e-21,zero_signal,7.543166607059679e-17,6.6687696894187425e-21,3017,3018,-141.58760943319882
1820,0.015344262112435558,7.507871191664257e-21,zero_signal,7.36436751102658e-17,6.56953475506316e-21,3018,3019,-141.5719749246842
1821,0.014020373199343794,7.319901591267831e-21,zero_signal,7.208451120820888e-17,6.493774081308097e-21,3019,3020,-141.55692090897395
1822,0.011041079210841076,7.21135862754576e-21,zero_signal,7.090226244784757e-17,6.4439706604043426e-21,3020,3021,-141.54393417828553
1823,0.006222106028616281,7.197830492440303e-21,zero_signal,7.021029818735343e-17,6.422929256397069e-21,3021,3022,-141.53483875055227
1824,-0.00013071999664759915,7.280006950785933e-21,zero_signal,7.006994210280923e-17,6.433496018965654e-21,3022,3023,-141.5314899662283
1825,-0.007064705723195175,7.444540623897866e-21,zero_signal,7.048694714172555e-17,6.476818224348516e-21,3023,3024,-141.53510019054556
1826,-0.01321935810133823,7.667948486640537e-21,zero_signal,7.141881415820634e-17,6.550580747760257e-21,3024,3025,-141.54561937767468
1827,-0.01730784431718746,7.920870115090838e-21,zero_signal,7.278464214196626e-17,6.6489016643612126e-21,3025,3026,-141.56153890674824
1828,-0.01858826302888872,8.171649537395863e-21,zero_signal,7.44720440280909e-17,6.764267290899837e-21,3026,3027,-141.58023506630906
1829,-0.017091495377329124,8.389861021748243e-21,zero_signal,7.634247069357605e-17,6.89012973188783e-21,3027,3028,-141.59871543280602
1830,-0.013485489403464612,8.550180117600728e-21,zero_signal,7.824015646258671e-17,7.022131251001363e-21,3028,3029,-141.61441805706372
1831,-0.008669396329622714,8.635757333626891e-21,zero_signal,8.000781300826071e-17,7.157017269063978e-21,3029,3030,-141.62568641161295
1832,-0.003338854350502629,8.639652773973116e-21,zero_signal,8.150628076177544e-17,7.290330302106303e-21,3030,3031,-141.63175684972296
1833,0.0022753581737759987,8.563697391115117e-21,zero_signal,8.263032922124051e-17,7.415147093868562e-21,3031,3032,-141.63236412031395
1834,0.008405088955186102,8.415977029806749e-21,zero_signal,8.331322383949635e-17,7.523214705750387e-21,3032,3033,-141.6272061333754
1835,0.015430705337976747,8.209531302545036e-21,zero_signal,8.35198726337503e-17,7.607614001159003e-21,3033,3034,-141.61555394240358
1836,0.023273395068855507,7.96389167121674e-21,zero_signal,8.323739631767612e-17,7.664714136604362e-21,3034,3035,-141.59634472269946
1837,0.030763824045209276,7.70762260559398e-21,zero_signal,8.247398935023076e-17,7.693981183450123e-21,3035,3036,-141.56900715226587
1838,0.035548645026310055,7.477216520611137e-21,zero_signal,8.126845589949554e-17,7.696181279833286e-21,3036,3037,-141.53481707460904
1839,0.03498219241288325,7.309379001807106e-21,zero_signal,7.97012637616574e-17,7.671686791667819e-21,3037,3038,-141.49790986221325
1840,0.027641268569283284,7.22987459169892e-21,zero_signal,7.789483907148745e-17,7.620168042110879e-21,3038,3039,-141.46485268978327
1841,0.014223320343177193,7.246727944491112e-21,zero_signal,7.599926198767398e-17,7.54173207201366e-21,3039,3040,-141.44262732507468
1842,-0.003006181388684581,7.352172959553402e-21,zero_signal,7.417101242606142e-17,7.438616858840462e-21,3040,3041,-141.43640604909692
1843,-0.021490752081774644,7.529370912981239e-21,zero_signal,7.255619181436301e-17,7.316256336397158e-21,3041,3042,-141.44863968785205
1844,-0.03903348728874789,7.757004436978222e-21,zero_signal,7.12832432006729e-17,7.182841710465956e-21,3042,3043,-141.47938755326047
1845,-0.053556221716235086,8.009913369327687e-21,zero_signal,7.046035707640621e-17,7.047347258404993e-21,3043,3044,-141.52670666242955
1846,-0.06282636037875022,8.259233690393292e-21,zero_signal,7.01685522654403e-17,6.917104243881927e-21,3044,3045,-141.58649999669294
1847,-0.06486579388005964,8.475336739484464e-21,zero_signal,7.04467744440365e-17,6.796607663192765e-21,3045,3046,-141.65235938318705
1848,-0.05884319610889577,8.63317539047421e-21,zero_signal,7.127576221982076e-17,6.688538669931593e-21,3046,3047,-141.71623158445306
1849,-0.04566739484695859,8.717007884945001e-21,zero_signal,7.257319294654881e-17,6.596239313908711e-21,3047,3048,-141.77004577540484
1850,-0.027700184893191704,8.72179514914747e-21,zero_signal,7.420730568664263e-17,6.525448022700416e-21,3048,3049,-141.80756637414697
1851,-0.007679604454168043,8.650934878807779e-21,zero_signal,7.602356531159053e-17,6.4833613483246806e-21,3049,3050,-141.82544614519122
1852,0.01245940935012868,8.512670513299517e-21,zero_signal,7.787015221464106e-17,6.475234814708785e-21,3050,3051,-141.8229255830553
1853,0.03203739992821397,8.31862932239924e-21,zero_signal,7.961085526856253e-17,6.5012153928174804e-21,3051,3052,-141.80052732649096
1854,0.05098178688693622,8.086117469899743e-21,zero_signal,8.112533817367321e-17,6.556393691228989e-21,3052,3053,-141.75885078319888
1855,0.06855019943705543,7.841823798197556e-21,zero_signal,8.230643784153002e-17,6.634293412526031e-21,3053,3054,-141.6985637527171
1856,0.08251871712721481,7.621755289069598e-21,zero_signal,8.306403441959505e-17,6.7306169699253776e-21,3054,3055,-141.62175038432477
1857,0.08972405956252771,7.463878462446847e-21,zero_signal,8.333628644232784e-17,6.843654098007508e-21,3055,3056,-141.53352631846266
1858,0.08775300861205437,7.396027304027531e-21,zero_signal,8.310073715994672e-17,6.971107654961863e-21,3056,3057,-141.44230226519971
1859,0.07638778293794246,7.426932129521295e-21,zero_signal,8.237767802579823e-17,7.106838532449548e-21,3057,3058,-141.35802030123855
1860,0.057541586139223,7.546249730635043e-21,zero_signal,8.122475404951414e-17,7.24110950155317e-21,3058,3059,-141.28952669932383
1861,0.033967699094390014,7.731593450015497e-21,zero_signal,7.972759112110538e-17,7.364263151948082e-21,3059,3060,-141.2429371289601
1862,0.00808216557989283,7.955925404012885e-21,zero_signal,7.799179133327118e-17,7.470422532531591e-21,3060,3061,-141.22159130113505
1863,-0.018313613583885058,8.191411346529419e-21,zero_signal,7.613859676367481e-17,7.558114028504698e-21,3061,3062,-141.22677279780032
1864,-0.04364686180092292,8.410757054739532e-21,zero_signal,7.430304982928564e-17,7.627893023773713e-21,3062,3063,-141.25821852830282
1865,-0.06611673339776303,8.588744666136449e-21,zero_signal,7.263088839297209e-17,7.679587964168442e-21,3063,3064,-141.31406652140217
1866,-0.08358418759469544,8.70506478810783e-21,zero_signal,7.12694107704542e-17,7.711461364324079e-21,3064,3065,-141.39045199509835
1867,-0.09393549845404436,8.74734086553687e-21,zero_signal,7.034983536416338e-17,7.721397558594455e-21,3065,3066,-141.48123489659156
1868,-0.09573293837240726,8.712555048358226e-21,zero_signal,6.996476758720381e-17,7.708552155457053e-21,3066,3067,-141.57832299200643
1869,-0.08871629988600205,8.606164278207464e-21,zero_signal,7.015029413832456e-17,7.673974995093457e-21,3067,3068,-141.67270077333637
1870,-0.07378678477920175,8.439919669647154e-21,zero_signal,7.088160403221086e-17,7.619933501165303e-21,3068,3069,-141.75575559177844
1871,-0.05254296488766386,8.230243783699454e-21,zero_signal,7.208287796235784e-17,7.5486959963371e-21,3069,3070,-141.82027434289478
1872,-0.026840820644480345,7.99818112507068e-21,zero_signal,7.36438236920219e-17,7.461747536828401e-21,3070,3071,-141.86084152155377
1873,0.0012340065740517048,7.770030311503599e-21,zero_signal,7.543419494577393e-17,7.360007464416053e-21,3071,3072,-141.87395598418374
1874,0.02910364150122291,7.576360276688392e-21,zero_signal,7.731314773726199e-17,7.244971686204034e-21,3072,3073,-141.85837350840566
1875,0.0536838589308104,7.447582570269047e-21,zero_signal,7.913592789287663e-17,7.120099273241878e-21,3073,3074,-141.8157487011813
1876,0.07200334597165181,7.406724086615799e-21,zero_signal,8.076192089961978e-17,6.99149325469242e-21,3074,3075,-141.75100579054404
1877,0.08217928277176156,7.462782442160182e-21,zero_signal,8.206597794951143e-17,6.867220884390914e-21,3075,3076,-141.671742009238
1878,0.08401115701803974,7.60831553311323e-21,zero_signal,8.295139067516673e-17,6.7554790054571385e-21,3076,3077,-141.58664722500052
1879,0.07876945959013426,7.82200213707678e-21,zero_signal,8.3359839867349e-17,6.662775126925514e-21,3077,3078,-141.5037196952019
1880,0.06842675875746806,8.073787942492293e-21,zero_signal,8.327330209246098e-17,6.593468880797751e-21,3078,3079,-141.42910830582025
1881,0.05484453951277146,8.330039066730925e-21,zero_signal,8.270719164140612e-17,6.5508604173934846e-21,3079,3080,-141.36686617768697
1882,0.03927995762023784,8.558063730764101e-21,zero_signal,8.17008984269966e-17,6.538359488942183e-21,3080,3081,-141.3194192267947
1883,0.022373680231311255,8.730411357680601e-21,zero_signal,8.031454447635513e-17,6.5589800120449784e-21,3081,3082,-141.2883062624465
1884,0.00455912504691014,8.82851896842487e-21,zero_signal,7.863472112603958e-17,6.613199448933988e-21,3082,3083,-141.27467186633208
1885,-0.01341064611018794,8.844267272864325e-21,zero_signal,7.678188800524151e-17,6.697289834932092e-21,3083,3084,-141.27918801235268
1886,-0.03018200721189146,8.778717143490779e-21,zero_signal,7.490803426202443e-17,6.804081979565572e-21,3084,3085,-141.30149315855246
1887,-0.04393719851360345,8.639442055228559e-21,zero_signal,7.317971581618523e-17,6.925757423937931e-21,3085,3086,-141.33955202677646
1888,-0.05287086517677153,8.439091719159915e-21,zero_signal,7.175287088449759e-17,7.0562896204915e-21,3086,3087,-141.38936755557967
1889,-0.05578046806890313,8.196367908657355e-21,zero_signal,7.075157851650742e-17,7.191623367237064e-21,3087,3088,-141.44529375713
1890,-0.05251023038685787,7.937626246550254e-21,zero_signal,7.025840737183194e-17,7.327877099579492e-21,3088,3089,-141.50092849171747
1891,-0.04404983948640506,7.695744695671308e-21,zero_signal,7.031402146215718e-17,7.459527239174621e-21,3089,3090,-141.55031421790372
1892,-0.03222240716469571,7.504510299341875e-21,zero_signal,7.091772368449653e-17,7.579298195104912e-21,3090,3091,-141.58902817069028
1893,-0.019114178262540804,7.390660126249419e-21,zero_signal,7.202391755171313e-17,7.679819855864325e-21,3091,3092,-141.6147590322331
1894,-0.0066201802247576325,7.368394110950104e-21,zero_signal,7.353826139055857e-17,7.755652135166459e-21,3092,3093,-141.62725652721537
1895,0.0036549003063441887,7.439241941127574e-21,zero_signal,7.532241549920269e-17,7.8042006937031e-21,3093,3094,-141.62799939268263
1896,0.010435789182452027,7.594972685502781e-21,zero_signal,7.721222275469546e-17,7.825126179092263e-21,3094,3095,-141.61994672660268
1897,0.013189941776332148,7.818975378518652e-21,zero_signal,7.904419408242485e-17,7.818958904228144e-21,3095,3096,-141.60712781431772
1898,0.01266500981851948,8.085303102864128e-21,zero_signal,8.06780112737368e-17,7.785995850319266e-21,3096,3097,-141.59356684305
1899,0.010765693692860623,8.359384833561627e-21,zero_signal,8.200501540333039e-17,7.726218480082954e-21,3097,3098,-141.58179779468068
1900,0.009530195923929341,8.60380816440188e-21,zero_signal,8.294324346447674e-17,7.640319866817412e-21,3098,3099,-141.5720354556643
1901,0.009945634717013263,8.787342366226033e-21,zero_signal,8.342978628441828e-17,7.531245121912283e-21,3099,3100,-141.56273740283282
1902,0.011556598679746344,8.891691463675872e-21,zero_signal,8.342173110816883e-17,7.405127734706583e-21,3100,3101,-141.55214418623027
1903,0.013127467852726227,8.911930719123509e-21,zero_signal,8.290706400003343e-17,7.270553430578935e-21,3101,3102,-141.53962420547333
1904,0.013764732286517756,8.851618375500232e-21,zero_signal,8.191625498501819e-17,7.136158144271494e-21,3102,3103,-141.5258892505248
1905,0.013592986576639987,8.717787256715283e-21,zero_signal,8.052410484845525e-17,7.00816795055015e-21,3103,3104,-141.5120947409003
1906,0.013500309535217525,8.520513227934995e-21,zero_signal,7.883985186555858e-17,6.889949345613809e-21,3104,3105,-141.49870327737153
1907,0.014222953465235832,8.276897362774185e-21,zero_signal,7.699230332205341e-17,6.784043122303763e-21,3105,3106,-141.48509412182986
1908,0.01550345353430771,8.01468875737114e-21,zero_signal,7.511825363463079e-17,6.694829724222883e-21,3106,3107,-141.47025737044106
1909,0.01598654579522929,7.770476362852173e-21,zero_signal,7.335716350576519e-17,6.629192012864578e-21,3107,3108,-141.45408721476124
1910,0.014047700960546194,7.581499083878527e-21,zero_signal,7.184845226769693e-17,6.5942064104897224e-21,3108,3109,-141.4382842788506
1911,0.00903758639506691,7.475388743232698e-21,zero_signal,7.072467765987833e-17,6.59360973003078e-21,3109,3110,-141.42599181284015
1912,0.0018936484004257181,7.464158571316391e-21,zero_signal,7.009632272338387e-17,6.626022194184798e-21,3110,3111,-141.42020910606047
1913,-0.005507751068890343,7.545177211133427e-21,zero_signal,7.003082067712829e-17,6.68641298970398e-21,3111,3112,-141.4222045160393
1914,-0.011626585927814403,7.705890703555214e-21,zero_signal,7.053545931063991e-17,6.769450321327842e-21,3112,3113,-141.43122460819825
1915,-0.015927129391528183,7.927118991160672e-21,zero_signal,7.15545102451323e-17,6.87181335803413e-21,3113,3114,-141.44545768789493
1916,-0.01852817309065813,8.183543830753735e-21,zero_signal,7.298280816830656e-17,6.991602925640941e-21,3114,3115,-141.4630788669813
1917,-0.019504214498113015,8.44429162164046e-21,zero_signal,7.468751648799483e-17,7.125638764201829e-21,3115,3116,-141.48251403407625
1918,-0.018600558242951593,8.676492290853448e-21,zero_signal,7.652670845059141e-17,7.267310781193439e-21,3116,3117,-141.50208729597753
1919,-0.01548655833249768,8.851359634152378e-21,zero_signal,7.835954100283339e-17,7.407129135394476e-21,3117,3118,-141.51971515056215
1920,-0.010181025170084013,8.949673027266328e-21,zero_signal,8.005092562444292e-17,7.535698371714232e-21,3118,3119,-141.53306041264253
1921,-0.0032558681858319005,8.963745262836256e-21,zero_signal,8.147638467034137e-17,7.646713604694097e-21,3119,3120,-141.54007720090232
1922,0.004347673184483369,8.895502659429252e-21,zero_signal,8.25297907517126e-17,7.737628889146418e-21,3120,3121,-141.5395721490142
1923,0.011777764520900291,8.753138710102487e-21,zero_signal,8.313262795848386e-17,7.807731092147809e-21,3121,3122,-141.53138185453335
1924,0.01866120334216248,8.549625397604161e-21,zero_signal,8.324183110795239e-17,7.85551544147895e-21,3122,3123,-141.5160166199724
1925,0.025035063233929122,8.304240917688899e-21,zero_signal,8.285364193298642e-17,7.877656392357734e-21,3123,3124,-141.49405944784903
1926,0.030733775294010002,8.04478379498125e-21,zero_signal,8.200183473261538e-17,7.870327560959634e-21,3124,3125,-141.46594649350453
1927,0.034687567850710366,7.80641944869084e-21,zero_signal,8.07507429231329e-17,7.831619409288053e-21,3125,3126,-141.432591897261
1928,0.03489043294472083,7.625139098991563e-21,zero_signal,7.91869951772412e-17,7.76306447548482e-21,3126,3127,-141.3965713578031
1929,0.029364626885595158,7.528339874677623e-21,zero_signal,7.741540322248362e-17,7.669223240136924e-21,3127,3128,-141.36281103137156
1930,0.017496878510016245,7.528008020263145e-21,zero_signal,7.556045351427315e-17,7.55587038140328e-21,3128,3129,-141.33784210403192
1931,0.0006858627705526033,7.620064923316435e-21,zero_signal,7.376762286073516e-17,7.428278258989595e-21,3129,3130,-141.32781727435153
1932,-0.01810861101641592,7.788332792950082e-21,zero_signal,7.219554890833996e-17,7.290846886523151e-21,3130,3131,-141.33647037849082
1933,-0.03543808296701911,8.009037995954403e-21,zero_signal,7.099549717857655e-17,7.148169200476188e-21,3131,3132,-141.36403449638436
1934,-0.04839810109037046,8.253967587407573e-21,zero_signal,7.028488662528268e-17,7.00643842390449e-21,3132,3133,-141.40734654442485
1935,-0.055247802954070835,8.49331348486397e-21,zero_signal,7.012762731437089e-17,6.873773078644526e-21,3133,3134,-141.4608306985651
1936,-0.05550666309443386,8.699275722518866e-21,zero_signal,7.052973241306008e-17,6.7588388572112425e-21,3134,3135,-141.517842150333
1937,-0.0496465855920718,8.849683337023976e-21,zero_signal,7.144787996752152e-17,6.668575595884437e-21,3135,3136,-141.57184402475397
1938,-0.0386734107315192,8.929978787912247e-21,zero_signal,7.280129527064378e-17,6.606766663593208e-21,3136,3137,-141.61713532151714
1939,-0.02383619123150993,8.932924033918595e-21,zero_signal,7.447941662847832e-17,6.5746306352917026e-21,3137,3138,-141.649190846217
1940,-0.006479248501108259,8.85729547053482e-21,zero_signal,7.634590198570245e-17,6.572795386036282e-21,3138,3139,-141.66480770398016
1941,0.012060685544156513,8.707776061635807e-21,zero_signal,7.82454851732248e-17,6.602563508140573e-21,3139,3140,-141.66214934321923
1942,0.03052359873557009,8.497013002245268e-21,zero_signal,8.001886021928677e-17,6.664915483538926e-21,3140,3141,-141.64068633289185
1943,0.047680705285813474,8.248045162188923e-21,zero_signal,8.152355557244755e-17,6.757996481360936e-21,3141,3142,-141.6011021457481
1944,0.06219060569939927,7.99351174289663e-21,zero_signal,8.26518120449515e-17,6.875640880773802e-21,3142,3143,-141.54532492232022
1945,0.0725612659964412,7.769702037437703e-21,zero_signal,8.333632567003095e-17,7.008685471559503e-21,3143,3144,-141.4767209343493
1946,0.0773559382405864,7.608030481556937e-21,zero_signal,8.354304157248702e-17,7.14803626977846e-21,3144,3145,-141.40020239032734
1947,0.07546005141986711,7.529238731318417e-21,zero_signal,8.326056391205147e-17,7.286756122818149e-21,3145,3146,-141.32200905786812
1948,0.06622193160089296,7.542503419958715e-21,zero_signal,8.249799914946184e-17,7.41971463910741e-21,3146,3147,-141.2492822874876
1949,0.049672857305083085,7.646141967008394e-21,zero_signal,8.129396628796616e-17,7.541959775671857e-21,3147,3148,-141.18956519466633
1950,0.026970469280257703,7.82656583664878e-21,zero_signal,7.972760974869232e-17,7.64795990368964e-21,3148,3149,-141.14993657287744
1951,0.0005924747734553648,8.057553782799311e-21,zero_signal,7.791944426236408e-17,7.732495503709376e-21,3149,3150,-141.1356242561058
1952,-0.0262259813738126,8.30420125294935e-21,zero_signal,7.601813937950383e-17,7.79219335774934e-21,3150,3151,-141.14875162333053
1953,-0.05052191188543986,8.531492381491186e-21,zero_signal,7.418017396665297e-17,7.826346720720659e-21,3151,3152,-141.18807621885344
1954,-0.07031714553043855,8.712592571066058e-21,zero_signal,7.255286585558794e-17,7.836557635926575e-21,3152,3153,-141.2497954471014
1955,-0.08457895966655826,8.832192210434545e-21,zero_signal,7.126583016060341e-17,7.825602454654314e-21,3153,3154,-141.32871050991432
1956,-0.09263740606100157,8.884249969191596e-21,zero_signal,7.042729219130543e-17,7.796141060523688e-21,3154,3155,-141.41895336643452
1957,-0.09365169170213505,8.867348873856112e-21,zero_signal,7.011747048171518e-17,7.749769691785995e-21,3155,3156,-141.51398532203632
1958,-0.08664681846823896,8.782015038656381e-21,zero_signal,7.037519262213393e-17,7.686832101072224e-21,3156,3157,-141.6062567498388
1959,-0.07116362497581008,8.632317329829456e-21,zero_signal,7.118297513194653e-17,7.60723176944698e-21,3157,3158,-141.6872789589728
1960,-0.048041470932631114,8.430387267476208e-21,zero_signal,7.246177656190604e-17,7.511965857715522e-21,3158,3159,-141.7485839997904
1961,-0.01972584388852283,8.199725585018485e-21,zero_signal,7.408285549123287e-17,7.404407121113143e-21,3159,3160,-141.78336190083806
1962,0.010194339272842967,7.97333775754277e-21,zero_signal,7.589276182318963e-17,7.290166418274664e-21,3160,3161,-141.78803568756746
1963,0.03804790644696254,7.786206340050033e-21,zero_signal,7.77385889028069e-17,7.175295328590013e-21,3161,3162,-141.76297322229237
1964,0.061136982089664116,7.666262517761114e-21,zero_signal,7.948228546254232e-17,7.064243058384315e-21,3162,3163,-141.71193987467353
1965,0.07805294998883028,7.629569947645645e-21,zero_signal,8.100294412263695e-17,6.959694460412392e-21,3163,3164,-141.64069925811305
1966,0.08812293943439897,7.681178145987734e-21,zero_signal,8.219501549002366e-17,6.864861477411706e-21,3164,3165,-141.55583397469587
1967,0.09080003657335567,7.817208223902786e-21,zero_signal,8.297090319669051e-17,6.786038884520178e-21,3165,3166,-141.46445337924425
1968,0.0858220912190717,8.02388154414631e-21,zero_signal,8.32694805954117e-17,6.7322390422723595e-21,3166,3167,-141.37423390154916
1969,0.07389177671790037,8.275356710545377e-21,zero_signal,8.306539007661157e-17,6.71121255518659e-21,3167,3168,-141.2928091968061
1970,0.056934692947848475,8.535749386728295e-21,zero_signal,8.237342539094047e-17,6.725036424926724e-21,3168,3169,-141.22645034811336
1971,0.037500264687651,8.766984376458342e-21,zero_signal,8.124638397016687e-17,6.769389372207331e-21,3169,3170,-141.1789398109104
1972,0.017760980043988184,8.938392437701394e-21,zero_signal,7.976836310789198e-17,6.837182800079761e-21,3170,3171,-141.15144981873806
1973,-0.0011268040546212887,9.03249610858202e-21,zero_signal,7.804649420780668e-17,6.923037218347686e-21,3171,3172,-141.14341785082243
1974,-0.018872560886919132,9.044584485731305e-21,zero_signal,7.620384074623906e-17,7.024671596744136e-21,3172,3173,-141.1537034268473
1975,-0.035259198968702776,8.978132664102818e-21,zero_signal,7.437504056515587e-17,7.140650222501614e-21,3173,3174,-141.18116297259627
1976,-0.04931170488603698,8.84053790768969e-21,zero_signal,7.270330374726858e-17,7.267267975583498e-21,3174,3175,-141.2242218247847
1977,-0.05910243666822623,8.64246357920623e-21,zero_signal,7.133383760290236e-17,7.397588111781284e-21,3175,3176,-141.27978638236834
1978,-0.06246949423150738,8.400477778411448e-21,zero_signal,7.039883662764998e-17,7.52322306553829e-21,3176,3177,-141.34242669812116
1979,-0.0582762727527637,8.139642379452987e-21,zero_signal,6.999522237780529e-17,7.637051433038939e-21,3177,3178,-141.40472537083136
1980,-0.047367165736673655,7.89249881418051e-21,zero_signal,7.016430025533593e-17,7.734684314818154e-21,3178,3179,-141.4589792436267
1981,-0.03246008003034717,7.69342009288358e-21,zero_signal,7.088430246558644e-17,7.813893229046718e-21,3179,3180,-141.4994597023047
1982,-0.01694859577560237,7.570662207132928e-21,zero_signal,7.207921357430464e-17,7.872835978512652e-21,3180,3181,-141.52389940368738
1983,-0.0034685331000190445,7.540227399904154e-21,zero_signal,7.363703225701406e-17,7.908605412423847e-21,3181,3182,-141.5333568938559
1984,0.006761363429191647,7.604231410823863e-21,zero_signal,7.542699724955879e-17,7.917195371492425e-21,3182,3183,-141.53083646988742
1985,0.013627947743628965,7.752878491482151e-21,zero_signal,7.730997071808694e-17,7.894914167136265e-21,3183,3184,-141.51983416699753
1986,0.017499103241718217,7.967042087969924e-21,zero_signal,7.914346814227909e-17,7.840338708224864e-21,3184,3185,-141.50358057440016
1987,0.018911089478905296,8.219983022077207e-21,zero_signal,8.078697207118403e-17,7.755610225258885e-21,3185,3186,-141.4848359605141
1988,0.018570694671780075,8.479543778828568e-21,zero_signal,8.211212751353354e-17,7.646244352403119e-21,3186,3187,-141.46575839544235
1989,0.01733639059388281,8.712536311978178e-21,zero_signal,8.301735457767573e-17,7.519475802174143e-21,3187,3188,-141.44769457117053
1990,0.016018775939301122,8.890639635395061e-21,zero_signal,8.344074814518041e-17,7.382160082087908e-21,3188,3189,-141.43108561425458
1991,0.015137551688681583,8.994885320824219e-21,zero_signal,8.336367460378786e-17,7.239735585200169e-21,3189,3190,-141.41565701929193
1992,0.01483600291871312,9.016446365831954e-21,zero_signal,8.28031592711682e-17,7.097029397556102e-21,3190,3191,-141.40081051087722
1993,0.014976621404315438,8.954594605813893e-21,zero_signal,8.180032035969647e-17,6.960018876339268e-21,3191,3192,-141.3859850134545
1994,0.015275137556031382,8.815029578515147e-21,zero_signal,8.041561065803951e-17,6.836550895270627e-21,3192,3193,-141.3708572680686
1995,0.015372654970377653,8.610569667568837e-21,zero_signal,7.873454654424854e-17,6.734864923858182e-21,3193,3194,-141.35543473834244
1996,0.014891028767777925,8.362748739945488e-21,zero_signal,7.687612662640091e-17,6.660955337080245e-21,3194,3195,-141.34011195812784
1997,0.013532261996957118,8.101139690200875e-21,zero_signal,7.49915928897431e-17,6.617075468243732e-21,3195,3196,-141.32565268080688
1998,0.011160056474125213,7.859122120044329e-21,zero_signal,7.324802684522378e-17,6.602622063896411e-21,3196,3197,-141.31304743413392
1999,0.007750338342276564,7.668046258064562e-21,zero_signal,7.180294603685261e-17,6.616341535108135e-21,3197,3198,-141.30333256785863
2000,0.0032425857449283058,7.552671812603789e-21,zero_signal,7.07821741946358e-17,6.657659299816527e-21,3198,3199,-141.29754675744937
2001,-0.002472300140510697,7.528636238257078e-21,zero_signal,7.026924812584656e-17,6.726004263883636e-21,3199,3200,-141.29684739636878
2002,-0.009241989747849289,7.60051731452189e-21,zero_signal,7.030485941585354e-17,6.819037372064693e-21,3200,3201,-141.3024913577304
2003,-0.01624885329385961,7.75977117843579e-21,zero_signal,7.088820792468936e-17,6.93167531431688e-21,3201,3202,-141.31533137586447
2004,-0.02204880574593915,7.984367064666548e-21,zero_signal,7.197444588514735e-17,7.056939965491694e-21,3202,3203,-141.3349890643181
2005,-0.025236844865105468,8.242414639876821e-21,zero_signal,7.347096618765414e-17,7.187952906063022e-21,3203,3204,-141.35942898735635
2006,-0.025237832468846477,8.499307520285734e-21,zero_signal,7.524128114318717e-17,7.3194621224486e-21,3204,3205,-141.38546275404832
2007,-0.02255453177946265,8.72496951201142e-21,zero_signal,7.712214003449887e-17,7.447834157436247e-21,3205,3206,-141.40990465229405
2008,-0.0182893164578104,8.897608814189653e-21,zero_signal,7.894960705150413e-17,7.569781653669241e-21,3206,3207,-141.43057181760724
2009,-0.013323071306658107,9.002932437233926e-21,zero_signal,8.058201011089537e-17,7.68102822633804e-21,3207,3208,-141.44648328520967
2010,-0.007766225247209491,9.031201679211007e-21,zero_signal,8.190942842156381e-17,7.776021318195003e-21,3208,3209,-141.45721796022056
2011,-0.0010978224258764158,8.976251084944351e-21,zero_signal,8.284977813362474e-17,7.848948021758397e-21,3209,3210,-141.46201573570409
2012,0.007113105085409188,8.838690564870445e-21,zero_signal,8.334155610520069e-17,7.895381430223336e-21,3210,3211,-141.4594136050723
2013,0.01647666932782954,8.631056952155482e-21,zero_signal,8.334387023733367e-17,7.913434688048319e-21,3211,3212,-141.44778952553327
2014,0.025617803971755393,8.37976823769234e-21,zero_signal,8.284539205487756e-17,7.90354716555013e-21,3212,3213,-141.42646026641665
2015,0.03269413408432342,8.120579934094588e-21,zero_signal,8.18744508937816e-17,7.866988356430608e-21,3213,3214,-141.39655391758976
2016,0.03617942693810505,7.889609824340841e-21,zero_signal,8.050145233421724e-17,7.804377459054986e-21,3214,3215,-141.361071998248
2017,0.03530216417578913,7.715769510155809e-21,zero_signal,7.883152605320534e-17,7.715807410801838e-21,3215,3216,-141.32419506371355
2018,0.029873805346809945,7.618526797394286e-21,zero_signal,7.699206270393733e-17,7.60281579041777e-21,3216,3217,-141.29046766989643
2019,0.019915560330545645,7.609167520679427e-21,zero_signal,7.512121805313905e-17,7.470526199943727e-21,3217,3218,-141.26444745301993
2020,0.00577212906114255,7.690671861616974e-21,zero_signal,7.336033882747312e-17,7.327781008152056e-21,3218,3219,-141.25063654923534
2021,-0.011225286150974512,7.854613384071794e-21,zero_signal,7.184891855302389e-17,7.184734417442473e-21,3219,3220,-141.25290319489764
2022,-0.028351735772844222,8.07890716742529e-21,zero_signal,7.071769436425928e-17,7.049714847663717e-21,3220,3221,-141.2730871215373
2023,-0.04208083099582893,8.330844689682281e-21,zero_signal,7.007573897664114e-17,6.927911392494223e-21,3221,3222,-141.30960666644333
2024,-0.04946131781500185,8.57510354899818e-21,zero_signal,6.999196874020184e-17,6.822810156438106e-21,3222,3223,-141.35724878352895
2025,-0.049339616811678866,8.782099866092306e-21,zero_signal,7.04782348697161e-17,6.738803857313883e-21,3223,3224,-141.40852930207333
2026,-0.042623087430726514,8.932149645719785e-21,zero_signal,7.148396078235424e-17,6.682300848578187e-21,3224,3225,-141.4559280171523
2027,-0.031468833693466536,9.014336649925138e-21,zero_signal,7.290666591017658e-17,6.659960256361206e-21,3225,3226,-141.4937754769348
2028,-0.017990564255171648,9.022717336483311e-21,zero_signal,7.461274633862239e-17,6.6752837548746134e-21,3226,3227,-141.51886568453924
2029,-0.0033510611723670536,8.954051329891768e-21,zero_signal,7.645788504424229e-17,6.726426083987426e-21,3227,3228,-141.52975660544513
2030,0.012233262217336005,8.809620506565095e-21,zero_signal,7.830012043677575e-17,6.807179010479712e-21,3228,3229,-141.52556780688397
2031,0.028720913684097127,8.600011295646012e-21,zero_signal,8.000578881239893e-17,6.910305190514568e-21,3229,3230,-141.50529008101046
2032,0.0453333410642216,8.348703801246166e-21,zero_signal,8.145276344245779e-17,7.030316817839497e-21,3230,3231,-141.46812597951578
2033,0.06016653949858153,8.090366058780256e-21,zero_signal,8.25351049095676e-17,7.16343875482069e-21,3231,3232,-141.41462339888201
2034,0.07065942199359654,7.863195496700142e-21,zero_signal,8.317071068623725e-17,7.305208066410562e-21,3232,3233,-141.3477929005186
2035,0.0746618862472559,7.699177885522719e-21,zero_signal,8.331071687768902e-17,7.448302571756875e-21,3233,3234,-141.27330455489482
2036,0.07129068242001324,7.617959408713393e-21,zero_signal,8.294681704880921e-17,7.58283103638552e-21,3234,3235,-141.1984691280241
2037,0.06090534889931121,7.626668218180275e-21,zero_signal,8.21118077359441e-17,7.698980107669687e-21,3235,3236,-141.1307231900548
2038,0.04447552942292532,7.72225986952687e-21,zero_signal,8.087192804024218e-17,7.789925697365981e-21,3236,3237,-141.07665843022548
2039,0.023189026786312184,7.89185209257987e-21,zero_signal,7.931587964073015e-17,7.853020561558815e-21,3237,3238,-141.04177213120894
2040,-0.0014092548771742486,8.111722887278655e-21,zero_signal,7.754856758393347e-17,7.888898283751949e-21,3238,3239,-141.03028037665285
2041,-0.02720408768733762,8.349543595824103e-21,zero_signal,7.569268853162288e-17,7.899515433594727e-21,3239,3240,-141.0445906409633
2042,-0.051620591332437016,8.57140391160048e-21,zero_signal,7.389192312592367e-17,7.886459875505821e-21,3240,3241,-141.08468855202753
2043,-0.07201627857929793,8.74974446236645e-21,zero_signal,7.230499969164454e-17,7.850402139955672e-21,3241,3242,-141.14783182362817
2044,-0.08614956975300458,8.867289282528957e-21,zero_signal,7.108558485385667e-17,7.791830993079199e-21,3242,3243,-141.22872110918613
2045,-0.09255863363007677,8.915851069626436e-21,zero_signal,7.035452533697942e-17,7.712454326065671e-21,3243,3244,-141.32013096313418
2046,-0.09071263398396923,8.892966456271424e-21,zero_signal,7.017824601210325e-17,7.616132999282747e-21,3244,3245,-141.41383837644628
2047,-0.08088503496283295,8.800125116784387e-21,zero_signal,7.056334519812591e-17,7.508387594794319e-21,3245,3246,-141.50155623110211
2048,-0.06388755851406813,8.643945491379117e-21,zero_signal,7.146587049870999e-17,7.39457177561864e-21,3246,3247,-141.57560844637194
2049,-0.040914019489690645,8.438599131017175e-21,zero_signal,7.28048468107445e-17,7.278080382123974e-21,3247,3248,-141.62933134813025
2050,-0.013614895154375972,8.206627387811335e-21,zero_signal,7.447082559548813e-17,7.160242467517787e-21,3248,3249,-141.65743648535133
2051,0.015725608896502763,7.976687237346198e-21,zero_signal,7.632914506960277e-17,7.04229365510286e-21,3249,3250,-141.656561138439
2052,0.04415302061431703,7.77920378803895e-21,zero_signal,7.822523271324122e-17,6.927935795951008e-21,3250,3251,-141.62598526755832
2053,0.0683155476472308,7.642017826836422e-21,zero_signal,7.999870479925468e-17,6.824185697095758e-21,3251,3252,-141.56825509721037
2054,0.08510449675478071,7.58684202366936e-21,zero_signal,8.15049063775107e-17,6.739453425737163e-21,3252,3253,-141.48935417226386
2055,0.09257159143099614,7.625457224942276e-21,zero_signal,8.263416630470346e-17,6.680240392516559e-21,3253,3254,-141.3980461037008
2056,0.09068071928322752,7.755284358111853e-21,zero_signal,8.331848807455872e-17,6.649242515440508e-21,3254,3255,-141.30421098940187
2057,0.08121115728644668,7.957164772332895e-21,zero_signal,8.352444357301977e-17,6.646300967611154e-21,3255,3256,-141.21668466513435
2058,0.0666775635441752,8.198967800060955e-21,zero_signal,8.324207797127104e-17,6.670734379790225e-21,3256,3257,-141.14178867482897
2059,0.04910728044237089,8.44441238577747e-21,zero_signal,8.248188056841575e-17,6.7223471687570085e-21,3257,3258,-141.083329538046
2060,0.029634955440926092,8.661909446507596e-21,zero_signal,8.128272705485675e-17,6.800199736520353e-21,3258,3259,-141.04357411394423
2061,0.008980257347076304,8.82859332534117e-21,zero_signal,7.972218654831346e-17,6.900787865655694e-21,3259,3260,-141.02405962716415
2062,-0.0118787960744271,8.92926058792121e-21,zero_signal,7.791782995295272e-17,7.017718262485e-21,3260,3261,-141.02561359925008
2063,-0.031457228251142055,8.953952874298383e-21,zero_signal,7.601570352901366e-17,7.143220930612522e-21,3261,3262,-141.047817219313
2064,-0.04803163080732986,8.89791544924938e-21,zero_signal,7.417164048185339e-17,7.270180977589318e-21,3262,3263,-141.08852805575236
2065,-0.06010772455319113,8.764279062636835e-21,zero_signal,7.25343727750887e-17,7.393299696432138e-21,3263,3264,-141.14388048092766
2066,-0.06671714418578745,8.566612520986439e-21,zero_signal,7.123535919748262e-17,7.508960073379448e-21,3264,3265,-141.20874350485875
2067,-0.06741113351694139,8.32827740171341e-21,zero_signal,7.038336071742712e-17,7.614221079780369e-21,3265,3266,-141.27731476929924
2068,-0.06212279822877065,8.07813548207219e-21,zero_signal,7.005776019808259e-17,7.705692685197586e-21,3266,3267,-141.34356577189263
2069,-0.051200920401157646,7.84518240749486e-21,zero_signal,7.029689227894056e-17,7.779024115448718e-21,3267,3268,-141.40156036575678
2070,-0.035748800700361016,7.655416260564418e-21,zero_signal,7.108488635432993e-17,7.829451891130672e-21,3268,3269,-141.44596761269494
2071,-0.017997129978496673,7.531691810069081e-21,zero_signal,7.234640301814708e-17,7.853231048152937e-21,3269,3270,-141.4730579671575
2072,-0.0011139486773146245,7.493488727533727e-21,zero_signal,7.395655111265126e-17,7.849010919144166e-21,3270,3271,-141.48196187265194
2073,0.011906392665153476,7.552800278017066e-21,zero_signal,7.576362120277418e-17,7.817969777705121e-21,3271,3272,-141.47528586451213
2074,0.0197055773479633,7.706978535153505e-21,zero_signal,7.761364259902693e-17,7.762386326179519e-21,3272,3273,-141.45814908732163
2075,0.023115516550788584,7.934844082154199e-21,zero_signal,7.936617206804458e-17,7.683876327656942e-21,3273,3274,-141.4358747098162
2076,0.02424037394395384,8.201225788056393e-21,zero_signal,8.089904962273716e-17,7.583214435438536e-21,3274,3275,-141.41191805422005
2077,0.024924466480243268,8.467713837420202e-21,zero_signal,8.21078963250352e-17,7.462359865094555e-21,3275,3276,-141.3873939619283
2078,0.02583472696210265,8.7023489322195e-21,zero_signal,8.290742146910738e-17,7.326920682164162e-21,3276,3277,-141.36206912125957
2079,0.026559180329229548,8.883004087336893e-21,zero_signal,8.323697187635969e-17,7.186322710349342e-21,3277,3278,-141.3357245080041
2080,0.02633727212452186,8.995003849725379e-21,zero_signal,8.30679031859298e-17,7.05086468571233e-21,3278,3279,-141.3089507606011
2081,0.024831623409184544,9.027666285615678e-21,zero_signal,8.240912246146158e-17,6.927998418207976e-21,3279,3280,-141.28304996375505
2082,0.022459912291310502,8.974193432878939e-21,zero_signal,8.13084022485213e-17,6.821199200655597e-21,3280,3281,-141.25928751378274
2083,0.020076720773019474,8.835512716599186e-21,zero_signal,7.984842549697581e-17,6.732350774619842e-21,3281,3282,-141.23813013917243
2084,0.018230336159362537,8.624668244033134e-21,zero_signal,7.813820767852901e-17,6.665044323848508e-21,3282,3283,-141.2191340722367
2085,0.016600083933894894,8.367475400303321e-21,zero_signal,7.630315912845365e-17,6.625255007536633e-21,3283,3284,-141.2016694668537
2086,0.014168099826477487,8.097915034053667e-21,zero_signal,7.447812882888866e-17,6.6185179143642624e-21,3284,3285,-141.1859339043689
2087,0.010068219621786056,7.850679575891825e-21,zero_signal,7.280433306090826e-17,6.646203101159125e-21,3285,3286,-141.17333326720075
2088,0.004419254092937308,7.655159288845781e-21,zero_signal,7.142510728453521e-17,6.704320238860206e-21,3286,3287,-141.16579746512534
2089,-0.08642006551180259,7.533356470381252e-21,zero_signal,7.047344825786355e-17,6.786555561102028e-21,3287,3288,-141.16449475901487
2090,-0.09359619232805017,8.316969792025682e-21,zero_signal,7.522275128055177e-17,7.348009666924139e-21,3318,3319,-141.33863759614894
2091,-0.009137632384820904,8.282323671370467e-21,zero_signal,7.582592429781102e-17,7.312029058964298e-21,3319,3320,-141.35168714367097
2092,-0.0012776175106665733,8.238027803063845e-21,zero_signal,7.647491172787312e-17,7.27251341668372e-21,3320,3321,-141.35691286091858
2093,0.006325114492739203,8.188758732201136e-21,zero_signal,7.711515782399932e-17,7.232524169095272e-21,3321,3322,-141.3542423786923
2094,0.013219232850602225,8.139329064761585e-21,zero_signal,7.769851310684158e-17,7.192613723333094e-21,3322,3323,-141.3442626319331
2095,0.019228683868448115,8.094805291130748e-21,zero_signal,7.818623146454728e-17,7.152258125394274e-21,3323,3324,-141.3278039129911
2096,0.02413774712303507,8.060293552840423e-21,zero_signal,7.854714066688127e-17,7.111540745666211e-21,3324,3325,-141.3058052641962
2097,0.027481104321566363,8.040129484264308e-21,zero_signal,7.875497294040923e-17,7.072388065546886e-21,3325,3326,-141.27952841874503
2098,0.02864507543858963,8.036810953639606e-21,zero_signal,7.878944916030526e-17,7.038277600291184e-21,3326,3327,-141.25084305555308
2099,0.027207473691149175,8.050257785283712e-21,zero_signal,7.864205311466854e-17,7.012622608584383e-21,3327,3328,-141.22223826786785
2100,0.023248917659401513,8.077736601322749e-21,zero_signal,7.832246643785743e-17,6.997122334746294e-21,3328,3329,-141.19642810817078
2101,0.017390431569523912,8.114400104164367e-21,zero_signal,7.785996141501528e-17,6.991356385869936e-21,3329,3330,-141.17574043254905
2102,0.010527797628583357,8.154212081467924e-21,zero_signal,7.729760312262222e-17,6.993816815504884e-21,3330,3331,-141.16164724503173
2103,0.0034602349425085777,8.1910406280109e-21,zero_signal,7.668292974413802e-17,7.00339935022723e-21,3331,3332,-141.15468483729188
2104,-0.0033267036238697756,8.219676176806976e-21,zero_signal,7.606145820383874e-17,7.020127982577052e-21,3332,3333,-141.1547267751467
2105,-0.009597455882115469,8.236458776873842e-21,zero_signal,7.547627170507576e-17,7.044653093640007e-21,3333,3334,-141.16133824453962
2106,-0.015113161008827092,8.239318595181786e-21,zero_signal,7.497093220303959e-17,7.077076701519768e-21,3334,3335,-141.17392168691094
2107,-0.0194243684372708,8.227429729381924e-21,zero_signal,7.458966232988135e-17,7.11609483795163e-21,3335,3336,-141.19156456655728
2108,-0.021910779933605795,8.201025586677665e-21,zero_signal,7.437125825743575e-17,7.159070166927523e-21,3336,3337,-141.21277042378549
2109,-0.022072557583754815,8.161775989943783e-21,zero_signal,7.433925457997858e-17,7.202881593967805e-21,3337,3338,-141.2353861264245
2110,-0.01986425379170953,8.113470645134216e-21,zero_signal,7.449494798580952e-17,7.244884177310123e-21,3338,3339,-141.256915538953
2111,-0.015804930738724465,8.062174828017536e-21,zero_signal,7.4818247329018e-17,7.283365979680273e-21,3339,3340,-141.2751146340079
2112,-0.010754315319118746,8.01518659144194e-21,zero_signal,7.527535028599059e-17,7.317329410959106e-21,3340,3341,-141.28852540043044
2113,-0.005503799495755857,7.979074498568249e-21,zero_signal,7.582725198498387e-17,7.34587335514015e-21,3341,3342,-141.29662326464614
2114,-0.0004892727632892502,7.958015686036359e-21,zero_signal,7.643346148234986e-17,7.367665919322914e-21,3342,3343,-141.29953299942196
2115,0.004160379035525352,7.953563184614757e-21,zero_signal,7.705050975967556e-17,7.380920505883923e-21,3343,3344,-141.29760181017272
2116,0.008321243669811906,7.96571323274982e-21,zero_signal,7.762998667684743e-17,7.383960398671319e-21,3344,3345,-141.2912122413509
2117,0.011639442987828374,7.993895293628498e-21,zero_signal,7.812125120039027e-17,7.376023465749275e-21,3345,3346,-141.2809593228331
2118,0.013620635640734235,8.036650598283797e-21,zero_signal,7.847940667545049e-17,7.357701879764343e-21,3346,3347,-141.26793335537525
2119,0.013977469099046402,8.090290533866548e-21,zero_signal,7.867399845859669e-17,7.330618191545049e-21,3347,3348,-141.25371805155163
2120,0.012898515905533259,8.148164731612769e-21,zero_signal,7.869295122363544e-17,7.296574080413404e-21,3348,3349,-141.23997841717716
2121,0.010962858066775993,8.201822215021694e-21,zero_signal,7.85401525918919e-17,7.256934300919581e-21,3349,3350,-141.22792101974056
2122,0.008758864225285379,8.243605662557097e-21,zero_signal,7.822996775506699e-17,7.212818084259819e-21,3350,3351,-141.2180527010436
2123,0.00653971549166954,8.268872800822696e-21,zero_signal,7.778352442590825e-17,7.165844768736872e-21,3351,3352,-141.21040329129
2124,0.004207392754253192,8.276391039776814e-21,zero_signal,7.722897020869425e-17,7.118556744829361e-21,3352,3353,-141.20497327006026
2125,0.0016190126089270507,8.267050852261376e-21,zero_signal,7.660385704104066e-17,7.073938244782927e-21,3353,3354,-141.2019885057815
2126,-0.0010733120479642366,8.242365137910235e-21,zero_signal,7.595581973522416e-17,7.03441245756535e-21,3354,3355,-141.2017352448424
2127,-0.0033648143405855535,8.20415304060528e-21,zero_signal,7.53389966728179e-17,7.00129990839416e-21,3355,3356,-141.20413512987741
2128,-0.0046886794033724755,8.15552005210864e-21,zero_signal,7.480673680254556e-17,6.975269966129327e-21,3356,3357,-141.20846487352358
2129,-0.004810964523869643,8.101931218358794e-21,zero_signal,7.440366089791423e-17,6.957268242565455e-21,3357,3358,-141.21351248868416
2130,-0.00398545579176357,8.050971510935948e-21,zero_signal,7.41604737639253e-17,6.948860988742995e-21,3358,3359,-141.21808680257132
2131,-0.002726665797254668,8.010454224945794e-21,zero_signal,7.409295787796766e-17,6.951489615494583e-21,3359,3360,-141.2214834002677
2132,-0.0013994033109554493,7.985968808151878e-21,zero_signal,7.420379372593647e-17,6.965251905722301e-21,3360,3361,-141.22354013416583
2133,3.7528403709075064e-06,7.979513632230947e-21,zero_signal,7.448439978058055e-17,6.988400681906459e-21,3361,3362,-141.2242822068896
2134,0.0016995778838690967,7.989992213281674e-21,zero_signal,7.491497931501193e-17,7.01816243652411e-21,3362,3363,-141.2235326284851
2135,0.003736935152957699,8.014804302062734e-21,zero_signal,7.546344491761479e-17,7.052247269602127e-21,3363,3364,-141.22088305112186
2136,0.005780489789472654,8.050973019328969e-21,zero_signal,7.608566275096405e-17,7.089710739078922e-21,3364,3365,-141.21605875817917
2137,0.007274737739876969,8.094939244632399e-21,zero_signal,7.672902248479812e-17,7.130351897472856e-21,3365,3366,-141.2093220715429
2138,0.007848176468939982,8.14161777240262e-21,zero_signal,7.733913604751157e-17,7.173175611573094e-21,3366,3367,-141.20150928269942
2139,0.007594435348295292,8.184135619258225e-21,zero_signal,7.786729060462932e-17,7.215382889725328e-21,3367,3368,-141.19362571860503
2140,0.006980510488816094,8.215095170998602e-21,zero_signal,7.827566608342683e-17,7.252950415098382e-21,3368,3369,-141.18632041200283
2141,0.006463113973822487,8.228791586454327e-21,zero_signal,7.853861269238251e-17,7.28243499672033e-21,3369,3370,-141.1796646976274
2142,0.00613658220487423,8.222893118247917e-21,zero_signal,7.864072862617504e-17,7.302509907801045e-21,3370,3371,-141.17339418405518
2143,0.005694076508902413,8.198495123792253e-21,zero_signal,7.857460967794387e-17,7.313952343362912e-21,3371,3372,-141.16739153321765
2144,0.004716971309235873,8.158790154645732e-21,zero_signal,7.834126695892146e-17,7.318135040724702e-21,3372,3373,-141.16200603103738
2145,0.0030410637218523107,8.107641818437733e-21,zero_signal,7.795370965041394e-17,7.315323840845108e-21,3373,3374,-141.15795759059918
2146,0.0008971069456009673,8.04917821875974e-21,zero_signal,7.744072013226175e-17,7.304190448924682e-21,3374,3375,-141.15592390359367
2147,-0.0012746690665892402,7.988346118676541e-21,zero_signal,7.684650637076524e-17,7.282898850496756e-21,3375,3376,-141.15616337670798
2148,-0.0031616434179397856,7.931351960659849e-21,zero_signal,7.622445170110013e-17,7.25085819463651e-21,3376,3377,-141.15847324172685
2149,-0.004780982236340492,7.885025822641214e-21,zero_signal,7.56278291622141e-17,7.20976539110907e-21,3377,3378,-141.16248666354386
2150,-0.006387040030162439,7.855200524741672e-21,zero_signal,7.510289384420503e-17,7.163150810426242e-21,3378,3379,-141.16803520619953
2151,-0.008167701542760142,7.84512546137604e-21,zero_signal,7.468754017192333e-17,7.114766635949232e-21,3379,3380,-141.17526074360418
2152,-0.009977616650601817,7.854884039413146e-21,zero_signal,7.441355601036868e-17,7.06700453654959e-21,3380,3381,-141.18437060928505
2153,-0.011320907852905293,7.88192112204062e-21,zero_signal,7.430725512421047e-17,7.020503962989426e-21,3381,3382,-141.1952159769054
2154,-0.011601882308937661,7.922013323967843e-21,zero_signal,7.438511014396834e-17,6.97521225000409e-21,3382,3383,-141.20701242499086
2155,-0.01046774988293464,7.969998399723892e-21,zero_signal,7.464637690561828e-17,6.932033132807158e-21,3383,3384,-141.21841974152326
2156,-0.008009642290218721,8.02014489607297e-21,zero_signal,7.506862182126895e-17,6.89371231954265e-21,3384,3385,-141.22794792475673
2157,-0.004690413423872997,8.066501203727989e-21,zero_signal,7.56107288420964e-17,6.864159695535298e-21,3385,3386,-141.2344390261037
2158,-0.0010527291369442082,8.103490989067388e-21,zero_signal,7.622235250933098e-17,6.84661702687866e-21,3386,3387,-141.23732875160448
2159,0.0025873027919800506,8.12662797621152e-21,zero_signal,7.685383083457603e-17,6.842037140310573e-21,3387,3388,-141.2365444843776
2160,0.006237643168617524,8.133031568373286e-21,zero_signal,7.746068127629641e-17,6.848945136064458e-21,3388,3389,-141.23215414602052
2161,0.010040193679770937,8.12165853797989e-21,zero_signal,7.800191754832219e-17,6.864884545807401e-21,3389,3390,-141.22406919804035
2162,0.01393525237088511,8.093472393093777e-21,zero_signal,7.843701407245417e-17,6.888238921605358e-21,3390,3391,-141.21207375866098
2163,0.017456149205344218,8.051667671243942e-21,zero_signal,7.872735106852799e-17,6.9189103207418e-21,3391,3392,-141.19619869329858
2164,0.01985422006724491,8.001617629116035e-21,zero_signal,7.88434345416115e-17,6.957329555499458e-21,3392,3393,-141.1771614602503
2165,0.020496439941268818,7.950059052383534e-21,zero_signal,7.87732876904898e-17,7.00271825877986e-21,3393,3394,-141.1564902531641
2166,0.0192279947186762,7.903591666124806e-21,zero_signal,7.85256809293355e-17,7.052162502339197e-21,3394,3395,-141.13616858036775
2167,0.016388139903455112,7.867345537595547e-21,zero_signal,7.812591550856752e-17,7.101326028656592e-21,3395,3396,-141.11803426372674
2168,0.01246190688844706,7.844651098957839e-21,zero_signal,7.760785385318395e-17,7.146210245295923e-21,3396,3397,-141.10339230056084
2169,0.007690988627089723,7.837558837766415e-21,zero_signal,7.700830713450924e-17,7.184562102623342e-21,3397,3398,-141.09311044994985
2170,0.0020183606718120473,7.847176087950365e-21,zero_signal,7.6366818941908e-17,7.21596381368698e-21,3398,3399,-141.08801032330666
2171,-0.004568912697919814,7.87307959032562e-21,zero_signal,7.57284360675045e-17,7.240766004700187e-21,3399,3400,-141.08907372860622
2172,-0.011623191163664615,7.912266018479676e-21,zero_signal,7.514418035624291e-17,7.258855405627175e-21,3400,3401,-141.0971481487025
2173,-0.018162231169739584,7.958895955253463e-21,zero_signal,7.466592067560173e-17,7.269216111373538e-21,3401,3402,-141.11232011093355
2174,-0.023049672038013114,8.005561159171326e-21,zero_signal,7.433716704879042e-17,7.270512315797899e-21,3402,3403,-141.13347261104198
2175,-0.025533385526074426,8.045471592779273e-21,zero_signal,7.418481680110188e-17,7.262124480317707e-21,3403,3404,-141.15841945500958
2176,-0.025514853152714068,8.07412677173566e-21,zero_signal,7.421630585498785e-17,7.24478658700622e-21,3404,3405,-141.18453938209413
2177,-0.023369292440435174,8.089450153957906e-21,zero_signal,7.442259591615118e-17,7.220335272790247e-21,3405,3406,-141.209449161315
2178,-0.01951912607502493,8.090650048402056e-21,zero_signal,7.478341126060274e-17,7.190789198161776e-21,3406,3407,-141.231277966975
2179,-0.01415008992162825,8.077139725000802e-21,zero_signal,7.527048841878723e-17,7.157507934186129e-21,3407,3408,-141.24848741346506
2180,-0.007302666186731699,8.048743172206611e-21,zero_signal,7.58475974184534e-17,7.121107029946094e-21,3408,3409,-141.25957814681826
2181,0.0007788549872174144,8.007136390286206e-21,zero_signal,7.646977281418432e-17,7.082149660837476e-21,3409,3410,-141.26309274583852
2182,0.009389515164770046,7.957125081460178e-21,zero_signal,7.708522284342395e-17,7.041939491064933e-21,3410,3411,-141.25802043684382
2183,0.0174656791301544,7.906219139659948e-21,zero_signal,7.764108388849267e-17,7.002645324963028e-21,3411,3412,-141.24431371550898
2184,0.02399516822059411,7.86231733520895e-21,zero_signal,7.809091205803905e-17,6.966622993697825e-21,3412,3413,-141.2230890785835
2185,0.02841011398710691,7.83103639804025e-21,zero_signal,7.84004729392618e-17,6.935578021268708e-21,3413,3414,-141.1963233790678
2186,0.03064970818132906,7.814634143414531e-21,zero_signal,7.854975810912756e-17,6.91035271830859e-21,3414,3415,-141.1662688506093
2187,0.030878629617305364,7.813036101511244e-21,zero_signal,7.85316449942764e-17,6.891462590086074e-21,3415,3416,-141.13502396270513
2188,0.029156918452017067,7.825535664193316e-21,zero_signal,7.834931305712481e-17,6.879724196603302e-21,3416,3417,-141.1045115913747
2189,0.025382803005300048,7.851262566679838e-21,zero_signal,7.8014671301036e-17,6.876226686544214e-21,3417,3418,-141.0767101258011
2190,0.01955380615515878,7.887989048102953e-21,zero_signal,7.754887418024993e-17,6.881600312226286e-21,3418,3419,-141.0537459853641
2191,0.012082912195751305,7.930745949870905e-21,zero_signal,7.698413178979096e-17,6.895301881607838e-21,3419,3420,-141.03760251349078
2192,0.0038528983724859245,7.972092990939185e-21,zero_signal,7.636442150261792e-17,6.915675607939802e-21,3420,3421,-141.02958016097259
2193,-0.0040705616683425205,8.004353462157106e-21,zero_signal,7.574262329107135e-17,6.940813365343842e-21,3421,3422,-141.0298967167458
2194,-0.010850139884141186,8.022255281359776e-21,zero_signal,7.517364384652769e-17,6.969461342223646e-21,3422,3423,-141.03772128430927
2195,-0.016099494634516986,8.024052333632665e-21,zero_signal,7.470611471819847e-17,7.001154225914657e-21,3423,3424,-141.0515969965141
2196,-0.01976986300975625,8.010593940634783e-21,zero_signal,7.437666612915831e-17,7.035456037386431e-21,3424,3425,-141.0699202735783
2197,-0.021835115130073746,7.983563165557206e-21,zero_signal,7.420892112082126e-17,7.070994878153796e-21,3425,3426,-141.0911367225336
2198,-0.02207997361882974,7.944616229229204e-21,zero_signal,7.42155686263138e-17,7.105175094115457e-21,3426,3427,-141.11359050383845
2199,-0.02020540370831725,7.896069129922144e-21,zero_signal,7.439960023352341e-17,7.134883470874869e-21,3427,3428,-141.13529666977126
2200,-0.016178619224774593,7.84218256619988e-21,zero_signal,7.475225780894089e-17,7.157684070024511e-21,3428,3429,-141.1540013112551
2201,-0.0105173229008102,7.789466611213037e-21,zero_signal,7.524920965789207e-17,7.172599695648236e-21,3429,3430,-141.1676539082208
2202,-0.004222856726073587,7.745288614350708e-21,zero_signal,7.584929819919467e-17,7.179889906653312e-21,3430,3431,-141.1750359570567
2203,0.0016391467975438445,7.715587508292418e-21,zero_signal,7.649911540821762e-17,7.179995282791822e-21,3431,3432,-141.17609962167296
2204,0.00640385660349807,7.703285543537774e-21,zero_signal,7.714237236627076e-17,7.172478740821652e-21,3432,3433,-141.17175766346162
2205,0.009961541693911613,7.708330944216504e-21,zero_signal,7.772915130296317e-17,7.155870176082361e-21,3433,3434,-141.16329190846596
2206,0.01251357423097943,7.72883602022677e-21,zero_signal,7.822007100058732e-17,7.128687122000563e-21,3434,3435,-141.1518345800738
2207,0.01418089484985785,7.761960050395547e-21,zero_signal,7.858448884405831e-17,7.09095986340725e-21,3435,3436,-141.138264760004
2208,0.014811798145757393,7.803829499001729e-21,zero_signal,7.879684105331131e-17,7.045053299610145e-21,3436,3437,-141.12347279037408
2209,0.014128751599159273,7.849099353324173e-21,zero_signal,7.883665995902384e-17,6.994971815570762e-21,3437,3438,-141.1086411637125
2210,0.0120544628857715,7.891243520718844e-21,zero_signal,7.869409326472323e-17,6.944504532758119e-21,3438,3439,-141.09521528717576
2211,0.008920702573547601,7.923838608972183e-21,zero_signal,7.837702917490578e-17,6.895623950895603e-21,3439,3440,-141.08453223794095
2212,0.005379667583795822,7.94200728235372e-21,zero_signal,7.79135245525104e-17,6.848475256918958e-21,3440,3441,-141.07737388202867
2213,0.002086426454923185,7.943089274601468e-21,zero_signal,7.73466115110463e-17,6.80297619830305e-21,3441,3442,-141.07377290277336
2214,-0.000607479962681623,7.92650424733567e-21,zero_signal,7.672475354487925e-17,6.7606151880052736e-21,3442,3443,-141.07320102911882
2215,-0.002731926931005546,7.893489498951944e-21,zero_signal,7.609450010149574e-17,6.724819796822354e-21,3443,3444,-141.07498786269872
2216,-0.00450522983047108,7.847139681023605e-21,zero_signal,7.549924338290309e-17,6.699486557538848e-21,3444,3445,-141.07866488298083
2217,-0.006026240388464998,7.792418040804876e-21,zero_signal,7.498197049063891e-17,6.68684574638259e-21,3445,3446,-141.08399832235966
2218,-0.007095432230102006,7.735567168973213e-21,zero_signal,7.458612011870976e-17,6.686403599260462e-21,3446,3447,-141.09071736375776
2219,-0.00731609380083853,7.682931283829185e-21,zero_signal,7.435050555671442e-17,6.695775467255958e-21,3447,3448,-141.09818918681987
2220,-0.0064110873580744965,7.63988592975809e-21,zero_signal,7.429999377899213e-17,6.712643557752269e-21,3448,3449,-141.10534955135944
2221,-0.004512416026003052,7.610492177840812e-21,zero_signal,7.443805467153262e-17,6.736218097446902e-21,3449,3450,-141.11101136153601
2222,-0.002180063306042257,7.597691638542429e-21,zero_signal,7.474646290432635e-17,6.767092947358738e-21,3450,3451,-141.11437438341144
2223,-0.00010060194652794507,7.603243691400173e-21,zero_signal,7.519206024848397e-17,6.805736041149219e-21,3451,3452,-141.1153714881481
2224,0.0013256605750342487,7.626938634955961e-21,zero_signal,7.573532139534117e-17,6.850923406675996e-21,3452,3453,-141.1145755873045
2225,0.002188342028716761,7.665636259988423e-21,zero_signal,7.6335038485081e-17,6.899400779788123e-21,3453,3454,-141.11272016699803
2226,0.0028961005312737598,7.71326893440058e-21,zero_signal,7.694788774180213e-17,6.947024322739486e-21,3454,3455,-141.11019890324707
2227,0.00377511976053313,7.76233170042094e-21,zero_signal,7.752669178675787e-17,6.990475288930659e-21,3455,3456,-141.10692796593548
2228,0.004772726961533635,7.80605661470534e-21,zero_signal,7.802225704225988e-17,7.028271773642082e-21,3456,3457,-141.102648663726
2229,0.005506042023142754,7.839767904851515e-21,zero_signal,7.839003961338185e-17,7.060412732595148e-21,3457,3458,-141.09738251201242
2230,0.005601225153597511,7.860627035844877e-21,zero_signal,7.859819822184762e-17,7.087039782332928e-21,3458,3459,-141.09163657967972
2231,0.005028113634551801,7.866491033395998e-21,zero_signal,7.863218110098454e-17,7.107211234265007e-21,3459,3460,-141.08618006170522
2232,0.004144278361465581,7.85543541708244e-21,zero_signal,7.849380662720534e-17,7.118763662233445e-21,3460,3461,-141.0815803524106
2233,0.0034092663158702408,7.826753516181724e-21,zero_signal,7.819688385925269e-17,7.119384573260537e-21,3461,3462,-141.0778915049823
2234,0.0030053697167602422,7.782629260622844e-21,zero_signal,7.77632332175567e-17,7.108068346966897e-21,3462,3463,-141.07476181977887
2235,0.0026800912822295686,7.728790718469607e-21,zero_signal,7.722152501712669e-17,7.085817119710329e-21,3463,3464,-141.07188076554877
2236,0.0019501934970378443,7.673188347605957e-21,zero_signal,7.660839700831063e-17,7.055051907572754e-21,3464,3465,-141.0694016372144
2237,0.0005144152489862108,7.623440977433145e-21,zero_signal,7.596925676681165e-17,7.018255080972545e-21,3465,3466,-141.0679803785547
2238,-0.0014616640066407172,7.584864040220308e-21,zero_signal,7.535622070373692e-17,6.976988289522456e-21,3466,3467,-141.06837280671644
2239,-0.003433226126531963,7.560313678793124e-21,zero_signal,7.482244575470027e-17,6.932055517736267e-21,3467,3468,-141.07090370656798
2240,-0.0048633145785146326,7.551384507360342e-21,zero_signal,7.441447803994813e-17,6.884530067731588e-21,3468,3469,-141.0752392589695
2241,-0.0055681561946272495,7.55931697772562e-21,zero_signal,7.416572723579526e-17,6.836601117135622e-21,3469,3470,-141.080630335725
2242,-0.005718971926199856,7.584437442244411e-21,zero_signal,7.409365461726397e-17,6.791414756308224e-21,3470,3471,-141.08637557135876
2243,-0.005521248834440939,7.624589862009154e-21,zero_signal,7.420088722129473e-17,6.7520438434256996e-21,3471,3472,-141.0920682795774
2244,-0.004896980055775657,7.674210811297239e-21,zero_signal,7.4478002647985e-17,6.720503952791699e-21,3472,3473,-141.09741806902764
2245,-0.003488191833582732,7.725278013759232e-21,zero_signal,7.490521737959242e-17,6.697630816616418e-21,3473,3474,-141.10186223968896
2246,-0.0009888579036783085,7.769737421091341e-21,zero_signal,7.545207039506327e-17,6.68377970367671e-21,3474,3475,-141.1043944526948
2247,0.0025003496653539514,7.80174632020849e-21,zero_signal,7.607677939094537e-17,6.679526624624191e-21,3475,3476,-141.1038399554963
2248,0.006425885406756038,7.81830100859981e-21,zero_signal,7.672802596167872e-17,6.685597972010459e-21,3476,3477,-141.0993937533641
2249,0.010101704177344573,7.818250727488091e-21,zero_signal,7.73505546703427e-17,6.702080079406561e-21,3477,3478,-141.0909881846828
2250,0.013125052415276173,7.80103039224095e-21,zero_signal,7.789318137913534e-17,6.727739772476728e-21,3478,3479,-141.0791903450094
2251,0.015521442410602049,7.766531714219799e-21,zero_signal,7.831572002115961e-17,6.760221992159126e-21,3479,3480,-141.06473807985225
2252,0.017489126123734877,7.716312938284066e-21,zero_signal,7.85916397802351e-17,6.797012289327973e-21,3480,3481,-141.0481474601882
2253,0.018981839529018885,7.654918639672284e-21,zero_signal,7.870607048910135e-17,6.836249085232679e-21,3481,3482,-141.02975982760478
2254,0.01953085359417628,7.589773601603985e-21,zero_signal,7.865223360931818e-17,6.876609163908582e-21,3482,3483,-141.01018378113017
2255,0.01849828840524026,7.529262661975728e-21,zero_signal,7.84305679186125e-17,6.916455214002913e-21,3483,3484,-140.99069812041643
2256,0.015549698740670692,7.480198637163536e-21,zero_signal,7.80521975639177e-17,6.95321635554368e-21,3484,3485,-140.9731872043197
2257,0.010917986115174472,7.446420185537023e-21,zero_signal,7.754381761346408e-17,6.983756038580341e-21,3485,3486,-140.95959872293508
2258,0.005230755212153326,7.429179326650323e-21,zero_signal,7.694869530655108e-17,7.005503943201305e-21,3486,3487,-140.95135123208934
2259,-0.0009049421300915128,7.428346287720587e-21,zero_signal,7.632090780421055e-17,7.01739612028845e-21,3487,3488,-140.94913721251078
2260,-0.00715615446505069,7.442963834092626e-21,zero_signal,7.571536528770213e-17,7.019866270700887e-21,3488,3489,-140.95316111634952
2261,-0.013347917348710325,7.470724363837038e-21,zero_signal,7.517966717514253e-17,7.013965825059081e-21,3489,3490,-140.96344952144088
2262,-0.019143807515661138,7.507260908314628e-21,zero_signal,7.475198960845947e-17,7.000355511323855e-21,3490,3491,-140.97985695104694
2263,-0.023870489545117834,7.546360732772454e-21,zero_signal,7.446360880009649e-17,6.978925456762075e-21,3491,3492,-141.0017371364722
2264,-0.026679572026409915,7.58127245877944e-21,zero_signal,7.434054780500288e-17,6.949273586556202e-21,3492,3493,-141.02759793013718
2265,-0.026932177322223083,7.606292083380382e-21,zero_signal,7.440007859360477e-17,6.911647744273397e-21,3493,3494,-141.05509628052502
2266,-0.024512577638958533,7.617721513474697e-21,zero_signal,7.464331968369686e-17,6.867645006525514e-21,3494,3495,-141.08146228478162
2267,-0.019848314076170936,7.613969258651931e-21,zero_signal,7.504984265909533e-17,6.820112572257748e-21,3495,3496,-141.10412143580294
2268,-0.013645155063571224,7.595213414400208e-21,zero_signal,7.557960640227046e-17,6.772216846052413e-21,3496,3497,-141.12115891293396
2269,-0.006550102498394494,7.563131343358866e-21,zero_signal,7.618202934306393e-17,6.7262631644975814e-21,3497,3498,-141.13141174593008
2270,0.0010148074958209463,7.52082266146542e-21,zero_signal,7.68064604694462e-17,6.683126919840346e-21,3498,3499,-141.13425911793075
2271,0.008760938501779947,7.47269734412686e-21,zero_signal,7.74076787806676e-17,6.642782178029895e-21,3499,3500,-141.12938213093844
2272,0.016300292567578367,7.424108645280386e-21,zero_signal,7.794487429707453e-17,6.605570924344772e-21,3500,3501,-141.1167372409272
2273,0.022982942314541788,7.380760822180055e-21,zero_signal,7.837845408377844e-17,6.57319677341498e-21,3501,3502,-141.09678154580328
2274,0.02795626127635842,7.348046683212661e-21,zero_signal,7.867063859703292e-17,6.548540487510772e-21,3502,3503,-141.0707713562981
2275,0.030442372307533105,7.33034513170228e-21,zero_signal,7.879177849436106e-17,6.53428497155809e-21,3503,3504,-141.04086902325056
2276,0.030073022403044547,7.330209980146742e-21,zero_signal,7.872848978051032e-17,6.5313452214875714e-21,3504,3505,-141.00988661168304
2277,0.027056668744108947,7.347588996519993e-21,zero_signal,7.848754114867329e-17,6.538361216432768e-21,3505,3506,-140.98072297844448
2278,0.022045285791620017,7.379543227890025e-21,zero_signal,7.809278280137825e-17,6.5527134689241255e-21,3506,3507,-140.95577327419483
2279,0.01578161805709044,7.420880367583422e-21,zero_signal,7.757791991634025e-17,6.5722841361056106e-21,3507,3508,-140.93663240686124
2280,0.008785616729753087,7.465523105941071e-21,zero_signal,7.698057820464861e-17,6.5965676788766365e-21,3508,3509,-140.92421003808064
2281,0.001319910185259232,7.507836558317395e-21,zero_signal,7.634091457541594e-17,6.626260968618016e-21,3509,3510,-140.91906117340173
2282,-0.006353763691322456,7.543189907521989e-21,zero_signal,7.570339429994418e-17,6.66169727141294e-21,3510,3511,-140.92157021771013
2283,-0.01367362739451039,7.567743981460915e-21,zero_signal,7.51174279465127e-17,6.701430543531266e-21,3511,3512,-140.93176870078437
2284,-0.019735437282747625,7.578170367595026e-21,zero_signal,7.463355705799042e-17,6.742156161827178e-21,3512,3513,-140.94891747249915
2285,-0.02359930895903517,7.572028030888837e-21,zero_signal,7.429561653282434e-17,6.780070957424463e-21,3513,3514,-140.97123957534987
2286,-0.024735066566691444,7.548809001364296e-21,zero_signal,7.413265579828504e-17,6.812630599893255e-21,3514,3515,-140.99611609041722
2287,-0.023265829842173957,7.510863249827327e-21,zero_signal,7.415482547053718e-17,6.839360645256963e-21,3515,3516,-141.02070970848325
2288,-0.019820957510006565,7.463275180505699e-21,zero_signal,7.435470471900553e-17,6.861112138883193e-21,3516,3517,-141.04264775010157
2289,-0.015119806666078262,7.41248827971828e-21,zero_signal,7.471190785988681e-17,6.878363619150633e-21,3517,3518,-141.06035162350327
2290,-0.009624265116286779,7.364494018865584e-21,zero_signal,7.519724447611233e-17,6.889954074011366e-21,3518,3519,-141.07288736343372
2291,-0.0035311799598787275,7.323793261462018e-21,zero_signal,7.577431579514778e-17,6.893331172016448e-21,3519,3520,-141.07960015373584
2292,0.0029298911154569396,7.293644642918223e-21,zero_signal,7.639950038491141e-17,6.886175426692688e-21,3520,3521,-141.07994972335348
2293,0.009206700569862392,7.276891772299001e-21,zero_signal,7.702303469407045e-17,6.868087980406673e-21,3521,3522,-141.07374037150493
2294,0.014452658009076913,7.276077685866402e-21,zero_signal,7.759302673880795e-17,6.840932666916835e-21,3522,3523,-141.06153632221375
2295,0.017896977463180974,7.292269330202199e-21,zero_signal,7.806183286175057e-17,6.807561156780224e-21,3523,3524,-141.04483505548677
2296,0.019261805186829406,7.323433704558134e-21,zero_signal,7.839238777834691e-17,6.770064641595276e-21,3524,3525,-141.0257423672874
2297,0.01887255584625791,7.363943889953444e-21,zero_signal,7.856199392746586e-17,6.729083054711369e-21,3525,3526,-141.0063114451131
2298,0.017369373197084315,7.406026362522263e-21,zero_signal,7.856247192635186e-17,6.68467276239142e-21,3526,3527,-140.98799725559488
2299,0.01526589999885175,7.442339469139897e-21,zero_signal,7.83975281814773e-17,6.637780170307047e-21,3527,3528,-140.97157269871894
2300,0.012707709624876884,7.467906897248661e-21,zero_signal,7.807972773205751e-17,6.590899337188942e-21,3528,3529,-140.95746545559717
2301,0.009589610067862964,7.480221597027852e-21,zero_signal,7.762954165803074e-17,6.547379986887269e-21,3529,3530,-140.9461572794692
2302,0.005891500980794717,7.477958459163742e-21,zero_signal,7.707704042536117e-17,6.510116684138475e-21,3530,3531,-140.93828623546145
2303,0.0019295736583160306,7.45991164862075e-21,zero_signal,7.646395343250469e-17,6.480767860145136e-21,3531,3532,-140.9343742775076
2304,-0.001693244076889755,7.425410420509443e-21,zero_signal,7.584242963610686e-17,6.4599788219585806e-21,3532,3533,-140.93442708814482
2305,-0.004397447227873386,7.375904338139342e-21,zero_signal,7.526866874313107e-17,6.448117110477213e-21,3533,3534,-140.93776076566138
2306,-0.005942480356367241,7.316130622238647e-21,zero_signal,7.47936142765187e-17,6.445695412206171e-21,3534,3535,-140.94322198260056
2307,-0.006490951523318245,7.253497901359789e-21,zero_signal,7.445561295060356e-17,6.453133741551774e-21,3535,3536,-140.94964572637411
2308,-0.006379947570891886,7.195843123657294e-21,zero_signal,7.42785582696987e-17,6.470209241958457e-21,3536,3537,-140.9562038856472
2309,-0.005815865101922668,7.149134372381542e-21,zero_signal,7.427452252321335e-17,6.4957878036256986e-21,3537,3538,-140.9624056215159
2310,-0.004776721905841441,7.116684025808761e-21,zero_signal,7.444635403054191e-17,6.528083130330625e-21,3538,3539,-140.96783561585104
2311,-0.0032002116503093703,7.100006575126852e-21,zero_signal,7.478650321353847e-17,6.5651586421518e-21,3539,3540,-140.97195906532758
2312,-0.001246787196109267,7.099974144106939e-21,zero_signal,7.527278305112995e-17,6.605199543262041e-21,3540,3541,-140.97423603915166
2313,0.0006517398366128191,7.116826779755828e-21,zero_signal,7.586576688243448e-17,6.646377842478337e-21,3541,3542,-140.9744526397198
2314,0.0020317546909183193,7.148949532976213e-21,zero_signal,7.651225322937227e-17,6.6865726505341215e-21,3542,3543,-140.97293255947844
2315,0.0027086675750780387,7.191758260103534e-21,zero_signal,7.715468176374475e-17,6.723348261981977e-21,3543,3544,-140.97038913033796
2316,0.0028720785398945736,7.238098433809074e-21,zero_signal,7.774147362436106e-17,6.754325788380748e-21,3544,3545,-140.96751522432828
2317,0.0028880652353393543,7.280199638792069e-21,zero_signal,7.823237256118852e-17,6.777703885731521e-21,3545,3546,-140.96464497325817
2318,0.002994955134951738,7.311833986819334e-21,zero_signal,7.859699911394817e-17,6.792549854763885e-21,3546,3547,-140.9617390938576
2319,0.0031491788582371782,7.32927052954562e-21,zero_signal,7.881056751212197e-17,6.798667105295493e-21,3547,3548,-140.95865506298827
2320,0.0031246166003455755,7.330836509397282e-21,zero_signal,7.885291028310477e-17,6.796147082940076e-21,3548,3549,-140.95544073614113
2321,0.0027524323288901087,7.316082870289065e-21,zero_signal,7.871342853187106e-17,6.784922795656658e-21,3549,3550,-140.95240582978758
2322,0.0020885747525198894,7.28559230940748e-21,zero_signal,7.83984597463966e-17,6.764664665499492e-21,3550,3551,-140.94993587148335
2323,0.0013754399095091685,7.241514039395137e-21,zero_signal,7.793454921578412e-17,6.7351701105845774e-21,3551,3552,-140.94822868028254
2324,0.0008385678609386105,7.188061769344563e-21,zero_signal,7.736409963287192e-17,6.697042185563974e-21,3552,3553,-140.94718499166433
2325,0.00048679840929821694,7.131270290506247e-21,zero_signal,7.673606938916981e-17,6.6521422039432204e-21,3553,3554,-140.94655154456066
2326,8.060352196537224e-05,7.07800602669843e-21,zero_signal,7.609806549198047e-17,6.603346559827002e-21,3554,3555,-140.94621139484573
2327,-0.0006901069934457382,7.034746590219626e-21,zero_signal,7.549413889633377e-17,6.553634203963886e-21,3555,3556,-140.94639033751673
2328,-0.0019372040104457255,7.00658174421663e-21,zero_signal,7.496696110234762e-17,6.5051337740106574e-21,3556,3557,-140.94759160883262
2329,-0.0034173868470190882,6.996541304292262e-21,zero_signal,7.455904173211397e-17,6.458903558222114e-21,3557,3558,-140.95026474553762
2330,-0.004625349837283466,7.005203323227709e-21,zero_signal,7.430873502092241e-17,6.415666161626896e-21,3558,3559,-140.95442638252666
2331,-0.0050919366916843956,7.030653631562244e-21,zero_signal,7.424182814143058e-17,6.376887060007298e-21,3559,3560,-140.9595154452122
2332,-0.004670088633005776,7.068927529201964e-21,zero_signal,7.436397822422574e-17,6.3452126319235805e-21,3560,3561,-140.96461025591003
2333,-0.0035772351644993705,7.114834144371407e-21,zero_signal,7.465926943689123e-17,6.32374508183616e-21,3561,3562,-140.9688556224782
2334,-0.0021501236215186736,7.162750765889794e-21,zero_signal,7.50957022369817e-17,6.314592603706997e-21,3562,3563,-140.97176472623903
2335,-0.0005219489835610602,7.207005498418586e-21,zero_signal,7.563341445235894e-17,6.3178053808552605e-21,3563,3564,-140.97315586972124
2336,0.0014828853777402173,7.241947526529321e-21,zero_signal,7.623023310906569e-17,6.331572395359446e-21,3564,3565,-140.97280862420615
2337,0.004128785273593394,7.262271094930195e-21,zero_signal,7.684256363357481e-17,6.3535387049645254e-21,3565,3566,-140.97019009896576
2338,0.0074144089176826355,7.264014796362732e-21,zero_signal,7.742424978840126e-17,6.382172779082873e-21,3566,3567,-140.96455105365897
2339,0.010904571945530961,7.245893922292937e-21,zero_signal,7.79276847037281e-17,6.417086699319442e-21,3567,3568,-140.9553612811304
2340,0.013911272570410915,7.209981810848e-21,zero_signal,7.83089730982507e-17,6.458094407481745e-21,3568,3569,-140.9427419097679
2341,0.015880899896927758,7.161026867461267e-21,zero_signal,7.85349952385959e-17,6.503831784244517e-21,3569,3570,-140.92753873598957
2342,0.016665124866491965,7.104790501739474e-21,zero_signal,7.858845473761794e-17,6.551113316254616e-21,3570,3571,-140.91098010997405
2343,0.01645878286130653,7.046661671710823e-21,zero_signal,7.846857545791008e-17,6.595604091665001e-21,3571,3572,-140.8942084862566
2344,0.015476604522447701,6.991481312549068e-21,zero_signal,7.818814964263907e-17,6.63336870830747e-21,3572,3573,-140.87806254425143
2345,0.01365556425511727,6.944232686311333e-21,zero_signal,7.77695648320869e-17,6.6622261315471895e-21,3573,3574,-140.8632552772117
2346,0.010643665752709808,6.910294726368364e-21,zero_signal,7.724224664907533e-17,6.681993696279305e-21,3574,3575,-140.8507514157412
2347,0.006106262835160692,6.894330691333472e-21,zero_signal,7.664228689627037e-17,6.693488656720709e-21,3575,3576,-140.84196794570627
2348,0.0001244797150263821,6.898296508470064e-21,zero_signal,7.601308261558542e-17,6.6970617074606136e-21,3576,3577,-140.83853889007088
2349,-0.006629472231722389,6.920135065748205e-21,zero_signal,7.540465659901709e-17,6.69181911544182e-21,3577,3578,-140.84171898627622
2350,-0.013095505296561782,6.954368598908073e-21,zero_signal,7.486972103500158e-17,6.676179998428859e-21,3578,3579,-140.85179783453432
2351,-0.018271449184055655,6.994277356724807e-21,zero_signal,7.44565713807655e-17,6.6493434555160116e-21,3579,3580,-140.86790999686934
2352,-0.021584501612395002,7.03406233362822e-21,zero_signal,7.420141620988437e-17,6.612469486507037e-21,3580,3581,-140.88834073290244
2353,-0.022945250585735266,7.069524883678678e-21,zero_signal,7.412371904478875e-17,6.568575262143706e-21,3581,3582,-140.91107900009413
2354,-0.02249706693496023,7.09721321019821e-21,zero_signal,7.422635509758135e-17,6.521185580278866e-21,3582,3583,-140.9342312340739
2355,-0.020305490272576776,7.113370184941742e-21,zero_signal,7.449908489092406e-17,6.472797484126238e-21,3583,3584,-140.95607313396405
2356,-0.0162617087166268,7.114116667718995e-21,zero_signal,7.492184002272522e-17,6.424356426412747e-21,3584,3585,-140.97484221461906
2357,-0.0102819556583853,7.097057697495416e-21,zero_signal,7.54653779215047e-17,6.376079656949645e-21,3585,3586,-140.9885965513973
2358,-0.002630093306748904,7.063058009419672e-21,zero_signal,7.609005147613122e-17,6.328846148184898e-21,3586,3587,-140.99540612593583
2359,0.005922369036952091,7.016611339793404e-21,zero_signal,7.674595901270283e-17,6.284943765537729e-21,3587,3588,-140.9938567380108
2360,0.014270388322088934,6.964326096488245e-21,zero_signal,7.737732409721103e-17,6.247545951979492e-21,3588,3589,-140.98356138786193
2361,0.02139254693142334,6.912604525948382e-21,zero_signal,7.793077268301985e-17,6.219350712505812e-21,3589,3590,-140.96531596136663
2362,0.026704000521078797,6.866220504824427e-21,zero_signal,7.836375341491469e-17,6.201467902149704e-21,3590,3591,-140.94077629399908
2363,0.030068413177531284,6.828594441250392e-21,zero_signal,7.864861530337617e-17,6.1933751848853714e-21,3591,3592,-140.91190796032447
2364,0.03148898695536673,6.802903120215935e-21,zero_signal,7.877082062805662e-17,6.1938365280324076e-21,3592,3593,-140.88063946764402
2365,0.030806213346707523,6.792349253651986e-21,zero_signal,7.872434946459873e-17,6.201908993058846e-21,3593,3594,-140.84892998641374
2366,0.027726795262580595,6.798842947920493e-21,zero_signal,7.85095722211018e-17,6.217215217167525e-21,3594,3595,-140.8190270409506
2367,0.022167498122442453,6.82114746783581e-21,zero_signal,7.813631816840289e-17,6.239412591036467e-21,3595,3596,-140.79347639588858
2368,0.014565495629810243,6.854338926438272e-21,zero_signal,7.762947504296257e-17,6.267497952890934e-21,3596,3597,-140.77469204470572
2369,0.005839078065690728,6.89132009268205e-21,zero_signal,7.70311631576622e-17,6.299626915341623e-21,3597,3598,-140.76434540462895
2370,-0.0029692252254420737,6.925265165265724e-21,zero_signal,7.63956696208824e-17,6.333563739763467e-21,3598,3599,-140.76301388857433
2371,-0.011054080416045053,6.951204864443216e-21,zero_signal,7.577920575566224e-17,6.367314779763411e-21,3599,3600,-140.77028385507984
2372,-0.01794447237708141,6.966015664437504e-21,zero_signal,7.523079852849641e-17,6.399432247810181e-21,3600,3601,-140.78512204940643
2373,-0.023337422069715785,6.967572463770924e-21,zero_signal,7.478928290114719e-17,6.4288545174480974e-21,3601,3602,-140.806172799834
2374,-0.026891336122531584,6.954310896131789e-21,zero_signal,7.448568932058147e-17,6.454557282865698e-21,3602,3603,-140.83179689354586
2375,-0.02819993144750299,6.925712320280882e-21,zero_signal,7.434559617088919e-17,6.475390324398178e-21,3603,3604,-140.85995547207906
2376,-0.02697786629521204,6.883193325153893e-21,zero_signal,7.438658285791258e-17,6.490242891321796e-21,3604,3605,-140.88819675644086
2377,-0.023294350152653465,6.830521738357407e-21,zero_signal,7.46112139922413e-17,6.498350641679351e-21,3605,3606,-140.9139112046695
2378,-0.017651513410186226,6.773338563895509e-21,zero_signal,7.500110322879363e-17,6.4994184136775455e-21,3606,3607,-140.93478545674617
2379,-0.010837627622692025,6.7180572077861814e-21,zero_signal,7.551777478000495e-17,6.493412640174831e-21,3607,3608,-140.94921423148986
2380,-0.00366736265263512,6.670724723369644e-21,zero_signal,7.611097275782408e-17,6.480227029841837e-21,3608,3609,-140.95646071199155
2381,0.0032083056121052778,6.63622405488818e-21,zero_signal,7.672926449133887e-17,6.459613551772146e-21,3609,3610,-140.95654895679513
2382,0.009331114741186752,6.617810163196165e-21,zero_signal,7.732644483035913e-17,6.431567592286955e-21,3610,3611,-140.95004410076734
2383,0.014357501408511553,6.616826216635182e-21,zero_signal,7.786148126624864e-17,6.396898910868524e-21,3611,3612,-140.93788672731276
2384,0.0179901924757786,6.63258475768182e-21,zero_signal,7.829557409432728e-17,6.3574477446599636e-21,3612,3613,-140.92132909795032
2385,0.019989886219363484,6.66250425360078e-21,zero_signal,7.859204837430937e-17,6.31564008096278e-21,3613,3614,-140.9019063423612
2386,0.02025508383279373,6.7024595755750774e-21,zero_signal,7.872151366500933e-17,6.2736594515087294e-21,3614,3615,-140.8813493255116
2387,0.01890643187047658,6.747151943970419e-21,zero_signal,7.866932443850899e-17,6.232904467600748e-21,3615,3616,-140.8613961746956
2388,0.01630423468751019,6.790446698234425e-21,zero_signal,7.843991634954288e-17,6.1941941631347944e-21,3616,3617,-140.84353646177064
2389,0.012956798448684026,6.82593865124353e-21,zero_signal,7.805505974944149e-17,6.158532660230872e-21,3617,3618,-140.8287877053206
2390,0.009342985257845271,6.847991220127947e-21,zero_signal,7.754778499870388e-17,6.127736211540217e-21,3618,3619,-140.81762286487327
2391,0.0057513629560048685,6.85300550242928e-21,zero_signal,7.695642501326158e-17,6.104310028624389e-21,3619,3620,-140.8101017348049
2392,0.002261104617048204,6.840216526209653e-21,zero_signal,7.63220140584555e-17,6.0905636530877496e-21,3620,3621,-140.80612013896126
2393,-0.0010995905011554896,6.811480754655572e-21,zero_signal,7.568875613546327e-17,6.087578102358749e-21,3621,3622,-140.8055795255708
2394,-0.004137534110498109,6.77026060584722e-21,zero_signal,7.510451442545828e-17,6.094791766122746e-21,3622,3623,-140.80831931996357
2395,-0.006423605117035436,6.720630435617997e-21,zero_signal,7.461825403851246e-17,6.110528378814e-21,3623,3624,-140.8138545937918
2396,-0.007475854683960392,6.667005362706115e-21,zero_signal,7.427380099458003e-17,6.133080427144814e-21,3624,3625,-140.82116653019764
2397,-0.007089176423676236,6.614516527540266e-21,zero_signal,7.410224640354206e-17,6.161533783344209e-21,3625,3626,-140.82880630315972
2398,-0.005545502373607292,6.569222421909741e-21,zero_signal,7.411668837776818e-17,6.195707152805324e-21,3626,3627,-140.835344883045
2399,-0.0034957798854264865,6.537344352098317e-21,zero_signal,7.431172622354331e-17,6.235242873140545e-21,3627,3628,-140.83989730790694
2400,-0.0015655332332471517,6.5235327440402146e-21,zero_signal,7.466711734806385e-17,6.278548172802033e-21,3628,3629,-140.84233644281585
2401,1.015781174373842e-05,6.529160252362897e-21,zero_signal,7.515264846362096e-17,6.3224644881861785e-21,3629,3630,-140.84302837437343
2402,0.0014157752281107605,6.5518779971728725e-21,zero_signal,7.573138285615518e-17,6.363055828846552e-21,3630,3631,-140.84231612719236
2403,0.002928402980543865,6.586799219053528e-21,zero_signal,7.636067517759384e-17,6.39706399989116e-21,3631,3632,-140.8401968239172
2404,0.00453528158682559,6.628380095928855e-21,zero_signal,7.69926673220218e-17,6.423004976297624e-21,3632,3633,-140.83645932123127
2405,0.005848709013079656,6.6715711319140904e-21,zero_signal,7.757658839003622e-17,6.441053820883289e-21,3633,3634,-140.83112626074356
2406,0.0064030832316319675,6.711631145334933e-21,zero_signal,7.806382671429562e-17,6.4517553658384014e-21,3634,3635,-140.82476190320511
2407,0.006073148355568492,6.743353635637447e-21,zero_signal,7.841456095434952e-17,6.4545939990017075e-21,3635,3636,-140.8183200942803
2408,0.005237775463783123,6.761048507723787e-21,zero_signal,7.860322734566706e-17,6.447688141652297e-21,3636,3637,-140.81261560649398
2409,0.0045302671220923685,6.7598895680730034e-21,zero_signal,7.862028878078803e-17,6.428987209697335e-21,3637,3638,-140.80784454335273
2410,0.004368773965396144,6.73787488313808e-21,zero_signal,7.84698162489381e-17,6.398031524177616e-21,3638,3639,-140.8035550722498
2411,0.004646077595225506,6.696924027729716e-21,zero_signal,7.816520498737115e-17,6.356788129327762e-21,3639,3640,-140.79910699542194
2412,0.004834251052969307,6.642208276188602e-21,zero_signal,7.772671738981544e-17,6.30883485145272e-21,3640,3641,-140.79426291705934
2413,0.00442814291561433,6.5801724960060085e-21,zero_signal,7.718278888477435e-17,6.257565492497397e-21,3641,3642,-140.789438493316
2414,0.003365492103540646,6.516701200036271e-21,zero_signal,7.657312218511956e-17,6.204880941832224e-21,3642,3643,-140.7854066312281
2415,0.002064448301226207,6.45664268010423e-21,zero_signal,7.594896579533021e-17,6.1513344141050685e-21,3643,3644,-140.78270750910892
2416,0.0010421574189365401,6.4045877397609335e-21,zero_signal,7.536745077488153e-17,6.097421772138455e-21,3644,3645,-140.78127773462566
2417,0.00045504414686092787,6.365565998313469e-21,zero_signal,7.488162788070427e-17,6.0448182786030836e-21,3645,3646,-140.78062319427104
2418,-1.52065872782714e-05,6.344371666032008e-21,zero_signal,7.453170978621664e-17,5.996549449605371e-21,3646,3647,-140.78036764633194
2419,-0.0008147629634578379,6.343605894546756e-21,zero_signal,7.434222574250604e-17,5.956025401889423e-21,3647,3648,-140.7806536074456
2420,-0.0020299097307656666,6.3619556372070226e-21,zero_signal,7.432485545570219e-17,5.9257236530614174e-21,3648,3649,-140.78199717225885
2421,-0.003221532421974871,6.394275514377565e-21,zero_signal,7.448213589703693e-17,5.9064660020737624e-21,3649,3650,-140.78471342690713
2422,-0.003737366072300574,6.433552551327725e-21,zero_signal,7.480726361761053e-17,5.8976905652452144e-21,3650,3651,-140.7884402371028
2423,-0.003207989437541414,6.47324894692902e-21,zero_signal,7.527982179193416e-17,5.898368260586841e-21,3651,3652,-140.79218815905173
2424,-0.0017872551560600414,6.5083709887603295e-21,zero_signal,7.586216804891408e-17,5.907826504418318e-21,3652,3653,-140.7948562159779
2425,3.80168077072085e-05,6.534948291574904e-21,zero_signal,7.650178394628457e-17,5.92592247283258e-21,3653,3654,-140.79576266936385
2426,0.0018565852314651465,6.549085414296226e-21,zero_signal,7.714038523376062e-17,5.952525369360107e-21,3654,3655,-140.79478018236247
2427,0.003589753503476345,6.5470107126845514e-21,zero_signal,7.772495391978639e-17,5.9867384139633916e-21,3655,3656,-140.79204949890092
2428,0.00540748693003934,6.5264243771784914e-21,zero_signal,7.82141585797948e-17,6.026444486732947e-21,3656,3657,-140.78760067535552
2429,0.007429149282756953,6.488065084418646e-21,zero_signal,7.857754732368383e-17,6.068535331857685e-21,3657,3658,-140.78123452504084
2430,0.009491672036517684,6.436096021208033e-21,zero_signal,7.87910506430202e-17,6.109719935492221e-21,3658,3659,-140.77274237679
2431,0.011163895297642057,6.37690263177489e-21,zero_signal,7.883516400606145e-17,6.147384819550715e-21,3659,3660,-140.7622511809678
2432,0.011955532491796816,6.31720754098211e-21,zero_signal,7.869906691791015e-17,6.179914247515655e-21,3660,3661,-140.75041458619472
2433,0.011529027116836232,6.26281173238593e-21,zero_signal,7.838778106305431e-17,6.206291597287321e-21,3661,3662,-140.73834011598422
2434,0.00977437043174234,6.218454230690865e-21,zero_signal,7.792604439951841e-17,6.225414556319503e-21,3662,3663,-140.72735653196105
2435,0.006759464565163853,6.188147220269487e-21,zero_signal,7.735499214109683e-17,6.2358171762608454e-21,3663,3664,-140.71879137512073
2436,0.0026577961304781184,6.175043159377731e-21,zero_signal,7.672355412057349e-17,6.236098841367972e-21,3664,3665,-140.71383760283072
2437,-0.0022748731396120547,6.180606420672392e-21,zero_signal,7.60803205906662e-17,6.225662191179492e-21,3665,3666,-140.71347578285977
2438,-0.007678276864240274,6.203733524018668e-21,zero_signal,7.547031395009361e-17,6.205062026838325e-21,3666,3667,-140.71838734910995
2439,-0.013059957043566328,6.2406119314824404e-21,zero_signal,7.493620957600772e-17,6.175670523061572e-21,3667,3668,-140.72883233658825
2440,-0.017796810099966365,6.2854973094302535e-21,zero_signal,7.451956611808375e-17,6.139042895118858e-21,3668,3669,-140.74450726319708
2441,-0.021195102951296008,6.331925080209977e-21,zero_signal,7.425790494079178e-17,6.0966177574190814e-21,3669,3670,-140.7644259567882
2442,-0.02262923888223156,6.373752119835014e-21,zero_signal,7.417753377401982e-17,6.0499714167865276e-21,3670,3671,-140.78689746909967
2443,-0.021727736983720547,6.40578888922021e-21,zero_signal,7.428623740966554e-17,6.001228322238753e-21,3671,3672,-140.80968443455265
2444,-0.018503023096911875,6.424155572808128e-21,zero_signal,7.45707666093101e-17,5.953055811500076e-21,3672,3673,-140.8303529430671
2445,-0.013320271412297302,6.4265476823819775e-21,zero_signal,7.500077274756333e-17,5.908103756552761e-21,3673,3674,-140.84669048074647
2446,-0.006710766140244573,6.4124096828846174e-21,zero_signal,7.553629346860839e-17,5.868344846505922e-21,3674,3675,-140.8569934858917
2447,0.0008277623765593489,6.382911383433963e-21,zero_signal,7.613400487885703e-17,5.834929624536703e-21,3675,3676,-140.86011201302696
2448,0.008877544482871258,6.3407565610770254e-21,zero_signal,7.674961104043053e-17,5.8087057829435225e-21,3676,3677,-140.8553379611386
2449,0.01696431909739715,6.2900111314898175e-21,zero_signal,7.733764638465868e-17,5.7908787633803555e-21,3677,3678,-140.84235692406122
2450,0.024394107824377897,6.236013365165306e-21,zero_signal,7.785207084659825e-17,5.783063358286822e-21,3678,3679,-140.8214093229438
2451,0.030274480255542358,6.1850801668533346e-21,zero_signal,7.824984358048378e-17,5.786480894719735e-21,3679,3680,-140.79356870841247
2452,0.033779366109286,6.143606250956877e-21,zero_signal,7.849671959488966e-17,5.8009002506111996e-21,3680,3681,-140.7608603624327
2453,0.03448007984204082,6.1165931866913696e-21,zero_signal,7.857253707855703e-17,5.824307021759398e-21,3681,3682,-140.7260099761939
2454,0.032474293639765506,6.1063216815294115e-21,zero_signal,7.847354593164925e-17,5.853746615099846e-21,3682,3683,-140.69190020274863
2455,0.028206480603259365,6.1120296541548645e-21,zero_signal,7.821111743648392e-17,5.88674247432509e-21,3683,3684,-140.66106138891436
2456,0.022147458254494268,6.130753868278949e-21,zero_signal,7.78080496221671e-17,5.9221235632585516e-21,3684,3685,-140.6354872415421
2457,0.014624915315152975,6.158560949555685e-21,zero_signal,7.729472298470624e-17,5.959575617488205e-21,3685,3686,-140.61676647240537
2458,0.005944447110280748,6.1911927929413686e-21,zero_signal,7.670710441954286e-17,5.998348827377134e-21,3686,3687,-140.6062374109118
2459,-0.0033441112753678226,6.223899396019981e-21,zero_signal,7.60869413438255e-17,6.036311427277564e-21,3687,3688,-140.6048775781848
2460,-0.012322580455901289,6.251168146708835e-21,zero_signal,7.548223985889168e-17,6.070251017251463e-21,3688,3689,-140.61292563346254
2461,-0.019885001755270082,6.2672441233439795e-21,zero_signal,7.49450608503598e-17,6.097248415817001e-21,3689,3690,-140.62952273909661
2462,-0.025123252559737352,6.267580454620937e-21,zero_signal,7.452518376804917e-17,6.116031858921262e-21,3690,3691,-140.65269563697308
2463,-0.027646724617980567,6.250375857497722e-21,zero_signal,7.426155861284154e-17,6.127223098878716e-21,3691,3692,-140.6797692442161
2464,-0.02760928622669212,6.21707639763715e-21,zero_signal,7.417588047602636e-17,6.132269590293442e-21,3692,3693,-140.70798908620904
2465,-0.0254354216149153,6.171437243327003e-21,zero_signal,7.427160130965731e-17,6.131899454557927e-21,3693,3694,-140.73498781666947
2466,-0.021469784854517115,6.117875961714039e-21,zero_signal,7.453779323035145e-17,6.125318333769428e-21,3694,3695,-140.75885992943887
2467,-0.01584080281089939,6.060423689304393e-21,zero_signal,7.495388227960395e-17,6.110776909704845e-21,3695,3696,-140.7779273863785
2468,-0.008660855129207334,6.003015459989292e-21,zero_signal,7.549141652548393e-17,6.087042744490064e-21,3696,3697,-140.79054153506067
2469,-0.0003958599331639334,5.95053641757512e-21,zero_signal,7.6112580101697e-17,6.0546052648901705e-21,3697,3698,-140.79524909663692
2470,0.007948565025287735,5.9091284170988306e-21,zero_signal,7.676895937553596e-17,6.015688964717564e-21,3698,3699,-140.791333254927
2471,0.015080525917426257,5.8847463518856e-21,zero_signal,7.740466479427483e-17,5.973109825975821e-21,3699,3700,-140.77935196658635
2472,0.020011417574835377,5.880606279088786e-21,zero_signal,7.796457660600604e-17,5.928894558066676e-21,3700,3701,-140.76117220309214
2473,0.0225325631943889,5.895504470910476e-21,zero_signal,7.840394512368156e-17,5.883714714532718e-21,3701,3702,-140.73932913143668
2474,0.023160901404040146,5.924515852826073e-21,zero_signal,7.869382861103464e-17,5.837511235386018e-21,3702,3703,-140.71610707670337
2475,0.02258747029814856,5.9614960979668624e-21,zero_signal,7.881976840037385e-17,5.7907643908973796e-21,3703,3704,-140.6930073286286
2476,0.02111113138840892,6.001193467366992e-21,zero_signal,7.877652208020207e-17,5.74540436146074e-21,3704,3705,-140.67093213610707
2477,0.018539791533768835,6.039381748964095e-21,zero_signal,7.856481211693644e-17,5.7046480827365716e-21,3705,3706,-140.65078506585178
2478,0.014606178230152977,6.071592927970021e-21,zero_signal,7.819375153113044e-17,5.671827307803446e-21,3706,3707,-140.63385255303953
2479,0.009487608787708268,6.0924418236291696e-21,zero_signal,7.76867275169802e-17,5.649004603967824e-21,3707,3708,-140.62157270939147
2480,0.003945636247834727,6.096781281038522e-21,zero_signal,7.708450247804561e-17,5.636352672216727e-21,3708,3709,-140.61487733546412
2481,-0.001038877378434222,6.081918014183029e-21,zero_signal,7.644101077246841e-17,5.6327117548541935e-21,3709,3710,-140.6136814368958
2482,-0.004812196478397368,6.048994179950443e-21,zero_signal,7.581329796180068e-17,5.636834192595477e-21,3710,3711,-140.61695509022098
2483,-0.007316511691357164,6.0024201662699266e-21,zero_signal,7.525179003475698e-17,5.648317358879234e-21,3711,3712,-140.6233058298526
2484,-0.008886599627629721,5.947958902087687e-21,zero_signal,7.479633104634399e-17,5.667517060260137e-21,3712,3713,-140.6315881136037
2485,-0.009794834416865683,5.891046587579619e-21,zero_signal,7.447803810848827e-17,5.694557260404338e-21,3713,3714,-140.64107902910786
2486,-0.009971322170230223,5.8364287350151525e-21,zero_signal,7.432199509819402e-17,5.728264006483353e-21,3714,3715,-140.65117778243743
2487,-0.009142889421838163,5.788801658736837e-21,zero_signal,7.434566169650132e-17,5.765906286415371e-21,3715,3716,-140.66102167344832
2488,-0.0072321504480612475,5.753199513802262e-21,zero_signal,7.455261832687242e-17,5.803984669091558e-21,3716,3717,-140.6694635612811
2489,-0.004617210697560381,5.734198145338158e-21,zero_signal,7.492649286454323e-17,5.8394910763718265e-21,3717,3718,-140.67548597434444
2490,-0.001996807133949119,5.734249463700392e-21,zero_signal,7.543081610255628e-17,5.870711916443386e-21,3718,3719,-140.67869798267623
2491,1.8168210161206844e-05,5.752421028210272e-21,zero_signal,7.601623162350316e-17,5.8970232872294206e-21,3719,3720,-140.67947958861234
2492,0.0012300844193049443,5.7845674037811476e-21,zero_signal,7.663078954888562e-17,5.917947145527617e-21,3720,3721,-140.6786616462559
2493,0.001854280917754636,5.8247432647089445e-21,zero_signal,7.722709114288736e-17,5.932344984617285e-21,3721,3722,-140.67701941977373
2494,0.0022556669531894613,5.866730519109393e-21,zero_signal,7.7763434336503e-17,5.938476651220755e-21,3722,3723,-140.6749530844204
2495,0.002671695788450279,5.9047973702325535e-21,zero_signal,7.820153310378695e-17,5.9348526156300056e-21,3723,3724,-140.67250808586735
2496,0.0031166073740678257,5.933794549484302e-21,zero_signal,7.850591198998627e-17,5.9210937667450335e-21,3724,3725,-140.6696096928435
2497,0.0034796036425888133,5.9492817544201695e-21,zero_signal,7.864774590322463e-17,5.8980534987435276e-21,3725,3726,-140.6662748711192
2498,0.003690644640755636,5.94806861610454e-21,zero_signal,7.861127849496268e-17,5.867189048276093e-21,3726,3727,-140.66265048555832
2499,0.0038130772815208047,5.928898667008993e-21,zero_signal,7.83983697723878e-17,5.829849945907387e-21,3727,3728,-140.6588935818377
2500,0.00400427672217063,5.892792071089009e-21,zero_signal,7.802816753072151e-17,5.787120275664811e-21,3728,3729,-140.65502433099527
2501,0.004386912673865595,5.842899378083252e-21,zero_signal,7.753252283361395e-17,5.7402163366074946e-21,3729,3730,-140.65088502839336
2502,0.004930982860997801,5.784075241634406e-21,zero_signal,7.695031668172718e-17,5.690904561192025e-21,3730,3731,-140.64625050564754
2503,0.005434863038885851,5.722366667697519e-21,zero_signal,7.632368842930509e-17,5.641469832041287e-21,3731,3732,-140.64102306267137
2504,0.005624911516136422,5.664376989711065e-21,zero_signal,7.569695784586609e-17,5.594271300006519e-21,3732,3733,-140.63538077956977
2505,0.005311125013491846,5.61639390968892e-21,zero_signal,7.511665210765305e-17,5.551317211113997e-21,3733,3734,-140.6297732396391
2506,0.004494676288700816,5.583379993729033e-21,zero_signal,7.463005601260591e-17,5.5142176577570795e-21,3734,3735,-140.6247585295428
2507,0.003974642481097135,5.56817261101296e-21,zero_signal,7.428065382845293e-17,5.484450964369101e-21,3735,3736,-140.6207838870617
0,-0.18349235593562585,1.9832748209719596e-19,mid,6.273371490165019e-17,4.822283350792076e-19,479,480,-0.15178157380565538
1,-0.18534213917746056,1.9702283091110846e-19,mid,6.271550572149345e-17,4.780090638499949e-19,480,481,-0.33527392974128123
2,-0.19243992752322314,1.935389463601162e-19,mid,6.17436168885123e-17,4.732851698941394e-19,481,482,-0.5224658521605765
3,-0.20659424400659399,1.8856637562845696e-19,mid,5.986588520476719e-17,4.684728143515234e-19,482,483,-0.7201537847877275
4,-0.22847423381502474,1.8297010550646617e-19,mid,5.716744588931247e-17,4.6401459295199155e-19,483,484,-0.9356543401737645
5,-0.25891312892578633,1.7759520930341182e-19,mid,5.376705149645354e-17,4.602835063879315e-19,484,485,-1.177102252417777
6,-0.29876503426626944,1.731578843050919e-19,mid,4.982022632767304e-17,4.575560759799645e-19,485,486,-1.4534805980253371
7,-0.3489980857946542,1.7019238656087562e-19,mid,4.5530750507500645e-17,4.560266073099548e-19,486,487,-1.7746323209503159
8,-0.41045213446843143,1.6901324757914745e-19,mid,4.116946287050834e-17,4.558180860796391e-19,487,488,-2.1514767696146455
9,-0.48159536333464037,1.6969379919902503e-19,mid,3.7096192725226577e-17,4.569781572228547e-19,488,489,-2.5955365898871787
10,-0.5529289312559993,1.7207790619412902e-19,mid,3.3769030556881263e-17,4.594753648753049e-19,489,490,-3.1146674962839263
11,-0.6025291176209502,1.7582306693253207e-19,mid,3.169741988139161e-17,4.632058496376985e-19,490,491,-3.7013944523991773
12,-0.6056544617840709,1.8045983153710225e-19,mid,3.1284799616165815e-17,4.680036804125056e-19,491,492,-4.319725731525827
13,-0.557569781424057,1.8545174775284707e-19,mid,3.261676996537548e-17,4.736439407131009e-19,492,493,-4.912703375967319
14,-0.4798806560254443,1.9023889283281068e-19,mid,3.540943716166626e-17,4.798387229275374e-19,493,494,-5.434865294373941
15,-0.40019494499738695,1.9425848972737836e-19,mid,3.91827409591902e-17,4.862381876937433e-19,494,495,-5.872464688018208
16,-0.3343556579958076,1.9696528195288166e-19,mid,4.3454830929921865e-17,4.924494763994818e-19,495,496,-6.2352551843687145
17,-0.2863069434384382,1.9789145746281386e-19,mid,4.7824488934318095e-17,4.980742516768052e-19,496,497,-6.541176004009823
18,-0.2544838319054734,1.9675819816619117e-19,mid,5.197575063043921e-17,5.027502742960234e-19,497,498,-6.807869071245591
19,-0.2360045890097453,1.9359445879846655e-19,mid,5.56628011403919e-17,5.061774783249775e-19,498,499,-7.05014366782077
20,-0.22815938489453114,1.8879116535654925e-19,mid,5.869837250671913e-17,5.081225048992421e-19,499,500,-7.2798782492650815
21,-0.2285790480713672,1.8305520163219184e-19,mid,6.094698392800364e-17,5.084183992444741e-19,500,501,-7.506462437609832
22,-0.23491867069844918,1.772891801421606e-19,mid,6.231935508280471e-17,5.069828803173272e-19,501,502,-7.737036345407816
23,-0.24454546517533782,1.724423960107942e-19,mid,6.276653524826184e-17,5.038547255011087e-19,502,503,-7.97629977900673
24,-0.2546928618310531,1.6935190742870143e-19,mid,6.227493690546737e-17,4.992169849876823e-19,503,504,-8.226127275758492
25,-0.26327729687947254,1.6858284079958718e-19,mid,6.086389350527874e-17,4.933786028270842e-19,504,505,-8.485685502668836
26,-0.269956250548649,1.703058362249745e-19,mid,5.85863159233149e-17,4.867233580860582e-19,505,506,-8.752681869517437
27,-0.27668927613792516,1.7426176191175402e-19,mid,5.553217537534935e-17,4.796599003912265e-19,506,507,-9.025598003766135
28,-0.2874768167990638,1.7983110743877495e-19,mid,5.183437948471087e-17,4.725904317971905e-19,507,508,-9.306060421793287
29,-0.3075130117678464,1.86186063913385e-19,mid,4.767679638084771e-17,4.658885553823922e-19,508,509,-9.600551637364262
30,-0.3419634138831418,1.924740132512365e-19,mid,4.330476288819445e-17,4.598777107674304e-19,509,510,-9.92108644532898
31,-0.3938605559160262,1.979605178158063e-19,mid,3.903877954825187e-17,4.548201950179161e-19,510,511,-10.284478465130546
32,-0.459811837531257,2.0208158326439488e-19,mid,3.528760449417626e-17,4.509266152533059e-19,511,512,-10.708807557161032
33,-0.5241157576490041,2.0442419535894837e-19,mid,3.25375890500536e-17,4.483724672937847e-19,512,513,-11.20410214019306
34,-0.5599996839343779,2.0470567383799806e-19,mid,3.1263606540827926e-17,4.472952974221961e-19,513,514,-11.75703907245904
35,-0.5480674564299015,2.028019010401692e-19,mid,3.1734823361677303e-17,4.477643307835795e-19,514,515,-12.324101508061815
36,-0.49567270407801267,1.9880817388890314e-19,mid,3.385207496823951e-17,4.497456452674435e-19,515,516,-12.853173985318843
37,-0.4292373088480961,1.9307670490859851e-19,mid,3.720833069047329e-17,4.530949659028037e-19,516,517,-13.31544691621784
38,-0.37125088678939466,1.861988812790929e-19,mid,4.1297147772955774e-17,4.575868796755774e-19,517,518,-13.711648603015036
39,-0.33065285052506166,1.789524819408687e-19,mid,4.566321956405451e-17,4.629578030003913e-19,518,519,-14.05794868979663
40,-0.3066823882622973,1.7224714126543424e-19,mid,4.994698787347095e-17,4.689313446498117e-19,519,520,-14.372954304065159
41,-0.2941398816061218,1.6705678091864748e-19,mid,5.387674034546986e-17,4.752155933967386e-19,520,521,-14.671313466321225
42,-0.28646934234878696,1.6428592278617077e-19,mid,5.72491910746111e-17,4.81490994857333e-19,521,522,-14.961234067277402
43,-0.27795033505968725,1.6455387385708452e-19,mid,5.99126135690206e-17,4.874174153821543e-19,522,523,-15.244252151018799
44,-0.2655072364856439,1.6798195906915141e-19,mid,6.175515267126116e-17,4.926705453591255e-19,523,524,-15.517134737396777
45,-0.2493662394726801,1.7411434489457256e-19,mid,6.269859665849369e-17,4.969881866886475e-19,524,525,-15.775266623990087
46,-0.23226640385210917,1.8202731271523962e-19,mid,6.269778199803831e-17,5.001953889114275e-19,525,526,-16.015867216342137
47,-0.21801684102160301,1.9057315734266875e-19,mid,6.174470790197502e-17,5.02196459146785e-19,526,527,-16.239799431694305
48,-0.21029123276331596,1.9864565686444534e-19,mid,5.987420478102457e-17,5.029513298477538e-19,527,528,-16.451900898385343
49,-0.21201319331205504,2.053485521181201e-19,mid,5.71669977480439e-17,5.024609085216762e-19,528,529,-16.660381897220937
50,-0.22535848054907603,2.10016005685252e-19,mid,5.374843809163076e-17,5.007665820748693e-19,529,530,-16.875927285009453
51,-0.25223993994502436,2.1215171691870107e-19,mid,4.97860139534746e-17,4.979522188561407e-19,530,531,-17.11109885831909
52,-0.2948515657229329,2.1140776446428853e-19,mid,4.549219238989004e-17,4.941427476501975e-19,531,532,-17.380407164899502
53,-0.35537203130576955,2.07656010541855e-19,mid,4.113811610386544e-17,4.895069229450803e-19,532,533,-17.700801989764955
54,-0.43333579123799026,2.0109676355951036e-19,mid,3.707693110349478e-17,4.842693281880054e-19,533,534,-18.09115122751104
55,-0.5196080711621214,1.9231570123495012e-19,mid,3.375941759238255e-17,4.787186809521913e-19,534,535,-18.567473572240935
56,-0.5914365586564703,1.822558354168146e-19,mid,3.1693955823692966e-17,4.731904075386868e-19,535,536,-19.130367369835284
57,-0.6216154040306385,1.721363625172193e-19,mid,3.12901463561357e-17,4.680185447080996e-19,536,537,-19.750346689553876
58,-0.601326782053162,1.6334931625535927e-19,mid,3.2638509363534186e-17,4.634821175758375e-19,537,538,-20.37359817789656
59,-0.5467783800748389,1.573037941478081e-19,mid,3.545050527732682e-17,4.597823533683536e-19,538,539,-20.9530002536602
60,-0.47973655686374705,1.5515304772731493e-19,mid,3.9235728218665063e-17,4.570631627170199e-19,539,540,-21.46715493804624
61,-0.41219153353951477,1.5743362193685814e-19,mid,4.350656697790143e-17,4.554474272697648e-19,540,541,-21.912473367387694
62,-0.3485589115295511,1.638228842739333e-19,mid,4.786586156097578e-17,4.550446921649027e-19,541,542,-22.29153800512527
63,-0.29145333147974384,1.7322059590383754e-19,mid,5.200839549964065e-17,4.559122600711085e-19,542,543,-22.609591190446796
64,-0.24311709324586595,1.8410722739272417e-19,mid,5.569744694022056e-17,4.579988270384093e-19,543,544,-22.874444668084756
65,-0.20491082880420208,1.949533170049332e-19,mid,5.874593749868037e-17,4.611209691987515e-19,544,545,-23.095825376938528
66,-0.17722364951887393,2.0450330563172602e-19,mid,6.100910686904088e-17,4.64995737512185e-19,545,546,-23.28426632569316
67,-0.15980920393656284,2.1186777670250176e-19,mid,6.23855045552197e-17,4.693054628697851e-19,546,547,-23.450272675976276
68,-0.15214085217187012,2.164520822061037e-19,mid,6.281956797541148e-17,4.737517514976339e-19,547,548,-23.603884733566286
69,-0.15370747814309205,2.1783449141075436e-19,mid,6.23006039141463e-17,4.780781548592385e-19,548,549,-23.754554380320016
70,-0.16428974770678728,2.1572412505347579e-19,mid,6.085774040588599e-17,4.820726219117059e-19,549,550,-23.91129968985247
71,-0.1842405168183845,2.1004123788934655e-19,mid,5.85544569265859e-17,4.855682716942582e-19,550,551,-24.08313387573359
72,-0.21477116556914488,2.0105181785422472e-19,mid,5.5486802726494636e-17,4.884476119715332e-19,551,552,-24.27978072348924
73,-0.25813558339329745,1.8946209210526512e-19,mid,5.1787227996232095e-17,4.906449597443546e-19,552,553,-24.51267620687188
74,-0.3173304164962154,1.7643503391629904e-19,mid,4.763398255046763e-17,4.921447672191915e-19,553,554,-24.796051890275834
75,-0.3945842035209459,1.6354021015316885e-19,mid,4.326568321903179e-17,4.929800933498023e-19,554,555,-25.14733703986431
76,-0.4878181481684525,1.526300621912175e-19,mid,3.9000108078390466e-17,4.932334681926194e-19,555,556,-25.585220297317726
77,-0.5853070548535513,1.4557425674425075e-19,mid,3.525022996117963e-17,4.930331477755178e-19,556,557,-26.122973336201216
78,-0.6623247117912712,1.4378701015500542e-19,mid,3.251051875583786e-17,4.925339822210858e-19,557,558,-26.755834407024828
79,-0.6885656920421805,1.4769408415256007e-19,mid,3.125859227449977e-17,4.918820991648605e-19,558,559,-27.44762275978376
80,-0.649699742667222,1.5654411762254783e-19,mid,3.175474007100081e-17,4.911789251107883e-19,559,560,-28.13296579110919
81,-0.5620935992437079,1.6875247323526658e-19,mid,3.388772734073682e-17,4.904654805786646e-19,560,561,-28.747022245118202
82,-0.4587290777136577,1.8246379697016864e-19,mid,3.724845191522282e-17,4.897333990961409e-19,561,562,-29.257152989596605
83,-0.3647784098947966,1.9596982919555886e-19,mid,4.1337746205466653e-17,4.889466117193919e-19,562,563,-29.664480400545518
84,-0.2900556741119278,2.078912489958725e-19,mid,4.570697586479123e-17,4.8805081983098075e-19,563,564,-29.9867098093862
85,-0.2349255787179807,2.171835275259728e-19,mid,4.999643880644823e-17,4.869669665968242e-19,564,565,-30.244591748769373
86,-0.19662291089679051,2.2305939470840265e-19,mid,5.3928438820409817e-17,4.855908045088046e-19,565,566,-30.45656096682216
87,-0.17222374573416133,2.2492753587890617e-19,mid,5.729282601069657e-17,4.838209008860279e-19,566,567,-30.637837570562954
88,-0.15953604707695312,2.2241490130057918e-19,mid,5.993500743316969e-17,4.816054458711142e-19,567,568,-30.801008458290482
89,-0.1572906368635394,2.154661735849617e-19,mid,6.174666963928581e-17,4.789702148122772e-19,568,569,-30.95690966471686
90,-0.16524606450371238,2.044587550335784e-19,mid,6.265873303303405e-17,4.76005874828375e-19,569,570,-31.11558973201756
91,-0.18421189840891117,1.9028415690682376e-19,mid,6.263676371699758e-17,4.728391234801128e-19,570,571,-31.287401793724285
92,-0.21549458064554727,1.7439436210539206e-19,mid,6.167919440500791e-17,4.696283394247819e-19,571,572,-31.484013528835384
93,-0.2589470157333551,1.5881460043251868e-19,mid,5.981853698964034e-17,4.665833603032262e-19,572,573,-31.71839095501538
94,-0.30957307614138685,1.4604044447993485e-19,mid,5.712530988192063e-17,4.639647430423037e-19,573,574,-32.001907560302094
95,-0.35630950178371634,1.3860877484831005e-19,mid,5.3713525879899646e-17,4.620350105614926e-19,574,575,-32.337537107298154
96,-0.3892046174404875,1.3820288329645027e-19,mid,4.974627398645884e-17,4.609933778754321e-19,575,576,-32.714526563869526
97,-0.4105055889417457,1.4478359551859874e-19,mid,4.544157074988776e-17,4.609488816685026e-19,576,577,-33.11594634217913
98,-0.43385747193865853,1.5667347258850617e-19,mid,4.1081488189326107e-17,4.6194612010782155e-19,577,578,-33.53553774175302
99,-0.4706893158610086,1.7150317958546576e-19,mid,3.702686968370215e-17,4.640045373686464e-19,578,579,-33.983661286056446
100,-0.5177405492272129,1.8705630704133668e-19,mid,3.3726886870268555e-17,4.671248593805148e-19,579,580,-34.476916373475035
101,-0.5536737607791622,2.0161235445500045e-19,mid,3.1680488800868077e-17,4.712546697998004e-19,580,581,-35.01914238451087
102,-0.5514856844009444,2.1395607259685832e-19,mid,3.128905497895927e-17,4.762452032612148e-19,581,582,-35.58426389503336
103,-0.5033470614303042,2.232470079280527e-19,mid,3.264423549644168e-17,4.818383907222263e-19,582,583,-36.12211375331276
104,-0.4285009261294661,2.288661194848867e-19,mid,3.546433095098302e-17,4.876973790862916e-19,583,584,-36.59095801789397
105,-0.35343471072330246,2.303239933150771e-19,mid,3.926126388285249e-17,4.934603283193522e-19,584,585,-36.97911560557169
106,-0.2936298227188914,2.272741755093045e-19,mid,4.3542129313476916e-17,4.987829579506722e-19,585,586,-37.29782743934057
107,-0.253137085411133,2.196157649550943e-19,mid,4.790200943656898e-17,5.033498561596028e-19,586,587,-37.566375251009475
108,-0.2312192237870363,2.0763035725403247e-19,mid,5.2032553127818934e-17,5.06864632501125e-19,587,588,-37.80410161016284
109,-0.22689147017520028,1.921042920195327e-19,mid,5.570236032958381e-17,5.090477440454008e-19,588,589,-38.02881369858355
110,-0.24023982869359628,1.7442351376310796e-19,mid,5.873588031489428e-17,5.096611575005811e-19,589,590,-38.25788455051324
111,-0.2708012120366945,1.566587601767638e-19,mid,6.09984956375241e-17,5.08552216094673e-19,590,591,-38.50929335597074
112,-0.31229868725403875,1.416189001487177e-19,mid,6.238969004976223e-17,5.056939560882712e-19,591,592,-38.79948697458663
113,-0.3470215308281652,1.3261151840747798e-19,mid,6.2843997092901e-17,5.012074543661582e-19,592,593,-39.13389073047882
114,-0.3535389238627964,1.3234240143506843e-19,mid,6.233659685455085e-17,4.953641909735826e-19,593,594,-39.49353003624296
115,-0.32846992716758194,1.4119534833762818e-19,mid,6.088817441369038e-17,4.885635360336447e-19,594,595,-39.84096857820441
116,-0.2905326032835269,1.56868618131026e-19,mid,5.856480838939103e-17,4.812766207893011e-19,595,596,-40.15046989057812
117,-0.26023259249412334,1.7591170660877811e-19,mid,5.547334558690449e-17,4.739678939976851e-19,596,597,-40.422033784771465
118,-0.2475517029551746,1.9521418936986072e-19,mid,5.175738937952531e-17,4.670348082729988e-19,597,598,-40.67093507556637
119,-0.25557485062702057,2.1253608443121483e-19,mid,4.7600098404669335e-17,4.608009208357678e-19,598,599,-40.917137190681814
120,-0.2856739795649972,2.2646858529105817e-19,mid,4.3237320701150706e-17,4.555514910044469e-19,599,600,-41.18208477682041
121,-0.338024760416058,2.3620664722948e-19,mid,3.897996080142956e-17,4.515610848369388e-19,600,601,-41.48848514981181
122,-0.40736674819448027,2.4130870522836344e-19,mid,3.523598707041532e-17,4.490738242998023e-19,601,602,-41.858134297652526
123,-0.47639370923814894,2.4153342311958895e-19,mid,3.2501472189922775e-17,4.482466566283143e-19,602,603,-42.30321864620077
124,-0.5171213109215849,2.367885485837118e-19,mid,3.126096071462935e-17,4.49102655074053e-19,603,604,-42.810921716128824
125,-0.5105970018202619,2.271777400493442e-19,mid,3.177775539791768e-17,4.515313562992527e-19,604,605,-43.33746126804394
126,-0.46642985041924234,2.1310435729501288e-19,mid,3.393288571653379e-17,4.553316906218947e-19,605,606,-43.83211571976935
127,-0.4137588098154339,1.9539171436287619e-19,mid,3.730594245401166e-17,4.602614860287377e-19,606,607,-44.27032096888242
128,-0.3778982697788713,1.754020879678872e-19,mid,4.139447685393062e-17,4.660610072479218e-19,607,608,-44.659633339400216
129,-0.37046072264692853,1.5517573778056162e-19,mid,4.575673592586715e-17,4.724471789388425e-19,608,609,-45.026117508440166
130,-0.38835735172740016,1.376119989962105e-19,mid,5.0043145348341066e-17,4.791014308390122e-19,609,610,-45.40055478469407
131,-0.4096528573844971,1.264585086894794e-19,mid,5.3980822158267765e-17,4.856763983275353e-19,610,611,-45.802832211894966
132,-0.4017679863825201,1.2524007864703686e-19,mid,5.735543099389369e-17,4.918259407652972e-19,611,612,-46.21986049946307
133,-0.3541682673601976,1.348758932134956e-19,mid,6.000250308527545e-17,4.972394018621213e-19,612,613,-46.606368184660006
134,-0.2893024198472425,1.5276783773089502e-19,mid,6.18052859096045e-17,5.0165872730389495e-19,613,614,-46.92819703418346
135,-0.23254228766807472,1.7478775379473622e-19,mid,6.269317712884461e-17,5.048791801495844e-19,614,615,-47.18497302435449
136,-0.19294925053797485,1.972451858691645e-19,mid,6.263776438386e-17,5.06753513103807e-19,615,616,-47.39328160951961
137,-0.16958383094590346,2.174745275396163e-19,mid,6.164757280630437e-17,5.072092006922652e-19,616,617,-47.57087152543044
138,-0.15977746325436115,2.337489354980946e-19,mid,5.976436247305197e-17,5.062623797699308e-19,617,618,-47.73244927141142
139,-0.1620976072464586,2.4504759497178253e-19,mid,5.706289442151864e-17,5.040079840091712e-19,618,619,-47.89042645193916
140,-0.17676244910407846,2.5083384938836983e-19,mid,5.365454407087632e-17,5.005914598565186e-19,619,620,-48.056644485904336
141,-0.20539304331857622,2.5089196431182066e-19,mid,4.969459238489327e-17,4.961891569560685e-19,620,621,-48.24395135014732
142,-0.2506049772040342,2.452401996767461e-19,mid,4.5393312202416976e-17,4.910121808064226e-19,621,622,-48.46743057254149
143,-0.315121155283002,2.341229721373378e-19,mid,4.103100471058392e-17,4.85317965702166e-19,622,623,-48.74516130455539
144,-0.3992217815276611,2.1807076443201015e-19,mid,3.697467942755123e-17,4.794035623639199e-19,623,624,-49.09767288310749
145,-0.4955654883146323,1.9800405095051695e-19,mid,3.368273922018155e-17,4.735757939489946e-19,624,625,-49.54360486761071
146,-0.5855906962303514,1.7536836481225517e-19,mid,3.165698192887573e-17,4.681196194529938e-19,625,626,-50.08880385973676
147,-0.6483498684106443,1.523362924666846e-19,mid,3.129012993632891e-17,4.632872024936343e-19,626,627,-50.71478626007141
148,-0.6757392096257355,1.3212956315017971e-19,mid,3.26618768856804e-17,4.593063888808571e-19,627,628,-51.385503596558046
149,-0.6633684397058488,1.1917705071508655e-19,mid,3.5488161507367056e-17,4.56386210258343e-19,628,629,-52.066264679322884
150,-0.5971306855869543,1.177848132975844e-19,mid,3.9287580841587164e-17,4.547016568292094e-19,629,630,-52.71224047596974
151,-0.4841323460750431,1.2879402714281307e-19,mid,4.35728804185919e-17,4.543640073785882e-19,630,631,-53.26052605049679
152,-0.364350736484667,1.4868010177557492e-19,mid,4.7938203188821657e-17,4.553986951964928e-19,631,632,-53.68050516811983
153,-0.26891816588125295,1.726638528251877e-19,mid,5.206928335157127e-17,4.577423577748946e-19,632,633,-53.98922752346613
154,-0.20265720800204434,1.9693749835177827e-19,mid,5.57287910470514e-17,4.612488027887447e-19,633,634,-54.218341499882335
155,-0.15929844393064485,2.189071605557907e-19,mid,5.87400622042211e-17,4.6569014219958185e-19,634,635,-54.394541939470216
156,-0.13229082692517125,2.3686944231802196e-19,mid,6.097449266176606e-17,4.707601023644385e-19,635,636,-54.536938387743625
157,-0.11723029780617722,2.4971170636284805e-19,mid,6.234273177869773e-17,4.761018823737374e-19,636,637,-54.65912359332056
158,-0.11162493860564027,2.5670667162483816e-19,mid,6.278940510339619e-17,4.81365528006969e-19,637,638,-54.77139898335598
159,-0.1143438433279016,2.574007608859702e-19,mid,6.229167086946418e-17,4.86265089531055e-19,638,639,-54.88237347053184
160,-0.1253317843431283,2.5160016742871855e-19,mid,6.086177632608685e-17,4.90597832885903e-19,639,640,-55.00008667001178
161,-0.1457052697331953,2.3944189290708176e-19,mid,5.855226011765347e-17,4.942212087974211e-19,640,641,-55.133037039218095
162,-0.1781897683938105,2.2150093582554476e-19,mid,5.546080811506333e-17,4.9702139373099885e-19,641,642,-55.29149720947817
163,-0.2278441543548695,1.9887167948358906e-19,mid,5.173245911056926e-17,4.989087036007039e-19,642,643,-55.489416576005716
164,-0.30291179052889916,1.732192401685687e-19,mid,4.7560569157850424e-17,4.998430286756307e-19,643,644,-55.74718551818791
165,-0.41416402729425883,1.469201194556014e-19,mid,4.319198166321285e-17,4.998628080134127e-19,644,645,-56.095240157063515
166,-0.5647389980540147,1.2349398235809036e-19,mid,3.8941681079057364e-17,4.990895793940257e-19,645,646,-56.57551357277643
167,-0.719649212252488,1.0814101924741841e-19,mid,3.521276876605899e-17,4.9770169605178695e-19,646,647,-57.224718153171544
168,-0.801716406263985,1.0638141875214211e-19,mid,3.249236842821363e-17,4.958930473107431e-19,647,648,-58.014811997281406
169,-0.7722024513719603,1.1913186130984378e-19,mid,3.1260474026823084e-17,4.93838521271308e-19,648,649,-58.828150965699514
170,-0.667810371064764,1.4154978288191006e-19,mid,3.178453595961138e-17,4.916775655168934e-19,649,650,-59.559216900025326
171,-0.5390448855150964,1.6796857108708554e-19,mid,3.3951911067562446e-17,4.895134774844939e-19,650,651,-60.16377170782904
172,-0.4170181010243361,1.94447388108519e-19,mid,3.734110441296541e-17,4.874206195913812e-19,651,652,-60.63730667105552
173,-0.3168015599842313,2.1853136165431783e-19,mid,4.144136013996235e-17,4.854540341327814e-19,652,653,-60.997807909877714
174,-0.24138280868488948,2.3865590861202605e-19,mid,4.580348701196027e-17,4.836563155170701e-19,653,654,-61.27090979102398
175,-0.18762995810489613,2.5374513277468146e-19,mid,5.0078359396445336e-17,4.820517569735468e-19,654,655,-61.48057352724749
176,-0.1510276709008096,2.629581618338796e-19,mid,5.4002076984678966e-17,4.806203617846457e-19,655,656,-61.646169707233774
177,-0.12766932408256437,2.65561378630609e-19,mid,5.737166940538944e-17,4.7926737539106495e-19,656,657,-61.78262886904911
178,-0.11488787817885182,2.6095891203528813e-19,mid,6.002775048310941e-17,4.778313404219674e-19,657,658,-61.9015083553989
179,-0.1116144679201021,2.488848168885996e-19,mid,6.184790665206467e-17,4.76162173976321e-19,658,659,-62.012404625406816
180,-0.11883468191951252,2.2966631017788445e-19,mid,6.274876229310526e-17,4.742355115259329e-19,659,660,-62.12473729123911
181,-0.14035104391349407,2.0440822615069625e-19,mid,6.269102335490321e-17,4.72209952922786e-19,660,661,-62.25007398924584
182,-0.1842040444035291,1.7503702678359848e-19,mid,6.168145451550998e-17,4.703635227183645e-19,661,662,-62.405439379066095
183,-0.26390231554744403,1.4438607807829159e-19,mid,5.976949875714638e-17,4.6895571701711725e-19,662,663,-62.6184820780529
184,-0.38824453107882206,1.1675342635145073e-19,mid,5.704137008832158e-17,4.68132788254067e-19,663,664,-62.93324401016098
185,-0.5142132985093895,9.897435267661941e-20,mid,5.361691604940941e-17,4.679423079450029e-19,664,665,-63.394971140210544
186,-0.5491687656739046,9.859827586043571e-20,mid,4.965323973932677e-17,4.684117383956623e-19,665,666,-63.96167060717976
187,-0.4940928070513131,1.1558822783139862e-19,mid,4.535632019889586e-17,4.695986909709533e-19,666,667,-64.49330867155835
188,-0.44520531125253626,1.422593409103387e-19,mid,4.0999831532463406e-17,4.715709943317027e-19,667,668,-64.94985622128239
189,-0.44724710630440256,1.7175205241297885e-19,mid,3.694705663710853e-17,4.743498154970129e-19,668,669,-65.38371929406343
190,-0.48266812200485276,2.0007162049381322e-19,mid,3.36592975185678e-17,4.778733643711088e-19,669,670,-65.8443504338912
191,-0.5153171254725706,2.2497468034651546e-19,mid,3.164572361904505e-17,4.820065604669916e-19,670,671,-66.34905553807313
192,-0.5117090977694474,2.4514850931232393e-19,mid,3.1301471752494855e-17,4.865774113055528e-19,671,672,-66.87498468483633
193,-0.46284562494844295,2.5978752486577366e-19,mid,3.269727374630358e-17,4.914028692837603e-19,672,673,-67.37247373361203
194,-0.3879700307717613,2.683398965325608e-19,mid,3.553737812324658e-17,4.962832207903091e-19,673,674,-67.80067593473322
195,-0.31285576838982365,2.7035677312577724e-19,mid,3.933837819154681e-17,5.009757166927125e-19,674,675,-68.14841379515555
196,-0.25223423855910454,2.6546308744268003e-19,mid,4.362052521923858e-17,5.051782519369452e-19,675,676,-68.42638747151287
197,-0.2100736548122626,2.53462067750527e-19,mid,4.798606467118783e-17,5.085472024335075e-19,676,677,-68.65288227227376
198,-0.18629208221283733,2.3452506476021455e-19,mid,5.212233773201359e-17,5.107466960146256e-19,677,678,-68.8465347811374
199,-0.18180513955913113,2.0937647094367094e-19,mid,5.578652230608666e-17,5.115034114479342e-19,678,679,-69.02546643669943
200,-0.2021537233775632,1.7943430108946384e-19,mid,5.879393275772225e-17,5.10643557641279e-19,679,680,-69.21014506025566
201,-0.26143484621710655,1.4704481413961376e-19,mid,6.101102678169069e-17,5.081126848267476e-19,680,681,-69.42977388345456
202,-0.37750702428702,1.1625467870369613e-19,mid,6.234982046441618e-17,5.039921791917392e-19,681,682,-69.73301475268987
203,-0.510686802711902,9.463351583007623e-20,mid,6.276239723421503e-17,4.985092352005763e-19,682,683,-70.1847879320286
204,-0.5279516961335702,9.267598722202982e-20,mid,6.223634545567355e-17,4.9201717888991125e-19,683,684,-70.75438835811367
205,-0.409495707740021,1.1198464049029964e-19,mid,6.079234780044613e-17,4.84939103044119e-19,684,685,-71.24069132429574
206,-0.2863756931687078,1.42712140691015e-19,mid,5.848459435334907e-17,4.777060763354567e-19,685,686,-71.57337977359371
207,-0.22126079115889752,1.7630781802677038e-19,mid,5.540421106764128e-17,4.707271039487468e-19,686,687,-71.81344271063315
208,-0.2011210114824351,2.0811283673372054e-19,mid,5.168548646266996e-17,4.643889863238489e-19,687,688,-72.01590135591151
209,-0.211349287365465,2.35572225699858e-19,mid,4.7514367282091526e-17,4.590526298639294e-19,688,689,-72.21568473359802
210,-0.24594179363896274,2.5722550589319713e-19,mid,4.313917152122638e-17,4.550274901987009e-19,689,690,-72.43859993064244
211,-0.30206581398090293,2.722590717335289e-19,mid,3.888412452250572e-17,4.525401774872398e-19,690,691,-72.70756832087595
212,-0.3731586614841049,2.802426596949505e-19,mid,3.516181450140344e-17,4.517201548336467e-19,691,692,-73.04273155860425
213,-0.441737050662951,2.8096566422798713e-19,mid,3.2460526767766796e-17,4.526033327392829e-19,692,693,-73.45388564384416
214,-0.4805334201241038,2.743855780951899e-19,mid,3.1251037586502944e-17,4.551376338347405e-19,693,694,-73.92620565993015
215,-0.4713544974184316,2.6067421593137876e-19,mid,3.179001085907043e-17,4.591819390225391e-19,694,695,-74.41495248409237
216,-0.4240800005107843,2.4029979836165355e-19,mid,3.396363611473288e-17,4.64506365298317e-19,695,696,-74.86891465476701
217,-0.3687550763891281,2.1408882387170981e-19,mid,3.735733787473388e-17,4.708057502925723e-19,696,697,-75.26311248511394
218,-0.3348934719715473,1.8328901803165986e-19,mid,4.1465023591692214e-17,4.777265729912561e-19,697,698,-75.60642480754527
219,-0.3474566647834294,1.4979208707060874e-19,mid,4.583491616238457e-17,4.848945760568655e-19,698,699,-75.93289942905703
220,-0.4334916274932752,1.169283425854446e-19,mid,5.0110899284273287e-17,4.919300991135837e-19,699,700,-76.30133813711213
221,-0.5713430829100403,9.163860981286625e-20,mid,5.4023833528333316e-17,4.984518965741492e-19,700,701,-76.79988268404358
222,-0.6023263983061327,8.595625392122247e-20,mid,5.737242889278624e-17,5.04086320999121e-19,701,702,-77.4440243029322
223,-0.46112372968420345,1.0468546109804979e-19,mid,6.000666885457288e-17,5.085005141526334e-19,702,703,-78.00453548065585
224,-0.2978513869734698,1.3724851533970384e-19,mid,6.181610275927659e-17,5.114574484225655e-19,703,704,-78.36627176230061
225,-0.20099549993046395,1.7355350561223002e-19,mid,6.272357942717336e-17,5.128614155644617e-19,704,705,-78.60023825460279
226,-0.15139716528587854,2.0829108750340713e-19,mid,6.26849524491846e-17,5.127564765931607e-19,705,706,-78.76826276216154
227,-0.1275898732801295,2.386168850530891e-19,mid,6.169370610486581e-17,5.11273196971381e-19,706,707,-78.90303258517454
228,-0.11999232000141546,2.6291256545210085e-19,mid,5.978681367267409e-17,5.085628837881864e-19,707,708,-79.0234425087218
229,-0.12501463841586968,2.8024327787420656e-19,mid,5.70474069181133e-17,5.04766573801601e-19,708,709,-79.14301722517737
230,-0.141722067663423,2.9002471037203537e-19,mid,5.360293423464321e-17,5.000293896485152e-19,709,710,-79.27347178555354
231,-0.17076704040376,2.9185152802640035e-19,mid,4.9622559315959364e-17,4.945319137941543e-19,710,711,-79.42646136050422
232,-0.21418308248365747,2.855150972628446e-19,mid,4.532052358866998e-17,4.88508170702661e-19,711,712,-79.61500586636106
233,-0.2747274906058905,2.711397549915085e-19,mid,4.0970557511795154e-17,4.822439912150618e-19,712,713,-79.85482752547153
234,-0.35322798376583364,2.4929874590675323e-19,mid,3.692942664332528e-17,4.76063307261226e-19,713,714,-80.16446084757284
235,-0.44325092300267244,2.210250191149091e-19,mid,3.365141390799495e-17,4.703038423247618e-19,714,715,-80.5612834930032
236,-0.5288688839614295,1.877663790460644e-19,mid,3.1644695198987785e-17,4.652804087494875e-19,715,716,-81.05096269357819
237,-0.6009845670161127,1.5148433158379299e-19,mid,3.1310295916324113e-17,4.61247211263147e-19,716,717,-81.61902126092606
238,-0.689937005847554,1.1534608973179634e-19,mid,3.272337347750916e-17,4.583826307713386e-19,717,718,-82.25293182761041
239,-0.8175878186593195,8.614269319570535e-20,mid,3.5583190459261164e-17,4.568072057660197e-19,718,719,-82.99889527262117
240,-0.8181777172028291,7.771334978180665e-20,mid,3.939610995407443e-17,4.566128793220337e-19,719,720,-83.88810746492905
241,-0.6040062990717203,9.72820400436426e-20,mid,4.367708776023309e-17,4.578630453812197e-19,720,721,-84.63525070702683
242,-0.37316259830380005,1.3206418830357333e-19,mid,4.803277282664231e-17,4.605458715704362e-19,721,722,-85.09612006307249
243,-0.23857514531317747,1.7058438514724116e-19,mid,5.21609638524291e-17,4.645134770036216e-19,722,723,-85.38157590363443
244,-0.16479449748551644,2.0741230169057185e-19,mid,5.582699910261408e-17,4.694673986559515e-19,723,724,-85.57327035369885
245,-0.12171691021485032,2.3972802244264475e-19,mid,5.88455334376742e-17,4.75021269259168e-19,724,725,-85.71116489860546
246,-0.09618268436860689,2.6589436369777417e-19,mid,6.107383369529606e-17,4.808052758702303e-19,725,726,-85.81670417412855
247,-0.08251692579512593,2.849194262637496e-19,mid,6.24128311287494e-17,4.865359618821816e-19,726,727,-85.90353026734267
248,-0.07801568445784568,2.9612811064650615e-19,mid,6.280920223111641e-17,4.920035213766936e-19,727,728,-85.9817380257188
249,-0.08123812286999055,2.9898031923910885e-19,mid,6.225386727940522e-17,4.970040736495071e-19,728,729,-86.05956163625837
250,-0.09156969057741549,2.9309495930567925e-19,mid,6.077699886937747e-17,5.012935610376094e-19,729,730,-86.14421427145878
251,-0.10941112966241917,2.7843114178935656e-19,mid,5.84430433508281e-17,5.046147442582952e-19,730,731,-86.2427010174132
252,-0.13677122261192665,2.554701742235244e-19,mid,5.5349327541998196e-17,5.067767074392334e-19,731,732,-86.36303653078362
253,-0.17839244997243497,2.252698214239063e-19,mid,5.162990397340457e-17,5.077194086312616e-19,732,733,-86.51624346263705
254,-0.24420286072173525,1.894016893734714e-19,mid,4.746486564140955e-17,5.0751542309524625e-19,733,734,-86.71982143072849
255,-0.35608076668899,1.4995168575729914e-19,mid,4.309511625318595e-17,5.063192633922268e-19,734,735,-87.00464918408052
256,-0.5649089257988962,1.100518743633088e-19,mid,3.884156429421534e-17,5.04311350588613e-19,735,736,-87.43198296410647
257,-0.8980340050483093,7.650013166329585e-20,mid,3.512096464292962e-17,5.016718029472438e-19,736,737,-88.13446703567831
258,-1.0687298467960105,6.601145983314988e-20,mid,3.2430064153341535e-17,4.985830563081562e-19,737,738,-89.22805097420309
259,-0.8979830556242021,8.837234935481833e-20,mid,3.1242627537011744e-17,4.952384925711368e-19,738,739,-90.27192672927033
260,-0.6572866084575253,1.2605685751905911e-19,mid,3.180645350946048e-17,4.918396789454666e-19,739,740,-91.02401708545149
261,-0.4932558312303428,1.6661522102124131e-19,mid,3.399564548502826e-17,4.885807811429147e-19,740,741,-91.58649994618538
262,-0.3696138721097171,2.052202188710707e-19,mid,3.7393415195098106e-17,4.856255931839486e-19,741,742,-92.01052874791218
263,-0.27394033577677845,2.394393871849334e-19,mid,4.1500640290409896e-17,4.830812214336154e-19,742,743,-92.32572769040482
264,-0.20260634606608363,2.6770632550696686e-19,mid,4.587216271356178e-17,4.80976254855692e-19,743,744,-92.55840941946573
265,-0.15126045519669162,2.888725703466207e-19,mid,5.015220722190646e-17,4.792611402063985e-19,744,745,-92.73094038253699
266,-0.11547448832173046,3.0201990074622293e-19,mid,5.406636293292021e-17,4.778460469500697e-19,745,746,-92.86093032985912
267,-0.09169478675850229,3.0640114683758403e-19,mid,5.740682288984892e-17,4.766639520702211e-19,746,747,-92.96188935918045
268,-0.07745840515285352,3.014990041172282e-19,mid,6.002051882407056e-17,4.757150418465025e-19,747,748,-93.04431990337612
269,-0.07143633136135463,2.871639655524244e-19,mid,6.180029705658038e-17,4.7505444075702e-19,748,749,-93.11680616948615
270,-0.07371866323553888,2.6375408168312187e-19,mid,6.267830953986858e-17,4.747363413123022e-19,749,750,-93.18719256609883
271,-0.08671085603150885,2.322071151442668e-19,mid,6.262148203712716e-17,4.747715400116263e-19,750,751,-93.26424349595723
272,-0.11769674901609051,1.9403491355248253e-19,mid,6.1629497081948e-17,4.751371731997454e-19,751,752,-93.36061427816185
273,-0.18762395416720068,1.513475030025952e-19,mid,5.973593473827515e-17,4.758166200152219e-19,752,753,-93.49963699398941
274,-0.3626322131029269,1.0734461489821112e-19,mid,5.701252671115754e-17,4.768192452999404e-19,753,754,-93.73586218649625
275,-0.7142478250094868,6.93046976523277e-20,mid,5.357506185370472e-17,4.781640207854543e-19,754,755,-94.22490142019527
276,-0.8559751468789827,5.863624471675689e-20,mid,4.958904803338553e-17,4.798567489302817e-19,755,756,-95.16435783651522
277,-0.6174594026740721,8.655194574946562e-20,mid,4.527532730372311e-17,4.818913500702037e-19,756,757,-95.93685171395323
278,-0.4278778453263996,1.2809551345468988e-19,mid,4.091905958837603e-17,4.842699759876159e-19,757,758,-96.39927664186337
279,-0.4059538450818607,1.7053689540827242e-19,mid,3.688448093481277e-17,4.870122992031919e-19,758,759,-96.79260740460603
280,-0.44298504271075245,2.0977677935626942e-19,mid,3.362376867402265e-17,4.901348660664567e-19,759,760,-97.21118433202709
281,-0.48031300084132766,2.4389992424130473e-19,mid,3.1635419867803614e-17,4.936103981601336e-19,760,761,-97.67857749002754
282,-0.48067355913561727,2.717594403029412e-19,mid,3.1312447389954323e-17,4.973361848103517e-19,761,762,-98.17181033370974
283,-0.43424403353630225,2.925414226182558e-19,mid,3.273161925895654e-17,5.011354360254818e-19,762,763,-98.63992460829877
284,-0.3600948535116828,3.055598034749224e-19,mid,3.559938757246712e-17,5.047901436944591e-19,763,764,-99.04029840078235
285,-0.2841909859259957,3.101938038570965e-19,mid,3.9424442255406444e-17,5.080785596705361e-19,764,765,-99.36011431532214
286,-0.2212734744768099,3.0595447394680084e-19,mid,4.37161633858472e-17,5.107877368335499e-19,765,766,-99.60868037263434
287,-0.17482462295458134,2.9262863571837915e-19,mid,4.807318872749168e-17,5.126977759392309e-19,766,767,-99.80266126427576
288,-0.14378474079873627,2.7041828409403274e-19,mid,5.2190301015572447e-17,5.135677182468433e-19,767,768,-99.9583296185435
289,-0.12752527734409114,2.4000506973597756e-19,mid,5.583857049108527e-17,5.131588596702308e-19,768,769,-100.09023074587323
290,-0.12948029916216797,2.0252550652401968e-19,mid,5.884426162167005e-17,5.112982821954811e-19,769,770,-100.21338017323168
291,-0.16503446808482636,1.5955371459270492e-19,mid,6.107400913052145e-17,5.079452073342507e-19,770,771,-100.34919134419756
292,-0.29614506415445874,1.1345956801123922e-19,mid,6.242838023397794e-17,5.032191254815172e-19,771,772,-100.54344910940134
293,-0.6753059899030376,6.990468004998856e-20,mid,6.284340421527866e-17,4.973834403447777e-19,772,773,-100.94148147250648
294,-0.8759828266360756,5.1406179075487746e-20,mid,6.229642257324848e-17,4.908075585481214e-19,773,774,-101.89406108920741
295,-0.5639386862217677,8.131764665121878e-20,mid,6.081056017298059e-17,4.839242440555582e-19,774,775,-102.69344712577863
296,-0.2588221621603566,1.2808648586587223e-19,mid,5.845394546430977e-17,4.771819695489352e-19,775,776,-103.02193846165095
297,-0.17191870249132535,1.753309686828887e-19,mid,5.533482317954304e-17,4.709979106096204e-19,776,777,-103.21109145009935
298,-0.15686899626749096,2.183409072837162e-19,mid,5.159794224468637e-17,4.657322106554047e-19,777,778,-103.3657758666336
299,-0.17332046621231,2.5496115988024297e-19,mid,4.7428032145856216e-17,4.616922365579722e-19,778,779,-103.52482944263433
300,-0.21265528314091853,2.8404023049435894e-19,mid,4.306338997041095e-17,4.591426802147317e-19,779,780,-103.71241679905822
301,-0.27256435849325555,3.0495171565784455e-19,mid,3.881829465722929e-17,4.582873051900907e-19,780,781,-103.95014000891616
302,-0.3467387344524653,3.173122413606043e-19,mid,3.510445991897795e-17,4.592200841791187e-19,781,782,-104.25754551604473
303,-0.41688875315577434,3.2083778650387064e-19,mid,3.2419940891152545e-17,4.618837537788942e-19,782,783,-104.6436174778211
304,-0.4544570964396826,3.1534526207179296e-19,mid,3.1245051272484335e-17,4.66076716647074e-19,783,784,-105.09132302235628
305,-0.44089595161294426,3.008544533252638e-19,mid,3.1830234469767474e-17,4.715103300040622e-19,784,785,-105.55253167070046
306,-0.3864634022100262,2.777057108664687e-19,mid,3.404175207107726e-17,4.778762082535776e-19,785,786,-105.97311492558217
307,-0.32025258100332366,2.4661419844987485e-19,mid,3.745183132583273e-17,4.84875656983655e-19,786,787,-106.32545847512051
308,-0.2684883835992693,2.0863439683720204e-19,mid,4.1558427787829426e-17,4.921961953878551e-19,787,788,-106.61362008758881
309,-0.25284770301257,1.6510788991632138e-19,mid,4.592312482210019e-17,4.994666901400938e-19,788,789,-106.86243524231905
310,-0.32643700636542405,1.1786661831457703e-19,mid,5.0199588541517536e-17,5.062458585381222e-19,789,790,-107.11931549361395
311,-0.6991986360099602,7.095018115562079e-20,mid,5.411758241264702e-17,5.120766758283772e-19,790,791,-107.5153092550499
312,-0.994621699056033,4.378188268092542e-20,mid,5.746524617665906e-17,5.165835599430448e-19,791,792,-108.51771276563387
313,-0.6680075893953017,7.221693890449501e-20,mid,6.008060924406267e-17,5.195460190926884e-19,792,793,-109.50455265316197
314,-0.26058508827191673,1.2169198238238503e-19,mid,6.18491455617489e-17,5.208971569279432e-19,793,794,-109.85372794442448
315,-0.14363124653234394,1.7215920405676895e-19,mid,6.270185229875696e-17,5.206612321836701e-19,794,795,-110.0257228297058
316,-0.10424495294473246,2.1864545519558497e-19,mid,6.261136641574734e-17,5.188959056879084e-19,795,796,-110.14099043748917
317,-0.08978019625475753,2.586872569119735e-19,mid,6.158717223568068e-17,5.15687396058712e-19,796,797,-110.23421273559526
318,-0.08782205953529143,2.907666961186803e-19,mid,5.967224256520687e-17,5.111845841339866e-19,797,798,-110.32055082999868
319,-0.09530825172165436,3.1397666754187586e-19,mid,5.694274211737503e-17,5.05623962812718e-19,798,799,-110.40985685466585
320,-0.11242085738290086,3.2781531946458825e-19,mid,5.3511445146410937e-17,4.993200469945721e-19,799,800,-110.51116733344199
321,-0.14089653878661323,3.320270729859778e-19,mid,4.953513949629842e-17,4.926325191372599e-19,800,801,-110.63469856943165
322,-0.1832718258128594,3.26536230507571e-19,mid,4.5226180016746926e-17,4.859286422814447e-19,801,802,-110.79296041101522
323,-0.24182207390752097,3.11487149607423e-19,mid,4.0867958302008804e-17,4.795479672317976e-19,802,803,-111.00124222105737
324,-0.3157862742706783,2.873348008687409e-19,mid,3.6831470577367715e-17,4.7377508459244e-19,803,804,-111.27660455883026
325,-0.3961372198995292,2.5489666545777764e-19,mid,3.357865324419835e-17,4.688334324134718e-19,804,805,-111.63281476959872
326,-0.46333930164763615,2.1531954360351748e-19,mid,3.161086133898696e-17,4.649066661490606e-19,805,806,-112.06887899862932
327,-0.5033434731523769,1.7001653531258913e-19,mid,3.131213418942318e-17,4.621699622706697e-19,806,807,-112.559493372894
328,-0.5582765824398095,1.207879322327334e-19,mid,3.274713398674198e-17,4.607968830153572e-19,807,808,-113.07556594493407
329,-0.8988679406590876,7.107416425015237e-20,mid,3.562003207011328e-17,4.609226170606863e-19,808,809,-113.67604653777362
330,-1.2250944135158548,3.8147091146653064e-20,mid,3.9446380915772525e-17,4.625833559956909e-19,809,810,-114.87330182625224
331,-0.8440433417611146,6.602075491498528e-20,mid,4.374159444616471e-17,4.656776517059579e-19,810,811,-116.12623536480532
332,-0.32687818095060095,1.1652860097333644e-19,mid,4.810382239000115e-17,4.699811988134852e-19,811,812,-116.56138850977447
333,-0.17879129315729614,1.677266350538929e-19,mid,5.22220717512283e-17,4.752030849519625e-19,812,813,-116.77999172670653
334,-0.11894914198722262,2.1522482821889116e-19,mid,5.586122196237008e-17,4.810399257351906e-19,813,814,-116.91897109608907
335,-0.08763581487147576,2.5683880817601757e-19,mid,5.884618337977044e-17,4.871941265636999e-19,814,815,-117.01789001068097
336,-0.07010112950834468,2.9103467334988267e-19,mid,6.104978651810513e-17,4.93362637808546e-19,815,816,-117.09424272583202
337,-0.06109691326736311,3.166559215128983e-19,mid,6.238411151366616e-17,4.992319279524467e-19,816,817,-117.15809226969766
338,-0.05840105542576879,3.3281906423318977e-19,mid,6.279504239285783e-17,5.045036058546219e-19,817,818,-117.21643655236674
339,-0.06104109548191872,3.388761143168799e-19,mid,6.226078790209742e-17,5.089363613655725e-19,818,819,-117.2748943805492
340,-0.06878768065108432,3.344625771293449e-19,mid,6.079478190807148e-17,5.123677179987547e-19,819,820,-117.33851874333058
341,-0.08219193670473857,3.196181225435416e-19,mid,5.845130075085381e-17,5.146991319832535e-19,820,821,-117.41246974185137
342,-0.10286081645342904,2.9489317935645037e-19,mid,5.5330318258943006e-17,5.158668613634755e-19,821,822,-117.50290261674006
343,-0.13386989099581115,2.613349202429476e-19,mid,5.1579287004415445e-17,5.158341580790572e-19,822,823,-117.61819137475823
344,-0.18065162032406334,2.20330610385437e-19,mid,4.7393785286841104e-17,5.146144321794344e-19,823,824,-117.77064239873168
345,-0.2543114743753776,1.7341696775973374e-19,mid,4.302292457401144e-17,5.123010453547426e-19,824,825,-117.97949461540635
346,-0.39265064113423165,1.2225955057535743e-19,mid,3.8784592952175253e-17,5.090731203747292e-19,825,826,-118.27926534748244
347,-0.9035880292848262,6.935738012447103e-20,mid,3.508543714735634e-17,5.051701144149734e-19,826,827,-118.76479589767482
348,-1.5356417000372033,2.816972765074581e-20,mid,3.241471257790557e-17,5.008537261300884e-19,827,828,-120.08644140605209
349,-1.2215618750596136,5.83369660991942e-20,mid,3.124843066348404e-17,4.963802715980926e-19,828,829,-121.83607929774922
350,-0.589761499786654,1.1141723848063308e-19,mid,3.184127852022946e-17,4.9199100499361965e-19,829,830,-122.52956515617132
351,-0.426052992901532,1.6385309890318223e-19,mid,3.406567467642234e-17,4.879109482047628e-19,830,831,-123.01560229732253
352,-0.3180165694099131,2.1235104625585827e-19,mid,3.74924467154647e-17,4.843435509712862e-19,831,832,-123.38167114197438
353,-0.23292751840918413,2.551927967339502e-19,mid,4.1611066963631615e-17,4.814567576257942e-19,832,833,-123.65163543614236
354,-0.16882283935213138,2.910982972730601e-19,mid,4.5975862444231986e-17,4.793636218255244e-19,833,834,-123.84752617879275
355,-0.12261556044065713,3.1897341916238646e-19,mid,5.024136903518664e-17,4.781021435761591e-19,834,835,-123.98928111484662
356,-0.09019076516536728,3.377667338247823e-19,mid,5.414645414386515e-17,4.7762165852184905e-19,835,836,-124.09275729967406
357,-0.06780086492368298,3.4644325840536496e-19,mid,5.748997851379121e-17,4.777913970899213e-19,836,837,-124.16966264517735
358,-0.052669936228504355,3.441351915498518e-19,mid,6.011392167913182e-17,4.784466869929362e-19,837,838,-124.22835902952143
359,-0.04321885194678998,3.3043186210416764e-19,mid,6.189744598229896e-17,4.794615766442411e-19,838,839,-124.27500251763436
360,-0.039089687711545196,3.0564326029448383e-19,mid,6.275932420554689e-17,4.807980263867352e-19,839,840,-124.31479673341501
361,-0.041094961252802875,2.70845845534301e-19,mid,6.266268920852247e-17,4.824816489637304e-19,840,841,-124.35318189305745
362,-0.05154460258276572,2.2765910271439884e-19,mid,6.161635400812571e-17,4.845164414530456e-19,841,842,-124.39698665592061
363,-0.0767086984415215,1.7790769276686437e-19,mid,5.967109640919485e-17,4.868182490614625e-19,842,843,-124.45627109822298
364,-0.14457117156048582,1.2342458173895419e-19,mid,5.691405824454475e-17,4.892350384882097e-19,843,844,-124.55040405280366
365,-0.6829235471893469,6.634551595193464e-20,mid,5.3466199238965464e-17,4.916358720829481e-19,844,845,-124.74541344134396
366,-1.4075440601895792,1.7892345713890188e-20,mid,4.948627239858384e-17,4.93983950455258e-19,845,846,-125.91625114718235
367,-0.9954629974417202,5.830569999944554e-20,mid,4.518248354020244e-17,4.963297762417211e-19,846,847,-127.56050156172311
368,-0.33021598080753023,1.149515034864894e-19,mid,4.083134117250848e-17,4.987384091577294e-19,847,848,-127.90717714206579
369,-0.3412019307171903,1.688862022548873e-19,mid,3.6799604633839375e-17,5.012197930310804e-19,848,849,-128.22093352333818
370,-0.4005840732629906,2.1783469624036296e-19,mid,3.355179001623736e-17,5.037184938090914e-19,849,850,-128.58958100350017
371,-0.4486034605992728,2.603733676569241e-19,mid,3.159663160404171e-17,5.0616051093033785e-19,850,851,-129.02210166986416
372,-0.45315624714619673,2.9549091025225186e-19,mid,3.13206670855425e-17,5.085051125968275e-19,851,852,-129.48678792469872
373,-0.4083165422755144,3.2243249125529144e-19,mid,3.277969364191855e-17,5.107481405652258e-19,852,853,-129.92841416415655
374,-0.33520028710233873,3.405375840467144e-19,mid,3.5666378709359415e-17,5.128671248894239e-19,853,854,-130.30342100924975
375,-0.25979731090214386,3.4913848306356665e-19,mid,3.949423983176559e-17,5.147500585197238e-19,854,855,-130.59881473836123
376,-0.19615759966572455,3.4759975544880177e-19,mid,4.3785757714906497e-17,5.161672951968826e-19,855,856,-130.82301563105403
377,-0.14715672540648939,3.3549558038508214e-19,mid,4.814674625798184e-17,5.168160513921395e-19,856,857,-130.99112993769268
378,-0.1109600965711195,3.1282220782940037e-19,mid,5.226796964490585e-17,5.164135179838076e-19,857,858,-131.117329081867
379,-0.08519709829583633,2.801111764172127e-19,mid,5.590962600891537e-17,5.147823472030989e-19,858,859,-131.21305013083492
380,-0.06876820679902096,2.3838059525131117e-19,mid,5.88894670184283e-17,5.118882899522375e-19,859,860,-131.28772327845869
381,-0.06349486201625609,1.8898380370839336e-19,mid,6.107563858073824e-17,5.078329307716336e-19,860,861,-131.35058654443296
382,-0.08334595273457523,1.3348802056071515e-19,mid,6.238126389091037e-17,5.028272965597248e-19,861,862,-131.4147130024912
383,-0.41303863842585997,7.374307079435252e-20,mid,6.275942382746449e-17,4.971601245561215e-19,862,863,-131.5172784499021
384,-1.4225768887834533,1.517295687848501e-20,mid,6.219893116214566e-17,4.911613246742608e-19,863,864,-132.24079027934292
385,-1.1386996374004497,5.456797179947085e-20,mid,6.07218367830646e-17,4.851714806943945e-19,864,865,-134.36243222746901
386,-0.12347350453691774,1.158026711178138e-19,mid,5.838359561701576e-17,4.795359606901998e-19,865,866,-134.51818955414382
387,-0.09301124074480072,1.7372715462478105e-19,mid,5.5276542092428205e-17,4.746162592598882e-19,866,867,-134.60937923654285
388,-0.10697628094028744,2.2597531946095596e-19,mid,5.153652091799473e-17,4.707796395750732e-19,867,868,-134.70421203563342
389,-0.13941623717119,2.708431499816499e-19,mid,4.735176999534658e-17,4.683437829523578e-19,868,869,-134.82333179842342
390,-0.18851607879352628,3.0713734915516895e-19,mid,4.29737019729022e-17,4.675064549356805e-19,869,870,-134.9830445099758
391,-0.2540388389356565,3.340983772794202e-19,mid,3.873023183752746e-17,4.683151563219136e-19,870,871,-135.20036395601048
392,-0.3303581430086808,3.5125495298472333e-19,mid,3.503763967441353e-17,4.706972808513963e-19,871,872,-135.4911221878471
393,-0.3999620672056494,3.5830191068545964e-19,mid,3.238591939523304e-17,4.745179048341701e-19,872,873,-135.86108024202784
394,-0.4354747054607486,3.5507957400571176e-19,mid,3.124141685372478e-17,4.796146530216221e-19,873,874,-136.2910463222584
395,-0.41903401234368687,3.4164241081158426e-19,mid,3.1848059782449345e-17,4.857872487388453e-19,874,875,-136.73202965294934
396,-0.36022152073573466,3.183340146482494e-19,mid,3.407756235238984e-17,4.927615078290385e-19,875,876,-137.12911434694578
397,-0.28619194844654317,2.8579262590585353e-19,mid,3.750816982897454e-17,5.001677822256648e-19,876,877,-137.4524726944208
398,-0.21914024274327915,2.4488059609854323e-19,mid,4.1634305472821175e-17,5.0756025012768e-19,877,878,-137.70149824383887
399,-0.16893921725991845,1.965996714143646e-19,mid,4.60076569293401e-17,5.144708251412965e-19,878,879,-137.89075317990736
400,-0.14153756524952144,1.42069544275489e-19,mid,5.027543052596276e-17,5.204670292584711e-19,879,880,-138.0393766783587
401,-0.22006799350853612,8.261418878095212e-20,mid,5.417101394821974e-17,5.251863493790398e-19,880,881,-138.1738283104064
402,-1.543892782193069,2.0331192973401996e-20,mid,5.74951352972718e-17,5.283463074667686e-19,881,882,-138.47951266537578
403,-1.457480074080138,4.5363158104250094e-20,mid,6.009949519983317e-17,5.29752952315189e-19,882,883,-141.26161387479254
404,-0.10100981862495928,1.0879328548699458e-19,mid,6.187501467237543e-17,5.293248651347205e-19,883,884,-141.39447281353605
405,-0.061943512670538325,1.6926041485555885e-19,mid,6.274562337326595e-17,5.271199879710089e-19,884,885,-141.46363351204246
406,-0.0527415979945971,2.2442229259228494e-19,mid,6.266836431831894e-17,5.23334397608569e-19,885,886,-141.51835983887713
407,-0.052042644545522876,2.7244330175955476e-19,mid,6.16384764825691e-17,5.1826123617559485e-19,886,887,-141.56911670803166
408,-0.05782433046884705,3.1196115505324365e-19,mid,5.969524652096992e-17,5.122340830847424e-19,887,888,-141.62244512796818
409,-0.07038884369954701,3.419711644815875e-19,mid,5.69241445768891e-17,5.055886433284275e-19,888,889,-141.68476536896935
410,-0.09071632893476078,3.6167228459750782e-19,mid,5.34544781284212e-17,4.986512581095946e-19,889,890,-141.76322281536727
411,-0.12042600468541309,3.7042591299073264e-19,mid,4.945687924755174e-17,4.917387771283167e-19,890,891,-141.86619802683887
412,-0.161899903488532,3.6786922834340997e-19,mid,4.514731680498255e-17,4.851577630940656e-19,891,892,-142.0040748247381
413,-0.21754561054517296,3.540798677669621e-19,mid,4.080218446422679e-17,4.792041448984894e-19,892,893,-142.18999783381594
414,-0.28671661756004596,3.2964712426425636e-19,mid,3.6781934001728005e-17,4.741617400894104e-19,893,894,-142.43916604582844
415,-0.359454622155468,2.9558518297973698e-19,mid,3.35442875927087e-17,4.702907352532813e-19,894,895,-142.76343106893603
416,-0.4123248539783759,2.531396065570129e-19,mid,3.159695161187726e-17,4.677966039704095e-19,895,896,-143.15807529013938
417,0.5045994720595814,2.03599814160117e-19,mid,3.133203403803361e-17,4.668013743924091e-19,896,897,-143.58808077689278
418,0.6937798923614764,2.9877925018799033e-19,mid,5.69460073830831e-17,4.790614886270116e-19,927,928,-142.14887634602022
419,-0.05063396541405041,3.267359621375352e-19,mid,5.743146385203138e-17,4.792724327766861e-19,928,929,-142.20052099216983
420,-0.051602231331443704,3.449104150518191e-19,mid,5.716711531180219e-17,4.803433257691653e-19,929,930,-142.25014427684832
421,-0.05842134679166122,3.528396813921614e-19,mid,5.617076080518126e-17,4.822746914925698e-19,930,931,-142.30372545483272
422,-0.07078223466831446,3.501441571861081e-19,mid,5.4496576354140694e-17,4.84942473963575e-19,931,932,-142.36698697043164
423,-0.08849945354215549,3.3665965013791544e-19,mid,5.222928799372713e-17,4.880941272188867e-19,932,933,-142.44528992416934
424,-0.1118575583129342,3.1265639394202815e-19,mid,4.9482124903538087e-17,4.914621829298752e-19,933,934,-142.54398587751595
425,-0.14159039883979574,2.7896453992406015e-19,mid,4.640105115551443e-17,4.948729072609348e-19,934,935,-142.6690050407952
426,-0.17814803627086917,2.3690773339620636e-19,mid,4.317389437181405e-17,4.982684430050419e-19,935,936,-142.82716667519554
427,-0.21952249229177312,1.8808851525302934e-19,mid,4.0039671232915895e-17,5.016336750134744e-19,936,937,-143.02530111333695
428,-0.2541450939795453,1.3415719640968856e-19,mid,3.728935780045866e-17,5.0490328410339405e-19,937,938,-143.2662116597791
429,-0.15227198445269607,7.670693493516733e-20,mid,3.5243379652119104e-17,5.079365574359667e-19,938,939,-143.53359130129604
430,1.0915145846867205,1.8051887417364546e-20,mid,3.419042533507623e-17,5.1057876868734965e-19,939,940,-143.57075562868448
431,0.983048532486194,4.444711993750672e-20,mid,3.429615610112695e-17,5.12746151925907e-19,940,941,-141.3505621319226
432,-0.2683474920832083,1.0380666683395698e-19,mid,3.55367290677953e-17,5.144525149714703e-19,941,942,-141.6046585637121
433,-0.2648358485050437,1.608531794617758e-19,mid,3.771436122854437e-17,5.157522769911334e-19,942,943,-141.88725711608902
434,-0.22532745666359233,2.1356969937703746e-19,mid,4.0537950893191594e-17,5.166499708348339e-19,943,944,-142.13433026072218
435,-0.18348222400496184,2.601669689210771e-19,mid,4.3701820401463794e-17,5.170519434457806e-19,944,945,-142.3379120294162
436,-0.14652180974690054,2.9910887432091793e-19,mid,4.692758131023799e-17,5.167961375762964e-19,945,946,-142.5012947087321
437,-0.11625487947829072,3.2918266124187887e-19,mid,4.997772281705601e-17,5.157329346670073e-19,946,947,-142.63095564891
438,-0.09265266377795456,3.494738783211132e-19,mid,5.2658519081424487e-17,5.137987961694339e-19,947,948,-142.73380446768869
439,-0.07509524837414006,3.592906256335718e-19,mid,5.482051122958637e-17,5.110422029541501e-19,948,949,-142.8162609764659
440,-0.06279251994095603,3.581312689378884e-19,mid,5.635730918693075e-17,5.076004025377376e-19,949,950,-142.88399496443697
441,-0.054888954129069134,3.4575509635904963e-19,mid,5.720213187715895e-17,5.036514158890009e-19,950,951,-142.94184601634782
442,-0.05050347582482573,3.2232815270390603e-19,mid,5.732297420454522e-17,4.993714343957934e-19,951,952,-142.9937728726951
443,-0.048770760078554076,2.8854820408527202e-19,mid,5.671820557262109e-17,4.9492123102190885e-19,952,953,-143.04285296799748
444,-0.048626446445169336,2.456577601451876e-19,mid,5.5414169564624725e-17,4.904675102668717e-19,953,954,-143.0913143928522
445,-0.04713573805807414,1.95327479950478e-19,mid,5.346583993363125e-17,4.862185832512896e-19,954,955,-143.14010586088781
446,-0.028726482697450706,1.3948713650020825e-19,mid,5.096095045425884e-17,4.824371144904512e-19,955,956,-143.18558586896836
447,0.21381957824544884,8.032841222741017e-20,mid,4.802671745934268e-17,4.794071482832458e-19,956,957,-143.19755882628272
448,1.1441428531146158,2.3498160981102193e-20,mid,4.483668188951579e-17,4.773719851352187e-19,957,958,-142.75794671247746
449,0.9129885604580465,4.818114236808772e-20,mid,4.161453682647586e-17,4.764871644444448e-19,958,959,-140.90927312005348
450,-0.1190051041872664,1.0712682480945688e-19,mid,3.8631819457356257e-17,4.768198050723219e-19,959,960,-140.93196959156137
451,-0.25339445851419384,1.6405825724536114e-19,mid,3.6194132911042795e-17,4.783841843277143e-19,960,961,-141.14728332842802
452,-0.31112893996977675,2.1640421561148684e-19,mid,3.4605024520964036e-17,4.811729369648027e-19,961,962,-141.43875850858976
453,-0.33331374793121427,2.6253870425123097e-19,mid,3.409843022634464e-17,4.85149723223031e-19,962,963,-141.76954120836757
454,-0.3232626444591773,3.0117196790982827e-19,mid,3.4758560457362636e-17,4.902059272220353e-19,963,964,-142.10538600445219
455,-0.2891031855312747,3.312735506253968e-19,mid,3.648252124380704e-17,4.961201209978881e-19,964,965,-142.41606649728593
456,-0.2436993308057822,3.519987788335255e-19,mid,3.9020502384928847e-17,5.025626611265114e-19,965,966,-142.68359237551473
457,-0.19811143046929658,3.626311336374911e-19,mid,4.2059213705015564e-17,5.091515752180369e-19,966,967,-142.9034651588975
458,-0.15824404697097805,3.625964898458425e-19,mid,4.529209874968078e-17,5.155197036616558e-19,967,968,-143.07981523645333
459,-0.12560176084176078,3.515664182159853e-19,mid,4.845522186716566e-17,5.213427255658951e-19,968,969,-143.21995325283945
460,-0.09931064312748106,3.2960649723440463e-19,mid,5.1337396040328956e-17,5.263186357438686e-19,969,970,-143.33101875813685
461,-0.07755341587973419,2.972858004769879e-19,mid,5.3777369988209304e-17,5.301420578499854e-19,970,971,-143.4185745390944
462,-0.05786142249654347,2.556739762298756e-19,mid,5.56557901264794e-17,5.325229214590468e-19,971,972,-143.48612558989632
463,-0.035364434888322194,2.0622037810127193e-19,mid,5.688637846028025e-17,5.332487390593431e-19,972,973,-143.5342973840875
464,0.008113394415332209,1.5061901497314186e-19,mid,5.741015432207388e-17,5.322404486844643e-19,973,974,-143.55685445967296
465,0.2366940515908169,9.096036912635775e-20,mid,5.719552787661918e-17,5.295606507326942e-19,974,975,-143.51807059525683
466,1.1220974627898102,3.318009441391914e-20,mid,5.62438171351394e-17,5.253844924919899e-19,975,976,-143.08346635649133
467,1.0089101368909468,4.6616718736020174e-20,mid,5.459586997497369e-17,5.199717566512318e-19,976,977,-141.2738756696772
468,0.09045734551752105,1.0715254847202473e-19,mid,5.233469770699934e-17,5.136555181928231e-19,977,978,-141.06564608270943
469,-0.06077975711701811,1.6698926407221576e-19,mid,4.958276337533773e-17,5.068288665494987e-19,978,979,-141.09296097864217
470,-0.11732323487468932,2.219004520943381e-19,mid,4.649775845724964e-17,4.999131111777311e-19,979,980,-141.18720559694347
471,-0.16321353936304206,2.6980422071644314e-19,mid,4.327252057861683e-17,4.93318211558953e-19,980,981,-141.32760744839155
472,-0.21057410730281845,3.0934665975778274e-19,mid,4.014087990354813e-17,4.874163821203166e-19,981,982,-141.51363267566956
473,-0.25956848100427976,3.3967738612064843e-19,mid,3.738266809719213e-17,4.8253083997481345e-19,982,983,-141.74875566299718
474,-0.30294744462588596,3.6023766883429346e-19,mid,3.531063115226623e-17,4.789225906465247e-19,983,984,-142.03276963767811
475,-0.3285336089146256,3.705836655528857e-19,mid,3.4217636065501265e-17,4.767658315588224e-19,984,985,-142.35465055224896
476,-0.32639397059790554,3.7033409786008586e-19,mid,3.4284332270644086e-17,4.761264473754034e-19,985,986,-142.68983685550737
477,-0.2966237398816389,3.592632571413135e-19,mid,3.5500103773175295e-17,4.769659741725866e-19,986,987,-143.00743849344477
478,-0.24911839909644584,3.3747348017006077e-19,mid,3.7667317727729124e-17,4.791730821085438e-19,987,988,-143.28308433527064
479,-0.19574260954877332,3.0553452712470927e-19,mid,4.048508829546268e-17,4.825968249225055e-19,988,989,-143.50567529163766
480,-0.1434401434461705,2.644961420915242e-19,mid,4.364039222028348e-17,4.870506036243301e-19,989,990,-143.6745695543682
481,-0.09125973129256693,2.157629107374736e-19,mid,4.6857498121768166e-17,4.922833255722754e-19,990,991,-143.79255557853
482,-0.022187034723387455,1.6094962694486435e-19,mid,4.99083666069828e-17,4.979536329958889e-19,991,992,-143.85708901695332
483,0.1866396683075635,1.0207288493863457e-19,mid,5.2606171989302924e-17,5.036555699228847e-19,992,993,-143.83692964797677
484,0.9858914093263422,4.474346322399754e-20,mid,5.479892830527424e-17,5.090070104536901e-19,993,994,-143.4838096803382
485,1.0030360591115937,4.375131756840296e-20,mid,5.636938996810348e-17,5.137484803051789e-19,994,995,-141.8651468293241
486,0.21905704347213373,1.0254441340889815e-19,mid,5.723893108060733e-17,5.1777160517604345e-19,995,996,-141.477737562115
487,0.0170482324731438,1.6430492215938748e-19,mid,5.736995119171171e-17,5.21048030958627e-19,996,997,-141.42703274237982
488,-0.030952128144036806,2.220978918994003e-19,mid,5.67636757814856e-17,5.235243249055332e-19,997,998,-141.44364109716872
489,-0.05536334172583679,2.7307792064851945e-19,mid,5.545477291568348e-17,5.250861303522741e-19,998,999,-141.4889369986679
490,-0.07534421381802758,3.1536524004634655e-19,mid,5.350678880109249e-17,5.256259101784585e-19,999,1000,-141.5543677806204
491,-0.09699968853854557,3.4777839950070455e-19,mid,5.101159017038769e-17,5.25143045585483e-19,1000,1001,-141.63962542630395
492,-0.12366171919585156,3.6965640823699627e-19,mid,4.8093581122201333e-17,5.237754576005405e-19,1001,1002,-141.7483671576975
493,-0.15748904821361975,3.806511383185925e-19,mid,4.4917513107271253e-17,5.217335099064171e-19,1002,1003,-141.88694886469565
494,-0.19905177498992543,3.8058224127471264e-19,mid,4.169722374158349e-17,5.19197539847591e-19,1003,1004,-142.06334525412473
495,-0.24587483394873288,3.6942463625011567e-19,mid,3.869997853754339e-17,5.162624766983645e-19,1004,1005,-142.2850524146755
496,-0.29060690387926513,3.4741019250009336e-19,mid,3.623606464961162e-17,5.129614584560815e-19,1005,1006,-142.5550949220222
497,-0.32079227782085695,3.151506679914592e-19,mid,3.461870340993814e-17,5.093353079347306e-19,1006,1007,-142.86626622243404
498,-0.3227854860723909,2.73684079999157e-19,mid,3.408769718579161e-17,5.054899435346298e-19,1007,1008,-143.1966794776639
499,-0.28735581140611544,2.244188734557129e-19,mid,3.472517682839237e-17,5.016048245248243e-19,1008,1009,-143.51183719457882
500,-0.20340393353988873,1.690703181433623e-19,mid,3.6424201083143085e-17,4.978931858802333e-19,1009,1010,-143.77139110047614
501,0.021164739479957007,1.0992493081223836e-19,mid,3.893685577407627e-17,4.945422538345955e-19,1010,1011,-143.9186450616586
502,0.7581986179335019,5.2945943755945345e-20,mid,4.195737499574489e-17,4.916701216182256e-19,1011,1012,-143.72906162151622
503,0.8791560410547419,4.421629579150009e-20,mid,4.518568216724401e-17,4.893252659543289e-19,1012,1013,-142.4022478257916
504,0.23776257612216511,9.925354615815564e-20,mid,4.835801707438988e-17,4.875280844820953e-19,1013,1014,-141.97074953940674
505,0.0141685219261376,1.6049934173964828e-19,mid,5.125686562131177e-17,4.863240257726974e-19,1014,1015,-141.92672267354726
506,-0.021908002810874905,2.1882007371322807e-19,mid,5.3711958422331185e-17,4.858052486249273e-19,1015,1016,-141.94241249555446
507,-0.029497097157999974,2.7117059494791355e-19,mid,5.559758898588673e-17,4.860769807145227e-19,1016,1017,-141.970538679169
508,-0.031659286776985596,3.1547691673818455e-19,mid,5.682814593077241e-17,4.871885472320894e-19,1017,1018,-142.00140668987046
509,-0.03400221293352956,3.5021218635466366e-19,mid,5.735291597721529e-17,4.890838591276175e-19,1018,1019,-142.03385725272298
510,-0.03847254145557599,3.743176254994767e-19,mid,5.715128796763799e-17,4.916166458559357e-19,1019,1020,-142.06941111573752
511,-0.04609173743811823,3.8712293318211925e-19,mid,5.622998325373525e-17,4.94622082638213e-19,1020,1021,-142.11080233563413
512,-0.05762108821129175,3.882721739492676e-19,mid,5.462404748728799e-17,4.979834279385363e-19,1021,1022,-142.16159459061376
513,-0.07370507787305769,3.7771908871619945e-19,mid,5.2401910777737553e-17,5.016329813219179e-19,1022,1023,-142.22604451205672
514,-0.09485316115811315,3.558016438295498e-19,mid,4.967224919812757e-17,5.05487530877988e-19,1023,1024,-142.30900474635988
515,-0.12117179330594752,3.2331836339387934e-19,mid,4.658903896447532e-17,5.093831903953516e-19,1024,1025,-142.41575083437294
516,-0.15135784806314234,2.815122885739683e-19,mid,4.3352794170966674e-17,5.130777683217927e-19,1025,1026,-142.55134833297177
517,-0.17958656605775047,2.3195822063784707e-19,mid,4.02086762068797e-17,5.16326215480458e-19,1026,1027,-142.71846653049923
518,-0.18462734182756435,1.7648965496699755e-19,mid,3.7441121643237855e-17,5.189683245595278e-19,1027,1028,-142.91052146508727
519,-0.06802403601886908,1.175384596042801e-19,mid,3.5356670782978984e-17,5.209602171016512e-19,1028,1029,-143.08772121415436
520,0.4951055729628848,6.123116373683347e-20,mid,3.4238085333607806e-17,5.223338315925666e-19,1029,1030,-143.046569537125
521,0.6311459983134426,4.6421098110540267e-20,mid,3.4264825364394446e-17,5.2312831001417235e-19,1030,1031,-142.0975100682286
522,0.09300494447637675,9.660403373429347e-20,mid,3.543891701221615e-17,5.233513675876934e-19,1031,1032,-141.78427754049812
523,-0.15281970803692957,1.5672210670928232e-19,mid,3.7579087672181375e-17,5.229917138911562e-19,1032,1033,-141.91150017927583
524,-0.17050055401121256,2.1479199907748963e-19,mid,4.0390732987865245e-17,5.220554654658243e-19,1033,1034,-142.08991695657198
525,-0.1484146530865047,2.675314019890988e-19,mid,4.355368351600508e-17,5.205847956089129e-19,1034,1035,-142.25250128729826
526,-0.12060802624293387,3.1298326756393045e-19,mid,4.677944682141119e-17,5.1864350188289025e-19,1035,1036,-142.386746262745
527,-0.09564650401277675,3.496988957705117e-19,mid,4.9832568880138495e-17,5.162895002160697e-19,1036,1037,-142.49371733978413
528,-0.075473596896515,3.764987544121231e-19,mid,5.253001350812509e-17,5.135625414358545e-19,1037,1038,-142.57803927077055
529,-0.059837754183590164,3.923459327881033e-19,mid,5.473138067853104e-17,5.104952079541295e-19,1038,1039,-142.64466453357716
530,-0.04776495022596805,3.9634777216322293e-19,mid,5.632866961021265e-17,5.071357863187897e-19,1039,1040,-142.69771477913773
531,-0.03824836699928369,3.8792564192237025e-19,mid,5.724138974117819e-17,5.035714442349115e-19,1040,1041,-142.7401944340291
532,-0.030578809056621026,3.670852235598548e-19,mid,5.741894357953327e-17,4.999457868700527e-19,1041,1042,-142.7742115131363
533,-0.024209689094320197,3.346101117624787e-19,mid,5.684720305661773e-17,4.964599323911892e-19,1042,1043,-142.80135205214233
534,-0.017858777671520443,2.9202153407294313e-19,mid,5.55533230362895e-17,4.933435473458474e-19,1043,1044,-142.82263089132493
535,-0.006870753886900616,2.41327106086489e-19,mid,5.3604834325803636e-17,4.908031867682932e-19,1044,1045,-142.83706960748538
536,0.026502420352187528,1.8481659644191276e-19,mid,5.1104412607816955e-17,4.8898371570293e-19,1045,1046,-142.83637239909874
537,0.1653115726584531,1.254661567007921e-19,mid,4.8185723495500184e-17,4.879735294709535e-19,1046,1047,-142.784064766781
538,0.6146150800305463,7.06080622799738e-20,mid,4.5015194222678027e-17,4.878424438651214e-19,1047,1048,-142.50574925378183
539,0.7053223114223499,5.548602488549828e-20,mid,4.180015676379542e-17,4.886675950399896e-19,1048,1049,-141.5548346067199
540,0.20256406913644298,1.0129763995416929e-19,mid,3.879777035245274e-17,4.905147707860088e-19,1049,1050,-141.09510463093713
541,-0.1382529799590344,1.603044493672406e-19,mid,3.6312069128167834e-17,4.933885119044427e-19,1050,1051,-141.14970646844702
542,-0.2578016764110913,2.179961952820277e-19,mid,3.4659940695504576e-17,4.971982471328938e-19,1051,1052,-141.3716105908552
543,-0.30332377137030164,2.7039648306838666e-19,mid,3.4093480141197966e-17,5.017760237397969e-19,1052,1053,-141.6653098212692
544,-0.3036366471847458,3.154552618594689e-19,mid,3.470545112576169e-17,5.0693395137361245e-19,1053,1054,-141.9782581335958
545,-0.27439879434849956,3.51865077563649e-19,mid,3.6388760587550806e-17,5.12509181287012e-19,1054,1055,-142.2725831156387
546,-0.23162737062388317,3.786850675798441e-19,mid,3.8888051353015116e-17,5.183492647551477e-19,1055,1056,-142.5270557222928
547,-0.1875331734478891,3.9510553292787683e-19,mid,4.189373027042437e-17,5.242422494996481e-19,1056,1057,-142.73583785688646
548,-0.14811949927916146,4.003498709340532e-19,mid,4.511029297421182e-17,5.298530418171423e-19,1057,1058,-142.90212206918858
549,-0.11466232516683306,3.9376720959350335e-19,mid,4.828199231214227e-17,5.347369383593018e-19,1058,1059,-143.03207685544479
550,-0.08607100950348467,3.7507614010938055e-19,mid,5.1194783946261334e-17,5.384446492241125e-19,1059,1060,-143.13144671952224
551,-0.06029471200871228,3.446160866045278e-19,mid,5.3673839863281836e-17,5.406534943242061e-19,1060,1061,-143.20421887445175
552,-0.034337186218124316,3.034532247277645e-19,mid,5.558384568364491e-17,5.412313632550058e-19,1061,1062,-143.25203614353967
553,-0.002128429347934002,2.533072339652267e-19,mid,5.683054156740266e-17,5.401978251303019e-19,1062,1063,-143.272893246888
554,0.054405524216150525,1.9646682628845725e-19,mid,5.736008320635342e-17,5.376380665342337e-19,1063,1064,-143.25629300223554
555,0.20888977675670617,1.3621208175523769e-19,mid,5.715535772068254e-17,5.336576089461027e-19,1064,1065,-143.1640821984557
556,0.6350867430757461,8.028532866637701e-20,mid,5.623119584693528e-17,5.284095121324901e-19,1065,1066,-142.83851344872213
557,0.7884130438329322,6.124428641162737e-20,mid,5.4631071713731363e-17,5.22148196347053e-19,1066,1067,-141.8939087123042
558,0.3889947978702395,1.0414176353897838e-19,mid,5.242692076079215e-17,5.152464499109105e-19,1067,1068,-141.26168736105626
559,0.06693671740147522,1.6400255514829424e-19,mid,4.972262357473036e-17,5.081569652103497e-19,1068,1069,-141.11591911656373
560,-0.05149952606016939,2.233738387563804e-19,mid,4.666076829978252e-17,5.013447366645901e-19,1069,1070,-141.1278139262533
561,-0.12191824735032242,2.7734427612306583e-19,mid,4.3430869136261997e-17,4.9522424295566e-19,1070,1071,-141.21891816868407
562,-0.18177613672519044,3.2342464006877846e-19,mid,4.02750715670719e-17,4.901220999926462e-19,1071,1072,-141.37165042095396
563,-0.2377228573502066,3.600963818339176e-19,mid,3.7484510330462236e-17,4.862731464838167e-19,1072,1073,-141.58247044213445
564,-0.2848269911167449,3.864362116944427e-19,mid,3.537566465432592e-17,4.838442508987782e-19,1073,1074,-141.84709613565437
565,-0.3126447507743251,4.0187964618876577e-19,mid,3.423525081717032e-17,4.829631482127195e-19,1074,1075,-142.15212442436794
566,-0.3126028938552139,4.0606391119400584e-19,mid,3.423854803875788e-17,4.83721540016172e-19,1075,1076,-142.47238563720302
567,-0.28498431899828347,3.987989494016502e-19,mid,3.538330642312206e-17,4.861372800010309e-19,1076,1077,-142.77733021207837
568,-0.23883010813473504,3.8015214934968957e-19,mid,3.749205547934561e-17,4.900956505317987e-19,1077,1078,-143.04235427519959
569,-0.18509622341363752,3.505612408725451e-19,mid,4.0280265572749446e-17,4.953163940052235e-19,1078,1079,-143.25499042834784
570,-0.13021467184893254,3.1089307006799905e-19,mid,4.3435752615836844e-17,5.01384024710326e-19,1079,1080,-143.41254672202686
571,-0.07293151123052155,2.6244728742811833e-19,mid,4.666995223632272e-17,5.078363598949224e-19,1080,1081,-143.5154197720457
572,0.0015060642366933052,2.0702747362500375e-19,mid,4.9739491886252227e-17,5.142614922947479e-19,1081,1082,-143.5584097444879
573,0.15321901576619723,1.4746205689265778e-19,mid,5.2450880657437655e-17,5.203430860478092e-19,1082,1083,-143.51240764357232
574,0.5478090967863523,9.053929117854577e-20,mid,5.4657969384944565e-17,5.258325948653869e-19,1083,1084,-143.2519717129555
575,0.7810715011225255,6.386751783852805e-20,mid,5.625643124721313e-17,5.304897102491438e-19,1084,1085,-142.4167894499996
576,0.4736855745065185,1.0070219836380388e-19,mid,5.717702143300372e-17,5.340641521389958e-19,1085,1086,-141.68982871071046
577,0.13955831886285353,1.6065103661759628e-19,mid,5.737953797524779e-17,5.363542730816824e-19,1086,1087,-141.46941830098658
578,0.02827474437543742,2.2176356217089894e-19,mid,5.685022779310267e-17,5.372973863343736e-19,1087,1088,-141.41071207298475
579,-0.019163139263412177,2.780152013332524e-19,mid,5.560445361895586e-17,5.370037287798747e-19,1088,1089,-141.4128688122357
580,-0.04982967702329688,3.2654147209426885e-19,mid,5.369322149430142e-17,5.356919514461356e-19,1089,1090,-141.44903835151158
581,-0.07756849472271199,3.6558972365731487e-19,mid,5.120922809370336e-17,5.335756528234715e-19,1090,1091,-141.5125281662823
582,-0.10788586779240461,3.9401091904715347e-19,mid,4.828867541158691e-17,5.307921337170669e-19,1091,1092,-141.604175340957
583,-0.14327950420585012,4.11014680502786e-19,mid,4.510923434051062e-17,5.274171972088508e-19,1092,1093,-141.7282999018671
584,-0.18432542237060545,4.1607588053890107e-19,mid,4.188817972559991e-17,5.235314721624663e-19,1093,1094,-141.8907343493687
585,-0.22908918660350253,4.089905408311622e-19,mid,3.8883070162599756e-17,5.192731522805936e-19,1094,1095,-142.09695074660831
586,-0.2714665437558921,3.900001696980428e-19,mid,3.638860866710409e-17,5.148420005770057e-19,1095,1096,-142.3489127225757
587,-0.3001496809576025,3.598590268788832e-19,mid,3.471139487374843e-17,5.104640583043216e-19,1096,1097,-142.6398838341201
588,-0.3013411666049848,3.1977642648963904e-19,mid,3.410401444762983e-17,5.063465278782866e-19,1097,1098,-142.9492120844909
589,-0.2646299020498759,2.7128806996811923e-19,mid,3.4673548799965236e-17,5.026472783849572e-19,1098,1099,-143.24256616733007
590,-0.18158880269830036,2.1623697199378707e-19,mid,3.6329456563725e-17,4.994703128375223e-19,1099,1100,-143.47847188859066
591,-0.015413143160174059,1.5725675525722308e-19,mid,3.8820811479424556e-17,4.968851227572178e-19,1100,1101,-143.60574377272667
592,0.36251913037438044,1.0038785202125521e-19,mid,4.182896244113566e-17,4.94954481695418e-19,1101,1102,-143.509298174911
593,0.6642573410022692,6.879028118720794e-20,mid,4.5046650620381785e-17,4.937479467923534e-19,1102,1103,-142.8807055119779
594,0.462866842003379,9.829133007205406e-20,mid,4.821472556905307e-17,4.933272537060925e-19,1103,1104,-142.18078349290647
595,0.14366927729886925,1.56658407964075e-19,mid,5.112638604399116e-17,4.937142334176245e-19,1104,1105,-141.95497182797115
596,0.037270537458368835,2.182704336389914e-19,mid,5.36175196057286e-17,4.948723286028788e-19,1105,1106,-141.89344493830873
597,0.004552073343845109,2.7580391914020653e-19,mid,5.555692790234217e-17,4.967256825540235e-19,1106,1107,-141.8804307530544
598,-0.007965894439522003,3.2604352054000302e-19,mid,5.684336095276472e-17,4.992046147683213e-19,1107,1108,-141.88434079162104
599,-0.015574448357909887,3.6713197853313945e-19,mid,5.740934470225579e-17,5.022732686837225e-19,1108,1109,-141.89636254193346
600,-0.02367602764287824,3.978302046047334e-19,mid,5.722669899071287e-17,5.059009698966836e-19,1109,1110,-141.91548968833686
601,-0.034256809455456505,4.1715954679176455e-19,mid,5.630819307203112e-17,5.099890300178194e-19,1110,1111,-141.9437145972192
602,-0.047885024588921965,4.2430260003325454e-19,mid,5.4703887893272703e-17,5.143173452192233e-19,1111,1112,-141.98400330724778
603,-0.06468059808152304,4.187457996698201e-19,mid,5.249550364830602e-17,5.185730958651329e-19,1112,1113,-142.03948464639706
604,-0.0848178935425068,4.005238619469471e-19,mid,4.979370671268203e-17,5.224564351757728e-19,1113,1114,-142.11336450341082
605,-0.10847350446714188,3.7037452394319626e-19,mid,4.674113421289895e-17,5.257837326809659e-19,1114,1115,-142.20912043348207
606,-0.1348345166372411,3.297004711250945e-19,mid,4.3520574345932606e-17,5.28503997789436e-19,1115,1116,-142.3303115123451
607,-0.15918003636558353,2.8039303017982713e-19,mid,4.036448196319584e-17,5.306215396586653e-19,1116,1117,-142.47878946675655
608,-0.16516843433834083,2.2471911784831636e-19,mid,3.75577966970685e-17,5.321045208470123e-19,1117,1118,-142.64867158507627
609,-0.10159461141076065,1.6568726428621461e-19,mid,3.541960769847827e-17,5.328679478031168e-19,1118,1119,-142.80912633543323
610,0.1547622159701234,1.0937748493133562e-19,mid,3.424682743601548e-17,5.328428148144057e-19,1119,1120,-142.8518608078978
611,0.4114908693481141,7.604036532696594e-20,mid,3.422374151881208e-17,5.320583460799955e-19,1120,1121,-142.499601903493
612,0.26563591762240435,9.884504735681634e-20,mid,3.53483246041651e-17,5.306532012139121e-19,1121,1122,-142.02887906920157
613,-0.016354074869681767,1.5392037872960983e-19,mid,3.7437795215594386e-17,5.288004528194326e-19,1122,1123,-141.96833006824818
614,-0.10525439283195226,2.1466876483778838e-19,mid,4.020601993334003e-17,5.26610921600023e-19,1123,1124,-142.06158721894093
615,-0.11133269985276684,2.726904889504243e-19,mid,4.3345995335465514e-17,5.240968157902496e-19,1124,1125,-142.17883885391208
616,-0.09530765442785594,3.243128471396913e-19,mid,4.657601027945161e-17,5.21222675524314e-19,1125,1126,-142.28425261864646
617,-0.07520619668082418,3.6730560531446824e-19,mid,4.9654899447538487e-17,5.179976954555529e-19,1126,1127,-142.3694541627678
618,-0.056715831911148484,4.001102704252855e-19,mid,5.238478829776619e-17,5.145358336124233e-19,1127,1128,-142.4346650120081
619,-0.04160555051862502,4.215395859132938e-19,mid,5.461123005682613e-17,5.1104375471612975e-19,1128,1129,-142.4828858265901
620,-0.030191119999940952,4.3066635387399435e-19,mid,5.622233599762816e-17,5.07753188665028e-19,1129,1130,-142.51787611304536
621,-0.0220493386013203,4.2687850968034185e-19,mid,5.714621013234295e-17,5.04847210505259e-19,1130,1131,-142.54326806658997
622,-0.016224932476418985,4.100476746748488e-19,mid,5.73469169414951e-17,5.0242609202096475e-19,1131,1132,-142.561974790248
623,-0.011322018490162122,3.807006684096007e-19,mid,5.682016254811731e-17,5.005293659380275e-19,1132,1133,-142.5757179315428
624,-0.005301260611076941,3.4008960952851334e-19,mid,5.559013988552554e-17,4.991926773127434e-19,1133,1134,-142.58461882722833
625,0.0059588194878017475,2.9014303745102053e-19,mid,5.370906938083207e-17,4.984924249259461e-19,1134,1135,-142.58632045276497
626,0.03415738627715825,2.3342917123359473e-19,mid,5.1260576589839775e-17,4.985391057883887e-19,1135,1136,-142.57270118825272
627,0.1175481265850351,1.7354258848790657e-19,mid,4.8366473752968654e-17,4.994211642375637e-19,1136,1137,-142.51800568021065
628,0.3410905931096977,1.1742399595343796e-19,mid,4.519436081911984e-17,5.011445801599244e-19,1137,1138,-142.33760493508265
629,0.5240321616392691,8.503837375761051e-20,mid,4.1962428582118026e-17,5.036197159450453e-19,1138,1139,-141.83582449399125
630,0.3278660705603471,1.052893393398569e-19,mid,3.8938042829322267e-17,5.06707829804468e-19,1139,1140,-141.2895406118041
631,-0.015163619372401627,1.576247461736796e-19,mid,3.6425185887913774e-17,5.10290815111512e-19,1140,1141,-141.18009235287056
632,-0.1943614226363053,2.1654414936528571e-19,mid,3.473072546577126e-17,5.14309781286443e-19,1141,1142,-141.31986785054892
633,-0.2680668895381615,2.732657492680895e-19,mid,3.40997472256976e-17,5.187410571046237e-19,1142,1143,-141.56881519814317
634,-0.2834420441877086,3.2409465978851227e-19,mid,3.463496863457364e-17,5.235243697338243e-19,1143,1144,-141.85600162962524
635,-0.26271659525176005,3.668576458504401e-19,mid,3.625291544540867e-17,5.284964613137841e-19,1144,1145,-142.1356992865186
636,-0.22388590247011564,4.0000532633292995e-19,mid,3.871655876379895e-17,5.333843048347739e-19,1145,1146,-142.38143482012876
637,-0.1806177046635895,4.223079757112811e-19,mid,4.171642893414948e-17,5.378685177617968e-19,1146,1147,-142.58347109145882
638,-0.14040456749472696,4.327760484525235e-19,mid,4.494317801261822e-17,5.416705518672882e-19,1147,1148,-142.74267022945594
639,-0.10567523557190839,4.307302206059405e-19,mid,4.8126798507433637e-17,5.445969451437532e-19,1148,1149,-142.86428022644827
640,-0.07597152902826565,4.1595484754277624e-19,mid,5.1049342490509313e-17,5.465131938631796e-19,1149,1150,-142.95402070059976
641,-0.04944441845678682,3.88836600578691e-19,mid,5.3543787552148155e-17,5.472849730083033e-19,1150,1151,-143.0162232845048
642,-0.023172132366340747,3.504002987428105e-19,mid,5.548673526546514e-17,5.467531302251278e-19,1151,1152,-143.05290953751333
643,0.008093039081074949,3.0224304050912945e-19,mid,5.678932686113132e-17,5.447744042114601e-19,1152,1153,-143.06256754923749
644,0.056739292929634644,2.4653055404868343e-19,mid,5.739045325626803e-17,5.413002366012631e-19,1153,1154,-143.03672345935118
645,0.15850849617655172,1.8648588019408793e-19,mid,5.72557208993355e-17,5.364391512357247e-19,1154,1155,-142.94908896337822
646,0.3935807812774499,1.2873795898328747e-19,mid,5.638241937419705e-17,5.304679403793426e-19,1155,1156,-142.71970646699808
647,0.6237893964448915,9.245883742686941e-20,mid,5.4806470434917455e-17,5.237913344475293e-19,1156,1157,-142.16192740082332
648,0.5003234726215311,1.0880107219089166e-19,mid,5.260595715923358e-17,5.168710814062776e-19,1157,1158,-141.4721276741083
649,0.19178435048648623,1.6132303559910988e-19,mid,4.989917292247472e-17,5.101540532086363e-19,1158,1159,-141.16128045558025
650,0.015200511072848144,2.2174069449389303e-19,mid,4.684041053063788e-17,5.040289926546577e-19,1159,1160,-141.08855897313532
651,-0.08054170156238172,2.7965288178725386e-19,mid,4.3619077244369045e-17,4.98824831964949e-19,1160,1161,-141.13087943343456
652,-0.1514692094663701,3.3098330498036963e-19,mid,4.046461476985325e-17,4.948330350162198e-19,1161,1162,-141.24964237626008
653,-0.21388388133283343,3.7365880900086153e-19,mid,3.765183045935245e-17,4.923167007330225e-19,1162,1163,-141.4338178523673
654,-0.2667864072288495,4.063990635678646e-19,mid,3.549088567011585e-17,4.914815896908742e-19,1163,1164,-141.67741013892575
655,-0.30046324142269043,4.2824898733996063e-19,mid,3.428013133215065e-17,4.924211893846237e-19,1164,1165,-141.967390666825
656,-0.30516245478119686,4.384268195110418e-19,mid,3.421720893477788e-17,4.950764689300197e-19,1165,1166,-142.27833662177113
657,-0.28000008740151827,4.363853642398632e-19,mid,3.5314601777573784e-17,4.992442982232372e-19,1166,1167,-142.5777155763874
658,-0.23416361985150047,4.2198607529087254e-19,mid,3.739232766578953e-17,5.046322348807986e-19,1167,1168,-142.83833679657417
659,-0.17964503940056886,3.956556716903545e-19,mid,4.015553869659297e-17,5.109213306505186e-19,1168,1169,-143.0460428160904
660,-0.12392260489501439,3.584176169313431e-19,mid,4.328852855773511e-17,5.177911734823145e-19,1169,1170,-143.1976268753753
661,-0.06710625128236813,3.117931325398311e-19,mid,4.6509944626890085e-17,5.248927926060367e-19,1170,1171,-143.29388802588042
662,0.00037562728488182984,2.5773930785624654e-19,mid,4.95868281971958e-17,5.318073606517669e-19,1171,1172,-143.33183937794004
663,0.10866843547238147,1.990477792051172e-19,mid,5.2328936510230056e-17,5.3805706992696655e-19,1172,1173,-143.29313677131066
664,0.328592875155735,1.4136973556878866e-19,mid,5.458150047359259e-17,5.431996207537466e-19,1173,1174,-143.11450250699528
665,0.5869851072230148,1.0089661901872401e-19,mid,5.622393746063171e-17,5.469543743070238e-19,1174,1175,-142.6359510209992
666,0.54251432918619,1.0899579075901098e-19,mid,5.717318409341978e-17,5.492557572631076e-19,1175,1176,-141.94053229254925
667,0.2690174103977938,1.589388370175992e-19,mid,5.738650679306021e-17,5.501803834633233e-19,1176,1177,-141.5509223626268
668,0.09698556890167254,2.2075872182685705e-19,mid,5.686028413461234e-17,5.498150508888414e-19,1177,1178,-141.40249747175366
669,0.019610416073106762,2.813784724667011e-19,mid,5.562542802637571e-17,5.481940970064483e-19,1178,1179,-141.35695122482346
670,-0.02375335499644393,3.355155837019216e-19,mid,5.374282787298316e-17,5.453598706149041e-19,1179,1180,-141.36327663960745
671,-0.05664996295830349,3.8050231099673406e-19,mid,5.130193594337605e-17,5.414684903038066e-19,1180,1181,-141.40445793481635
672,-0.0887673896458665,4.1483727553738513e-19,mid,4.84237835170294e-17,5.368194862587325e-19,1181,1182,-141.47657656552406
673,-0.12487133555060836,4.375997667001756e-19,mid,4.5268021683460725e-17,5.317725603496599e-19,1182,1183,-141.58199271410808
674,-0.16684673689597673,4.481712784997522e-19,mid,4.2041921494420565e-17,5.266270670367056e-19,1183,1184,-141.72631923662527
675,-0.2131542583639856,4.461813052193814e-19,mid,3.900627997077217e-17,5.215660174162585e-19,1184,1185,-141.91568618790004
676,-0.25727113913721666,4.3161244347188536e-19,mid,3.646796923921433e-17,5.166975470126433e-19,1185,1186,-142.15262775335324
677,-0.2872472065956515,4.0494597151773467e-19,mid,3.474381851490733e-17,5.12142124170605e-19,1186,1187,-142.43022846617447
678,-0.28925462893982967,3.672322621101165e-19,mid,3.408695761563358e-17,5.080862936111343e-19,1187,1188,-142.72712216654455
679,-0.25404650195575584,3.200608901713976e-19,mid,3.459976496947121e-17,5.047617811451828e-19,1188,1189,-143.00873772405413
680,-0.177597733720674,2.6555443902742197e-19,mid,3.6194022799987993e-17,5.023695466454573e-19,1189,1190,-143.23521517045606
681,-0.046139989876508025,2.0672944349619662e-19,mid,3.8632392702115784e-17,5.010058471597048e-19,1190,1191,-143.36393319149548
682,0.18807249517509206,1.4921761808536474e-19,mid,4.1611749687910564e-17,5.006422612942497e-19,1191,1192,-143.32749515020907
683,0.46910917855186085,1.0761688321099429e-19,mid,4.4830262088543724e-17,5.011716226684961e-19,1192,1193,-142.9877882011453
684,0.4882376839794773,1.104106683853248e-19,mid,4.802045459357932e-17,5.024842603782126e-19,1193,1194,-142.38927679310535
685,0.2668095935275545,1.559769674443012e-19,mid,5.095991625154376e-17,5.045179606192116e-19,1194,1195,-142.01131283318634
686,0.10966587484809054,2.1624011336755068e-19,mid,5.3472666261077983e-17,5.072464970979338e-19,1195,1196,-141.85565760605024
687,0.04417813403559023,2.7718201252753794e-19,mid,5.542720141198196e-17,5.106189144770396e-19,1196,1197,-141.79198108349016
688,0.014633005651589315,3.329125949726492e-19,mid,5.673297436224998e-17,5.145000523697959e-19,1197,1198,-141.76730133797906
689,-0.0020994122972552987,3.802284265142951e-19,mid,5.733575867826805e-17,5.186642611185234e-19,1198,1199,-141.76271507218698
690,-0.014587613829036172,4.1711614893995743e-19,mid,5.721259317183969e-17,5.228563850971077e-19,1199,1200,-141.77150016257357
691,-0.026556029959095895,4.4224257174168285e-19,mid,5.636804617703862e-17,5.268811401343275e-19,1200,1201,-141.79189029984505
692,-0.04003141227305207,4.547242786554867e-19,mid,5.483415210064996e-17,5.306517207824898e-19,1201,1202,-141.82461222249177
693,-0.056343224003100545,4.540776574488803e-19,mid,5.267500354425426e-17,5.341517294496476e-19,1202,1203,-141.87195312439115
694,-0.07638451687424208,4.403060572587737e-19,mid,4.999397537990974e-17,5.373353669518836e-19,1203,1204,-141.93729867049797
695,-0.10046887961702566,4.1400720571551376e-19,mid,4.693962616320705e-17,5.400515930642233e-19,1204,1205,-142.02472215813964
696,-0.1276027161911628,3.763806479468761e-19,mid,4.37076328485417e-17,5.420649765234887e-19,1205,1206,-142.13823642973202
697,-0.15349813935041823,3.2913455381074357e-19,mid,4.05390995633543e-17,5.431631523458109e-19,1206,1207,-142.27992759052196
698,-0.16581119414685475,2.7445658432988026e-19,mid,3.7715364907145336e-17,5.43265379885575e-19,1207,1208,-142.44523270843285
699,-0.13331078530126206,2.153847882443172e-19,mid,3.5542327896446634e-17,5.424488746235187e-19,1208,1209,-142.61154997881567
700,0.00778791420911773,1.5741751080115422e-19,mid,3.430820292881938e-17,5.40881826369624e-19,1209,1210,-142.71185427903538
701,0.23683342413447406,1.1405738424219183e-19,mid,3.420713865054929e-17,5.387250583634237e-19,1210,1211,-142.59597415039744
702,0.2755577608399591,1.120398543008896e-19,mid,3.526210797297437e-17,5.360782252171209e-19,1211,1212,-142.23818743076643
703,0.09544313060698073,1.536090235908989e-19,mid,3.7309957944410835e-17,5.3299933668272665e-19,1212,1213,-142.04485862871752
704,-0.03380019288931635,2.1199316639028995e-19,mid,4.006461578109661e-17,5.295654209360659e-19,1213,1214,-142.04730116955247
705,-0.06841862433657298,2.7232250814263703e-19,mid,4.320523431137748e-17,5.259171315793652e-19,1214,1215,-142.11245901449615
706,-0.06647468482401564,3.2852351804847014e-19,mid,4.64376070295778e-17,5.222530495039565e-19,1215,1216,-142.18413841822561
707,-0.054505011580531004,3.774049389788373e-19,mid,4.951942759297594e-17,5.187821832784047e-19,1216,1217,-142.24540838414418
708,-0.04161910680275582,4.168199333295982e-19,mid,5.2261966162478904e-17,5.156698919955149e-19,1217,1218,-142.29314844138668
709,-0.030433318621419403,4.450531138112795e-19,mid,5.4521009659396744e-17,5.130110789963358e-19,1218,1219,-142.3286465977497
710,-0.021147307498097234,4.606580469301349e-19,mid,5.618610585174168e-17,5.108453444157108e-19,1219,1220,-142.35401507862952
711,-0.013299306216126183,4.625892123195431e-19,mid,5.717449039061613e-17,5.092039384482205e-19,1220,1221,-142.3709412127459
712,-0.006575154026990049,4.504923425352389e-19,mid,5.74323971382209e-17,5.081563140388604e-19,1221,1222,-142.38061369106177
713,-0.0008695686380377765,4.2492770859927505e-19,mid,5.694131557313167e-17,5.078172319010273e-19,1222,1223,-142.38409152079987
714,0.004400281122215688,3.873385204038829e-19,mid,5.572336774194752e-17,5.082975837668215e-19,1223,1224,-142.38235282833784
715,0.011796876544750035,3.3979310943980964e-19,mid,5.384138052218907e-17,5.096284689795662e-19,1224,1225,-142.37529095855544
716,0.028991290485336663,2.8478591815246817e-19,mid,5.139430086775877e-17,5.117196189645344e-19,1225,1226,-142.35875907524834
717,0.07647723914793403,2.2555021006936686e-19,mid,4.85128255631505e-17,5.143913931090946e-19,1226,1227,-142.31730837758477
718,0.19708348423884559,1.676881814936224e-19,mid,4.536015966572928e-17,5.174593587065383e-19,1227,1228,-142.20580459695248
719,0.363165064454563,1.2423650190883559e-19,mid,4.213906167535099e-17,5.208073366030383e-19,1228,1229,-141.92314140910707
720,0.33741879004539044,1.1976176452966096e-19,mid,3.910074341295695e-17,5.243955023993199e-19,1229,1230,-141.47947446804335
721,0.08975997106361433,1.5807598992759667e-19,mid,3.6544222179427287e-17,5.282045185478671e-19,1230,1231,-141.2483038290163
722,-0.12666554346751013,2.1456282503199454e-19,mid,3.47873466495148e-17,5.32169219900097e-19,1231,1232,-141.29995452591612
723,-0.23087777207787497,2.7368562728748706e-19,mid,3.409423904298801e-17,5.361608693879286e-19,1232,1233,-141.5016349159513
724,-0.26097296576296003,3.289483068854099e-19,mid,3.4579372378338964e-17,5.400301865072687e-19,1233,1234,-141.76171007007187
725,-0.24719938424132692,3.771735801819854e-19,mid,3.6156918257845624e-17,5.436652896805614e-19,1234,1235,-142.02358084747723
726,-0.21214749395635124,4.1642680506886904e-19,mid,3.8582809171362937e-17,5.470015361239037e-19,1235,1236,-142.25610883855452
727,-0.1714283812690809,4.452288852156879e-19,mid,4.1548425147124234e-17,5.4996269646833755e-19,1236,1237,-142.44787583538994
728,-0.13295050083799254,4.622612789886289e-19,mid,4.475433874491823e-17,5.523812162781736e-19,1237,1238,-142.5989656010927
729,-0.09900074567067918,4.663993110938489e-19,mid,4.794041825137108e-17,5.539773415526189e-19,1238,1239,-142.71377683706592
730,-0.06903801910245022,4.56963803360248e-19,mid,5.088910256752324e-17,5.544364224231994e-19,1239,1240,-142.79696709243404
731,-0.04145718940210941,4.340093402380843e-19,mid,5.3422280074645714e-17,5.535396862117813e-19,1240,1241,-142.85185287527082
732,-0.014043509851404679,3.9846616739905586e-19,mid,5.540063151200512e-17,5.512525324955879e-19,1241,1242,-142.87988147123826
733,0.016871985269943934,3.520831961503034e-19,mid,5.672492614915763e-17,5.477094818241622e-19,1242,1243,-142.87993989497363
734,0.059241931500324085,2.9732974998859697e-19,mid,5.733602237682297e-17,5.4312625527617735e-19,1243,1244,-142.84613750069838
735,0.13242721712376238,2.376426378835886e-19,mid,5.721218550320956e-17,5.377268130150465e-19,1244,1245,-142.76145603197298
736,0.2753990123022163,1.7884916066367346e-19,mid,5.636489680073872e-17,5.317422636191061e-19,1245,1246,-142.58128306645085
737,0.4679281225483578,1.3379324517783025e-19,mid,5.4835272445016557e-17,5.254588736465145e-19,1246,1247,-142.21065800736855
738,0.4927639211489918,1.2649545929937563e-19,mid,5.2692864980522625e-17,5.192473454900416e-19,1247,1248,-141.64542682135414
739,0.29444132401754075,1.630517610395387e-19,mid,5.003804326983892e-17,5.135307075112968e-19,1248,1249,-141.22513016507057
740,0.09164840588623235,2.1976073790283335e-19,mid,4.7008262269577536e-17,5.087064313222403e-19,1249,1250,-141.05654417331905
741,-0.0346168419378472,2.7976802215915725e-19,mid,4.378671349680302e-17,5.050743755488367e-19,1250,1251,-141.0418333532981
742,-0.12281488749617608,3.35661217338091e-19,mid,4.060926815074683e-17,5.028138126307012e-19,1251,1252,-141.12577785719475
743,-0.1947792570605742,3.838391186791807e-19,mid,3.7762707670376356e-17,5.020138220845068e-19,1252,1253,-141.28746312829045
744,-0.2528940199730556,4.2231998172989296e-19,mid,3.556368160757664e-17,5.02722978991218e-19,1253,1254,-141.5153363713159
745,-0.28975380109986304,4.498847499685459e-19,mid,3.430657891359448e-17,5.0497384822114615e-19,1254,1255,-141.79325116823657
746,-0.29738653617988575,4.656805365850765e-19,mid,3.4182704035728226e-17,5.087590571427359e-19,1255,1256,-142.09484397351562
747,-0.27548905936185974,4.691002547319052e-19,mid,3.5209645993226304e-17,5.139714482845391e-19,1256,1257,-142.38802424059634
748,-0.2326402923032873,4.598487431728051e-19,mid,3.722584485852956e-17,5.203492145726021e-19,1257,1258,-142.64582209223934
749,-0.1801170310147313,4.380742892504278e-19,mid,3.995458410696285e-17,5.2747091938278435e-19,1258,1259,-142.8533048252029
750,-0.125466255882543,4.0446076942738594e-19,mid,4.30845338152975e-17,5.348195377659447e-19,1259,1260,-143.0060561542688
751,-0.07001338200997509,3.602630061713293e-19,mid,4.632380209308312e-17,5.41890817997781e-19,1260,1261,-143.104237336968
752,-0.007832060501314686,3.0738632857685576e-19,mid,4.9423514045632335e-17,5.4828547056140425e-19,1261,1262,-143.14608291828876
753,0.07867923348054262,2.487629965841281e-19,mid,5.2183847443244554e-17,5.537274376799054e-19,1262,1263,-143.11990145797063
754,0.2265755058202501,1.8967509797588698e-19,mid,5.4452682109096477e-17,5.580035589778215e-19,1263,1264,-142.98872445132767
755,0.4347679091720664,1.418414829575085e-19,mid,5.612101875350704e-17,5.608904982715665e-19,1264,1265,-142.66675044633013
756,0.5086833365899821,1.2865272203315946e-19,mid,5.711650499531913e-17,5.621565939274681e-19,1265,1266,-142.11918863298354
757,0.3538943275768247,1.6117208215808442e-19,mid,5.739680534772444e-17,5.616617153753913e-19,1266,1267,-141.64938377315016
758,0.1693806318024258,2.1753868412065853e-19,mid,5.694589969825209e-17,5.594752926973132e-19,1267,1268,-141.4113999778299
759,0.06496766077370353,2.790455433288783e-19,mid,5.577582317321724e-17,5.558960231484576e-19,1268,1269,-141.3106225095453
760,0.006341964505139686,3.372080663086177e-19,mid,5.3933019132497416e-17,5.513365549806119e-19,1269,1270,-141.28146465628248
761,-0.035235904397296736,3.8786734275456985e-19,mid,5.150500024735918e-17,5.461599306532667e-19,1270,1271,-141.29793858053503
762,-0.07267082892498422,4.2862842423776884e-19,mid,4.862304472744596e-17,5.405964847002647e-19,1271,1272,-141.35193646507707
763,-0.11169573824165013,4.579243678500329e-19,mid,4.546061840028151e-17,5.347904214307708e-19,1272,1273,-141.443280238385
764,-0.15447691928828533,4.746720702524292e-19,mid,4.2231230494302177e-17,5.289111597780908e-19,1273,1274,-141.57532794156037
765,-0.2001709446552411,4.782375582857439e-19,mid,3.918859195681583e-17,5.232247377423403e-19,1274,1275,-141.75223407696157
766,-0.24375403493726822,4.685363732149882e-19,mid,3.662411289395273e-17,5.180729461499678e-19,1275,1276,-141.97566983087086
767,-0.2749496613717639,4.460999997615756e-19,mid,3.484496956490923e-17,5.137860269426863e-19,1276,1277,-142.2397421468361
768,-0.2805900700479924,4.1201952548886484e-19,mid,3.411324717524843e-17,5.105939098897475e-19,1277,1278,-142.52556915361438
769,-0.2511382515736358,3.6781590488876173e-19,mid,3.4555522040617495e-17,5.085884537256153e-19,1278,1279,-142.8009222869321
770,-0.1842098782656052,3.154108540226578e-19,mid,3.6103093280311744e-17,5.077489088059835e-19,1279,1280,-143.02784565676166
771,-0.07638848787225072,2.5747764037906326e-19,mid,3.8518929449322706e-17,5.080032866255998e-19,1280,1281,-143.1693420434633
772,0.09271494600150731,1.9872993115717374e-19,mid,4.1487163389312077e-17,5.092801289054233e-19,1281,1282,-143.18062263250616
773,0.3233889055361203,1.4963800082392144e-19,mid,4.4696095127578115e-17,5.115169314726917e-19,1282,1283,-142.9839121514603
774,0.445982866415747,1.3184793972364084e-19,mid,4.788002577852011e-17,5.14625252147982e-19,1283,1284,-142.53384482143392
775,0.3409429138491049,1.5944613545333405e-19,mid,5.082661640653866e-17,5.18446974631063e-19,1284,1285,-142.0919464186288
776,0.17669455512580612,2.1374358657856096e-19,mid,5.336808303980748e-17,5.227469304635042e-19,1285,1286,-141.8519589937357
777,0.08414360676007959,2.7508104510868503e-19,mid,5.537074057852192e-17,5.272620584855254e-19,1286,1287,-141.73855730837718
778,0.0402214370445364,3.341950897757326e-19,mid,5.673075906665547e-17,5.317806153719583e-19,1287,1288,-141.68367178021555
779,0.0162967498685731,3.866456179618125e-19,mid,5.737703271025842e-17,5.36191521679207e-19,1288,1289,-141.6581144342881
780,-0.0007229332383360543,4.29848923910093e-19,mid,5.727662860057905e-17,5.404557841741671e-19,1289,1290,-141.6510782804784
781,-0.016333062666788578,4.619469714431954e-19,mid,5.643721367974892e-17,5.445118731920541e-19,1290,1291,-141.65956030076478
782,-0.032721493450566186,4.814405380721522e-19,mid,5.490440085370429e-17,5.4819189283822605e-19,1291,1292,-141.68374440581198
783,-0.05076338861191232,4.872493031881196e-19,mid,5.2756596014114254e-17,5.512300640677182e-19,1292,1293,-141.7250032876659
784,-0.07104657896033473,4.78954843650224e-19,mid,5.0101838007772476e-17,5.533699941076967e-19,1293,1294,-141.7852711830358
785,-0.09419110371440809,4.569833913840932e-19,mid,4.707967549417616e-17,5.544859705948395e-19,1294,1295,-141.86709644558658
786,-0.12029368136481366,4.2258655917445404e-19,mid,4.386824987364949e-17,5.5461686190443025e-19,1295,1296,-141.97365339046462
787,-0.14703531895544586,3.776517472938295e-19,mid,4.0693701180394175e-17,5.538903958643055e-19,1296,1297,-142.1076838083162
788,-0.1657304077588151,3.2453350991702442e-19,mid,3.78347005796337e-17,5.524141665933124e-19,1297,1298,-142.2677240283755
789,-0.15475195681578668,2.6622078935971726e-19,mid,3.560808951817667e-17,5.50231828373603e-19,1298,1299,-142.43914462383384
790,-0.07363313669968363,2.0739138947792536e-19,mid,3.4317654102584167e-17,5.473726056832854e-19,1299,1300,-142.57722794200708
791,0.09894013318262296,1.576242590946082e-19,mid,3.416541108006173e-17,5.439335138939009e-19,1300,1301,-142.5864108972332
792,0.22516514296206935,1.3640949691549903e-19,mid,3.517153224019289e-17,5.401099554688435e-19,1301,1302,-142.37934767564184
793,0.16572947628043266,1.5900848976132103e-19,mid,3.7169454542077425e-17,5.361454250583857e-19,1302,1303,-142.13608061130907
794,0.039993343393803116,2.104885235279467e-19,mid,3.9878952334031244e-17,5.322460617537286e-19,1303,1304,-142.04788872308097
795,-0.022732864601721303,2.7113613791461317e-19,mid,4.299197061898404e-17,5.285329750707107e-19,1304,1305,-142.05609392452146
796,-0.03759010851908329,3.308673388256005e-19,mid,4.6223439611225014e-17,5.250679102753172e-19,1305,1306,-142.09335445228442
797,-0.03361645313978556,3.8468017458006826e-19,mid,4.932857974850699e-17,5.21924451790197e-19,1306,1307,-142.13127414155963
798,-0.02425775935331842,4.2963140931135254e-19,mid,5.2105570375016654e-17,5.192416705210524e-19,1307,1308,-142.160587358564
799,-0.014938223840047726,4.636831876463205e-19,mid,5.439519168467784e-17,5.17215023460951e-19,1308,1309,-142.17978966026627
800,-0.007693450448755357,4.852691650435657e-19,mid,5.608009175439682e-17,5.160301676231931e-19,1309,1310,-142.19046380624408
801,-0.0029100307173308693,4.932207408018585e-19,mid,5.708304848503141e-17,5.1578762210536e-19,1310,1311,-142.19517656116378
802,-2.196736369342034e-05,4.869066050916027e-19,mid,5.736385187600563e-17,5.164715486277958e-19,1311,1312,-142.19628386767874
803,0.002034277675420526,4.664393334163434e-19,mid,5.691528898637594e-17,5.179815167443621e-19,1312,1313,-142.19522049589116
804,0.004557552801074394,4.3280163359721458e-19,mid,5.575941073448131e-17,5.2019660657959235e-19,1313,1314,-142.1922153123279
805,0.009467830971615854,3.8782095880834326e-19,mid,5.394596397692659e-17,5.230180645856049e-19,1314,1315,-142.18610539028901
806,0.021111848781814047,3.3407298733183714e-19,mid,5.155484882831366e-17,5.263604597169866e-19,1315,1316,-142.17327965038467
807,0.050595666585564913,2.7498732892254307e-19,mid,4.8702732161842215e-17,5.301089197571548e-19,1316,1317,-142.1438816927254
808,0.12115970716186553,2.1571876765244186e-19,mid,4.555126975710243e-17,5.340891812951511e-19,1317,1318,-142.07208831721354
809,0.2393494016284734,1.659249932031249e-19,mid,4.231290826863498e-17,5.38084472546111e-19,1318,1319,-141.90156227840166
810,0.28628931013452075,1.437456836084908e-19,mid,3.9250484015178856e-17,5.418934948270276e-19,1319,1320,-141.5933895139566
811,0.14817641491312372,1.6328530337964642e-19,mid,3.666594364511289e-17,5.453918605187764e-19,1320,1321,-141.3289836581326
812,-0.05658396416859546,2.1167890907653332e-19,mid,3.4868904987175544e-17,5.485547908306635e-19,1321,1322,-141.29703668413035
813,-0.18608016392406057,2.701592631941619e-19,mid,3.411484246283056e-17,5.514201928292145e-19,1322,1323,-141.4421515864698
814,-0.2352588908746327,3.2858491442321583e-19,mid,3.452441736758356e-17,5.540090467056722e-19,1323,1324,-141.66919701197847
815,-0.23279157074479429,3.818602039394702e-19,mid,3.603371706903518e-17,5.56254772836444e-19,1324,1325,-141.91266936821907
816,-0.20332211306484282,4.2696117936010162e-19,mid,3.8419260107915544e-17,5.579960424940964e-19,1325,1326,-142.13478015346806
817,-0.16439477831004012,4.617715109945038e-19,mid,4.137629384271381e-17,5.590449489038651e-19,1326,1327,-142.31931359434876
818,-0.1258538961766078,4.846700545246486e-19,mid,4.459336923541894e-17,5.592806850362466e-19,1327,1328,-142.46356971008814
819,-0.09154967709821449,4.944614630215206e-19,mid,4.779477135923052e-17,5.586917116956217e-19,1328,1329,-142.57102138670197
820,-0.06186803692193621,4.904771927872684e-19,mid,5.075580605493721e-17,5.573298319785215e-19,1329,1330,-142.64666906428457
821,-0.03553963983178221,4.727115422716723e-19,mid,5.3303419500832774e-17,5.552191039209966e-19,1330,1331,-142.69475746054584
822,-0.010393205705582886,4.418805612842424e-19,mid,5.53098223871786e-17,5.523085501725168e-19,1331,1332,-142.71774834394813
823,0.016880153429539746,3.9937858396233444e-19,mid,5.668337292804665e-17,5.485228203536757e-19,1332,1333,-142.715543871957
824,0.05220208587171271,3.472561088220955e-19,mid,5.736091105209199e-17,5.438786259366608e-19,1333,1334,-142.68398803708905
825,0.10777295473141635,2.885006057040457e-19,mid,5.730554727108103e-17,5.385757593618965e-19,1334,1335,-142.61113970021358
826,0.20694644898284764,2.2811233765244884e-19,mid,5.651087659970125e-17,5.329898936611354e-19,1335,1336,-142.46844212762622
827,0.35845980871509653,1.7597724608542435e-19,mid,5.5008034050386796e-17,5.275691369460154e-19,1336,1337,-142.1972468022479
828,0.4485279131009605,1.509467129993583e-19,mid,5.2870033503336116e-17,5.227050162136518e-19,1337,1338,-141.75152251019603
829,0.3503486188980389,1.6877228226839167e-19,mid,5.021068577975329e-17,5.186614253465535e-19,1338,1339,-141.30019097604597
830,0.16033949303455586,2.170658312332471e-19,mid,4.7180631140292905e-17,5.155959280175978e-19,1339,1340,-141.05082527239995
831,0.012310238134190854,2.7580936021451324e-19,mid,4.3965842411168524e-17,5.136363307729807e-19,1340,1341,-140.97951198997686
832,-0.09097688688601124,3.341443414449202e-19,mid,4.079160228344621e-17,5.129377577698206e-19,1341,1342,-141.02620479613157
833,-0.17211604584954898,3.8691204510523433e-19,mid,3.792784894470462e-17,5.136712472884286e-19,1342,1343,-141.16146576374888
834,-0.23750045444543844,4.3129208579920944e-19,mid,3.5681738784803905e-17,5.159419581756304e-19,1343,1344,-141.37043688783066
835,-0.7303747826429117,4.654122703040814e-19,mid,3.4355876163686016e-17,5.197197414111648e-19,1344,1345,-141.63646667263976
836,-0.4143749550359672,1.980367428399402e-19,mid,5.078721660124223e-17,5.368498559287227e-19,1375,1376,-142.8311864531165
837,0.46560369737434826,1.4930899295984981e-19,mid,5.188014580155099e-17,5.317195774078917e-19,1376,1377,-142.4652165827117
838,0.48691220344490205,1.4656646200932739e-19,mid,5.2486910749890886e-17,5.265755341320509e-19,1377,1378,-141.8999790583678
839,0.29665214242342586,1.9321926695298283e-19,mid,5.257223343417815e-17,5.218533792413129e-19,1378,1379,-141.4913921758219
840,0.125224755079401,2.609777495083742e-19,mid,5.2135031100392994e-17,5.179977350423361e-19,1379,1380,-141.30667477352094
841,0.03433310126945344,3.3147927594349074e-19,mid,5.1205449667220873e-17,5.152716903855488e-19,1380,1381,-141.24094266566308
842,-0.017351650171292476,3.9648689011698753e-19,mid,4.983916199746552e-17,5.137440091796451e-19,1381,1382,-141.23800857098203
843,-0.054015966660728054,4.5180116190174835e-19,mid,4.811333886961453e-17,5.134039966852854e-19,1382,1383,-141.27564596600567
844,-0.08606883637354201,4.950612028596963e-19,mid,4.612683202136756e-17,5.142847463643402e-19,1383,1384,-141.3460405043035
845,-0.11798195262171873,5.248913062808818e-19,mid,4.4003695843890585e-17,5.16471216622473e-19,1384,1385,-141.44778363875275
846,-0.1508199867388953,5.404626265397818e-19,mid,4.189626431213189e-17,5.199919655860093e-19,1385,1386,-141.58200440954693
847,-0.18271320745979835,5.412917456367265e-19,mid,3.9982287708628484e-17,5.247050834663586e-19,1386,1387,-141.74942361223054
848,-0.20907505112975855,5.272470087247599e-19,mid,3.845047217302422e-17,5.302880226748768e-19,1387,1388,-141.94743082446652
849,-0.22358744805984543,4.986984122861995e-19,mid,3.747193983215014e-17,5.36341434848108e-19,1388,1389,-142.16757371449006
850,-0.22006177221106782,4.566918633704455e-19,mid,3.716357448938501e-17,5.425177823652439e-19,1389,1390,-142.3946057205862
851,-0.1937079358315117,4.0304882602208987e-19,mid,3.7559130639142165e-17,5.485721590336883e-19,1390,1391,-142.6076972589122
852,-0.1391006835195583,3.4043001068717947e-19,mid,3.8603911917578076e-17,5.543089743675108e-19,1391,1392,-142.78202159224924
853,-0.04211680913033433,2.726787778595582e-19,mid,4.017395042328781e-17,5.594916379839353e-19,1392,1393,-142.8858986259513
854,0.12905074604141475,2.0637161676720859e-19,mid,4.210550319454102e-17,5.638112060884653e-19,1393,1394,-142.8662552105099
855,0.34993785344175876,1.5585311896716195e-19,mid,4.422074244697709e-17,5.669518757485774e-19,1394,1395,-142.62779713386848
856,0.4129751657778229,1.4762708309428922e-19,mid,4.634553747744305e-17,5.687004994933137e-19,1395,1396,-142.1663795036264
857,0.2624375419076017,1.8910309425616877e-19,mid,4.832173249928562e-17,5.690075140942215e-19,1396,1397,-141.80184680231284
858,0.10589062295764506,2.547185058546534e-19,mid,5.0016069626705297e-17,5.679540655484579e-19,1397,1398,-141.64150441981118
859,0.02665297873396355,3.253183156936439e-19,mid,5.132574116746796e-17,5.656655312528801e-19,1398,1399,-141.59006555639755
860,-0.01041974660003575,3.919331839744628e-19,mid,5.2180074185929045e-17,5.622511661691125e-19,1399,1400,-141.58819846234326
861,-0.029786340197276218,4.497456544158273e-19,mid,5.253880370642883e-17,5.578133162723238e-19,1400,1401,-141.61090504959762
862,-0.041870404066813194,4.958032318410862e-19,mid,5.2388363831254157e-17,5.525041236390451e-19,1401,1402,-141.6477711427378
863,-0.051399021663058875,5.282599168272713e-19,mid,5.173818242573452e-17,5.465750642997782e-19,1402,1403,-141.69464585773125
864,-0.06095169698595271,5.4601842008263345e-19,mid,5.061915793080401e-17,5.403791475431012e-19,1403,1404,-141.75056918606393
865,-0.07209108323567648,5.485190635186969e-19,mid,4.9085773193687096e-17,5.343181060570071e-19,1404,1405,-141.81654925170315
866,-0.08547310831404786,5.356732047596502e-19,mid,4.7221122963590734e-17,5.287560148617009e-19,1405,1406,-141.89475135253528
867,-0.10053601960976266,5.079335848931991e-19,mid,4.514145774545234e-17,5.239444379423656e-19,1406,1407,-141.98749546833125
868,-0.11494143975355087,4.664140774561547e-19,mid,4.2995852481483614e-17,5.200082075335899e-19,1407,1408,-142.0958233917548
869,-0.1235139731110877,4.129653844056276e-19,mid,4.095839277243288e-17,5.1700479077742555e-19,1408,1409,-142.21737834783835
870,-0.11580838759078915,3.5024359647433207e-19,mid,3.9213266955218523e-17,5.150105721693395e-19,1409,1410,-142.34285133797698
871,-0.07042714652391169,2.8206279401455118e-19,mid,3.793461618248895e-17,5.14158461151748e-19,1410,1411,-142.44899512301993
872,0.05090780327503808,2.1484305204593572e-19,mid,3.726259009468996e-17,5.145882740363108e-19,1411,1412,-142.4837056310248
873,0.24011768523273247,1.621470661137533e-19,mid,3.7278081672096784e-17,5.163474828622495e-19,1412,1413,-142.34717951646985
874,0.30864959158641625,1.4937198328077824e-19,mid,3.7983177229878604e-17,5.19327173425791e-19,1413,1414,-142.00347026055934
875,0.176442781360322,1.865530744570349e-19,mid,3.929736362968225e-17,5.232914078066577e-19,1414,1415,-141.72988033329702
876,0.029104642856964347,2.4985211990379965e-19,mid,4.1073854494141235e-17,5.27979399794249e-19,1415,1416,-141.6505846978387
877,-0.03907323097548954,3.1940510906259943e-19,mid,4.3129414251633906e-17,5.331977342905683e-19,1416,1417,-141.6716710475831
878,-0.06183919671323679,3.859549686210402e-19,mid,4.527556310288156e-17,5.388278993930709e-19,1417,1418,-141.72873115978967
879,-0.06663207824880146,4.447024346478035e-19,mid,4.734200167685128e-17,5.447464674457153e-19,1418,1419,-141.79534944100956
880,-0.06525164743764833,4.9266944964037e-19,mid,4.918878705506649e-17,5.507318256576975e-19,1419,1420,-141.86199531628728
881,-0.062229740189437166,5.277907593777015e-19,mid,5.0708055386698107e-17,5.564462094496678e-19,1420,1421,-141.92585273588486
882,-0.059004271616757364,5.485539516743084e-19,mid,5.181905574880802e-17,5.615177651915976e-19,1421,1422,-141.98645479666615
883,-0.05580889612386386,5.539033227789233e-19,mid,5.246225513145925e-17,5.656591550081739e-19,1422,1423,-142.04386127911837
884,-0.05255095235645513,5.433496726681545e-19,mid,5.259785037196243e-17,5.687288102624988e-19,1423,1424,-142.09807258891388
885,-0.04901534219960979,5.171854041215186e-19,mid,5.2210257827417044e-17,5.706953208838927e-19,1424,1425,-142.14896318383128
886,-0.04443539498323901,4.766279515768682e-19,mid,5.131514065269875e-17,5.715484348201426e-19,1425,1426,-142.1961032733131
887,-0.036359100402876265,4.237753473133694e-19,mid,4.9963300341790387e-17,5.71235461798266e-19,1426,1427,-142.23783397379776
888,-0.018306760641877418,3.6148381705071647e-19,mid,4.823835132689392e-17,5.69669384954806e-19,1427,1428,-142.26882147411885
889,0.025375623313721007,2.9356942765829135e-19,mid,4.6250197772086595e-17,5.667961983011148e-19,1428,1429,-142.27444749508152
890,0.12560244011746136,2.2614541440730303e-19,mid,4.412929683602473e-17,5.62673620834434e-19,1429,1430,-142.2180702274914
891,0.28022183756033314,1.7180426501813048e-19,mid,4.202483849600704e-17,5.575144569315158e-19,1430,1431,-142.0232426148466
892,0.3254869729957619,1.545650010311631e-19,mid,4.010454606487467e-17,5.516686998898688e-19,1431,1432,-141.65762655237074
893,0.16827691061921257,1.872287109033912e-19,mid,3.854855977759381e-17,5.455474892563751e-19,1432,1433,-141.37226866885507
894,-0.02218049589363602,2.4848216999075746e-19,mid,3.7529090666714533e-17,5.395267979281652e-19,1433,1434,-141.32107273113232
895,-0.12781587363096492,3.1737180124948146e-19,mid,3.717486275467202e-17,5.338900904328177e-19,1434,1435,-141.41662966064234
896,-0.16893069892100243,3.837918524162214e-19,mid,3.753379643918515e-17,5.288480815159521e-19,1435,1436,-141.57670447839425
897,-0.1738914705183987,4.427331802046268e-19,mid,3.855674221286362e-17,5.246129916471788e-19,1436,1437,-141.75449105848435
898,-0.16006128585797796,4.913139610599928e-19,mid,4.0114199219030306e-17,5.214515185347348e-19,1437,1438,-141.92448741943105
899,-0.1382607732992227,5.276307605600166e-19,mid,4.2033935673896917e-17,5.196480873712499e-19,1438,1439,-142.0746136302003
900,-0.11463674441910143,5.502354261383614e-19,mid,4.413623071936807e-17,5.193849817702248e-19,1439,1440,-142.2010089660295
901,-0.09184261685463468,5.579552382650264e-19,mid,4.625336649272151e-17,5.206301379448744e-19,1440,1441,-142.3038871190385
902,-0.0703585581452586,5.500039755976528e-19,mid,4.8235417442419626e-17,5.231350145503514e-19,1441,1442,-142.38469419973876
903,-0.04956728918845954,5.262747068422443e-19,mid,4.995142217223398e-17,5.265604370045857e-19,1442,1443,-142.44460423532902
904,-0.028138723080772365,4.876123798389097e-19,mid,5.129259320563132e-17,5.306364718454465e-19,1443,1444,-142.48382877811568
905,-0.0034337586022701316,4.358993961865939e-19,mid,5.217802269378809e-17,5.352268971258985e-19,1444,1445,-142.50088168149057
906,0.030544143193893092,3.7399251413194916e-19,mid,5.255926824749697e-17,5.402509922766501e-19,1445,1446,-142.49069629532022
907,0.08786337678634482,3.058564425566612e-19,mid,5.242072511983721e-17,5.45545650582067e-19,1446,1447,-142.43979339510278
908,0.19630077185455264,2.376751087944062e-19,mid,5.1776037240768836e-17,5.50805488442072e-19,1447,1448,-142.31496954174753
909,0.3581254340543438,1.8155255344067744e-19,mid,5.0663451486249076e-17,5.556624307007956e-19,1448,1449,-142.04719185139368
910,0.4274011743986392,1.6044129516380845e-19,mid,4.9143148678134786e-17,5.598333598336848e-19,1449,1450,-141.59871867363884
911,0.29448102730009396,1.891719484533082e-19,mid,4.72979144306766e-17,5.632050390952606e-19,1450,1451,-141.1923895025964
912,0.0997163161979131,2.489093984196861e-19,mid,4.523649563615221e-17,5.657932713777723e-19,1451,1452,-141.00975661903865
913,-0.03348731439939456,3.178327605788612e-19,mid,4.309715170413582e-17,5.676328916518093e-19,1452,1453,-140.99295687020057
914,-0.11739260178200084,3.84799410815715e-19,mid,4.104720096873598e-17,5.687071245167207e-19,1453,1454,-141.07673124783744
915,-0.1747273818349555,4.442220480115621e-19,mid,3.927346446766703e-17,5.689699077985267e-19,1454,1455,-141.22774207376457
916,-0.21359315830214598,4.929758926344153e-19,mid,3.796016944020118e-17,5.684210701405344e-19,1455,1456,-141.42618601150735
917,-0.23494790589697345,5.292006100415124e-19,mid,3.7256567349843225e-17,5.671534407660899e-19,1456,1457,-141.65492839036887
918,-0.23852329774116754,5.51721124755186e-19,mid,3.724467132297885e-17,5.653280091671233e-19,1457,1458,-141.8960818233013
919,-0.22578613023111416,5.597492891152742e-19,mid,3.792152517083391e-17,5.630986328892306e-19,1458,1459,-142.1319749858512
920,-0.20021614642375596,5.528198313904652e-19,mid,3.9203794312302625e-17,5.60542850549738e-19,1459,1460,-142.34765408376353
921,-0.16585194379167945,5.309084174921321e-19,mid,4.0949532426353415e-17,5.576448909758708e-19,1460,1461,-142.5324072786987
922,-0.1255708182370796,4.94618954704895e-19,mid,4.298523351073461e-17,5.543412261129122e-19,1461,1462,-142.6793579713469
923,-0.07975495086965623,4.453370871428762e-19,mid,4.5129611456382426e-17,5.5060239743022675e-19,1462,1463,-142.78354891517287
924,-0.024626147052671854,3.853572670046398e-19,mid,4.721153875038935e-17,5.465028917025655e-19,1463,1464,-142.8388678730862
925,0.0515490232245952,3.181895143987433e-19,mid,4.9082412153136514e-17,5.422335598249306e-19,1464,1465,-142.83280120927822
926,0.174029692257605,2.496327757871679e-19,mid,5.062347116891257e-17,5.380441981680277e-19,1465,1466,-142.735769826637
927,0.3528681996896239,1.9105621237178226e-19,mid,5.174839699847911e-17,5.3415596567670065e-19,1466,1467,-142.484741824763
928,0.4621874242762374,1.6457691913897156e-19,mid,5.240172037493217e-17,5.30714879298064e-19,1467,1468,-142.03003342725776
929,0.3729252554535094,1.881978016943961e-19,mid,5.2554417772566546e-17,5.278282671261982e-19,1468,1469,-141.56036697621053
930,0.19994060477479536,2.4625396126169224e-19,mid,5.2199408867919586e-17,5.256472112382238e-19,1469,1470,-141.28418291635074
931,0.08084622908741323,3.1570490561406607e-19,mid,5.1350245464276355e-17,5.244025820219944e-19,1470,1471,-141.16048576666094
932,0.011115180511566791,3.8416268872709775e-19,mid,5.0044589003279924e-17,5.243361673505241e-19,1471,1472,-141.12249045817592
933,-0.03635915501986631,4.453911941306711e-19,mid,4.8350479212867334e-17,5.255702909825616e-19,1472,1473,-141.1382554056378
934,-0.07540703606930776,4.958645991599004e-19,mid,4.6370664383100923e-17,5.280286365962832e-19,1473,1474,-141.19520876821565
935,-0.11165409949418859,5.33442958787273e-19,mid,4.424102012137654e-17,5.314821477547568e-19,1474,1475,-141.28906947777642
936,-0.1465746791421907,5.567879311938716e-19,mid,4.21228029023055e-17,5.356821060879208e-19,1475,1476,-141.41851696720403
937,-0.17904071620712614,5.651018913952198e-19,mid,4.0191504581938756e-17,5.404665903400202e-19,1476,1477,-141.5822188360608
938,-0.20582345377783895,5.580893447227746e-19,mid,3.8624099194251975e-17,5.4575470081045765e-19,1477,1478,-141.77659839961828
939,-0.2220651262376805,5.360387925856088e-19,mid,3.7582451793950823e-17,5.514433453967944e-19,1478,1479,-141.99386574361648
940,-0.2223696315794541,4.998958639326759e-19,mid,3.7189269876809875e-17,5.573031803000085e-19,1479,1480,-142.22072865209364
941,-0.20218400060022645,4.512612663081458e-19,mid,3.749952772924417e-17,5.629663400213372e-19,1480,1481,-142.4386050067754
942,-0.15765794246304665,3.9238724328386117e-19,mid,3.8480838061406954e-17,5.680179332301046e-19,1481,1482,-142.6250966532941
943,-0.08153492182239575,3.2641919003869915e-19,mid,4.001719632235143e-17,5.721185919810077e-19,1482,1483,-142.75392089170148
944,0.04469934598078851,2.584151201203662e-19,mid,4.1936555273934527e-17,5.75067799866738e-19,1483,1484,-142.78816649693889
945,0.23362598060903395,1.9839202250537533e-19,mid,4.404789112316793e-17,5.767757895292556e-19,1484,1485,-142.6645221997399
946,0.3786778469917209,1.6681867046282911e-19,mid,4.6171660450769996e-17,5.771891423313139e-19,1485,1486,-142.32091453572082
947,0.33237802587524357,1.8435357309296086e-19,mid,4.815570564601817e-17,5.762455753851004e-19,1486,1487,-141.90716650575646
948,0.17936714770824835,2.3960814160312715e-19,mid,4.9877486281600824e-17,5.738983381348443e-19,1487,1488,-141.65615848397033
949,0.07169109858635636,3.0877434260960835e-19,mid,5.123900056413338e-17,5.701884747903658e-19,1488,1489,-141.54843221033997
950,0.018316152978883338,3.7824992074943806e-19,mid,5.216224090921823e-17,5.653070795505642e-19,1489,1490,-141.51277628679762
951,-0.008467425432669984,4.413347475871862e-19,mid,5.259023149644294e-17,5.595999577721591e-19,1490,1491,-141.5117999043822
952,-0.024577252430162844,4.943279900780377e-19,mid,5.2493108526040206e-17,5.535040674490612e-19,1491,1492,-141.52971113766296
953,-0.037461404775200435,5.348940399183209e-19,mid,5.187422639133381e-17,5.474417252748624e-19,1492,1493,-141.56095440924253
954,-0.050331058623783065,5.613590461474604e-19,mid,5.077136870929006e-17,5.417241447457586e-19,1493,1494,-141.60463394721336
955,-0.06421549268966942,5.724877589047481e-19,mid,4.925240381453947e-17,5.365208839902375e-19,1494,1495,-141.6616165264901
956,-0.07912900851633253,5.67583046374528e-19,mid,4.7409139381251585e-17,5.319190865533697e-19,1495,1496,-141.7330649325927
957,-0.09465506210963781,5.467177668687937e-19,mid,4.535398946305659e-17,5.280324786269546e-19,1496,1497,-141.81987454352276
958,-0.10974959004281004,5.108877352287262e-19,mid,4.322102062719825e-17,5.25072303378099e-19,1497,1498,-141.92237505681197
959,-0.12154600373219182,4.619792117887215e-19,mid,4.116834235132905e-17,5.233114929323612e-19,1498,1499,-142.03937372360838
960,-0.12306360813022366,4.0263523003405934e-19,mid,3.93751976536582e-17,5.229585501267423e-19,1499,1500,-142.16546706427636
961,-0.09963843551977902,3.363090574114915e-19,mid,3.802633255059433e-17,5.24040319782696e-19,1500,1501,-142.28550093986883
962,-0.024820205794057415,2.6805458131131213e-19,mid,3.7280594787910995e-17,5.263922790257338e-19,1501,1502,-142.36474393531591
963,0.12302088622034546,2.071798653074673e-19,mid,3.7231868301308366e-17,5.297644234388962e-19,1502,1503,-142.33514135145694
964,0.2598443428798731,1.7232987577838584e-19,mid,3.788221357173941e-17,5.33951799334599e-19,1503,1504,-142.11870216287522
965,0.23588409755254247,1.84372688533826e-19,mid,3.914440376079883e-17,5.38840396970809e-19,1504,1505,-141.8154526656972
966,0.1015989270100448,2.3585282164556704e-19,mid,4.087062081342588e-17,5.443363375252619e-19,1505,1506,-141.64693396777014
967,0.003218370021869532,3.0363672186930677e-19,mid,4.28871951795998e-17,5.502511466570366e-19,1506,1507,-141.6122548116771
968,-0.0396822114181532,3.732511413284437e-19,mid,4.5019025130848247e-17,5.562566047666052e-19,1507,1508,-141.6404972277264
969,-0.05383321619257231,4.373800272040324e-19,mid,4.710180033937306e-17,5.619614462690495e-19,1508,1509,-141.6916192345134
970,-0.05589567413436214,4.919425787185074e-19,mid,4.89884937429703e-17,5.670513087121645e-19,1509,1510,-141.74816366011154
971,-0.05375404758362379,5.343917651287472e-19,mid,5.05552559966698e-17,5.713732428532216e-19,1510,1511,-141.80341058278213
972,-0.05104514141856953,5.629742912921598e-19,mid,5.17070481755442e-17,5.748946364977066e-19,1511,1512,-141.8556717552788
973,-0.0491861722148883,5.764153186058938e-19,mid,5.238086704283898e-17,5.775801997310743e-19,1512,1513,-141.90550086561927
974,-0.04822266975382661,5.738919687665657e-19,mid,5.254534162035739e-17,5.793026172120202e-19,1513,1514,-141.95404409970857
975,-0.0473170272302923,5.552026302911177e-19,mid,5.219758428478348e-17,5.79865836985145e-19,1514,1515,-142.00194620512693
976,-0.04507029735781032,5.209915081012721e-19,mid,5.1359360343098006e-17,5.791139262412972e-19,1515,1516,-142.04867815416915
977,-0.03941939698140118,4.728890820818882e-19,mid,5.0074637239228496e-17,5.770274588122746e-19,1516,1517,-142.09208679984255
978,-0.026496213439173744,4.135336214599143e-19,mid,4.840995781045738e-17,5.737351789999001e-19,1517,1518,-142.12751694813196
979,0.002504738776607951,3.466438346755687e-19,mid,4.645783097863356e-17,5.694509905432256e-19,1518,1519,-142.1450792267209
980,0.06630739685637366,2.776363092305271e-19,mid,4.434120414961625e-17,5.644006117084179e-19,1519,1520,-142.12250747057874
981,0.1819568286553448,2.15853442501279e-19,mid,4.2214861298277664e-17,5.587918532180485e-19,1520,1521,-142.01246443300815
982,0.2795998424378041,1.789456676406209e-19,mid,4.0258961758352976e-17,5.528355060175118e-19,1521,1522,-141.75859381326805
983,0.22440111874017532,1.870471717878532e-19,mid,3.8661901131565673e-17,5.467861276398615e-19,1522,1523,-141.45326474813254
984,0.05789609790663519,2.3494204841286474e-19,mid,3.759367529348619e-17,5.409643814729121e-19,1523,1524,-141.3097915757877
985,-0.07351527283643122,3.006161691552461e-19,mid,3.7175578154527306e-17,5.357367739125485e-19,1524,1525,-141.33747255231927
986,-0.13697359302943823,3.693375163166483e-19,mid,3.745567448855254e-17,5.31452737857228e-19,1525,1526,-141.45682212146056
987,-0.15614262887855546,4.33494157816013e-19,mid,3.8399351972676275e-17,5.283678471942081e-19,1526,1527,-141.61141973837815
988,-0.15075110143202153,4.88751865578987e-19,mid,3.9898395086858804e-17,5.266007454360606e-19,1527,1528,-141.76910737921767
989,-0.13319666880809677,5.323335967667479e-19,mid,4.1793684498806437e-17,5.261567554950472e-19,1528,1529,-141.9129219412422
990,-0.11119814744105838,5.623295533101264e-19,mid,4.390238835244505e-17,5.270015982145343e-19,1529,1530,-142.03550071683387
991,-0.08917490970095798,5.774143008095036e-19,mid,4.604227064075965e-17,5.291210135539994e-19,1530,1531,-142.1353182361243
992,-0.06904638285335807,5.767825478266574e-19,mid,4.804968127511332e-17,5.325054045104446e-19,1531,1532,-142.21385053623578
993,-0.05085236542900873,5.602269627814748e-19,mid,4.979038590543561e-17,5.3706340716352945e-19,1532,1533,-142.27341100183102
994,-0.03323477541802333,5.28275149203821e-19,mid,5.1163346673362374e-17,5.425415299707938e-19,1533,1534,-142.3155552670938
995,-0.013575623665971648,4.822965783072551e-19,mid,5.20983938481797e-17,5.485345568070929e-19,1534,1535,-142.33988055266707
996,0.012724320390589128,4.2455943464883627e-19,mid,5.255047376185505e-17,5.545961578228936e-19,1535,1536,-142.34270651442574
997,0.05474273219067527,3.5838923887115644e-19,mid,5.249490662621294e-17,5.603680367646349e-19,1536,1537,-142.3144319118859
998,0.13053913035548703,2.8887064029544427e-19,mid,5.1927585654041154e-17,5.656278702220136e-19,1537,1538,-142.2332210500444
999,0.25835231810228265,2.2506289479299233e-19,mid,5.0870435618163137e-17,5.702314564409864e-19,1538,1539,-142.05335365117492
1000,0.3762318297686136,1.8444596062233116e-19,mid,4.9378092386321174e-17,5.740211300240888e-19,1539,1540,-141.71651641383983
1001,0.3413036037158861,1.885688699529374e-19,mid,4.754047187250302e-17,5.767981943330111e-19,1540,1541,-141.3008899916377
1002,0.1732816748443753,2.344968283094781e-19,mid,4.547901556434721e-17,5.783904569945314e-19,1541,1542,-141.03390920640805
1003,0.01764046085776272,2.9960072706588996e-19,mid,4.33390860577253e-17,5.787542214043681e-19,1542,1543,-140.95432664194894
1004,-0.08412542344305507,3.6809585751375796e-19,mid,4.128271384422833e-17,5.780186082941714e-19,1543,1544,-140.99862828469253
1005,-0.15130724378323634,4.320918616885803e-19,mid,3.9482644891813127e-17,5.764308694838046e-19,1544,1545,-141.12257748883505
1006,-0.19682380744058037,4.873640320503209e-19,mid,3.811283071316753e-17,5.742421806975982e-19,1545,1546,-141.301242772259
1007,-0.223992718872438,5.31308061835082e-19,mid,3.732790538840126e-17,5.716148917780864e-19,1546,1547,-141.5162251037162
1008,-0.23250100562550813,5.620978878782479e-19,mid,3.723050645200134e-17,5.68607924617861e-19,1547,1548,-141.74922821000388
1009,-0.22292498839834707,5.783809283310152e-19,mid,3.783928976760301e-17,5.652359829204155e-19,1548,1549,-141.98122711496723
1010,-0.19856550115777338,5.792742818956054e-19,mid,3.9078515677571916e-17,5.615507896024658e-19,1549,1550,-142.19507818680057
1011,-0.1644607631261863,5.645168984200412e-19,mid,4.079854358811175e-17,5.576868020078163e-19,1550,1551,-142.37835811728277
1012,-0.12509090860447714,5.346277816581016e-19,mid,4.2814793375695114e-17,5.538420093441991e-19,1551,1552,-142.52399971305294
1013,-0.08246064823612187,4.909515507088174e-19,mid,4.4943623024226893e-17,5.502046652426506e-19,1552,1553,-142.62853993449173
1014,-0.03477997204376493,4.355985274668879e-19,mid,4.702215059532961e-17,5.46873976394939e-19,1553,1554,-142.6889210095252
1015,0.02541873576552689,3.7149564294051075e-19,mid,4.89124474271316e-17,5.43839330161222e-19,1554,1555,-142.69809987857926
1016,0.11483927247756753,3.03025546370642e-19,mid,5.0498418988401305e-17,5.410531125241965e-19,1555,1556,-142.63808353799413
1017,0.2544915425215777,2.381491495919004e-19,mid,5.168405015043081e-17,5.3855712718705e-19,1556,1557,-142.46842133362412
1018,0.40170789457107503,1.9295739576571236e-19,mid,5.239675098507472e-17,5.365578164965015e-19,1557,1558,-142.12910045295098
1019,0.4137757657462089,1.9038336839500678e-19,mid,5.259352862740022e-17,5.353649687402157e-19,1558,1559,-141.66500554448197
1020,0.2769026790897726,2.3283458330398236e-19,mid,5.22650028511171e-17,5.352214012357032e-19,1559,1560,-141.30154892145856
1021,0.13309291048855698,2.981105150705675e-19,mid,5.143433479310984e-17,5.361607601340864e-19,1560,1561,-141.11120018630243
1022,0.04121783409981106,3.6825708252687556e-19,mid,5.015237777922879e-17,5.380178472803541e-19,1561,1562,-141.03536310048145
1023,-0.017470107340344043,4.340487898058183e-19,mid,4.849292434703184e-17,5.405800787772472e-19,1562,1563,-141.0287645181028
1024,-0.0614962651084312,4.906989342749196e-19,mid,4.655121660519032e-17,5.437417123778632e-19,1563,1564,-141.07030331516214
1025,-0.10024552377821294,5.354978585370914e-19,mid,4.444611263754052e-17,5.47526134809607e-19,1564,1565,-141.15175704831967
1026,-0.13744131793013992,5.667571194141995e-19,mid,4.232332066870537e-17,5.519658433671976e-19,1565,1566,-141.27079436271856
1027,-0.17287548718458368,5.833307553758502e-19,mid,4.0354772804675365e-17,5.569550731897164e-19,1566,1567,-141.42663968417995
1028,-0.20311021811698993,5.844895783295251e-19,mid,3.872799144551391e-17,5.622062410756227e-19,1567,1568,-141.61654533708773
1029,-0.2225515481006255,5.700295755004741e-19,mid,3.762107055831344e-17,5.673441315353489e-19,1568,1569,-141.83286012041393
1030,-0.22549140208158747,5.404589928990834e-19,mid,3.716636741776533e-17,5.72053870230612e-19,1569,1570,-142.06164843328898
1031,-0.20823769761136646,4.9711025474125765e-19,mid,3.7417264935593333e-17,5.761607115035273e-19,1570,1571,-142.2838429245771
1032,-0.16926905234231526,4.421348376320547e-19,mid,3.833630094507766e-17,5.795864595813337e-19,1571,1572,-142.4781238285117
1033,-0.1059663521181875,3.785385810051139e-19,mid,3.9810402477219584e-17,5.822355117662056e-19,1572,1573,-142.62238102926173
1034,-0.008615056911295937,3.106640499363426e-19,mid,4.168083837871495e-17,5.839202375607418e-19,1573,1574,-142.6900565327481
1035,0.13868297091013915,2.459150956774475e-19,mid,4.3771250202702066e-17,5.843958868018794e-19,1574,1575,-142.63961114308432
1036,0.3038827452045467,1.9869853538126092e-19,mid,4.590677427001674e-17,5.834769899349341e-19,1575,1576,-142.4126905909278
1037,0.35568181907692065,1.9068477077330242e-19,mid,4.7926234490322124e-17,5.811384588618453e-19,1576,1577,-142.03184565267523
1038,0.25653188046698006,2.2791840871705046e-19,mid,4.969080100176168e-17,5.775259720876943e-19,1577,1578,-141.70132695277397
1039,0.13261007120047452,2.9103601681411364e-19,mid,5.1090137984870775e-17,5.728844137746279e-19,1578,1579,-141.51878189174127
1040,0.056101519110214326,3.6157035146707013e-19,mid,5.204554898066344e-17,5.674749399618479e-19,1579,1580,-141.43610681037302
1041,0.014816988942726539,4.293099107065681e-19,mid,5.250983479853269e-17,5.615408906671723e-19,1580,1581,-141.40657885352084
1042,-0.009215260313951035,4.886222571837448e-19,mid,5.246442957712315e-17,5.553280359255523e-19,1581,1582,-141.40647283248757
1043,-0.025708903172642295,5.361533146633114e-19,mid,5.191530343359806e-17,5.4912362958700425e-19,1582,1583,-141.42500937414874
1044,-0.03970425254556176,5.6982990281956e-19,mid,5.088998427430447e-17,5.432756154034589e-19,1583,1584,-141.45789063883285
1045,-0.054067138489727995,5.88362867397766e-19,mid,4.943803940121508e-17,5.381700841407e-19,1584,1585,-141.50441787923987
1046,-0.07033140043846231,5.910264655038448e-19,mid,4.763546216195627e-17,5.341653408598797e-19,1585,1586,-141.5660249158123
1047,-0.08874712020008246,5.776627041770955e-19,mid,4.5590225922810856e-17,5.315086870549854e-19,1586,1587,-141.6450806801168
1048,-0.10802576846793954,5.488073293565885e-19,mid,4.3444200902590907e-17,5.302864625135033e-19,1587,1588,-141.74351915621247
1049,-0.12487116328365744,5.057915030970147e-19,mid,4.1367582119785516e-17,5.304457918491705e-19,1588,1589,-141.86113221705267
1050,-0.13307566346836097,4.5076197146144895e-19,mid,3.9545124728775334e-17,5.318730161156156e-19,1589,1590,-141.9932614827798
1051,-0.1217718703878603,3.8675086985520945e-19,mid,3.8156003428528715e-17,5.344653104541486e-19,1590,1591,-142.1272835439894
1052,-0.07269775243736376,3.181461731505198e-19,mid,3.734958736706731e-17,5.381379959280687e-19,1591,1592,-142.2368052235555
1053,0.03676565383420893,2.5225087107627543e-19,mid,3.722000338697938e-17,5.427684936511099e-19,1592,1593,-142.27267904886412
1054,0.18430570575702632,2.028399461459228e-19,mid,3.778559266465872e-17,5.481359842651521e-19,1593,1594,-142.1632739158871
1055,0.2449257787461221,1.909046966558929e-19,mid,3.898226236224216e-17,5.539207764132354e-19,1594,1595,-141.90406763735007
1056,0.16469217167038153,2.2408472800959583e-19,mid,4.067586794908367e-17,5.597750525144724e-19,1595,1596,-141.67342235839484
1057,0.05517968859008704,2.845427281233529e-19,mid,4.268916597162506e-17,5.6541339102888795e-19,1596,1597,-141.5746832940093
1058,-0.00798390736058252,3.537990885218405e-19,mid,4.483263962462655e-17,5.706519748428824e-19,1597,1598,-141.56306298121467
1059,-0.03529622315637937,4.2156278583138347e-19,mid,4.692986522987784e-17,5.753676814058625e-19,1598,1599,-141.59065110873047
1060,-0.045649281693755484,4.821663290551403e-19,mid,4.8832831912718945e-17,5.794187804419915e-19,1599,1600,-141.63365542752743
1061,-0.04886627499702456,5.320498202778385e-19,mid,5.042660098622746e-17,5.826063043528429e-19,1600,1601,-141.68194967211798
1062,-0.04912095429507701,5.687122332809317e-19,mid,5.1625780457877175e-17,5.847204902470072e-19,1601,1602,-141.73138797752148
1063,-0.048063093759978415,5.903273910502143e-19,mid,5.236798629512521e-17,5.85636170678813e-19,1602,1603,-141.78019158070813
1064,-0.04640909795965342,5.957142549191753e-19,mid,5.261026848442074e-17,5.853708806344758e-19,1603,1604,-141.82751416504144
1065,-0.044564236721711836,5.84492609598444e-19,mid,5.2331707732446634e-17,5.840511833473082e-19,1604,1605,-141.87300977662744
1066,-0.04258577252369378,5.572294668441341e-19,mid,5.154022931025679e-17,5.818157946305649e-19,1605,1606,-141.91664263848486
1067,-0.0396581032688772,5.154207116503113e-19,mid,5.027812213818183e-17,5.787376824485038e-19,1606,1607,-141.95818132167483
1068,-0.033109725569303805,4.613329538332036e-19,mid,4.8621887748451083e-17,5.748253682171429e-19,1607,1608,-141.9959588450226
1069,-0.016625551413468997,3.979526112435642e-19,mid,4.6676774015932095e-17,5.700961052653163e-19,1608,1609,-142.02440077281344
1070,0.022905314360798457,3.294428832083781e-19,mid,4.4570305614888766e-17,5.646639767480811e-19,1609,1610,-142.02920994784955
1071,0.10492055269504874,2.627063201357872e-19,mid,4.24488113384035e-17,5.587844048804505e-19,1610,1611,-141.97859014409184
1072,0.21516009196426467,2.1083449604342593e-19,mid,4.0476504747363e-17,5.528275590692221e-19,1611,1612,-141.81936884245945
1073,0.24306307266797944,1.945507728238579e-19,mid,3.8831156717387744e-17,5.471930650944765e-19,1612,1613,-141.5482699601633
1074,0.1300351016808321,2.2373491036509543e-19,mid,3.768790320823247e-17,5.4221406959030075e-19,1613,1614,-141.3332426971235
1075,-0.014957275113815172,2.8204746105091416e-19,mid,3.718739119079663e-17,5.381113515066318e-19,1614,1615,-141.28819975680165
1076,-0.10167396030371378,3.502811318605553e-19,mid,3.739748259945897e-17,5.350271627476604e-19,1615,1616,-141.36315724735113
1077,-0.1347569761572487,4.175851938942012e-19,mid,3.829015731352387e-17,5.331050805146726e-19,1616,1617,-141.49154767740907
1078,-0.13722337018563735,4.782497496659153e-19,mid,3.975034771838873e-17,5.325361018378831e-19,1617,1618,-141.63267119966562
1079,-0.1252385627378203,5.288732591589292e-19,mid,4.1610682387710784e-17,5.335096659554845e-19,1618,1619,-141.76599441778035
1080,-0.10798663919503326,5.670600891290527e-19,mid,4.368959426017752e-17,5.36088404513599e-19,1619,1620,-141.88314832514126
1081,-0.08974718599607456,5.909051088670783e-19,mid,4.5815460328729496e-17,5.401040325474734e-19,1620,1621,-141.98196769617041
1082,-0.0719006029604401,5.989515827825957e-19,mid,4.783508501077133e-17,5.451732414309905e-19,1621,1622,-142.0626426971334
1083,-0.054499789674054,5.90426633766936e-19,mid,4.961470547341856e-17,5.508430273502482e-19,1622,1623,-142.1257689020913
1084,-0.037077067043242096,5.65515637792029e-19,mid,5.104158454687821e-17,5.567645584529438e-19,1623,1624,-142.17164227648152
1085,-0.0186001320801239,5.254650052234872e-19,mid,5.202864169096102e-17,5.627600653878094e-19,1624,1625,-142.19992303617778
1086,0.0033764877961885986,4.724788064126305e-19,mid,5.251953933432683e-17,5.687297915639439e-19,1625,1626,-142.20884254064177
1087,0.034500239042728253,4.096175468006783e-19,mid,5.2490708966023746e-17,5.744858189568433e-19,1626,1627,-142.1931700605854
1088,0.0866140676878615,3.4110650475046684e-19,mid,5.19493309842561e-17,5.796713130933548e-19,1627,1628,-142.1398420625563
1089,0.17775250539236254,2.7367704608675674e-19,mid,5.0929146396475116e-17,5.838514156433313e-19,1628,1629,-142.01994192520968
1090,0.298150872442406,2.1975943061037446e-19,mid,4.948692992113352e-17,5.867053538127269e-19,1629,1630,-141.7843370517716
1091,0.34471532126092086,1.9951924143404268e-19,mid,4.770159475259509e-17,5.881561397245265e-19,1630,1631,-141.42364018032487
1092,0.24283454373525615,2.2488053484139517e-19,mid,4.567631682813679e-17,5.883346712366734e-19,1631,1632,-141.09490640924975
1093,0.0819052877266131,2.8151203653701127e-19,mid,4.354218335624588e-17,5.874272156978198e-19,1632,1633,-140.93797109285435
1094,-0.04288832891162997,3.4951538881439625e-19,mid,4.145964309023286e-17,5.855497337321614e-19,1633,1634,-140.93109583379652
1095,-0.1256670118602159,4.1701452281927803e-19,mid,3.9612240009880293e-17,5.827479623449434e-19,1634,1635,-141.02374775067761
1096,-0.17976784945290092,4.777487553365483e-19,mid,3.8187742407747885e-17,5.7909731870909455e-19,1635,1636,-141.18242985751695
1097,-0.21133607139834965,5.282007319829414e-19,mid,3.7346856189736184e-17,5.7479440219195015e-19,1636,1637,-141.38328344958342
1098,-0.2224203910633804,5.66190223869504e-19,mid,3.7188571345391494e-17,5.701553692704383e-19,1637,1638,-141.60510200031365
1099,-0.21535358298119434,5.902047078549372e-19,mid,3.7727581526699923e-17,5.655237867713919e-19,1638,1639,-141.82812423171018
1100,-0.1941401664380038,5.991504332855185e-19,mid,3.88946834824002e-17,5.611579078931634e-19,1639,1640,-142.03580916627604
1101,-0.16348746835267036,5.923891236988102e-19,mid,4.055713904064031e-17,5.571726731893829e-19,1640,1641,-142.21640456458618
1102,-0.12724192566587078,5.699130296414243e-19,mid,4.254630273012065e-17,5.535688526278712e-19,1641,1642,-142.36278410298138
1103,-0.08738724456156888,5.325084276193133e-19,mid,4.4682066223179004e-17,5.5032524931301065e-19,1642,1643,-142.47088841591793
1104,-0.04344798067768352,4.818417171597189e-19,mid,4.679095406720234e-17,5.474912916438637e-19,1643,1644,-142.53755859210452
1105,0.008643513651804824,4.205509381658046e-19,mid,4.871879280810569e-17,5.452166589313087e-19,1644,1645,-142.5577843772733
1106,0.07908558518295195,3.526065898683636e-19,mid,5.033910971441967e-17,5.436947798540142e-19,1645,1646,-142.5202715648009
1107,0.18512560513124754,2.8448455788989705e-19,mid,5.1557499027661166e-17,5.430592032151426e-19,1646,1647,-142.3996132069074
1108,0.3236095710996807,2.280345055983337e-19,mid,5.2311767522856914e-17,5.433131500989511e-19,1647,1648,-142.1500203545384
1109,0.40244381175781996,2.030549172660136e-19,mid,5.25683299645493e-17,5.443502464184661e-19,1648,1649,-141.75239406470803
1110,0.33464208009691276,2.238963172471541e-19,mid,5.23170339527582e-17,5.46046533894293e-19,1649,1650,-141.34513273102277
1111,0.19358695596278608,2.786856119907485e-19,mid,5.1568054756311595e-17,5.483397135568571e-19,1650,1651,-141.0831099045142
1112,0.08076844698936725,3.46898256719338e-19,mid,5.0353678476152044e-17,5.512252070913029e-19,1651,1652,-140.9579588190972
1113,0.006197070146569672,4.1558836285500837e-19,mid,4.873428408654849e-17,5.546786638230965e-19,1652,1653,-140.92157301053547
1114,-0.04774049293106941,4.778054171814648e-19,mid,4.6804150360522736e-17,5.585837299740542e-19,1653,1654,-140.94556467880406
1115,-0.09243031448066574,5.295766902441818e-19,mid,4.469215758606928e-17,5.62736606255351e-19,1654,1655,-141.0170539963976
1116,-0.1326445294350549,5.684396875139479e-19,mid,4.255561552150525e-17,5.669253891217003e-19,1655,1656,-141.1304253077654
1117,-0.1690743473256333,5.928003169476777e-19,mid,4.0569232871119953e-17,5.71013585639098e-19,1656,1657,-141.28234305526772
1118,-0.19964014194677304,6.017074421096049e-19,mid,3.891178319127203e-17,5.749539741787045e-19,1657,1658,-141.46857400241666
1119,-0.22032960082424324,5.948438168129832e-19,mid,3.7749838169095095e-17,5.78720303030017e-19,1658,1659,-141.68162333916126
1120,-0.22642086956952312,5.725728464322161e-19,mid,3.721546769718015e-17,5.8221546644502285e-19,1659,1660,-141.90923320406515
1121,-0.2141775886963302,5.359358021188711e-19,mid,3.737886071432938e-17,5.852345871460356e-19,1660,1661,-142.1344650783003
1122,-0.18184289719145852,4.866064282719499e-19,mid,3.8226462668442964e-17,5.875133937839882e-19,1661,1662,-142.3375883814578
1123,-0.12824127991372336,4.2693791717933807e-19,mid,3.965912610083311e-17,5.888202750363827e-19,1662,1663,-142.49815087268323
1124,-0.04846539765510727,3.603584875813943e-19,mid,4.151446504677536e-17,5.890193924102234e-19,1663,1664,-142.59407094128525
1125,0.06990102700656564,2.925701105792912e-19,mid,4.360245585676251e-17,5.880669215711744e-19,1664,1665,-142.59508166799344
1126,0.2267152268713204,2.3433517387419923e-19,mid,4.573828166950184e-17,5.859654447346956e-19,1665,1666,-142.45426888727212
1127,0.34018612262502756,2.0463214555754837e-19,mid,4.776232232081084e-17,5.827331495952454e-19,1666,1667,-142.1416512142508
1128,0.3108774735856059,2.201044534659669e-19,mid,4.954577732583696e-17,5.784215085365555e-19,1667,1668,-141.77389664202207
1129,0.1938759031793751,2.7203343894072914e-19,mid,5.098675709831884e-17,5.73166915787732e-19,1668,1669,-141.5198962670796
1130,0.09844835475351488,3.3968927267469595e-19,mid,5.200455535350229e-17,5.672331530697837e-19,1669,1670,-141.38614483566332
1131,0.04365882029097179,4.0929477827984967e-19,mid,5.25384484330329e-17,5.610087800227813e-19,1670,1671,-141.32299955757256
1132,0.011828431910942072,4.735109388030945e-19,mid,5.2552361940945695e-17,5.54950222687036e-19,1671,1672,-141.29882719508137
1133,-0.010240674276872141,5.280877522868462e-19,mid,5.204148348727243e-17,5.49488281809611e-19,1672,1673,-141.29934269375067
1134,-0.029070305043191524,5.701588722307567e-19,mid,5.103542297137517e-17,5.449381439559284e-19,1673,1674,-141.31930854363512
1135,-0.047384943508447464,5.975998418594636e-19,mid,4.959570368157858e-17,5.414624929608639e-19,1674,1675,-141.35748330383706
1136,-0.06612637710371416,6.089542433853929e-19,mid,4.781000240685296e-17,5.391139972507133e-19,1675,1676,-141.414078430652
1137,-0.08554662866394835,6.03601438531614e-19,mid,4.5787613805718095e-17,5.379279940870608e-19,1676,1677,-141.48973605804449
1138,-0.10540168907230907,5.818991839752185e-19,mid,4.365879411026576e-17,5.379897873941673e-19,1677,1678,-141.5851716879799
1139,-0.12422696550382284,5.451511555711948e-19,mid,4.157655703454496e-17,5.394118504998583e-19,1678,1679,-141.7005394361891
1140,-0.1378862818569928,4.95426718354472e-19,mid,3.9715487990930415e-17,5.422292378845122e-19,1679,1680,-141.83362561898755
1141,-0.13782204641525198,4.354259382886837e-19,mid,3.8260088836260024e-17,5.462993343174091e-19,1680,1681,-141.9763119999031
1142,-0.10945759398252619,3.68699797004778e-19,mid,3.73775081934242e-17,5.512990677979928e-19,1681,1682,-142.10926971181806
1143,-0.032507840128474186,3.0068084370726046e-19,mid,3.717902040730606e-17,5.568345432860363e-19,1682,1683,-142.19522718786814
1144,0.10003970524006434,2.412430884105591e-19,mid,3.7687928918638905e-17,5.625821135578761e-19,1683,1684,-142.174285392075
1145,0.2171735394067298,2.0802446238235579e-19,mid,3.883420721289448e-17,5.683499921850413e-19,1684,1685,-141.995147777388
1146,0.21096433380229485,2.1848919691714797e-19,mid,4.04788088068023e-17,5.740138271589829e-19,1685,1686,-141.73993831326155
1147,0.11264065451729266,2.6701020637218795e-19,mid,4.2449779240656527e-17,5.793890039483873e-19,1686,1687,-141.57321910978342
1148,0.028765215019149082,3.3340937148564507e-19,mid,4.4570569411754316e-17,5.841639710337323e-19,1687,1688,-141.51465700422696
1149,-0.013832730110877378,4.031307049048301e-19,mid,4.667475447302633e-17,5.879716589748593e-19,1688,1689,-141.51568867974513
1150,-0.03128221440796608,4.682655930341188e-19,mid,4.861256305929302e-17,5.905527369493179e-19,1689,1690,-141.54232246444872
1151,-0.03728308969130012,5.243051628734987e-19,mid,5.0255703820528244e-17,5.918731235164453e-19,1690,1691,-141.57825310856106
1152,-0.03903907165221199,5.68321238629413e-19,mid,5.1502540077090234e-17,5.920884570286382e-19,1691,1692,-141.61688864383132
1153,-0.039851646868157786,5.981665001167207e-19,mid,5.2282131038248e-17,5.913811417160046e-19,1692,1693,-141.65633125186548
1154,-0.04082555560020751,6.122375909798907e-19,mid,5.2555402734964994e-17,5.898099668880806e-19,1693,1694,-141.69659193756763
1155,-0.0418391820727777,6.095743074538188e-19,mid,5.2313323778157465e-17,5.872989855593375e-19,1694,1695,-141.7379823630659
1156,-0.042195526375380155,5.900908492571947e-19,mid,5.157337146773263e-17,5.837651019509277e-19,1695,1696,-141.7802703017132
1157,-0.04095370834710366,5.547400441309294e-19,mid,5.037617955787093e-17,5.792659433217651e-19,1696,1697,-141.82237341581666
1158,-0.03665600462322516,5.055050107112702e-19,mid,4.878432868312422e-17,5.74046687948219e-19,1697,1698,-141.8621777184074
1159,-0.02603345019315384,4.452935366673359e-19,mid,4.688448978289663e-17,5.684622370322795e-19,1698,1699,-141.8956854250631
1160,-0.0013304110559317905,3.7801561457653873e-19,mid,4.4791999871609597e-17,5.628491026038063e-19,1699,1700,-141.9142446187937
1161,0.052215495280620416,3.093367263129043e-19,mid,4.265407889845623e-17,5.574440916327827e-19,1700,1701,-141.89834624717497
1162,0.14321713080300924,2.4883923043447e-19,mid,4.0646270589933664e-17,5.523960551783557e-19,1701,1702,-141.80981362823246
1163,0.21691211509431696,2.1307153464998352e-19,mid,3.895793885490938e-17,5.47843776753188e-19,1702,1703,-141.61191198556895
1164,0.1776527510686492,2.192884315143901e-19,mid,3.776668909051312e-17,5.439898832186197e-19,1703,1704,-141.37598939804383
1165,0.05078118844888024,2.6411132889337757e-19,mid,3.720699909052212e-17,5.41109034838757e-19,1704,1705,-141.25660648343165
1166,-0.05667292007548497,3.284643387562973e-19,mid,3.73429946300392e-17,5.394766740025382e-19,1705,1706,-141.27442702114607
1167,-0.11005538867689779,3.974736545804032e-19,mid,3.815588144182927e-17,5.392624090528752e-19,1706,1707,-141.36995232358262
1168,-0.12530766702782614,4.627750487777535e-19,mid,3.955056894869654e-17,5.404626941411644e-19,1707,1708,-141.49453779849986
1169,-0.12005022564228796,5.195173222065958e-19,mid,4.137688519684822e-17,5.42923908151008e-19,1708,1709,-141.62056765763828
1170,-0.10560119657654354,5.6458469426168035e-19,mid,4.345599801677531e-17,5.464403365534675e-19,1709,1710,-141.73463824978444
1171,-0.08842876136206712,5.958060259105781e-19,mid,4.560459831341274e-17,5.508517866313188e-19,1710,1711,-141.83177005079136
1172,-0.07172328624857016,6.116498651061637e-19,mid,4.765365868621411e-17,5.560624221853972e-19,1711,1712,-141.91149577250857
1173,-0.05647369234154098,6.111971083057613e-19,mid,4.9461033548232256e-17,5.619643507649705e-19,1712,1713,-141.9752166232885
1174,-0.04222785381533356,5.942612855458481e-19,mid,5.09175897535573e-17,5.683314836051428e-19,1713,1714,-142.02444315719166
1175,-0.0275628757253088,5.615183035281923e-19,mid,5.1946857572067076e-17,5.747815252154774e-19,1714,1715,-142.05967233091917
1176,-0.010090528822018996,5.145486884364314e-19,mid,5.24998552041694e-17,5.808514766017363e-19,1715,1716,-142.07956890864227
1177,0.014337712222868504,4.558377682887043e-19,mid,5.2549161239900715e-17,5.861347544859872e-19,1716,1717,-142.0798533885632
1178,0.05362066151133149,3.8897215963100264e-19,mid,5.2086982780245715e-17,5.903739398346953e-19,1717,1718,-142.05089348419654
1179,0.12149420903648434,3.194659783419611e-19,mid,5.1129130146437853e-17,5.934455586216248e-19,1718,1719,-141.97261206554055
1180,0.22603272452188605,2.568738269331778e-19,mid,4.972203919885572e-17,5.952730868421223e-19,1719,1720,-141.80790506612357
1181,0.3143600514859344,2.178248620296531e-19,mid,4.7947288854065455e-17,5.957654720625455e-19,1720,1721,-141.52054661649677
1182,0.28379274972607504,2.205214338108791e-19,mid,4.591993580140991e-17,5.948441758791582e-19,1721,1722,-141.1791849631517
1183,0.14557315359175504,2.630160324339707e-19,mid,4.378165987668848e-17,5.925304815807823e-19,1722,1723,-140.95296111704462
1184,0.005844427927286233,3.2610204299090465e-19,mid,4.169270472073321e-17,5.890070121342632e-19,1723,1724,-140.8880386559682
1185,-0.09229198011337303,3.943706841500375e-19,mid,3.9824907109957306e-17,5.845930406032272e-19,1724,1725,-140.94127226119005
1186,-0.1567032420998089,4.593369573453596e-19,mid,3.8352870479446563e-17,5.796495324557138e-19,1725,1726,-141.07262261619493
1187,-0.196148794776974,5.162085296136547e-19,mid,3.7436434158643876e-17,5.744842700098504e-19,1726,1727,-141.25467874538967
1188,-0.2137217276884229,5.618896930973305e-19,mid,3.7191047023085754e-17,5.69318201092113e-19,1727,1728,-141.46492020574888
1189,-0.2112510071191025,5.941469434956487e-19,mid,3.7654880045067755e-17,5.643196074310352e-19,1728,1729,-141.6821222007665
1190,-0.19237926933641347,6.113670200459076e-19,mid,3.8772267876184634e-17,5.596631443271193e-19,1729,1730,-141.8874222199871
1191,-0.16256278235474042,6.12603689956231e-19,mid,4.0406963691273223e-17,5.555612477615508e-19,1730,1731,-142.06688073943934
1192,-0.12718615115187504,5.977064826700744e-19,mid,4.2378134181227025e-17,5.522424181096779e-19,1731,1732,-142.21254778469657
1193,-0.08972690225074587,5.673721136273416e-19,mid,4.4498587114575865e-17,5.498883375117923e-19,1732,1733,-142.3212530417431
1194,-0.05078219522663119,5.230637998577524e-19,mid,4.659928114628348e-17,5.485694382428535e-19,1733,1734,-142.39200158919806
1195,-0.007470668571428973,4.669187094397512e-19,mid,4.853712247187334e-17,5.482262978814922e-19,1734,1735,-142.42281743219635
1196,0.0477635111358552,4.01937857045145e-19,mid,5.0192699865461636e-17,5.487214530326429e-19,1735,1736,-142.40694292634092
1197,0.1288650059372145,3.3287979954837228e-19,mid,5.1467064806999016e-17,5.49934851989171e-19,1736,1737,-142.32729040992464
1198,0.24790821915965466,2.6844808303818495e-19,mid,5.2283081063009744e-17,5.518308441890165e-19,1737,1738,-142.1492129144665
1199,0.3635356027366896,2.247403488367542e-19,mid,5.259084650225836e-17,5.544336448299608e-19,1738,1739,-141.83147397160533
1200,0.3688914537852668,2.218669588576654e-19,mid,5.237274058533257e-17,5.577225103506565e-19,1739,1740,-141.4221417089931
1201,0.2541663509588261,2.6161209883204103e-19,mid,5.164426628717967e-17,5.615388827421423e-19,1740,1741,-141.0936910640348
1202,0.12478237400617331,3.247361234240592e-19,mid,5.045055279888315e-17,5.656000299762297e-19,1741,1742,-140.91380900707546
1203,0.03343858965196489,3.9405090980382163e-19,mid,4.886151740487764e-17,5.696219266341354e-19,1742,1743,-140.84412631602245
1204,-0.029381104696710736,4.600447737955164e-19,mid,4.6969037977509126e-17,5.734521342660072e-19,1743,1744,-140.84693182777153
1205,-0.07843532076429938,5.176160827288277e-19,mid,4.4887547080802056e-17,5.770985973870929e-19,1744,1745,-140.90288852541588
1206,-0.12160925123581023,5.637235688932386e-19,mid,4.275673962037814e-17,5.806284430768707e-19,1745,1746,-141.00380246930013
1207,-0.1611843551316099,5.962956420594977e-19,mid,4.074241050358564e-17,5.840239292341049e-19,1746,1747,-141.1461070278875
1208,-0.19530751517577016,6.138397644272117e-19,mid,3.902930593764469e-17,5.871190326011257e-19,1747,1748,-141.32617117956335
1209,-0.21934872107193826,6.154480759667953e-19,mid,3.780014985607568e-17,5.896679576579619e-19,1748,1749,-141.53672205823904
1210,-0.22802149067028665,6.009623528056346e-19,mid,3.720099912262105e-17,5.914824222677657e-19,1749,1750,-141.76486862170722
1211,-0.21791468446814122,5.710884773353884e-19,mid,3.7304808730352766e-17,5.925183847247779e-19,1750,1751,-141.9927650395796
1212,-0.18867173895213796,5.273602337276485e-19,mid,3.809281699549004e-17,5.928402285662259e-19,1751,1752,-142.2006979906435
1213,-0.14136420055314147,4.720335482012832e-19,mid,3.94644828191293e-17,5.924974812814178e-19,1752,1753,-142.37010851748389
1214,-0.07453104129950816,4.0816493985541945e-19,mid,4.126687756750476e-17,5.914244151446673e-19,1753,1754,-142.4834263917498
1215,0.019939607406882942,3.4026464065095203e-19,mid,4.332521055324406e-17,5.894536785177708e-19,1754,1755,-142.5191706000829
1216,0.15221001247029164,2.7610651789683504e-19,mid,4.5464042927716496e-17,5.864383600562499e-19,1755,1756,-142.44354717693602
1217,0.2917320889403783,2.2996379695966394e-19,mid,4.751982953121508e-17,5.82386327743053e-19,1756,1757,-142.21475057514232
1218,0.33823260593254645,2.2137338434191553e-19,mid,4.93491098166577e-17,5.775046459774086e-19,1757,1758,-141.86008299905527
1219,0.2605133625114746,2.5601353378642823e-19,mid,5.083470212570147e-17,5.721298405584636e-19,1758,1759,-141.53828536327723
1220,0.15191657735313413,3.1732517196111425e-19,mid,5.18898915282177e-17,5.666069084299466e-19,1759,1760,-141.33905627403232
1221,0.07664182929050867,3.8740773449947556e-19,mid,5.245988803009948e-17,5.612059978352842e-19,1760,1761,-141.23445220857096
1222,0.03172287723741363,4.554967017986037e-19,mid,5.2520253029078475e-17,5.561235817245403e-19,1761,1762,-141.1857726154513
1223,0.0029752082101026645,5.155705651196074e-19,mid,5.2073009765203257e-17,5.515484950270276e-19,1762,1763,-141.17100645409613
1224,-0.01869470034895926,5.640622248580976e-19,mid,5.11425701552877e-17,5.477301901670358e-19,1763,1764,-141.1798221990311
1225,-0.038388639116263334,5.986883814490968e-19,mid,4.977443502780747e-17,5.4498673277620475e-19,1764,1765,-141.20839585479405
1226,-0.058905306290427006,6.179130627908068e-19,mid,4.8038346225601237e-17,5.436289933294498e-19,1765,1766,-141.25659947726362
1227,-0.08135317633535522,6.208225984066523e-19,mid,4.603420124904526e-17,5.43838829189588e-19,1766,1767,-141.3262064673749
1228,-0.10522716308973656,6.072341326622051e-19,mid,4.3895964280165066e-17,5.455846250542607e-19,1767,1768,-141.41930582993433
1229,-0.12827867958334593,5.778210285613817e-19,mid,4.178865619137214e-17,5.486408134705993e-19,1768,1769,-141.53666079355438
1230,-0.14617771310027194,5.341166296484131e-19,mid,3.9896369718100684e-17,5.527009183922355e-19,1769,1770,-141.67586318910102
1231,-0.15187938529940936,4.784459889836552e-19,mid,3.8402561751433604e-17,5.575006219644681e-19,1770,1771,-141.82901621975492
1232,-0.1346839632789596,4.140077837952856e-19,mid,3.746541974874929e-17,5.628619118502371e-19,1771,1772,-141.97962195969984
1233,-0.07945084721707474,3.4544324748738604e-19,mid,3.719183551008087e-17,5.686355618525739e-19,1772,1773,-142.09838414631284
1234,0.02765968144687747,2.804003028309718e-19,mid,3.7615812123695325e-17,5.7460234950855015e-19,1773,1774,-142.138523654134
1235,0.1608800995280717,2.324004217376129e-19,mid,3.86894840116365e-17,5.804259907302971e-19,1774,1775,-142.04306478341908
1236,0.22231899379949027,2.2015788495642283e-19,mid,4.0292093667174045e-17,5.85706876735235e-19,1775,1776,-141.81676345507785
1237,0.16740598509889537,2.5061487524923286e-19,mid,4.2253999730254366e-17,5.901017747594443e-19,1776,1777,-141.5984267958201
1238,0.07685073979305912,3.090006975096751e-19,mid,4.438644918339346e-17,5.934190547084634e-19,1777,1778,-141.48195148488006
1239,0.016624533130823238,3.778356879477793e-19,mid,4.650809117831443e-17,5.956177374057737e-19,1778,1779,-141.44472531623398
1240,-0.01364668072299935,4.462993523120423e-19,mid,4.846300422256819e-17,5.96718786584924e-19,1779,1780,-141.4487024186184
1241,-0.027765155719635004,5.081280889118825e-19,mid,5.0128448956565874e-17,5.967126737958887e-19,1780,1781,-141.47201867767998
1242,-0.03420582789748039,5.593044025071652e-19,mid,5.141343907089885e-17,5.955493824728048e-19,1781,1782,-141.50423273005768
1243,-0.036978127403031635,5.969858103370968e-19,mid,5.225230752394898e-17,5.932181961286096e-19,1782,1783,-141.54043033347494
1244,-0.03796759879946876,6.191496265012591e-19,mid,5.259938477473468e-17,5.898369616376935e-19,1783,1784,-141.57818898486374
1245,-0.0382508130541197,6.246067195178646e-19,mid,5.242939068055579e-17,5.856602303676956e-19,1784,1785,-141.61636553107388
1246,-0.038542220201620125,6.131259663586997e-19,mid,5.174331080707165e-17,5.809923543089063e-19,1785,1786,-141.65469061097198
1247,-0.039042653808593286,5.854554113513211e-19,mid,5.057495664637027e-17,5.760775111000841e-19,1786,1787,-141.69344997147712
1248,-0.038900855855246164,5.431761175460975e-19,mid,4.899297590644499e-17,5.710530254240712e-19,1787,1788,-141.73277591858917
1249,-0.03534448289184411,4.885364283071075e-19,mid,4.709699466644344e-17,5.659923843258423e-19,1788,1789,-141.77125168318761
1250,-0.022220061523043455,4.2454289499546854e-19,mid,4.501109691736299e-17,5.609939763796084e-19,1789,1790,-141.80346488437286
1251,0.012126565014511925,3.5560573316364946e-19,mid,4.287896542015416e-17,5.562470708932757e-19,1790,1791,-141.8156918062337
1252,0.0821207912730273,2.891280869075943e-19,mid,4.086180654775173e-17,5.520281343438402e-19,1791,1792,-141.77921175434383
1253,-0.6791932407020198,2.383170880335788e-19,mid,3.9134892000422765e-17,5.486414704196862e-19,1792,1793,-141.65145022368765
1254,-0.8095374492204286,5.798844770764583e-19,mid,6.939613545383617e-17,5.454735395182468e-19,2422,2423,-143.13759823574787
1255,-0.12264228502024821,5.746155976468924e-19,mid,7.108281971015426e-17,5.507380629024459e-19,2423,2424,-143.2705251221285
1256,-0.0988215387168907,5.552378412875103e-19,mid,7.326575040477538e-17,5.575642191009665e-19,2424,2425,-143.38288280578837
1257,-0.06840635190974353,5.218846336673713e-19,mid,7.572569015306492e-17,5.653415477732496e-19,2425,2426,-143.46816819956229
1258,-0.03020654784094745,4.761020640767981e-19,mid,7.82466170061953e-17,5.736036211561223e-19,2426,2427,-143.51969550960786
1259,0.01920061098064707,4.214140601601802e-19,mid,8.064181999373259e-17,5.819951956088968e-19,2427,2428,-143.52858129524418
1260,0.08490685219102545,3.63492955050859e-19,mid,8.275494333218471e-17,5.901027107707715e-19,2428,2429,-143.48129428764656
1261,0.16761552370797972,3.104027598084279e-19,mid,8.444767411801128e-17,5.973503929791148e-19,2429,2430,-143.35876759086213
1262,0.2453321694235484,2.731837009674066e-19,mid,8.5594857764794e-17,6.031529638888446e-19,2430,2431,-143.1460632402306
1263,0.2683485188269401,2.6407815740509664e-19,mid,8.609843416627465e-17,6.072477625906635e-19,2431,2432,-142.86810325201503
1264,0.2148671069144399,2.8800501474732976e-19,mid,8.591143682151284e-17,6.098774193385138e-19,2432,2433,-142.60936620257672
1265,0.12498929805586556,3.3698480284302655e-19,mid,8.505197177866603e-17,6.115820247070079e-19,2433,2434,-142.43836903818615
1266,0.044275671522527205,3.9777107549102724e-19,mid,8.359606413447362e-17,6.127546824309435e-19,2434,2435,-142.359387606465
1267,-0.014775643217404877,4.5928204409064255e-19,mid,8.165710986196741e-17,6.133758541361147e-19,2435,2436,-142.3498176951411
1268,-0.05670679239514698,5.140351964415506e-19,mid,7.936871877578263e-17,6.131615157748636e-19,2436,2437,-142.3889388928998
1269,-0.08788227332806287,5.576508212054861e-19,mid,7.688063226645398e-17,6.119457049391169e-19,2437,2438,-142.4632312799314
1270,-0.11257731959810258,5.880801319698544e-19,mid,7.436402234496696e-17,6.099094922384667e-19,2438,2439,-142.56470343955593
1271,-0.13263336773449907,6.046552395170282e-19,mid,7.20145256373541e-17,6.074523629097661e-19,2439,2440,-142.6883859191276
1272,-0.14762813375558892,6.072005688534713e-19,mid,7.00421771328734e-17,6.048596149026807e-19,2440,2441,-142.82997017502493
1273,-0.15521703410624355,5.95602593282e-19,mid,6.864435126189295e-17,6.020932798261866e-19,2441,2442,-142.98364218663878
1274,-0.1518868401516329,5.6999340619899e-19,mid,6.796825397218117e-17,5.988908035469546e-19,2442,2443,-143.1404042432374
1275,-0.1340056517129682,5.313188232260458e-19,mid,6.807930314924509e-17,5.950629007189514e-19,2443,2444,-143.28741586694204
1276,-0.0985134597290056,4.818946831120532e-19,mid,6.895190547919708e-17,5.907123014330449e-19,2444,2445,-143.40841554666335
1277,-0.042881930254225153,4.2574470447346906e-19,mid,7.048507347291279e-17,5.861922155656332e-19,2445,2446,-143.48444278640005
1278,0.03413581634289642,3.6888308371441253e-19,mid,7.25287865944341e-17,5.818779166388035e-19,2446,2447,-143.4941794071718
1279,0.1256457780724105,3.198484426801068e-19,mid,7.49050206920342e-17,5.77978999829513e-19,2447,2448,-143.41617115371426
1280,0.20235231102444118,2.8986703431416428e-19,mid,7.741976770132887e-17,5.745399473013685e-19,2448,2449,-143.24288785102698
1281,0.22267309934888146,2.893418038301744e-19,mid,7.987330893862521e-17,5.7157724739291e-19,2449,2450,-143.01146653166538
1282,0.18208544642058655,3.197614950678296e-19,mid,8.207499701569086e-17,5.691971488215883e-19,2450,2451,-142.79754165232922
1283,0.1191499583054707,3.7211308945171103e-19,mid,8.38607049006141e-17,5.676144925381334e-19,2451,2452,-142.6472956388242
1284,0.06539089041856982,4.343895390458312e-19,mid,8.510675256399536e-17,5.671116747312047e-19,2452,2453,-142.55924173571827
1285,0.027061197206478482,4.965925551714935e-19,mid,8.573666779094037e-17,5.679699054703045e-19,2453,2454,-142.51651385798706
1286,0.00019282746785620475,5.5152520524218775e-19,mid,8.572096486709894e-17,5.703494176884607e-19,2454,2455,-142.50511934130532
1287,-0.019440663341228515,5.945538480912988e-19,mid,8.507133704249164e-17,5.741642872830631e-19,2455,2456,-142.51612820305135
1288,-0.03471380045145622,6.231941075023819e-19,mid,8.383204456898061e-17,5.790936179468014e-19,2456,2457,-142.54400066798777
1289,-0.047817498141768056,6.364631051128384e-19,mid,8.207452587664978e-17,5.847714129217242e-19,2457,2458,-142.58555580395426
1290,-0.060361177720196224,6.342139348108673e-19,mid,7.990095155975234e-17,5.909818076954871e-19,2458,2459,-142.6396356642713
1291,-0.07258796851284899,6.168077018208077e-19,mid,7.745427356779831e-17,5.976499368492185e-19,2459,2460,-142.70627815939466
1292,-0.08255758341954333,5.852192261627611e-19,mid,7.492268281907336e-17,6.046381975742468e-19,2460,2461,-142.784811601297
1293,-0.08606495032172745,5.41368000405873e-19,mid,7.252654246108825e-17,6.11577338358738e-19,2461,2462,-142.87139332623374
1294,-0.07731004702318955,4.88437047882083e-19,mid,7.0488008455815e-17,6.179233247253688e-19,2462,2463,-142.95694150194046
1295,-0.05015162499388737,4.3115102042766283e-19,mid,6.899683146660957e-17,6.231978312092664e-19,2463,2464,-143.02601342028012
1296,-0.0014279760368083316,3.7616979595208195e-19,mid,6.818739576399316e-17,6.272056786465679e-19,2464,2465,-143.05724475192824
1297,0.059944243749029624,3.3256097541501477e-19,mid,6.813095393822381e-17,6.300572715183833e-19,2465,2466,-143.02886937235374
1298,0.10458741779142144,3.1104011912903207e-19,mid,6.883526113558406e-17,6.319903317954963e-19,2466,2467,-142.93735626443018
1299,0.10348074388301143,3.1917619413016764e-19,mid,7.024315725489079e-17,6.331453544322035e-19,2467,2468,-142.8196945367709
1300,0.06395690525476994,3.5514648858980293e-19,mid,7.223102668138733e-17,6.334828665542482e-19,2468,2469,-142.73039477666416
1301,0.01814384901396693,4.092661557068876e-19,mid,7.461582120138434e-17,6.329009624047283e-19,2469,2470,-142.69178072626136
1302,-0.014098474775849468,4.705871653556446e-19,mid,7.717700253403044e-17,6.314220901767593e-19,2470,2471,-142.69410707863622
1303,-0.030855821204639255,5.303311862265691e-19,mid,7.969001420780118e-17,6.292512201823144e-19,2471,2472,-142.71997767581306
1304,-0.03669895879728813,5.823848215588666e-19,mid,8.195892600969543e-17,6.266445572993388e-19,2472,2473,-142.7558187210455
1305,-0.03629802509937008,6.229378039433438e-19,mid,8.383400827846195e-17,6.23730150288907e-19,2473,2474,-142.79337559340763
1306,-0.03279278714997247,6.497781365055947e-19,mid,8.520811853796458e-17,6.20459719137857e-19,2474,2475,-142.82841477124424
1307,-0.02765003021937673,6.614930147356794e-19,mid,8.600090083504006e-17,6.167121109830505e-19,2475,2476,-142.85896116770758
1308,-0.021049712964966716,6.570823648531989e-19,mid,8.615000016320392e-17,6.124291947442468e-19,2476,2477,-142.883714831683
1309,-0.012500584885316357,6.362758276401917e-19,mid,8.562183197911009e-17,6.077014612864097e-19,2477,2478,-142.9010605936375
1310,-0.0012411800619105406,6.002210612248905e-19,mid,8.443455961588528e-17,6.028153978393674e-19,2478,2479,-142.90871600145363
1311,0.013882268070361192,5.5190281947440285e-19,mid,8.267222466757556e-17,5.982549064427795e-19,2479,2480,-142.90354295376133
1312,0.034810936775102164,4.96021361465394e-19,mid,8.047610640803347e-17,5.945904813666531e-19,2480,2481,-142.8809514653129
1313,0.06383123575001548,4.386657828799483e-19,mid,7.801963391298708e-17,5.922724799857013e-19,2481,2482,-142.83392108021113
1314,0.0998431441045966,3.873203103673126e-19,mid,7.548544802873653e-17,5.914922550650121e-19,2482,2483,-142.75328899381287
1315,0.13006350703284397,3.510810070563004e-19,mid,7.305712528742117e-17,5.92250582358563e-19,2483,2484,-142.63423479200193
1316,0.12944185899695526,3.392076789175163e-19,mid,7.092185528126449e-17,5.94563250731872e-19,2484,2485,-142.49316197974719
1317,0.08526186734063401,3.560571777316666e-19,mid,6.926881976344717e-17,5.985784409543742e-19,2485,2486,-142.37535107400802
1318,0.01689951829888514,3.9709547169662085e-19,mid,6.826986093290785e-17,6.044667813062679e-19,2486,2487,-142.32263824506592
1319,-0.045192009507388775,4.522138180006094e-19,mid,6.80431476576699e-17,6.121846883444156e-19,2487,2488,-142.34155203741025
1320,-0.08563714612527917,5.113967792863464e-19,mid,6.861759331363171e-17,6.213466127312371e-19,2488,2489,-142.4130222640807
1321,-0.10427093640150531,5.672340661501706e-19,mid,6.992146069133158e-17,6.313417298959055e-19,2489,2490,-142.5128263296608
1322,-0.10700752824736526,6.150288146265843e-19,mid,7.180417872084067e-17,6.416007105924976e-19,2490,2491,-142.6215641368837
1323,-0.10025022313129739,6.520401835243232e-19,mid,7.407651350968297e-17,6.517615436644026e-19,2491,2492,-142.72684138615554
1324,-0.08860195047510899,6.765040936546129e-19,mid,7.654381487123757e-17,6.61549381752634e-19,2492,2493,-142.8220645831463
1325,-0.07428325378707257,6.868763481221153e-19,mid,7.901893746506526e-17,6.704576631605997e-19,2493,2494,-142.90404528710576
1326,-0.05749398431343877,6.816963090750544e-19,mid,8.132165438533142e-17,6.775688552153177e-19,2494,2495,-142.97063109072045
1327,-0.037192638768985375,6.601539545677572e-19,mid,8.328078198241241e-17,6.818001362240582e-19,2495,2496,-143.01903325573264
1328,-0.011849297381303359,6.229894016973345e-19,mid,8.474758393452529e-17,6.8246380344388025e-19,2496,2497,-143.04501636825842
1329,0.02008090732718415,5.731550855629994e-19,mid,8.561440708019313e-17,6.796530365420608e-19,2497,2498,-143.04273185049524
1330,0.0598205918347503,5.15924371799491e-19,mid,8.582636129226313e-17,6.740679262229094e-19,2498,2499,-143.00485455360405
1331,0.10699903397424748,4.586135739866819e-19,mid,8.538066675613335e-17,6.66457018022721e-19,2499,2500,-142.92309066682574
1332,0.1552959920887531,4.1026728998947376e-19,mid,8.431808318584092e-17,6.572413111331468e-19,2500,2501,-142.79085648565555
1333,0.18690185339208654,3.8090169198243807e-19,mid,8.271356851655147e-17,6.466485929075259e-19,2501,2502,-142.61249868264824
1334,0.1799985993844473,3.7853982703965757e-19,mid,8.067019332842371e-17,6.351165087455486e-19,2502,2503,-142.41705277887138
1335,0.1317968044865836,4.042457851757689e-19,mid,7.831755429554964e-17,6.23485413984439e-19,2503,2504,-142.25250148387934
1336,0.06313707974311455,4.509749701867271e-19,mid,7.581416491590501e-17,6.127989631079962e-19,2504,2505,-142.1534591698982
1337,-0.0036295374813590797,5.081938179692982e-19,mid,7.334940387789634e-17,6.039339077097642e-19,2505,2506,-142.1262273243931
1338,-0.05798677222708193,5.663830722225041e-19,mid,7.113624075923752e-17,5.973722931530144e-19,2506,2507,-142.16071824486093
1339,-0.0973560848170365,6.186712455498843e-19,mid,6.938783407495513e-17,5.932389188238761e-19,2507,2508,-142.24220086884728
1340,-0.12185214287401891,6.607946444457558e-19,mid,6.828171616565785e-17,5.915057429776267e-19,2508,2509,-142.355430414495
1341,-0.13273141320270554,6.904430866684472e-19,mid,6.792677779700912e-17,5.921796204175908e-19,2509,2510,-142.48590515459532
1342,-0.13208997958830082,7.064450877798353e-19,mid,6.834856885624415e-17,5.953437985852267e-19,2510,2511,-142.62089324090041
1343,-0.12219647986600535,7.081155381688449e-19,mid,6.949564111385473e-17,6.010317914281376e-19,2511,2512,-142.75008511377192
1344,-0.10463282514430716,6.950235438608792e-19,mid,7.12565211661191e-17,6.0902078514082e-19,2512,2513,-142.86528620063243
1345,-0.07990093294461076,6.672536822683657e-19,mid,7.347579660771177e-17,6.187059927975596e-19,2513,2514,-142.95935076406053
1346,-0.047624349762955376,6.259957219709856e-19,mid,7.596633219404419e-17,6.291857186495008e-19,2514,2515,-143.02508806652165
1347,-0.006966789601690948,5.741517596245954e-19,mid,7.852179611275579e-17,6.395322224524229e-19,2515,2516,-143.05459946358644
1348,0.04279088948851495,5.167056710106483e-19,mid,8.093389072613644e-17,6.490662002039648e-19,2516,2517,-143.03902164572503
1349,0.10032381722021455,4.608239919920457e-19,mid,8.301417839435757e-17,6.574414684715651e-19,2517,2518,-142.9690176846094
1350,0.15711301399660726,4.1571682542108943e-19,mid,8.461496847741105e-17,6.645022905208052e-19,2518,2519,-142.8383740112846
1351,0.19316881316416357,3.915527457856869e-19,mid,8.564044247543425e-17,6.700680981417927e-19,2519,2520,-142.6547916566162
1352,0.18847242739329317,3.9575921466165e-19,mid,8.604218053807329e-17,6.738598502807741e-19,2520,2521,-142.45203638495627
1353,0.14530579875734873,4.280266294668031e-19,mid,8.580408706020187e-17,6.756512274791769e-19,2521,2522,-142.2778468018296
1354,0.08645861944668809,4.8018760662527385e-19,mid,8.493207284406456e-17,6.755107542885592e-19,2522,2523,-142.16142478744158
1355,0.03163696936221072,5.412773884724975e-19,mid,8.346075088568172e-17,6.7388959305313755e-19,2523,2524,-142.10492956293623
1356,-0.012735827546435985,6.017403592173788e-19,mid,8.147245084615189e-17,6.714322742987047e-19,2524,2525,-142.09815084871715
1357,-0.0480242522406229,6.548512837844307e-19,mid,7.910957066839133e-17,6.68650260713596e-19,2525,2526,-142.1304012180291
1358,-0.07708761329432434,6.965467156214159e-19,mid,7.656514034895895e-17,6.65729505119533e-19,2526,2527,-142.1941993531984
1359,-0.10139299033853888,7.246099342636031e-19,mid,7.405475798717917e-17,6.626029596767334e-19,2527,2528,-142.28457644461776
1360,-0.12045370606006145,7.378108686893382e-19,mid,7.178713041879372e-17,6.591761322277818e-19,2528,2529,-142.39698533387548
1361,-0.13244312286170157,7.35465578096974e-19,mid,6.994751602203772e-17,6.554994331712631e-19,2529,2530,-142.52548385673788
1362,-0.13506497415750118,7.175513654251148e-19,mid,6.869314945472183e-17,6.517834770061029e-19,2530,2531,-142.66187157959888
1363,-0.12612075373625942,6.851257780684106e-19,mid,6.81473806116789e-17,6.482996191587566e-19,2531,2532,-142.79561380505288
1364,-0.10377147166020961,6.406477210863318e-19,mid,6.838152988077749e-17,6.45258682018939e-19,2532,2533,-142.9141130870714
1365,-0.06676550029956729,5.879869616752275e-19,mid,6.938903342502486e-17,6.427339517570707e-19,2533,2534,-143.0031567483733
1366,-0.014978513247044134,5.32285159420442e-19,mid,7.107074613748392e-17,6.406641079129805e-19,2534,2535,-143.04764408767053
1367,0.04867780230131302,4.800783878269112e-19,mid,7.324793124073931e-17,6.389446991554474e-19,2535,2536,-143.0331137748674
1368,0.11352567950558523,4.39748994039977e-19,mid,7.570084651555739e-17,6.375718727967888e-19,2536,2537,-142.9502884830679
1369,0.15834294480441713,4.20990716487218e-19,mid,7.821260181986032e-17,6.367428404722574e-19,2537,2538,-142.80606241585622
1370,0.1643001079305293,4.308960881223864e-19,mid,8.059574049193141e-17,6.36797980035667e-19,2538,2539,-142.63360259345907
1371,0.13550892270434645,4.684402347449625e-19,mid,8.269384243072859e-17,6.379981540754925e-19,2539,2540,-142.47746219999516
1372,0.09435849518031603,5.245341517768166e-19,mid,8.437003527356013e-17,6.403218319043281e-19,2540,2541,-142.36258474805038
1373,0.05845385372685996,5.876504919030391e-19,mid,8.55026022023437e-17,6.435075561098671e-19,2541,2542,-142.28874520963453
1374,0.032089142612619526,6.483147134492451e-19,mid,8.599776273561053e-17,6.473383133491267e-19,2542,2543,-142.24567704059666
1375,0.01221008246160693,7.003396566139196e-19,mid,8.581081846554479e-17,6.518744034783206e-19,2543,2544,-142.2245669244093
1376,-0.005151991457054805,7.401556540281299e-19,mid,8.495802579013858e-17,6.573409200326722e-19,2544,2545,-142.22125687567345
1377,-0.02198213171344321,7.655868426934987e-19,mid,8.351075787999749e-17,6.637456027776009e-19,2545,2546,-142.2348709073234
1378,-0.038085997115757664,7.750328741119166e-19,mid,8.157894891301864e-17,6.706388774755617e-19,2546,2547,-142.26522113910033
1379,-0.05217741338947235,7.674929069471111e-19,mid,7.929662001494987e-17,6.773003184770764e-19,2547,2548,-142.3110429015549
1380,-0.06286810817266542,7.431698817778169e-19,mid,7.681635072436096e-17,6.831840254673666e-19,2548,2549,-142.36957596587928
1381,-0.0688259440636898,7.040068058100207e-19,mid,7.431060558150327e-17,6.881909279555616e-19,2549,2550,-142.43677911790024
1382,-0.06826574052867329,6.537025937242157e-19,mid,7.197252281375612e-17,6.92524753776886e-19,2550,2551,-142.50722785400666
1383,-0.05850327716383674,5.972805810110699e-19,mid,7.00076619249963e-17,6.963066074421096e-19,2551,2552,-142.5733105989576
1384,-0.03664547817712105,5.406826087192149e-19,mid,6.861099526641814e-17,6.993362453243932e-19,2552,2553,-142.62423440833433
1385,-0.0027556823251586593,4.908162863465969e-19,mid,6.793174656758374e-17,7.012130060256864e-19,2553,2554,-142.64660155531183
1386,0.034820404927089044,4.557855651611119e-19,mid,6.804016550371154e-17,7.016749611803499e-19,2554,2555,-142.62974577298465
1387,0.059118723006719165,4.437860231252977e-19,mid,6.891424254111101e-17,7.00823926188887e-19,2555,2556,-142.57696074545765
1388,0.057756876543379576,4.5930770756568365e-19,mid,7.045258265200696e-17,6.990326915673105e-19,2556,2557,-142.5115083269712
1389,0.03622644475903769,4.995114345686763e-19,mid,7.250181893060071e-17,6.966340630903804e-19,2557,2558,-142.4614469923709
1390,0.010656227565064569,5.555557543126639e-19,mid,7.488148270126455e-17,6.936807381593189e-19,2558,2559,-142.43905543745313
1391,-0.007698420391378136,6.171570423105832e-19,mid,7.739913979231074e-17,6.89981025506369e-19,2559,2560,-142.44013453724077
1392,-0.016362592694477485,6.758246581842543e-19,mid,7.986000204152091e-17,6.853551322044157e-19,2560,2561,-142.4544522782359
1393,-0.01758983265588654,7.258137616553492e-19,mid,8.207742851234504e-17,6.798753716880797e-19,2561,2562,-142.47285972262972
1394,-0.014782673461667173,7.636915707402059e-19,mid,8.388617640925017e-17,6.73915021380233e-19,2562,2563,-142.48963194354766
1395,-0.010734883411942064,7.873416150525465e-19,mid,8.515633264010922e-17,6.680248478926973e-19,2563,2564,-142.50242506955306
1396,-0.00677150837448437,7.951514849656133e-19,mid,8.580463740467747e-17,6.627535477321838e-19,2564,2565,-142.51110171037155
1397,-0.0024996477201426615,7.859465575885998e-19,mid,8.579919509416268e-17,6.584898312389626e-19,2565,2566,-142.51596808630202
1398,0.0036919347392654345,7.59656558138593e-19,mid,8.515433498975963e-17,6.553743717770837e-19,2566,2567,-142.51610100581183
1399,0.01353920178445378,7.181146766562405e-19,mid,8.391821650963219e-17,6.533507861591636e-19,2567,2568,-142.5085842168235
1400,0.027866126808390845,6.653543423619344e-19,mid,8.216347421980408e-17,6.523639463796673e-19,2568,2569,-142.48902260224293
1401,0.04618293234669579,6.072752523008142e-19,mid,7.999041311411921e-17,6.525464050970421e-19,2569,2570,-142.4528519632067
1402,0.06651587648309487,5.510471676310912e-19,mid,7.753985704571908e-17,6.541795539551177e-19,2570,2571,-142.39665673754953
1403,0.08411333147890332,5.046391979173424e-19,mid,7.500025437663506e-17,6.574260794007305e-19,2571,2572,-142.31982021024052
1404,0.08969584666357378,4.762029362845113e-19,mid,7.259477504722173e-17,6.620975742896746e-19,2572,2573,-142.22843007459173
1405,0.07314172442404754,4.72178114933946e-19,mid,7.054897256513645e-17,6.677143899596914e-19,2573,2574,-142.14042851691337
1406,0.034044569264082725,4.940728900862156e-19,mid,6.90543368258113e-17,6.738260497334332e-19,2574,2575,-142.08214662574363
1407,-0.014776678063725512,5.370490523019924e-19,mid,6.824439306605004e-17,6.803046768650434e-19,2575,2576,-142.0723393783852
1408,-0.057694482123352486,5.924053664544602e-19,mid,6.818792409369836e-17,6.873430050731445e-19,2576,2577,-142.11169998187108
1409,-0.08617972288713815,6.512627628381009e-19,mid,6.889080091959991e-17,6.951448599169716e-19,2577,2578,-142.1877283426319
1410,-0.09921688888246649,7.066482537486341e-19,mid,7.029609510920547e-17,7.035664728176727e-19,2578,2579,-142.28405942764536
1411,-0.09966067186381622,7.538060609440741e-19,mid,7.228187530845628e-17,7.120215658901567e-19,2579,2580,-142.38616212039685
1412,-0.09137175041566081,7.895513092714581e-19,mid,7.46659536619398e-17,7.197407837040216e-19,2580,2581,-142.483380771373
1413,-0.07766770634108866,8.11469161737513e-19,mid,7.72263080673424e-17,7.261612208032159e-19,2581,2582,-142.56890562122817
1414,-0.0606658636184676,8.175852172646426e-19,mid,7.97354117111159e-17,7.3109982433694e-19,2582,2583,-142.63871618405517
1415,-0.04123124837634862,8.06718582645676e-19,mid,8.19951367759803e-17,7.345604980888968e-19,2583,2584,-142.6902373484651
1416,-0.019224984026394054,7.791695008995067e-19,mid,8.385564519152242e-17,7.363740247133323e-19,2584,2585,-142.72117868080787
1417,0.006177727630614527,7.371444600470166e-19,mid,8.521127056872318e-17,7.360452706663762e-19,2585,2586,-142.7286873165179
1418,0.036088055821963394,6.846659492970512e-19,mid,8.598371049290209e-17,7.329988462093963e-19,2586,2587,-142.70882322554664
1419,0.07112841047704421,6.2729830773714e-19,mid,8.611302856284765e-17,7.2703410228902345e-19,2587,2588,-142.65651120487396
1420,0.10953672706787643,5.721772043257793e-19,mid,8.556842239453109e-17,7.185947268837626e-19,2588,2589,-142.56656640459255
1421,0.1437003514915176,5.281873876845829e-19,mid,8.437014607904003e-17,7.086315436076629e-19,2589,2590,-142.4374377507382
1422,0.15900493015875838,5.049144358373513e-19,mid,8.260207623089393e-17,6.982007034634776e-19,2590,2591,-142.27916570160951
1423,0.1429828182832864,5.088643933242843e-19,mid,8.040312847694259e-17,6.881275211146147e-19,2591,2592,-142.1194278904207
1424,0.09869268258333364,5.391225121290716e-19,mid,7.794443588051492e-17,6.789412561254405e-19,2592,2593,-141.99320006504294
1425,0.04241213350580608,5.877653919370577e-19,mid,7.540857237130232e-17,6.710322964610121e-19,2593,2594,-141.92204252525403
1426,-0.0111467279049009,6.446808307893848e-19,mid,7.298082973194756e-17,6.648413510181769e-19,2594,2595,-141.90837579803133
1427,-0.05562832537077611,7.014764257772754e-19,mid,7.084926771313915e-17,6.609184929637148e-19,2595,2596,-141.94433598106383
1428,-0.08975697497437807,7.524681694590658e-19,mid,6.920122658918684e-17,6.598010056680313e-19,2596,2597,-142.01963244877288
1429,-0.11316015947507196,7.939636670343402e-19,mid,6.820504919778775e-17,6.617814336392903e-19,2597,2598,-142.1238499310126
1430,-0.12504083128540344,8.232622520241008e-19,mid,6.797673971739038e-17,6.667288087463474e-19,2598,2599,-142.24595276772303
1431,-0.12488457167685851,8.381645766635535e-19,mid,6.854629240761442e-17,6.74114256400947e-19,2599,2600,-142.3739315935834
1432,-0.11340444206834377,8.371576541354095e-19,mid,6.984527413454935e-17,6.83248040781805e-19,2600,2601,-142.49572191107674
1433,-0.09254190652674765,8.19944914676005e-19,mid,7.172574720866255e-17,6.935556147902734e-19,2601,2602,-142.60074047772008
1434,-0.0645877138314006,7.878164314527393e-19,mid,7.399833286900786e-17,7.046628068027028e-19,2602,2603,-142.68080572413024
1435,-0.031208553380992043,7.4358468552110515e-19,mid,7.646595561225153e-17,7.162096863857153e-19,2603,2604,-142.72991590538288
1436,0.007012320821530693,6.912497267991851e-19,mid,7.893956293917383e-17,7.275756388585544e-19,2604,2605,-142.74322283089222
1437,0.050128814322491166,6.3586407179356815e-19,mid,8.124037599951546e-17,7.378291995917556e-19,2605,2606,-142.71589126373982
1438,0.09668194064893498,5.839455955522219e-19,mid,8.320210152685873e-17,7.460382390220774e-19,2606,2607,-142.64296520224724
1439,0.13949548581366855,5.440293629820773e-19,mid,8.468080008277048e-17,7.517091310628856e-19,2607,2608,-142.52252738244195
1440,0.16401585939830454,5.257041461441683e-19,mid,8.556901979480564e-17,7.549419815476271e-19,2608,2609,-142.3639742306199
1441,0.15768990432449925,5.354777552300381e-19,mid,8.580639249008427e-17,7.561408954143495e-19,2609,2610,-142.19449566364534
1442,0.1234112998435819,5.719785092588469e-19,mid,8.53829061838939e-17,7.555707302513553e-19,2610,2611,-142.0485944219709
1443,0.07688549596548455,6.263576664893126e-19,mid,8.433580223623638e-17,7.532032360055058e-19,2611,2612,-141.94767306395818
1444,0.03202947063445549,6.874963767515574e-19,mid,8.274201709309241e-17,7.489759755418166e-19,2612,2613,-141.89482343003993
1445,-0.00577292039596955,7.463081348933998e-19,mid,8.070874707542711e-17,7.43155469212108e-19,2613,2614,-141.88361412268927
1446,-0.0370422944371569,7.969012579065698e-19,mid,7.836714093778179e-17,7.364170217939033e-19,2614,2615,-141.90636927083187
1447,-0.0640794115823411,8.358017136325439e-19,mid,7.587328214473155e-17,7.295747324380839e-19,2615,2616,-141.95769871156358
1448,-0.08816565958557021,8.607909743481907e-19,mid,7.341289756205e-17,7.232259479858892e-19,2616,2617,-142.03452809399656
1449,-0.10821561926590562,8.702706956138782e-19,mid,7.119791277038395e-17,7.175975522479288e-19,2617,2618,-142.13403003073472
1450,-0.12102506519256906,8.633369932366777e-19,mid,6.944439367354404e-17,7.126601362020675e-19,2618,2619,-142.25095933252837
1451,-0.12285318319297289,8.402267902814983e-19,mid,6.833459852835041e-17,7.083602540750336e-19,2619,2620,-142.37608016111986
1452,-0.1112673494140779,8.0268834005116635e-19,mid,6.798031928593618e-17,7.047805905451599e-19,2620,2621,-142.4966656989143
1453,-0.08601402403546388,7.540413436076811e-19,mid,6.840617676343098e-17,7.021459778261175e-19,2621,2622,-142.59861485994801
1454,-0.048580663104871746,6.98972599599183e-19,mid,6.955736197430718e-17,7.007038919176218e-19,2622,2623,-142.66869374698524
1455,-0.0014978594205246054,6.433058250292929e-19,mid,7.132015700687856e-17,7.005571802872601e-19,2623,2624,-142.69577618615776
1456,0.05083645768483791,5.93981542240566e-19,mid,7.35403505400151e-17,7.015512648373391e-19,2624,2625,-142.6716894658263
1457,0.09949489533519795,5.590352138266941e-19,mid,7.603419697594969e-17,7.033132474121757e-19,2625,2626,-142.59410327078808
1458,0.130956140400599,5.46444884798433e-19,mid,7.85971950850644e-17,7.054587294630876e-19,2626,2627,-142.4726996751559
1459,0.13528406076835608,5.6081066846186955e-19,mid,8.101875763832976e-17,7.078440061595497e-19,2627,2628,-142.33219098998688
1460,0.11549233481682109,5.999509546459958e-19,mid,8.310528544876062e-17,7.106540022471128e-19,2628,2629,-142.20213155361918
1461,0.0844027099417417,6.55511558904286e-19,mid,8.470494413132313e-17,7.14206149448313e-19,2629,2630,-142.10120632035324
1462,0.05359663283739735,7.171260625449389e-19,mid,8.572154158124332e-17,7.186132958281578e-19,2630,2631,-142.0333261337357
1463,0.028158861665176005,7.7602115553082875e-19,mid,8.610934154967653e-17,7.236307557130357e-19,2631,2632,-141.99401305467845
1464,0.008176075502987601,8.261891342107296e-19,mid,8.585528709731296e-17,7.2885524358607e-19,2632,2633,-141.97700841040535
1465,-0.008321626453835052,8.638523262067985e-19,mid,8.496706286976658e-17,7.340762321971455e-19,2633,2634,-141.97766090367247
1466,-0.023242969722986118,8.865429472961704e-19,mid,8.348019650487363e-17,7.394103675944279e-19,2634,2635,-141.99365166331302
1467,-0.03740150995992053,8.926716593900332e-19,mid,8.147788212673594e-17,7.450730794871441e-19,2635,2636,-142.02414684311844
1468,-0.05038490781788596,8.816894491084841e-19,mid,7.91031730845892e-17,7.510146218343195e-19,2636,2637,-142.06845468323286
1469,-0.06086389558339533,8.544296244957273e-19,mid,7.654908372204923e-17,7.567689471841407e-19,2637,2638,-142.12491665875422
1470,-0.06690268814053013,8.132421259932045e-19,mid,7.403089355362029e-17,7.616421698050526e-19,2638,2639,-142.19018247439965
1471,-0.06618063983286504,7.618645691689263e-19,mid,7.175744620180607e-17,7.650719625978302e-19,2639,2640,-142.25872203503528
1472,-0.05638546587739768,7.05243024284491e-19,mid,6.991446853169022e-17,7.668821572491131e-19,2640,2641,-142.32254375406538
1473,-0.03634698251089219,6.495447644989734e-19,mid,6.86589495885027e-17,7.672711980966856e-19,2641,2642,-142.37149296679007
1474,-0.008441615921142898,6.022999782052428e-19,mid,6.811268329162842e-17,7.665801232406471e-19,2642,2643,-142.39523771908716
1475,0.01917276535631629,5.71943229659932e-19,mid,6.83449281504884e-17,7.650306378702568e-19,2643,2644,-142.38837619863236
1476,0.0354336458630371,5.656119016665621e-19,mid,6.934800088136156e-17,7.626208629914374e-19,2644,2645,-142.35689218837453
1477,0.035355171473767655,5.855963383993564e-19,mid,7.102316980782342e-17,7.592340609373189e-19,2645,2646,-142.31750890690628
1478,0.024366104396662536,6.277611693104682e-19,mid,7.319295253826986e-17,7.548593650672682e-19,2646,2647,-142.286181845427
1479,0.01160940917880282,6.839396902497479e-19,mid,7.563854693825497e-17,7.497567647965915e-19,2647,2648,-142.26877669811296
1480,0.002322919852076666,7.455422026299302e-19,mid,7.814293757298714e-17,7.4444309880783655e-19,2648,2649,-142.2629630270694
1481,-0.0027352787925281064,8.054006480203717e-19,mid,8.05176071855085e-17,7.394796574496177e-19,2649,2650,-142.2641308584088
1482,-0.004381295366286508,8.578166883900035e-19,mid,8.260539887247267e-17,7.3517517646939e-19,2650,2651,-142.26843358465445
1483,-0.0031694000065982664,8.980838828648333e-19,mid,8.427085191306023e-17,7.314352135488959e-19,2651,2652,-142.27289344914138
1484,0.000651343384376446,9.22413563295871e-19,mid,8.539640283581192e-17,7.279551433122512e-19,2652,2653,-142.27477238466764
1485,0.0065060437408135385,9.283973440442235e-19,mid,8.589296981674079e-17,7.246800805668219e-19,2653,2654,-142.27159076237263
1486,0.01331076767756656,9.15542668561977e-19,mid,8.571721538742349e-17,7.221193620126952e-19,2654,2655,-142.26176029718602
1487,0.020059179845148378,8.85390374252644e-19,mid,8.488155541514038e-17,7.211160429623248e-19,2655,2656,-142.2449692270175
1488,0.02665547093721443,8.411557955246515e-19,mid,8.345095712947583e-17,7.2219293992609855e-19,2656,2657,-142.22164193749572
1489,0.03417296817522697,7.872482509365013e-19,mid,8.153140477123228e-17,7.251093085806457e-19,2657,2658,-142.19165828514306
1490,0.044027312508191585,7.290901839772182e-19,mid,7.925796218018358e-17,7.290985493277978e-19,2658,2659,-142.15329600114526
1491,0.05598504554387773,6.733641601384648e-19,mid,7.678691457593107e-17,7.335435082788642e-19,2659,2660,-142.10360366012668
1492,0.0655949439762793,6.282248172675176e-19,mid,7.429251372073481e-17,7.384018902792021e-19,2660,2661,-142.0413259100575
1493,0.06388294593574528,6.023232692904872e-19,mid,7.196559629919617e-17,7.440020323861915e-19,2661,2662,-141.97241377217412
1494,0.04344651173842351,6.017478781042374e-19,mid,7.000749820604024e-17,7.504912539817641e-19,2662,2663,-141.91356001818602
1495,0.007100969089080422,6.265743675019872e-19,mid,6.861123098905218e-17,7.575152734490697e-19,2663,2664,-141.88552074869727
1496,-0.03278588219303913,6.7077489611478365e-19,mid,6.792852064419963e-17,7.644120254396983e-19,2664,2665,-141.89935808000786
1497,-0.06425807073682677,7.2570898765493105e-19,mid,6.803476043826412e-17,7.706919148392442e-19,2665,2666,-141.95109251308335
1498,-0.08246410464951737,7.834760279460914e-19,mid,6.891154539269693e-17,7.763364788321413e-19,2666,2667,-142.0278742214815
1499,-0.08859710927620768,8.380409394663454e-19,mid,7.045685037835949e-17,7.816447167535116e-19,2667,2668,-142.1160207223824
1500,-0.08602864794508491,8.848030736194454e-19,mid,7.251369089586595e-17,7.867730664549391e-19,2668,2669,-142.20506844003393
1501,-0.0776018869806876,9.198846042629089e-19,mid,7.489899175624355e-17,7.913876175376148e-19,2669,2670,-142.28807801827256
1502,-0.06479872563808442,9.399128733753787e-19,mid,7.742171427218948e-17,7.947537828793172e-19,2670,2671,-142.3602722139953
1503,-0.04811714851251736,9.42438692686391e-19,mid,7.989145041699938e-17,7.96197525843678e-19,2671,2672,-142.41767546954873
1504,-0.027819505694793634,9.266555170901014e-19,mid,8.212453386475498e-17,7.955222216736782e-19,2672,2673,-142.45650651102034
1505,-0.004446306409931822,8.939035999159304e-19,mid,8.39535964072064e-17,7.930125801001386e-19,2673,2674,-142.4733144809383
1506,0.021201038659299343,8.476112876530214e-19,mid,8.524226444560006e-17,7.890760892925562e-19,2674,2675,-142.4653991238402
1507,0.04851051171878851,7.927396285277223e-19,mid,8.590124061047807e-17,7.839150665970917e-19,2675,2676,-142.43091240361971
1508,0.07722939443995358,7.352171885277103e-19,mid,8.589728671599503e-17,7.775274992807724e-19,2676,2677,-142.36837810040262
1509,0.1061225817495739,6.819094378918642e-19,mid,8.524797814534976e-17,7.699564951189269e-19,2677,2678,-142.2764536147398
1510,0.12988847863655906,6.409327532415352e-19,mid,8.400557547840894e-17,7.615020847051326e-19,2678,2679,-142.15613293690348
1511,0.13809266667840348,6.208165368356571e-19,mid,8.224444194143802e-17,7.527463087836345e-19,2679,2680,-142.0166766574667
1512,0.12170040832080531,6.271137824779963e-19,mid,8.006421812587191e-17,7.44444378986298e-19,2680,2681,-141.87994760354667
1513,0.08242173848758227,6.586004870629381e-19,mid,7.760479465024328e-17,7.3736242207086635e-19,2681,2682,-141.77327584082508
1514,0.031899491183466466,7.076461493975435e-19,mid,7.505503572746424e-17,7.3210393229776455e-19,2682,2683,-141.7151041265715
1515,-0.017767100727695606,7.645281373857337e-19,mid,7.263980192080533e-17,7.290007639548704e-19,2683,2684,-141.70947685845815
1516,-0.05961235572141277,8.211180275931111e-19,mid,7.05865174637855e-17,7.281598545436613e-19,2684,2685,-141.7506383280269
1517,-0.09100784753130142,8.718395908082013e-19,mid,6.908759544595146e-17,7.29642413551288e-19,2685,2686,-141.82870156990097
1518,-0.11136474628311532,9.12935041582775e-19,mid,6.827593979335766e-17,7.3360512718000295e-19,2686,2687,-141.9326540230895
1519,-0.12076796854212546,9.415531953548846e-19,mid,6.82185125945837e-17,7.402380859685517e-19,2687,2688,-142.0514310624672
1520,-0.11951648890095612,9.554383747646014e-19,mid,6.891941785047271e-17,7.495176888942742e-19,2688,2689,-142.17418996017375
1521,-0.10817429339651596,9.532148187862464e-19,mid,7.032117755991285e-17,7.609821261762855e-19,2689,2690,-142.29046404026911
1522,-0.08777459759120632,9.348299183310532e-19,mid,7.230241372652926e-17,7.73741590535527e-19,2690,2691,-142.39053854696678
1523,-0.0598348757004743,9.017473458368354e-19,mid,7.468133078595931e-17,7.867437008984056e-19,2691,2692,-142.46601323545153
1524,-0.02605283391426383,8.568233039636185e-19,mid,7.723521951276922e-17,7.991038850345128e-19,2692,2693,-142.51020829836773
1525,0.01205104499224774,8.041488502620042e-19,mid,7.973524380776153e-17,8.102615637710302e-19,2693,2694,-142.51811890328005
1526,0.0528973718434429,7.492000820208372e-19,mid,8.198245537110211e-17,8.1986474256343765e-19,2694,2695,-142.48610620838323
1527,0.09332153806040822,6.992431761845679e-19,mid,8.382714824416939e-17,8.275110140273249e-19,2695,2696,-142.41232415959317
1528,0.12640541457288634,6.631835140201608e-19,mid,8.5164569077429e-17,8.326189330955406e-19,2696,2697,-142.29946313226242
1529,0.14244118644049308,6.49557272937613e-19,mid,8.591826312847156e-17,8.34618118269197e-19,2697,2698,-142.1595133304474
1530,0.1356676451219272,6.626415163770087e-19,mid,8.603146170788036e-17,8.333410239527867e-19,2698,2699,-142.01458075938143
1531,0.10976631844745555,6.998023773195865e-19,mid,8.547705300478991e-17,8.29256400806169e-19,2699,2700,-141.88817804020354
1532,0.07407826500526937,7.531035686605993e-19,mid,8.427709328404233e-17,8.2329345464608e-19,2700,2701,-141.79504812248652
1533,0.03631136776141375,8.13234469411837e-19,mid,8.251348502390969e-17,8.163807532821964e-19,2701,2702,-141.740021510193
1534,0.0003794730651804912,8.721171017962987e-19,mid,8.032058814654614e-17,8.090771418053571e-19,2702,2703,-141.7224253869637
1535,-0.031928393015775214,9.234974188738663e-19,mid,7.786608406833427e-17,8.015576882190734e-19,2703,2704,-141.73926256406264
1536,-0.05959510308719018,9.627217754196185e-19,mid,7.533275709562027e-17,7.938915352370255e-19,2704,2705,-141.78628217299524
1537,-0.08202694394852017,9.866152279647386e-19,mid,7.290858422530588e-17,7.863475171690084e-19,2705,2706,-141.85845277023702
1538,-0.09873190456457337,9.93578810418847e-19,mid,7.078317563456733e-17,7.794996824120224e-19,2706,2707,-141.95033606089228
1539,-0.10867997169413002,9.836173758029852e-19,mid,6.914205065420542e-17,7.74056350104995e-19,2707,2708,-142.05591657936617
1540,-0.1099071411131689,9.580935635862255e-19,mid,6.814976838056065e-17,7.705157985836115e-19,2708,2709,-142.16769600428054
1541,-0.09998977894396432,9.1931767555737e-19,mid,6.792018719312616e-17,7.688969966718228e-19,2709,2710,-142.2757308615925
1542,-0.07725232628310152,8.703141396345501e-19,mid,6.848502494757181e-17,7.687763914087417e-19,2710,2711,-142.36767556216847
1543,-0.041936002366938396,8.150663863751635e-19,mid,6.978017065273102e-17,7.696387158164481e-19,2711,2712,-142.4302355141587
1544,0.00300344647178008,7.591964017077022e-19,mid,7.166106623052884e-17,7.712724845358936e-19,2712,2713,-142.45154756690235
1545,0.05101426432825917,7.104792132229158e-19,mid,7.393819656414509e-17,7.738552789993313e-19,2713,2714,-142.42422862121515
1546,0.09171818015079225,6.780836290276199e-19,mid,7.641150578589825e-17,7.77620441766848e-19,2714,2715,-142.34951903824583
1547,0.11454197427235613,6.696712424677531e-19,mid,7.888951875161176e-17,7.82405582811109e-19,2715,2716,-142.24079226091357
1548,0.11587167607405036,6.875728483256988e-19,mid,8.119474789410617e-17,7.875459775113394e-19,2716,2717,-142.12043508970112
1549,0.10136799132145313,7.275935991634468e-19,mid,8.31656153395435e-17,7.922732425307509e-19,2717,2718,-142.00904890876546
1550,0.07985178336433307,7.817313981979504e-19,mid,8.466217958103647e-17,7.962736897612031e-19,2718,2719,-141.9176991070582
1551,0.05705485206769367,8.41651873989746e-19,mid,8.557581247244165e-17,7.998687835709789e-19,2719,2720,-141.8493453420368
1552,0.03498159026420922,9.002123320917457e-19,mid,8.583955706448343e-17,8.036333702269287e-19,2720,2721,-141.80358940292282
1553,0.014062401016701642,9.513947253207902e-19,mid,8.54360967569344e-17,8.078172448203974e-19,2721,2722,-141.77938216150838
1554,-0.005300103162227288,9.900722140458961e-19,mid,8.439998542730782e-17,8.121136389448314e-19,2722,2723,-141.77546460088942
1555,-0.02241484125562465,1.0123185715469957e-18,mid,8.281107141561187e-17,8.159571331162507e-19,2723,2724,-141.78998236783283
1556,-0.036673738335153416,1.0160386853991876e-18,mid,8.078122928292542e-17,8.190168845705367e-19,2724,2725,-141.82029428340067
1557,-0.04795937846255072,1.0013363039399368e-18,mid,7.844361404634618e-17,8.213992067449236e-19,2725,2726,-141.86332984450314
1558,-0.05652861153551214,9.702934409214392e-19,mid,7.595267861454695e-17,8.234079541346742e-19,2726,2727,-141.91621304032577
1559,-0.062189488096066725,9.263155411349121e-19,mid,7.34914934583458e-17,8.251453390828764e-19,2727,2728,-141.97638706757417
1560,-0.06331412037808093,8.735116604632662e-19,mid,7.127146708324471e-17,8.263369570011924e-19,2728,2729,-142.0405920165179
1561,-0.05684887700749641,8.165833088921859e-19,mid,6.951120634588635e-17,8.26503136369705e-19,2729,2730,-142.10301530833033
1562,-0.0403193595162179,7.613384566449938e-19,mid,6.839675518715855e-17,8.2528580872578065e-19,2730,2731,-142.1542897705329
1563,-0.015415822091952691,7.152671273106921e-19,mid,6.804204187684652e-17,8.226584389696202e-19,2731,2732,-142.18365402736276
1564,0.009954342772928726,6.869369566418123e-19,mid,6.847061620509615e-17,8.189004180426302e-19,2732,2733,-142.1851214147168
1565,0.025642194952069985,6.832020229876169e-19,mid,6.962458057359734e-17,8.144065044266414e-19,2733,2734,-142.1637453418169
1566,0.027621260289834026,7.055234828875206e-19,mid,7.138805224912146e-17,8.094778119558961e-19,2734,2735,-142.13383702481266
1567,0.02077175906875084,7.490438506986632e-19,mid,7.360744695133455e-17,8.0421800695758765e-19,2735,2736,-142.10850282123724
1568,0.012743349950682159,8.055078654617191e-19,mid,7.610130658514685e-17,7.9860267765165965e-19,2736,2737,-142.09229350667516
1569,0.007710511831604094,8.667398515397813e-19,mid,7.8666071168832e-17,7.927074390593818e-19,2737,2738,-142.08301612133587
1570,0.005765170307867606,9.260125881775267e-19,mid,8.10890144270987e-17,7.869566469791795e-19,2738,2739,-142.07687248301195
1571,0.005375174546017547,9.777097110240236e-19,mid,8.317270409384049e-17,7.821586374109238e-19,2739,2740,-142.07148578072014
1572,0.005517837363612443,1.016837319131496e-18,mid,8.47628204866071e-17,7.791826563949731e-19,2740,2741,-142.06612213391992
1573,0.00638147468060879,1.0392744908596529e-18,mid,8.576365378584788e-17,7.784585506441459e-19,2741,2742,-142.0604501059929
1574,0.008815353382445323,1.0425568511728046e-18,mid,8.613197421360226e-17,7.797539703438914e-19,2742,2743,-142.0533591845587
1575,0.013293490525285279,1.0264689818899582e-18,mid,8.585750040261268e-17,7.824912797735468e-19,2743,2744,-142.04281939922802
1576,0.019347520014690645,9.930143648585438e-19,mid,8.495029801747738e-17,7.863064062535177e-19,2744,2745,-142.02677220350813
1577,0.02596298335862457,9.459013200315555e-19,mid,8.344798961483962e-17,7.912717690741059e-19,2745,2746,-142.00412435919864
1578,0.032490508078751645,8.899961819731256e-19,mid,8.143507308531699e-17,7.975707385692911e-19,2746,2747,-141.97484623679088
1579,0.0389504865980399,8.311292669952043e-19,mid,7.905412400709583e-17,8.050087960822271e-19,2747,2748,-141.93914334304114
1580,0.044887984070101083,7.762481392623651e-19,mid,7.649606170445543e-17,8.128955117248705e-19,2748,2749,-141.8969452635948
1581,0.0473848693865051,7.333319032809423e-19,mid,7.397427151522078e-17,8.20410275490334e-19,2749,2750,-141.84936737490094
1582,0.040934360608190445,7.101207094033749e-19,mid,7.169755002630466e-17,8.270905005184613e-19,2750,2751,-141.8021755248218
1583,0.021537973359770035,7.114315527680765e-19,mid,6.985296213369087e-17,8.330154724073703e-19,2751,2752,-141.76749865368456
1584,-0.008327249794277236,7.368276392974202e-19,mid,6.859810495868403e-17,8.385709687279217e-19,2752,2753,-141.75909957810225
1585,-0.04039429157455743,7.809945901948161e-19,mid,6.805326173346442e-17,8.440343835995301e-19,2753,2754,-141.7841531532731
1586,-0.06621620205150691,8.363582577671547e-19,mid,6.82849738440153e-17,8.49327030974698e-19,2754,2755,-141.83988816125137
1587,-0.08121751685435186,8.954051084734411e-19,mid,6.928390727692299e-17,8.54094445208458e-19,2755,2756,-141.91658555737612
1588,-0.08489109331053157,9.51565983403236e-19,mid,7.095211395059334e-17,8.579873860049507e-19,2756,2757,-142.00232319496007
1589,-0.07921949437836417,9.992991343082162e-19,mid,7.311463777374748e-17,8.608758776382651e-19,2757,2758,-142.0863677439972
1590,-0.06709045167514205,1.0341840018714742e-18,mid,7.555494642157458e-17,8.628356953439134e-19,2758,2759,-142.1607621837168
1591,-0.05116593188428453,1.0531936876326457e-18,mid,7.80563485826982e-17,8.639618558871935e-19,2759,2760,-142.22054864734747
1592,-0.03318925691780805,1.0548640710413287e-18,mid,8.042870881098807e-17,8.641737593473271e-19,2760,2761,-142.26309404748537
1593,-0.013730795283294128,1.0391725647261033e-18,mid,8.251335122721764e-17,8.631429319743917e-19,2761,2762,-142.2869271611831
1594,0.007591150482753051,1.0073172153149836e-18,mid,8.417601872641015e-17,8.603991186938069e-19,2762,2763,-142.29055563805196
1595,0.031491286223399584,9.61757242336229e-19,mid,8.530354053359183e-17,8.555996331317686e-19,2763,2764,-142.27174486021758
1596,0.05816457066850944,9.066314319626785e-19,mid,8.581130284085618e-17,8.488484066972685e-19,2764,2765,-142.22757306560516
1597,0.08625125172137871,8.482456888173703e-19,mid,8.565607965109557e-17,8.408367195119515e-19,2765,2766,-142.15541571888056
1598,0.11168810531955842,7.95047755068704e-19,mid,8.484477628937444e-17,8.326033178662323e-19,2766,2767,-142.0550705621624
1599,0.12742718569575118,7.564420188399148e-19,mid,8.34350030342144e-17,8.250122282983223e-19,2767,2768,-141.93203950824144
1600,0.12609363473417545,7.401333563606532e-19,mid,8.152904847131529e-17,8.183823852215375e-19,2768,2769,-141.8002161907709
1601,0.10513646693817691,7.49060696968811e-19,mid,7.926395852579665e-17,8.12628341716063e-19,2769,2770,-141.6798522387731
1602,0.06902304804047787,7.803870666198346e-19,mid,7.680055315900969e-17,8.077729153482894e-19,2770,2771,-141.58994325689454
1603,0.02558143565414639,8.274693600968981e-19,mid,7.431532744917693e-17,8.043037972908882e-19,2771,2772,-141.54180614269214
1604,-0.018497192634256976,8.82671218606475e-19,mid,7.199716469369919e-17,8.030072097042631e-19,2772,2773,-141.53878038558625
1605,-0.05851051379806904,9.389467102028629e-19,mid,7.00436412661596e-17,8.044426427369575e-19,2773,2774,-141.57880052796065
1606,-0.09057273063697835,9.902258369842006e-19,mid,6.864626148444564e-17,8.085594419445268e-19,2774,2775,-141.6558014131824
1607,-0.1113312323033,1.031487771020721e-18,mid,6.795943430753659e-17,8.147888761441384e-19,2775,2776,-141.7599459892346
1608,-0.11894297851091551,1.0589762924090334e-18,mid,6.806353199901837e-17,8.224911328224481e-19,2776,2777,-141.878463877789
1609,-0.11393389347060179,1.0704744175703485e-18,mid,6.89434072764221e-17,8.313381861423336e-19,2777,2778,-141.99783194625644
1610,-0.09883763006540391,1.0653906313807252e-18,mid,7.04960988095469e-17,8.413019833275481e-19,2778,2779,-142.1063316647302
1611,-0.07678566216156923,1.0445379959516984e-18,mid,7.256085727911862e-17,8.522759733926239e-19,2779,2780,-142.19550720638725
1612,-0.05004008205749244,1.00972376371829e-18,mid,7.495191862600257e-17,8.6368199624275845e-19,2780,2781,-142.25990298905333
1613,-0.01933495606147062,9.634796144783158e-19,mid,7.74793136067284e-17,8.744398513237416e-19,2781,2782,-142.29558737050223
1614,0.015592582669356148,9.093102112025533e-19,mid,7.995619902315909e-17,8.833640088656654e-19,2782,2783,-142.29857290117627
1615,0.05421708959929106,8.525422784700693e-19,mid,8.220083256025184e-17,8.89664136328129e-19,2783,2784,-142.26440220516352
1616,0.0926016119980062,8.011506432740659e-19,mid,8.404320993312568e-17,8.931391904900106e-19,2784,2785,-142.1901387219777
1617,0.12205274357694407,7.651221894093115e-19,mid,8.534114019701093e-17,8.939592311117877e-19,2785,2786,-142.0791989811675
1618,0.13285540423350994,7.531136736628816e-19,mid,8.600077986780365e-17,8.923069413211487e-19,2786,2787,-141.9460332348238
1619,0.12209524053490384,7.679031898639441e-19,mid,8.598881471027423e-17,8.88229174099985e-19,2787,2788,-141.8134881727005
1620,0.09616913443598207,8.050903842118902e-19,mid,8.5326393213535e-17,8.817883275656912e-19,2788,2789,-141.701842753754
1621,0.06423573070811983,8.564418074121059e-19,mid,8.406971730572198e-17,8.733122315111536e-19,2789,2790,-141.62114990382852
1622,0.0316928944028092,9.137913070284556e-19,mid,8.22952221648014e-17,8.635041523960605e-19,2790,2791,-141.57337129233775
1623,-2.9990551141167998e-05,9.703780381950361e-19,mid,8.010293714998313e-17,8.533315579771269e-19,2791,2792,-141.5577641150229
1624,-0.030581966150620588,1.0204636688906826e-18,mid,7.763266633008365e-17,8.437567101529279e-19,2792,2793,-141.57343127344004
1625,-0.05879768854173051,1.0590538284593473e-18,mid,7.507331995437765e-17,8.354517306690094e-19,2793,2794,-141.61892804732415
1626,-0.08255463563901344,1.0823081429052267e-18,mid,7.264991473958581e-17,8.286685145937278e-19,2794,2795,-141.6910266505235
1627,-0.09948234697517933,1.0881674507230155e-18,mid,7.059014902193656e-17,8.2336299369126705e-19,2795,2796,-141.78403731860217
1628,-0.1076778878996123,1.0766104589720402e-18,mid,6.908678264772561e-17,8.194945056027861e-19,2796,2797,-141.88999134447386
1629,-0.10602127553789842,1.0493492251671875e-18,mid,6.827265252833665e-17,8.172580376675291e-19,2797,2798,-141.9993930944014
1630,-0.09403939843970477,1.0091979685168617e-18,mid,6.821373845236713e-17,8.170309941592053e-19,2798,2799,-142.10203389554965
1631,-0.07162821378597073,9.595954745259544e-19,mid,6.891252754841283e-17,8.1905225512138355e-19,2799,2800,-142.1874718912808
1632,-0.039214640960537395,9.047027887475029e-19,mid,7.031023153094285e-17,8.231067959639342e-19,2800,2801,-142.2452903231216
1633,0.0011810227453139532,8.500692123136621e-19,mid,7.228508240312493e-17,8.28516579531538e-19,2801,2802,-142.26590117320188
1634,0.044271331881688525,8.031914228356533e-19,mid,7.465559849996552e-17,8.344863854920565e-19,2802,2803,-142.24292827763097
1635,0.0810627768662755,7.727782135718944e-19,mid,7.719958292209533e-17,8.405360619032249e-19,2803,2804,-142.1773585094385
1636,0.10231675520206807,7.659842810055776e-19,mid,7.96886815769187e-17,8.466551205078279e-19,2804,2805,-142.08080272389842
1637,0.10459814539684942,7.849831390735651e-19,mid,8.192425400453944e-17,8.530449188422149e-19,2805,2806,-141.97272499903437
1638,0.09221360988118477,8.259823716933807e-19,mid,8.375654020055026e-17,8.596878525271375e-19,2806,2807,-141.87160643310472
1639,0.07270739583162822,8.815043840857556e-19,mid,8.508080112771292e-17,8.661617916878285e-19,2807,2808,-141.788297779272
1640,0.05187777654822412,9.432744356585961e-19,mid,8.58219771752798e-17,8.718974655042081e-19,2808,2809,-141.72619164144146
1641,0.032487370046823116,1.0036633872322036e-18,mid,8.592682019449524e-17,8.76635072375477e-19,2809,2810,-141.68454222617555
1642,0.015115859701268164,1.0560641739371393e-18,mid,8.537219498970312e-17,8.806194065416736e-19,2810,2811,-141.6612169013478
1643,-0.000814551474803693,1.095168340810561e-18,mid,8.418114856226052e-17,8.84325073538302e-19,2811,2812,-141.65431050677302
1644,-0.016088870557737778,1.1173619590715073e-18,mid,8.24318073627919e-17,8.879629448102395e-19,2812,2813,-141.66284600429742
1645,-0.030837352673188434,1.120966718080132e-18,mid,8.025235970106463e-17,8.912153024217248e-19,2813,2814,-141.6864882478885
1646,-0.044186724789085474,1.1061605336325277e-18,mid,7.780661501965761e-17,8.934221250391878e-19,2814,2815,-141.7245207096438
1647,-0.05459601171459383,1.0746815600813128e-18,mid,7.527830053918558e-17,8.940437128425113e-19,2815,2816,-141.77486169746666
1648,-0.060426423866573487,1.0295466796647229e-18,mid,7.285913444831036e-17,8.930194286864847e-19,2816,2817,-141.83371273307299
1649,-0.060219677092035795,9.749770775891491e-19,mid,7.074091610798455e-17,8.90767356260666e-19,2817,2818,-141.8957145451998
1650,-0.05279869826287609,9.165420848110942e-19,mid,6.910744825225663e-17,8.878582826613637e-19,2818,2819,-141.95415208725706
1651,-0.037902432473686076,8.612561842913696e-19,mid,6.811944169393947e-17,8.846213265009604e-19,2819,2820,-142.00131194172556
1652,-0.017556757698272918,8.171290196522842e-19,mid,6.788878729150649e-17,8.809756469760813e-19,2820,2821,-142.02995695220443
1653,0.0033149137834413978,7.917192414079205e-19,mid,6.844947805916081e-17,8.76614378311954e-19,2821,2822,-142.0364254571221
1654,0.01897144942894613,7.899061426389113e-19,mid,6.974239077812908e-17,8.714015788915862e-19,2822,2823,-142.02332712463755
1655,0.02640332673225032,8.121616073909895e-19,mid,7.162666109563484e-17,8.656673979668833e-19,2823,2824,-141.99848255826421
1656,0.026580402910965972,8.546318474971988e-19,mid,7.391236085161168e-17,8.601340261994127e-19,2824,2825,-141.97052047117305
1657,0.02264862440163995,9.106970880132199e-19,mid,7.639583302978866e-17,8.554817856277801e-19,2825,2826,-141.94532175244228
1658,0.017800175466277324,9.72603429213031e-19,mid,7.888265970741094e-17,8.519016935360894e-19,2826,2827,-141.92522322236977
1659,0.014313936516771264,1.032532464716691e-18,mid,8.119630945015904e-17,8.490675387525478e-19,2827,2828,-141.90972140150973
1660,0.013244335608106894,1.0834048977991524e-18,mid,8.317937794508059e-17,8.466213997614768e-19,2828,2829,-141.89659534933622
1661,0.014365331384837532,1.1196843440132808e-18,mid,8.46949040443669e-17,8.447497537039079e-19,2829,2830,-141.8832327302935
1662,0.016518910637998374,1.1380124678330835e-18,mid,8.563204420244616e-17,8.442613657575129e-19,2830,2831,-141.86786468656655
1663,0.01837157801693934,1.137354315368566e-18,mid,8.591705910739183e-17,8.460180767780044e-19,2831,2832,-141.85019490901752
1664,0.019238216221154403,1.1185711373131706e-18,mid,8.552627455729571e-17,8.502248600792323e-19,2832,2833,-141.83112153053267
1665,0.01954845082504164,1.0837260552406685e-18,mid,8.449293869896825e-17,8.5625286840749395e-19,2833,2834,-141.8117184765752
1666,0.020681930125917347,1.035679556027375e-18,mid,8.290068028595773e-17,8.631287296705245e-19,2834,2835,-141.7920246288826
1667,0.024103467605272044,9.783788705075335e-19,mid,8.086627314355657e-17,8.701673235243576e-19,2835,2836,-141.77035461632337
1668,0.029957828574339374,9.176245851174082e-19,mid,7.852513054145784e-17,8.771734736056504e-19,2836,2837,-141.74381769367204
1669,0.035701459835337346,8.614228385804741e-19,mid,7.603083399453016e-17,8.841576972387546e-19,2837,2838,-141.7104389591747
1670,0.036144327184899794,8.189106248218113e-19,mid,7.356464829522898e-17,8.909915541407652e-19,2838,2839,-141.67241477400137
1671,-0.2058273342684913,7.976774829815807e-19,mid,7.133748221697431e-17,8.970830502542442e-19,2839,2840,-141.6381503048049
1672,-0.24216292968283426,1.052962398717799e-18,mid,7.357220939630513e-17,8.545411532325751e-19,2870,2871,-142.08406944253835
1673,-0.02598069110295853,1.041741085843743e-18,mid,7.537466779646419e-17,8.408051316748922e-19,2871,2872,-142.12247616417056
1674,-0.0002459180344942524,1.0209687395706553e-18,mid,7.727410333754097e-17,8.2896673881947115e-19,2872,2873,-142.13603082474427
1675,0.025975287802069147,9.933482972629205e-19,mid,7.91109004931978e-17,8.197635330647399e-19,2873,2874,-142.12296800023955
1676,0.05063214812463457,9.621391726933482e-19,mid,8.074848156831444e-17,8.138362328870711e-19,2874,2875,-142.08408024914013
1677,0.0725258389385175,9.307431271796858e-19,mid,8.20797123439454e-17,8.11577071925506e-19,2875,2876,-142.02170370399028
1678,0.09054678847219577,9.028195013189262e-19,mid,8.302156667753462e-17,8.130439202205315e-19,2876,2877,-141.9390285712631
1679,0.10254544493034246,8.82523147346854e-19,mid,8.350839681548638e-17,8.180358110760022e-19,2877,2878,-141.8406101270459
1680,0.10529912116714968,8.739539004526804e-19,mid,8.349454240974518e-17,8.262535269715267e-19,2878,2879,-141.7339376814024
1681,0.09645848390780998,8.795347026040834e-19,mid,8.296726889563582e-17,8.373920138009155e-19,2879,2880,-141.6300118847116
1682,0.07678361060183647,8.985086436934871e-19,mid,8.195974300184166e-17,8.510682992536871e-19,2880,2881,-141.5410207135868
1683,0.0500313259713181,9.271181713634786e-19,mid,8.055209765663121e-17,8.666726341892978e-19,2881,2882,-141.47644466350792
1684,0.020621510648794583,9.603635333208803e-19,mid,7.885843596818645e-17,8.833420542596498e-19,2882,2883,-141.44095806164415
1685,-0.008361709441956577,9.93734097888894e-19,mid,7.70089693289086e-17,9.00147422245353e-19,2883,2884,-141.43520164221033
1686,-0.035377516027594424,1.0238122417188193e-18,mid,7.513853772858764e-17,9.163606380901866e-19,2884,2885,-141.45768148052807
1687,-0.05947322743898553,1.047989577791818e-18,mid,7.338460978918849e-17,9.315691400255519e-19,2885,2886,-141.50595667426552
1688,-0.07935423530342689,1.0641073897108024e-18,mid,7.188776090627515e-17,9.455386594644543e-19,2886,2887,-141.57662793540604
1689,-0.09314445234146262,1.070505977580969e-18,mid,7.078435526824732e-17,9.579606665261783e-19,2887,2888,-141.66466514487237
1690,-0.0988800474454905,1.0663998543572575e-18,mid,7.018720003935819e-17,9.683232781013853e-19,2888,2889,-141.76291684008896
1691,-0.09535780437670383,1.05221656224748e-18,mid,7.016068225266005e-17,9.760176947628694e-19,2889,2890,-141.86242523976335
1692,-0.08276729947776573,1.0296313031497327e-18,mid,7.070399877837937e-17,9.80570864644012e-19,2890,2891,-141.95363244884237
1693,-0.06268650512147644,1.0012950670046348e-18,mid,7.175289585937667e-17,9.81788874905336e-19,2891,2892,-142.02795983871889
1694,-0.03751754444543565,9.704653818872105e-19,mid,7.31981944655194e-17,9.796886786666425e-19,2892,2893,-142.07900545908532
1695,-0.009894093360671263,9.407619166162524e-19,mid,7.490863311805606e-17,9.742960799911278e-19,2893,2894,-142.10299492760976
1696,0.01748251164205783,9.16053819516489e-19,mid,7.674591267457103e-17,9.655201758792076e-19,2894,2895,-142.09879364580667
1697,0.04172888397522456,9.002002801461474e-19,mid,7.856991048546383e-17,9.532606035129723e-19,2895,2896,-142.06802990432564
1698,0.06003023182708489,8.963383864890432e-19,mid,8.024145409654313e-17,9.376986996643996e-19,2896,2897,-142.01533587785622
1699,0.07051382761423497,9.058482243433136e-19,mid,8.163042645166421e-17,9.195387577109687e-19,2897,2898,-141.94796944067147
1700,0.07303341813334896,9.276688335556875e-19,mid,8.262944800046467e-17,8.999754345956481e-19,2898,2899,-141.87430822262775
1701,0.06903417859889771,9.585406864737825e-19,mid,8.31664222259855e-17,8.803808208611577e-19,2899,2900,-141.80190260440477
1702,0.060673829656607836,9.939837258538934e-19,mid,8.320955170347734e-17,8.619440004894532e-19,2900,2901,-141.73623986542995
1703,0.04995718005419292,1.0293335757032452e-18,mid,8.276435535575557e-17,8.455321285687632e-19,2901,2902,-141.68055494509156
1704,0.03823558741331112,1.0604139274919992e-18,mid,8.186704832597155e-17,8.318332425922175e-19,2902,2903,-141.63632550532157
1705,0.026049505387206295,1.0838706687636017e-18,mid,8.057889212434692e-17,8.215844747217872e-19,2903,2904,-141.60408377026494
1706,0.01333726815445857,1.0973450277816039e-18,mid,7.898368385605991e-17,8.15621231362488e-19,2904,2905,-141.58422649454715
1707,-2.3037721490482e-06,1.0995859356258016e-18,mid,7.718808852589457e-17,8.146494803278122e-19,2905,2906,-141.57740923395602
1708,-0.013477994360798107,1.090507875115383e-18,mid,7.532227096025712e-17,8.188965726247595e-19,2906,2907,-141.58423110209145
1709,-0.02573656290766735,1.0711610143360358e-18,mid,7.353623353663138e-17,8.279263021924965e-19,2907,2908,-141.60436522267761
1710,-0.03486071340354613,1.0435948495278029e-18,mid,7.19875357185973e-17,8.407896064884616e-19,2908,2909,-141.63570422790679
1711,-0.039059745018107606,1.0106617296681919e-18,mid,7.082062456622989e-17,8.564144711976264e-19,2909,2910,-141.6740866494847
1712,-0.03740964710340222,9.758566643815976e-19,mid,7.014451740422506e-17,8.739492847882766e-19,2910,2911,-141.713823717943
1713,-0.03037215579399799,9.432102559199484e-19,mid,7.001803523751715e-17,8.928158343961437e-19,2911,2912,-141.7489059436915
1714,-0.01989246309238979,9.17054117576821e-19,mid,7.044695979232691e-17,9.124650857072316e-19,2912,2913,-141.774568029531
1715,-0.008864190247621195,9.013919237885598e-19,mid,7.138971111024028e-17,9.320759266941141e-19,2913,2914,-141.7886908698763
1716,3.292483842187721e-05,8.988835096207547e-19,mid,7.276493606902262e-17,9.5049036263543e-19,2914,2915,-141.79229641002624
1717,0.00547815115109529,9.099647050391901e-19,mid,7.445783332010309e-17,9.664826559606015e-19,2915,2916,-141.78862502019945
1718,0.0077016332136992105,9.327657911229272e-19,mid,7.632723157239269e-17,9.791696726341967e-19,2916,2917,-141.78134010772405
1719,0.007650430556722654,9.63881885191728e-19,mid,7.821699742057852e-17,9.882337687675654e-19,2917,2918,-141.77322175377205
1720,0.006096386352837158,9.993446062665882e-19,mid,7.997253643863225e-17,9.937795468263657e-19,2918,2919,-141.7660392466106
1721,0.0034752752962958766,1.0351811057827689e-18,mid,8.145881119382456e-17,9.959613133556353e-19,2919,2920,-141.76102898106637
1722,0.00030469825101420156,1.0675391805645796e-18,mid,8.257356291941786e-17,9.947149668206808e-19,2920,2921,-141.759088696018
1723,-0.002487174465954922,1.092780992309599e-18,mid,8.325057007154562e-17,9.898212288025993e-19,2921,2922,-141.76041958456435
1724,-0.003785971846767211,1.1078739451750028e-18,mid,8.345354651411662e-17,9.812175068919605e-19,2922,2923,-141.76406304494992
1725,-0.0029568890887503585,1.111015214498339e-18,mid,8.31684013612763e-17,9.692617093899584e-19,2923,2924,-141.76799152825788
1726,-0.00036394861000133005,1.102103353686308e-18,mid,8.240315707540087e-17,9.547253649525076e-19,2924,2925,-141.76997682312742
1727,0.002824357875610417,1.0826909241641921e-18,mid,8.119740927463457e-17,9.385464014014207e-19,2925,2926,-141.76871942547788
1728,0.005524849892083239,1.0554128939669054e-18,mid,7.963273159208065e-17,9.215495879426193e-19,2926,2927,-141.7643281073762
1729,0.007583266410733813,1.02332477523507e-18,mid,7.783234979822097e-17,9.043292265488072e-19,2927,2928,-141.75766972569372
1730,0.009691806814331017,9.896779136856545e-19,mid,7.594641752241806e-17,8.87349160611766e-19,2928,2929,-141.74916157455473
1731,0.01228219756184501,9.581834233100033e-19,mid,7.413067586976792e-17,8.711615877287303e-19,2929,2930,-141.73828611206505
1732,0.014406223659676698,9.331650077486703e-19,mid,7.253014705673075e-17,8.565678982376679e-19,2930,2931,-141.72459717943104
1733,0.013955779439157823,9.188994698818475e-19,mid,7.127268215093076e-17,8.445827525591893e-19,2931,2932,-141.7094736647457
1734,0.009447243663743166,9.181808549677834e-19,mid,7.046676690571123e-17,8.361941189190759e-19,2932,2933,-141.69668562055273
1735,0.001715699796235981,9.311183282355757e-19,mid,7.019398741950716e-17,8.320643457096218e-19,2933,2934,-141.69057917741821
1736,-0.006422301385384799,9.552104383792825e-19,mid,7.04929380080764e-17,8.323791138673827e-19,2934,2935,-141.69325422096026
1737,-0.012254329288211352,9.865639227803391e-19,mid,7.134251162232649e-17,8.369453481341767e-19,2935,2936,-141.70342378018898
1738,-0.014837018189894025,1.0211549004835833e-18,mid,7.265777062827715e-17,8.454376429412096e-19,2936,2937,-141.71776287953668
1739,-0.014888692151430405,1.0553363527223208e-18,mid,7.430501751211225e-17,8.57572999962855e-19,2937,2938,-141.73309781656877
1740,-0.013506957427182442,1.0857167719208465e-18,mid,7.61294313401205e-17,8.730625893198156e-19,2938,2939,-141.74754026383954
1741,-0.011092358468303587,1.1090298668238256e-18,mid,7.798034292888808e-17,8.913928896900167e-19,2939,2940,-141.76011173142314
1742,-0.007257061725681524,1.122426087363657e-18,mid,7.972288649852131e-17,9.116558596940416e-19,2940,2941,-141.76972498077615
1743,-0.0015003241427109515,1.1241076675420988e-18,mid,8.123681762820243e-17,9.32620573817207e-19,2941,2942,-141.7746258548745
1744,0.006094626856992136,1.1138801150718113e-18,mid,8.241326544646644e-17,9.530261157486097e-19,2942,2943,-141.77272562906157
1745,0.01471244031742458,1.0932314602570737e-18,mid,8.315968858224578e-17,9.718701488854648e-19,2943,2944,-141.76243660116052
1746,0.0232164669530448,1.064896183178225e-18,mid,8.341333512176223e-17,9.884695042746653e-19,2944,2945,-141.74330074842672
1747,0.03066185494066076,1.0322465710712332e-18,mid,8.315392619384794e-17,1.002287541363692e-18,2945,2946,-141.71600366725443
1748,0.03639926120762027,9.989432466612421e-19,mid,8.240628336248859e-17,1.0127468122951095e-18,2946,2947,-141.6819770385454
1749,0.03965050502252154,9.6892631889357e-19,mid,8.123219339233505e-17,1.0192450859556845e-18,2947,2948,-141.6432051448392
1750,0.0390223241424934,9.463414758685189e-19,mid,7.971865884346698e-17,1.0213723171799937e-18,2948,2949,-141.60267602850035
1751,0.032706487177776467,9.349118390121764e-19,mid,7.797008115223584e-17,1.0191208595918747e-18,2949,2950,-141.5651604965542
1752,0.019597157495766737,9.368102373185932e-19,mid,7.610641838302363e-17,1.0128948117770858e-18,2950,2951,-141.5372630541448
1753,0.0004983153308160126,9.51776646112911e-19,mid,7.42636129326323e-17,1.0033200722891298e-18,2951,2952,-141.52596618156267
1754,-0.02170219833634235,9.772100327934794e-19,mid,7.259024059531924e-17,9.910236405988198e-19,2952,2953,-141.53626642348317
1755,-0.04301455035525237,1.0091433196279717e-18,mid,7.123578259615998e-17,9.765437999126887e-19,2953,2954,-141.56937057823535
1756,-0.05967964961963901,1.0433531931595383e-18,mid,7.033043905090858e-17,9.603970760515028e-19,2954,2955,-141.62229552419367
1757,-0.06916383495997991,1.0760192150940718e-18,mid,6.99624891477074e-17,9.43205292532641e-19,2955,2956,-141.68872987747463
1758,-0.07057388754186888,1.1039065487920437e-18,mid,7.016293843301909e-17,9.257638908987066e-19,2956,2957,-141.76062319411363
1759,-0.06445471015646831,1.124370551414172e-18,mid,7.090415902861927e-17,9.089900931554099e-19,2957,2958,-141.82987765255837
1760,-0.0521368308353658,1.1354304994290524e-18,mid,7.211065301495967e-17,8.937663275420042e-19,2958,2959,-141.88953261442657
1761,-0.03505378822249838,1.1359496019079945e-18,mid,7.367371182605517e-17,8.807639586309445e-19,2959,2960,-141.9341513142291
1762,-0.014438763204537963,1.125816645946765e-18,mid,7.546322886637809e-17,8.70370855171634e-19,2960,2961,-141.95964019087157
1763,0.008527849861422965,1.1060258688213544e-18,mid,7.733616188925791e-17,8.628008736162492e-19,2961,2962,-141.96302884063817
1764,0.03239910282213998,1.078640416110616e-18,mid,7.914507932416513e-17,8.583203794465735e-19,2962,2963,-141.94258449114872
1765,0.0553080361765268,1.0466977723045544e-18,mid,8.074914531642643e-17,8.573808324182271e-19,2963,2964,-141.8982306349939
1766,0.0750870714455516,1.0140878212367785e-18,mid,8.202666224539269e-17,8.604618252504967e-19,2964,2965,-141.83196841879567
1767,0.08952363736074176,9.853000176485245e-19,mid,8.288627311985304e-17,8.676765178926472e-19,2965,2966,-141.7480564921028
1768,0.0966418928702808,9.648244718009413e-19,mid,8.327365884724339e-17,8.784771205566086e-19,2966,2967,-141.65292114407418
1769,0.0950978328920371,9.56134332128753e-19,mid,8.317156046362463e-17,8.917844365295005e-19,2967,2968,-141.55477270636223
1770,0.08465689903090379,9.6063156056723e-19,mid,8.259383273020836e-17,9.0648487452272e-19,2968,2969,-141.4627254782901
1771,0.06635128928992629,9.772454208349035e-19,mid,8.157845719377299e-17,9.218627483115819e-19,2969,2970,-141.38545890830042
1772,0.0420983942408526,1.0029729920355128e-18,mid,8.01859315384934e-17,9.375877589866766e-19,2970,2971,-141.33002289971026
1773,0.014192725064290812,1.0338868958957902e-18,mid,7.850461485327033e-17,9.533253822818752e-19,2971,2972,-141.30126211981872
1774,-0.014903088314667912,1.0659291858994846e-18,mid,7.665649872171406e-17,9.684060779045774e-19,2972,2973,-141.30163744958168
1775,-0.042599703245954856,1.0952838451930685e-18,mid,7.47935619442459e-17,9.818977896590033e-19,2973,2974,-141.33106829644805
1776,-0.06638351879293225,1.118586431767758e-18,mid,7.308071493258709e-17,9.930049950753129e-19,2974,2975,-141.3868368560736
1777,-0.08420500238379702,1.1332338149245968e-18,mid,7.167159436181302e-17,1.0014138443378956e-18,2975,2976,-141.46383533403392
1778,-0.09479135132247052,1.1377557486467072e-18,mid,7.068859323402769e-17,1.0072808182074149e-18,2976,2977,-141.55524686084118
1779,-0.09765164308791441,1.1319958068080782e-18,mid,7.02138426351015e-17,1.01089219626201e-18,2977,2978,-141.65341803667886
1780,-0.09280286109135716,1.1169275436372564e-18,mid,7.028830719379928e-17,1.0122870963360795e-18,2978,2979,-141.750550147017
1781,-0.08048593050300212,1.0942202584028715e-18,mid,7.091112611483422e-17,1.0111360037632314e-18,2979,2980,-141.83902375886157
1782,-0.06116700978851952,1.065913704473871e-18,mid,7.203535158078814e-17,1.0069402852328713e-18,2980,2981,-141.911522008023
1783,-0.03592110967518636,1.0345074175410758e-18,mid,7.356464050482144e-17,9.993754690085226e-19,2981,2982,-141.9613577784386
1784,-0.006996568034537631,1.0033708027826027e-18,mid,7.53593285926962e-17,9.885301373781348e-19,2982,2983,-141.9833642273734
1785,0.02194137894917958,9.769106533022396e-19,mid,7.72554761210296e-17,9.749094178438926e-19,2983,2984,-141.9753509145077
1786,0.04652260513283579,9.598602871681005e-19,mid,7.909105061733e-17,9.592476672381246e-19,2984,2985,-141.93948146947503
1787,0.06342189838532875,9.557026486012393e-19,mid,8.072737758557876e-17,9.42283060683538e-19,2985,2986,-141.88230570424201
1788,0.07191117980210038,9.6525310859775e-19,mid,8.205666390035729e-17,9.246521361162102e-19,2986,2987,-141.81263767270437
1789,0.07359121825429327,9.865908768805194e-19,mid,8.299659002945673e-17,9.069802711161616e-19,2987,2988,-141.7384833446378
1790,0.07052487917593453,1.01626237376777e-18,mid,8.34828185358903e-17,8.900993480564424e-19,2988,2989,-141.66545523619578
1791,0.06376827053668421,1.0504902372054616e-18,mid,8.347075017356242e-17,8.751880612688197e-19,2989,2990,-141.59743358628594
1792,0.05349812587851943,1.0855225034554676e-18,mid,8.29477541694847e-17,8.636306887510505e-19,2990,2991,-141.5379186951224
1793,0.04002423780247,1.1174738262638983e-18,mid,8.194577647023017e-17,8.56595308007752e-19,2991,2992,-141.4904373345289
1794,0.024404448838183157,1.1424682510801942e-18,mid,8.054280361916288e-17,8.54607997286263e-19,2992,2993,-141.45787021951747
1795,0.008195823280388481,1.1573277423552448e-18,mid,7.88510955928773e-17,8.57461676765076e-19,2993,2994,-141.44162843685254
1796,-0.007212708039745053,1.1603558486379138e-18,mid,7.700046441724195e-17,8.645299903820645e-19,2994,2995,-141.4414785729567
1797,-0.020999704876231817,1.1516516198512803e-18,mid,7.512664013575774e-17,8.752044258861868e-19,2995,2996,-141.45605385293203
1798,-0.032709252438351655,1.1327879136023333e-18,mid,7.336779286651867e-17,8.890871116769826e-19,2996,2997,-141.48347798270916
1799,-0.04166298607792385,1.1061631192306604e-18,mid,7.186369100130726e-17,9.058222133284744e-19,2997,2998,-141.52147235780873
1800,-0.04658149614796514,1.0745260375513263e-18,mid,7.074877416882693e-17,9.247830660269763e-19,2998,2999,-141.566803954865
1801,-0.04595606529490226,1.0409577559008141e-18,mid,7.01348049149274e-17,9.449440430352175e-19,2999,3000,-141.61463535010466
1802,-0.039150064319116495,1.0091341219305852e-18,mid,7.008775657335778e-17,9.6507510655474e-19,3000,3001,-141.6587160854548
1803,-0.02745200144764226,9.833436756719933e-19,mid,7.061074024000735e-17,9.84099231112496e-19,3001,3002,-141.6929354787429
1804,-0.014021574032810236,9.678196556156e-19,mid,7.164348618360442e-17,1.0013176380889934e-18,3002,3003,-141.7136200883501
1805,-0.0024180456694296026,9.65508088345672e-19,mid,7.307859481124595e-17,1.016336933976943e-18,3003,3004,-141.72097862680852
1806,0.005237524148427042,9.770249148081498e-19,mid,7.478400729106969e-17,1.0287971898212704e-18,3004,3005,-141.71845617968896
1807,0.008957880146780894,1.0005462960846516e-18,mid,7.661980857290033e-17,1.0381676915756838e-18,3005,3006,-141.71050357851166
1808,0.010115109643692222,1.0325928097379287e-18,mid,7.84457744585869e-17,1.0438056098459348e-18,3006,3007,-141.7005404193954
1809,0.010188656753683745,1.069000182408479e-18,mid,8.01249716247738e-17,1.0452287558409939e-18,3007,3008,-141.69027335922428
1810,0.010010757697145323,1.1055312902143754e-18,mid,8.153024121245542e-17,1.0423597341630965e-18,3008,3009,-141.68016310588803
1811,0.009721983309844973,1.1381542866393934e-18,mid,8.255497813622185e-17,1.0355352829123001e-18,3009,3010,-141.67025184383
1812,0.00918512545798933,1.1632766612120007e-18,mid,8.312404924070233e-17,1.0252956906887664e-18,3010,3011,-141.66071913926834
1813,0.008476021162081793,1.1780906483368872e-18,mid,8.320016192285836e-17,1.0121542244566718e-18,3011,3012,-141.651881592914
1814,0.008063887563693584,1.1809617447187755e-18,mid,8.278424879153585e-17,9.965384721948428e-19,3012,3013,-141.64376709694417
1815,0.008520433016229845,1.1716862162366044e-18,mid,8.191127115044567e-17,9.789281480816337e-19,3013,3014,-141.63575381778662
1816,0.010024542143682424,1.151483278814558e-18,mid,8.064391043563454e-17,9.600440065435977e-19,3014,3015,-141.62672623091171
1817,0.012147098285211655,1.1227409404462899e-18,mid,7.906714024758182e-17,9.409065548203102e-19,3015,3016,-141.61570473349926
1818,0.014120934146149011,1.0886913763262649e-18,mid,7.728631565170169e-17,9.226900272068467e-19,3016,3017,-141.6024320343413
1819,0.01529941112997335,1.0531806614403288e-18,mid,7.542833779658618e-17,9.064570581996515e-19,3017,3018,-141.58746286520696
1820,0.015340169475180687,1.0204847598823728e-18,mid,7.364068650832588e-17,8.92961127839819e-19,3018,3019,-141.57183321208134
1821,0.01401750889773723,9.949285211771106e-19,mid,7.208150397152196e-17,8.826565909157835e-19,3019,3020,-141.5567825262566
1822,0.011040742934028458,9.801596880627917e-19,mid,7.089891407968738e-17,8.758795517479847e-19,3020,3021,-141.54379819428587
1823,0.0062278713427303956,9.782996756674453e-19,mid,7.020638081476134e-17,8.730094573447406e-19,3021,3022,-141.53470104038854
1824,-0.00011650579388344795,9.89445841642663e-19,mid,7.006531096032451e-17,8.74432968811475e-19,3022,3023,-141.5313424516004
1825,-0.00704374244428152,1.0117870635020727e-18,mid,7.048149079098905e-17,8.803081146412952e-19,3023,3024,-141.5349340519763
1826,-0.013197297059633684,1.0421339333949197e-18,mid,7.14124299564144e-17,8.90323266491144e-19,3024,3025,-141.54542993648897
1827,-0.01729131969834441,1.0764981258661804e-18,mid,7.277726924618224e-17,9.036806811842875e-19,3025,3026,-141.56132864609557
1828,-0.018581189717949087,1.1105790640324646e-18,mid,7.446372620537556e-17,9.19358263179457e-19,3026,3027,-141.58001257588566
1829,-0.017093249390228493,1.1402420424823472e-18,mid,7.63333894686945e-17,9.364635007533216e-19,3027,3028,-141.59849102553147
1830,-0.013492040060938848,1.1620435721666795e-18,mid,7.82305964313248e-17,9.544021855503727e-19,3028,3029,-141.61419907466612
1831,-0.008676333909463096,1.1736905460484757e-18,mid,7.999807386630832e-17,9.727324596705714e-19,3029,3030,-141.62547510565335
1832,-0.0033442874833582437,1.1742370976787856e-18,mid,8.14965930092932e-17,9.908510863833184e-19,3030,3031,-141.63155174248504
1833,0.002269624508713264,1.1639314119900171e-18,mid,8.262083125769382e-17,1.0078196249611405e-18,3031,3032,-141.63216368062007
1834,0.008394753578571112,1.1438733289871501e-18,mid,8.330401271200156e-17,1.0225166506572862e-18,3032,3033,-141.62701249346762
1835,0.015412233000418496,1.1158349234489837e-18,mid,8.351107938801767e-17,1.0339994224705805e-18,3033,3034,-141.61537417346293
1836,0.023247727827239828,1.082467214155717e-18,mid,8.322921258196555e-17,1.0417712333456727e-18,3034,3035,-141.59618802746678
1837,0.0307377884151947,1.047646421597875e-18,mid,8.246661281465017e-17,1.045757656740334e-18,3035,3036,-141.56887871780845
1838,0.03553186623445015,1.0163280681735793e-18,mid,8.12619950575634e-17,1.0460633846774988e-18,3036,3037,-141.5347124506364
1839,0.03498066809081024,9.93502390812815e-19,mid,7.969567879225402e-17,1.042741208270484e-18,3037,3038,-141.49781498533955
1840,0.027653060746956726,9.826774662768619e-19,mid,7.788996294186973e-17,1.035748180391984e-18,3038,3039,-141.46475111445477
1841,0.01424135714908914,9.849497510380193e-19,mid,7.599487755978488e-17,1.0250987453249989e-18,3039,3040,-141.44250886384563
1842,-0.0029867243116967757,9.992648907572941e-19,mid,7.416691993652693e-17,1.0110948114156488e-18,3040,3041,-141.4362684001566
1843,-0.021468732074211516,1.0233323690406125e-18,mid,7.255221761983154e-17,9.944719104688993e-19,3041,3042,-141.44848231246903
1844,-0.03900560533003272,1.0542545767016749e-18,mid,7.127919589768025e-17,9.763416373748382e-19,3042,3043,-141.47920586430502
1845,-0.05352361477847012,1.0886153974484678e-18,mid,7.045598487539181e-17,9.579245324310665e-19,3043,3044,-141.5264935231291
1846,-0.0627967639176461,1.1224966786913646e-18,mid,7.016355734825273e-17,9.402196469511566e-19,3044,3045,-141.58625309386196
1847,-0.06484909326577792,1.151873576682019e-18,mid,7.044089226054904e-17,9.238401637640226e-19,3045,3046,-141.65208705096438
1848,-0.05884444339508832,1.1733393136407656e-18,mid,7.126885382582162e-17,9.091503878048554e-19,3046,3047,-141.7159512803935
1849,-0.0456832445849642,1.1847490544872672e-18,mid,7.256528018455469e-17,8.966020752317699e-19,3047,3048,-141.76977593775456
1850,-0.02772160471931784,1.185413680478712e-18,mid,7.419852355524356e-17,8.869724603300516e-19,3048,3049,-141.80731776956344
1851,-0.007698744113909584,1.1757945494626505e-18,mid,7.601407458115523e-17,8.812394073582293e-19,3049,3050,-141.8252191471932
1852,0.012443584314098644,1.1570146963287596e-18,mid,7.786008475310835e-17,8.801202309889878e-19,3050,3051,-141.82271525779126
1853,0.03201939727949821,1.1306563705426795e-18,mid,7.960033028410102e-17,8.836391212693433e-19,3051,3052,-141.800331978565
1854,0.05095585451145723,1.0990694198695727e-18,mid,8.111452346520232e-17,8.911309406168122e-19,3052,3053,-141.75867646323226
1855,0.06851742489432411,1.0658749057881836e-18,mid,8.229559176912774e-17,9.017140137442545e-19,3053,3054,-141.69842026954208
1856,0.08248852109932159,1.035960835147719e-18,mid,8.305348191768057e-17,9.148010501215391e-19,3054,3055,-141.62164161344361
1857,0.08970799057821921,1.0144871647727658e-18,mid,8.332633861707232e-17,9.301581204007538e-19,3055,3056,-141.53344322734344
1858,0.08775609901722703,1.005242981058696e-18,mid,8.309160960338769e-17,9.474748886520188e-19,3056,3057,-141.44222563228718
1859,0.07640589618216609,1.0094222311982044e-18,mid,8.236946083864707e-17,9.659204201040716e-19,3057,3058,-141.357931029309
1860,0.05756691108187795,1.025622337146044e-18,mid,8.121744367291114e-17,9.841729709082893e-19,3058,3059,-141.28941383992284
1861,0.033995802488107074,1.0507993008965587e-18,mid,7.972114850686409e-17,1.0009183100686065e-18,3059,3060,-141.24279720714523
1862,0.008113825336309333,1.0812765096195196e-18,mid,7.798617547725902e-17,1.0153542695236797e-18,3060,3061,-141.22142223494663
1863,-0.018275912502403457,1.1132720579806412e-18,mid,7.613374520958102e-17,1.0272783100002664e-18,3061,3062,-141.2265695564726
1864,-0.04360345461425652,1.1430797761891923e-18,mid,7.429882253452103e-17,1.0367662373671738e-18,3062,3063,-141.25797405995144
1865,-0.06607258364658719,1.1672747645723674e-18,mid,7.262702686999343e-17,1.0437965816755909e-18,3063,3064,-141.31377646570112
1866,-0.08354696843366582,1.1830958734997543e-18,mid,7.126556074318344e-17,1.0481344324605977e-18,3064,3065,-141.3901192272446
1867,-0.09391150487455491,1.1888572012267545e-18,mid,7.034563394420169e-17,1.0494916811086016e-18,3065,3066,-141.48087040256846
1868,-0.09572390082939819,1.1841444862567097e-18,mid,6.99599396901738e-17,1.0477517624618067e-18,3066,3067,-141.57794223699372
1869,-0.0887196487482953,1.1696973606781576e-18,mid,7.01446908548174e-17,1.0430558485737993e-18,3067,3068,-141.67231820422725
1870,-0.0737990764962575,1.147113270146343e-18,mid,7.087516667454942e-17,1.0357120230315848e-18,3068,3069,-141.7553815344903
1871,-0.052563232243826974,1.1186251495776418e-18,mid,7.207557774920444e-17,1.0260298795347666e-18,3069,3070,-141.81991635721977
1872,-0.026870628837698973,1.0870926118386873e-18,mid,7.363564155138153e-17,1.0142128718693306e-18,3070,3071,-141.86050799897797
1873,0.001193835095165241,1.0560874212922791e-18,mid,7.542515892425901e-17,1.000386597273461e-18,3071,3072,-141.87365761489517
1874,0.029056418424815433,1.0297614532657316e-18,mid,7.730338830649108e-17,9.847534977983508e-19,3072,3073,-141.85812032878763
1875,0.05363712180169955,1.012247246270534e-18,mid,7.912569489136589e-17,9.677819475107751e-19,3073,3074,-141.81554477804553
1876,0.07196532034868142,1.006676553258688e-18,mid,8.075153683651001e-17,9.503001692198396e-19,3074,3075,-141.75084608518424
1877,0.08215471177716438,1.0142758429347406e-18,mid,8.205575125967795e-17,9.334049257232413e-19,3075,3076,-141.67161413734817
1878,0.08399969075190938,1.0340366425022315e-18,mid,8.294154353914782e-17,9.18211954599506e-19,3076,3077,-141.5865366616299
1879,0.07876723704694655,1.0630629672598122e-18,mid,8.335049757252528e-17,9.056072459656152e-19,3077,3078,-141.50361475584435
1880,0.0684296299113214,1.0972716252054568e-18,mid,8.326454596063064e-17,8.961831862171264e-19,3078,3079,-141.429002187536
1881,0.05485081558876459,1.13209318983216e-18,mid,8.269912415923305e-17,8.903865023956613e-19,3079,3080,-141.3667554960217
1882,0.039290971968000576,1.1630856768502595e-18,mid,8.169365443028931e-17,8.886789780733871e-19,3080,3081,-141.31930055635848
1883,0.022391786527578006,1.1865175971230988e-18,mid,8.030822832514787e-17,8.914707415430834e-19,3081,3082,-141.2881735520857
1884,0.004584751092977513,1.1998636488538313e-18,mid,7.862931913026278e-17,8.988294210684976e-19,3082,3083,-141.27451698330333
1885,-0.013380451890256495,1.20201787159442e-18,mid,7.677723167513205e-17,9.102512410854022e-19,3083,3084,-141.27900404989975
1886,-0.030152471530627167,1.1931234554326693e-18,mid,7.490384751156726e-17,9.247625908895384e-19,3084,3085,-141.30127788708384
1887,-0.0439131750820394,1.174209866790095e-18,mid,7.317570850034587e-17,9.412991121782828e-19,3085,3086,-141.339308992961
1888,-0.05285458472235405,1.146995730808494e-18,mid,7.174880633443235e-17,9.590392450800297e-19,3086,3087,-141.38910423724792
1889,-0.05577113158477687,1.1140201208306881e-18,mid,7.074727195777445e-17,9.774308070246557e-19,3087,3088,-141.44501816240572
1890,-0.052505599070613584,1.0788612358922037e-18,mid,7.025367636485163e-17,9.959474317206102e-19,3088,3089,-141.50064650041747
1891,-0.0440486732387626,1.0459853590083753e-18,mid,7.030865186477907e-17,1.0138406826797991e-18,3089,3090,-141.55002936054694
1892,-0.03222591183843804,1.0199858532388277e-18,mid,7.091149858504172e-17,1.030123188241528e-18,3090,3091,-141.588743846895
1893,-0.019124825154335667,1.0045002069363773e-18,mid,7.201669690521213e-17,1.0437927766459812e-18,3091,3092,-141.61448118422382
1894,-0.006638056028577921,1.0014607539027261e-18,mid,7.353005034585878e-17,1.0541080463038508e-18,3092,3093,-141.62699349720367
1895,0.0036349000261708397,1.011074664518053e-18,mid,7.531336429508527e-17,1.060714310307144e-18,3093,3094,-141.62775729628098
1896,0.01042186646419907,1.0322216751879723e-18,mid,7.720255563861068e-17,1.0635647246898885e-18,3094,3095,-141.61972369715133
1897,0.013186999284641843,1.0626458178940218e-18,mid,7.903412064585185e-17,1.0627323940243064e-18,3095,3096,-141.60691356335258
1898,0.01267003867954486,1.0988264016784318e-18,mid,8.066768435293444e-17,1.0582595535294331e-18,3096,3097,-141.59334969858205
1899,0.01076997913037303,1.1360708700535419e-18,mid,8.199455848127725e-17,1.0501447596710441e-18,3097,3098,-141.5815734859935
1900,0.009526490229177398,1.169295880066662e-18,mid,8.293281225670983e-17,1.0384812326576433e-18,3098,3099,-141.5718097403213
1901,0.009933814073193048,1.1942526062174012e-18,mid,8.341960186278825e-17,1.0236663528470558e-18,3099,3100,-141.56252050553513
1902,0.011543242368773576,1.2084482159442715e-18,mid,8.341204792084415e-17,1.006530614069325e-18,3100,3101,-141.5519421121749
1903,0.013120145932774108,1.211210154410469e-18,mid,8.289809238855874e-17,9.882397817737489e-19,3101,3102,-141.5394340207976
1904,0.013765815089385569,1.20302363590495e-18,mid,8.190809512735722e-17,9.699693575983807e-19,3102,3103,-141.52570182030937
1905,0.013597919625595978,1.184848124840068e-18,mid,8.05167371305546e-17,9.525688292155658e-19,3103,3104,-141.51190239061881
1906,0.013501644128410817,1.1580539160034048e-18,mid,7.88331822741504e-17,9.364978190666255e-19,3104,3105,-141.49850598105817
1907,0.0142168914135965,1.1249611274773049e-18,mid,7.698622237665767e-17,9.221008265791058e-19,3105,3106,-141.484899102362
1908,0.015493694743881292,1.0893345016533288e-18,mid,7.511266225353179e-17,9.09970401807515e-19,3106,3107,-141.47007219823098
1909,0.015981994019327317,1.0561426994518259e-18,mid,7.335194880762035e-17,9.010399943209505e-19,3107,3108,-141.45391171287423
1910,0.014055255717039472,1.0304484327437516e-18,mid,7.184343863097748e-17,8.96272306507251e-19,3108,3109,-141.43810821019233
1911,0.009056154295080887,1.0160127629642015e-18,mid,7.071960339273348e-17,8.961786539147654e-19,3109,3110,-141.42580120144015
1912,0.0019154304759751994,1.0144730173078459e-18,mid,7.009087877785979e-17,9.005747886093122e-19,3110,3111,-141.41999590160216
1913,-0.005489803463277099,1.0254718549589584e-18,mid,7.002473902605694e-17,9.087775933765295e-19,3111,3112,-141.4219703404882
1914,-0.011612993928849846,1.0473007788000704e-18,mid,7.052859195160075e-17,9.200602515453508e-19,3112,3113,-141.43097550852872
1915,-0.015913362756720062,1.0773526114928845e-18,mid,7.154684200833265e-17,9.3396869572006e-19,3113,3114,-141.4451963283459
1916,-0.018510819532295386,1.1121898574905906e-18,mid,7.297440261845077e-17,9.50244074775854e-19,3114,3115,-141.46280223404216
1917,-0.019485187148035266,1.1476215081531333e-18,mid,7.467845038001652e-17,9.684560707451267e-19,3115,3116,-141.4822179674105
1918,-0.018585851860592584,1.1791825422373608e-18,mid,7.651705159492094e-17,9.877090952324529e-19,3116,3117,-141.50177260833823
1919,-0.015481449134369996,1.2029583687414435e-18,mid,7.834938964148015e-17,1.0067145041817633e-18,3117,3118,-141.51938967113168
1920,-0.01018604788960431,1.2163317093599752e-18,mid,8.004044841849758e-17,1.0241937707880548e-18,3118,3119,-141.53273550660697
1921,-0.0032666423113880683,1.2182539085986045e-18,mid,8.146583133954468e-17,1.039287041625931e-18,3119,3120,-141.53976176691089
1922,0.004336819940888859,1.2089865163579543e-18,mid,8.251944512648952e-17,1.0516464403230198e-18,3120,3121,-141.53926879122974
1923,0.011769287930277983,1.1896455507996522e-18,mid,8.312273106505714e-17,1.06117568255463e-18,3121,3122,-141.5310881270291
1924,0.01865265602368993,1.1619957320298641e-18,mid,8.32325243736612e-17,1.0676725723628861e-18,3122,3123,-141.5157302153692
1925,0.02502185086810016,1.1286553932711275e-18,mid,8.284496941330296e-17,1.070686953993362e-18,3123,3124,-141.49378281498173
1926,0.030714237820106405,1.093398012799373e-18,mid,8.199380084120605e-17,1.0696985313401445e-18,3124,3125,-141.465686513633
1927,0.03466589314217572,1.0609989581080569e-18,mid,8.074337580074607e-17,1.0644457518307388e-18,3125,3126,-141.43235433934152
1928,0.034874463971675596,1.036349690059712e-18,mid,7.918035593603866e-17,1.0551347844186903e-18,3126,3127,-141.39635472734864
1929,0.029360376061561055,1.0231773846231394e-18,mid,7.740952547941398e-17,1.0423847514850043e-18,3127,3128,-141.36260541139816
1930,0.017504798657469678,1.0231152769034267e-18,mid,7.555526185337019e-17,1.0269813862826756e-18,3128,3129,-141.33763397522551
1931,0.0007017173792576159,1.0356110067978183e-18,mid,7.37629033814632e-17,1.009642581392425e-18,3129,3130,-141.32759581408322
1932,-0.018090189884802044,1.0584659281266203e-18,mid,7.219100376405215e-17,9.909666803218212e-19,3130,3131,-141.336230540467
1933,-0.035420771562215236,1.0884493500756197e-18,mid,7.099084300834605e-17,9.71576779428115e-19,3131,3132,-141.36377619385283
1934,-0.048383283280969636,1.1217285114942462e-18,mid,7.02799198365385e-17,9.523128576538421e-19,3132,3133,-141.40707208359143
1935,-0.055235749894066544,1.1542539535304283e-18,mid,7.012221319183489e-17,9.342774444407274e-19,3133,3134,-141.46054276041477
1936,-0.055498181465537755,1.1822476495691663e-18,mid,7.05237481712657e-17,9.186491971299315e-19,3134,3135,-141.51754358337956
1937,-0.04964363182446618,1.202694988167636e-18,mid,7.14411825498669e-17,9.063733983332489e-19,3135,3136,-141.57153912334584
1938,-0.03867805303315208,1.2136158335625768e-18,mid,7.27937548101669e-17,8.979658709935593e-19,3136,3137,-141.6168308470285
1939,-0.02384890712625065,1.2140258914284483e-18,mid,7.447098922308279e-17,8.935921112335768e-19,3137,3138,-141.64889522941215
1940,-0.006498211688423794,1.2037591707997639e-18,mid,7.633667643684676e-17,8.93335945885598e-19,3138,3139,-141.664528661281
1941,0.012038702069958163,1.1834517979896987e-18,mid,7.823566004325299e-17,8.973733119756946e-19,3139,3140,-141.661891652789
1942,0.030501596429019173,1.1548204510740387e-18,mid,8.000866562768333e-17,9.058383409728317e-19,3140,3141,-141.64045125714108
1943,0.04766042199706533,1.1209929790127681e-18,mid,8.151317777760778e-17,9.184814936634957e-19,3141,3142,-141.60088845993096
1944,0.062172477732175935,1.0864032183836567e-18,mid,8.264137498869757e-17,9.3446699458475e-19,3142,3143,-141.54513041314695
1945,0.07254500701391464,1.0559839312231351e-18,mid,8.332593700582932e-17,9.525494718785715e-19,3143,3144,-141.4765435044666
1946,0.07734172106556514,1.0340069209747174e-18,mid,8.353285702801972e-17,9.714909467191977e-19,3144,3145,-141.40004039911912
1947,0.0754502351267945,1.023292047822453e-18,mid,8.32508065629123e-17,9.90346542934384e-19,3145,3146,-141.32186006233547
1948,0.06622149754512918,1.0250851290295537e-18,mid,8.248890667205921e-17,1.0084187308950685e-18,3146,3147,-141.24913992886553
1949,0.0496864565410533,1.0391567427068141e-18,mid,8.128570069247709e-17,1.0250360152558612e-18,3147,3148,-141.18941706724522
1950,0.026997891738616886,1.0636629911419783e-18,mid,7.972019665499349e-17,1.0394483042716687e-18,3148,3149,-141.14976701578342
1951,0.0006274894426780975,1.0950456751382211e-18,mid,7.791278349389826e-17,1.0509464420645785e-18,3149,3150,-141.13542128376798
1952,-0.0261915801719681,1.12856476898397e-18,mid,7.601206989850859e-17,1.0590703558006592e-18,3150,3151,-141.14851203689807
1953,-0.050492818973125964,1.1594605255636937e-18,mid,7.417453658934697e-17,1.0637215186142538e-18,3151,3152,-141.18780444411192
1954,-0.07029252940458264,1.1840816634905903e-18,mid,7.254751727109921e-17,1.0651158089314923e-18,3152,3153,-141.24949767484432
1955,-0.08455527627211268,1.2003435689331714e-18,mid,7.126060834948473e-17,1.0636303031462761e-18,3153,3154,-141.32838950292108
1956,-0.09261335522818115,1.2074245747567854e-18,mid,7.042197688483633e-17,1.059627808071477e-18,3154,3155,-141.41860822738855
1957,-0.09363105404173666,1.2051346467804888e-18,mid,7.011178801815576e-17,1.0533271212784444e-18,3155,3156,-141.51361621337745
1958,-0.08663665673043397,1.193547945056541e-18,mid,7.036887737566349e-17,1.0447759770086643e-18,3156,3157,-141.60587033547202
1959,-0.07116914196600987,1.1732169467537062e-18,mid,7.117584963128899e-17,1.0339605735783866e-18,3157,3158,-141.6868895268383
1960,-0.04806161002454701,1.1457860770896231e-18,mid,7.245379316300646e-17,1.0210144241749365e-18,3158,3159,-141.74820861940404
1961,-0.019753251755005863,1.1144438966059432e-18,mid,7.407407324123394e-17,1.0063941206603098e-18,3159,3160,-141.7830127468874
1962,0.010168519738925852,1.0836738828856715e-18,mid,7.588328521598268e-17,9.908623234467484e-19,3160,3161,-141.78771512291405
1963,0.03802778005621121,1.0582331832824973e-18,mid,7.772852153271476e-17,9.752438220488715e-19,3161,3162,-141.76267570740956
1964,0.06111968938515133,1.0419228025137086e-18,mid,7.947173131119334e-17,9.60146205809483e-19,3162,3163,-141.71165956280163
1965,0.07803336058707089,1.0369279492016836e-18,mid,8.09920458949195e-17,9.459353326765763e-19,3163,3164,-141.64043632863925
1966,0.08810106558087227,1.0439321300880781e-18,mid,8.218398964058056e-17,9.330456603034867e-19,3164,3165,-141.5555928416275
1967,0.09078311339474965,1.062404527072405e-18,mid,8.296003416963593e-17,9.223292484906422e-19,3165,3166,-141.4642341974775
1968,0.0858186212150116,1.0904734679759667e-18,mid,8.325906651226037e-17,9.150093166086568e-19,3166,3167,-141.374026614838
1969,0.0739036888049327,1.124633129574106e-18,mid,8.305566688295029e-17,9.12141176513574e-19,3167,3168,-141.2925969550475
1970,0.05695548730184896,1.1600130813365273e-18,mid,8.236451377043626e-17,9.140110610839211e-19,3168,3169,-141.22621923722812
1971,0.03752040140361146,1.1914402014154711e-18,mid,8.123829144728396e-17,9.200341499250385e-19,3169,3170,-141.1786859804438
1972,0.017775132328353038,1.2147424037181726e-18,mid,7.97610368872191e-17,9.292460596408509e-19,3170,3171,-141.1511784344209
1973,-0.0011166570335774395,1.2275389270652486e-18,mid,7.803988100859896e-17,9.409125356270111e-19,3171,3172,-141.14313571578708
1974,-0.018860123733702494,1.2291869782318226e-18,mid,7.619790140181549e-17,9.547213447458846e-19,3172,3173,-141.15341174848805
1975,-0.0352400861361275,1.2201603755817774e-18,mid,7.43697050009414e-17,9.70477930246854e-19,3173,3174,-141.1808559632545
1976,-0.049287820194678034,1.2014674761021324e-18,mid,7.269840868993695e-17,9.876813444107994e-19,3174,3175,-141.2238919207603
1977,-0.05908107333360135,1.1745583312485408e-18,mid,7.132911240040392e-17,1.005391145078823e-18,3175,3176,-141.27943160364384
1978,-0.062457971443151905,1.1416817847521522e-18,mid,7.039396514462397e-17,1.0224676637189703e-18,3176,3177,-141.3420540674275
1979,-0.05827651582168869,1.106239141567095e-18,mid,6.998994075638967e-17,1.0379413444501003e-18,3177,3178,-141.40434754653015
1980,-0.04737479674234635,1.072649810984641e-18,mid,7.015845556075017e-17,1.0512135461797664e-18,3178,3179,-141.4586070990709
1981,-0.032468822873894965,1.0455859304858272e-18,mid,7.087783328827006e-17,1.0619804072018855e-18,3179,3180,-141.49909714001484
1982,-0.016955803836467,1.0288911408078428e-18,mid,7.207208640784494e-17,1.0699923031008081e-18,3180,3181,-141.52354474481868
1983,-0.0034764201788703986,1.0247433239287148e-18,mid,7.36292035114858e-17,1.0748558589088901e-18,3181,3182,-141.53300874768777
1984,0.006749552207338638,1.033430432313907e-18,mid,7.541843806525891e-17,1.0760278666329664e-18,3182,3183,-141.53049758517642
1985,0.013612137258490975,1.0536199426935568e-18,mid,7.730072818588129e-17,1.0730063200955793e-18,3183,3184,-141.5195096432731
1986,0.01748259397496099,1.0827125517242262e-18,mid,7.913370199492085e-17,1.0655960968640281e-18,3184,3185,-141.50327331065944
1987,0.018897383974007198,1.1170770445476106e-18,mid,8.07769262562819e-17,1.0540862627952366e-18,3185,3186,-141.48454445532317
1988,0.01856068171194636,1.1523467131738796e-18,mid,8.210204972186264e-17,1.0392256713155678e-18,3186,3187,-141.46547854271142
1989,0.017328232548095457,1.1840127384311807e-18,mid,8.300741976550133e-17,1.021998458453788e-18,3187,3188,-141.44742309189928
1990,0.016009889659869714,1.2082246686642971e-18,mid,8.343104160103164e-17,1.003337914303712e-18,3188,3189,-141.43082207761523
1991,0.015126690946615895,1.222401734733819e-18,mid,8.335424426277034e-17,9.839837995209222e-19,3189,3190,-141.41540331257954
1992,0.014824014752278458,1.2253425223619965e-18,mid,8.279408837663068e-17,9.645910461179456e-19,3190,3191,-141.400568695722
1993,0.014965761823390267,1.2169480430950342e-18,mid,8.17917508291542e-17,9.45970010111086e-19,3191,3192,-141.38575528307499
1994,0.015267721599713013,1.197993120508273e-18,mid,8.040768943582927e-17,9.29186008214745e-19,3192,3193,-141.37063717207522
1995,0.015369907145995398,1.170218665952202e-18,mid,7.872733712968076e-17,9.15359647310822e-19,3193,3194,-141.35521983987556
1996,0.014892665333434252,1.1365488324817755e-18,mid,7.686956016808375e-17,9.053076642422752e-19,3194,3195,-141.33989735778323
1997,0.013536947588477233,1.1010007996826287e-18,mid,7.49854977021883e-17,8.993378889172899e-19,3195,3196,-141.3254345092087
1998,0.011166483603190613,1.0681108245576618e-18,mid,7.3242206867256e-17,8.973683462394489e-19,3196,3197,-141.31282346260627
1999,0.00775833393848302,1.0421404949039332e-18,mid,7.179724067730056e-17,8.992276041359279e-19,3197,3198,-141.3031015420023
2000,0.003253446820536965,1.0264553033183135e-18,mid,7.077645556848922e-17,9.048369316635667e-19,3198,3199,-141.2973067947293
2001,-0.002456894961966327,1.0231801532295198e-18,mid,7.026337243598405e-17,9.141194792880717e-19,3199,3200,-141.29659464836124
2002,-0.009222130106536497,1.0329374300908225e-18,mid,7.029863217758936e-17,9.267591002461132e-19,3200,3201,-141.30222058465324
2003,-0.01622769599184437,1.054568177503882e-18,mid,7.088140973983811e-17,9.420662673215319e-19,3201,3202,-141.3150389085743
2004,-0.0220311571429761,1.0850817914240179e-18,mid,7.196690857471122e-17,9.590924418939684e-19,3202,3203,-141.33467597663693
2005,-0.025225788224801704,1.12014656578297e-18,mid,7.346264062080648e-17,9.76901325818907e-19,3203,3204,-141.35910122286026
2006,-0.025232485997790377,1.1550587996782032e-18,mid,7.523224261383983e-17,9.947775867822905e-19,3204,3205,-141.38512755308653
2007,-0.02255107390836031,1.1857283720910508e-18,mid,7.711252963246635e-17,1.0122270077468878e-18,3205,3206,-141.40956619485584
2008,-0.018284407417951343,1.209191617500526e-18,mid,7.893955939133865e-17,1.0288037484074764e-18,3206,3207,-141.43022970090325
2009,-0.013316820354233982,1.2235066656018252e-18,mid,8.057162334680987e-17,1.043927924275751e-18,3207,3208,-141.44613500969174
2010,-0.00776227813321384,1.2273526702666577e-18,mid,8.189879085270768e-17,1.0568452349937849e-18,3208,3209,-141.45686334161172
2011,-0.0011004243151546689,1.2198934629693692e-18,mid,8.283901755187204e-17,1.066764393209714e-18,3209,3210,-141.46165956595817
2012,0.007102797960413909,1.2012101015279875e-18,mid,8.333086395995184e-17,1.0730815292499561e-18,3210,3211,-141.45906419024203
2013,0.01646208961201978,1.1730015305731555e-18,mid,8.333347800628227e-17,1.0755385702404978e-18,3211,3212,-141.44745397003734
2014,0.02560491369926865,1.138853801104418e-18,mid,8.28355147225032e-17,1.0741954666195202e-18,3212,3213,-141.426140011018
2015,0.032687100380385914,1.1036260757088127e-18,mid,8.186523261297179e-17,1.0692267890751502e-18,3213,3214,-141.3962441426388
2016,0.036177472236531116,1.0722307002627305e-18,mid,8.049294400852938e-17,1.0607189448542058e-18,3214,3215,-141.36076581025722
2017,0.035300836057786,1.0486005994938675e-18,mid,7.882370333085217e-17,1.0486851190414757e-18,3215,3216,-141.32388919816574
2018,0.029870227093169888,1.0353812630321046e-18,mid,7.698486786368303e-17,1.0333325371295408e-18,3216,3217,-141.29016413814165
2019,0.019912619172586687,1.0341027529840468e-18,mid,7.511459251193642e-17,1.0153548403366031e-18,3217,3218,-141.2641487439794
2020,0.005776670008174278,1.0451674968395891e-18,mid,7.335421810357704e-17,9.959523464280326e-19,3218,3219,-141.25033889979647
2021,-0.011209055782899213,1.067432499598974e-18,mid,7.184319197623123e-17,9.765061168878117e-19,3219,3220,-141.25259540396306
2022,-0.02832701120384229,1.0979019678650388e-18,mid,7.071216759454386e-17,9.581506154945308e-19,3220,3221,-141.27275701136227
2023,-0.04205642746654803,1.132135001379642e-18,mid,7.007014476807367e-17,9.415929299949448e-19,3221,3222,-141.30924942637074
2024,-0.04944519051133511,1.1653308815862837e-18,mid,6.99860352979975e-17,9.273063396654129e-19,3222,3223,-141.35686986629537
2025,-0.04933341602612984,1.1934651760445525e-18,mid,7.047176847815734e-17,9.158854019433118e-19,3223,3224,-141.4081398073934
2026,-0.042622039826881064,1.2138590809614539e-18,mid,7.147688167735458e-17,9.081988495223979e-19,3224,3225,-141.45553669834763
2027,-0.03146674038919173,1.2250287027257697e-18,mid,7.289897620574765e-17,9.051518380694324e-19,3225,3226,-141.49338388704717
2028,-0.01798561795484943,1.2261692473237091e-18,mid,7.46044682936188e-17,9.072229525083916e-19,3226,3227,-141.518470179126
2029,-0.003347571705262453,1.2168435292938643e-18,mid,7.644902886434358e-17,9.141646746949717e-19,3227,3228,-141.52935512295687
2030,0.012228652177739718,1.1972257714850692e-18,mid,7.82907079117908e-17,9.251346035848156e-19,3228,3229,-141.52516532253654
2031,0.02870530809953209,1.1687507333136968e-18,mid,7.999590735897695e-17,9.391476927690608e-19,3229,3230,-141.5048978186014
2032,0.04531083128135549,1.1346041913092675e-18,mid,8.144259850457987e-17,9.55455425110956e-19,3230,3231,-141.46775470633747
2033,0.0601456090220438,1.0994952241876078e-18,mid,8.25249149916107e-17,9.73543338272603e-19,3231,3232,-141.41427615603868
2034,0.07064633157253297,1.0686172142609503e-18,mid,8.316075349743872e-17,9.928060708670775e-19,3232,3233,-141.34746348829339
2035,0.07465598071975421,1.0463214939452552e-18,mid,8.330117414344464e-17,1.012251195513067e-18,3233,3234,-141.27298349289362
2036,0.07128645057026972,1.035279879268476e-18,mid,8.29377706523597e-17,1.0305362950159252e-18,3234,3235,-141.19815152685388
2037,0.06089913369844169,1.0364586825635951e-18,mid,8.210328310615414e-17,1.0463271710449771e-18,3235,3236,-141.13041059175308
2038,0.044469561162074456,1.0494408769496948e-18,mid,8.086396465892842e-17,1.058694029216831e-18,3236,3237,-141.076353259457
2039,0.023188887097333577,1.072476180417711e-18,mid,7.93085604729636e-17,1.0672747132520105e-18,3237,3238,-141.04147146942893
2040,-0.0014001541553341212,1.1023452247541982e-18,mid,7.754197266022269e-17,1.0721544667018436e-18,3238,3239,-141.02997548526233
2041,-0.02718736182364978,1.1346590042002129e-18,mid,7.568680880531501e-17,1.0736000448957483e-18,3239,3240,-141.0442717777396
2042,-0.05160144483886597,1.1648099336914431e-18,mid,7.388661212949918e-17,1.071828758527736e-18,3240,3241,-141.08435020890963
2043,-0.07199996090656668,1.189050074473574e-18,mid,7.230001025423079e-17,1.0669325297657814e-18,3241,3242,-141.14747466741733
2044,-0.08613855450859376,1.2050285242914592e-18,mid,7.108066273395375e-17,1.0589771323833253e-18,3242,3243,-141.22835013072276
2045,-0.09255219281985205,1.2116315203651033e-18,mid,7.034948179139199e-17,1.048192971923129e-18,3243,3244,-141.31975177643452
2046,-0.09070877076895556,1.2085251929729734e-18,mid,7.017295478695422e-17,1.0351032214095075e-18,3244,3245,-141.41345451636246
2047,-0.08088306868641837,1.1959131141057431e-18,mid,7.055768352514227e-17,1.020457960214705e-18,3245,3246,-141.50116931797243
2048,-0.06388916175527015,1.1746944948264343e-18,mid,7.145967597687752e-17,1.0049861293466676e-18,3246,3247,-141.5752206537353
2049,-0.04092188716181511,1.1467936578151022e-18,mid,7.279794277179117e-17,9.891509973125086e-19,3247,3248,-141.62894764148297
2050,-0.013630339296184957,1.115272315768414e-18,mid,7.446309857556562e-17,9.731341646906096e-19,3248,3249,-141.65706442805893
2051,0.01570404945584869,1.0840243530038846e-18,mid,7.632060714536164e-17,9.571029267326558e-19,3249,3250,-141.65620832007534
2052,0.04412905261138178,1.0571848514017425e-18,mid,7.82160144531131e-17,9.415588586939507e-19,3250,3251,-141.62565632914723
2053,0.06829345375692242,1.0385375243237694e-18,mid,7.998898555828498e-17,9.274547080578469e-19,3251,3252,-141.56795021485257
2054,0.08508749849963237,1.0310326377772906e-18,mid,8.149484078061128e-17,9.159342135790003e-19,3252,3253,-141.4890694216334
2055,0.09256079954631957,1.0362710974454284e-18,mid,8.262386431778325e-17,9.078827991896176e-19,3253,3254,-141.3977752178533
2056,0.09067508168247684,1.0539040032664868e-18,mid,8.330805530659116e-17,9.036681484429297e-19,3254,3255,-141.30394782254075
2057,0.08120883562138204,1.0813306297794723e-18,mid,8.351403516650173e-17,9.03268317326197e-19,3255,3256,-141.21642505448835
2058,0.0666779589811739,1.1141866165011668e-18,mid,8.323191015156896e-17,9.065892295292651e-19,3256,3257,-141.14153015129799
2059,0.04911172853869061,1.1475413333799537e-18,mid,8.247218335308799e-17,9.136032684436878e-19,3257,3258,-141.083069136526
2060,0.029645232149661638,1.1771002969436585e-18,mid,8.127367159556661e-17,9.241830939817905e-19,3258,3259,-141.0433066942206
2061,0.008996386551118007,1.1997550639557905e-18,mid,7.971383818779456e-17,9.378536920397998e-19,3259,3260,-141.02377867222668
2062,-0.011859271404745186,1.2134400481003559e-18,mid,7.791015385976741e-17,9.53746959227852e-19,3260,3261,-141.02531392111837
2063,-0.031437845459947766,1.2168030374635647e-18,mid,7.60086094443345e-17,9.708064527199874e-19,3261,3262,-141.04749721503617
2064,-0.04801470081665116,1.2091976900368435e-18,mid,7.416502834885061e-17,9.880638842927109e-19,3262,3263,-141.08818961203826
2065,-0.06009303736634308,1.1910472564590385e-18,mid,7.252814598213003e-17,1.0047979706737223e-18,3263,3264,-141.14352661666948
2066,-0.0667027807053131,1.1641927327245621e-18,mid,7.12294008823438e-17,1.02051700683582e-18,3264,3265,-141.20837568677095
2067,-0.06739584065965687,1.1318073890789422e-18,mid,7.037750071606559e-17,1.034822243717676e-18,3265,3266,-141.2769321780801
2068,-0.06210805105713746,1.0978145625844033e-18,mid,7.005177124188473e-17,1.0472542748187836e-18,3266,3267,-141.34316736809026
2069,-0.05119069094587303,1.0661571687015378e-18,mid,7.029053257862813e-17,1.0572225069076546e-18,3267,3268,-141.40114828019438
2070,-0.035746580742795686,1.0403693954115051e-18,mid,7.107796670557559e-17,1.0640790969337672e-18,3268,3269,-141.445548749982
2071,-0.018002310529553256,1.023555259960593e-18,mid,7.233883344165078e-17,1.0673137984658423e-18,3269,3270,-141.47264144167997
2072,-0.0011211537043607223,1.0183587071576977e-18,mid,7.394833736580691e-17,1.0667420036155542e-18,3270,3271,-141.48155337104112
2073,0.011903381451745076,1.0264086495170062e-18,mid,7.575482205518969e-17,1.0625240509539822e-18,3271,3272,-141.4748837490887
2074,0.01970844682865902,1.0473486199120391e-18,mid,7.760432718849666e-17,1.0549710803532814e-18,3272,3273,-141.45774660813763
2075,0.023120043455080008,1.0783056597074586e-18,mid,7.935640999509549e-17,1.0443041077133541e-18,3273,3274,-141.43546685543137
2076,0.024240512039526152,1.114502687053494e-18,mid,8.088893516299564e-17,1.030628202202092e-18,3274,3275,-141.41150652122747
2077,0.02491776631526932,1.1507178047110825e-18,mid,8.209757977659912e-17,1.0142073735553057e-18,3275,3276,-141.38698583135232
2078,0.025824278834448933,1.1826034471111112e-18,mid,8.289711502065278e-17,9.95800969651457e-19,3276,3277,-141.36167098859693
2079,0.026550881464970644,1.2071502444254158e-18,mid,8.32269155288265e-17,9.76688955368212e-19,3277,3278,-141.33533727368342
2080,0.026334890397237132,1.2223656387765362e-18,mid,8.305830443002035e-17,9.582727321508475e-19,3278,3279,-141.308569225667
2081,0.024833639592017676,1.226802133597853e-18,mid,8.240010404489516e-17,9.415681889435988e-19,3279,3280,-141.28266749288895
2082,0.022460819805857568,1.2195384083558015e-18,mid,8.129999222756533e-17,9.270494720518579e-19,3280,3281,-141.25890194648295
2083,0.02007196809491063,1.2006988762282185e-18,mid,7.984059820746734e-17,9.14971599853053e-19,3281,3282,-141.23774585327723
2084,0.018220915885990507,1.172051687239608e-18,mid,7.813094481551264e-17,9.058199493345882e-19,3282,3283,-141.21875801029313
2085,0.016592620867967867,1.137101435580804e-18,mid,7.629647779713514e-17,9.004049156230034e-19,3283,3284,-141.20130402150525
2086,0.014169750777668355,1.1004661260177754e-18,mid,7.447204628326641e-17,8.994798597721277e-19,3284,3285,-141.1855727685572
2087,0.010080518491776047,1.0668636544855525e-18,mid,7.279879457164374e-17,9.03234082039815e-19,3285,3286,-141.17296451994991
2088,0.0044363884286440225,1.0402910265075279e-18,mid,7.141994359874076e-17,9.111278143054685e-19,3286,3287,-141.16541173157364
2089,-0.08637849272029996,1.023737732059691e-18,mid,7.046841293748661e-17,9.223028156609922e-19,3287,3288,-141.16409174309263
2090,-0.09357170569934681,1.1302078208435993e-18,mid,7.521462460657649e-17,9.986269211737047e-19,3318,3319,-141.33816871701424
2091,-0.009154615609034522,1.1255010968208417e-18,mid,7.581765179101191e-17,9.93739556464011e-19,3319,3320,-141.35123515449132
2092,-0.0012939760260906041,1.1194832194085062e-18,mid,7.646662997268976e-17,9.883704446187998e-19,3320,3321,-141.3564779482323
2093,0.006309338527628938,1.1127902407087426e-18,mid,7.710696607762621e-17,9.829369174907405e-19,3321,3322,-141.3538231065435
2094,0.013201908064104373,1.106075479592573e-18,mid,7.769045890942316e-17,9.775154134138123e-19,3322,3323,-141.34385927117705
2095,0.019208414297409604,1.1000257992495457e-18,mid,7.817834083517389e-17,9.72034669122127e-19,3323,3324,-141.3274192904153
2096,0.02411597742253946,1.0953337978165035e-18,mid,7.853945867214007e-17,9.665045213688155e-19,3324,3325,-141.30544244258223
2097,0.02746172269762326,1.0925887235711469e-18,mid,7.874757489606394e-17,9.61184948900401e-19,3325,3326,-141.2791873355702
2098,0.02863201363238943,1.0921312592245929e-18,mid,7.878240853873804e-17,9.565477476117753e-19,3326,3327,-141.250518997187
2099,0.027202378215477552,1.0939519002288502e-18,mid,7.863539117736373e-17,9.530575608379115e-19,3327,3328,-141.22192330830543
2100,0.023250607534478718,1.0976799892789176e-18,mid,7.831612638576824e-17,9.509469692732875e-19,3328,3329,-141.19611424075603
2101,0.017396228957451854,1.1026571270891433e-18,mid,7.785383016219096e-17,9.501600137640967e-19,3329,3330,-141.17542209323648
2102,0.01053546345231382,1.1080634152450002e-18,mid,7.729156333611826e-17,9.5049161081092e-19,3330,3331,-141.16132178284113
2103,0.0034690905558818486,1.1130661660887451e-18,mid,7.667689933589261e-17,9.51790544689154e-19,3331,3332,-141.15435116633185
2104,-0.0033160807739989195,1.1169578643933363e-18,mid,7.605538696502773e-17,9.540590847846673e-19,3332,3333,-141.15438360172936
2105,-0.009584567181335046,1.1192410793957178e-18,mid,7.547010403331979e-17,9.57385720507043e-19,3333,3334,-141.16098332787985
2106,-0.015098910465496829,1.1196341538341837e-18,mid,7.496457553339715e-17,9.61785490274122e-19,3334,3335,-141.17355273609203
2107,-0.019411333206178938,1.1180246017545508e-18,mid,7.458299561549692e-17,9.670825524038163e-19,3335,3336,-141.19118114881084
2108,-0.021902080315499006,1.1144440789224449e-18,mid,7.436417863737575e-17,9.72919122631344e-19,3336,3337,-141.2123754025044
2109,-0.022070016214371435,1.1091191224224161e-18,mid,7.433172556442669e-17,9.78870705054367e-19,3337,3338,-141.23498530944184
2110,-0.01986718561050793,1.102563547074582e-18,mid,7.448701001717053e-17,9.845770954651395e-19,3338,3339,-141.25651543493314
2111,-0.015810581243499655,1.0955998872877522e-18,mid,7.4809983647395e-17,9.898052445397897e-19,3339,3340,-141.27471968066286
2112,-0.010759765531375365,1.0892187254377005e-18,mid,7.526683890752477e-17,9.944199007420586e-19,3340,3341,-141.28813659742013
2113,-0.005507904345748216,1.084312866063923e-18,mid,7.581854438285585e-17,9.982993636494215e-19,3341,3342,-141.2962392117256
2114,-0.0004929597445766376,1.0814511351563002e-18,mid,7.642460221513422e-17,1.0012632088635915e-18,3342,3343,-141.29915240611163
2115,0.004155848183572175,1.080845394685739e-18,mid,7.704157353376891e-17,1.0030685742437782e-18,3343,3344,-141.29722513121476
2116,0.008316509083343249,1.0824945981900733e-18,mid,7.762109410073551e-17,1.0034869115349266e-18,3344,3345,-141.2908407097445
2117,0.011637508254594309,1.0863199183063102e-18,mid,7.811254429116125e-17,1.0024138076054931e-18,3345,3346,-141.28059211304807
2118,0.013624779951172172,1.0921227940479095e-18,mid,7.847100096285999e-17,9.99929283143399e-19,3346,3347,-141.2675656932353
2119,0.013988361127644566,1.0994036793873465e-18,mid,7.866594810152877e-17,9.962539605691518e-19,3347,3348,-141.25334255314573
2120,0.012913303611171045,1.1072616811390523e-18,mid,7.86852512279808e-17,9.916330268475188e-19,3348,3349,-141.23958897098
2121,0.010977270169547637,1.1145501972582051e-18,mid,7.85327712847774e-17,9.86251886166816e-19,3349,3350,-141.2275159459234
2122,0.008770480818512283,1.1202281199086146e-18,mid,7.822288015706214e-17,9.802618601930812e-19,3350,3351,-141.2176344306409
2123,0.006549435720927477,1.1236624732773835e-18,mid,7.777671969322711e-17,9.738819098573645e-19,3351,3352,-141.20997498428636
2124,0.004217802988577546,1.1246841547712652e-18,mid,7.722242930907703e-17,9.674569450478982e-19,3352,3353,-141.20453555919906
2125,0.001631191596615622,1.1234145395071076e-18,mid,7.659752121331444e-17,9.61392927490272e-19,3353,3354,-141.2015393783092
2126,-0.0010615923590364673,1.12006098853637e-18,mid,7.594957801526604e-17,9.560201828071162e-19,3354,3355,-141.20127317600583
2127,-0.00335776806733179,1.1148718580781033e-18,mid,7.533270701997815e-17,9.51518787606005e-19,3355,3356,-141.20366256302728
2128,-0.004689139357154204,1.1082681258983247e-18,mid,7.48002702098108e-17,9.479792632723615e-19,3356,3357,-141.2079887121405
2129,-0.0048179243909771685,1.1009896332465066e-18,mid,7.439693950838511e-17,9.455289946831996e-19,3357,3358,-141.2130408417416
2130,-0.003994771856440593,1.094064599908735e-18,mid,7.415347738677578e-17,9.443801989790127e-19,3358,3359,-141.21762456092245
2131,-0.002734409702284779,1.088554493128117e-18,mid,7.408569778801555e-17,9.447294842219852e-19,3359,3360,-141.22103038545447
2132,-0.0014048971495412843,1.0852208119659987e-18,mid,7.419627912154283e-17,9.465918948192631e-19,3360,3361,-141.22309338032701
2133,-1.9840297369455584e-06,1.0843373723949416e-18,mid,7.447662771809638e-17,9.497314540720427e-19,3361,3362,-141.22384017975355
2134,0.0016910561936214208,1.0857557021534676e-18,mid,7.4906957553957e-17,9.537712542311245e-19,3362,3363,-141.2230973483865
2135,0.0037262360115732918,1.0891210583653852e-18,mid,7.545522681527324e-17,9.583987597002369e-19,3363,3364,-141.2204580673663
2136,0.005771582429630939,1.0940274090163354e-18,mid,7.607736055864007e-17,9.63484285757513e-19,3364,3365,-141.21564487636334
2137,0.007271906499582315,1.0999915293284377e-18,mid,7.672078180330044e-17,9.690006126089399e-19,3365,3366,-141.20891490250705
2138,0.007852453183687658,1.1063249903272782e-18,mid,7.733108609522638e-17,9.748141830947695e-19,3366,3367,-141.20110106336418
2139,0.007602700164071052,1.1120967579971093e-18,mid,7.785950537027943e-17,9.80546581606682e-19,3367,3368,-141.19320999613967
2140,0.006988008873989315,1.1163026034114303e-18,mid,7.826816351451427e-17,9.8565165038799e-19,3368,3369,-141.18589566303604
2141,0.006467162963659234,1.1181658251250333e-18,mid,7.853138909119647e-17,9.896602063391046e-19,3369,3370,-141.1792339783917
2142,0.006138352750895137,1.1173670995065061e-18,mid,7.863379703863206e-17,9.923899017435477e-19,3370,3371,-141.17296133710872
2143,0.005697075140602692,1.1140539808835614e-18,mid,7.85680075429235e-17,9.939452189757473e-19,3371,3372,-141.1669572728899
2144,0.004723618193068546,1.1086609970688836e-18,mid,7.833502406246676e-17,9.94513353230513e-19,3372,3373,-141.1615671868275
2145,0.0030503168668616354,1.1017146504905613e-18,mid,7.794780230259128e-17,9.941322104360364e-19,3373,3374,-141.15751003650377
2146,0.0009051237671684476,1.0937761989378704e-18,mid,7.743505180772357e-17,9.92622643938505e-19,3374,3375,-141.1554665530938
2147,-0.0012714924668273397,1.085516164923576e-18,mid,7.684093507197487e-17,9.897349378889959e-19,3375,3376,-141.15569978896943
2148,-0.0031639080788039564,1.077775400423167e-18,mid,7.621884539318985e-17,9.853871268485849e-19,3376,3377,-141.15800953802744
2149,-0.004786083469682012,1.0714805937110342e-18,mid,7.562210616587764e-17,9.798078840541237e-19,3377,3378,-141.16202760512704
2150,-0.006391532138124489,1.0674249191229526e-18,mid,7.509701787560712e-17,9.73476122621406e-19,3378,3379,-141.1675817049668
2151,-0.008170093305182036,1.0660516548504633e-18,mid,7.468147978080143e-17,9.669024632659974e-19,3379,3380,-141.17481066940329
2152,-0.009979283514311987,1.0673734324693157e-18,mid,7.440724986163067e-17,9.604134934746474e-19,3380,3381,-141.18392189157717
2153,-0.011324595748945399,1.0710431659146199e-18,mid,7.430061898751009e-17,9.54097180136892e-19,3381,3382,-141.1947692364319
2154,-0.011609277092077264,1.0764865378253945e-18,mid,7.437808310850587e-17,9.479459753873896e-19,3382,3383,-141.20657108307506
2155,-0.010478095376512897,1.083002210656311e-18,mid,7.463896752670279e-17,9.420810446042084e-19,3383,3384,-141.21798779061606
2156,-0.008020293157528613,1.0898123775371445e-18,mid,7.506091315388742e-17,9.368738453772565e-19,3384,3385,-141.2275272738281
2157,-0.004698682512668029,1.0961094871191393e-18,mid,7.560283657825353e-17,9.328553325294049e-19,3385,3386,-141.23402837693112
2158,-0.0010575914913459883,1.1011362763311949e-18,mid,7.621437083241664e-17,9.304672858419982e-19,3386,3387,-141.23692463885342
2159,0.0025848052213746087,1.1042827670444146e-18,mid,7.684580985321129e-17,9.298410740423733e-19,3387,3388,-141.2361435599138
2160,0.006235465805119134,1.105156932005593e-18,mid,7.745265036331409e-17,9.30777294348481e-19,3388,3389,-141.23175502841067
2161,0.010037002723109367,1.1036166840932469e-18,mid,7.799392773801977e-17,9.329415470304809e-19,3389,3390,-141.22367262830358
2162,0.013931582700749345,1.099792698129959e-18,mid,7.84291567602654e-17,9.361126289894608e-19,3390,3391,-141.21168102296446
2163,0.017454189912427864,1.0941183431912475e-18,mid,7.871973303525568e-17,9.40276207749036e-19,3391,3392,-141.19580946290208
2164,0.019856311411260208,1.087322529711713e-18,mid,7.883612913144086e-17,9.454913208299099e-19,3392,3393,-141.1767726431396
2165,0.020503307775342705,1.0803196544658191e-18,mid,7.876630263434832e-17,9.516538733600964e-19,3393,3394,-141.15609684007956
2166,0.019238112103366234,1.0740064096322206e-18,mid,7.851896760252574e-17,9.583694297620322e-19,3394,3395,-141.13576602758891
2167,0.016398900936252403,1.06908050669096e-18,mid,7.81194085371435e-17,9.650490216086738e-19,3395,3396,-141.11762061587282
2168,0.01247181509987172,1.0659948620335275e-18,mid,7.76015062290875e-17,9.711483270067615e-19,3396,3397,-141.1029682257164
2169,0.007700994443013087,1.0650276068475447e-18,mid,7.700209317012059e-17,9.763599711741887e-19,3397,3398,-141.09267698567308
2170,0.002030977492125885,1.0663284423297771e-18,mid,7.636070687733487e-17,9.80626730562375e-19,3398,3399,-141.08756623683038
2171,-0.004552161080738415,1.0698400660850961e-18,mid,7.572235800781797e-17,9.8399679068414e-19,3399,3400,-141.08861503068883
2172,-0.011603744377694625,1.0751560666088924e-18,mid,7.513802873710547e-17,9.864556852969483e-19,3400,3401,-141.09667055899186
2173,-0.018143959941781418,1.0814851670106414e-18,mid,7.465957807116875e-17,9.878658405167704e-19,3401,3402,-141.11182251944422
2174,-0.023036172966939716,1.0878218192169801e-18,mid,7.433054889804151e-17,9.880453712321488e-19,3402,3403,-141.13295847887542
2175,-0.025525487199487884,1.093242691538537e-18,mid,7.417789625081163e-17,9.86909171731933e-19,3403,3404,-141.1578948653781
2176,-0.025510546208039386,1.0971347008324456e-18,mid,7.42091045614315e-17,9.845561797820642e-19,3404,3405,-141.1840094532744
2177,-0.023366088294054066,1.0992149668683488e-18,mid,7.441515224808125e-17,9.812358075676745e-19,3405,3406,-141.20891595779418
2178,-0.019516661351246967,1.0993768599783083e-18,mid,7.477575459562847e-17,9.772228274682615e-19,3406,3407,-141.2307416298625
2179,-0.014150586669458676,1.0975423468068089e-18,mid,7.52626407048287e-17,9.727025506713387e-19,3407,3408,-141.24794928049667
2180,-0.007308808434984826,1.0936880679534035e-18,mid,7.583959810727711e-17,9.67758676165001e-19,3408,3409,-141.25904280320142
2181,0.0007667190263873636,1.0880401431752907e-18,mid,7.646170242960324e-17,9.62467109559271e-19,3409,3410,-141.26256689736664
2182,0.009374296077027111,1.0812487195359284e-18,mid,7.707720108680326e-17,9.570041595057063e-19,3410,3411,-141.25750936514865
2183,0.01745167045825724,1.0743323574854133e-18,mid,7.763323903435651e-17,9.516641812142733e-19,3411,3412,-141.24381830521259
2184,0.023984946726187673,1.068364877833972e-18,mid,7.808334162177739e-17,9.467677240190277e-19,3412,3413,-141.22260602423214
2185,0.028402994195957376,1.0641116807285173e-18,mid,7.839322253520069e-17,9.42547299963645e-19,3413,3414,-141.1958484117602
2186,0.03064321440673723,1.0618811096821141e-18,mid,7.854283142999877e-17,9.391176467830567e-19,3414,3415,-141.16580003584022
2187,0.03087163764875811,1.061662362023161e-18,mid,7.852503420362683e-17,9.365482539236822e-19,3415,3416,-141.13456198294674
2188,0.02915146331142182,1.0633572728563938e-18,mid,7.834302332512456e-17,9.349491842782989e-19,3416,3417,-141.1040567605427
2189,0.025382732126047358,1.066846373915832e-18,mid,7.80087177470769e-17,9.344681489876644e-19,3417,3418,-141.0762590563239
2190,0.019561416470452286,1.0718283100331687e-18,mid,7.75432518404386e-17,9.351915651069642e-19,3418,3419,-141.0532912962906
2191,0.01209664444868963,1.0776309884810229e-18,mid,7.69787829538848e-17,9.370469209824448e-19,3419,3420,-141.037136223383
2192,0.003868215650129514,1.083245796080836e-18,mid,7.63592303723862e-17,9.39809973936113e-19,3420,3421,-141.02909800739323
2193,-0.004057882296365278,1.0876294318100328e-18,mid,7.573744849249103e-17,9.432210549427716e-19,3421,3422,-141.02939979208273
2194,-0.01084117642423621,1.0900632972749699e-18,mid,7.516836839620491e-17,9.471087368227934e-19,3422,3423,-141.03721377198596
2195,-0.016092199294178045,1.0903081093844564e-18,mid,7.470067653243205e-17,9.5140917808982e-19,3423,3424,-141.0510821449312
2196,-0.019761818396531794,1.0884792670697121e-18,mid,7.437104695052165e-17,9.560637018541868e-19,3424,3425,-141.06939817057432
2197,-0.021826527587833766,1.0848072137584854e-18,mid,7.420310740359434e-17,9.608873260503269e-19,3425,3426,-141.09060578172426
2198,-0.022074163029998317,1.07951851732954e-18,mid,7.420952293504874e-17,9.655285668903788e-19,3426,3427,-141.11305122574998
2199,-0.02020624281618666,1.0729273697177152e-18,mid,7.439327234613899e-17,9.695644766902985e-19,3427,3428,-141.13475410778426
2200,-0.016187120010684453,1.065610253915626e-18,mid,7.474562814063402e-17,9.726630087201593e-19,3428,3429,-141.15346371138236
2201,-0.010530418514221651,1.0584492104354079e-18,mid,7.52423263290751e-17,9.746901080913977e-19,3429,3430,-141.16712834780563
2202,-0.004235566093072407,1.0524446214709516e-18,mid,7.584227189865572e-17,9.756806026124275e-19,3430,3431,-141.1745245484108
2203,0.0016300100401593909,1.0484048832232718e-18,mid,7.649207161066742e-17,9.75695120064874e-19,3431,3432,-141.17559947999177
2204,0.006397717523071833,1.0467289901739675e-18,mid,7.713539732239726e-17,9.746756252403467e-19,3432,3433,-141.17126452833048
2205,0.009955506860251262,1.0474104970005536e-18,mid,7.772227401926896e-17,9.724231758175114e-19,3433,3434,-141.16280404494563
2206,0.01250576122339453,1.0501919165727865e-18,mid,7.821329273162092e-17,9.68735819868368e-19,3434,3435,-141.15135351460998
2207,0.014172506217207115,1.0546861692607027e-18,mid,7.857783050687483e-17,9.63616019833703e-19,3435,3436,-141.13779252249884
2208,0.014806194093907266,1.0603673125753478e-18,mid,7.879036339820291e-17,9.573834168650996e-19,3436,3437,-141.12300850217557
2209,0.01412859521899179,1.0665109540023966e-18,mid,7.883043585067151e-17,9.505815727155024e-19,3437,3438,-141.10818013431103
2210,0.012059547750453703,1.0722322498966415e-18,mid,7.868815472775479e-17,9.437262812649733e-19,3438,3439,-141.09475131173758
2211,0.008928165094928886,1.0766589826708643e-18,mid,7.83713350125836e-17,9.370870896356512e-19,3439,3440,-141.08406103881012
2212,0.005386106940804325,1.0791277020117904e-18,mid,7.790797658321819e-17,9.306844079164466e-19,3440,3441,-141.07689498154772
2213,0.002090060870330035,1.0792759986383322e-18,mid,7.73411053498209e-17,9.245061337516332e-19,3441,3442,-141.0732888249285
2214,-0.0006061589455441663,1.0770247265886527e-18,mid,7.67192214229501e-17,9.187525890134188e-19,3442,3443,-141.07271485980706
2215,-0.002731179556377583,1.0725421902893965e-18,mid,7.608891275872392e-17,9.138881086748493e-19,3443,3444,-141.0745011428196
2216,-0.004503787237808865,1.066248783313192e-18,mid,7.549357534176554e-17,9.10442425375872e-19,3444,3445,-141.07817721891982
2217,-0.006024435999037792,1.0588181564335087e-18,mid,7.497616443836992e-17,9.087203366641683e-19,3445,3446,-141.08350871729522
2218,-0.0070950131648856996,1.0510975700705998e-18,mid,7.458008521840543e-17,9.086565888665958e-19,3446,3447,-141.0902260909179
2219,-0.007318914859155257,1.043948510400873e-18,mid,7.434415388021902e-17,9.099277094578731e-19,3447,3448,-141.097698743625
2220,-0.00641759615750459,1.0381013657631418e-18,mid,7.429328599041715e-17,9.122178049930187e-19,3448,3449,-141.1048639206362
2221,-0.004520948578218054,1.0341079508364646e-18,mid,7.44310184138974e-17,9.154181551760589e-19,3449,3450,-141.11053393594
2222,-0.0021874978237121923,1.0323676114256423e-18,mid,7.473917072616892e-17,9.196089660113751e-19,3450,3451,-141.11390581779264
2223,-0.00010407386994870649,1.0331190117019527e-18,mid,7.518458759416683e-17,9.248547863073493e-19,3451,3452,-141.11490893158742
2224,0.00132709576554646,1.036333982704604e-18,mid,7.572771988949781e-17,9.309910188499175e-19,3452,3453,-141.11411396553254
2225,0.0021933692891877854,1.0415871580247168e-18,mid,7.63273436984567e-17,9.375766393956416e-19,3453,3454,-141.11225474005633
2226,0.0029025155352258025,1.0480556411462828e-18,mid,7.694014939373613e-17,9.440483885569552e-19,3454,3455,-141.10972722695416
2227,0.003781880861382092,1.0547203167357685e-18,mid,7.751899548744172e-17,9.499540439071306e-19,3455,3456,-141.10644970898588
2228,0.004780942063945304,1.0606609301937407e-18,mid,7.801471535827707e-17,9.550909489802755e-19,3456,3457,-141.1021634652314
2229,0.00551792423011932,1.0652411226759194e-18,mid,7.838275725713533e-17,9.594585864566947e-19,3457,3458,-141.096887824858
2230,0.005617805844508439,1.0680750803613105e-18,mid,7.859123743152674e-17,9.630768829584818e-19,3458,3459,-141.09112761677116
2231,0.005047710658729443,1.0688727036125994e-18,mid,7.862555172656851e-17,9.658189318038775e-19,3459,3460,-141.08565221316897
2232,0.0041631914888995425,1.067373668459906e-18,mid,7.848748476823262e-17,9.67391250303398e-19,3460,3461,-141.0810321954537
2233,0.0034242547829990144,1.0634817449110483e-18,mid,7.819084135904581e-17,9.67479095135083e-19,3461,3462,-141.07732583019117
2234,0.0030158534664224135,1.0574917874604912e-18,mid,7.7757454095131e-17,9.659446699306808e-19,3462,3463,-141.0741836858877
2235,0.0026881702069658786,1.0501798203868198e-18,mid,7.721599705383055e-17,9.629232307277022e-19,3463,3464,-141.07129412325833
2236,0.001958407169269094,1.0426251819658843e-18,mid,7.660308709585561e-17,9.587437266765013e-19,3464,3465,-141.06880734547377
2237,0.0005231686285611659,1.0358640432431275e-18,mid,7.596409212979224e-17,9.537442409653927e-19,3465,3466,-141.0673773089198
2238,-0.0014546613440984402,1.0306202908639803e-18,mid,7.535109485073791e-17,9.481377747709928e-19,3466,3467,-141.06776100821665
2239,-0.0034308908892910495,1.0272825343575265e-18,mid,7.481724971213453e-17,9.420336337171948e-19,3467,3468,-141.07028663160798
2240,-0.004866339303646328,1.0260662255567034e-18,mid,7.440913697832811e-17,9.355768925568877e-19,3468,3469,-141.07462278999523
2241,-0.005574077149773871,1.027138179054883e-18,mid,7.416021649873206e-17,9.290640949286967e-19,3469,3470,-141.08001931021528
2242,-0.005724140170528358,1.030542422572931e-18,mid,7.408798454042239e-17,9.22922446962979e-19,3470,3471,-141.08577094429478
2243,-0.005523933161569516,1.0359878328548239e-18,mid,7.41950717957454e-17,9.175700203669395e-19,3471,3472,-141.09146759055633
2244,-0.004898688622887448,1.0427211891573265e-18,mid,7.447204081612167e-17,9.13281448823597e-19,3472,3473,-141.09681881061792
2245,-0.0034919663702623893,1.0496539458787686e-18,mid,7.489910440417472e-17,9.101704951350845e-19,3473,3474,-141.1012649678021
2246,-0.0009961641506350816,1.05569102958041e-18,mid,7.54458292329979e-17,9.082848851895261e-19,3474,3475,-141.10380274335844
2247,0.002491226206885244,1.0600366539526221e-18,mid,7.607048220640623e-17,9.077021819318913e-19,3475,3476,-141.10325729610338
2248,0.006418450325611502,1.0622816467568113e-18,mid,7.672178198478039e-17,9.08521034537358e-19,3476,3477,-141.09882029094467
2249,0.01009812069079885,1.0622705969329052e-18,mid,7.734446848624969e-17,9.107539871572577e-19,3477,3478,-141.09042039545216
2250,0.013124128986390815,1.059928802352613e-18,mid,7.788731187138773e-17,9.142345311255551e-19,3478,3479,-141.07862404956308
2251,0.015519653633816688,1.055242674520895e-18,mid,7.831007175511057e-17,9.186430879213689e-19,3479,3480,-141.06417213747937
2252,0.017483843228617957,1.0484227633414308e-18,mid,7.858619282134183e-17,9.236375361372349e-19,3480,3481,-141.04758474229544
2253,0.018973873614456238,1.0400838043922202e-18,mid,7.870082189563897e-17,9.289641963573706e-19,3481,3482,-141.02920445102214
2254,0.019523927633173344,1.0312325001597902e-18,mid,7.864721254233356e-17,9.344431492048912e-19,3482,3483,-141.00963699506653
2255,0.018495812877560525,1.0230082773587209e-18,mid,7.842580858808197e-17,9.398526854411686e-19,3483,3484,-140.9901565957558
2256,0.015551803240612116,1.0163387774580068e-18,mid,7.804769226214821e-17,9.448445569612557e-19,3484,3485,-140.9726453693114
2257,0.010921611799062703,1.0117472142850584e-18,mid,7.753949188884536e-17,9.489930875086752e-19,3485,3486,-140.95905298927457
2258,0.005232677522243989,1.0094033799564723e-18,mid,7.694442981629948e-17,9.519485845310556e-19,3486,3487,-140.95080214571328
2259,-0.00090511597723264,1.0092878276042327e-18,mid,7.631659102819249e-17,9.53565475131828e-19,3487,3488,-140.94858763423008
2260,-0.007155838908261103,1.0112692239938738e-18,mid,7.571093411414197e-17,9.539019065894614e-19,3488,3489,-140.95261237766775
2261,-0.013344259769255018,1.0150347878952139e-18,mid,7.517510330175299e-17,9.531007337232134e-19,3489,3490,-140.9628993120466
2262,-0.019136620223292766,1.0199934652549995e-18,mid,7.474727917122834e-17,9.512524322947985e-19,3490,3491,-140.97930089720626
2263,-0.02386274905606456,1.025303083903803e-18,mid,7.445870512178131e-17,9.483428839057405e-19,3491,3492,-141.0011725524932
2264,-0.026675200667980903,1.0300465671267152e-18,mid,7.433537368874365e-17,9.443176823463376e-19,3492,3493,-141.0270263953184
2265,-0.026933165324891206,1.0334477027126523e-18,mid,7.439456864743437e-17,9.392098401655778e-19,3493,3494,-141.05452295382915
2266,-0.024517827377195545,1.035002808200715e-18,mid,7.463746688654297e-17,9.3323514384075e-19,3494,3495,-141.08089272596817
2267,-0.0198549504870158,1.0344955218365776e-18,mid,7.504370882704785e-17,9.267794894983423e-19,3495,3496,-141.10355860858354
2268,-0.013651003956468344,1.0319508404885452e-18,mid,7.557328717842035e-17,9.20273107652115e-19,3496,3497,-141.1206026269422
2269,-0.006555231067451928,1.0275972813724595e-18,mid,7.61756031345593e-17,9.140302155287138e-19,3497,3498,-141.13086061649648
2270,0.0010086204604107252,1.0218555462201124e-18,mid,7.67999632202123e-17,9.081709199902619e-19,3498,3499,-141.1337130890771
2271,0.008752141273859593,1.015323498619084e-18,mid,7.740112249208078e-17,9.026919937177333e-19,3499,3500,-141.12884337557566
2272,0.016289220149985795,1.0087272250494798e-18,mid,7.793828878082727e-17,8.976389273696458e-19,3500,3501,-141.1162088065294
2273,0.022971970723375534,1.0028412627419541e-18,mid,7.837191216511035e-17,8.93241625979022e-19,3501,3502,-141.09626493527568
2274,0.027948521392502812,9.98398453515918e-19,mid,7.866424073006188e-17,8.898906232032173e-19,3502,3503,-141.07026486508263
2275,0.030440055049311354,9.959938952454821e-19,mid,7.878560854038357e-17,8.879510559852857e-19,3503,3504,-141.04036789249068
2276,0.030076381776652283,9.959744679798603e-19,mid,7.872257776498194e-17,8.87548901081815e-19,3504,3505,-141.009384754984
2277,0.02706424306583699,9.98333069539937e-19,mid,7.84818612672458e-17,8.885007165371388e-19,3505,3506,-140.98021512893737
2278,0.02205511623533596,1.0026708641598163e-18,mid,7.80872845859282e-17,8.90450524101863e-19,3506,3507,-140.95525626885234
2279,0.015792672461984125,1.0082831718597426e-18,mid,7.757256447345943e-17,8.931092107587525e-19,3507,3508,-140.9361048964667
2280,0.008798419978148786,1.0143448271435534e-18,mid,7.697535043391843e-17,8.96406648487467e-19,3508,3509,-140.92367092392837
2281,0.0013357967570470919,1.0200902705899196e-18,mid,7.633580464989405e-17,9.00437251653341e-19,3509,3510,-140.9185080565104
2282,-0.006334327131312989,1.0248902232150879e-18,mid,7.569836758418906e-17,9.052474452633622e-19,3510,3511,-140.92099933041428
2283,-0.013652284339372045,1.0282233768964158e-18,mid,7.511241125247303e-17,9.106423993691932e-19,3511,3512,-140.93117671077303
2284,-0.01971555328699992,1.0296382583481033e-18,mid,7.462845526189651e-17,9.161740024434254e-19,3512,3513,-140.94830389909302
2285,-0.023584064139527072,1.0288037472068525e-18,mid,7.429034924719908e-17,9.213250768399248e-19,3513,3514,-140.97060781734703
2286,-0.024725479674174267,1.0256504453852097e-18,mid,7.412718807728616e-17,9.257486534927907e-19,3514,3515,-140.99547202737207
2287,-0.023260336586091057,1.0204963653800473e-18,mid,7.414917143432344e-17,9.293792678702974e-19,3515,3516,-141.02005877669538
2288,-0.019816957349291897,1.0140310308926973e-18,mid,7.434890447332949e-17,9.323326458349227e-19,3516,3517,-141.04199270054426
2289,-0.015115949190402489,1.00712958304519e-18,mid,7.470599854464532e-17,9.346749364603192e-19,3517,3518,-141.05969269139396
2290,-0.009621545298486467,1.000606799297333e-18,mid,7.519124905895338e-17,9.36249677152013e-19,3518,3519,-141.07222459892506
2291,-0.0035318445113858843,9.950749969021402e-19,mid,7.576825685115758e-17,9.367105105723097e-19,3519,3520,-141.07893578199094
2292,0.0029247407872503572,9.909766446345806e-19,mid,7.639342455941801e-17,9.357415143995855e-19,3520,3521,-141.07928828794783
2293,0.009198695874644613,9.886966891365586e-19,mid,7.701702412133922e-17,9.332871144851459e-19,3521,3522,-141.07308630041643
2294,0.014445410016548976,9.885793634830747e-19,mid,7.758718364279792e-17,9.295996166212397e-19,3522,3523,-141.06089089619854
2295,0.01789347277136244,9.907699230376777e-19,mid,7.805624501175332e-17,9.250666351499932e-19,3523,3524,-141.04419548038334
2296,0.019262177565437355,9.949941721459366e-19,mid,7.838709859843175e-17,9.199732295977067e-19,3524,3525,-141.02510395065582
2297,0.01887423250657605,1.0004899064457105e-18,mid,7.855699888341593e-17,9.144070520386246e-19,3525,3526,-141.00567112525246
2298,0.017369474282546093,1.0062018174195676e-18,mid,7.855774299587713e-17,9.083754721820238e-19,3526,3527,-140.98735548564267
2299,0.015263749794570458,1.0111314436065928e-18,mid,7.839304547573497e-17,9.02005953485085e-19,3527,3528,-140.97093217668737
2300,0.012705274303641545,1.0146011930783393e-18,mid,7.807549066377766e-17,8.95636319527555e-19,3528,3529,-140.95682798605353
2301,0.009589535997150733,1.0162701955684113e-18,mid,7.762554909375979e-17,8.897215497977322e-19,3529,3530,-140.9455216280801
2302,0.005894509984059937,1.015959841134648e-18,mid,7.707325713620431e-17,8.846556685319645e-19,3530,3531,-140.93764891405922
2303,0.001933529484674068,1.0135080901624119e-18,mid,7.646029451325265e-17,8.806648745399114e-19,3531,3532,-140.93373260811197
2304,-0.0016917332807224739,1.0088241375847802e-18,mid,7.583878120990093e-17,8.778370899822692e-19,3532,3533,-140.93378185508988
2305,-0.004400260530488254,1.0021031996088113e-18,mid,7.526493217864389e-17,8.762218135712385e-19,3533,3534,-140.9371160746734
2306,-0.0059484973316585865,9.93986377359159e-19,mid,7.478973938876109e-17,8.758881936412247e-19,3534,3535,-140.94258237615085
2307,-0.006497224533092094,9.854789115733526e-19,mid,7.445159395690614e-17,8.768933581784761e-19,3535,3536,-140.94901306933673
2308,-0.006384508670990385,9.776462930691702e-19,mid,7.427439875519613e-17,8.792077228375989e-19,3536,3537,-140.95557682521704
2309,-0.005819520077821494,9.713010871364461e-19,mid,7.427020334163221e-17,8.826779938498538e-19,3537,3538,-140.9617820866787
2310,-0.004782028373384151,9.668940540787066e-19,mid,7.444183524848025e-17,8.870617779370156e-19,3538,3539,-140.96721586537268
2311,-0.003208560376492642,9.646297721201684e-19,mid,7.478175972613209e-17,8.92095676870793e-19,3539,3540,-140.97134614342548
2312,-0.0012564551427800552,9.646247198617972e-19,mid,7.526784152934575e-17,8.975326967161468e-19,3540,3541,-140.97363298612566
2313,0.0006445614639005726,9.669107349268978e-19,mid,7.586070857077312e-17,9.031244425548344e-19,3541,3542,-140.97385905371104
2314,0.002029856831569532,9.712698469870844e-19,mid,7.650717635330606e-17,9.085832399425271e-19,3542,3543,-140.97234386319786
2315,0.0027115915233935084,9.770817883741734e-19,mid,7.714965294349442e-17,9.135787732840842e-19,3543,3544,-140.9697993400479
2316,0.002876824923887966,9.833760397158468e-19,mid,7.773650784327807e-17,9.177880438910413e-19,3544,3545,-140.96692068015108
2317,0.002891960195384513,9.890962873411118e-19,mid,7.82274567160528e-17,9.209658983005397e-19,3545,3546,-140.96404569020012
2318,0.002997951263054688,9.933946117181163e-19,mid,7.859213622914546e-17,9.229848516655068e-19,3546,3547,-140.9611367597603
2319,0.0031535657509920156,9.95763072936558e-19,mid,7.880580062646834e-17,9.238176287639821e-19,3547,3548,-140.958049787674
2320,0.003132565236128926,9.959750810847793e-19,mid,7.884830318734887e-17,9.234766856754393e-19,3548,3549,-140.95482962825832
2321,0.002763692513923388,9.939712017634206e-19,mid,7.87090191543544e-17,9.219534797419631e-19,3549,3550,-140.95178465720176
2322,0.0021003598982645144,9.89831399043655e-19,mid,7.83942265655042e-17,9.192037990006334e-19,3550,3551,-140.94930224323048
2323,0.0013844812276175844,9.83846835156994e-19,mid,7.793041975917865e-17,9.152001012443162e-19,3551,3552,-140.94758393740523
2324,0.0008434646761514841,9.765882249142344e-19,mid,7.735999355818118e-17,9.100235483863198e-19,3552,3553,-140.94653328077524
2325,0.0004887129365869214,9.68874191249977e-19,mid,7.673193960935132e-17,9.039259656077666e-19,3553,3554,-140.94589700805292
2326,8.190036399469136e-05,9.616375988496497e-19,mid,7.609390421966104e-17,8.972975907539327e-19,3554,3555,-140.94555585490207
2327,-0.0006879635115524252,9.557592718154761e-19,mid,7.548994706699754e-17,8.905435608244348e-19,3555,3556,-140.94573320732493
2328,-0.001934729266508839,9.519312377418797e-19,mid,7.496271114906757e-17,8.839541379545196e-19,3556,3557,-140.94693178192517
2329,-0.0034164009663726347,9.50564927427757e-19,mid,7.455466826255504e-17,8.776739128971423e-19,3557,3558,-140.94960266585795
2330,-0.004627282828977286,9.517383606693439e-19,mid,7.430416296531548e-17,8.718008774971854e-19,3558,3559,-140.95376458385792
2331,-0.005096507998970878,9.551913657800342e-19,mid,7.42370157662731e-17,8.665330460480688e-19,3559,3560,-140.9588572315159
2332,-0.004675303174110468,9.603858064713247e-19,mid,7.43589402745953e-17,8.622288553536182e-19,3560,3561,-140.96395759985586
2333,-0.0035806364298593962,9.66617181459589e-19,mid,7.465406307679818e-17,8.59309614142933e-19,3561,3562,-140.96820783786413
2334,-0.0021503886023594987,9.731220866680255e-19,mid,7.509038964516815e-17,8.58062725285068e-19,3562,3563,-140.97111887271558
2335,-0.0005196780015666036,9.791301829804574e-19,mid,7.562803374047943e-17,8.584963609900916e-19,3563,3564,-140.97250861506885
2336,0.0014857664190515152,9.838740303327476e-19,mid,7.62247994893344e-17,8.603651045593578e-19,3564,3565,-140.9721582287187
2337,0.004130579190075423,9.86633195748575e-19,mid,7.683709594485551e-17,8.6334843269769475e-19,3565,3566,-140.96953708223074
2338,0.0074150015484661935,9.868697071584579e-19,mid,7.741879705329711e-17,8.672370162189204e-19,3566,3567,-140.96389707033856
2339,0.01090554192742843,9.844087209094454e-19,mid,7.792232889865597e-17,8.71977308792719e-19,3567,3568,-140.9547070791338
2340,0.013914623877610666,9.795311997328383e-19,mid,7.830380438254254e-17,8.775443374472494e-19,3568,3569,-140.9420859864837
2341,0.0158873670907127,9.728816806202039e-19,mid,7.85300773490821e-17,8.837540307849016e-19,3569,3570,-140.9268778313786
2342,0.01667340057031197,9.652428989938214e-19,mid,7.858380501952965e-17,8.901748753709775e-19,3570,3571,-140.91031125230228
2343,0.01646635442261868,9.573473429898259e-19,mid,7.846417250042114e-17,8.96218296048356e-19,3571,3572,-140.89353103023797
2344,0.015481646068536747,9.498526837807592e-19,mid,7.818396101775908e-17,9.013488912330724e-19,3572,3573,-140.87737854345704
2345,0.013658446122590817,9.4343510763661e-19,mid,7.776557270518969e-17,9.052691249423109e-19,3573,3574,-140.8625677381009
2346,0.010646805295721151,9.38824136328575e-19,mid,7.723845093490039e-17,9.079534281566492e-19,3574,3575,-140.85006165121186
2347,0.0061122582791455216,9.366526560901209e-19,mid,7.663868365515673e-17,9.095131248423114e-19,3575,3576,-140.84127412750945
2348,0.00013392743255735695,9.371870072461632e-19,mid,7.600963627754093e-17,9.099969567080913e-19,3576,3577,-140.83783713465357
2349,-0.006618634767221465,9.40149186367601e-19,mid,7.540129136558763e-17,9.092845143550328e-19,3577,3578,-140.84100627264434
2350,-0.013086471488520601,9.447961336697612e-19,mid,7.486634260125851e-17,9.071611013792656e-19,3578,3579,-140.851074404188
2351,-0.01826606826632826,9.502148585572988e-19,mid,7.445310520873246e-17,9.035169363818104e-19,3579,3580,-140.86717921562138
2352,-0.021581973725048442,9.556165750089023e-19,mid,7.419783358638395e-17,8.985083191255691e-19,3580,3581,-140.88760654072067
2353,-0.02294312949543098,9.604302305951907e-19,mid,7.412003119848127e-17,8.925445425037234e-19,3581,3582,-140.91034316307147
2354,-0.022493706961981275,9.641874715067774e-19,mid,7.422258237379809e-17,8.861049983740692e-19,3582,3583,-140.93349279971153
2355,-0.02030178786912984,9.663794081487528e-19,mid,7.449522922273937e-17,8.795300923489585e-19,3583,3584,-140.95533057699544
2356,-0.016260567299099193,9.664802232747528e-19,mid,7.491788549265664e-17,8.729490512374483e-19,3584,3585,-140.9740963754498
2357,-0.010285872091387205,9.64164253266617e-19,mid,7.546131869155022e-17,8.663911087700629e-19,3585,3586,-140.98785171159363
2358,-0.002638916510974809,9.595473169018104e-19,mid,7.608592103151816e-17,8.599745907411256e-19,3586,3587,-140.99466811963256
2359,0.005911531753170607,9.532382160328283e-19,mid,7.674183204579756e-17,8.540093702394254e-19,3587,3588,-140.99312954461558
2360,0.014260916992938633,9.46134383032383e-19,mid,7.737328537664507e-17,8.489265662001809e-19,3588,3589,-140.98284505612622
2361,0.021385599499765817,9.391067111311375e-19,mid,7.792687616186006e-17,8.450935888472876e-19,3589,3590,-140.9646077106297
2362,0.02669783107715773,9.328050139386399e-19,mid,7.836000440603051e-17,8.426621543390255e-19,3590,3591,-140.9400738571267
2363,0.030060480502527298,9.276938252487564e-19,mid,7.864498984916606e-17,8.415614922838769e-19,3591,3592,-140.9112120484754
2364,0.03147893918681177,9.242030036756773e-19,mid,7.876730430070339e-17,8.416230576895166e-19,3592,3593,-140.87995289612164
2365,0.030796827642006974,9.22765872880401e-19,mid,7.872096023738651e-17,8.427179798347942e-19,3593,3594,-140.84825417010177
2366,0.02772183851109844,9.23641875615487e-19,mid,7.850634551956132e-17,8.447948106549819e-19,3594,3595,-140.81835924083762
2367,0.02216852676149017,9.266648940425476e-19,mid,7.813326623964294e-17,8.478075335351619e-19,3595,3596,-140.79281049307957
2368,0.014570683612987523,9.31168228160159e-19,mid,7.762655704252257e-17,8.516205851641008e-19,3596,3597,-140.77402218731464
2369,0.005845083532079798,9.361884060258079e-19,mid,7.702829410938276e-17,8.559837009019782e-19,3597,3598,-140.7636691258536
2370,-0.0029643143231226077,9.407970507500393e-19,mid,7.63927622578429e-17,8.6059288277275905e-19,3598,3599,-140.76233202025048
2371,-0.011049503132483096,9.443176622774943e-19,mid,7.577620998930726e-17,8.651768239951433e-19,3599,3600,-140.76959775449984
2372,-0.017938199882578942,9.463257616868675e-19,mid,7.522770577875451e-17,8.695386633645643e-19,3600,3601,-140.78443102651545
2373,-0.02332867940519634,9.465340017893849e-19,mid,7.478609455901293e-17,8.73534463464833e-19,3601,3602,-140.805474154265
2374,-0.026881835379143126,9.447314347717496e-19,mid,7.448238087713531e-17,8.770255723530273e-19,3602,3603,-140.83108838532584
2375,-0.028192738260145234,9.408479228331406e-19,mid,7.434211178785195e-17,8.798560215977818e-19,3603,3604,-140.85923782502329
2376,-0.026974999078348105,9.35074670392406e-19,mid,7.438286690914689e-17,8.818747508306423e-19,3604,3605,-140.88747386184613
2377,-0.02329528198613673,9.279218006208346e-19,mid,7.460725229052285e-17,8.82977447395548e-19,3605,3606,-140.91318782317998
2378,-0.017653858275664902,9.201547978661298e-19,mid,7.499693764855087e-17,8.831236464354107e-19,3606,3607,-140.9340644258184
2379,-0.01083929398268424,9.12645415609024e-19,mid,7.551347846541022e-17,8.823088870601708e-19,3607,3608,-140.9484955397313
2380,-0.0036681581639044225,9.062161533418965e-19,mid,7.610660748909905e-17,8.805192550290694e-19,3608,3609,-140.95574301378377
2381,0.003207017251483535,9.015306670203885e-19,mid,7.6724856186126e-17,8.777215407968217e-19,3609,3610,-140.95583185605912
2382,0.009328200697552802,8.990303598588984e-19,mid,7.732199571581667e-17,8.739150339326481e-19,3610,3611,-140.9493289792808
2383,0.014353512093364884,8.988965903467733e-19,mid,7.785700484669217e-17,8.692089880727902e-19,3611,3612,-140.93717545466401
2384,0.017987214978205657,9.010356077291175e-19,mid,7.829112031010242e-17,8.638524811009902e-19,3612,3613,-140.92062195509408
2385,0.019990102273681032,9.0509741505291e-19,mid,7.858769618274942e-17,8.581747195243541e-19,3613,3614,-140.9012010247076
2386,0.02025934354428216,9.105227233665476e-19,mid,7.87173364841411e-17,8.524728043845021e-19,3614,3615,-140.88064175054672
2387,0.018913871342107313,9.165923491180427e-19,mid,7.86653558208713e-17,8.4693754885037515e-19,3615,3616,-140.86068233761904
2388,0.016313010049756826,9.224728538729497e-19,mid,7.843614167241209e-17,8.416805106189207e-19,3616,3617,-140.8428140078625
2389,0.012965307556399353,9.272937622843267e-19,mid,7.80514381173405e-17,8.368374329728378e-19,3617,3618,-140.82805631751953
2390,0.009350793354585107,9.302892200699478e-19,mid,7.754428240731056e-17,8.326538694923696e-19,3618,3619,-140.8168833927497
2391,0.005759269733516703,9.309704798040766e-19,mid,7.695303255956327e-17,8.294694227937832e-19,3619,3620,-140.80935473081036
2392,0.0022702783741976873,9.292337946696687e-19,mid,7.631873809927224e-17,8.275982150862405e-19,3620,3621,-140.80536485328267
2393,-0.001088843145168994,9.253313124870805e-19,mid,7.568559027599832e-17,8.271883188657379e-19,3621,3622,-140.80481417406196
2394,-0.004126417807739813,9.197331732903996e-19,mid,7.510141820126924e-17,8.28164561523394e-19,3622,3623,-140.807542539573
2395,-0.006414289930503969,9.129926749999605e-19,mid,7.461515825186016e-17,8.302994394560035e-19,3623,3624,-140.81306700967744
2396,-0.007470020425472512,9.057094780236518e-19,mid,7.427063838626334e-17,8.333602839650148e-19,3624,3625,-140.82037111943401
2397,-0.007086715964831569,8.985803834364012e-19,mid,7.409898539027456e-17,8.372220284302945e-19,3625,3626,-140.82800705052838
2398,-0.005544463606938166,8.924278763831552e-19,mid,7.411334428340658e-17,8.418598288910536e-19,3626,3627,-140.83454455136368
2399,-0.003493742300292979,8.880964607645891e-19,mid,7.430834227872521e-17,8.472258211710616e-19,3627,3628,-140.83909597774226
2400,-0.0015614272916621985,8.86217623581318e-19,mid,7.466373207820788e-17,8.531047975815509e-19,3628,3629,-140.84153203596426
2401,1.5283387597264664e-05,8.869782259016003e-19,mid,7.514927631142144e-17,8.590684284777579e-19,3629,3630,-140.84221883232559
2402,0.001419778214696521,8.900598798402679e-19,mid,7.572802276943004e-17,8.645818083961645e-19,3630,3631,-140.84150146918907
2403,0.0029300825067224423,8.947990509371072e-19,mid,7.635733806141694e-17,8.692013070379155e-19,3631,3632,-140.8393792758962
2404,0.004535655885376855,9.004422417343727e-19,mid,7.69893972480861e-17,8.727242572032456e-19,3632,3633,-140.83564130417562
2405,0.005850312454128925,9.063028793938407e-19,mid,7.757345701709684e-17,8.75174104910118e-19,3633,3634,-140.83030796412544
2406,0.006407778353121785,9.117369117173333e-19,mid,7.806090190688883e-17,8.766254898950736e-19,3634,3635,-140.82394067926737
2407,0.006080325810941645,9.160380886413626e-19,mid,7.841187209990168e-17,8.77009428729519e-19,3635,3636,-140.8174924074192
2408,0.00524455113527722,9.184348984192648e-19,mid,7.860075409735795e-17,8.760709170371172e-19,3636,3637,-140.81178002764548
2409,0.004533587959528518,9.18272534390089e-19,mid,7.861798256167252e-17,8.73530993692259e-19,3637,3638,-140.80700330514864
2410,0.00436773021031911,9.152786020819512e-19,mid,7.846763747202746e-17,8.693260925639249e-19,3638,3639,-140.80271285172643
2411,0.004642531644847736,9.0971265934362e-19,mid,7.816314511425355e-17,8.637224644185997e-19,3639,3640,-140.798267844728
2412,0.004831214642834425,9.022764063721656e-19,mid,7.772478705519991e-17,8.572060980456292e-19,3640,3641,-140.79342778843673
2413,0.004427155925242232,8.938457647168096e-19,mid,7.718098278521861e-17,8.502389122987498e-19,3641,3642,-140.78860541544233
2414,0.0033651922127830858,8.852213378092987e-19,mid,7.657139278324024e-17,8.430801982102454e-19,3642,3643,-140.78457347658625
2415,0.00206166871102198,8.770624503985207e-19,mid,7.594723129157564e-17,8.358054816514769e-19,3643,3644,-140.78187503101677
2416,0.001034740444339377,8.699919662304788e-19,mid,7.536563292184414e-17,8.2848154741526e-19,3644,3645,-140.7804501391642
2417,0.00044392010076421684,8.646912981056996e-19,mid,7.487968826288347e-17,8.213349684246255e-19,3645,3646,-140.7798055501281
2418,-2.6646424785781164e-05,8.61810350940015e-19,mid,7.45296539123684e-17,8.147761435919825e-19,3646,3647,-140.77956229896267
2419,-0.0008235548159944983,8.617027895802751e-19,mid,7.434007281538977e-17,8.092685689555107e-19,3647,3648,-140.77985884297766
2420,-0.0020360031427628655,8.641918898340648e-19,mid,7.43226023239659e-17,8.051496475318199e-19,3648,3649,-140.78120940859466
2421,-0.0032274968146168703,8.68580071948491e-19,mid,7.447974846855252e-17,8.025317567493561e-19,3649,3650,-140.7839308492632
2422,-0.0037456304080762948,8.739145472944834e-19,mid,7.480470356126041e-17,8.013386543125126e-19,3650,3651,-140.7876644022239
2423,-0.0032182906240478815,8.793058910913537e-19,mid,7.527708389055042e-17,8.01430003601423e-19,3651,3652,-140.79142211007934
2424,-0.0017966776685369723,8.840747852248101e-19,mid,7.58592936607399e-17,8.027137944259304e-19,3652,3653,-140.794100983472
2425,3.253356283039466e-05,8.876824775212981e-19,mid,7.649883758209768e-17,8.05170443884172e-19,3653,3654,-140.7950154654164
2426,0.0018556659425001953,8.8960160546399e-19,mid,7.713741434646301e-17,8.087826172914901e-19,3654,3655,-140.79403591634633
2427,0.003591293318152111,8.8932124518827e-19,mid,7.7721966571904e-17,8.134291849833179e-19,3655,3656,-140.7913041335314
2428,0.0054088022351805876,8.865287268422695e-19,mid,7.82111371776278e-17,8.188229499058053e-19,3656,3657,-140.78685332971003
2429,0.007429493642973739,8.813226781315454e-19,mid,7.857448462210988e-17,8.245414881159373e-19,3657,3658,-140.78048652906105
2430,0.009492803492179291,8.742669889073825e-19,mid,7.878797526677e-17,8.301371510002588e-19,3658,3659,-140.77199434242408
2431,0.011168258698475597,8.662288489403526e-19,mid,7.8832132812801e-17,8.352544342168982e-19,3659,3660,-140.7615009220767
2432,0.011963850919912034,8.5812256456129e-19,mid,7.86961307909959e-17,8.39673863639638e-19,3660,3661,-140.74965782502713
2433,0.011539594211313897,8.507371368874164e-19,mid,7.838495316667177e-17,8.43257779351948e-19,3661,3662,-140.73757322023687
2434,0.009784620373793018,8.447159341211084e-19,mid,7.792329680610178e-17,8.458568456290611e-19,3662,3663,-140.7265786366045
2435,0.006768199973677724,8.406023808232274e-19,mid,7.735228213113486e-17,8.472718591381651e-19,3663,3664,-140.71800397948928
2436,0.0026659626769003353,8.388232971708905e-19,mid,7.672085695190496e-17,8.473120393707913e-19,3664,3665,-140.71304223665715
2437,-0.0022654141376108328,8.395775652547985e-19,mid,7.607764123846185e-17,8.458957432368198e-19,3665,3666,-140.71267205413548
2438,-0.007666624707283631,8.427164777217067e-19,mid,7.546766907709603e-17,8.430983371590838e-19,3666,3667,-140.71757306493237
2439,-0.013046964633744551,8.4772335204678375e-19,mid,7.49335967949301e-17,8.391067144212386e-19,3667,3668,-140.72800530355005
2440,-0.017784308403975047,8.538181246328242e-19,mid,7.451694865840847e-17,8.341326161768455e-19,3668,3669,-140.74366699419986
2441,-0.02118446743489244,8.601220432093029e-19,mid,7.425522672818355e-17,8.283713987053785e-19,3669,3670,-140.763573920358
2442,-0.022620527401571167,8.658000795518782e-19,mid,7.417475380279471e-17,8.220365655807235e-19,3670,3671,-140.78603592906964
2443,-0.02171994328496396,8.701474876425103e-19,mid,7.42833555275886e-17,8.154160787292486e-19,3671,3672,-140.80881497516114
2444,-0.018495089346231453,8.726380259668705e-19,mid,7.456782009357242e-17,8.088722531620421e-19,3672,3673,-140.82947581563957
2445,-0.013312025538922967,8.72959324461062e-19,mid,7.499780806338931e-17,8.027657001289526e-19,3673,3674,-140.8458051538536
2446,-0.00670310402836094,8.71035973183946e-19,mid,7.553333812040039e-17,7.973651245976734e-19,3674,3675,-140.85609986671741
2447,0.0008335280816709201,8.670264641856217e-19,mid,7.613106256685727e-17,7.92826922172075e-19,3675,3676,-140.85921136191033
2448,0.008880643485710493,8.612977130485126e-19,mid,7.674668228934855e-17,7.89265560048842e-19,3676,3677,-140.85443281055407
2449,0.01696508139316677,8.54402008760187e-19,mid,7.733475542167645e-17,7.868438875696253e-19,3677,3678,-140.8414500749389
2450,0.024393738642146445,8.4706462439064235e-19,mid,7.784927501470684e-17,7.857809492586631e-19,3678,3679,-140.82050264776774
2451,0.03027423931715134,8.4014355374758005e-19,mid,7.82472160876184e-17,7.862432226961722e-19,3679,3680,-140.7926625976546
2452,0.03377974961821906,8.345070857475541e-19,mid,7.849431734038454e-17,7.88200263086979e-19,3680,3681,-140.75995416913344
2453,0.03448059071440923,8.308343154964544e-19,mid,7.857037663879644e-17,7.913789117726471e-19,3681,3682,-140.72510309841817
2454,0.03247398559396686,8.294350938299925e-19,mid,7.847160482906861e-17,7.953773902194189e-19,3682,3683,-140.69099298770462
2455,0.028204931662983768,8.302061978106273e-19,mid,7.820935914319684e-17,7.998583133202695e-19,3683,3684,-140.66015512723024
2456,0.022145454032823864,8.327452636612381e-19,mid,7.78064525527715e-17,8.046619123769316e-19,3684,3685,-140.63458312437865
2457,0.01462419902955503,8.365178084332887e-19,mid,7.729328995886409e-17,8.097456487916977e-19,3685,3686,-140.6158642191646
2458,0.005946553460105974,8.409451836442666e-19,mid,7.670584437284884e-17,8.150085437567981e-19,3686,3687,-140.60533472631954
2459,-0.003339099618258956,8.453823521500244e-19,mid,7.60858386541672e-17,8.201619441145776e-19,3687,3688,-140.60397111224438
2460,-0.012316301776337468,8.490812394951682e-19,mid,7.548123884138232e-17,8.247697869454552e-19,3688,3689,-140.61201292555606
2461,-0.019879756849618957,8.512609446082463e-19,mid,7.494408189485676e-17,8.284350660124471e-19,3689,3690,-140.62860371579706
2462,-0.025120353259382,8.513040877311919e-19,mid,7.452416100982805e-17,8.3098421494907e-19,3690,3691,-140.6517724392553
2463,-0.02764556446096833,8.489654586564188e-19,mid,7.426046941275577e-17,8.325012071809054e-19,3691,3692,-140.67884442231582
2464,-0.027607979640521307,8.444406974367272e-19,mid,7.417474258571637e-17,8.331829243820228e-19,3692,3693,-140.70706356817723
2465,-0.02543261141391895,8.382396669310875e-19,mid,7.427044089160415e-17,8.331291406600221e-19,3693,3694,-140.73406038159686
2466,-0.02146615785757433,8.309630926517247e-19,mid,7.453661207567275e-17,8.322328109080751e-19,3694,3695,-140.75792879100507
2467,-0.01583891808854787,8.231595015049892e-19,mid,7.495265296541232e-17,8.302565239731726e-19,3695,3696,-140.776992697312
2468,-0.008663190213795247,8.153636096477852e-19,mid,7.549010927687052e-17,8.270322690192159e-19,3696,3697,-140.78960662718217
2469,-0.0004025745508897671,8.08237947560093e-19,mid,7.611119672324933e-17,8.226255778596393e-19,3697,3698,-140.7943190777396
2470,0.007940134893360096,8.026151911228207e-19,mid,7.676754291917078e-17,8.173380650023287e-19,3698,3699,-140.79041177628395
2471,0.015073901670035639,7.993034035224326e-19,mid,7.740327469685642e-17,8.115525255529331e-19,3699,3700,-140.77843880795288
2472,0.020008060861343324,7.987401120004919e-19,mid,7.79632492525903e-17,8.055451266859812e-19,3700,3701,-140.76026397294387
2473,0.022530710585357383,8.007632391850605e-19,mid,7.840267263788066e-17,7.994077845281714e-19,3701,3702,-140.7384226862302
2474,0.023157419837787074,8.04704439369661e-19,mid,7.86925732013336e-17,7.931323730433834e-19,3702,3703,-140.71520255177316
2475,0.022581082168898092,8.097282124031179e-19,mid,7.881849933086957e-17,7.867832719846039e-19,3703,3704,-140.69210784655462
2476,0.021103940086632633,8.151196170107615e-19,mid,7.877524324815329e-17,7.80621727796169e-19,3704,3705,-140.67004038743536
2477,0.018535616254425236,8.203039536846065e-19,mid,7.856355667831485e-17,7.750844106930426e-19,3705,3706,-140.64989996638135
2478,0.014607228283651352,8.246753732052629e-19,mid,7.819254868621651e-17,7.706243957580659e-19,3706,3707,-140.6329691549265
2479,0.00949258966225841,8.2750425805314305e-19,mid,7.768557056876084e-17,7.675226823538624e-19,3707,3708,-140.62068550981405
2480,0.003950994421614951,8.280924949990676e-19,mid,7.708334591663981e-17,7.658031891233157e-19,3708,3709,-140.613983975602
2481,-0.0010358048974268286,8.260736563597062e-19,mid,7.643979886603553e-17,7.653081494529575e-19,3709,3710,-140.61278352097082
2482,-0.004811023852013818,8.2160141106341745e-19,mid,7.581200020118966e-17,7.658674332542255e-19,3710,3711,-140.61605558539685
2483,-0.007314517866589654,8.152739911982161e-19,mid,7.525041332639824e-17,7.674258431494859e-19,3711,3712,-140.62240556867485
2484,-0.008881563221819988,8.078747976289169e-19,mid,7.479489942381954e-17,7.700317563460464e-19,3712,3713,-140.63068462113003
2485,-0.009787318535799727,8.001436573657183e-19,mid,7.447655942573814e-17,7.7370257084238335e-19,3713,3714,-140.6401686951185
2486,-0.009964268308380042,7.927259098932142e-19,mid,7.432044521541473e-17,7.782794852518466e-19,3714,3715,-140.65025925820163
2487,-0.009138943152890988,7.862586710881399e-19,mid,7.434400047472779e-17,7.833918494810738e-19,3715,3716,-140.66009723173525
2488,-0.0072313028515935684,7.814239962825658e-19,mid,7.455082311609757e-17,7.885641313338048e-19,3716,3717,-140.6685371445074
2489,-0.004616980822504502,7.788422242628458e-19,mid,7.492457978935667e-17,7.9338726414027175e-19,3717,3718,-140.67455983743844
2490,-0.00199466009173932,7.7884667314072045e-19,mid,7.542883080929022e-17,7.976281626353842e-19,3718,3719,-140.67777110615242
2491,2.2638252659135105e-05,7.813119350298701e-19,mid,7.601421849005971e-17,8.012021848736646e-19,3719,3720,-140.67854915762192
2492,0.0012352548254597195,7.85675777897198e-19,mid,7.662876669971206e-17,8.040448262957576e-19,3720,3721,-140.6777258296471
2493,0.0018584804197274707,7.911302785054783e-19,mid,7.722505209011427e-17,8.060017828167305e-19,3721,3722,-140.676078647971
2494,0.0022588780726238156,7.968297786897579e-19,mid,7.776137292922312e-17,8.068365782807443e-19,3722,3723,-140.67400886880765
2495,0.0026754345796433654,8.01995215616146e-19,mid,7.819946873542644e-17,8.063463590833017e-19,3723,3724,-140.67156089182575
2496,0.0031223893180651885,8.059278535282305e-19,mid,7.850389299566831e-17,8.044790916213333e-19,3724,3725,-140.66865799964836
2497,0.0034876033219291003,8.0802595894576e-19,mid,7.864582828120726e-17,8.013505550580592e-19,3725,3726,-140.66531611318962
2498,0.0036996705274958686,8.0785719118198e-19,mid,7.860949724809581e-17,7.971589604110724e-19,3726,3727,-140.6616827930045
2499,0.003821625576208021,8.052508772338609e-19,mid,7.83967250877235e-17,7.920879093465716e-19,3727,3728,-140.65791677213463
2500,0.004011592982848811,8.003448863568165e-19,mid,7.80266354167535e-17,7.8628458627701825e-19,3728,3729,-140.6540395418521
2501,0.004393235827024,7.935665992907e-19,mid,7.753108075609653e-17,7.799138032701342e-19,3729,3730,-140.64989358616893
2502,0.004936972747927371,7.855755171957265e-19,mid,7.694896353724076e-17,7.73215181582386e-19,3730,3731,-140.64525307019804
2503,0.005440830068437208,7.771935101051692e-19,mid,7.632244292571069e-17,7.664992190723407e-19,3731,3732,-140.64001964067307
2504,0.005630477508972831,7.693177584698955e-19,mid,7.569583675933962e-17,7.600868955179299e-19,3732,3733,-140.63437141006116
2505,0.005315486464368746,7.628019221499147e-19,mid,7.51156467949415e-17,7.542514758753731e-19,3733,3734,-140.62875868565513
2506,0.004497167770509236,7.583192689433583e-19,mid,7.462912805245338e-17,7.492116904047209e-19,3734,3735,-140.62374043713243
2507,0.003976087018315866,7.562545872286022e-19,mid,7.427975552135972e-17,7.451679422062743e-19,3735,3736,-140.6197643501141
0,-0.1531135625958837,3.787097931267068e-18,p1db,6.453899613745873e-17,1.0271183506815494e-17,479,480,0.38340899849576804
1,-0.1504306404985285,3.835853171925608e-18,p1db,6.506219651222845e-17,1.0114108442981125e-17,480,481,0.23029543589988433
2,-0.1491397206206978,3.82944130729946e-18,p1db,6.452350149314341e-17,9.954195347239758e-18,481,482,0.08254771749871104
3,-0.1562540976818073,3.7700801896539786e-18,p1db,6.294025466843408e-17,9.801596074574235e-18,482,483,-0.06798400534151128
4,-0.17257474188262478,3.666244633655432e-18,p1db,6.037242982446584e-17,9.668454650358291e-18,483,484,-0.2299604778649036
5,-0.1994617238332752,3.530919392155005e-18,p1db,5.692359649268434e-17,9.566383009148888e-18,484,485,-0.41313348910676084
6,-0.23874817144682314,3.380099937950444e-18,p1db,5.274107772880675e-17,9.504052370417633e-18,485,486,-0.628883925531454
7,-0.29260912269339523,3.231835608970114e-18,p1db,4.801896946664574e-17,9.486085899546837e-18,486,487,-0.8906298320004071
8,-0.36337163741030676,3.1050884062576884e-18,p1db,4.3009535629969256e-17,9.513442235426703e-18,487,488,-1.2141021709182445
9,-0.4524854047661566,3.0175225754520223e-18,p1db,3.804858573234128e-17,9.584569938723747e-18,488,489,-1.6173731068210206
10,-0.5557646125261027,2.982300292306399e-18,p1db,3.3594717412690344e-17,9.696435678970792e-18,489,490,-2.1190729804505577
11,-0.6522455168908883,3.0050990241470747e-18,p1db,3.0253541096818936e-17,9.844910204166154e-18,490,491,-2.728902331873226
12,-0.7001198251449001,3.0827667430718525e-18,p1db,2.8685603980498544e-17,1.0024510988519703e-17,491,492,-3.4235640142323343
13,-0.6677949090185527,3.2041187945751585e-18,p1db,2.929300939264757e-17,1.0227894208280001e-17,492,493,-4.129141982163026
14,-0.5721223128780553,3.3523046633654256e-18,p1db,3.1916253507381736e-17,1.0445643551322735e-17,493,494,-4.7591538322694396
15,-0.4601265461468942,3.507787523031364e-18,p1db,3.5961446299668034e-17,1.0666733140492537e-17,494,495,-5.273386607919137
16,-0.36455654133298276,3.651154850301639e-18,p1db,4.076773149097638e-17,1.0879586254623097e-17,495,496,-5.679406924563228
17,-0.2940432739369756,3.7652900454068034e-18,p1db,4.5803698593900857e-17,1.1073188664667752e-17,496,497,-6.002499690585102
18,-0.24586331853302834,3.836799284709634e-18,p1db,5.0682072781012384e-17,1.1237641042460378e-17,497,498,-6.267493472437179
19,-0.2153158706859286,3.856941408912294e-18,p1db,5.5120157347940286e-17,1.1364014090245612e-17,498,499,-6.494226327651159
20,-0.19869294408895222,3.822383152342946e-18,p1db,5.890463581546642e-17,1.1444059438486903e-17,499,500,-6.698125213809036
21,-0.19349936029870518,3.735807076042521e-18,p1db,6.187153601853297e-17,1.147056282042617e-17,500,501,-6.891612215829063
22,-0.19800030061182694,3.606131510223288e-18,p1db,6.389861133432297e-17,1.1438578411327055e-17,501,502,-7.085123934406447
23,-0.21070388477316193,3.448291935385067e-18,p1db,6.490473881031954e-17,1.1346941805295402e-17,502,503,-7.287612817052717
24,-0.22972866903691136,3.2828407888303065e-18,p1db,6.485134342552265e-17,1.1199168371181022e-17,503,504,-7.506531703952771
25,-0.2520175236608342,3.1350805281865743e-18,p1db,6.374286500773922e-17,1.1003313276795338e-17,504,505,-7.74707015512654
26,-0.2731413004630223,3.032071370870881e-18,p1db,6.162554714270281e-17,1.0770986004246356e-17,505,506,-8.010566751274439
27,-0.28906036767694676,2.9959159926345828e-18,p1db,5.858530652391918e-17,1.0515938252081135e-17,506,507,-8.293352756052585
28,-0.29956346855699056,3.0354649634771917e-18,p1db,5.47464236205704e-17,1.025260336735118e-17,507,508,-8.588687486628332
29,-0.31022513978714894,3.142641022828754e-18,p1db,5.027392685358862e-17,9.994941796506278e-18,508,509,-8.892479693166566
30,-0.3307261276098883,3.2966838777424833e-18,p1db,4.538362289542265e-17,9.755854849382214e-18,509,510,-9.20913776620263
31,-0.37117898867158416,3.47222765188239e-18,p1db,4.036401274701007e-17,9.547108208940674e-18,510,511,-9.553931948386342
32,-0.4373078014559475,3.645474913448487e-18,p1db,3.5611928070019155e-17,9.379346222080487e-18,511,512,-9.951495743545799
33,-0.5210796382592386,3.796838132950801e-18,p1db,3.166919156028111e-17,9.26172481126737e-18,512,513,-10.428547551298237
34,-0.5898100976144498,3.911423676258482e-18,p1db,2.9197076934607403e-17,9.201028554033636e-18,513,514,-10.993655020064276
35,-0.5997568553026769,3.978872144490566e-18,p1db,2.876292678331292e-17,9.200611305894074e-18,514,515,-11.608167746527137
36,-0.5406248312105948,3.993220066144047e-18,p1db,3.047896902063139e-17,9.259745133876908e-18,515,516,-12.19316873066963
37,-0.44799700104127904,3.952842670440546e-18,p1db,3.391381024644331e-17,9.373781071702387e-18,516,517,-12.689417408948326
38,-0.36265364242016584,3.860360634972072e-18,p1db,3.840892373175568e-17,9.535042936564557e-18,517,518,-13.089162732752188
39,-0.3024336778112433,3.722515706159479e-18,p1db,4.337226129375562e-17,9.733951113279591e-18,518,519,-13.414724693788658
40,-0.26830873414985845,3.550249745757155e-18,p1db,4.835611653382867e-17,9.959813690837704e-18,519,520,-13.694030088374674
41,-0.25578226601444687,3.3592815745825008e-18,p1db,5.303110878363444e-17,1.0201062101181052e-17,520,521,-13.951342162088375
42,-0.2591437155732361,3.171059195068819e-18,p1db,5.714952811687508e-17,1.044520425529911e-17,521,522,-14.205594620403568
43,-0.27127930237532993,3.0129359119793098e-18,p1db,6.052236649084719e-17,1.0679057977252793e-17,522,523,-14.469629593234847
44,-0.28313569593899945,2.9151983315393127e-18,p1db,6.300867704669117e-17,1.0889671828581174e-17,523,524,-14.748153225154228
45,-0.2859611256584227,2.9029327740523632e-18,p1db,6.451158983134574e-17,1.106581987990903e-17,524,525,-15.035900985112846
46,-0.2760699845773402,2.9851885261923263e-18,p1db,6.497637173046992e-17,1.1199446520371717e-17,525,526,-15.320075476471073
47,-0.2571222990462809,3.1495567302087634e-18,p1db,6.438823050838849e-17,1.1286334402184384e-17,526,527,-15.588040954267527
48,-0.2369153503373269,3.3672533852053006e-18,p1db,6.277004538254992e-17,1.1325680843015191e-17,527,528,-15.834320074563635
49,-0.22264655586055326,3.6037909158134666e-18,p1db,6.018161248787657e-17,1.1318915165728983e-17,528,529,-16.06187165494218
50,-0.21908815148184502,3.82753532540191e-18,p1db,5.672158608568836e-17,1.1268511876900632e-17,529,530,-16.27961318628474
51,-0.22945674614050304,4.013491760014627e-18,p1db,5.2532135395895156e-17,1.1177460684868551e-17,530,531,-16.50004795790587
52,-0.25694848317859886,4.143721355349319e-18,p1db,4.780652651802703e-17,1.1049529793555715e-17,531,532,-16.738526678565748
53,-0.30564941967678294,4.206585524405362e-18,p1db,4.2802218713825416e-17,1.0889899459604362e-17,532,533,-17.01394492426307
54,-0.37950447723575387,4.1962383959530335e-18,p1db,3.7864564099473176e-17,1.0705552665949825e-17,533,534,-17.349825517919314
55,-0.4764696368603971,4.112670646441893e-18,p1db,3.3461767510839616e-17,1.0505074427604764e-17,534,535,-17.772953878734576
56,-0.576354777266932,3.96189572035983e-18,p1db,3.020191470962551e-17,1.029795287603888e-17,535,536,-18.302764791640108
57,-0.6376642883367509,3.7559379868765756e-18,p1db,2.873140349277958e-17,1.0093746522700502e-17,536,537,-18.92566343326844
58,-0.6298100518725729,3.512836357345326e-18,p1db,2.94227509421594e-17,9.901466289702054e-18,537,538,-19.57809336831361
59,-0.5690222691739049,3.257141064776357e-18,p1db,3.20956139122251e-17,9.729338400114918e-18,538,539,-20.185283537013586
60,-0.4973869769011916,3.020657254071275e-18,p1db,3.6159084198840516e-17,9.584908640285693e-18,539,540,-20.71613790666142
61,-0.4385800434409344,2.84130472501721e-18,p1db,4.096484194522216e-17,9.475251259926272e-18,540,541,-21.18005749081597
62,-0.3900010368037279,2.75617149727937e-18,p1db,4.59890948049969e-17,9.40687749326034e-18,541,542,-21.59329799354329
63,-0.3411134373108098,2.7876339326830096e-18,p1db,5.084594585026104e-17,9.38496392563291e-18,542,543,-21.960059564423425
64,-0.2887953851614977,2.931437569537731e-18,p1db,5.525278850152245e-17,9.411935176717655e-18,543,544,-22.275524868164908
65,-0.2383046479481301,3.1588135408761148e-18,p1db,5.899933486494248e-17,9.486092480660918e-18,544,545,-22.53765033474642
66,-0.1959142979825046,3.429755788140428e-18,p1db,6.192769954916307e-17,9.601274693804471e-18,545,546,-22.752134164061168
67,-0.16446744024085547,3.704968038899226e-18,p1db,6.392132849151647e-17,9.74798829004186e-18,546,547,-22.92947893071143
68,-0.14394588598892,3.951561631023268e-18,p1db,6.490087390244305e-17,9.915422714150019e-18,547,548,-23.08106904454288
69,-0.13336837046190197,4.144624995520698e-18,p1db,6.48251671972851e-17,1.0093245532307473e-17,548,549,-23.21737070268927
70,-0.1320000839299844,4.267028956416636e-18,p1db,6.36942645016299e-17,1.0272470915273769e-17,549,550,-23.347805785466683
71,-0.1398455882205134,4.308625868517238e-18,p1db,6.155135240392801e-17,1.0445460464193068e-17,550,551,-23.481370870549238
72,-0.1578175897102092,4.26556787001523e-18,p1db,5.848227372665025e-17,1.0605547628475827e-17,551,552,-23.62749696190771
73,-0.18788767446060106,4.140089914043173e-18,p1db,5.461425457723283e-17,1.0746779588552648e-17,552,553,-23.797006049969657
74,-0.23339845662675707,3.940564496294869e-18,p1db,5.0117298433230686e-17,1.0864079630612232e-17,553,554,-24.003272310828912
75,-0.2994292122897271,3.681546703900999e-18,p1db,4.5212542524465206e-17,1.0953834164789852e-17,554,555,-24.26380296322317
76,-0.3923007540401038,3.3840384380302446e-18,p1db,4.019240466215932e-17,1.101454977857651e-17,555,556,-24.602130735408366
77,-0.515394341670099,3.076592654348449e-18,p1db,3.5455700923682483e-17,1.1047050233551038e-17,556,557,-25.048404471303378
78,-0.6566577871731631,2.7971598938464657e-18,p1db,3.154583639058453e-17,1.1053914855077341e-17,557,558,-25.632919418748564
79,-0.7728192823488165,2.592846346085025e-18,p1db,2.9126205278255484e-17,1.1038373666915781e-17,558,559,-26.361720045649705
80,-0.8040244909267997,2.510740443154853e-18,p1db,2.8761775053389994e-17,1.100326239829149e-17,559,560,-27.178557983446197
81,-0.7309267493022311,2.5765357692059446e-18,p1db,3.0551892633838785e-17,1.0950589807543275e-17,560,561,-27.969769027503304
82,-0.5968900865949234,2.7776779707730284e-18,p1db,3.404882324417008e-17,1.0881828958861027e-17,561,562,-28.64041148205066
83,-0.4589387804919589,3.071925958828233e-18,p1db,3.858486027162399e-17,1.0798549420925482e-17,562,563,-29.16354920069315
84,-0.3460685772798069,3.4093759859778533e-18,p1db,4.3567015279884774e-17,1.070280953497166e-17,563,564,-29.558289043034577
85,-0.2624399325793476,3.745854639864054e-18,p1db,4.855165083424723e-17,1.0596962259876266e-17,564,565,-29.855686355252764
86,-0.20293134754385278,4.0456427896797966e-18,p1db,5.321521715078928e-17,1.0483043485671246e-17,565,566,-30.083168908193272
87,-0.16150811555170463,4.280407604870787e-18,p1db,5.731483547494939e-17,1.0362349122502745e-17,566,567,-30.26154905034047
88,-0.1336264062459911,4.428463990299627e-18,p1db,6.06636504672781e-17,1.0235803018435974e-17,567,568,-30.40618513929668
89,-0.1164691824895705,4.475271394107117e-18,p1db,6.312004846917556e-17,1.010517890464211e-17,568,569,-30.528801862832452
90,-0.10874802590093857,4.414588553054766e-18,p1db,6.458496392955694e-17,9.974511455140166e-18,569,570,-30.639123504275823
91,-0.11055150236666123,4.2493577294332785e-18,p1db,6.500220992002341e-17,9.8507076148536e-18,570,571,-30.74629791463433
92,-0.12328231981616078,3.991796228802067e-18,p1db,6.435861652926858e-17,9.742772717267395e-18,571,572,-30.860226509009145
93,-0.1495930146025195,3.66297423536423e-18,p1db,6.268260589846312e-17,9.659909903558277e-18,572,573,-30.99286255426665
94,-0.19303546345194,3.292809894156417e-18,p1db,6.004154618370813e-17,9.609408655330443e-18,573,574,-31.159412538214184
95,-0.2564577937728174,2.921376773086082e-18,p1db,5.653981044839908e-17,9.595302619561392e-18,574,575,-31.37893348117053
96,-0.3372862529172149,2.600927720156647e-18,p1db,5.232047419409274e-17,9.618292120012522e-18,575,576,-31.67232812575982
97,-0.42149404309281024,2.3932411787917274e-18,p1db,4.757363501194444e-17,9.676718114764836e-18,576,577,-32.05350598700496
98,-0.4901274001683653,2.350676247114229e-18,p1db,4.2553989995940675e-17,9.767836549284716e-18,577,578,-32.51531621194544
99,-0.5415793840231409,2.4835116614567012e-18,p1db,3.7609966519841924e-17,9.888588714785079e-18,578,579,-33.03376078734169
100,-0.592220725221015,2.7519222319495242e-18,p1db,3.322137473408544e-17,1.0035531938523925e-17,579,580,-33.59847497999172
101,-0.6416168976882943,3.0955276703399935e-18,p1db,3.0012424487630516e-17,1.0204241233254401e-17,580,581,-34.21820223778372
102,-0.6552855649119955,3.460794549746039e-18,p1db,2.8635193470095386e-17,1.0388819038334338e-17,581,582,-34.88170877536831
103,-0.6031862170217295,3.808303002659748e-18,p1db,2.944099711045992e-17,1.0581941049164982e-17,582,583,-35.52877336760771
104,-0.5015844844317705,4.110055008002271e-18,p1db,3.221458407076215e-17,1.0775372060702759e-17,583,584,-36.08808120941177
105,-0.3928592173213339,4.345356073487149e-18,p1db,3.634725550717681e-17,1.0960552796166744e-17,584,585,-36.53194233647125
106,-0.30416576127567296,4.497990577209327e-18,p1db,4.119334795303711e-17,1.1128911075479584e-17,585,586,-36.873799644054436
107,-0.24111040388315885,4.555255771339264e-18,p1db,4.623781643472131e-17,1.1271856521747098e-17,586,587,-37.1402738590226
108,-0.20021794526713776,4.508619225299126e-18,p1db,5.110015679509799e-17,1.1380699226100769e-17,587,588,-37.356020451820754
109,-0.17716868509749162,4.35524709645244e-18,p1db,5.5497634489652344e-17,1.1446829434740358e-17,588,589,-37.540709749556875
110,-0.16949473756136868,4.099630744798803e-18,p1db,5.921672187160804e-17,1.1462416809500562e-17,589,590,-37.71035782201574
111,-0.1772871140732235,3.7551867092951715e-18,p1db,6.209784629092575e-17,1.1421680475979753e-17,590,591,-37.87969922467961
112,-0.203406452430567,3.346659864722482e-18,p1db,6.402804677698621e-17,1.1322462269620544e-17,591,592,-38.064932050162184
113,-0.2521805286523602,2.914827711674468e-18,p1db,6.49365773569268e-17,1.1167509475541789e-17,592,593,-38.286512129540746
114,-0.32150397866641,2.5242567324665908e-18,p1db,6.479152669086937e-17,1.0964798528224467e-17,593,594,-38.569293107466905
115,-0.3855330010343181,2.2671998688436517e-18,p1db,6.359806139455589e-17,1.072659923815612e-17,594,595,-38.929520086873566
116,-0.400744041678756,2.2346325535404796e-18,p1db,6.139918149170369e-17,1.046762419641078e-17,595,596,-39.34035910953554
117,-0.35967274076940825,2.443316353957285e-18,p1db,5.827834722954403e-17,1.0203072536798248e-17,596,597,-39.73100817023108
118,-0.30400993361170237,2.818636377953094e-18,p1db,5.436250764121696e-17,9.947315773493517e-18,597,598,-40.05970459107436
119,-0.2714532250115802,3.2641270987532814e-18,p1db,4.982576035985679e-17,9.713458861057682e-18,598,599,-40.33902803745448
120,-0.2735961449677511,3.707090088025961e-18,p1db,4.4897245675283895e-17,9.513439549428447e-18,599,600,-40.60261104109752
121,-0.31119509818451263,4.101023509054435e-18,p1db,3.9879421083081057e-17,9.358068941712307e-18,600,601,-40.886220327389985
122,-0.3814758765686257,4.417558737459291e-18,p1db,3.5180989761698654e-17,9.25656116950325e-18,601,602,-41.22500123746654
123,-0.4702748633967886,4.639960079485765e-18,p1db,3.1351676745790285e-17,9.215513397059244e-18,602,603,-41.64917208052724
124,-0.5409393182678599,4.75897007926426e-18,p1db,2.905003668205231e-17,9.237742377543516e-18,603,604,-42.16555096426012
125,-0.5500311828468654,4.770376930735727e-18,p1db,2.8816496511088137e-17,9.321600477324522e-18,604,605,-42.731050717062956
126,-0.49147479659254856,4.673884848513265e-18,p1db,3.071662919145219e-17,9.461201643477821e-18,605,606,-43.26561332995385
127,-0.4037500974332531,4.472931976052033e-18,p1db,3.428579353454972e-17,9.647464372885957e-18,606,607,-43.71400031024805
128,-0.3276498131730392,4.1751870226049565e-18,p1db,3.88582023945058e-17,9.869399999250415e-18,607,608,-44.07311352482036
129,-0.28169343667073576,3.793813348470821e-18,p1db,4.384656490867536e-17,1.0115026045070372e-17,608,609,-44.36929993659413
130,-0.2706786385940312,3.3502469510797707e-18,p1db,4.8811104565868486e-17,1.0371697196973633e-17,609,610,-44.63650039816183
131,-0.29721363501080234,2.880135438999793e-18,p1db,5.343278307851709e-17,1.0626168455716355e-17,610,611,-44.910657213782194
132,-0.3594692251363796,2.4446187177398897e-18,p1db,5.747593105460172e-17,1.086492505742814e-17,611,612,-45.23092766818343
133,-0.4274729191275206,2.1431249283601846e-18,p1db,6.076229976395361e-17,1.1075091690024803e-17,612,613,-45.62959566405495
134,-0.43873474272587387,2.091688106554151e-18,p1db,6.315721074965892e-17,1.1245762162674908e-17,613,614,-46.085873506438475
135,-0.3733618206493112,2.3254204947283596e-18,p1db,6.456480727944231e-17,1.136921302852133e-17,614,615,-46.5070651495067
136,-0.28373567311936654,2.757402108973078e-18,p1db,6.492869769361727e-17,1.1441435936291988e-17,615,616,-46.8325971477371
137,-0.21613236895299792,3.272434506758396e-18,p1db,6.423411646649237e-17,1.1461767594339658e-17,616,617,-47.074536495745434
138,-0.17747137345263297,3.786960659948112e-18,p1db,6.250882187521548e-17,1.1431900865400823e-17,617,618,-47.26486188564309
139,-0.16115566937033776,4.247707140805198e-18,p1db,5.982206847618701e-17,1.1354895429488011e-17,618,619,-47.4294792426507
140,-0.16185723711413402,4.620335428028118e-18,p1db,5.628297163359472e-17,1.1234732745230285e-17,619,620,-47.58717322438377
141,-0.17772567152647767,4.882682180387435e-18,p1db,5.2040834911988824e-17,1.1076527305926359e-17,620,621,-47.75319371687897
142,-0.21005674055169976,5.0216631148333846e-18,p1db,4.729093217992262e-17,1.0887035811594819e-17,621,622,-47.942624567436724
143,-0.2626858418884943,5.03176600503943e-18,p1db,4.229015915646519e-17,1.0674922127004144e-17,622,623,-48.17330719798237
144,-0.33992402098754226,4.914005577977341e-18,p1db,3.738672421869849e-17,1.0450422714862236e-17,623,624,-48.46799625121371
145,-0.43968659160083945,4.675086475475771e-18,p1db,3.306044830926058e-17,1.0224458297870176e-17,624,625,-48.85315523995745
146,-0.5408950213056691,4.327012372179392e-18,p1db,2.9935982065994265e-17,1.0007599736153649e-17,625,626,-49.34736943441539
147,-0.6033706538395514,3.8875888484320374e-18,p1db,2.8658222648697753e-17,9.809397884391461e-18,626,627,-49.93494528256879
148,-0.605281743695496,3.3826178861970277e-18,p1db,2.9555771209677723e-17,9.638337141518255e-18,627,628,-50.554110742094494
149,-0.5775183872849574,2.8516095315410675e-18,p1db,3.238872170763192e-17,9.50219441294363e-18,628,629,-51.14550876995978
150,-0.5713344611863747,2.360474483595585e-18,p1db,3.654090843262175e-17,9.408208516332245e-18,629,630,-51.70914751666441
151,-0.583880176837912,2.0199433495144454e-18,p1db,4.137430130698201e-17,9.362525667715623e-18,630,631,-52.28817769233253
152,-0.5426483510837734,1.9653518335108885e-18,p1db,4.6386510054915856e-17,9.36892553328698e-18,631,632,-52.87690787034023
153,-0.42309968506074824,2.2311562473796574e-18,p1db,5.120892744501887e-17,9.42746729823842e-18,632,633,-53.37347439450008
154,-0.2922177130944448,2.7052208131630927e-18,p1db,5.556740773404862e-17,9.533887769777096e-18,633,634,-53.72310724046173
155,-0.19926154043457345,3.2580732234750763e-18,p1db,5.925250177518768e-17,9.680154046551313e-18,634,635,-53.95790982068897
156,-0.14316835445893972,3.8049248779979315e-18,p1db,6.210420322175686e-17,9.855908491170736e-18,635,636,-54.121630321330876
157,-0.11147100767325568,4.294659790433023e-18,p1db,6.400632220146101e-17,1.0050157111929628e-17,636,637,-54.24424652960685
158,-0.09541167457986788,4.6942723310946266e-18,p1db,6.4885384245304e-17,1.0252555759262078e-17,637,638,-54.34457233667739
159,-0.09016998256378628,4.980666454927876e-18,p1db,6.471026924978948e-17,1.045387433565447e-17,638,639,-54.43506987876658
160,-0.0933825206813843,5.137623371516751e-18,p1db,6.349053498076285e-17,1.0645640251354592e-17,639,640,-54.52491230180496
161,-0.1043169583854393,5.155643899518881e-18,p1db,6.127369530241878e-17,1.081954490378459e-17,640,641,-54.62183492012935
162,-0.12370417366512854,5.0327268525841314e-18,p1db,5.814372361293159e-17,1.096748734721813e-17,641,642,-54.73354621857584
163,-0.15401432638169155,4.774714467899642e-18,p1db,5.4223290461993753e-17,1.1082629204336435e-17,642,643,-54.86924326745961
164,-0.20004203101811768,4.394849098788812e-18,p1db,4.968098656815524e-17,1.1160850235464439e-17,643,644,-55.04157487133922
165,-0.26978250634719814,3.913169971330451e-18,p1db,4.4744274236779264e-17,1.1201505256306283e-17,644,645,-55.269327329495844
166,-0.37538710568674105,3.357165973679659e-18,p1db,3.972054832206594e-17,1.1206905504253018e-17,645,646,-55.58113988403362
167,-0.5322162043662786,2.766310813782133e-18,p1db,3.5028976022807343e-17,1.118093649054154e-17,646,647,-56.02010154086933
168,-0.7451376693910277,2.2060371940268482e-18,p1db,3.1230556219355505e-17,1.1127750162356432e-17,647,648,-56.645572292766175
169,-0.9501053250443121,1.7976359439762684e-18,p1db,2.898734576861758e-17,1.1051191793208657e-17,648,649,-57.51037687965138
170,-0.9880669279754493,1.7173635311632836e-18,p1db,2.8826578187535966e-17,1.0954955440840222e-17,649,650,-58.5457829428548
171,-0.8163105228842333,2.020611189763751e-18,p1db,3.0790676136737544e-17,1.0843000654728742e-17,650,651,-59.48651073560228
172,-0.5846690735219582,2.5574345861346842e-18,p1db,3.440338560767255e-17,1.0719754996036963e-17,651,652,-60.178403988623266
173,-0.4034797406193924,3.1743103211687707e-18,p1db,3.9003175005450906e-17,1.0589919449642676e-17,652,653,-60.6558488826462
174,-0.28025770978263154,3.782718482373646e-18,p1db,4.401042799751599e-17,1.0458001452215306e-17,653,654,-60.98536346986205
175,-0.1979826408380596,4.331042772888713e-18,p1db,4.8987953705493066e-17,1.0327852451474549e-17,654,655,-61.21636430221146
176,-0.1426082980659764,4.784462469777128e-18,p1db,5.3613794328343664e-17,1.0202473666029312e-17,655,656,-61.38132875153817
177,-0.10517774591505713,5.116870000008372e-18,p1db,5.764788717665602e-17,1.0084230647022534e-17,656,657,-61.50158089834341
178,-0.08036257963152593,5.30833159887457e-18,p1db,6.09106505737057e-17,9.9754350897762e-18,657,658,-61.591684243368285
179,-0.06524678603217993,5.345177484544804e-18,p1db,6.327083218462319e-17,9.879061915217603e-18,658,659,-61.662306057606465
180,-0.05866288114332363,5.221316958741452e-18,p1db,6.463852686629927e-17,9.79923298028919e-18,659,660,-61.722177815432644
181,-0.06093965509645116,4.9397141377658096e-18,p1db,6.496177597051106e-17,9.741089571951916e-18,660,661,-61.77963181989311
182,-0.07404965517181594,4.513203505187945e-18,p1db,6.422639551801745e-17,9.709884338734818e-18,661,662,-61.84405712562555
183,-0.10250839730453976,3.964491400249699e-18,p1db,6.245795039252705e-17,9.709565912745946e-18,662,663,-61.927731130236744
184,-0.15608964034242234,3.3265022020071293e-18,p1db,5.972385394197243e-17,9.7415624585205e-18,663,664,-62.049073920234626
185,-0.2561519414912432,2.6466044108979308e-18,p1db,5.613431118995659e-17,9.804465322883834e-18,664,665,-62.23991041092159
186,-0.4355869128477039,2.0039873720774345e-18,p1db,5.184323946724613e-17,9.89474987008895e-18,665,666,-62.56137780321711
187,-0.6493829579168313,1.557294985998077e-18,p1db,4.705291474290548e-17,1.000800128990995e-17,666,667,-63.111084236616996
188,-0.7159565451270744,1.5422828058214765e-18,p1db,4.20277745612242e-17,1.0139896656347365e-17,667,668,-63.860143719050775
189,-0.6341211810211895,1.9609302368603344e-18,p1db,3.7122633149539435e-17,1.028650858645428e-17,668,669,-64.54299732687114
190,-0.5862129945260861,2.57596077210591e-18,p1db,3.282272176725278e-17,1.0443989544073618e-17,669,670,-65.12838608109315
191,-0.6019029596748453,3.229939134341365e-18,p1db,2.9756916411960073e-17,1.0608021567123918e-17,670,671,-65.71542331592332
192,-0.6059308280901021,3.850405322245148e-18,p1db,2.856891633005505e-17,1.0773453249182278e-17,671,672,-66.33219200044284
193,-0.5504690754236492,4.39837556453549e-18,p1db,2.9573074966480394e-17,1.0934347127287778e-17,672,673,-66.92728497210352
194,-0.4491875194871042,4.847803298143079e-18,p1db,3.250713254712976e-17,1.1084359096022295e-17,673,674,-67.43313015129014
195,-0.34318564926685724,5.178803159178837e-18,p1db,3.673871253412093e-17,1.1217135761978162e-17,674,675,-67.82566001107773
196,-0.2573644630623093,5.37564533020562e-18,p1db,4.162267249655105e-17,1.132640250172156e-17,675,676,-68.11950144982386
197,-0.19590419821447824,5.426555989906444e-18,p1db,4.6655270711320424e-17,1.1405685622834962e-17,676,677,-68.34038893720235
198,-0.15488109289600516,5.324303033733228e-18,p1db,5.14706885961372e-17,1.1448037025157843e-17,677,678,-68.51130984625281
199,-0.12998966048004235,5.067183614815454e-18,p1db,5.580039020688722e-17,1.144637759736461e-17,678,679,-68.65015112299436
200,-0.11905650695207015,4.660205236285063e-18,p1db,5.94412382640189e-17,1.1394820269139328e-17,679,680,-68.7712891672129
201,-0.12327157926718968,4.116419598058442e-18,p1db,6.22383311748474e-17,1.1290622097113021e-17,680,681,-68.8882641368985
202,-0.15012529689330023,3.4590949677650034e-18,p1db,6.407856139872355e-17,1.113579422365429e-17,681,682,-69.01783232574728
203,-0.222477910291353,2.7277012326346735e-18,p1db,6.488980958035407e-17,1.0937468438568984e-17,682,683,-69.1885147306851
204,-0.3919186861684949,1.998520767668417e-18,p1db,6.464182700946959e-17,1.0706868997844438e-17,683,684,-69.46278814632998
205,-0.6209723981923645,1.4551163397412284e-18,p1db,6.334652844727282e-17,1.0457521000604445e-17,684,685,-69.97235210302209
206,-0.631748483766998,1.4430927805940515e-18,p1db,6.105687706210366e-17,1.0203577243054472e-17,685,686,-70.70473294271471
207,-0.4174966952005761,1.9731679253127074e-18,p1db,5.786487223878919e-17,9.95885981192641e-18,686,687,-71.23584907055609
208,-0.25997085808592146,2.700366168496907e-18,p1db,5.3900687942383715e-17,9.736662236466085e-18,687,688,-71.53972633311587
209,-0.2093060230795203,3.437789531202717e-18,p1db,4.933641388590737e-17,9.549797231096558e-18,688,689,-71.75579078672793
210,-0.2178151553546357,4.110549174779451e-18,p1db,4.439846801814813e-17,9.410150488248228e-18,689,690,-71.9583383792749
211,-0.2662533325761842,4.681552282360835e-18,p1db,3.9392373437197634e-17,9.327407572697103e-18,690,691,-72.1914210974372
212,-0.3467324715978535,5.128658642914772e-18,p1db,3.4740231794823937e-17,9.307426379484973e-18,691,692,-72.49084504442727
213,-0.4420712346509106,5.437489805357322e-18,p1db,3.101269524249467e-17,9.351210312581064e-18,692,693,-72.8848860406329
214,-0.512746919871276,5.5990037413127765e-18,p1db,2.8878593520709684e-17,9.455109009036953e-18,693,694,-73.3749875137291
215,-0.5164201311669956,5.608741136968818e-18,p1db,2.884910148187711e-17,9.612027946861915e-18,694,695,-73.91037988037546
216,-0.452184395405304,5.466624930650896e-18,p1db,3.0928249707428634e-17,9.812831823847664e-18,695,696,-74.40782777606309
217,-0.36107612339713313,5.176877786489248e-18,p1db,3.4612160791977414e-17,1.0047217388015489e-17,696,697,-74.81474867118607
218,-0.28204897507082194,4.74796184332288e-18,p1db,3.923797588352989e-17,1.0303882131980783e-17,697,698,-75.12998002285735
219,-0.23178214497779948,4.192765709932255e-18,p1db,4.423843715830314e-17,1.0570322946471353e-17,698,699,-75.37884662132771
220,-0.21690544803037426,3.529866389962389e-18,p1db,4.91898309778893e-17,1.0832779266993405e-17,699,700,-75.59354431281295
221,-0.25402115577750095,2.7883092940886295e-18,p1db,5.377955916241308e-17,1.1076720125446022e-17,700,701,-75.81265751738846
222,-0.3987124502494055,2.024733330558465e-18,p1db,5.777157198017566e-17,1.1288009984066484e-17,701,702,-76.10158662436795
223,-0.6669982667646508,1.3912169367580292e-18,p1db,6.098626737276978e-17,1.1454558422759669e-17,702,703,-76.61008241788727
224,-0.7208144515084598,1.2778365019733455e-18,p1db,6.329166764171102e-17,1.1567915492628305e-17,703,704,-77.43558315789726
225,-0.4632915065417791,1.820848643390697e-18,p1db,6.459998448649344e-17,1.1624097920472766e-17,704,705,-78.05171132090419
226,-0.24667079765707456,2.6139761878874074e-18,p1db,6.486524332090021e-17,1.1623206173717266e-17,705,706,-78.36216617098081
227,-0.15767760004165865,3.4304604415267343e-18,p1db,6.408041250661785e-17,1.1568121678819599e-17,706,707,-78.54505291621834
228,-0.12312627989805947,4.183737351145192e-18,p1db,6.22750559703702e-17,1.1463205167733875e-17,707,708,-78.67752137106413
229,-0.11314510518901955,4.829255885402332e-18,p1db,5.951533652727257e-17,1.1313812263258308e-17,708,709,-78.79130547601446
230,-0.11861845395446835,5.339117312285017e-18,p1db,5.59070393100807e-17,1.1126654556777604e-17,709,710,-78.90381158144217
231,-0.13786724345121826,5.69475604682054e-18,p1db,5.1601055764275954e-17,1.0910312425029039e-17,710,711,-79.0285423839234
232,-0.1727966563359402,5.884406038094902e-18,p1db,4.680163993096723e-17,1.0675177035148941e-17,711,712,-79.1795460683446
233,-0.22744654372881,5.902425457832825e-18,p1db,4.178076027748638e-17,1.0432675557978402e-17,712,713,-79.37413569659527
234,-0.30552109331573263,5.7493321091777635e-18,p1db,3.6903946406648754e-17,1.01942294548002e-17,713,714,-79.63443915580223
235,-0.40305869883850676,5.431778110171415e-18,p1db,3.2665636009940566e-17,9.970531446957996e-18,714,715,-79.98517788322674
236,-0.49616287542907855,4.962109252251307e-18,p1db,2.969434793229788e-17,9.771382859202977e-18,715,716,-80.44055655347924
237,-0.5439634502201613,4.357750699943517e-18,p1db,2.8614108411808166e-17,9.605857502502287e-18,716,717,-80.9775036340849
238,-0.5295711864165327,3.641333991905254e-18,p1db,2.97057726967507e-17,9.482327688036189e-18,717,718,-81.52848345391956
239,-0.4985697914222911,2.843698469020631e-18,p1db,3.268806862438474e-17,9.408020432569766e-18,718,719,-82.03664600691796
240,-0.5638006470188373,2.0173354290760086e-18,p1db,3.693466184419034e-17,9.38810180288419e-18,719,720,-82.52562303676415
241,-0.8201939315873474,1.300415712729187e-18,p1db,4.1813652374875823e-17,9.424578588899857e-18,720,721,-83.16424730095564
242,-0.8594655810677878,1.1250931494435072e-18,p1db,4.682874512649767e-17,9.515449567729617e-18,721,722,-84.16601089993884
243,-0.5210172650099949,1.7017702693078494e-18,p1db,5.161609921051563e-17,9.654527460759033e-18,722,723,-84.88317846309121
244,-0.24897553545579143,2.5381962197297885e-18,p1db,5.590866178616689e-17,9.832156345839521e-18,723,724,-85.20804542995883
245,-0.14126946265255924,3.394464836651355e-18,p1db,5.950742699456665e-17,1.003665160359686e-17,724,725,-85.3811295340028
246,-0.09414825313410091,4.18831013020059e-18,p1db,6.226349708926081e-17,1.025588067213101e-17,725,726,-85.49058435526395
247,-0.07136922745336705,4.87492819695773e-18,p1db,6.40684574675926e-17,1.0478347506056734e-17,726,727,-85.569426040271
248,-0.06107998199964726,5.423181514343972e-18,p1db,6.485109645937115e-17,1.0693575865846067e-17,727,728,-85.63332281017068
249,-0.05889493998805051,5.8106948858585435e-18,p1db,6.457839937408386e-17,1.0892123827544615e-17,728,729,-85.69158600427029
250,-0.06329688643084097,6.022758568246424e-18,p1db,6.325802935090936e-17,1.1065670551038604e-17,729,730,-85.75111269014678
251,-0.07421090416131904,6.052124574841855e-18,p1db,6.093988235344826e-17,1.1207283881976045e-17,730,731,-85.81817977713197
252,-0.09260436344746381,5.899007671273142e-18,p1db,5.771607625199014e-17,1.1311716519795842e-17,731,732,-85.89953449846942
253,-0.12060927993787374,5.5708377070220884e-18,p1db,5.372077025994325e-17,1.1375663387337628e-17,732,733,-86.0033885040269
254,-0.16207819652547784,5.081423823169633e-18,p1db,4.913275441809973e-17,1.1398027013397962e-17,733,734,-86.14075305834517
255,-0.2235738412816275,4.449729141979985e-18,p1db,4.418509536015495e-17,1.1380085339625213e-17,734,735,-86.32754489707786
256,-0.31594030784398797,3.6991546449735255e-18,p1db,3.918718133989424e-17,1.1325277399663421e-17,735,736,-86.58790074090842
257,-0.458999265136967,2.85903231158332e-18,p1db,3.4561727633833825e-17,1.1238495397846676e-17,736,737,-86.95942551276583
258,-0.7154846267473616,1.973801312776004e-18,p1db,3.087884403148963e-17,1.1125202730555466e-17,737,738,-87.50589927118236
259,-1.2210100714281538,1.1568288948585745e-18,p1db,2.880635186519897e-17,1.0990909191715443e-17,738,739,-88.39039476626056
260,-1.3686919162438045,8.979293669919906e-19,p1db,2.884884692957982e-17,1.0841258762582197e-17,739,740,-89.94791941403867
261,-0.8985794516312637,1.5457604723778974e-18,p1db,3.099567144844451e-17,1.068245765945604e-17,740,741,-91.12777859874816
262,-0.499807435902909,2.4392968556576864e-18,p1db,3.4729494874224077e-17,1.052145580570932e-17,741,742,-91.74507831730119
263,-0.31696990016531856,3.3365493792960162e-18,p1db,3.9382462847505695e-17,1.0365453698460512e-17,742,743,-92.12739347055398
264,-0.2102514583238957,4.1695223307065e-18,p1db,4.4389169604033007e-17,1.0220827333933403e-17,743,744,-92.37901811763183
265,-0.1413889230540093,4.898904432324142e-18,p1db,4.933126896374922e-17,1.0092091662585649e-17,744,745,-92.54789638720177
266,-0.09516201231507893,5.4931174577663235e-18,p1db,5.3902448201048263e-17,9.98168256759607e-18,745,746,-92.66179596373985
267,-0.06355830406802454,5.925310988271491e-18,p1db,5.787172579273943e-17,9.890927573645774e-18,746,747,-92.73822041183193
268,-0.04212439254251166,6.1743480373068785e-18,p1db,6.106185505771757e-17,9.821731069553577e-18,747,748,-92.7889125718759
269,-0.02856465911604289,6.2267634447098916e-18,p1db,6.334005586250154e-17,9.777757255757378e-18,748,749,-92.82246919691696
270,-0.022006375290537505,6.0784175414707366e-18,p1db,6.461564315739907e-17,9.76395527491954e-18,749,750,-92.84604189010798
271,-0.022546860989258732,5.735111383300327e-18,p1db,6.48402753102846e-17,9.784382339962303e-18,750,751,-92.86648194749803
272,-0.031090109124598087,5.2118513930903035e-18,p1db,6.400802056919471e-17,9.839710668153793e-18,751,752,-92.8911356120865
273,-0.04982923483517965,4.531024530779917e-18,p1db,6.215389832876507e-17,9.926240177245101e-18,752,753,-92.92866216574723
274,-0.08454967629356247,3.720459850094168e-18,p1db,5.935134657368967e-17,1.0037112844355944e-17,753,754,-92.99079408175686
275,-0.15459235610508415,2.813136035892342e-18,p1db,5.571086791933815e-17,1.0164735091255031e-17,754,755,-93.09776151833435
276,-0.35808868863465904,1.853354232414695e-18,p1db,5.138292848096052e-17,1.0302731304384028e-17,755,756,-93.29997879396703
277,-1.0056525854869847,9.487696331063794e-19,p1db,4.6567831852173465e-17,1.0446484375590702e-17,756,757,-93.81393889560367
278,-1.1810633039266065,7.511560016360243e-19,p1db,4.153494426805471e-17,1.0592514669885813e-17,757,758,-95.311283964941
279,-0.6872123629978262,1.556821518228217e-18,p1db,3.665344914069022e-17,1.0737576306467202e-17,758,759,-96.17606550345688
280,-0.5153441155674798,2.4965027935772673e-18,p1db,3.242946845928038e-17,1.0878187866421577e-17,759,760,-96.68570869093665
281,-0.5431596434120962,3.398172846643973e-18,p1db,2.950658949985235e-17,1.1010756165414856e-17,760,761,-97.20675373459184
282,-0.5565966452162883,4.2175956850554744e-18,p1db,2.851266630271791e-17,1.1131968093866866e-17,761,762,-97.77202797776084
283,-0.5045776826011661,4.9287711187033114e-18,p1db,2.970777683728754e-17,1.1238977481176288e-17,762,763,-98.31994702502442
284,-0.4067664400008013,5.5107372948251145e-18,p1db,3.278056614491073e-17,1.132911077860176e-17,763,764,-98.78118334296317
285,-0.3050921769944708,5.944505990912431e-18,p1db,3.7091021527131277e-17,1.139918604919835e-17,764,765,-99.13347990502602
286,-0.22266354170862002,6.212776880789849e-18,p1db,4.200985086249934e-17,1.1444850703520954e-17,765,766,-99.39136769695212
287,-0.16253228711518375,6.301109567631948e-18,p1db,4.704718204874565e-17,1.1460425900063323e-17,766,767,-99.57880698844326
288,-0.12031095308973505,6.199732465876829e-18,p1db,5.184205094914454e-17,1.1439573506256163e-17,767,768,-99.71643227118248
289,-0.0912079625505271,5.9052390256836735e-18,p1db,5.612567757065417e-17,1.1376763880515015e-17,768,769,-99.81942889462273
290,-0.072092307736213,5.4216988214477874e-18,p1db,5.969574843232246e-17,1.1269132319655365e-17,769,770,-99.89884819628354
291,-0.06204851600944039,4.7610820585222644e-18,p1db,6.240297594732285e-17,1.1117997509971089e-17,770,771,-99.96361351009516
292,-0.06363868576969622,3.943222702463425e-18,p1db,6.414404208125197e-17,1.0929306654057617e-17,771,772,-100.02294522830242
293,-0.08993036485317418,2.9960237100399728e-18,p1db,6.485674214461269e-17,1.0712787939239978e-17,772,773,-100.09089088163455
294,-0.225107157383988,1.9586968497373624e-18,p1db,6.451649537994002e-17,1.0480414012061755e-17,773,774,-100.20280595800877
295,-1.008955337983977,9.149421943130954e-19,p1db,6.313521929669991e-17,1.024515975801516e-17,774,775,-100.54110519640253
296,-1.1546006868108663,6.284370510108268e-19,p1db,6.076283312615845e-17,1.0020488399751757e-17,775,776,-102.22071663397672
297,-0.4031119427496961,1.6021237131271948e-18,p1db,5.749004932006592e-17,9.820081181554423e-18,776,777,-102.85030657002426
298,-0.15227966860035735,2.653740842530612e-18,p1db,5.3451226466207755e-17,9.657070624497593e-18,777,778,-103.02694051947611
299,-0.13642486566553913,3.6341331565506344e-18,p1db,4.882848146884431e-17,9.542658078464817e-18,778,779,-103.15486590722497
300,-0.1700786000368879,4.500706702703417e-18,p1db,4.386133638068921e-17,9.484703788548173e-18,779,780,-103.29979025080719
301,-0.2350151708746182,5.227478117694958e-18,p1db,3.886787309274245e-17,9.486947283786452e-18,780,781,-103.49502310729875
302,-0.32605299973533164,5.796943951360331e-18,p1db,3.428013705579151e-17,9.549044592385942e-18,781,782,-103.76982059255643
303,-0.4260912209446488,6.19739168840196e-18,p1db,3.067481780680954e-17,9.667165983490157e-18,782,783,-104.14712910676941
304,-0.4949935372816867,6.4213598143640876e-18,p1db,2.871578164975983e-17,9.834790299145209e-18,783,784,-104.62200303444573
305,-0.4926152359746254,6.4648559512283395e-18,p1db,2.888497170061165e-17,1.0043422059380659e-17,784,785,-105.13711618133279
306,-0.4224164969807376,6.327093278092887e-18,p1db,3.1141040518416944e-17,1.0283052112511258e-17,785,786,-105.60723350639498
307,-0.3268129373860802,6.0104487123276074e-18,p1db,3.495058639240041e-17,1.0542305722768324e-17,786,787,-105.98194917529426
308,-0.2421706225273894,5.52053269481668e-18,p1db,3.9644667348261637e-17,1.0808444286322277e-17,787,788,-106.26085938116714
309,-0.18106400941792344,4.866526168538403e-18,p1db,4.466030109564934e-17,1.1067584101590328e-17,788,789,-106.46629042034904
310,-0.14384816132839262,4.0620028280797956e-18,p1db,4.958195100021315e-17,1.130543722524469e-17,789,790,-106.62298740000298
311,-0.1335341000745771,3.1263142976379373e-18,p1db,5.4108587854125276e-17,1.1508535346266054e-17,790,791,-106.75398674300583
312,-0.19532818812869124,2.0870931589112517e-18,p1db,5.801760579907604e-17,1.1665545938182176e-17,791,792,-106.89005560015214
313,-1.0577856085201347,9.937626389585172e-19,p1db,6.11410636301463e-17,1.1768242741357906e-17,792,793,-107.14464311926321
314,-1.3150105507421586,4.2670896893745284e-19,p1db,6.335346412391721e-17,1.181194601753156e-17,793,794,-109.00562681719241
315,-0.4577783267631901,1.4595852203685407e-18,p1db,6.456774477806273e-17,1.1795506256845685e-17,794,795,-109.77466422074752
316,-0.11338498110942652,2.579680704933793e-18,p1db,6.473578579089211e-17,1.1720965689289754e-17,795,796,-109.92118347071879
317,-0.072562874282184,3.6362729235028135e-18,p1db,6.385010129105051e-17,1.1593008822796613e-17,796,797,-110.00143418296638
318,-0.06501417569856471,4.5843820724857565e-18,p1db,6.194469803922939e-17,1.1418380319072382e-17,797,798,-110.06630921928316
319,-0.0699582728378374,5.389915269301655e-18,p1db,5.90947159430946e-17,1.1205515929664905e-17,798,799,-110.13146253436351
320,-0.08400536898643907,6.026069582422548e-18,p1db,5.541576230111236e-17,1.0964483333289227e-17,799,800,-110.20622576495883
321,-0.10806278437026862,6.4735555402733754e-18,p1db,5.1065078749685074e-17,1.0706998940937091e-17,800,801,-110.29947327233639
322,-0.14548300879213372,6.7208477613396505e-18,p1db,4.624825048684717e-17,1.0446091656109443e-17,801,802,-110.42235133369937
323,-0.20129972934317664,6.763929194086171e-18,p1db,4.1236562217933565e-17,1.0195180486433308e-17,802,803,-110.59043928992065
324,-0.27957434009267246,6.6055458428043005e-18,p1db,3.6399184050625717e-17,9.966816635247294e-18,803,804,-110.82495079238572
325,-0.3751131971203989,6.254118572385627e-18,p1db,3.22434571989303e-17,9.771698435597365e-18,804,805,-111.149587970106
326,-0.46058890162352384,5.722501295300405e-18,p1db,2.941406314853674e-17,9.61843418682696e-18,805,806,-111.57517718662652
327,-0.4919078212274144,5.026875314746297e-18,p1db,2.8528652965045917e-17,9.513945571893997e-18,806,807,-112.07076577335305
328,-0.45049608395138563,4.186164153378521e-18,p1db,2.981937821004406e-17,9.463834212866784e-18,807,808,-112.55899282908135
329,-0.370927183945426,3.2222944429704366e-18,p1db,3.2949058628062394e-17,9.471990936408218e-18,808,809,-112.97175794125582
330,-0.3293735290058635,2.1616296759901267e-18,p1db,3.727284570067928e-17,9.539336086037294e-18,809,810,-113.3008471969722
331,-1.1839926653800816,1.0416981973479978e-18,p1db,4.2171795525831914e-17,9.662409368260316e-18,810,811,-113.63050499926754
332,-1.470986819692186,3.0093445570963355e-19,p1db,4.717051088343118e-17,9.83288504483724e-18,811,812,-115.66883252773236
333,-0.5268258102932677,1.3641579896991368e-18,p1db,5.1921095765799593e-17,1.0038610175081396e-17,812,813,-116.57247863865192
334,-0.11360705902394841,2.497026743448484e-18,p1db,5.616394461361266e-17,1.0265796168364478e-17,813,814,-116.7224841483189
335,-0.06411148471590877,3.568533893783887e-18,p1db,5.970062196622492e-17,1.050129414376046e-17,814,815,-116.79969275669981
336,-0.04517940771711437,4.540679397387968e-18,p1db,6.238043410073604e-17,1.073392769681625e-17,815,816,-116.85070711775072
337,-0.03733317198165054,5.381427070830875e-18,p1db,6.409566266332389e-17,1.0954507675345919e-17,816,817,-116.89005157213404
338,-0.03588330805300899,6.061867833571077e-18,p1db,6.478067785448285e-17,1.115493764433101e-17,817,818,-116.92537346171402
339,-0.03900414537168473,6.557021147277144e-18,p1db,6.441142290075435e-17,1.1327314114631285e-17,818,819,-116.96181818824006
340,-0.04596341154493899,6.847964991881328e-18,p1db,6.300368722332274e-17,1.1463882989971413e-17,819,820,-117.00338175245739
341,-0.05691192407432055,6.924063502132379e-18,p1db,6.061096287101669e-17,1.1558086655001911e-17,820,821,-117.05374501132994
342,-0.07303512620830332,6.784180461240272e-18,p1db,5.732410734004865e-17,1.1606061204540046e-17,821,822,-117.11720560060603
343,-0.0967265761026539,6.436367393664431e-18,p1db,5.327459068593603e-17,1.16075013098886e-17,822,823,-117.19981526374654
344,-0.13169126814690202,5.8961925189403216e-18,p1db,4.864204073181542e-17,1.1565244757715657e-17,823,824,-117.31065875281134
345,-0.18286514088428873,5.184357417610376e-18,p1db,4.3667356043440776e-17,1.1483910487913071e-17,824,825,-117.46319780004035
346,-0.2553857787825038,4.324473347571876e-18,p1db,3.867493939496063e-17,1.1368600235581345e-17,825,826,-117.67638903457991
347,-0.3502839149578634,3.3417351194424103e-18,p1db,3.4106333464444125e-17,1.1224491781589542e-17,826,827,-117.97396935760536
348,-0.4569263951272404,2.2627246152550075e-18,p1db,3.0546171706783686e-17,1.1057354289018739e-17,827,828,-118.37695686449564
349,-1.7562843951862135,1.1160773527541e-18,p1db,2.865609194228044e-17,1.0874314229957753e-17,828,829,-118.88782214785984
350,-2.0217497633051167,8.531015506658556e-20,p1db,2.8899181235912224e-17,1.068408422920058e-17,829,830,-121.88952565486807
351,-0.7108300978093638,1.2601109280833049e-18,p1db,3.1211268182340924e-17,1.049629778049529e-17,830,831,-122.93132167447007
352,-0.321510552833864,2.4203810479264688e-18,p1db,3.505284120942218e-17,1.0320203997894863e-17,831,832,-123.3111858504868
353,-0.22003933050584124,3.518651300332451e-18,p1db,3.976335638923407e-17,1.0163400522120208e-17,832,833,-123.5743427801378
354,-0.14602481276423163,4.522094452801221e-18,p1db,4.4788652664522395e-17,1.0031302996858753e-17,833,834,-123.75126451149848
355,-0.09340785642211102,5.399345673823013e-18,p1db,4.971562699093938e-17,9.92762174778524e-18,834,835,-123.86639240566626
356,-0.05655960113416825,6.120629248279695e-18,p1db,5.424037506135704e-17,9.855421593459387e-18,835,836,-123.9380802243427
357,-0.03109966273389375,6.658602957851614e-18,p1db,5.813660418626541e-17,9.81782974008826e-18,836,837,-123.9795116079346
358,-0.01409054264034637,6.99016674035572e-18,p1db,6.123579809536977e-17,9.817629709845139e-18,837,838,-124.00027954981049
359,-0.0036809996441675708,7.09892922163639e-18,p1db,6.341566902493424e-17,9.855879808202575e-18,838,839,-124.00769269321529
360,0.0012802621542391535,6.977560216527945e-18,p1db,6.459364303514893e-17,9.930619263038538e-18,839,840,-124.00764154909882
361,0.0014928085732250906,6.629237083272228e-18,p1db,6.472433799766007e-17,1.0036740184319876e-17,840,841,-124.00513216890681
362,-0.0026782855558664664,6.067704866622564e-18,p1db,6.380034115218695e-17,1.0167111148465616e-17,841,842,-124.00465593195237
363,-0.011091615495203655,5.315911704465447e-18,p1db,6.18545148943627e-17,1.03140606496179e-17,842,843,-124.01048874001854
364,-0.02343483572570193,4.403650898583726e-18,p1db,5.896171719491975e-17,1.0470327040591374e-17,843,844,-124.02683916294278
365,-0.03725864683357827,3.364982381724327e-18,p1db,5.523935886486032e-17,1.0629323757545346e-17,844,845,-124.05735841146995
366,-0.0310477490764427,2.2363476433906733e-18,p1db,5.08487154713749e-17,1.0785130266644781e-17,845,846,-124.10135645660993
367,0.9668333903262791,1.0582490565937563e-18,p1db,4.6000981706705756e-17,1.0932579386123663e-17,846,847,-124.11945390962283
368,1.2075724350330148,2.502785641643609e-19,p1db,4.0973350270984935e-17,1.1067476608401889e-17,847,848,-122.16768967595738
369,0.09102532449732337,1.3746355673387717e-18,p1db,3.613993522194739e-17,1.1186778985676213e-17,848,849,-121.7043090395568
370,-0.35506112184587835,2.5210423337073535e-18,p1db,3.20120352767416e-17,1.1288590000560264e-17,849,850,-121.98563902696273
371,-0.4703485199431654,3.59881991349301e-18,p1db,2.923792100224402e-17,1.137194767480595e-17,850,851,-122.41443128324856
372,-0.5086606856822229,4.5781705725304514e-18,p1db,2.843473020929174e-17,1.1436448059259408e-17,851,852,-122.92633606684906
373,-0.46394339771277515,5.433099601586855e-18,p1db,2.982251527016957e-17,1.1481749907522303e-17,852,853,-123.431752654613
374,-0.3697682186775495,6.1395880010068166e-18,p1db,3.3044428760889985e-17,1.1507029755296314e-17,853,854,-123.85422286227461
375,-0.27147271103100934,6.675579261185092e-18,p1db,3.7440438800481896e-17,1.1510531945597596e-17,854,855,-124.1712890919681
376,-0.19161930289171636,7.021673922866973e-18,p1db,4.238410730019359e-17,1.1489424058902576e-17,855,856,-124.39716828433663
377,-0.13261321873907406,7.162290060406265e-18,p1db,4.739852884805167e-17,1.1440141308362839e-17,856,857,-124.55452769775154
378,-0.08987470355393867,7.086982991793936e-18,p1db,5.2138913472896546e-17,1.1359262610882697e-17,857,858,-124.66239472181478
379,-0.05841370338573171,6.791610769926942e-18,p1db,5.635153572385571e-17,1.1244757663904866e-17,858,859,-124.73427710485942
380,-0.03438179386816387,6.2791971717972955e-18,p1db,5.984426515926838e-17,1.1097257617859057e-17,859,860,-124.77922212858624
381,-0.014829609520887743,5.5605888438054925e-18,p1db,6.247132835798049e-17,1.0920912281059609e-17,860,861,-124.80304069259574
382,0.0033647841283652724,4.6551322461431874e-18,p1db,6.412782180846224e-17,1.0723479150628928e-17,861,862,-124.80888134762802
383,0.027131660476172215,3.591472062293045e-18,p1db,6.474922663563481e-17,1.0515563580243483e-17,862,863,-124.79631112433901
384,0.09405779875851294,2.40865733362515e-18,p1db,6.43124225785552e-17,1.0309296080307103e-17,863,864,-124.75461802667567
385,0.9677412316858423,1.1638612988070646e-18,p1db,6.28361037440385e-17,1.0116996092922104e-17,864,865,-124.60819552682199
386,1.3045217215627503,3.7740085068870245e-19,p1db,6.037975473470178e-17,9.950321924543322e-18,865,866,-122.81913556330399
387,0.44076775124032963,1.5074762852084458e-18,p1db,5.704178259202435e-17,9.81995368232369e-18,866,867,-121.99915208369649
388,0.015205536550595866,2.718919512224248e-18,p1db,5.2959123470046773e-17,9.735278709321682e-18,867,868,-121.93760006082333
389,-0.06243631641553549,3.8456582709812575e-18,p1db,4.83120344289071e-17,9.703480870196358e-18,868,869,-121.9687410105953
390,-0.13002988687257755,4.849569904608637e-18,p1db,4.3338269416411145e-17,9.728148805509213e-18,869,870,-122.0624726936544
391,-0.21302266877965081,5.7039315441930096e-18,p1db,3.836029780474319e-17,9.808326186029601e-18,870,871,-122.22880078434045
392,-0.3151804138329197,6.388013775827067e-18,p1db,3.3824669352764406e-17,9.938857593454629e-18,871,872,-122.4885180312137
393,-0.42007863050748995,6.885963785093699e-18,p1db,3.032869641706555e-17,1.0111916950007957e-17,872,873,-122.85916161200629
394,-0.4864293657507659,7.186566384427426e-18,p1db,2.8542487111004256e-17,1.0318721664697973e-17,873,874,-123.32867529222868
395,-0.47680327659645627,7.283276278029642e-18,p1db,2.891241262777916e-17,1.0550434914614935e-17,874,875,-123.83202034350782
396,-0.40031037491684174,7.174249171197789e-18,p1db,3.133619621041805e-17,1.0797984278784508e-17,875,876,-124.2822818454216
397,-0.3011571702444513,6.862173751943672e-18,p1db,3.524860183916436e-17,1.1051275341292718e-17,876,877,-124.6326410933415
398,-0.21300072896909228,6.353833159966958e-18,p1db,3.9988062271278817e-17,1.1298567263652425e-17,877,878,-124.8845961859105
399,-0.14478060854008845,5.659626990269345e-18,p1db,4.5011449606683543e-17,1.1526588471415611e-17,878,879,-125.05864255127969
400,-0.0917534936959683,4.7936380489347864e-18,p1db,4.991736160190874e-17,1.1721551524309142e-17,879,880,-125.17415740299067
401,-0.04195688535766351,3.774964608781265e-18,p1db,5.440948806078826e-17,1.187081162562587e-17,880,881,-125.24214953867163
402,0.04326599965368416,2.6312527288022513e-18,p1db,5.826422628193859e-17,1.1964617842753055e-17,881,882,-125.258071173706
403,0.6285844094406343,1.4116836691792402e-18,p1db,6.131281161496957e-17,1.1997297810484886e-17,882,883,-125.15561753936426
404,1.2019082987691974,4.557560288673932e-19,p1db,6.343333913105135e-17,1.1967415264233976e-17,883,884,-124.00090235482473
405,0.6906666931594359,1.3840891881343977e-18,p1db,6.45470316849885e-17,1.1877006114148462e-17,884,885,-122.75180094182586
406,0.07897851018887536,2.6409421725394017e-18,p1db,6.461539495335065e-17,1.1730635426361667e-17,885,886,-122.61956896850586
407,0.010456976985906863,3.8430567586396754e-18,p1db,6.363765239500958e-17,1.1535103590470473e-17,886,887,-122.59384392144811
408,-0.013747503755816126,4.9312901731113175e-18,p1db,6.164955424466643e-17,1.1299901209004345e-17,887,888,-122.59865501453405
409,-0.03160242624448273,5.867157765288033e-18,p1db,5.87245074433515e-17,1.1037594801684316e-17,888,889,-122.62133892895974
410,-0.0522073453818237,6.620852732750484e-18,p1db,5.4976830441386004e-17,1.076318035308268e-17,889,890,-122.66185986702301
411,-0.0806692646104139,7.169676335662337e-18,p1db,5.0566759723585887e-17,1.0492275690516749e-17,890,891,-122.72575361972339
412,-0.1219260117378198,7.498221193569478e-18,p1db,4.570874000476899e-17,1.0239044459185372e-17,891,892,-122.82319839624384
413,-0.18132154349035545,7.59890034513485e-18,p1db,4.068754229775273e-17,1.0015018232053994e-17,892,893,-122.96960564319903
414,-0.2622184789360915,7.472107760170333e-18,p1db,3.588744563835631e-17,9.829307780441485e-18,893,894,-123.18584148322455
415,-0.35746600987309307,7.125678764852508e-18,p1db,3.182849121041509e-17,9.689677575622022e-18,894,895,-123.49404260107121
416,-0.4369116923315062,6.57370002325742e-18,p1db,2.9157485439451846e-17,9.60325122764287e-18,895,896,-123.90077350297074
417,0.3967891076623502,5.8350175907349016e-18,p1db,2.846918701181162e-17,9.576220201020045e-18,896,897,-124.36786598573423
418,0.6227126573758213,4.8332436638032455e-18,p1db,5.828919991772144e-17,1.0624885796087083e-17,927,928,-123.10719528764604
419,-0.01843964809954457,5.773423784110872e-18,p1db,5.905077516498259e-17,1.071272534710783e-17,928,929,-123.12244067098258
420,-0.02522695758921145,6.5392187295887744e-18,p1db,5.896254063097449e-17,1.0797685257295238e-17,929,930,-123.14407458384512
421,-0.03369685022241242,7.10484514263124e-18,p1db,5.802539188140135e-17,1.087549834566535e-17,930,931,-123.17289458616101
422,-0.04539308389598773,7.452310938935768e-18,p1db,5.627591041249132e-17,1.0942881872023405e-17,931,932,-123.21146828428995
423,-0.06166283897464808,7.571658523771894e-18,p1db,5.378812001935585e-17,1.0997681229846565e-17,932,933,-123.26368075395298
424,-0.083996107542184,7.461044767686722e-18,p1db,5.067510574588239e-17,1.1038660312313361e-17,933,934,-123.33479396223925
425,-0.11408312832016776,7.126502301776185e-18,p1db,4.709147035282187e-17,1.106501432277832e-17,934,935,-123.43167296903735
426,-0.15350384522713512,6.581294826454619e-18,p1db,4.323891158203416e-17,1.1076142559955978e-17,935,936,-123.56296021887958
427,-0.20241738821423638,5.8449743204021125e-18,p1db,3.9376516568413237e-17,1.1071829057264138e-17,936,937,-123.73868065949162
428,-0.25580118947377173,4.942482608999547e-18,p1db,3.58332610012666e-17,1.1052605348520235e-17,937,938,-123.96779499530805
429,-0.29467484331350846,3.90397664237095e-18,p1db,3.300810668223792e-17,1.10199691525827e-17,938,939,-124.25028303843916
430,-0.2598562929784549,2.7674506226039183e-18,p1db,3.132212781480875e-17,1.0976312770835436e-17,939,940,-124.55714468193507
431,0.15147242952649975,1.597807176814857e-18,p1db,3.1088984404479955e-17,1.0924629906203559e-17,940,941,-124.76999562439607
432,0.6972607396963966,7.240596272530921e-19,p1db,3.2358628675720066e-17,1.0868138122048039e-17,941,942,-124.25419982288207
433,0.43804320097171967,1.3567324534678173e-18,p1db,3.4886214877967935e-17,1.0809903770721478e-17,942,943,-123.37547414500328
434,-0.05682714438091807,2.530773582390058e-18,p1db,3.826337146980766e-17,1.0752509036038123e-17,943,944,-123.37811342093863
435,-0.10765340517954769,3.708255855832372e-18,p1db,4.2071168576150166e-17,1.0697808681164548e-17,944,945,-123.48912843376512
436,-0.09311764901318753,4.803963627807337e-18,p1db,4.595540825015237e-17,1.0646846568751329e-17,945,946,-123.59342023129773
437,-0.07120761607973947,5.772023663225922e-18,p1db,4.963790343126441e-17,1.0599994836237165e-17,946,947,-123.67536373179149
438,-0.05170826987500732,6.575545766334134e-18,p1db,5.2904068226392867e-17,1.0557337648949828e-17,947,948,-123.7358354634572
439,-0.03625880345491339,7.183479167852091e-18,p1db,5.558892057189861e-17,1.0519235191606085e-17,948,949,-123.7787802715415
440,-0.02482040213702419,7.571432022593649e-18,p1db,5.756815556774019e-17,1.0486847875230348e-17,949,950,-123.80835307036703
441,-0.017135145693863763,7.723292770611046e-18,p1db,5.87543302268135e-17,1.0462257069386088e-17,950,951,-123.82842107581556
442,-0.013025786906332826,7.632669586643286e-18,p1db,5.909619343888251e-17,1.0447918565924829e-17,951,952,-123.84262336175476
443,-0.012350932602288367,7.303583704102287e-18,p1db,5.857913081539844e-17,1.0445645341318464e-17,952,953,-123.85447264962822
444,-0.014818597949350476,6.750093559194012e-18,p1db,5.722537095554947e-17,1.0455809197612333e-17,953,954,-123.86732522695934
445,-0.01958360787565283,5.994937743979686e-18,p1db,5.509351254814885e-17,1.0477401016224287e-17,954,955,-123.88410984552692
446,-0.024011172504138756,5.067895041870991e-18,p1db,5.2277990390220216e-17,1.0508884919152948e-17,955,956,-123.90649244271064
447,-0.01872338875696755,4.00528673525006e-18,p1db,4.891016080274273e-17,1.0549080592734232e-17,956,957,-123.9321321905352
448,0.03873913753921698,2.8540751611862266e-18,p1db,4.5163254468272297e-17,1.0597351048171911e-17,957,958,-123.94393922022458
449,0.37250895611526147,1.6999541007615148e-18,p1db,4.126284819287389e-17,1.0653099623573126e-17,958,959,-123.85465391545677
450,0.7144862855967204,9.207566661582154e-19,p1db,3.750172392785879e-17,1.0715210163399851e-17,959,960,-123.19892130799406
451,0.36291607385557967,1.4892555713469865e-18,p1db,3.425016846363671e-17,1.0782005497115494e-17,960,961,-122.42568134426332
452,-0.16844053812806692,2.6107660310396186e-18,p1db,3.1935698531748225e-17,1.0851719020453537e-17,961,962,-122.4730891602829
453,-0.32192583836187083,3.756636391287279e-18,p1db,3.0950918428023436e-17,1.0922983249849437e-17,962,963,-122.76256242051946
454,-0.3468449964686542,4.826734803859492e-18,p1db,3.1491553381563955e-17,1.0994835060222385e-17,963,964,-123.11694083700664
455,-0.3124844351571099,5.776263696081029e-18,p1db,3.3447317175187794e-17,1.1066134539705389e-17,964,965,-123.45625241345677
456,-0.25460923891350973,6.5728305795699874e-18,p1db,3.646754079742661e-17,1.1134740309013614e-17,965,966,-123.74190970732086
457,-0.19592841248359605,7.189204036924882e-18,p1db,4.012445009074493e-17,1.1196980189782531e-17,966,967,-123.96547089128379
458,-0.1460813321569674,7.602133214737072e-18,p1db,4.402783752581881e-17,1.1247809529448329e-17,967,968,-124.13376653228805
459,-0.10655073490215017,7.793126815623673e-18,p1db,4.786038322505206e-17,1.1281670413834304e-17,968,969,-124.25763355559772
460,-0.07562401157455412,7.750068323936964e-18,p1db,5.137323296403766e-17,1.1293689075989531e-17,969,970,-124.34686800209235
461,-0.050924388443014834,7.469009098934412e-18,p1db,5.437356080431045e-17,1.1280696950179727e-17,970,971,-124.40888157874683
462,-0.0301318015355605,6.955580014197468e-18,p1db,5.67154390049723e-17,1.1241694112590455e-17,971,972,-124.44871677897838
463,-0.010630118518491827,6.225611118682708e-18,p1db,5.829494812884396e-17,1.1177683543127292e-17,972,973,-124.46914518181795
464,0.01206833730940815,5.3050228381937925e-18,p1db,5.904737115969548e-17,1.1091137168013435e-17,973,974,-124.46997701601536
465,0.04970692855648906,4.230175509120123e-18,p1db,5.894465886275188e-17,1.0985566506806768e-17,974,975,-124.44500850719913
466,0.14654926499898835,3.0530260043198072e-18,p1db,5.799302084036405e-17,1.086558472172922e-17,975,976,-124.37056315890239
467,0.4915053538784022,1.874002994759183e-18,p1db,5.623175784398938e-17,1.073738693517557e-17,976,977,-124.15190997720116
468,0.8460630728100043,1.0929353637697462e-18,p1db,5.373429475605587e-17,1.0609041320245333e-17,977,978,-123.38755245114558
469,0.5837943861570949,1.624057507114311e-18,p1db,5.061137390922436e-17,1.0489924997482603e-17,978,979,-122.45978383158115
470,0.12119436942942485,2.7603006610854315e-18,p1db,4.701600413582523e-17,1.038924927623227e-17,979,980,-122.21996367883139
471,-0.05273665966054608,3.933789195966996e-18,p1db,4.3150592858184396e-17,1.0314396166579308e-17,980,981,-122.2173950927223
472,-0.15184361018064152,5.021091257619803e-18,p1db,3.92772748422039e-17,1.0269998211720575e-17,981,982,-122.32543699815248
473,-0.23715163405745443,5.971478487677817e-18,p1db,3.5729314778525554e-17,1.0258136371614284e-17,982,983,-122.52108231308358
474,-0.3136633208177173,6.753863550961403e-18,p1db,3.290940730465449e-17,1.0279221388589909e-17,983,984,-122.79974026626739
475,-0.3662568506002799,7.346544482988297e-18,p1db,3.1239612318959774e-17,1.0332736550541616e-17,984,985,-123.14840895471902
476,-0.37664069166090286,7.733957624484079e-18,p1db,3.103052555488419e-17,1.0417275578232616e-17,985,986,-123.53225396746795
477,-0.34237794604596417,7.905453629715946e-18,p1db,3.232680091330769e-17,1.052991012641968e-17,986,987,-123.90169033804082
478,-0.28063421853216397,7.855019794230466e-18,p1db,3.487972729341855e-17,1.0665413212166119e-17,987,988,-124.21700985955988
479,-0.21285352321911688,7.581560335913995e-18,p1db,3.827907866248187e-17,1.0815975961745746e-17,988,989,-124.46295877510515
480,-0.15141864125930482,7.089560861565747e-18,p1db,4.210364973465667e-17,1.097177995911307e-17,989,990,-124.64271690599811
481,-0.09855154550901091,6.390083237213558e-18,p1db,4.5995551666920435e-17,1.1122305520059139e-17,990,991,-124.76579605762376
482,-0.04957637451680341,5.502167021840329e-18,p1db,4.9673373861754866e-17,1.1257831541851678e-17,991,992,-124.83981999701614
483,0.008236870010570385,4.4552525862589e-18,p1db,5.2922396658953966e-17,1.1370476336396192e-17,992,993,-124.86494880665737
484,0.11429038014657777,3.2959473593516232e-18,p1db,5.558141275031184e-17,1.1454459272135068e-17,993,994,-124.823346256995
485,0.4173177490959361,2.1188041710321188e-18,p1db,5.753211695775858e-17,1.1505834215122943e-17,994,995,-124.63636804636421
486,0.8015978473291696,1.2668312578461699e-18,p1db,5.869248102567835e-17,1.1522284700649142e-17,995,996,-123.98871075880312
487,0.6532203579946696,1.6293293604238367e-18,p1db,5.901410832584989e-17,1.1503342336401856e-17,996,997,-123.03317235170587
488,0.22877487212498693,2.7513168142103395e-18,p1db,5.84824551166638e-17,1.1450816644487493e-17,997,998,-122.68227004281378
489,0.06476462171070096,3.970086828196472e-18,p1db,5.711816533278949e-17,1.1368904412479696e-17,998,999,-122.5756226074559
490,0.00045815512456925944,5.118782969133371e-18,p1db,5.497820612916826e-17,1.1263685476655962e-17,999,1000,-122.55274079939238
491,-0.03987722485277345,6.129722181444926e-18,p1db,5.215669820325778e-17,1.1142209670767885e-17,1000,1001,-122.57470629720676
492,-0.07647959873646926,6.961397006956276e-18,p1db,4.878650701772714e-17,1.1011637433093727e-17,1001,1002,-122.63249524909793
493,-0.11742410784833623,7.585824753167058e-18,p1db,4.504340753955725e-17,1.0878752319551455e-17,1002,1003,-122.7276654946797
494,-0.1671171526819677,7.98523297545572e-18,p1db,4.1154754718825125e-17,1.0749842674227451e-17,1003,1004,-122.8673434647946
495,-0.22684435185644247,8.150616704409867e-18,p1db,3.741274217979234e-17,1.0630739148557204e-17,1004,1005,-123.06189980004363
496,-0.29159983357591557,8.080695995462279e-18,p1db,3.418461718104333e-17,1.0526794569357764e-17,1005,1006,-123.32103216850749
497,-0.34601074939049425,7.780941277430215e-18,p1db,3.189389910663502e-17,1.044272128695552e-17,1006,1007,-123.64509946719546
498,-0.3673476262761852,7.262691913973258e-18,p1db,3.092972056891221e-17,1.0382328611434393e-17,1007,1008,-124.01305366728847
499,-0.3407300064744021,6.542641318745011e-18,p1db,3.148480207737381e-17,1.0348252108955791e-17,1008,1009,-124.37979471974784
500,-0.27078133920301184,5.643197244916443e-18,p1db,3.344560956177858e-17,1.0341735924349332e-17,1009,1010,-124.69451368023728
501,-0.1694781114441426,4.594685853260391e-18,p1db,3.6458657778913125e-17,1.0362472486139851e-17,1010,1011,-124.92135739815386
502,-0.02190024866933271,3.442620683689621e-18,p1db,4.0095628420847034e-17,1.0408492948283294e-17,1011,1012,-125.03346990312556
503,0.2843629048740084,2.277354339273738e-18,p1db,4.396923837955768e-17,1.047616908931279e-17,1012,1013,-124.96515789549252
504,0.6896016184160558,1.4020361699598912e-18,p1db,4.776813813551771e-17,1.0560470560217004e-17,1013,1014,-124.46474409337755
505,0.6277360747710716,1.6277284590329916e-18,p1db,5.1250722005125454e-17,1.0655586312711832e-17,1014,1015,-123.58595465866041
506,0.25149067673483216,2.68872676129725e-18,p1db,5.42303713280855e-17,1.0755798736988385e-17,1015,1016,-123.2092719438354
507,0.08798520781233776,3.9004761320198965e-18,p1db,5.656426132476461e-17,1.0856232863936079e-17,1016,1017,-123.08297330519075
508,0.03422450677359734,5.067510916282162e-18,p1db,5.814751187345617e-17,1.0953074685044072e-17,1017,1018,-123.03330152821073
509,0.010077268087535174,6.11378146355873e-18,p1db,5.891128462497637e-17,1.1043196382157216e-17,1018,1019,-123.01452429164355
510,-0.005442584955481777,6.991765017152392e-18,p1db,5.882288063932357e-17,1.1123599342427123e-17,1019,1020,-123.01314699203566
511,-0.019063331194615785,7.666631737456401e-18,p1db,5.788606909149993e-17,1.1191238736442647e-17,1020,1021,-123.02540946155452
512,-0.033637249019612625,8.113353983173521e-18,p1db,5.614062151120126e-17,1.1243430659442027e-17,1021,1022,-123.05127365442489
513,-0.05099506115017505,8.316647001616126e-18,p1db,5.366143404306244e-17,1.1278478118970523e-17,1022,1023,-123.09268395959374
514,-0.0729278517292613,8.271286737709498e-18,p1db,5.055901203831694e-17,1.129593208796575e-17,1023,1024,-123.15326377672524
515,-0.10144569424287653,7.981966044830569e-18,p1db,4.6983439402210227e-17,1.1296248109283691e-17,1024,1025,-123.23853966305226
516,-0.13839807856052033,7.462428374814363e-18,p1db,4.313305303925818e-17,1.1280164651171123e-17,1025,1026,-123.35615516521099
517,-0.1839283135589369,6.7340755537125174e-18,p1db,3.926730072576554e-17,1.1248373368518702e-17,1026,1027,-123.5153358201733
518,-0.2324727906236106,5.824812536779398e-18,p1db,3.5719421728675716e-17,1.120177481344102e-17,1027,1028,-123.72401179232887
519,-0.26450331541025207,4.769679645146218e-18,p1db,3.289378565415003e-17,1.1142103722294493e-17,1028,1029,-123.98028140142053
520,-0.2306505380402868,3.61703489754429e-18,p1db,3.121358908637035e-17,1.107240470059394e-17,1029,1030,-124.25301842314937
521,-0.012793437320873124,2.456231781982794e-18,p1db,3.098885840171908e-17,1.0996937241930657e-17,1030,1031,-124.4415824775011
522,0.3710999655250049,1.5595036762091512e-18,p1db,3.226361395190615e-17,1.0920458205573154e-17,1031,1032,-124.27860529779112
523,0.39895712579764364,1.655864530903629e-18,p1db,3.479127306076939e-17,1.0847208742021352e-17,1032,1033,-123.69938254645109
524,0.10850581505935963,2.6433398697076674e-18,p1db,3.81671426258961e-17,1.0780123597525527e-17,1033,1034,-123.48069104619583
525,-0.023590891987588236,3.8387884055434e-18,p1db,4.197680679691605e-17,1.0720700777031898e-17,1034,1035,-123.48237091633237
526,-0.04482207232422297,5.01376069385065e-18,p1db,4.5867181258594377e-17,1.066963215086163e-17,1035,1036,-123.527872830171
527,-0.038514337099343265,6.083366710921888e-18,p1db,4.955720946318824e-17,1.0627825460420749e-17,1036,1037,-123.57201506098082
528,-0.027052199580474223,6.996488299595982e-18,p1db,5.2827886561112386e-17,1.0597104289833717e-17,1037,1038,-123.60490150436969
529,-0.016500951340866266,7.714762426177779e-18,p1db,5.551149051577368e-17,1.0579963004873244e-17,1038,1039,-123.62611946014177
530,-0.008473073945872045,8.208344838285945e-18,p1db,5.748443617633347e-17,1.057838466466459e-17,1039,1040,-123.63790340705143
531,-0.0032032326923570054,8.455964341434778e-18,p1db,5.866268959412021e-17,1.0592539796163003e-17,1040,1041,-123.64306560803351
532,-0.0004890468776181933,8.446194366829817e-18,p1db,5.899846083956714e-17,1.062044294242767e-17,1041,1042,-123.64430987243614
533,-3.367916799135173e-05,8.17871261030433e-18,p1db,5.847815134737097e-17,1.0658932821690681e-17,1042,1043,-123.64404370178875
534,-0.0014817793504704468,7.66489224546695e-18,p1db,5.71220600762382e-17,1.0705201459685639e-17,1043,1044,-123.64437723077212
535,-0.004041916102920595,6.9274454075486866e-18,p1db,5.498571711585504e-17,1.0757639729167298e-17,1044,1045,-123.64700726048969
536,-0.005242416493089763,5.999459339651925e-18,p1db,5.216203957657756e-17,1.0815453333041162e-17,1045,1046,-123.65246106297796
537,0.002837507069273215,4.924405937197235e-18,p1db,4.878397503947206e-17,1.087761207351611e-17,1046,1047,-123.65749209347587
538,0.04642311303341273,3.761784807158992e-18,p1db,4.5028738814283746e-17,1.0942162848491544e-17,1047,1048,-123.64678604883942
539,0.20192669891229542,2.6159816870088853e-18,p1db,4.112572799653705e-17,1.1006467698847836e-17,1048,1049,-123.56464586740904
540,0.4278850171124233,1.767152137694512e-18,p1db,3.736864412826417e-17,1.1068106040617883e-17,1049,1050,-123.24293265101483
541,0.3316501788500048,1.836813650600278e-18,p1db,3.412485749725704e-17,1.1125720437666646e-17,1050,1051,-122.7088758331842
542,-0.030214902716267034,2.7469163865867785e-18,p1db,3.1817245768153764e-17,1.1179218735983969e-17,1051,1052,-122.57963229331482
543,-0.2454824003219187,3.894351301949083e-18,p1db,3.083630906517568e-17,1.1229224632589596e-17,1052,1053,-122.76930563861673
544,-0.3040525305121804,5.0392890356379745e-18,p1db,3.138033680363945e-17,1.1276118931021597e-17,1053,1054,-123.07059709395865
545,-0.2847484741832744,6.0913288124005534e-18,p1db,3.334260058227172e-17,1.1319200826466181e-17,1054,1055,-123.37741069964109
546,-0.23386665599488055,6.99920740248913e-18,p1db,3.63717776718219e-17,1.1356383207879655e-17,1055,1056,-123.6400940423252
547,-0.17840892495670602,7.725717197871276e-18,p1db,4.0035110582714885e-17,1.1384520510795982e-17,1056,1057,-123.84514401163085
548,-0.1299136557991929,8.24157913944575e-18,p1db,4.393717476178794e-17,1.1400132583919068e-17,1057,1058,-123.99691189223861
549,-0.09077816183975784,8.52440574314451e-18,p1db,4.7759050465261814e-17,1.1400117776455201e-17,1058,1059,-124.10497132322924
550,-0.05973103999587437,8.559294224787893e-18,p1db,5.125495084759601e-17,1.1382144847259399e-17,1059,1060,-124.17846821591813
551,-0.03452407524186185,8.339865704504517e-18,p1db,5.423782854427287e-17,1.1344722623838037e-17,1060,1061,-124.22443340322098
552,-0.01271101913143724,7.869375887198545e-18,p1db,5.656677124458519e-17,1.1287241652625046e-17,1061,1062,-124.24751636640185
553,0.008600659845605207,7.161919140855354e-18,p1db,5.813940880232799e-17,1.1210290992386515e-17,1062,1063,-124.24985544148386
554,0.034002107323388486,6.243968092637052e-18,p1db,5.888889815655607e-17,1.111622470282037e-17,1063,1064,-124.23031504671064
555,0.0735525147741285,5.157149745900423e-18,p1db,5.878367474710878e-17,1.1009580354138444e-17,1064,1065,-124.18185122683708
556,0.15500082656031822,3.966238354159376e-18,p1db,5.782808362062948e-17,1.0896913434867795e-17,1065,1066,-124.08321001716239
557,0.34863467994266983,2.790510439674623e-18,p1db,5.60627711646976e-17,1.0785969680475836e-17,1066,1067,-123.87184957371645
558,0.601420056429042,1.9345314579944326e-18,p1db,5.3564681661065184e-17,1.0684553576989006e-17,1067,1068,-123.38594065727705
559,0.5523918895644329,2.009312134665199e-18,p1db,5.044738330461426e-17,1.0599590902423675e-17,1068,1069,-122.66900946085836
560,0.2423813028479671,2.923570408510812e-18,p1db,4.686337429385016e-17,1.0536648654945415e-17,1069,1070,-122.28115687814818
561,0.020841103633401303,4.0795288154182234e-18,p1db,4.301073214435379e-17,1.0499828501772422e-17,1070,1071,-122.18424685516243
562,-0.10920218779484969,5.225270606539966e-18,p1db,3.914571432306292e-17,1.049179717442425e-17,1071,1072,-122.23947467088138
563,-0.2103504403459553,6.265842549154297e-18,p1db,3.559807888932911e-17,1.051380578862307e-17,1072,1073,-122.40265123075213
564,-0.2960670514970829,7.151330177052273e-18,p1db,3.2772527256610645e-17,1.0565689432254965e-17,1073,1074,-122.66017555157329
565,-0.35425823141772383,7.849135614158386e-18,p1db,3.1097966257304974e-17,1.064587305795489e-17,1074,1075,-122.9947853337463
566,-0.36753191876687197,8.336220471236349e-18,p1db,3.089068310224115e-17,1.075136751476171e-17,1075,1076,-123.36869201440874
567,-0.33417223891674297,8.59673979508983e-18,p1db,3.219355635054547e-17,1.0877727218088758e-17,1076,1077,-123.72984917128004
568,-0.27227482342700426,8.621478673441127e-18,p1db,3.475081233056019e-17,1.1018995903380059e-17,1077,1078,-124.03703649224222
569,-0.20388642812740443,8.407903558829897e-18,p1db,3.814800407804966e-17,1.11677423786378e-17,1078,1079,-124.27439881813405
570,-0.14149576549741028,7.960359309957311e-18,p1db,4.1966157095738056e-17,1.1315323241243334e-17,1079,1080,-124.44480934849703
571,-0.08724047683178071,7.29042852420161e-18,p1db,4.585316788046252e-17,1.1452468316668598e-17,1080,1081,-124.55739034912887
572,-0.036595690447569496,6.4180351198304674e-18,p1db,4.953213189510246e-17,1.1570158626859994e-17,1081,1082,-124.61929030216059
573,0.021347864881107625,5.374708971241428e-18,p1db,5.27885837289706e-17,1.1660597296356457e-17,1082,1083,-124.630581730024
574,0.1125391135273972,4.212812147282268e-18,p1db,5.545760845190153e-17,1.171797395962383e-17,1083,1084,-124.57659457239838
575,0.30066654781698077,3.0355808614832888e-18,p1db,5.741607765569315e-17,1.1738811670069141e-17,1084,1085,-124.40550350296921
576,0.5747993053521512,2.1114411547948757e-18,p1db,5.857930043048609e-17,1.172194608735483e-17,1085,1086,-123.97526147676442
577,0.6000036131603679,2.043390269560282e-18,p1db,5.889988125490876e-17,1.1668416343364564e-17,1086,1087,-123.25590489226491
578,0.34089395277611345,2.908466718893053e-18,p1db,5.836680136902833e-17,1.1581508659729324e-17,1087,1088,-122.77525425044368
579,0.13890331660878275,4.096077079947186e-18,p1db,5.70039280977426e-17,1.1466875849746096e-17,1088,1089,-122.57411698671268
580,0.04491207272050701,5.298137055788612e-18,p1db,5.486867926241704e-17,1.1332355149552756e-17,1089,1090,-122.49744761722611
581,-0.00924380985912876,6.396567935083595e-18,p1db,5.2052453560997295e-17,1.1187165776099341e-17,1090,1091,-122.48429284127167
582,-0.05282717203548515,7.330499071381005e-18,p1db,4.868416510740053e-17,1.104059892040275e-17,1091,1092,-122.51593523694437
583,-0.09793308917112853,8.061721164512307e-18,p1db,4.493736272588682e-17,1.0900751282612492e-17,1092,1093,-122.58994718534264
584,-0.15055387581929125,8.565119457774922e-18,p1db,4.1040809929449494e-17,1.077390539676033e-17,1093,1094,-122.71180141528663
585,-0.21245995788459737,8.825628947948785e-18,p1db,3.729117571494522e-17,1.0664769191569753e-17,1094,1095,-122.89105493698122
586,-0.2786379819341036,8.837167388913153e-18,p1db,3.40603467754803e-17,1.057725056820089e-17,1095,1096,-123.13672133105582
587,-0.33361493584247626,8.602137925336523e-18,p1db,3.1773218247008546e-17,1.0515123861810626e-17,1096,1097,-123.44833090084943
588,-0.3547590673211829,8.130979732261075e-18,p1db,3.081593913626506e-17,1.048202190567729e-17,1097,1098,-123.80395120274078
589,-0.32751132996878596,7.441688624383276e-18,p1db,3.1377050685374796e-17,1.0480613830589482e-17,1098,1099,-124.1578490354918
590,-0.25700176152509613,6.559771870385924e-18,p1db,3.334222295640829e-17,1.051138719821101e-17,1099,1100,-124.45897386267835
591,-0.15719180106828645,5.520055854846141e-18,p1db,3.636060724621158e-17,1.0571811973803194e-17,1100,1101,-124.67185255854199
592,-0.025507180624352088,4.374179950681413e-18,p1db,4.000576457539179e-17,1.0656531489561017e-17,1101,1102,-124.77335746481492
593,0.18162450021247167,3.216989488557469e-18,p1db,4.388870058831244e-17,1.075860323851107e-17,1102,1103,-124.72286691979069
594,0.467695153062742,2.2823138719896746e-18,p1db,4.7693671991286217e-17,1.0871099946824289e-17,1103,1104,-124.41010846438998
595,0.5528102791607168,2.1033770958343202e-18,p1db,5.1175056926978e-17,1.0988128012286242e-17,1104,1105,-123.7874766136652
596,0.35248396619395095,2.864278194332806e-18,p1db,5.4145296277501964e-17,1.1104776543983203e-17,1105,1106,-123.30448790606854
597,0.16205161486590924,4.023748743091065e-18,p1db,5.646432383326156e-17,1.1216364334070473e-17,1106,1107,-123.0825086812773
598,0.07598868130627068,5.241760687192578e-18,p1db,5.803201984594254e-17,1.1317909538106146e-17,1107,1108,-122.98038467633673
599,0.03614853033334242,6.380351835873933e-18,p1db,5.878347702875433e-17,1.1404496131162237e-17,1108,1109,-122.93053131866476
600,0.01329960371652561,7.366614757606546e-18,p1db,5.868699489510445e-17,1.1472341003317937e-17,1109,1110,-122.90808761567004
601,-0.0037292741832999354,8.153072328320373e-18,p1db,5.7744399407308e-17,1.1519666791179334e-17,1110,1111,-122.90393211123171
602,-0.019988033636515468,8.707279487531257e-18,p1db,5.599260952937214e-17,1.1546610463336463e-17,1111,1112,-122.91554616403664
603,-0.03842306525341854,9.008928624650337e-18,p1db,5.350533819213219e-17,1.155421548291793e-17,1112,1113,-122.94390817850474
604,-0.061243078804771756,9.048880208803642e-18,p1db,5.039478404377521e-17,1.15433069448099e-17,1113,1114,-122.99239229454348
605,-0.09038306596581691,8.828533804847536e-18,p1db,4.681449134394851e-17,1.1514100396180713e-17,1114,1115,-123.06639433611429
606,-0.12738814962580136,8.35916404134584e-18,p1db,4.296534965111286e-17,1.1466774633263059e-17,1115,1116,-123.17315842647511
607,-0.17221647894417913,7.661282455390542e-18,p1db,3.910617921922333e-17,1.1402510257389091e-17,1116,1117,-123.32117063536589
608,-0.21969206651148454,6.764423792741246e-18,p1db,3.5566444811719385e-17,1.1324216210984755e-17,1117,1118,-123.51759138436347
609,-0.2524377054534668,5.708513083621125e-18,p1db,3.274647742357329e-17,1.1236457404631767e-17,1118,1119,-123.76055476838886
610,-0.2317866074501609,4.550261476934747e-18,p1db,3.1069077956661685e-17,1.1144652261633242e-17,1119,1120,-124.0224667952704
611,-0.09300553993939786,3.3865817176314137e-18,p1db,3.084815012381911e-17,1.1054027671264572e-17,1120,1121,-124.22412798328918
612,0.1757692051247446,2.4377036763264857e-18,p1db,3.213078534975793e-17,1.0968885018677223e-17,1121,1122,-124.2084778751492
613,0.3159688196870931,2.1883595652013437e-18,p1db,3.466777944123547e-17,1.0892467895548667e-17,1122,1123,-123.87258957303969
614,0.19657023907484472,2.8635768853816266e-18,p1db,3.804815552914403e-17,1.0827314025783797e-17,1123,1124,-123.57654023577501
615,0.05598832331963166,3.982513161520563e-18,p1db,4.1853134100976334e-17,1.0775670357924194e-17,1124,1125,-123.47944909489
616,0.004543550897942339,5.192049656028274e-18,p1db,4.573034176372858e-17,1.0739553502413783e-17,1125,1126,-123.46456358913575
617,-0.006151328732329375,6.343718203528743e-18,p1db,4.940382744410146e-17,1.072037092489378e-17,1126,1127,-123.47036199309412
618,-0.004135561298653556,7.358721998907672e-18,p1db,5.2660932604637925e-17,1.0718448525080999e-17,1127,1128,-123.47686624660041
619,0.0008745353153258861,8.183778391001758e-18,p1db,5.5338006605309846e-17,1.0732955553119862e-17,1128,1129,-123.47863311569142
620,0.0055708358425476945,8.779966025887405e-18,p1db,5.731140021210847e-17,1.0762379002250656e-17,1129,1130,-123.47511717596976
621,0.008763804624557281,9.120709282874224e-18,p1db,5.849368660134957e-17,1.080515267582063e-17,1130,1131,-123.46749144400633
622,0.009992219164729477,9.192041038180159e-18,p1db,5.883317879740077e-17,1.0859862111411733e-17,1131,1132,-123.45758956672064
623,0.00913306399061753,8.99275381305077e-18,p1db,5.831473089030873e-17,1.0924866563356208e-17,1132,1133,-123.44750700567687
624,0.006403758081390265,8.533734586400613e-18,p1db,5.696032964278044e-17,1.0997768207496998e-17,1133,1134,-123.43932343873941
625,0.0026271891694449323,7.836801585260832e-18,p1db,5.4828774382692904e-17,1.1075276840208972e-17,1134,1135,-123.43469948951409
626,-1.4623788260337278e-06,6.934042258810867e-18,p1db,5.201490670061256e-17,1.1153586729225233e-17,1135,1136,-123.43406906040052
627,0.004288146382734226,5.869251194181129e-18,p1db,4.865021618450284e-17,1.1228944401837769e-17,1136,1137,-123.43470241427174
628,0.031038724242840487,4.7048454948817425e-18,p1db,4.490744801961034e-17,1.1298087942485998e-17,1137,1138,-123.42549276763505
629,0.11599853459111387,3.545255943605049e-18,p1db,4.101117844756339e-17,1.135852336011127e-17,1138,1139,-123.37262496578606
630,0.25931329501021594,2.6121595826547606e-18,p1db,3.725325301051363e-17,1.1408745007963623e-17,1139,1140,-123.19349569845282
631,0.26149249054251555,2.3484336010973024e-18,p1db,3.4003885429711586e-17,1.1448386697096305e-17,1140,1141,-122.85399837576563
632,0.03819976639137934,2.9585465191188376e-18,p1db,3.169186882437446e-17,1.147814681397724e-17,1141,1142,-122.67051071736779
633,-0.17832381054746804,4.018942876826362e-18,p1db,3.0711703042406416e-17,1.1499378628075959e-17,1142,1143,-122.77759884298287
634,-0.261552125730411,5.185675245715278e-18,p1db,3.125947108118449e-17,1.151343288931114e-17,1143,1144,-123.02715833846273
635,-0.2563662966787916,6.308703934639051e-18,p1db,3.322262295813615e-17,1.1521002385453029e-17,1144,1145,-123.30070309444369
636,-0.2131840163817884,7.311471305328537e-18,p1db,3.624757797769879e-17,1.1521737950343395e-17,1145,1146,-123.53989093182031
637,-0.1622320559008159,8.143594550859802e-18,p1db,3.990525343741807e-17,1.1514295133201855e-17,1146,1147,-123.72707112720727
638,-0.11638926459890797,8.766843909069019e-18,p1db,4.380589443667395e-17,1.1496791285063447e-17,1147,1148,-123.86435504362194
639,-0.07863632308201574,9.151715519758716e-18,p1db,4.7633423710156925e-17,1.1467472702953481e-17,1148,1149,-123.95984965640508
640,-0.04804979947661536,9.277775622441374e-18,p1db,5.1140164146770657e-17,1.1425299581345082e-17,1149,1150,-124.02162768978597
641,-0.02269609375230175,9.135213176185395e-18,p1db,5.413399384227434e-17,1.137022894188707e-17,1150,1151,-124.05594925535831
642,-0.0004868216710534057,8.726258692214883e-18,p1db,5.646918912468719e-17,1.1303187761831298e-17,1151,1152,-124.06701987729058
643,0.021011430228426775,8.065874775381506e-18,p1db,5.804176134751018e-17,1.1225936850797164e-17,1152,1153,-124.05692289870042
644,0.04554378915858592,7.182112922062203e-18,p1db,5.87870131817989e-17,1.1141074222303285e-17,1153,1154,-124.02499701683372
645,0.08052261466259836,6.1179137142345405e-18,p1db,5.86773543876992e-17,1.1052264106300101e-17,1154,1155,-123.96583532038325
646,0.1428227446356516,4.938540398443399e-18,p1db,5.77200125572992e-17,1.0964496475805699e-17,1155,1156,-123.86395178750853
647,0.26667971593205664,3.7562829499627234e-18,p1db,5.595556038996996e-17,1.0883986549817429e-17,1156,1157,-123.68018983111195
648,0.44733309425446066,2.8055059490460262e-18,p1db,5.345827333006736e-17,1.0817426776465533e-17,1157,1158,-123.33059235564441
649,0.493544699070398,2.5320796676290437e-18,p1db,5.033866436794606e-17,1.0770728871404543e-17,1158,1159,-122.78552364260302
650,0.310128988448902,3.1362092023840322e-18,p1db,4.6748265710077064e-17,1.0747848954830458e-17,1159,1160,-122.34350295750362
651,0.08661186751229621,4.198949146470955e-18,p1db,4.28872745699869e-17,1.0750357520044505e-17,1160,1161,-122.16526566570522
652,-0.06897100969420222,5.364694395978466e-18,p1db,3.901587101443912e-17,1.0777964446042803e-17,1161,1162,-122.17027922247902
653,-0.18550034887444866,6.475002837378433e-18,p1db,3.546670937576421e-17,1.0829561948709524e-17,1162,1163,-122.30320768509362
654,-0.27964176127959917,7.453113814653094e-18,p1db,3.264402955093139e-17,1.0904005523238167e-17,1163,1164,-122.54127992022792
655,-0.3427187436947108,8.253975536581164e-18,p1db,3.09734032917861e-17,1.1000065364503941e-17,1164,1165,-122.86249120765282
656,-0.35906388370393927,8.847528738358785e-18,p1db,3.0768621492737456e-17,1.1115582718410959e-17,1165,1166,-123.22671740761734
657,-0.3276028424998074,9.212706915042515e-18,p1db,3.207397884640401e-17,1.1246432993392886e-17,1166,1167,-123.5806189750607
658,-0.26659133219241227,9.335393962350846e-18,p1db,3.463692189407289e-17,1.1386051703552408e-17,1167,1168,-123.88192309261696
659,-0.19822233698551628,9.208221069396248e-18,p1db,3.80433579134541e-17,1.1525930699068232e-17,1168,1169,-124.11380163944553
660,-0.1352513825064392,8.83137530715005e-18,p1db,4.1870420002216306e-17,1.1656881448936612e-17,1169,1170,-124.27836776658799
661,-0.08021445985199449,8.214008462395548e-18,p1db,4.5760495139896414e-17,1.1770393246897851e-17,1170,1171,-124.3843044044584
662,-0.029353606627083195,7.376209649661985e-18,p1db,4.94332593967507e-17,1.1859407328778987e-17,1171,1172,-124.43879668629198
663,0.02596106804309528,6.35238029672249e-18,p1db,5.2675021898138076e-17,1.1918321698541388e-17,1172,1173,-124.44301161771257
664,0.1028178895230667,5.199178937593677e-18,p1db,5.5325270184892386e-17,1.1942704938111894e-17,1173,1174,-124.38687455020579
665,0.23412050371175042,4.018325148499462e-18,p1db,5.726632504839333e-17,1.1929468143451345e-17,1174,1175,-124.23737583866644
666,0.4289460597778927,3.0243861966074303e-18,p1db,5.841713548635829e-17,1.1877785669196146e-17,1175,1176,-123.91863354278229
667,0.5250746275131277,2.6473881611706073e-18,p1db,5.873070718040983e-17,1.179020374071896e-17,1176,1177,-123.37948371911065
668,0.3989567025438916,3.1742535312289846e-18,p1db,5.819387220255547e-17,1.1672949850806758e-17,1177,1178,-122.86848428775603
669,0.21112161897027448,4.2415711677333605e-18,p1db,5.682797250075595e-17,1.1534928060871736e-17,1178,1179,-122.58157031402287
670,0.09336405953872173,5.453852347375634e-18,p1db,5.4689646200356123e-17,1.1385848780181832e-17,1179,1180,-122.44624104981548
671,0.023215328758091403,6.6205393269620935e-18,p1db,5.187181607966583e-17,1.1234541697441584e-17,1180,1181,-122.39484219494543
672,-0.02944568699411576,7.646988205806254e-18,p1db,4.85057508526516e-17,1.1088285343641447e-17,1181,1182,-122.3998103922993
673,-0.07974713103362063,8.478373155948585e-18,p1db,4.476570820386963e-17,1.095321998923606e-17,1182,1183,-122.45373356893366
674,-0.13544692571535677,9.08106693961523e-18,p1db,4.0877986927512495e-17,1.0835202626323586e-17,1183,1184,-122.55930465436654
675,-0.19947192252207202,9.43574158697261e-18,p1db,3.7134598169758036e-17,1.0740264159667022e-17,1184,1185,-122.72462742036437
676,-0.2676080132920049,9.534024009514693e-18,p1db,3.39040306808739e-17,1.0674197897588514e-17,1185,1186,-122.95824849941069
677,-0.32463852397410164,9.376419976974663e-18,p1db,3.161274829954404e-17,1.0641460241504325e-17,1186,1187,-123.25984344694838
678,-0.3475538540935261,8.971053407878539e-18,p1db,3.065326818364282e-17,1.0644061763413925e-17,1187,1188,-123.60752554735889
679,-0.3214304543728588,8.333354205151437e-18,p1db,3.1218947898571717e-17,1.0681131247893211e-17,1188,1189,-123.95495115513543
680,-0.25201498650758936,7.487056587504765e-18,p1db,3.3192644749468e-17,1.0749343553940085e-17,1189,1190,-124.25038645610461
681,-0.1556448860987416,6.467317759662286e-18,p1db,3.6216031464999855e-17,1.0843795131702618e-17,1190,1191,-124.45898112815061
682,-0.037276456341174935,5.328459822429759e-18,p1db,3.985813391425353e-17,1.0958683796622764e-17,1191,1192,-124.56167622830209
683,0.12258118344972502,4.164769141577456e-18,p1db,4.3731604730355206e-17,1.1087483421053006e-17,1192,1193,-124.53353404083296
684,0.33478535657675934,3.1691448608617835e-18,p1db,4.752642057520801e-17,1.1222878529507052e-17,1193,1194,-124.31651386140264
685,0.4672785203093852,2.727493740788608e-18,p1db,5.1002623239599635e-17,1.1356992019502293e-17,1194,1195,-123.86396332767944
686,0.38851428833323354,3.1530978516119115e-18,p1db,5.397499620191138e-17,1.1482149847274255e-17,1195,1196,-123.38195682078387
687,0.22504798899024792,4.1649348258037564e-18,p1db,5.630166381532989e-17,1.1591880465597573e-17,1196,1197,-123.08693475101298
688,0.1193145480156872,5.370135969005389e-18,p1db,5.78782746290679e-17,1.168159253051261e-17,1197,1198,-122.93186084280337
689,0.06412534962288419,6.563103583029167e-18,p1db,5.863629036523077e-17,1.1748633661727863e-17,1198,1199,-122.8483056549816
690,0.03210759740103697,7.637719280676994e-18,p1db,5.854329196313e-17,1.1791897301542791e-17,1199,1200,-122.8036101435576
691,0.009517973503072596,8.528344176959284e-18,p1db,5.760336953474132e-17,1.181135785718382e-17,1200,1201,-122.78409046017953
692,-0.010047716147369101,9.19049493980256e-18,p1db,5.58565317602818e-17,1.180775880309864e-17,1201,1202,-122.78457419655146
693,-0.03013726410787143,9.595354198866962e-18,p1db,5.337764077033689e-17,1.1782422387833152e-17,1202,1203,-122.80418589247427
694,-0.05337188484681832,9.728306505308111e-18,p1db,5.02768021436858e-17,1.1737083486316762e-17,1203,1204,-122.8448487247672
695,-0.08218508657929391,9.588004525207225e-18,p1db,4.670339874811795e-17,1.1673775098031592e-17,1204,1205,-122.9109296621679
696,-0.11873637318659291,9.184887954335643e-18,p1db,4.2854988973484964e-17,1.1594883194935064e-17,1205,1206,-123.00921889792579
697,-0.16362132870046509,8.539390169527826e-18,p1db,3.899055399658672e-17,1.1503393552021242e-17,1206,1207,-123.14840240854109
698,-0.21236757634929404,7.680884523543311e-18,p1db,3.5443704794205167e-17,1.1403165149124231e-17,1207,1208,-123.33646155532672
699,-0.24919112175975755,6.648987230829982e-18,p1db,3.262040290398135e-17,1.12989857300101e-17,1208,1209,-123.57313756123968
700,-0.24149316262442255,5.5000272102488215e-18,p1db,3.094608861600891e-17,1.1196274112704172e-17,1209,1210,-123.83484379884624
701,-0.1440864022106041,4.3261926898255525e-18,p1db,3.073148562281077e-17,1.1100491609088146e-17,1210,1211,-124.05612388648852
702,0.05998214029084181,3.308708592661222e-18,p1db,3.201785749021984e-17,1.1016470865886887e-17,1211,1212,-124.12301660326744
703,0.2386044935044751,2.8074105764176786e-18,p1db,3.4554170868584677e-17,1.0947906741793048e-17,1212,1213,-123.93615960590684
704,0.23005663469708537,3.1514797362607782e-18,p1db,3.7933116584697024e-17,1.0897193068448252e-17,1213,1214,-123.6458076162585
705,0.11995411903932762,4.114489724659425e-18,p1db,4.174046537575245e-17,1.086564671912906e-17,1214,1215,-123.47604633651267
706,0.05021820619079875,5.303537769502105e-18,p1db,4.5624823148408224e-17,1.08539575427069e-17,1215,1216,-123.40589937817984
707,0.024169385505572905,6.5020015449649736e-18,p1db,4.9306962157128546e-17,1.0862530266609359e-17,1216,1217,-123.37560992413107
708,0.01685236585569072,7.598824822924296e-18,p1db,5.256921961208669e-17,1.089140144099171e-17,1217,1218,-123.3575606071687
709,0.01584094533716751,8.525427846821505e-18,p1db,5.5244652623233194e-17,1.0939709974682274e-17,1218,1219,-123.34190519241969
710,0.016284431025262336,9.233435288606396e-18,p1db,5.721005385833348e-17,1.100512013230305e-17,1219,1220,-123.32587871649436
711,0.016423521705448252,9.688183546980003e-18,p1db,5.838162220712586e-17,1.1083764114499731e-17,1220,1221,-123.30933633036916
712,0.015650369977642242,9.867813378437272e-18,p1db,5.871194096151316e-17,1.1170924528201761e-17,1221,1222,-123.29303167308346
713,0.013725021261159043,9.76409753264111e-18,p1db,5.818808143790566e-17,1.1262044592262312e-17,1222,1223,-123.27803559041388
714,0.010564039234701283,9.38311848973756e-18,p1db,5.6831131604689e-17,1.1353341940009591e-17,1223,1224,-123.26558163056114
715,0.006424451270980569,8.744936610454731e-18,p1db,5.469702757869067e-17,1.1441656070129799e-17,1224,1225,-123.25690751194448
716,0.002516173399030208,7.882563918232582e-18,p1db,5.18782298008131e-17,1.152384853105071e-17,1225,1226,-123.25273272801918
717,0.0024253240372331675,6.841963848822302e-18,p1db,4.850633744130082e-17,1.1596445333916432e-17,1226,1227,-123.25187516514642
718,0.015352356296567393,5.6865997621771874e-18,p1db,4.4756855366740724e-17,1.1655970214281463e-17,1227,1228,-123.24788207994472
719,0.060602474097898096,4.514234268605421e-18,p1db,4.085788087865017e-17,1.1699837468335466e-17,1228,1229,-123.22117045255328
720,0.1477321972532124,3.503845725886025e-18,p1db,3.710280313338524e-17,1.1727227545805993e-17,1229,1230,-123.12667713174892
721,0.18514645714616762,2.987141969114164e-18,p1db,3.3859836347547676e-17,1.1739340768889311e-17,1230,1231,-122.92570605804686
722,0.06332389541798022,3.267147075522503e-18,p1db,3.155357052841153e-17,1.1738798374787783e-17,1231,1232,-122.75638421745658
723,-0.1202182346797187,4.16286205453544e-18,p1db,3.057605442442612e-17,1.1728489392056246e-17,1232,1233,-122.7990582672109
724,-0.21868597211918228,5.30618037938559e-18,p1db,3.1125289340743904e-17,1.1710507963894887e-17,1233,1234,-122.99682068681602
725,-0.2275516157009534,6.477797908427074e-18,p1db,3.3092122018150175e-17,1.1685750960222862e-17,1234,1235,-123.23643021144926
726,-0.19208739954163434,7.56390211449419e-18,p1db,3.612283835412379e-17,1.1654289123469642e-17,1235,1236,-123.45192391821793
727,-0.1450604163422753,8.495569081571981e-18,p1db,3.978413461694353e-17,1.1616105216496826e-17,1236,1237,-123.62060501053253
728,-0.10132452099323785,9.224748444599496e-18,p1db,4.36815798416074e-17,1.1571584406086843e-17,1237,1238,-123.74204475090248
729,-0.06495388147753545,9.716123595364933e-18,p1db,4.749762926403766e-17,1.1521398991393763e-17,1238,1239,-123.823254052519
730,-0.03554228222314748,9.94476905350888e-18,p1db,5.0987459270171983e-17,1.1465976413381552e-17,1239,1240,-123.87195251385755
731,-0.01130890087906522,9.896144992898368e-18,p1db,5.3964422202871625e-17,1.1405175717100375e-17,1240,1241,-123.8943386169653
732,0.009846110622270032,9.567272109916843e-18,p1db,5.628775983720494e-17,1.1338742582845323e-17,1241,1242,-123.89457031561568
733,0.03025455344635475,8.968544221437533e-18,p1db,5.785542737811175e-17,1.1267512341676946e-17,1242,1243,-123.87464639572076
734,0.053022813340135144,8.12581861098401e-18,p1db,5.860122862500406e-17,1.1194601010654587e-17,1243,1244,-123.83406120872297
735,0.08348879758488437,7.083138152580004e-18,p1db,5.849435184577608e-17,1.1125591131959993e-17,1244,1245,-123.76860076904049
736,0.1323468432338828,5.908577871502096e-18,p1db,5.753963107515566e-17,1.106728375985303e-17,1245,1246,-123.6670836135532
737,0.21885068976966693,4.710905726583518e-18,p1db,5.577768399873559e-17,1.1025605415117928e-17,1246,1247,-123.50390708257272
738,0.3477697750593478,3.684529474764503e-18,p1db,5.328485928361088e-17,1.1003936835576729e-17,1247,1248,-123.22938223401387
739,0.4231580101538128,3.169384460823082e-18,p1db,5.017365380733371e-17,1.1002862146760446e-17,1248,1249,-122.80836753245403
740,0.3300626305626153,3.4519570580566027e-18,p1db,4.659519732611735e-17,1.1021293141989018e-17,1249,1250,-122.38306621370624
741,0.13872302452122653,4.3412073933662524e-18,p1db,4.274617459773698e-17,1.1057973830756035e-17,1250,1251,-122.1482422713288
742,-0.029804952800105866,5.470322614859065e-18,p1db,3.8881803575791173e-17,1.1112275526815274e-17,1251,1252,-122.10562016466379
743,-0.16061423156340737,6.618960254495913e-18,p1db,3.5331647048541595e-17,1.1183906348551433e-17,1252,1253,-122.20785217692901
744,-0.26428347487925663,7.674333751425867e-18,p1db,3.250162472816315e-17,1.1271990782609774e-17,1253,1254,-122.4268486277906
745,-0.3332287396772955,8.571465585950115e-18,p1db,3.082342354550914e-17,1.1374296417917355e-17,1254,1255,-122.73641912668752
746,-0.35262011100419244,9.268134883697621e-18,p1db,3.061621705359298e-17,1.1487091052982123e-17,1255,1256,-123.0933061071452
747,-0.32223922572295294,9.73562664954215e-18,p1db,3.1923233835584986e-17,1.160555303568621e-17,1256,1257,-123.44165934869591
748,-0.26143022193905807,9.95527368884914e-18,p1db,3.448622233826495e-17,1.172428227315757e-17,1257,1258,-123.7377845585911
749,-0.19318385310746322,9.917096158895563e-18,p1db,3.788801158050342e-17,1.1837510036158959e-17,1258,1259,-123.96451979257402
750,-0.13057828803803773,9.619349069682404e-18,p1db,4.1708367389370136e-17,1.1938991207508212e-17,1259,1260,-124.12415226480603
751,-0.07630685624282307,9.068909032013085e-18,p1db,4.5595130983452484e-17,1.2021945912860189e-17,1260,1261,-124.2256763686501
752,-0.027042073043709536,8.282992296278232e-18,p1db,4.9271736636472213e-17,1.2079467195701076e-17,1261,1262,-124.27676597729167
753,0.024351775589977365,7.293119990305657e-18,p1db,5.2523987468390076e-17,1.2105477371797945e-17,1262,1263,-124.27976051473752
754,0.0901856103123535,6.153371112087447e-18,p1db,5.518716545619057e-17,1.209589004744348e-17,1263,1264,-124.22806242611172
755,0.19122851005246844,4.958952642327866e-18,p1db,5.713855197581131e-17,1.204948382131403e-17,1264,1265,-124.09938929411281
756,0.3402647398214711,3.8910564850801594e-18,p1db,5.829435025860348e-17,1.1968200332179962e-17,1265,1266,-123.84560540600678
757,0.45757561383695844,3.2871110740273757e-18,p1db,5.860850780236888e-17,1.1856894773113946e-17,1266,1267,-123.41885981446987
758,0.41626987976621876,3.491068801135529e-18,p1db,5.807137404358978e-17,1.1722721885972634e-17,1267,1268,-122.93045417833287
759,0.2658014327378311,4.371359843219563e-18,p1db,5.670763367740089e-17,1.1574318983070267e-17,1268,1269,-122.58632005493743
760,0.13768820330092524,5.5371767224191134e-18,p1db,5.457461238376595e-17,1.1420909036057335e-17,1269,1270,-122.3988513128572
761,0.05458750617036401,6.7352353495225065e-18,p1db,5.1762741935087426e-17,1.1271468448241042e-17,1270,1271,-122.31094364833558
762,-0.00640668922072507,7.834955674325943e-18,p1db,4.8399399319982016e-17,1.1134111306025627e-17,1271,1272,-122.28967630051648
763,-0.06214975874692641,8.76258526706542e-18,p1db,4.465640095083107e-17,1.1015765502254032e-17,1272,1273,-122.32375702677703
764,-0.12189088057653663,9.47226836647781e-18,p1db,4.076100647137231e-17,1.0922102399808978e-17,1273,1274,-122.41397581801033
765,-0.18921135748227869,9.93532130056565e-18,p1db,3.700921734315904e-17,1.0857609525438028e-17,1274,1275,-122.5675387879301
766,-0.2600235539540421,1.0136193938416948e-17,p1db,3.377388766240046e-17,1.0825665933194316e-17,1275,1276,-122.79239853297489
767,-0.3190789166711383,1.0070691332393708e-17,p1db,3.148295847315865e-17,1.0828463566905118e-17,1276,1277,-123.08758589583819
768,-0.34352664951047274,9.74477961704376e-18,p1db,3.0526457942185796e-17,1.086666353720647e-17,1277,1278,-123.43055636631716
769,-0.3189167048618984,9.173593272006741e-18,p1db,3.1094318049913873e-17,1.0938854654068314e-17,1278,1279,-123.77463919485913
770,-0.2517667907614296,8.381153079220202e-18,p1db,3.30693504185298e-17,1.1041120257434819e-17,1279,1280,-124.06838977604096
771,-0.16002200883743,7.402096505264598e-18,p1db,3.6096358239853877e-17,1.1167094718258288e-17,1280,1281,-124.278172776382
772,-0.053083418931827,6.287891479447596e-18,p1db,3.97463444023618e-17,1.1308657789122217e-17,1281,1282,-124.38843379371582
773,0.07790961424531417,5.123170187815219e-18,p1db,4.3629894459796514e-17,1.1457012696930934e-17,1282,1283,-124.38433961424565
774,0.24520097785561035,4.065575274010897e-18,p1db,4.743186182516768e-17,1.1603655535798312e-17,1283,1284,-124.23261456522519
775,0.39025380305525204,3.4124435246223722e-18,p1db,5.0907462132866106e-17,1.174088293693127e-17,1284,1285,-123.89393765853443
776,0.3926670022222041,3.509913946778836e-18,p1db,5.3870060002481814e-17,1.1861890302387486e-17,1285,1286,-123.45210695911469
777,0.2738427026753527,4.313550131908773e-18,p1db,5.61806915327491e-17,1.1960838802483618e-17,1286,1287,-123.10860365409002
778,0.1605046680971114,5.462917478313512e-18,p1db,5.774054340292206e-17,1.2033227858725474e-17,1287,1288,-122.90442155376398
779,0.09220001516744247,6.686673725418743e-18,p1db,5.848607822808264e-17,1.2076518661197273e-17,1288,1289,-122.7875943178958
780,0.05221127640041345,7.835791603530291e-18,p1db,5.838674303787187e-17,1.2090549745767381e-17,1289,1290,-122.7200215234291
781,0.025357279006101408,8.822785246221654e-18,p1db,5.744492169818654e-17,1.207726264448886e-17,1290,1291,-122.68317176509497
782,0.0033400386066944066,9.59143890545619e-18,p1db,5.569718735162564e-17,1.203970752985153e-17,1291,1292,-122.6693069654169
783,-0.018529289232738222,1.0105386720380814e-17,p1db,5.321595724509866e-17,1.1980882397243127e-17,1292,1293,-122.67649168788158
784,-0.04336895256541595,1.034375444379406e-17,p1db,5.011156017677951e-17,1.1903166913614605e-17,1293,1294,-122.70636554388237
785,-0.07366114513123279,1.0299335425510904e-17,p1db,4.65357950560804e-17,1.1808724278607724e-17,1294,1295,-122.76322959301241
786,-0.1114395824629213,9.977624121925786e-18,p1db,4.2688608896071156e-17,1.1700537880671082e-17,1295,1296,-122.85368783414484
787,-0.15735726151069684,9.39604617824351e-18,p1db,3.882901675383747e-17,1.1583273609902721e-17,1296,1297,-122.98610875793825
788,-0.20757730375589034,8.583443705336668e-18,p1db,3.528776007919934e-17,1.1463278459048496e-17,1297,1298,-123.16840235716623
789,-0.24803879287959063,7.580806678213881e-18,p1db,3.2467223052194457e-17,1.1347633660622736e-17,1298,1299,-123.40126336545003
790,-0.25024278920250254,6.445664101771318e-18,p1db,3.079231967153633e-17,1.1242817879785507e-17,1299,1300,-123.66447994292541
791,-0.1782709911543492,5.265645117659845e-18,p1db,3.057756940174925e-17,1.115376154226104e-17,1300,1301,-123.90174894385504
792,-0.01643220062680939,4.193506565301395e-18,p1db,3.1867923878488874e-17,1.108375298103505e-17,1301,1302,-124.02102192523411
793,0.16606223308894386,3.5074088434623914e-18,p1db,3.4410730506048914e-17,1.1035030332085802e-17,1302,1303,-123.93461334510866
794,0.23045579638795033,3.5408371088929204e-18,p1db,3.779297965143092e-17,1.1009409706613922e-17,1303,1304,-123.68889745905622
795,0.16879472013997798,4.2839388472027335e-18,p1db,4.1595960194788635e-17,1.1008312319069226e-17,1304,1305,-123.47370175233276
796,0.09453498810520955,5.401007954927066e-18,p1db,4.546847149104749e-17,1.1032069370002227e-17,1305,1306,-123.35130801877627
797,0.05430709222647323,6.618923407240963e-18,p1db,4.913590332166086e-17,1.1079043752377689e-17,1306,1307,-123.28463177612234
798,0.036860838212625424,7.782991743133382e-18,p1db,5.238673303910992e-17,1.114539294105896e-17,1307,1308,-123.24269383432332
799,0.029682662822821726,8.799984183423406e-18,p1db,5.5058186836283004e-17,1.1225905701642558e-17,1308,1309,-123.21091009969709
800,0.02647251141771534,9.607599372341235e-18,p1db,5.702724730229452e-17,1.1315511696363131e-17,1309,1310,-123.18332850867768
801,0.024278047783141687,1.016361677978342e-17,p1db,5.820687829624458e-17,1.1410459894592451e-17,1310,1311,-123.15796507686166
802,0.02162431599732173,1.0442283489574479e-17,p1db,5.854555669493999e-17,1.1508340172071474e-17,1311,1312,-123.13477241311139
803,0.0177797032081628,1.0432722700615373e-17,p1db,5.80281059459565e-17,1.1606993748133152e-17,1312,1313,-123.11471644486701
804,0.01253693491593566,1.0137786461242197e-17,p1db,5.667629587242231e-17,1.1703221636364138e-17,1313,1314,-123.09921300669507
805,0.0062033023304337576,9.573225835909413e-18,p1db,5.454848356451745e-17,1.1792335162593688e-17,1314,1315,-123.08964257503514
806,-0.00020444624525595145,8.767546262244438e-18,p1db,5.173882910115197e-17,1.186891068160033e-17,1315,1316,-123.0868064020342
807,-0.004263898235549846,7.763294607954476e-18,p1db,4.83780253021208e-17,1.192822615165796e-17,1316,1317,-123.09005146752565
808,-0.0003450818198587058,6.6215558756837676e-18,p1db,4.4638164842770876e-17,1.196747493095449e-17,1317,1318,-123.0953341985053
809,0.023057843154262514,5.434323066271084e-18,p1db,4.0743547959621615e-17,1.1986147565856049e-17,1318,1319,-123.09074163116537
810,0.07603169003914445,4.355292395684972e-18,p1db,3.698617973843673e-17,1.1985581576133283e-17,1319,1320,-123.04921851219677
811,0.11852158863942464,3.650337927084609e-18,p1db,3.373681870732498e-17,1.1968132088952008e-17,1320,1321,-122.93867825108708
812,0.060613391728495,3.63266490844473e-18,p1db,3.142514465865311e-17,1.193648089247848e-17,1321,1322,-122.81217533491792
813,-0.07757625366272691,4.309342609341994e-18,p1db,3.0446526275920734e-17,1.1893338873560147e-17,1322,1323,-122.8174514676301
814,-0.17685844143779406,5.371591137815231e-18,p1db,3.0996879161484645e-17,1.184144472091379e-17,1323,1324,-122.96732784224338
815,-0.19692353993087863,6.552529094413865e-18,p1db,3.296207690881681e-17,1.1783571386597922e-17,1324,1325,-123.17116835050568
816,-0.16997304796563384,7.699192295601186e-18,p1db,3.598697771550639e-17,1.1722329287015738e-17,1325,1326,-123.36117492210514
817,-0.12849937135528933,8.720128543626631e-18,p1db,3.964222816731965e-17,1.1659804882657202e-17,1326,1327,-123.51111444643695
818,-0.08833765155612383,9.552938852627345e-18,p1db,4.353879842826629e-17,1.1597280301058007e-17,1327,1328,-123.61817366481571
819,-0.054212592420739725,1.0152100468694673e-17,p1db,4.736142952667233e-17,1.1535287602946205e-17,1328,1329,-123.6877897495492
820,-0.0261667371033667,1.0485653905489133e-17,p1db,5.086283079589079e-17,1.1474071858859208e-17,1329,1330,-123.7265988496572
821,-0.002854363537188931,1.0535021019758488e-17,p1db,5.3850894692824e-17,1.1414298214611938e-17,1330,1331,-123.74012322375593
822,0.017321578749545097,1.0295426898093132e-17,p1db,5.617997552515286e-17,1.1357662827240417e-17,1331,1332,-123.73230757673157
823,0.03611727786562824,9.776114790128555e-18,p1db,5.774664246698261e-17,1.1307043276502322e-17,1332,1333,-123.70548006625684
824,0.05591913688970607,9.000725462257883e-18,p1db,5.84872733095312e-17,1.1266022464688312e-17,1333,1334,-123.66007302100031
825,0.08075949361980861,8.009112153750462e-18,p1db,5.837546801278763e-17,1.1238000197009976e-17,1334,1335,-123.59364179247743
826,0.11812930590960491,6.862811805674412e-18,p1db,5.741920344662608e-17,1.1225397918665066e-17,1335,1336,-123.4985540337607
827,0.18072619487595887,5.658655962744811e-18,p1db,5.565902052980958e-17,1.1229358913184876e-17,1336,1337,-123.35738318065822
828,0.2766602706541619,4.559849235421397e-18,p1db,5.316839875457213e-17,1.1249914371441776e-17,1337,1338,-123.13710164400878
829,0.35961357066828725,3.841869979349511e-18,p1db,5.005653183004111e-17,1.1286271545500581e-17,1338,1339,-122.8040626393499
830,0.3281933883051167,3.816347709293611e-18,p1db,4.6473380590303914e-17,1.1336988963160288e-17,1339,1340,-122.4178745026722
831,0.17820062816760895,4.483001013561368e-18,p1db,4.26175620251248e-17,1.1400126083328104e-17,1340,1341,-122.14767586273966
832,0.007225521753042585,5.5295198689147846e-18,p1db,3.8747959850400114e-17,1.1473558094021442e-17,1341,1342,-122.06147324633699
833,-0.1354843363145548,6.6853916681188e-18,p1db,3.5196672813727386e-17,1.1555407331015392e-17,1342,1343,-122.13322481923358
834,-0.24783778123744327,7.79793010516557e-18,p1db,3.236871987779519e-17,1.1644210169711309e-17,1343,1344,-122.3324419189661
835,-0.8690099472610697,8.781072151634723e-18,p1db,3.069207888432412e-17,1.1738708871500695e-17,1344,1345,-122.62890038170846
836,-0.6335850788220512,6.0711007515049224e-18,p1db,5.1532683519919503e-17,1.1436229212081879e-17,1375,1376,-124.07046181348824
837,0.2562324575768997,4.7786990430511706e-18,p1db,5.281245518851156e-17,1.1220201038230037e-17,1376,1377,-123.89607053935256
838,0.4140924841915137,3.801471046537938e-18,p1db,5.347561539121385e-17,1.1017094169653358e-17,1377,1378,-123.55799689833444
839,0.45909230985658667,3.58042377552544e-18,p1db,5.349405948728957e-17,1.0839869867907594e-17,1378,1379,-123.06788557096954
840,0.34023631985280645,4.263791581419898e-18,p1db,5.2867417941765977e-17,1.0701300724642599e-17,1379,1380,-122.63981227862126
841,0.18907420049039558,5.4644206219203665e-18,p1db,5.162323743005447e-17,1.0611852005330272e-17,1380,1381,-122.38741293126392
842,0.08593811808617602,6.810242262086996e-18,p1db,4.9818615864909843e-17,1.0577855953555954e-17,1381,1382,-122.26166387764047
843,0.016789254457442837,8.103590956286718e-18,p1db,4.7542404486112744e-17,1.06006511153814e-17,1382,1383,-122.21553669509157
844,-0.03860263719447232,9.238493262403719e-18,p1db,4.4917667624965e-17,1.0677154402378377e-17,1383,1384,-122.22808536872559
845,-0.09065364366788486,1.0151263836644539e-17,p1db,4.210446007652935e-17,1.0801449017889745e-17,1384,1385,-122.29274196948052
846,-0.14337092488386816,1.0801806049625527e-17,p1db,3.930236817110421e-17,1.0966404110661887e-17,1385,1386,-122.40939265606136
847,-0.1959765173067396,1.116645288482714e-17,p1db,3.6749743664631275e-17,1.1164480675043043e-17,1386,1387,-122.57948381924825
848,-0.24277082491938984,1.1234724248893125e-17,p1db,3.4711721318051005e-17,1.1387568477887613e-17,1387,1388,-122.80134569067484
849,-0.27388112519171415,1.1007409096057079e-17,p1db,3.3445043851855056e-17,1.1626392935449497e-17,1388,1389,-123.06502546908703
850,-0.2793169006618186,1.0495354128471622e-17,p1db,3.3135485464303154e-17,1.1870262186800462e-17,1389,1390,-123.34910794105826
851,-0.2547419086771896,9.719198881126353e-18,p1db,3.383228614962417e-17,1.2107598095099194e-17,1390,1391,-123.62365927041067
852,-0.20288389541704532,8.710765205870163e-18,p1db,3.54270971460753e-17,1.232708448219671e-17,1391,1392,-123.85859175841264
853,-0.1275297354105973,7.517552480650416e-18,p1db,3.7696392164006056e-17,1.2518803815281875e-17,1392,1393,-124.02942706124476
854,-0.02415618972439404,6.214135444473918e-18,p1db,4.037216364838994e-17,1.2674739785811434e-17,1393,1394,-124.11365122923384
855,0.12314907193700719,4.9312340262978885e-18,p1db,4.3196717929435734e-17,1.2788507637489015e-17,1394,1395,-124.07773944069355
856,0.2989107053112434,3.923030555729691e-18,p1db,4.5948086717794454e-17,1.2854794083673493e-17,1395,1396,-123.86735308535982
857,0.3806951716488456,3.606669204927062e-18,p1db,4.844521594669656e-17,1.286924452691449e-17,1396,1397,-123.47991803007106
858,0.29914910851140064,4.191385091382313e-18,p1db,5.0544948634867625e-17,1.2829170534392287e-17,1397,1398,-123.10596274206213
859,0.16860400164943457,5.348974670318269e-18,p1db,5.2137875391158105e-17,1.2734734387732513e-17,1398,1399,-122.88161981304826
860,0.08279755305224512,6.698437016629497e-18,p1db,5.314562228635404e-17,1.2589804104419329e-17,1399,1400,-122.76875473876326
861,0.036094118916444984,8.025488911467332e-18,p1db,5.351979652157657e-17,1.2401848742490744e-17,1400,1401,-122.71602470694377
862,0.00880601941468484,9.212434015494987e-18,p1db,5.3241999012922496e-17,1.218088266885523e-17,1401,1402,-122.69656650093037
863,-0.010203987025185768,1.0185574981581095e-17,p1db,5.232421710261068e-17,1.1938043795971666e-17,1402,1403,-122.6984126681144
864,-0.026552614878113445,1.089529500141283e-17,p1db,5.080913588891767e-17,1.1684521833552518e-17,1403,1404,-122.71697447498074
865,-0.04331994153203311,1.1309655325845106e-17,p1db,4.877041056303429e-17,1.1431231495439559e-17,1404,1405,-122.75151789787063
866,-0.062454877777312845,1.1412611736222061e-17,p1db,4.631356281588709e-17,1.1189100225169745e-17,1405,1406,-122.80361435804481
867,-0.08523077825956449,1.1203162597299381e-17,p1db,4.3578362361588163e-17,1.0969421592145704e-17,1406,1407,-122.87642765342525
868,-0.11188563572031995,1.0694154663698905e-17,p1db,4.074267912528646e-17,1.0783666243923095e-17,1407,1408,-122.97407591456394
869,-0.14027520614197186,9.910936378621903e-18,p1db,3.8025399561721837e-17,1.0642506624253843e-17,1408,1409,-123.1001989248659
870,-0.16352173001961745,8.89097502330676e-18,p1db,3.568191386944979e-17,1.0554379942282046e-17,1409,1410,-123.25462632684788
871,-0.1674195644451757,7.686385762882143e-18,p1db,3.3981114580423024e-17,1.0524275611326591e-17,1410,1411,-123.42724238490513
872,-0.129267663280352,6.373285900818898e-18,p1db,3.315438151081397e-17,1.0553294273816935e-17,1411,1412,-123.58946545573824
873,-0.022529951809033832,5.077778605439286e-18,p1db,3.332636089767513e-17,1.063900118264688e-17,1412,1413,-123.68577771146583
874,0.14317386629258522,4.037305396730741e-18,p1db,3.4467902515867614e-17,1.0776143026087397e-17,1413,1414,-123.6345253593563
875,0.24870488845710526,3.6473768048399474e-18,p1db,3.6409350148990677e-17,1.0957264227574441e-17,1414,1415,-123.39942997888066
876,0.20338803894306778,4.1471736489361065e-18,p1db,3.8902207535035807e-17,1.1173070475300083e-17,1415,1416,-123.13711558244209
877,0.09811996851632898,5.2528777053508e-18,p1db,4.168292829305551e-17,1.1412706184434048e-17,1416,1417,-122.99265390099453
878,0.02953875021423613,6.5819798244016216e-18,p1db,4.451062722156095e-17,1.1664206425664366e-17,1417,1418,-122.94087564540943
879,-0.002264532810215769,7.91108997547574e-18,p1db,4.718044472353567e-17,1.1915259262186234e-17,1418,1419,-122.93357640056605
880,-0.015926488291292173,9.117954981217198e-18,p1db,4.952477594847954e-17,1.2154192341230727e-17,1419,1420,-122.94540471102987
881,-0.021946207208081603,1.0126123616516636e-17,p1db,5.1411385250022805e-17,1.2370892066416107e-17,1420,1421,-122.96542937714864
882,-0.025041697719956346,1.088263275465026e-17,p1db,5.2742051112469375e-17,1.255728995976357e-17,1421,1422,-122.98929712544603
883,-0.027248239502789318,1.1350578418748597e-17,p1db,5.3451969106902227e-17,1.2707221124895553e-17,1422,1423,-123.01551277258855
884,-0.029404484621018412,1.1507576730989283e-17,p1db,5.350896290787877e-17,1.281584372287482e-17,1423,1424,-123.04379360445161
885,-0.03177741270560119,1.1346168397294337e-17,p1db,5.291201655512695e-17,1.2879133549229311e-17,1424,1425,-123.07432174183059
886,-0.034248370978858134,1.0874249067676122e-17,p1db,5.168973487258408e-17,1.2893917892850479e-17,1425,1426,-123.10734842986281
887,-0.036152743215339456,1.0114946489537317e-17,p1db,4.989992117085048e-17,1.2858484118968298e-17,1426,1427,-123.1428184837883
888,-0.035628114629879803,9.106549342809544e-18,p1db,4.763102574614466e-17,1.2773355349717564e-17,1427,1428,-123.17965391629349
889,-0.028029862260289917,7.904310018976166e-18,p1db,4.500524990838729e-17,1.2641739209680115e-17,1428,1429,-123.21407471304806
890,-0.0028097221270968475,6.5880521949492464e-18,p1db,4.218234024054376e-17,1.2469444291711797e-17,1429,1430,-123.23571364081407
891,0.05798096143233522,5.2847497143927085e-18,p1db,3.936247729528121e-17,1.2264418654276628e-17,1430,1431,-123.21969415730226
892,0.15150927836295836,4.222406604168459e-18,p1db,3.678492698788671e-17,1.2036198375797726e-17,1431,1432,-123.1197517179494
893,0.18733184645305556,3.7739164431332414e-18,p1db,3.47152284675434e-17,1.1795429989188711e-17,1432,1433,-122.91667560057634
894,0.09123136484583938,4.191276081601913e-18,p1db,3.341025195121029e-17,1.1553443545603194e-17,1433,1434,-122.74508802504329
895,-0.04826898046108852,5.2366831812968166e-18,p1db,3.3057666599369685e-17,1.1321792025964744e-17,1434,1435,-122.73421287088466
896,-0.12840953033664704,6.534588652260088e-18,p1db,3.371256678254214e-17,1.1111746140099315e-17,1435,1436,-122.84162598596546
897,-0.14710050204967473,7.853430074321397e-18,p1db,3.5275483060876545e-17,1.0933801464698e-17,1436,1437,-122.99103193155796
898,-0.1323336974312781,9.065614836077731e-18,p1db,3.7530394747934473e-17,1.0797209485369178e-17,1437,1438,-123.13582699006481
899,-0.1048706720902004,1.0091947752381146e-17,p1db,4.021124516701631e-17,1.0709443621551915e-17,1438,1439,-123.25569932642051
900,-0.07588412734843075,1.0877786101405843e-17,p1db,4.305598211336373e-17,1.0675519758381052e-17,1439,1440,-123.34556833424521
901,-0.05015366520601816,1.1384576178527955e-17,p1db,4.583465476292498e-17,1.0697276361451624e-17,1440,1441,-123.40746758111737
902,-0.028947867028328744,1.158735702488905e-17,p1db,4.835855942828224e-17,1.077293279494801e-17,1441,1442,-123.44587566465725
903,-0.011788630695697577,1.1474453612199428e-17,p1db,5.0480042973677984e-17,1.0897242276873487e-17,1442,1443,-123.46536331517403
904,0.002710834942128315,1.104795738729288e-17,p1db,5.208887256258912e-17,1.1062269710706953e-17,1443,1444,-123.46945292604865
905,0.01666431582084016,1.0324656269164073e-17,p1db,5.310820558196609e-17,1.1258472830733242e-17,1444,1445,-123.45994164528977
906,0.03334643591369968,9.337669771459423e-18,p1db,5.349168452810206e-17,1.1475638790288165e-17,1445,1446,-123.43612429440697
907,0.05851485224403774,8.139859838836623e-18,p1db,5.3222140203853277e-17,1.1703400506589723e-17,1446,1447,-123.39324877346237
908,0.10299640892849027,6.812201915087597e-18,p1db,5.231161617043385e-17,1.193136962467191e-17,1447,1448,-123.31909458991889
909,0.183340258532958,5.485625700663648e-18,p1db,5.0802123456461616e-17,1.2149185117492958e-17,1448,1449,-123.1872559556054
910,0.2946758555580473,4.39162544619474e-18,p1db,4.8766696359800667e-17,1.2346856982378451e-17,1449,1450,-122.95241407285297
911,0.3456302167150369,3.902696355582821e-18,p1db,4.63107294682732e-17,1.2515596445999735e-17,1450,1451,-122.5979042444893
912,0.25084262786919,4.278917431317035e-18,p1db,4.3573953477905383e-17,1.2648911913588151e-17,1451,1452,-122.2611536394229
913,0.08109111835221228,5.295627682997286e-18,p1db,4.073328476978978e-17,1.27433870557404e-17,1452,1453,-122.09621898875092
914,-0.06315093224829837,6.573138196443826e-18,p1db,3.8005262869594464e-17,1.2798590474085144e-17,1453,1454,-122.09897140271848
915,-0.16654188424201521,7.873612337953457e-18,p1db,3.564279458437388e-17,1.2816068274837164e-17,1454,1455,-122.22252085324752
916,-0.23746457875575544,9.068531384861862e-18,p1db,3.3915076074853827e-17,1.2797990551210146e-17,1455,1456,-122.4320551712025
917,-0.2767863343112964,1.0081128415227967e-17,p1db,3.305883946211229e-17,1.2746255654506897e-17,1456,1457,-122.69745001075903
918,-0.2830386648673482,1.0860412714834161e-17,p1db,3.320738959342599e-17,1.2662497411470637e-17,1457,1458,-122.9856278398251
919,-0.2603122654278138,1.1371398938163964e-17,p1db,3.433786586543504e-17,1.2548771922179023e-17,1458,1459,-123.26352734049372
920,-0.21880401612236966,1.1591695879182882e-17,p1db,3.628027696649603e-17,1.2408245144848624e-17,1459,1460,-123.50625237068073
921,-0.16949650546412443,1.1510411306751174e-17,p1db,3.878034060258074e-17,1.2245298846231043e-17,1460,1461,-123.70113537273846
922,-0.1195590341277537,1.1127957487976689e-17,p1db,4.156761018103468e-17,1.2065025945907767e-17,1461,1462,-123.84524538160898
923,-0.07134404247064197,1.0456591656225148e-17,p1db,4.4396712914065254e-17,1.1872651216687718e-17,1462,1463,-123.94025344099397
924,-0.023178398221809005,9.52217781316604e-18,p1db,4.70620381004142e-17,1.1673527379190675e-17,1463,1464,-123.98793346655026
925,0.030408608429588924,8.36831274143391e-18,p1db,4.939849777298227e-17,1.1473897093386243e-17,1464,1465,-123.98661023743759
926,0.10018099509061074,7.065650705855547e-18,p1db,5.127805133369698e-17,1.1281910090606537e-17,1465,1466,-123.92711624969108
927,0.20319312881962048,5.733986992512644e-18,p1db,5.260634230737718e-17,1.1107987678103828e-17,1466,1467,-123.78624824725637
928,0.3411128217727537,4.5923090595773024e-18,p1db,5.332058246992117e-17,1.0963877899559555e-17,1467,1468,-123.52072999205184
929,0.4331966864331278,4.012378961944626e-18,p1db,5.338850162961883e-17,1.0860532366968306e-17,1468,1469,-123.10402260371086
930,0.38248209881440687,4.307902426450382e-18,p1db,5.280782198467754e-17,1.080575671374644e-17,1469,1470,-122.65433661918559
931,0.2434683098354995,5.3033346210472194e-18,p1db,5.160585484699753e-17,1.0802834926850635e-17,1470,1471,-122.33905840608205
932,0.1225779611557627,6.598887757616269e-18,p1db,4.9839297662688926e-17,1.0850728627514102e-17,1471,1472,-122.16739999951459
933,0.038520977757542596,7.928420791080293e-18,p1db,4.759486878981443e-17,1.0945416828865436e-17,1472,1473,-122.09390248377052
934,-0.025744184185072072,9.14839222924869e-18,p1db,4.499159470237558e-17,1.1081320281180001e-17,1473,1474,-122.0903580439995
935,-0.08300762994451816,1.0175894060969677e-17,p1db,4.218494302425531e-17,1.125201039459605e-17,1474,1475,-122.14539085214066
936,-0.13908652042195513,1.0958742941440523e-17,p1db,3.9371367441722654e-17,1.1450174519767493e-17,1475,1476,-122.25637330388854
937,-0.1942094092668043,1.146370159743157e-17,p1db,3.6788952308560234e-17,1.1667382138808015e-17,1476,1477,-122.42356389298457
938,-0.24318754658821717,1.1672051858668944e-17,p1db,3.4705558707255904e-17,1.189419735179194e-17,1477,1478,-122.64479212242215
939,-0.27638471924584707,1.1577847802133097e-17,p1db,3.338285397132168e-17,1.212076958705979e-17,1478,1479,-122.90993898616101
940,-0.2839159719901616,1.1186982558081048e-17,p1db,3.3012910672812384e-17,1.233761089938897e-17,1479,1480,-123.19756156091384
941,-0.26164533296687154,1.0516653629626275e-17,p1db,3.365208266692014e-17,1.2536133031110198e-17,1480,1481,-123.47777093014133
942,-0.21304768442114863,9.595725535574177e-18,p1db,3.5199170254947487e-17,1.2708707701096771e-17,1481,1482,-123.72085222684758
943,-0.14397735909705034,8.467313871120964e-18,p1db,3.743653942014632e-17,1.284835811508935e-17,1482,1483,-123.90386629898363
944,-0.05458577077944682,7.196425719093634e-18,p1db,4.009930995919936e-17,1.2948455590785345e-17,1483,1484,-124.00880694504168
945,0.06513625932106493,5.8893900247459155e-18,p1db,4.2929082969944835e-17,1.3002823574056322e-17,1484,1485,-124.01303784054252
946,0.2192466586967754,4.738831596187745e-18,p1db,4.5699518088877994e-17,1.3006425682539538e-17,1485,1486,-123.87853442639955
947,0.3431132280433502,4.082834119201988e-18,p1db,4.8223243633365577e-17,1.2956454050859512e-17,1486,1487,-123.57454452314897
948,0.3357085428459783,4.261535664553678e-18,p1db,5.035146296005402e-17,1.2853340866083727e-17,1487,1488,-123.19230797031285
949,0.22799576723829773,5.185194225026287e-18,p1db,5.19719575992029e-17,1.2701185730978436e-17,1488,1489,-122.90312743745702
950,0.12801585981382146,6.471989074570172e-18,p1db,5.30068162627799e-17,1.2507385868672077e-17,1489,1490,-122.73631643583626
951,0.06725853184475739,7.834922043520525e-18,p1db,5.340985498159577e-17,1.2281701855232512e-17,1490,1491,-122.64709571782937
952,0.031814106422942245,9.111164589828014e-18,p1db,5.3164127190383835e-17,1.2035260112709909e-17,1491,1492,-122.60179937214674
953,0.008506605399091427,1.0203417992863842e-17,p1db,5.2280476555229417e-17,1.1779876905660897e-17,1492,1493,-122.58346750498349
954,-0.01015960506374114,1.104883340092467e-17,p1db,5.0797851786373276e-17,1.1527714883304014e-17,1493,1494,-122.58478616134856
955,-0.028519548487295765,1.1606751811874976e-17,p1db,4.8785317436096035e-17,1.1291002410850777e-17,1494,1495,-122.60378671511097
956,-0.04936154257860892,1.1853984111138516e-17,p1db,4.634510828396349e-17,1.1081578838478821e-17,1495,1496,-122.64182525832315
957,-0.07443543026410282,1.1782779230461609e-17,p1db,4.36160033977847e-17,1.0910263006912473e-17,1496,1497,-122.70250980026819
958,-0.1041579138548201,1.1399637543017303e-17,p1db,4.077627751110713e-17,1.0786194991536379e-17,1497,1498,-122.79069611885136
959,-0.1365414663035338,1.072446988863583e-17,p1db,3.8044559684454223e-17,1.0716246478972006e-17,1498,1499,-122.91082562797783
960,-0.16536837940965654,9.790429754536949e-18,p1db,3.5674062813208685e-17,1.0704482297276433e-17,1499,1500,-123.06377905145843
961,-0.1783140539356225,8.645600491036705e-18,p1db,3.3931125918570874e-17,1.075168889034269e-17,1500,1501,-123.24156238679714
962,-0.15674578100288983,7.359196182390766e-18,p1db,3.3048457238671185e-17,1.0855138991812548e-17,1501,1502,-123.42040715932967
963,-0.07935728475550974,6.038425080078474e-18,p1db,3.31589668613131e-17,1.1008803348322827e-17,1502,1503,-123.55505394880292
964,0.05971452714088343,4.8683215547382386e-18,p1db,3.424577564883939e-17,1.1204026966695422e-17,1503,1504,-123.57912172884069
965,0.1963994973511305,4.166485787259112e-18,p1db,3.614823556312917e-17,1.143042544708393e-17,1504,1505,-123.43562489452115
966,0.22154062184741719,4.267894817253907e-18,p1db,3.8619274945253423e-17,1.1676683679713534e-17,1505,1506,-123.18632273413843
967,0.14470198035756,5.122394031887325e-18,p1db,4.13910320111527e-17,1.193110204011685e-17,1506,1507,-122.99254365082632
968,0.06513507004103758,6.370870957071981e-18,p1db,4.421738473104035e-17,1.2181955656611776e-17,1507,1508,-122.89691877342331
969,0.01963616871300644,7.724379221973251e-18,p1db,4.689101288912231e-17,1.2417837804376372e-17,1508,1509,-122.86227351074425
970,-0.0024785806026272894,9.01485556931535e-18,p1db,4.9245392871035355e-17,1.2628129807817303e-17,1509,1510,-122.8576464359973
971,-0.013033236233930268,1.0139448457662956e-17,p1db,5.1151089763049533e-17,1.2803636895319932e-17,1510,1511,-122.8672306719495
972,-0.018334403976744795,1.102896921121645e-17,p1db,5.2511591693598007e-17,1.2937279702247139e-17,1511,1512,-122.88371290846516
973,-0.021479450283621304,1.1636166720996484e-17,p1db,5.326078121365376e-17,1.30245663716098e-17,1512,1513,-122.90389947990299
974,-0.02406104580371249,1.1931936207142132e-17,p1db,5.33622342214182e-17,1.306352939249853e-17,1513,1514,-122.9266718090324
975,-0.026895179751193155,1.190392622696049e-17,p1db,5.280965721709293e-17,1.3054064867688732e-17,1514,1515,-122.95202157151041
976,-0.030234210485637902,1.1555553399092487e-17,p1db,5.1627685895004807e-17,1.2997082893862447e-17,1515,1516,-122.98046216853479
977,-0.03371025044031484,1.0905103288906869e-17,p1db,4.9872596433804867e-17,1.2894143701890234e-17,1516,1517,-123.01248999248169
978,-0.035992762039811055,9.985416105872088e-18,p1db,4.7632925032149016e-17,1.2747941138549884e-17,1517,1518,-123.04788266941542
979,-0.033867473453568664,8.845334223571158e-18,p1db,4.503044351895901e-17,1.2563279376422439e-17,1518,1519,-123.08447551656131
980,-0.020240553863921207,7.555380741852696e-18,p1db,4.2222145893376853e-17,1.2347715909476144e-17,1519,1520,-123.11561761632255
981,0.018062664155358732,6.2232946702440075e-18,p1db,3.940312170142282e-17,1.2111272552208278e-17,1520,1521,-123.12495662428915
982,0.09035449938096463,5.030497468052587e-18,p1db,3.6807382583524904e-17,1.1865341722590412e-17,1521,1522,-123.07949228801183
983,0.15353885088299535,4.283136739312032e-18,p1db,3.4698493879091203e-17,1.1621492278715141e-17,1522,1523,-122.94424762552723
984,0.12104969955959177,4.314938701930273e-18,p1db,3.3337343497800343e-17,1.139084159373535e-17,1523,1524,-122.77241458624584
985,0.008409269986906054,5.105773666757759e-18,p1db,3.292116543016204e-17,1.1184091930414385e-17,1524,1525,-122.70214822640804
986,-0.08350996634678154,6.311840268564892e-18,p1db,3.351581944663238e-17,1.1011719988160343e-17,1525,1526,-122.75559604627203
987,-0.117758256496856,7.640608744906879e-18,p1db,3.502894876834561e-17,1.0883637999464328e-17,1526,1527,-122.8691681591016
988,-0.11373136030469055,8.92172615193572e-18,p1db,3.724720001125027e-17,1.080804579272048e-17,1527,1528,-122.99111255926574
989,-0.09354883606479092,1.0052841165976596e-17,p1db,3.990548112766322e-17,1.0789880673536282e-17,1528,1529,-123.09663087971099
990,-0.06991918393572405,1.0964975101799543e-17,p1db,4.2743105115754276e-17,1.0829727184643569e-17,1529,1530,-123.17821023139533
991,-0.04829627455343655,1.1608935981594944e-17,p1db,4.553142140548443e-17,1.0923878134744602e-17,1530,1531,-123.23646924758243
992,-0.030193534699613167,1.195131141724032e-17,p1db,4.80812032635929e-17,1.1065519170950679e-17,1531,1532,-123.2748027805022
993,-0.015357632999162263,1.1973957640125717e-17,p1db,5.0241426532961873e-17,1.1246289706997604e-17,1532,1533,-123.29685631698166
994,-0.002804069267440923,1.1674236771956846e-17,p1db,5.189635098781947e-17,1.1457311150727902e-17,1533,1534,-123.30551804650052
995,0.008955690015845619,1.1065122157471927e-17,p1db,5.2963516887626006e-17,1.1689258546299434e-17,1534,1535,-123.30246445551654
996,0.02227128438519088,1.0175492771531878e-17,p1db,5.3392833220833447e-17,1.1931795151103015e-17,1535,1536,-123.28760666646883
997,0.041279032680840544,9.051853794866659e-18,p1db,5.316593118709957e-17,1.217317585487012e-17,1536,1537,-123.25792188674616
998,0.07356584598498728,7.763983480032387e-18,p1db,5.2295132969314586e-17,1.2400736985923716e-17,1537,1538,-123.20504860110715
999,0.13157240338581744,6.419903737061155e-18,p1db,5.082229025446817e-17,1.2602372094177042e-17,1538,1539,-123.11079019477619
1000,0.22253604904653912,5.2006551698052635e-18,p1db,4.881849164405302e-17,1.276835745613979e-17,1539,1540,-122.94190379433552
1001,0.3014661408865109,4.40999376913118e-18,p1db,4.6385555332069894e-17,1.289257374048994e-17,1540,1541,-122.66571809668311
1002,0.2728664889565948,4.3883834778281884e-18,p1db,4.365943143234998e-17,1.2972528174705761e-17,1541,1542,-122.3389715125625
1003,0.13439126209659946,5.138028414693952e-18,p1db,4.081459550038865e-17,1.3008358708995001e-17,1542,1543,-122.11998511876992
1004,-0.018739061286332515,6.319118889469342e-18,p1db,3.806702552862566e-17,1.3001606972885526e-17,1543,1544,-122.0701889883693
1005,-0.1360961654555055,7.629419436842902e-18,p1db,3.567034090305424e-17,1.2954531606160775e-17,1544,1545,-122.15746324134258
1006,-0.21650633289516463,8.893732168305394e-18,p1db,3.389508483156936e-17,1.2870166868607272e-17,1545,1546,-122.3423813192803
1007,-0.26197361126379093,1.0011150216264123e-17,p1db,3.298071665052817e-17,1.2752715043066347e-17,1546,1547,-122.59047590713291
1008,-0.27249471001054104,1.0917472045348902e-17,p1db,3.3066454621911994e-17,1.2607670727076686e-17,1547,1548,-122.86632854180789
1009,-0.2527402392840372,1.1568709501257285e-17,p1db,3.413868776975948e-17,1.244138370205798e-17,1548,1549,-123.135465327154
1010,-0.2131196556029309,1.1934764287333269e-17,p1db,3.6036904218612244e-17,1.2260265690269377e-17,1549,1550,-123.37180902037596
1011,-0.1649021522452827,1.1997506901307966e-17,p1db,3.85124801799068e-17,1.2070154360083443e-17,1550,1551,-123.56170463835986
1012,-0.11570600460147773,1.1750682680970299e-17,p1db,4.129489763358759e-17,1.1876284556270243e-17,1551,1552,-123.70161332486653
1013,-0.06849956367965859,1.1200667655038621e-17,p1db,4.413394989638019e-17,1.1683946336243994e-17,1552,1553,-123.79311664756281
1014,-0.022566503572498675,1.036808360216878e-17,p1db,4.681731065960253e-17,1.1499447077119333e-17,1553,1554,-123.83861245222585
1015,0.02581005863938657,9.291028888237425e-18,p1db,4.9174551900404347e-17,1.133071478525502e-17,1554,1555,-123.83824965470781
1016,0.08401048484975604,8.03176806916375e-18,p1db,5.1075697867244143e-17,1.1187005379445075e-17,1555,1556,-123.78699233494707
1017,0.16438112273167604,6.691503965604635e-18,p1db,5.24276823299378e-17,1.1077695743789852e-17,1556,1557,-123.6702286850083
1018,0.2766899836192067,5.443337857335988e-18,p1db,5.3170140981198416e-17,1.1010703502643846e-17,1557,1558,-123.45823008948372
1019,0.385353980827297,4.5838622476605254e-18,p1db,5.3271816814466907e-17,1.0991216811497197e-17,1558,1559,-123.11684871776988
1020,0.39645914699861606,4.474650506034472e-18,p1db,5.272867608480169e-17,1.102106183492844e-17,1559,1560,-122.68752212782913
1021,0.2928053701262954,5.174040118555219e-18,p1db,5.1564042647469256e-17,1.1098610573232342e-17,1560,1561,-122.32393042377265
1022,0.16405302517588183,6.3538131746896535e-18,p1db,4.9830235103262295e-17,1.1219058195282047e-17,1561,1562,-122.10191138757654
1023,0.06437393480484843,7.686611780594465e-18,p1db,4.7610972905922013e-17,1.1375071182449893e-17,1562,1563,-121.99582437342089
1024,-0.010645338744680544,8.97595719950712e-18,p1db,4.502413956902815e-17,1.155781860014374e-17,1563,1564,-121.97316351796684
1025,-0.07415756541544738,1.0109130622337649e-17,p1db,4.222476634199972e-17,1.1758149448646678e-17,1564,1565,-122.01711505091025
1026,-0.13366251235856197,1.1017494370870063e-17,p1db,3.940766177255076e-17,1.196748310154641e-17,1565,1566,-122.12147864879773
1027,-0.19075880026530712,1.1658303663589543e-17,p1db,3.680714020092327e-17,1.217811134369623e-17,1566,1567,-122.28444007562737
1028,-0.24140246830162226,1.200663716634276e-17,p1db,3.468696615041661e-17,1.2382974027341697e-17,1567,1568,-122.50299624932835
1029,-0.27672444587794587,1.2051408295507004e-17,p1db,3.330887489864675e-17,1.2575252339685993e-17,1568,1569,-122.76724501223062
1030,-0.2869111230687196,1.1793203973871446e-17,p1db,3.287290695519291e-17,1.274813347133489e-17,1569,1570,-123.05644514108424
1031,-0.26739852259957075,1.1243357991727017e-17,p1db,3.344906164531097e-17,1.2894898586939037e-17,1570,1571,-123.34106725836806
1032,-0.22163527839930453,1.04244297566937e-17,p1db,3.4947479596526314e-17,1.3009252675799579e-17,1571,1572,-123.59124218628338
1033,-0.15673707588472752,9.372794140566174e-18,p1db,3.715373206425101e-17,1.3085687892542351e-17,1572,1573,-123.78433781516667
1034,-0.07593697058806725,8.14495508292194e-18,p1db,3.979957930726179e-17,1.3119705484152639e-17,1573,1574,-123.90471633805284
1035,0.026208250553779067,6.831554916959672e-18,p1db,4.2622212911382086e-17,1.3107898201118093e-17,1574,1575,-123.9362117563428
1036,0.15817728590844382,5.58791543691013e-18,p1db,4.5393753243315114e-17,1.304810275423135e-17,1575,1576,-123.85229983694528
1037,0.29350769512549135,4.6846921079837545e-18,p1db,4.792843718492167e-17,1.2939877190208721e-17,1576,1577,-123.61985718452591
1038,0.344654031025442,4.479334464013267e-18,p1db,5.007990342671182e-17,1.278532097086023e-17,1577,1578,-123.2652844466943
1039,0.2795031307188651,5.090644625676028e-18,p1db,5.173644541280409e-17,1.258986703969106e-17,1578,1579,-122.93054912247503
1040,0.17844790475765393,6.235213643319725e-18,p1db,5.2817416345257004e-17,1.2362474839726703e-17,1579,1580,-122.70627818525656
1041,0.10452898298824209,7.579180916237776e-18,p1db,5.327142643167978e-17,1.2114890851783098e-17,1580,1581,-122.57365331295972
1042,0.058949835506609816,8.909724389084138e-18,p1db,5.307602839062102e-17,1.1860207850761827e-17,1581,1582,-122.49722021928008
1043,0.028927837785886368,1.0099925099764038e-17,p1db,5.223832825951218e-17,1.161142462918144e-17,1582,1583,-122.4557536419465
1044,0.005551388432820659,1.1068587931702319e-17,p1db,5.0795923505935663e-17,1.1380684391006564e-17,1583,1584,-122.43936454370831
1045,-0.01633945136241266,1.1762346645541143e-17,p1db,4.881780821065573e-17,1.117930362218857e-17,1584,1585,-122.44465086508086
1046,-0.03994809676012068,1.2148918433638418e-17,p1db,4.640545655167734e-17,1.1018000323620949e-17,1585,1586,-122.47204344643313
1047,-0.06740896473792901,1.2214144075731068e-17,p1db,4.369479615653111e-17,1.0906505631737786e-17,1586,1587,-122.5245470586011
1048,-0.09968281623039132,1.1959839836198432e-17,p1db,4.085942740563678e-17,1.0852281085738846e-17,1587,1588,-122.60686137590899
1049,-0.13548067426689414,1.1401848777304742e-17,p1db,3.811349422636844e-17,1.0858951449721467e-17,1588,1589,-122.72391269106188
1050,-0.16939466576742745,1.0568818406393857e-17,p1db,3.5708650690189205e-17,1.0925485216447685e-17,1589,1590,-122.87782272444278
1051,-0.19017884265497997,9.50282924117135e-18,p1db,3.391447894863534e-17,1.1046683506029484e-17,1590,1591,-123.06270202259674
1052,-0.18114516631685973,8.263781851589763e-18,p1db,3.297136627652476e-17,1.1214596630955335e-17,1591,1592,-123.25818040975274
1053,-0.12400985044506285,6.941468565448597e-18,p1db,3.30214880709893e-17,1.141992746901791e-17,1592,1593,-123.42499235523046
1054,-0.008415604626129891,5.683527980710874e-18,p1db,3.4055354171225466e-17,1.1652716342849343e-17,1593,1594,-123.50620011064287
1055,0.13616540991641557,4.743927652648173e-18,p1db,3.5916630005534577e-17,1.1902297859272622e-17,1594,1595,-123.44182356448272
1056,0.21600398825121658,4.469172988627355e-18,p1db,3.836075783743315e-17,1.2157062247415128e-17,1595,1596,-123.23386929081003
1057,0.18205845215950944,5.006245286881009e-18,p1db,4.112167959468085e-17,1.2404618183577086e-17,1596,1597,-123.00981558798028
1058,0.10281858634693464,6.102824263365488e-18,p1db,4.395381308631591e-17,1.2632626775469082e-17,1597,1598,-122.86975238649102
1059,0.04472729455977742,7.427199480482362e-18,p1db,4.664801366054738e-17,1.2830125052867773e-17,1598,1599,-122.80417841528642
1060,0.013359639936645351,8.762123625413617e-18,p1db,4.903349577395202e-17,1.2988808899594986e-17,1599,1600,-122.78029779737146
1061,-0.0025851072141733766,9.977730544968364e-18,p1db,5.097549229629867e-17,1.310364808918998e-17,1600,1601,-122.77745913541312
1062,-0.011117057018786625,1.098953554059464e-17,p1db,5.237308661391772e-17,1.3172468299478541e-17,1601,1602,-122.78546801179981
1063,-0.016355193269923518,1.1738916646923469e-17,p1db,5.3158051026835087e-17,1.3194729846382109e-17,1602,1603,-122.7996932494507
1064,-0.02025994826435351,1.2186425525691387e-17,p1db,5.3294044506596117e-17,1.3170324616662003e-17,1603,1604,-122.81817839833965
1065,-0.02375329875619059,1.231014413407478e-17,p1db,5.277559652134204e-17,1.3099276070035643e-17,1604,1605,-122.8402131459794
1066,-0.027278642237384076,1.2105256354575445e-17,p1db,5.1627105336646783e-17,1.2982567503959757e-17,1605,1606,-122.86568499585204
1067,-0.03095818816896667,1.1583448396627351e-17,p1db,4.99026407882506e-17,1.2823427854611876e-17,1606,1607,-122.89477043045417
1068,-0.034360800235944566,1.0772240974421272e-17,p1db,4.7687142952049144e-17,1.2628054377969758e-17,1607,1608,-122.92760137218997
1069,-0.03575370794107613,9.71525769124627e-18,p1db,4.509895892760195e-17,1.2405244948898073e-17,1608,1609,-122.96349203092606
1070,-0.030558882525163256,8.4753630047757e-18,p1db,4.2293132298096767e-17,1.2165275588229453e-17,1609,1610,-122.99910878807212
1071,-0.009135986005247787,7.144572536893817e-18,p1db,3.9464305570085284e-17,1.1918843262696991e-17,1610,1611,-123.02460979597639
1072,0.04109582132113587,5.868535178949112e-18,p1db,3.6846383306453935e-17,1.1676666601060438e-17,1611,1612,-123.01738076008262
1073,0.10889853520581738,4.890744784000935e-18,p1db,3.470217863389439e-17,1.1449680615675922e-17,1612,1613,-122.94241815333412
1074,0.12689422867130418,4.54734171565993e-18,p1db,3.3292172713045315e-17,1.1249233651326204e-17,1613,1614,-122.79958368967098
1075,0.05665050174557962,5.0080599428309596e-18,p1db,3.2816627695565126e-17,1.108667034481693e-17,1614,1615,-122.68862969599151
1076,-0.036140182880494365,6.052120234989208e-18,p1db,3.3349814550086925e-17,1.0972137768067267e-17,1615,1616,-122.68628268617982
1077,-0.08684139416109105,7.349663671404145e-18,p1db,3.4810382792883985e-17,1.0913038810828348e-17,1616,1617,-122.7609100617525
1078,-0.09600431381546315,8.676220192804278e-18,p1db,3.6992864140319434e-17,1.0912863604643265e-17,1617,1618,-122.859965474502
1079,-0.08411193864496624,9.897773642098413e-18,p1db,3.963362920414037e-17,1.097093670830507e-17,1618,1619,-122.95291868938342
1080,-0.06556320701320573,1.0928501968577925e-17,p1db,4.246816371356777e-17,1.1083057581047373e-17,1619,1620,-123.02818935179194
1081,-0.047234487023168015,1.1709261730420791e-17,p1db,4.526230675613452e-17,1.1242503294271998e-17,1620,1621,-123.08404510340984
1082,-0.03153607948363657,1.2199116022724258e-17,p1db,4.782305354115845e-17,1.1440790808060669e-17,1621,1622,-123.12265832583827
1083,-0.018703763457523337,1.2372551186455334e-17,p1db,4.9998836529589616e-17,1.1667982439908023e-17,1622,1623,-123.14711726237711
1084,-0.007965197735302354,1.2218956839912583e-17,p1db,5.1675752062760805e-17,1.1912805668594873e-17,1623,1624,-123.16006585275332
1085,0.002020932708461487,1.174305566441439e-17,p1db,5.277318777115146e-17,1.2163031832299447e-17,1624,1625,-123.16304765784771
1086,0.013191239041631775,1.0965982112846617e-17,p1db,5.3240679536554835e-17,1.2406294686530626e-17,1625,1626,-123.1560239873364
1087,0.028561020519987323,9.927316477791005e-18,p1db,5.305663197257491e-17,1.2631093249227628e-17,1626,1627,-123.13666517976445
1088,0.05332382099884825,8.689287152165277e-18,p1db,5.222856598830737e-17,1.2827530534929516e-17,1627,1628,-123.09890194629642
1089,0.09626996866700921,7.346453490002933e-18,p1db,5.079412743260255e-17,1.2987575196689076e-17,1628,1629,-123.03001753776675
1090,0.16675012873562167,6.048131512774359e-18,p1db,4.882226397940069e-17,1.3105055598427737e-17,1629,1630,-122.9063620089624
1091,0.24877788108052812,5.038536234367548e-18,p1db,4.6414458062506664e-17,1.3175765187241543e-17,1630,1631,-122.69651728029551
1092,0.26904816981542723,4.6512157484220324e-18,p1db,4.370635260048286e-17,1.3197798641246948e-17,1631,1632,-122.40880624680135
1093,0.17721021603981768,5.064008462464656e-18,p1db,4.0870140641196884e-17,1.3171840119385072e-17,1632,1633,-122.15842094066466
1094,0.0300077559718801,6.069586717503176e-18,p1db,3.8116930076099916e-17,1.3101027880775788e-17,1633,1634,-122.05438581472171
1095,-0.09935072558249658,7.33844037733229e-18,p1db,3.569475903279656e-17,1.2990330940455563e-17,1634,1635,-122.0984054287209
1096,-0.19099464887068507,8.642690613073286e-18,p1db,3.3872014867134934e-17,1.2845769959723669e-17,1635,1636,-122.2530872658867
1097,-0.24451513258808433,9.847742647851464e-18,p1db,3.289341766683996e-17,1.2673908997856456e-17,1636,1637,-122.48039472646226
1098,-0.26053127017943467,1.0869561486670855e-17,p1db,3.2910479569800586e-17,1.2481771667582232e-17,1637,1638,-122.74211753106287
1099,-0.24409731544896118,1.1651760586386206e-17,p1db,3.3922527185087034e-17,1.2276964617478389e-17,1638,1639,-123.00145726682113
1100,-0.20615188090673797,1.2155937713583609e-17,p1db,3.5775820382170895e-17,1.2067642314993153e-17,1639,1640,-123.2303121619608
1101,-0.15882668176466552,1.2357872847776615e-17,p1db,3.8221874478027296e-17,1.1862126842209914e-17,1640,1641,-123.41376102863461
1102,-0.11061216544123198,1.2246182404072536e-17,p1db,4.0988270539195715e-17,1.1668349265906433e-17,1641,1642,-123.54796552549013
1103,-0.06514535018822443,1.182219333828576e-17,p1db,4.382462079044477e-17,1.149351441825306e-17,1642,1643,-123.63498535951707
1104,-0.022293325239907347,1.1100860702619695e-17,p1db,4.652022978173802e-17,1.1344278896558045e-17,1643,1644,-123.67825622586658
1105,0.02078425587587418,1.0113218519682105e-17,p1db,4.89057298987099e-17,1.1227279778981713e-17,1644,1645,-123.67957200999689
1106,0.06968627355313117,8.911667945661055e-18,p1db,5.0849369793382556e-17,1.1149372044579862e-17,1645,1646,-123.63668771411483
1107,0.13382693493517905,7.581126883565281e-18,p1db,5.2253143900723536e-17,1.1116895939807989e-17,1646,1647,-123.54019946289063
1108,0.22440415389481672,6.262664885496467e-18,p1db,5.30503040557748e-17,1.1133935635546946e-17,1647,1648,-123.36903384424447
1109,0.33126888935946397,5.19596468536616e-18,p1db,5.320421275388679e-17,1.120047373064654e-17,1648,1649,-123.091391155101
1110,0.3851064692867112,4.727714991921022e-18,p1db,5.2708019682334745e-17,1.131174089181528e-17,1649,1650,-122.70649606552554
1111,0.3263061412149,5.080612960806788e-18,p1db,5.1584644116243054e-17,1.1459360103901864e-17,1650,1651,-122.32117821652757
1112,0.20350129463954403,6.071003424301181e-18,p1db,4.98868537308066e-17,1.1633584088741936e-17,1651,1652,-122.05388378309574
1113,0.09149983015945651,7.350413376953733e-18,p1db,4.769776795463938e-17,1.1825208252270102e-17,1652,1653,-121.91417562724848
1114,0.005979017983335666,8.670291840771409e-18,p1db,4.5132551608020605e-17,1.2026229828408413e-17,1653,1654,-121.87088412277683
1115,-0.06383962926530984,9.885663584571375e-18,p1db,4.23418563475084e-17,1.2229431783308623e-17,1654,1655,-121.90221759128181
1116,-0.1270894703954042,1.0909022690940574e-17,p1db,3.9516248274093586e-17,1.2427754231383775e-17,1655,1656,-121.99856338130745
1117,-0.1867280824284805,1.1684532556196394e-17,p1db,3.688806373237826e-17,1.2614152891084627e-17,1656,1657,-122.15639653207262
1118,-0.23948679742250079,1.2176930982716161e-17,p1db,3.47226272499391e-17,1.2782024889741966e-17,1657,1658,-122.37201954616441
1119,-0.2768661695722372,1.2366813007188542e-17,p1db,3.3286666997546463e-17,1.2925807366642678e-17,1658,1659,-122.63537012691762
1120,-0.2891513922967448,1.224834183265906e-17,p1db,3.2787499282362245e-17,1.3041282861122932e-17,1659,1660,-122.92575188530888
1121,-0.27180612546775507,1.1827985476046595e-17,p1db,3.330312254079091e-17,1.3125355910104558e-17,1660,1661,-123.21367291151111
1122,-0.22856729681473809,1.1124126105498985e-17,p1db,3.475096949089156e-17,1.317540141971939e-17,1661,1662,-123.4693641362444
1123,-0.16745054966961703,1.0168122902699496e-17,p1db,3.6922189661758585e-17,1.3188578643168355e-17,1662,1663,-123.67080750514059
1124,-0.09357566735791067,9.008219055359728e-18,p1db,3.955159028840811e-17,1.3161626645948458e-17,1663,1664,-123.80426523558363
1125,-0.0045060992136711775,7.719246818692027e-18,p1db,4.23761040801458e-17,1.3091496412073629e-17,1664,1665,-123.85795883985641
1126,0.10848773888357499,6.4243064632016746e-18,p1db,4.516419846582962e-17,1.2976733213579362e-17,1665,1666,-123.81327743401097
1127,0.2407823954331363,5.335921076115594e-18,p1db,4.7724317435518985e-17,1.2819005586587033e-17,1666,1667,-123.64098336208926
1128,0.3336995203820692,4.78145986561046e-18,p1db,4.990443484099813e-17,1.2623939545752115e-17,1667,1668,-123.3317126431447
1129,0.31962498308423903,5.026667365331297e-18,p1db,5.158939850932178e-17,1.24007304936709e-17,1668,1669,-122.97358432132512
1130,0.2306195051736566,5.959242018847633e-18,p1db,5.2698084703292463e-17,1.2160764922470662e-17,1669,1670,-122.69246267697622
1131,0.1449056118688432,7.240143903232948e-18,p1db,5.318065280218047e-17,1.1916138891582974e-17,1670,1671,-122.5123453109778
1132,0.08750872956431976,8.599311921118244e-18,p1db,5.301624712239799e-17,1.1678910310293306e-17,1671,1672,-122.40265145323853
1133,0.049978463356559644,9.871903910692076e-18,p1db,5.2211802424756084e-17,1.1461138571052972e-17,1672,1673,-122.33732785184917
1134,0.021917850561720797,1.0955979072153323e-17,p1db,5.0802400612420374e-17,1.1274949412587142e-17,1673,1674,-122.30269452652541
1135,-0.0034778270054829363,1.1785584067561852e-17,p1db,4.885306501366864e-17,1.1131807929300445e-17,1674,1675,-122.29349215072573
1136,-0.030425254253188427,1.2318983687174497e-17,p1db,4.64615022496833e-17,1.1040955189113092e-17,1675,1676,-122.30965018053638
1137,-0.06142894920702702,1.2533629659404816e-17,p1db,4.3761297784966045e-17,1.100782254994802e-17,1676,1677,-122.3543426592321
1138,-0.09737762826532048,1.2423580200991633e-17,p1db,4.092503324539576e-17,1.1033378032729366e-17,1677,1678,-122.43250807895043
1139,-0.1368829685163746,1.1997817301978717e-17,p1db,3.816589959180399e-17,1.1114689901180153e-17,1678,1679,-122.54909791576274
1140,-0.17489585359599147,1.1279254145593655e-17,p1db,3.573364390518676e-17,1.1246165365768997e-17,1679,1680,-122.70627401598318
1141,-0.2012961354238385,1.0304937253396685e-17,p1db,3.389604554591434e-17,1.1420632671294033e-17,1680,1681,-122.89888962295473
1142,-0.20134319728659733,9.128648513063763e-18,p1db,3.289528785000342e-17,1.1629788473917403e-17,1681,1682,-123.10886628683086
1143,-0.1593637607681444,7.82854264206316e-18,p1db,3.28817462317273e-17,1.186411243748378e-17,1682,1683,-123.30157601752792
1144,-0.06487862712744885,6.52551968810859e-18,p1db,3.385807643694133e-17,1.21127173915585e-17,1683,1684,-123.42759380836715
1145,0.07178162001839183,5.419768503509115e-18,p1db,3.567719449665272e-17,1.2363594650005063e-17,1684,1685,-123.43133327178282
1146,0.18764997454999843,4.818034671453823e-18,p1db,3.8096480892108e-17,1.2604412154427613e-17,1685,1686,-123.28403056833037
1147,0.20603407992477685,4.988468119457101e-18,p1db,4.0846062414421886e-17,1.2823630394381435e-17,1686,1687,-123.05603332268282
1148,0.14435097161168642,5.856494322135438e-18,p1db,4.367544266373666e-17,1.3011458683312334e-17,1687,1688,-122.87196240848081
1149,0.07722345548897636,7.10393272840066e-18,p1db,4.637312514200541e-17,1.31602620474085e-17,1688,1689,-122.76733137945945
1150,0.03474763682097404,8.459640140599525e-18,p1db,4.876934543209904e-17,1.326441912575059e-17,1689,1690,-122.71751549750286
1151,0.0117221153200191,9.752818356681831e-18,p1db,5.073199906662598e-17,1.3320029807693579e-17,1690,1691,-122.6978361058175
1152,-0.0005978453406143558,1.087500925605752e-17,p1db,5.216174709258968e-17,1.3324912782884046e-17,1691,1692,-122.69407126686282
1153,-0.007666059112700907,1.175355237079254e-17,p1db,5.298894275303901e-17,1.3278947458055153e-17,1692,1693,-122.69903179649873
1154,-0.012485419970332146,1.2340169720911705e-17,p1db,5.317285811041469e-17,1.31843730586374e-17,1693,1694,-122.70940338508822
1155,-0.016711282730945243,1.2606449869504123e-17,p1db,5.270249052072304e-17,1.3045635511558474e-17,1694,1695,-122.7240026364394
1156,-0.021225095337428,1.2541691888479001e-17,p1db,5.15978871167063e-17,1.286881544614762e-17,1695,1696,-122.74282595055011
1157,-0.026365888929106518,1.2151427262328424e-17,p1db,4.9911193080554505e-17,1.266109478611038e-17,1696,1697,-122.76645282711425
1158,-0.03190989248968634,1.1456459386862111e-17,p1db,4.772720894094343e-17,1.2430644916682114e-17,1697,1698,-122.79555772840833
1159,-0.036690045451933884,1.0493056023083125e-17,p1db,4.516392431237872e-17,1.218682985848409e-17,1698,1699,-122.83027261209362
1160,-0.03757135816250212,9.315513356234454e-18,p1db,4.2373931728870265e-17,1.194025823206471e-17,1699,1700,-122.8689378193122
1161,-0.02757250591563576,8.003418416266558e-18,p1db,3.954705195519501e-17,1.1702360142866318e-17,1700,1701,-122.90541532841863
1162,0.004947041083717352,6.678593003984354e-18,p1db,3.691189186827541e-17,1.148461386184706e-17,1701,1702,-122.92408283114347
1163,0.06412321122139986,5.5385722637278e-18,p1db,3.472889294474473e-17,1.1297812161409077e-17,1702,1703,-122.89552124625119
1164,0.11105479692027131,4.88345748603403e-18,p1db,3.326214093438086e-17,1.1151602476896752e-17,1703,1704,-122.79583640870067
1165,0.08617777217396139,4.9867275106962315e-18,p1db,3.272154608822893e-17,1.1054167070430184e-17,1704,1705,-122.67341165241065
1166,0.007964492947309054,5.7963455957651684e-18,p1db,3.319279821459431e-17,1.1011713388500024e-17,1705,1706,-122.62348086435274
1167,-0.054012839925555056,7.003921640241633e-18,p1db,3.4602218118965706e-17,1.1027620458094122e-17,1706,1707,-122.65748266651603
1168,-0.0767885770339376,8.33713872653446e-18,p1db,3.674688052582784e-17,1.1101505781743537e-17,1707,1708,-122.73150654420385
1169,-0.0745285571494918,9.624664030227256e-18,p1db,3.9363637249075165e-17,1.1228789244170895e-17,1708,1709,-122.8110598205839
1170,-0.062282987166511816,1.0758365078425052e-17,p1db,4.2189247777174397e-17,1.140122529203873e-17,1709,1710,-122.88056365850284
1171,-0.04802252349973912,1.1664693016313056e-17,p1db,4.499140925527894e-17,1.1608344091287038e-17,1710,1711,-122.93562579491693
1172,-0.034855080019269735,1.2292342908589884e-17,p1db,4.7577369603828266e-17,1.1839145182337727e-17,1711,1712,-122.97660870550231
1173,-0.023542468281590345,1.260799482825258e-17,p1db,4.9792534678733916e-17,1.2083196615682797e-17,1712,1713,-123.00533595495547
1174,-0.013844414681898343,1.2595114270883551e-17,p1db,5.1517088356220823e-17,1.2330701125450459e-17,1713,1714,-123.0236936420655
1175,-0.00498992412560284,1.2253590367684097e-17,p1db,5.2663856297181886e-17,1.257182421867285e-17,1714,1715,-123.03302478431927
1176,0.004351883735914441,1.1599589023832414e-17,p1db,5.317769266400248e-17,1.2796096057237806e-17,1715,1716,-123.0336734903167
1177,0.016428117726484004,1.0666048831691904e-17,p1db,5.303536992187706e-17,1.2992615568883162e-17,1716,1717,-123.02432101684744
1178,0.035124592588424264,9.505158517617016e-18,p1db,5.224502805953058e-17,1.3151177818763467e-17,1717,1718,-123.00081725486373
1179,0.06707406921697157,8.195360553082807e-18,p1db,5.084515789025111e-17,1.3263781043906465e-17,1718,1719,-122.95407183167059
1180,0.12135181879967405,6.8577292388745445e-18,p1db,4.89039579030378e-17,1.3325718188494727e-17,1719,1720,-122.86666911642979
1181,0.1971832833962921,5.6881495155193926e-18,p1db,4.652006273343051e-17,1.333574542103564e-17,1720,1721,-122.71136819407124
1182,0.24937543092129744,4.98484373750176e-18,p1db,4.38251252986406e-17,1.3295402632545938e-17,1721,1722,-122.4723025496372
1183,0.20744395013190342,5.030637458334487e-18,p1db,4.098785116847519e-17,1.3208043605880859e-17,1722,1723,-122.21261733222865
1184,0.07969574018868997,5.793538137385419e-18,p1db,3.821760076763121e-17,1.3078218148836508e-17,1723,1724,-122.0574146493734
1185,-0.05788403800954711,6.9689984859874e-18,p1db,3.5762604109723624e-17,1.2911698223800004e-17,1724,1725,-122.05322585185127
1186,-0.16146881442070793,8.27845844239703e-18,p1db,3.389292892026094e-17,1.2715903184708792e-17,1725,1726,-122.1731827253925
1187,-0.22374878959391964,9.548225145805047e-18,p1db,3.285650345531554e-17,1.2500131595140808e-17,1726,1727,-122.37616348069268
1188,-0.24587061329110327,1.0672448837343857e-17,p1db,3.2810505452098415e-17,1.2275100609223186e-17,1727,1728,-122.62068030458033
1189,-0.23381565972482576,1.1581671666999314e-17,p1db,3.376263178610509e-17,1.2051782612050053e-17,1728,1729,-122.86790470727489
1190,-0.1989836581678901,1.2227960725375131e-17,p1db,3.556813837982429e-17,1.1840086466880593e-17,1729,1730,-123.08831162402998
1191,-0.15384132459043087,1.2578908213085907e-17,p1db,3.7984816739926674e-17,1.1648147286187004e-17,1730,1731,-123.26587202361067
1192,-0.10728857685732152,1.261558316101128e-17,p1db,4.0741597155257227e-17,1.148264014737974e-17,1731,1732,-123.39599427321085
1193,-0.06350496172660769,1.2332326903124888e-17,p1db,4.358462233902992e-17,1.1349781768607571e-17,1732,1733,-123.48044917732531
1194,-0.023096325567635745,1.1737714957853783e-17,p1db,4.6297086090352237e-17,1.1256058350776248e-17,1733,1734,-123.52300419666406
1195,0.015745965489045943,1.0856661571753681e-17,p1db,4.870394589214876e-17,1.1207785093716999e-17,1734,1735,-123.52664182846058
1196,0.057104759054446674,9.734212794055707e-18,p1db,5.067055036192908e-17,1.1209469815221019e-17,1735,1736,-123.49151226568597
1197,0.10818646072917915,8.442889905248841e-18,p1db,5.209915715577671e-17,1.1261998419010713e-17,1736,1737,-123.41243231035169
1198,0.1793695419917114,7.098331737117419e-18,p1db,5.2924908530675575e-17,1.1361927542732072e-17,1737,1738,-123.27513934422761
1199,0.2737894636914646,5.890789063487802e-18,p1db,5.311241994684976e-17,1.1502318636254128e-17,1738,1739,-123.05369322636827
1200,0.35289901599853835,5.118437538414886e-18,p1db,5.2653919493774225e-17,1.1674368552288533e-17,1739,1740,-122.72756041684468
1201,0.34410989351012233,5.090563241146112e-18,p1db,5.156919315200899e-17,1.18687150993001e-17,1740,1741,-122.34789519437119
1202,0.24445701113159402,5.815396519561088e-18,p1db,4.9906897676233626e-17,1.2075931568902358e-17,1741,1742,-122.03934062982444
1203,0.12520379703972395,6.989134409213063e-18,p1db,4.7746634742643616e-17,1.2286564422716656e-17,1742,1743,-121.858981172108
1204,0.02755901299836694,8.311047956852294e-18,p1db,4.5201474208605464e-17,1.2491326396621354e-17,1743,1744,-121.78893303574499
1205,-0.05035148428609659,9.590792490965447e-18,p1db,4.242087889032722e-17,1.2681699585402097e-17,1744,1745,-121.80386314611127
1206,-0.1180146286045769,1.0715058510026581e-17,p1db,3.959364419329055e-17,1.2850717003252617e-17,1745,1746,-121.88963600431718
1207,-0.1800442220924836,1.161382483555413e-17,p1db,3.694871715643881e-17,1.2993484649927033e-17,1746,1747,-122.03989240332042
1208,-0.23462899359018508,1.2243193553338316e-17,p1db,3.4747589452014185e-17,1.3107133596740874e-17,1747,1748,-122.24972444850215
1209,-0.2742321082196071,1.2577231021630714e-17,p1db,3.3256601509793817e-17,1.3190188209071067e-17,1748,1749,-122.50915039050079
1210,-0.2892941493775183,1.2603832389637476e-17,p1db,3.2690055908944237e-17,1.3241633403939295e-17,1749,1750,-122.79818866494136
1211,-0.2747387765216587,1.2322670799582804e-17,p1db,3.3139157943956957e-17,1.3260139783072104e-17,1750,1751,-123.08773868925583
1212,-0.2338838573544848,1.1744796918868635e-17,p1db,3.4533469064579057e-17,1.3243856883823028e-17,1751,1752,-123.34766621798468
1213,-0.1752468301278043,1.089405362023317e-17,p1db,3.666877003409135e-17,1.319088732022965e-17,1752,1753,-123.5555064039648
1214,-0.10555855189947749,9.81081320063271e-18,p1db,3.927761243392376e-17,1.3100166306419041e-17,1753,1754,-123.69815987824029
1215,-0.024968820065957686,8.559425202938244e-18,p1db,4.2092955888351674e-17,1.2972274339774302e-17,1754,1755,-123.76662350776375
1216,0.07332985965721406,7.243152510939554e-18,p1db,4.48816800601964e-17,1.2809865417147063e-17,1755,1756,-123.7480975183722
1217,0.19375713872851463,6.033561543021457e-18,p1db,4.7453592458562646e-17,1.2617746116296558e-17,1756,1757,-123.61996378844933
1218,0.30622619992564637,5.207088063238185e-18,p1db,4.9658836148002943e-17,1.2402846338620408e-17,1757,1758,-123.36058324091518
1219,0.3403732842265157,5.081708082973694e-18,p1db,5.138250932643609e-17,1.2174194989540543e-17,1758,1759,-123.00751138859803
1220,0.27984975939075696,5.7266549047877275e-18,p1db,5.2540427295325375e-17,1.194273252037372e-17,1759,1760,-122.67983667246214
1221,0.1902106822906191,6.874804712985528e-18,p1db,5.307710320611164e-17,1.1720704093570959e-17,1760,1761,-122.44781186981652
1222,0.12016355199733653,8.216481648596861e-18,p1db,5.2965698705450546e-17,1.1520611827437799e-17,1761,1762,-122.2994153078809
1223,0.07223318137700119,9.542362517012955e-18,p1db,5.22090858998475e-17,1.1354033461608477e-17,1762,1763,-122.20748476582185
1224,0.03666204863718292,1.0722310563723895e-17,p1db,5.084100834419071e-17,1.1230693173633019e-17,1763,1764,-122.1549489451269
1225,0.005775816549764556,1.1672865081185354e-17,p1db,4.8926762515191573e-17,1.115790500485749e-17,1764,1765,-122.13416066854748
1226,-0.025215277446108075,1.2340799990874865e-17,p1db,4.6563743675924984e-17,1.1140187097657317e-17,1765,1766,-122.14339731202737
1227,-0.05922931050304214,1.2695700975384876e-17,p1db,4.3882943315547815e-17,1.1178842053026064e-17,1766,1767,-122.1845912234397
1228,-0.09764956581809514,1.2725871273355574e-17,p1db,4.1052156222189445e-17,1.1271626008748613e-17,1767,1768,-122.26185593303346
1229,-0.13972130140438566,1.2435342992163603e-17,p1db,3.8279647460338747e-17,1.1412876293848371e-17,1768,1769,-122.37989035507589
1230,-0.1811028686732783,1.1841696081337027e-17,p1db,3.581307728214576e-17,1.1594290067164753e-17,1769,1770,-122.54129853584223
1231,-0.2123926457913754,1.0975290094764405e-17,p1db,3.392318442894952e-17,1.1806089555474348e-17,1770,1771,-122.74209609242244
1232,-0.21969212654725112,9.880990026299358e-18,p1db,3.286002623720216e-17,1.2038029901355606e-17,1771,1772,-122.96608382742498
1233,-0.1886689241628332,8.624144224031263e-18,p1db,3.278380802103318e-17,1.2279858112643895e-17,1772,1773,-123.18148034551695
1234,-0.10982167404828402,7.304348640034763e-18,p1db,3.370500728121753e-17,1.252125453149573e-17,1773,1774,-123.34342167575065
1235,0.014594793680679174,6.083193131852743e-18,p1db,3.548077403051812e-17,1.2751634810815737e-17,1774,1775,-123.40112369361351
1236,0.14772128424938558,5.2209220004817565e-18,p1db,3.787070490777831e-17,1.2960245560950225e-17,1775,1776,-123.31423208838929
1237,0.21267594137705714,5.0295361702478886e-18,p1db,4.060683604648268e-17,1.3136770159024025e-17,1776,1777,-123.10568112511474
1238,0.18129520232413654,5.605167905542677e-18,p1db,4.3439893380631576e-17,1.3272335479378395e-17,1777,1778,-122.88888020563518
1239,0.11283797820060926,6.707793759577638e-18,p1db,4.6157342869586066e-17,1.3360550552285439e-17,1778,1779,-122.74309072046647
1240,0.05982686448094654,8.032757884624284e-18,p1db,4.858537298930276e-17,1.3398129494320912e-17,1779,1780,-122.66320424923396
1241,0.02863564287099507,9.368758290314382e-18,p1db,5.058589086269158e-17,1.3384801600385735e-17,1780,1781,-122.62343699150458
1242,0.011166811954723244,1.0582495172289268e-17,p1db,5.2053976395924164e-17,1.3322565179317065e-17,1781,1782,-122.60593296349197
1243,0.0008944875348362302,1.1585334057950942e-17,p1db,5.291695317750792e-17,1.3214743399051461e-17,1782,1783,-122.60110336759513
1244,-0.005840013107899722,1.2316526438424397e-17,p1db,5.313416417426781e-17,1.3065463527009624e-17,1783,1784,-122.6041439884223
1245,-0.011029990071399709,1.2736799306002866e-17,p1db,5.269637936726148e-17,1.287988874824384e-17,1784,1785,-122.61278339381093
1246,-0.01589831058333857,1.2825976849395688e-17,p1db,5.162473800515445e-17,1.2664922646982485e-17,1785,1786,-122.6262039685651
1247,-0.02129347132104442,1.2581704172746555e-17,p1db,4.997006035174951e-17,1.2429667224105239e-17,1786,1787,-122.6445800149776
1248,-0.02768982452897717,1.2018408981610499e-17,p1db,4.781343269711207e-17,1.21850609859749e-17,1787,1788,-122.66879091120718
1249,-0.03481957864854479,1.1166689612269352e-17,p1db,4.5268347726994955e-17,1.1942766010358048e-17,1788,1789,-122.69995966403556
1250,-0.04080200848935078,1.00740727391364e-17,p1db,4.24840298702497e-17,1.1713969697176274e-17,1789,1790,-122.73843006850427
1251,-0.04051955200890234,8.809130342951594e-18,p1db,3.964893119262689e-17,1.1508802942238896e-17,1790,1791,-122.78156368101426
1252,-0.023786628937536136,7.472859817664985e-18,p1db,3.699169014222023e-17,1.1336513049797105e-17,1791,1792,-122.81946917252208
1253,-0.6126130550466939,6.2237483334829666e-18,p1db,3.477300823216645e-17,1.120591382893535e-17,1792,1793,-122.82913693888933
1254,-0.6678799227759242,1.1866626060674402e-17,p1db,7.154172758174766e-17,1.1482298047029145e-17,2422,2423,-124.04469528261546
1255,-0.1143615469370971,1.2077618428109467e-17,p1db,7.238439414413489e-17,1.1450648710783574e-17,2423,2424,-124.16489678444118
1256,-0.09968489193134644,1.2001090108034985e-17,p1db,7.372730258973667e-17,1.1478529812650899e-17,2424,2425,-124.27341837648966
1257,-0.07939476811331758,1.164199113164773e-17,p1db,7.545534502239189e-17,1.1560077718821299e-17,2425,2426,-124.36426656830388
1258,-0.0537412482779871,1.1015809734834792e-17,p1db,7.741568938830865e-17,1.1685135283434339e-17,2426,2427,-124.4322079127163
1259,-0.021651418192810468,1.0152249745717632e-17,p1db,7.94323250493458e-17,1.1842563899557268e-17,2427,2428,-124.47174906485985
1260,0.019880716078219507,9.105845878146246e-18,p1db,8.133108743226358e-17,1.2022962616807354e-17,2428,2429,-124.47551074910191
1261,0.0754214714342325,7.971802895962404e-18,p1db,8.296428012718437e-17,1.2218692886907951e-17,2429,2430,-124.43198763270341
1262,0.14561277348239798,6.904764890941859e-18,p1db,8.4222552765038e-17,1.2421586901515132e-17,2430,2431,-124.32466780623345
1263,0.21211772733052925,6.1290987296544524e-18,p1db,8.50315340706057e-17,1.2621258735350821e-17,2431,2432,-124.14076208573861
1264,0.23449247096548476,5.88683336373694e-18,p1db,8.534261734235742e-17,1.2806590078534719e-17,2432,2433,-123.90043235157239
1265,0.1931934167811491,6.273611302963198e-18,p1db,8.512990523477378e-17,1.296969711827613e-17,2433,2434,-123.67177714380765
1266,0.11757696145927099,7.148915882292294e-18,p1db,8.439693699517779e-17,1.3108845773346544e-17,2434,2435,-123.5140455180101
1267,0.04489093184382398,8.276843319785928e-18,p1db,8.318640694663559e-17,1.3227319845022297e-17,2435,2436,-123.4366232208891
1268,-0.012100211399904026,9.460835946783777e-18,p1db,8.158341175926768e-17,1.3328719684852282e-17,2436,2437,-123.42426365432244
1269,-0.055090089765108985,1.0563004213877834e-17,p1db,7.970865113401054e-17,1.341232989441522e-17,2437,2438,-123.46082364368891
1270,-0.08779619030154606,1.1486815994947783e-17,p1db,7.770532793385565e-17,1.3472221740950086e-17,2438,2439,-123.53444383385266
1271,-0.11253151380253001,1.2166217029193299e-17,p1db,7.57260365748916e-17,1.350073555635983e-17,2439,2440,-123.636416024292
1272,-0.13017650247010693,1.2562299001122859e-17,p1db,7.392327943851898e-17,1.3493466329199917e-17,2440,2441,-123.75950686145772
1273,-0.14062682031823925,1.2660336499608633e-17,p1db,7.244258706039377e-17,1.3451734539187132e-17,2441,2442,-123.89676902923222
1274,-0.14310884977754768,1.2464229126898368e-17,p1db,7.141391107002901e-17,1.3380746956348367e-17,2442,2443,-124.0407605020942
1275,-0.13633233033104375,1.1990707203652253e-17,p1db,7.093747558307928e-17,1.3285324868860675e-17,2443,2444,-124.18298672878731
1276,-0.11850429303231635,1.126724354259752e-17,p1db,7.106538422880761e-17,1.316699168267899e-17,2444,2445,-124.31342516275629
1277,-0.08719997949106784,1.0335832746924794e-17,p1db,7.178694264157019e-17,1.302481583506108e-17,2445,2446,-124.41999531485195
1278,-0.03931261069582348,9.262755636400251e-18,p1db,7.302731714450025e-17,1.2859107797200757e-17,2446,2447,-124.48782512173842
1279,0.02750995118136501,8.153967470364004e-18,p1db,7.466226268752172e-17,1.2674828916630128e-17,2447,2448,-124.49862053624359
1280,0.10810788914905345,7.17357467396248e-18,p1db,7.654160300528876e-17,1.2482160080421218e-17,2448,2449,-124.4328052193757
1281,0.17808219775867684,6.545125691715281e-18,p1db,7.8510244879174e-17,1.2294140208940644e-17,2449,2450,-124.28240475794549
1282,0.2018988583758201,6.476483431929722e-18,p1db,8.042039870778231e-17,1.2123234796532276e-17,2450,2451,-124.07664082385834
1283,0.1723866105525147,7.005963033566823e-18,p1db,8.213647195339463e-17,1.1978925503251664e-17,2451,2452,-123.87860704119385
1284,0.11930437916724657,7.96984895463862e-18,p1db,8.353792833065335e-17,1.1867464535812831e-17,2452,2453,-123.73186760275331
1285,0.07082733367520433,9.143458150073065e-18,p1db,8.45238602652812e-17,1.1793610378384647e-17,2453,2454,-123.63999828285935
1286,0.03469424980782776,1.0342583986266381e-17,p1db,8.501968195723988e-17,1.1762844001887231e-17,2454,2455,-123.5902129354029
1287,0.008146769683243349,1.1434423334162126e-17,p1db,8.498456119893294e-17,1.1781896538430308e-17,2455,2456,-123.5706097832437
1288,-0.012861917632434938,1.2323525833756205e-17,p1db,8.441760713940792e-17,1.185634735861771e-17,2456,2457,-123.57391939603642
1289,-0.030824936070544595,1.2943530607921326e-17,p1db,8.335995401293049e-17,1.1986593118547041e-17,2457,2458,-123.59633361850857
1290,-0.04658500083687045,1.325529059637764e-17,p1db,8.189026966427775e-17,1.2165499373634687e-17,2458,2459,-123.6355692681775
1291,-0.0600192587381585,1.3245750739867843e-17,p1db,8.011512769650297e-17,1.237990098034684e-17,2459,2460,-123.68950362018231
1292,-0.07057703125742165,1.2924868700318006e-17,p1db,7.816021747736867e-17,1.2614693451847977e-17,2460,2461,-123.75560778565382
1293,-0.07718773672238655,1.232152928746231e-17,p1db,7.616717218819404e-17,1.2856392987667227e-17,2461,2462,-123.83065768269715
1294,-0.07764762898607103,1.1480755073179773e-17,p1db,7.42932115893616e-17,1.3094295361367108e-17,2462,2463,-123.9099832590986
1295,-0.06809554503176685,1.046447880965244e-17,p1db,7.270456172065401e-17,1.3319673746631874e-17,2463,2464,-123.98595294066929
1296,-0.043516111499712906,9.358026351585872e-18,p1db,7.155727797071691e-17,1.3524580971841718e-17,2464,2465,-124.04617434916213
1297,-0.0009496279123482054,8.283191825876005e-18,p1db,7.096947869814988e-17,1.3701465685607984e-17,2465,2466,-124.07298516366872
1298,0.052483967864311865,7.411558463514069e-18,p1db,7.099798037421663e-17,1.3843856978426295e-17,2466,2467,-124.04807360498683
1299,0.09288710651093623,6.949295387524233e-18,p1db,7.163132791553174e-17,1.3947546475185946e-17,2467,2468,-123.9680172279401
1300,0.09529481500675274,7.047594795484466e-18,p1db,7.280053190442217e-17,1.4011320983811436e-17,2468,2469,-123.86229939196495
1301,0.06267977366357513,7.687827734468854e-18,p1db,7.439772476924819e-17,1.4036592654899146e-17,2469,2470,-123.77742759792659
1302,0.020595162231551,8.700116123882366e-18,p1db,7.629077789446202e-17,1.4026128102444212e-17,2470,2471,-123.7369398446378
1303,-0.012166518774961332,9.882126257750497e-18,p1db,7.832961765324506e-17,1.3982766204517355e-17,2471,2472,-123.73623727346349
1304,-0.03168965344185892,1.106661076328608e-17,p1db,8.035006501394692e-17,1.3908836772470035e-17,2472,2473,-123.76127288218773
1305,-0.040683780540916814,1.2128382895476654e-17,p1db,8.21844029386706e-17,1.3806229051184118e-17,2473,2474,-123.7996165803472
1306,-0.042594892549381314,1.2976691340486191e-17,p1db,8.368130206349195e-17,1.3676707977338205e-17,2474,2475,-123.84264044326956
1307,-0.039999960065451035,1.3550182729486941e-17,p1db,8.472700583914734e-17,1.352244820444482e-17,2475,2476,-123.88480636544597
1308,-0.03454095002967961,1.3813507743789455e-17,p1db,8.525554602923441e-17,1.3346974696619979e-17,2476,2477,-123.92264036340046
1309,-0.027076339282274375,1.3753516426844197e-17,p1db,8.524362852200312e-17,1.3156190860704675e-17,2477,2478,-123.95388826550533
1310,-0.017758035611841194,1.3376446754830282e-17,p1db,8.469851884238081e-17,1.2958785171045447e-17,2478,2479,-123.97679304196501
1311,-0.0060309422663635814,1.2708254152628533e-17,p1db,8.365175055994626e-17,1.2765814951166035e-17,2479,2480,-123.98940433672901
1312,0.009421610935611113,1.1798103690841145e-17,p1db,8.216358677631069e-17,1.258990949684237e-17,2480,2481,-123.98885492649774
1313,0.030621111803213807,1.0723668343626135e-17,p1db,8.033162175258908e-17,1.2444302841514428e-17,2481,2482,-123.97056111485779
1314,0.05936201869045732,9.59749234780698e-18,p1db,7.829268825251809e-17,1.2341326364080122e-17,2482,2483,-123.92761270289131
1315,0.0937004270126991,8.572712106514311e-18,p1db,7.621251414483076e-17,1.2290354920841528e-17,2483,2484,-123.85183707747687
1316,0.12199194736188446,7.837297272584643e-18,p1db,7.426621220824629e-17,1.229629367073616e-17,2484,2485,-123.74021184886591
1317,0.12437648780545629,7.569044944296085e-18,p1db,7.261775474702073e-17,1.2359786223976e-17,2485,2486,-123.6078531827531
1318,0.09129924157435454,7.843636447550515e-18,p1db,7.140520328851907e-17,1.2478848148817376e-17,2486,2487,-123.491458873255
1319,0.036531073415822846,8.582847370289787e-18,p1db,7.073243803278012e-17,1.2650224470253398e-17,2487,2488,-123.4252546996044
1320,-0.017464399095111105,9.61568163025168e-18,p1db,7.066267688552297e-17,1.2869082993022645e-17,2488,2489,-123.41839672642335
1321,-0.05768392799786426,1.0766231459691519e-17,p1db,7.120944179647986e-17,1.3127366909739768e-17,2489,2490,-123.46018349779462
1322,-0.08164370724266945,1.189063165938442e-17,p1db,7.232710570969398e-17,1.3412548561721934e-17,2490,2491,-123.53376458241908
1323,-0.09166758442168543,1.2879661140833416e-17,p1db,7.390933349876116e-17,1.3708416667205026e-17,2491,2492,-123.62347091227996
1324,-0.09137274775276438,1.3654247480504543e-17,p1db,7.58022197108082e-17,1.3997990955991942e-17,2492,2493,-123.71709975126245
1325,-0.08425367657882532,1.416145555788717e-17,p1db,7.782970916049896e-17,1.426671977023938e-17,2493,2494,-123.80621640778548
1326,-0.07299107056508802,1.4370431983126353e-17,p1db,7.982018246491901e-17,1.450329809353907e-17,2494,2495,-123.8856071044201
1327,-0.05903534739746874,1.4268161603020842e-17,p1db,8.16230193144595e-17,1.4697142325282828e-17,2495,2496,-123.95219854891566
1328,-0.0424512705853104,1.3857033726501707e-17,p1db,8.311261012656766e-17,1.483517739383052e-17,2496,2497,-124.00367779921504
1329,-0.022040009474352473,1.3157081048628471e-17,p1db,8.418681909773017e-17,1.490251693562591e-17,2497,2498,-124.03710109008628
1330,0.004289021421811867,1.22141367124229e-17,p1db,8.476873187527517e-17,1.4888497114628634e-17,2498,2499,-124.04775781816375
1331,0.038723598114245306,1.1111883307011216e-17,p1db,8.481374878182935e-17,1.479347343402469e-17,2499,2500,-124.02852304724266
1332,0.08143792170761799,9.983082953550355e-18,p1db,8.431676070082292e-17,1.4629740328112815e-17,2500,2501,-123.97031062193525
1333,0.1259197167577497,9.011952134602082e-18,p1db,8.331401153372609e-17,1.441524848120296e-17,2501,2502,-123.86564720382742
1334,0.1551036840679103,8.408856352193287e-18,p1db,8.187941397229223e-17,1.4165827233197005e-17,2502,2503,-123.71847118841976
1335,0.15028476546439862,8.332406092570013e-18,p1db,8.011813439864615e-17,1.3892481383272355e-17,2503,2504,-123.5554398356916
1336,0.11054098856661199,8.794326764479135e-18,p1db,7.815918670391374e-17,1.3604736110195004e-17,2504,2505,-123.41790165749096
1337,0.054151302458855355,9.659332685459262e-18,p1db,7.614752634233509e-17,1.3315532539686273e-17,2505,2506,-123.33435785855838
1338,-0.00035383035628910875,1.07398840678711e-17,p1db,7.423650240182551e-17,1.3042832593599185e-17,2506,2507,-123.30959905257325
1339,-0.04462858345704035,1.186926803361528e-17,p1db,7.258079273353622e-17,1.2806708384124361e-17,2507,2508,-123.33506551927096
1340,-0.0770280900276532,1.2918928739614547e-17,p1db,7.132699369999701e-17,1.2624178807309639e-17,2508,2509,-123.39885621948733
1341,-0.09777716243578993,1.3793541682437577e-17,p1db,7.059793649180098e-17,1.2505197949548564e-17,2509,2510,-123.48912169932626
1342,-0.10735172716555041,1.4425753538162523e-17,p1db,7.047155756761123e-17,1.2452105500489688e-17,2510,2511,-123.59441054435891
1343,-0.10664118904834652,1.4773666644813284e-17,p1db,7.096273869838326e-17,1.2462412322842037e-17,2511,2512,-123.70382515365736
1344,-0.09721293704812695,1.4818429326806767e-17,p1db,7.201859041414384e-17,1.253247248358497e-17,2512,2513,-123.8076929224556
1345,-0.08098111605063707,1.4560566844391688e-17,p1db,7.353051013663182e-17,1.2659092177611768e-17,2513,2514,-123.89825102775362
1346,-0.05941516290155846,1.401654388560528e-17,p1db,7.535636015042563e-17,1.2837980000695935e-17,2514,2515,-123.96965515455688
1347,-0.03279396295856429,1.321866622040248e-17,p1db,7.734197457303173e-17,1.3060706421025627e-17,2515,2516,-124.01708135355673
1348,2.297246032867406e-05,1.2220698682364327e-17,p1db,7.933465352341925e-17,1.331311533200056e-17,2516,2517,-124.035243080474
1349,0.04082864406137787,1.110904603892183e-17,p1db,8.11882916307225e-17,1.3576841478617704e-17,2517,2518,-124.01703540863608
1350,0.08934182815155367,1.0015939122100715e-17,p1db,8.276582914682148e-17,1.3833183685587382e-17,2518,2519,-123.95358579235125
1351,0.13779703113119268,9.124435283251406e-18,p1db,8.394617821045729e-17,1.4067229766123378e-17,2519,2520,-123.83835175233297
1352,0.16801187091355274,8.640336010265112e-18,p1db,8.463773748195258e-17,1.4270266259446194e-17,2520,2521,-123.67799173008886
1353,0.16287812499142262,8.705699467015967e-18,p1db,8.479222900587763e-17,1.4439385562677754e-17,2521,2522,-123.50232801050586
1354,0.12466352957248006,9.306261819667078e-18,p1db,8.440909083342091e-17,1.457466144870916e-17,2522,2523,-123.35223548010602
1355,0.07212719912710241,1.0287416848744367e-17,p1db,8.352722100171513e-17,1.467604765589189e-17,2523,2524,-123.2530009513609
1356,0.02160210219787473,1.1453516550942467e-17,p1db,8.221173784315889e-17,1.4742520897918725e-17,2524,2525,-123.20798108185181
1357,-0.020677654010661684,1.263490717089424e-17,p1db,8.054704897928809e-17,1.477376915336365e-17,2525,2526,-123.20979674696515
1358,-0.05452326593999146,1.370243215012354e-17,p1db,7.864007874379072e-17,1.4772076623513078e-17,2526,2527,-123.24933638987314
1359,-0.0813629170385255,1.456315710502644e-17,p1db,7.662671479623556e-17,1.474210337445686e-17,2527,2528,-123.31884327884514
1360,-0.10221557599745523,1.515543995906419e-17,p1db,7.467028077507157e-17,1.468872558793386e-17,2528,2529,-123.41206222395019
1361,-0.11698489593398875,1.544500597576389e-17,p1db,7.294587025418824e-17,1.4614958439126335e-17,2529,2530,-123.52327443084005
1362,-0.1244827708928753,1.5420403772535008e-17,p1db,7.161410505979695e-17,1.4521582459600567e-17,2530,2531,-123.64603201581816
1363,-0.1229744319402144,1.508859385794932e-17,p1db,7.079536837785965e-17,1.4408503498294996e-17,2531,2532,-123.7722399726258
1364,-0.11084562515155483,1.4473277544520693e-17,p1db,7.055550326646674e-17,1.427677205282067e-17,2532,2533,-123.8919808796986
1365,-0.08695353122717364,1.3617688858555048e-17,p1db,7.09058244489971e-17,1.4130069796093647e-17,2533,2534,-123.99393122292891
1366,-0.05067786735011026,1.2591050507207104e-17,p1db,7.181044489428171e-17,1.3974884157610643e-17,2534,2535,-124.06588794215294
1367,-0.0023954004910322624,1.1496135341709716e-17,p1db,7.319162898252486e-17,1.3819269760816475e-17,2535,2536,-124.09528695762913
1368,0.0544465991846792,1.0474600750371727e-17,p1db,7.493145110928129e-17,1.3671062024016089e-17,2536,2537,-124.070678743135
1369,0.10971555713186376,9.702439693819647e-18,p1db,7.687696138566186e-17,1.3537027519196906e-17,2537,2538,-123.98639375925977
1370,0.14665615705850854,9.357066024257592e-18,p1db,7.885609058476488e-17,1.3423698418959227e-17,2538,2539,-123.85124762887128
1371,0.15255049899451478,9.54414761913165e-18,p1db,8.070215443750699e-17,1.3338789843704795e-17,2539,2540,-123.69308144514275
1372,0.13069776997077298,1.023266601976399e-17,p1db,8.227569252255312e-17,1.3291030491304937e-17,2540,2541,-123.54614663088225
1373,0.09609175528791525,1.1273314313295399e-17,p1db,8.347312900200515e-17,1.3287602002447388e-17,2541,2542,-123.4316859052012
1374,0.06172786295715582,1.2474767086808431e-17,p1db,8.422218929968246e-17,1.3331177133185796e-17,2542,2543,-123.35396312030642
1375,0.03303940668836702,1.3661579104645293e-17,p1db,8.447420066917475e-17,1.34194722834702e-17,2543,2544,-123.3082301792869
1376,0.010230032289463509,1.469693695806976e-17,p1db,8.420366206172427e-17,1.3547739286850718e-17,2544,2545,-123.28788430692968
1377,-0.008537047102791462,1.5487151342557917e-17,p1db,8.341626426606221e-17,1.3711399333981872e-17,2545,2546,-123.28777011470797
1378,-0.02515551287162765,1.597782704117124e-17,p1db,8.215770125881426e-17,1.3905860604813857e-17,2546,2547,-123.30495840113527
1379,-0.040516748310480466,1.6145133262397228e-17,p1db,8.051539845950543e-17,1.4123803224119037e-17,2547,2548,-123.33808114045122
1380,-0.0541950655942145,1.5986633033520307e-17,p1db,7.861171712292642e-17,1.4353282877217294e-17,2548,2549,-123.38599189775623
1381,-0.06469193219412261,1.551668912630256e-17,p1db,7.65924122688035e-17,1.4579444113468333e-17,2549,2550,-123.44647127163965
1382,-0.0698535291380793,1.4768139530410498e-17,p1db,7.461454213374438e-17,1.478904361374748e-17,2550,2551,-123.51537576214447
1383,-0.06717871016774524,1.3797882085931801e-17,p1db,7.283580674977032e-17,1.4974088421604363e-17,2551,2552,-123.58617832991581
1384,-0.05419995720463788,1.2692849154400203e-17,p1db,7.140485383437942e-17,1.513154214781552e-17,2552,2553,-123.64973318247996
1385,-0.02967696366937389,1.1574055507695364e-17,p1db,7.045026827808304e-17,1.5259626110834943e-17,2553,2554,-123.69457824432509
1386,0.0036549548245048413,1.0595749722746017e-17,p1db,7.00661319835982e-17,1.5354308275360737e-17,2554,2555,-123.70908710981871
1387,0.036263139106914366,9.930390997633048e-18,p1db,7.029569843328816e-17,1.540922557960918e-17,2555,2556,-123.68726833467608
1388,0.05465101227777325,9.724671751529538e-18,p1db,7.111980228135891e-17,1.5418991620556643e-17,2556,2557,-123.63656083160488
1389,0.05187228592142645,1.0034501280752637e-17,p1db,7.245742210411555e-17,1.5382789655190944e-17,2557,2558,-123.57796631012053
1390,0.033695204666081224,1.0794573578920641e-17,p1db,7.417978186196675e-17,1.530507166139608e-17,2558,2559,-123.53281625976203
1391,0.011619749143278568,1.1856632561885749e-17,p1db,7.613171567722995e-17,1.519289463152542e-17,2559,2560,-123.51057590078837
1392,-0.006426870244311544,1.3050017650526827e-17,p1db,7.815171748699093e-17,1.5052284651550762e-17,2560,2561,-123.50957676147547
1393,-0.017836236405607053,1.4218399392484345e-17,p1db,8.008568625580939e-17,1.4886588259834042e-17,2561,2562,-123.52342964127699
1394,-0.022850813661477787,1.5234493566862864e-17,p1db,8.179417865730712e-17,1.4697920281394326e-17,2562,2563,-123.54524923428669
1395,-0.022631783705847397,1.6005743420073732e-17,p1db,8.315580713432038e-17,1.4490472949281138e-17,2563,2564,-123.56913126859995
1396,-0.01860226178813207,1.6474509331424027e-17,p1db,8.407049113724438e-17,1.4273442654583255e-17,2564,2565,-123.59051280169838
1397,-0.01227650335044217,1.661312081837707e-17,p1db,8.446582576924241e-17,1.406169807604757e-17,2565,2566,-123.60633579217621
1398,-0.004937944030267261,1.6417239606894363e-17,p1db,8.430668404446688e-17,1.3873193482983292e-17,2566,2567,-123.61506580839927
1399,0.0029446113563906806,1.5902409811337145e-17,p1db,8.360323903372403e-17,1.3723651451606661e-17,2567,2568,-123.61621168023674
1400,0.012157592007909557,1.5105990809533808e-17,p1db,8.241097651680427e-17,1.3621457326804164e-17,2568,2569,-123.60917658568648
1401,0.024477396931153805,1.4093133372890265e-17,p1db,8.082153089660419e-17,1.3566815350694679e-17,2569,2570,-123.59189649622093
1402,0.04143922171967773,1.2963779488413503e-17,p1db,7.895075276237935e-17,1.3556220462700808e-17,2570,2571,-123.56022179182418
1403,0.062206433142549145,1.1856666608127937e-17,p1db,7.69317875106905e-17,1.358826081572264e-17,2571,2572,-123.50901805278157
1404,0.08110539696300378,1.0942977549135601e-17,p1db,7.491422312712208e-17,1.3665365497016003e-17,2572,2573,-123.43580892553908
1405,0.08758234408156795,1.0396963025828655e-17,p1db,7.306243412243504e-17,1.379014082372284e-17,2573,2574,-123.34680725885556
1406,0.07271961786235437,1.0337495415106794e-17,p1db,7.154470552955301e-17,1.3960114966267368e-17,2574,2575,-123.26064423737594
1407,0.03830296859770499,1.0772312011552544e-17,p1db,7.05108951525391e-17,1.4165918360555317e-17,2575,2576,-123.20136802313085
1408,-0.003674454935911342,1.1600364683997004e-17,p1db,7.006554625514687e-17,1.4394505749421854e-17,2576,2577,-123.18403830018053
1409,-0.040851605882792796,1.2667579475932936e-17,p1db,7.024861343384534e-17,1.4634645907057853e-17,2577,2578,-123.20871693300268
1410,-0.06705729270468197,1.3818479573578902e-17,p1db,7.103268793256892e-17,1.488024194104478e-17,2578,2579,-123.26574151194612
1411,-0.08159445623928718,1.4919127747716537e-17,p1db,7.233554875095682e-17,1.5128887641631827e-17,2579,2580,-123.34283151841204
1412,-0.08621780428130421,1.586297554128072e-17,p1db,7.403802382070849e-17,1.5376782233032694e-17,2580,2581,-123.42893042442469
1413,-0.08312955842449554,1.6570983912679385e-17,p1db,7.599699674444067e-17,1.5614041845866182e-17,2581,2582,-123.51526712697465
1414,-0.0742169948226632,1.6989225228297832e-17,p1db,7.805173512688521e-17,1.5824297479829807e-17,2582,2583,-123.59518954127368
1415,-0.06090729029335762,1.7085700458258798e-17,p1db,8.003064471170235e-17,1.5989185023682366e-17,2583,2584,-123.66370111661998
1416,-0.04415944527283955,1.6849377496044155e-17,p1db,8.176632474230499e-17,1.6094502425464557e-17,2584,2585,-123.7170041218604
1417,-0.024390173364814416,1.629319221230606e-17,p1db,8.311793665219887e-17,1.6133634220069803e-17,2585,2586,-123.75202000716565
1418,-0.0013739705214135256,1.5459363217080273e-17,p1db,8.398983080238319e-17,1.6106347383914363e-17,2586,2587,-123.76578446859003
1419,0.02561588974267437,1.4424005967524544e-17,p1db,8.433537619512557e-17,1.601510383734717e-17,2587,2588,-123.75476794820848
1420,0.056946149928585044,1.3299940004930367e-17,p1db,8.41465743592873e-17,1.586295834114872e-17,2588,2589,-123.71455268910468
1421,0.09055341820998564,1.2237018535401868e-17,p1db,8.344153695839416e-17,1.565505720346426e-17,2589,2590,-123.64087564835131
1422,0.1192783645148694,1.1413060820633376e-17,p1db,8.226125424907056e-17,1.5401825500816218e-17,2590,2591,-123.53344585268471
1423,0.13136955305538578,1.0999441093493607e-17,p1db,8.067600346017198e-17,1.5120210355683332e-17,2591,2592,-123.40231891932157
1424,0.11811112438795135,1.1096141951200257e-17,p1db,7.87922714422616e-17,1.4831332309360283e-17,2592,2593,-123.27070674657394
1425,0.08227045737039163,1.1678454467890822e-17,p1db,7.675121292968911e-17,1.455610406652756e-17,2593,2594,-123.16609667054567
1426,0.03588795655311117,1.2612819015860369e-17,p1db,7.471665953616361e-17,1.4311730703434608e-17,2594,2595,-123.10616583183315
1427,-0.009198929524302457,1.3723942235441342e-17,p1db,7.285707171369866e-17,1.4110899297325857e-17,2595,2596,-123.09432075743945
1428,-0.04639831982401432,1.4850599736670027e-17,p1db,7.132768523172134e-17,1.3963256697071966e-17,2596,2597,-123.12456369088176
1429,-0.07347355182958637,1.5868021774148248e-17,p1db,7.025699734507094e-17,1.3877134107459106e-17,2597,2598,-123.18711739708748
1430,-0.09031711333511794,1.6688646130799235e-17,p1db,6.973770195438556e-17,1.3859505747219388e-17,2598,2599,-123.27151079454093
1431,-0.0975483883528625,1.7254525580009606e-17,p1db,6.981901494583857e-17,1.3913828477179046e-17,2599,2600,-123.36775162375771
1432,-0.09594860108683889,1.7529170040174045e-17,p1db,7.049820460422628e-17,1.403742850369265e-17,2600,2601,-123.46660757124666
1433,-0.08636358703137148,1.7493065529033784e-17,p1db,7.171422966192244e-17,1.4220795700831872e-17,2601,2602,-123.55964882593139
1434,-0.06970987435787634,1.7144167679627848e-17,p1db,7.335046111531196e-17,1.4449780424033862e-17,2602,2603,-123.6393347453094
1435,-0.04684233617091138,1.65021514754234e-17,p1db,7.52506063395249e-17,1.4709293850282954e-17,2603,2604,-123.69906857464714
1436,-0.018339729034565266,1.5614176496173545e-17,p1db,7.724350725209101e-17,1.4985785102344563e-17,2604,2605,-123.73301941765122
1437,0.015445446971497745,1.4560364215171833e-17,p1db,7.91665982618822e-17,1.5266851719059905e-17,2605,2606,-123.73574803271627
1438,0.053587884643171435,1.3457523323583217e-17,p1db,8.087990185090869e-17,1.5539086186787075e-17,2606,2607,-123.70212852370823
1439,0.09271146789151175,1.245802797121523e-17,p1db,8.226972303888722e-17,1.5787198011921796e-17,2607,2608,-123.62857226342993
1440,0.1249715154421267,1.1735975002865696e-17,p1db,8.324715340222817e-17,1.599645381115979e-17,2608,2609,-123.5167055879252
1441,0.13948905930841704,1.1448490740608149e-17,p1db,8.374737844399167e-17,1.6157059933967874e-17,2609,2610,-123.37862923254568
1442,0.12954439203320334,1.1674296059114863e-17,p1db,8.373257138118232e-17,1.6266586025658515e-17,2610,2611,-123.23772746930837
1443,0.09869816759208305,1.237128793151668e-17,p1db,8.319732027800298e-17,1.632790303458534e-17,2611,2612,-123.11954044847927
1444,0.05751776416831689,1.3396875976245012e-17,p1db,8.217357014607282e-17,1.6344419643699836e-17,2612,2613,-123.0403311341242
1445,0.015702418234837978,1.456954989739848e-17,p1db,8.073200163719342e-17,1.6317189443259077e-17,2613,2614,-123.00450492014264
1446,-0.021440373124484324,1.572092234312947e-17,p1db,7.897792739646464e-17,1.624657830488875e-17,2614,2615,-123.00892629765453
1447,-0.052090637584043975,1.6720474888013507e-17,p1db,7.704224418059268e-17,1.613647079104097e-17,2615,2616,-123.0473856663916
1448,-0.07620753228268029,1.7480266206847568e-17,p1db,7.507091271871686e-17,1.5996463179193022e-17,2616,2617,-123.11310757282261
1449,-0.09427213461400896,1.794930790705633e-17,p1db,7.321677476170918e-17,1.583963917856988e-17,2617,2618,-123.19980073095697
1450,-0.10633212509794987,1.8104502427161863e-17,p1db,7.16333410768696e-17,1.5677695483847373e-17,2618,2619,-123.30165184205063
1451,-0.11141713353929106,1.7942785448666353e-17,p1db,7.046517490563465e-17,1.5517251371182615e-17,2619,2620,-123.41246498115287
1452,-0.10764359833550685,1.7477297776709062e-17,p1db,6.983026981697482e-17,1.5359884637409533e-17,2620,2621,-123.52448610912921
1453,-0.09301909773527228,1.6738799254592126e-17,p1db,6.979765115547833e-17,1.5205482889974025e-17,2621,2622,-123.62775217782388
1454,-0.06647402140070113,1.5781763858146058e-17,p1db,7.037104491189341e-17,1.5056304724675746e-17,2622,2623,-123.71052430459976
1455,-0.028652432337558764,1.469254672951793e-17,p1db,7.14883000303229e-17,1.491897082804749e-17,2623,2624,-123.76070022062528
1456,0.01741926925235049,1.3595031551916959e-17,p1db,7.303663671376169e-17,1.4803082993937867e-17,2624,2625,-123.76782916927488
1457,0.06538292318742833,1.2647100524235941e-17,p1db,7.487479836748325e-17,1.471731674607532e-17,2625,2626,-123.72586168212058
1458,0.10525842281899145,1.2018846450240613e-17,p1db,7.685188642610076e-17,1.4665688261483906e-17,2626,2627,-123.63706332290002
1459,0.12670122919861626,1.1846303674114893e-17,p1db,7.881788584404201e-17,1.4646959017549945e-17,2627,2628,-123.5153448364826
1460,0.12560209310035475,1.2176265306549761e-17,p1db,8.06276579481301e-17,1.4657968460524135e-17,2628,2629,-123.38366086450279
1461,0.10688823842539819,1.2944543027511616e-17,p1db,8.214463250074765e-17,1.4698373823320643e-17,2629,2630,-123.26414065028189
1462,0.07965787635584576,1.4007372607204136e-17,p1db,8.324998996737801e-17,1.4772676085826145e-17,2630,2631,-123.16988438765199
1463,0.0511108846699031,1.519366152364347e-17,p1db,8.385716165473521e-17,1.4887267560241575e-17,2631,2632,-123.1048248975702
1464,0.024901348644029042,1.634371256991852e-17,p1db,8.392411782553149e-17,1.5044412407795494e-17,2632,2633,-123.06766261831218
1465,0.002307498320199386,1.7328876061039807e-17,p1db,8.345485810376433e-17,1.5237973887944467e-17,2633,2634,-123.05502220028214
1466,-0.0165835037147275,1.8058215307708834e-17,p1db,8.248981806115271e-17,1.545441427577631e-17,2634,2635,-123.06304762167179
1467,-0.03225942882058064,1.84772241853787e-17,p1db,8.109471644306511e-17,1.5678232179567684e-17,2635,2636,-123.0881892077116
1468,-0.04534448225945198,1.8562551953113703e-17,p1db,7.935755143003644e-17,1.589757964307965e-17,2636,2637,-123.12756647931295
1469,-0.05611361561984296,1.8316232450901752e-17,p1db,7.739356189350134e-17,1.6106021535267008e-17,2637,2638,-123.1788781722305
1470,-0.0640196402879667,1.7761983919688244e-17,p1db,7.53487384646052e-17,1.6299706257418286e-17,2638,2639,-123.23979371055263
1471,-0.06743431449211812,1.694491055195976e-17,p1db,7.339265461716318e-17,1.647287309625087e-17,2639,2640,-123.30691745280643
1472,-0.06387648651855926,1.593445968805072e-17,p1db,7.169923989785192e-17,1.66158160802462e-17,2640,2641,-123.37466233953687
1473,-0.05100330396179942,1.48289549574674e-17,p1db,7.042207343113885e-17,1.6717254254661304e-17,2641,2642,-123.43467042584355
1474,-0.028486505092509162,1.3758525127754409e-17,p1db,6.967363767390064e-17,1.6769333265103758e-17,2642,2643,-123.47666894746047
1475,-0.00027096601519360775,1.2880544125823102e-17,p1db,6.951485368273187e-17,1.6771310699028563e-17,2643,2644,-123.49164343602857
1476,0.024922581721860126,1.2357244384101796e-17,p1db,6.995441766729505e-17,1.6729060714881483e-17,2644,2645,-123.47721087949085
1477,0.037846654637249344,1.2308158199342878e-17,p1db,7.095216608601385e-17,1.6650817762279276e-17,2645,2646,-123.44179827258485
1478,0.03577352563317504,1.275699804529817e-17,p1db,7.242175144629273e-17,1.6542406194753123e-17,2646,2647,-123.40151757021636
1479,0.024225993110320587,1.3619153377553678e-17,p1db,7.423409536812567e-17,1.6405512520461658e-17,2647,2648,-123.3702512213185
1480,0.011259086967903897,1.4742577617569184e-17,p1db,7.622730998024488e-17,1.624024435224114e-17,2648,2649,-123.35306558399571
1481,0.0018441093061341007,1.5961349577103898e-17,p1db,7.822579691848042e-17,1.6049975985006182e-17,2649,2650,-123.34773304738269
1482,-0.0029449272163049045,1.7127970036600967e-17,p1db,8.006365166109835e-17,1.584455581089153e-17,2650,2651,-123.34937736538345
1483,-0.004076729283234215,1.812389260568956e-17,p1db,8.1602944585267e-17,1.5638849843864447e-17,2651,2652,-123.3536229018153
1484,-0.0028025356556469205,1.8859688338380065e-17,p1db,8.274054114816213e-17,1.5447232029618413e-17,2652,2653,-123.35753082394992
1485,0.00014103957283850832,1.9273146976188603e-17,p1db,8.340517444567467e-17,1.527860414419614e-17,2653,2654,-123.3592279731266
1486,0.004493064365838961,1.932918724956741e-17,p1db,8.355255450171144e-17,1.51367728419109e-17,2654,2655,-123.35724874480424
1487,0.010086713406344927,1.9022239765679505e-17,p1db,8.316558193716373e-17,1.5025900519414764e-17,2655,2656,-123.35024184439492
1488,0.016676694550696425,1.837944360613726e-17,p1db,8.226044760975874e-17,1.4954909090646433e-17,2656,2657,-123.33707531799155
1489,0.024167675817459155,1.7462175473465072e-17,p1db,8.089337362469003e-17,1.4935223246306416e-17,2657,2658,-123.31688845529352
1490,0.032865751280823474,1.6364570457731378e-17,p1db,7.916182802575725e-17,1.4973450331267766e-17,2658,2659,-123.28873996635663
1491,0.04308784580093317,1.5209635359357055e-17,p1db,7.719779072933237e-17,1.5066358502053893e-17,2659,2660,-123.25115695273188
1492,0.05378168985977538,1.414362786184161e-17,p1db,7.515515729471936e-17,1.5203074116308224e-17,2660,2661,-123.20256427475476
1493,0.06088543492754184,1.3325185846993e-17,p1db,7.319565175405157e-17,1.537191352377689e-17,2661,2662,-123.14359357301232
1494,0.057792446664663544,1.2899613536868312e-17,p1db,7.147688046791156e-17,1.5565227474279655e-17,2662,2663,-123.08079340489968
1495,0.03987617970557267,1.2954259139617497e-17,p1db,7.01430238558236e-17,1.5778602736294582e-17,2663,2664,-123.028008679683
1496,0.009641533098438515,1.347852910262531e-17,p1db,6.931519065675708e-17,1.600655807888321e-17,2664,2665,-123.00104104548853
1497,-0.024080206958380757,1.4366590905941053e-17,p1db,6.907797271259168e-17,1.62396215721265e-17,2665,2666,-123.00872561348612
1498,-0.05226214224587977,1.546216775700935e-17,p1db,6.946320896072141e-17,1.646564113692261e-17,2666,2667,-123.0492014594053
1499,-0.07022795010053784,1.6606966159502654e-17,p1db,7.043829019439238e-17,1.6673967827207784e-17,2667,2668,-123.11324989797788
1500,-0.0777742758889346,1.7667895328595846e-17,p1db,7.190753135881844e-17,1.685853023719034e-17,2668,2669,-123.18965735960637
1501,-0.07708019969859947,1.854438810870942e-17,p1db,7.372834875062544e-17,1.7016847392477483e-17,2669,2670,-123.26879844975575
1502,-0.07070600018723638,1.916517687144062e-17,p1db,7.573524368857769e-17,1.7145794655593184e-17,2670,2671,-123.34381775900357
1503,-0.06047832355563543,1.9482249712321573e-17,p1db,7.776182117396303e-17,1.7238187010684492e-17,2671,2672,-123.41021045013022
1504,-0.04720301145164996,1.946732378394808e-17,p1db,7.965492929990014e-17,1.72838207598161e-17,2672,2673,-123.46477440611484
1505,-0.03088128830822967,1.9113572326887003e-17,p1db,8.128056400872284e-17,1.7274451682531653e-17,2673,2674,-123.50461647303352
1506,-0.011133802012487592,1.8442036325053703e-17,p1db,8.252513098334817e-17,1.7208243021033272e-17,2674,2675,-123.5265369827313
1507,0.012321472470198103,1.750935113851268e-17,p1db,8.329753706412315e-17,1.7089873415625074e-17,2675,2676,-123.5268840770585
1508,0.03914707461117217,1.6412384165653625e-17,p1db,8.353625602068414e-17,1.6927062047272292e-17,2676,2677,-123.5018940377909
1509,0.06770883120472604,1.5285979427492867e-17,p1db,8.321993555573163e-17,1.672739855765502e-17,2677,2678,-123.44858992783615
1510,0.09419441427810682,1.429128711255681e-17,p1db,8.237415662318982e-17,1.649800459074677e-17,2678,2679,-123.36647637538145
1511,0.11219690843645225,1.359273014073995e-17,p1db,8.106777786255876e-17,1.6247380905663132e-17,2679,2680,-123.26020109927994
1512,0.11451379876476864,1.3321954100785428e-17,p1db,7.940073295891646e-17,1.59875152741649e-17,2680,2681,-123.14208255850855
1513,0.0975901721829473,1.3535306091577393e-17,p1db,7.749231577416017e-17,1.573486468747505e-17,2681,2682,-123.0311735017504
1514,0.06467725427503979,1.418967437664985e-17,p1db,7.547678684716435e-17,1.550929747262484e-17,2682,2683,-122.94690221414265
1515,0.023812450330233048,1.5159633814350214e-17,p1db,7.350415999517613e-17,1.5330588141115673e-17,2683,2684,-122.90181899320032
1516,-0.016824482549644415,1.6283667841160773e-17,p1db,7.173747658647754e-17,1.5213658551121953e-17,2684,2685,-122.89927731348219
1517,-0.05148066325607914,1.7407313357402665e-17,p1db,7.033933150453998e-17,1.516546579089985e-17,2685,2686,-122.93546795829961
1518,-0.07689920213817203,1.840645403577062e-17,p1db,6.944809389272462e-17,1.5185870418691026e-17,2686,2687,-123.00223863999435
1519,-0.09178628832478353,1.9192664134691732e-17,p1db,6.915238547017121e-17,1.5271710012377594e-17,2687,2688,-123.08926636257596
1520,-0.09643739028135201,1.9708704884387824e-17,p1db,6.947537238602315e-17,1.542047862864683e-17,2688,2689,-123.18581121664391
1521,-0.09222649761965585,1.99215622504851e-17,p1db,7.037554066206409e-17,1.5630265918419824e-17,2689,2690,-123.28214114313866
1522,-0.08080447872644925,1.981775647874951e-17,p1db,7.176063223598368e-17,1.5895803249851855e-17,2690,2691,-123.37026421188322
1523,-0.06335090881255923,1.9402697404978172e-17,p1db,7.35044777395792e-17,1.62039484067698e-17,2691,2692,-123.44375010059156
1524,-0.04032246029520792,1.8703722549922744e-17,p1db,7.54588901416937e-17,1.6532865800694468e-17,2692,2693,-123.49696602950834
1525,-0.011822165941545393,1.7775650718189195e-17,p1db,7.746161714245318e-17,1.6856615193633573e-17,2693,2694,-123.52439502118197
1526,0.021579333029336567,1.6707303833871975e-17,p1db,7.934705283407156e-17,1.7152663229378775e-17,2694,2695,-123.52061036139143
1527,0.057732934711943074,1.562589798586991e-17,p1db,8.09630961944846e-17,1.7407241671820935e-17,2695,2696,-123.4812363551233
1528,0.09173442160844303,1.4692782361448784e-17,p1db,8.218916770882192e-17,1.7614812169163194e-17,2696,2697,-123.40514449196755
1529,0.11582177040510544,1.4080386491967833e-17,p1db,8.294641625705527e-17,1.777265186972916e-17,2697,2698,-123.29776751190641
1530,0.12238854850690473,1.3924210384259453e-17,p1db,8.319613914267346e-17,1.787592252450522e-17,2698,2699,-123.17350095115734
1531,0.10927331164847942,1.4267171509852033e-17,p1db,8.293119655658429e-17,1.7918041636299674e-17,2699,2700,-123.0529904148926
1532,0.08158711570892052,1.5039305321762156e-17,p1db,8.21691669977528e-17,1.789581540010313e-17,2700,2701,-122.95495432786038
1533,0.04744833554893546,1.609242279816393e-17,p1db,8.095241524517918e-17,1.7814151896840648e-17,2701,2702,-122.88981618347476
1534,0.01294534946863024,1.7256547824198063e-17,p1db,7.935339961460895e-17,1.7685856420654583e-17,2702,2703,-122.8600576567625
1535,-0.019013212856705763,1.8379378499638786e-17,p1db,7.747912835488288e-17,1.7526617268974775e-17,2703,2704,-122.8639254845375
1536,-0.047190408590488175,1.934108375414001e-17,p1db,7.546901184293414e-17,1.734908741433617e-17,2704,2705,-122.89808408247592
1537,-0.07057386322285453,2.005497330825466e-17,p1db,7.348405744531486e-17,1.7160180099255443e-17,2705,2706,-122.95830630171848
1538,-0.08793721739829863,2.046456189211912e-17,p1db,7.168978778267093e-17,1.69629981693784e-17,2706,2707,-123.03923180892163
1539,-0.09804086307439519,2.054176914229426e-17,p1db,7.023817347964714e-17,1.6761518855005097e-17,2707,2708,-123.13418073651508
1540,-0.09987123434027723,2.0286107649355415e-17,p1db,6.925339862830544e-17,1.6564275371450434e-17,2708,2709,-123.23531353507042
1541,-0.09266350223973774,1.97231358756496e-17,p1db,6.882232033640159e-17,1.6383919710836056e-17,2709,2710,-123.33392320519563
1542,-0.07586845712681622,1.8902046578286504e-17,p1db,6.898668247918213e-17,1.6232659101552867e-17,2710,2711,-123.4206405395499
1543,-0.0493591211665958,1.7894469034757656e-17,p1db,6.973524387945987e-17,1.6117137930517435e-17,2711,2712,-123.48566011944926
1544,-0.014027339480051637,1.6796554752626327e-17,p1db,7.099942296445365e-17,1.6037157492540554e-17,2712,2713,-123.51935878188308
1545,0.027236711490665755,1.573314617384481e-17,p1db,7.265895056202057e-17,1.598938719554257e-17,2713,2714,-123.51371479840937
1546,0.06846768964944516,1.4856810107867414e-17,p1db,7.455939441275681e-17,1.597262595958052e-17,2714,2715,-123.46488535890175
1547,0.10079895052749066,1.4328388145536435e-17,p1db,7.653547266286794e-17,1.5989697724383757e-17,2715,2716,-123.37677941911048
1548,0.11596929383767929,1.4269802337260125e-17,p1db,7.843108543575179e-17,1.6044331238189252e-17,2716,2717,-123.26328745784677
1549,0.11179867752770889,1.4708086578416926e-17,p1db,8.011087271030072e-17,1.6136213959584568e-17,2717,2718,-123.14484083143512
1550,0.0935586792969616,1.555803155495786e-17,p1db,8.146375156421803e-17,1.6259061552124434e-17,2718,2719,-123.03969010279135
1551,0.06926084515248476,1.666176994277511e-17,p1db,8.240197255970248e-17,1.640352286964421e-17,2719,2720,-122.9577234728412
1552,0.04461483056108051,1.7847113370979223e-17,p1db,8.285995013002528e-17,1.6562133540626784e-17,2720,2721,-122.90116841248638
1553,0.021894319618034785,1.8964791165233455e-17,p1db,8.279674226846982e-17,1.673173328961068e-17,2721,2722,-122.86849381171903
1554,0.0013314656548146786,1.989948456582965e-17,p1db,8.220369797579197e-17,1.6911294302688604e-17,2722,2723,-122.85737977325032
1555,-0.01734890273890244,2.0567890061832087e-17,p1db,8.111381433048351e-17,1.7097467730106788e-17,2723,2724,-122.8658308804094
1556,-0.034099208489607236,2.0915169927630653e-17,p1db,7.960533144016735e-17,1.7282222722280238e-17,2724,2725,-122.89207757872812
1557,-0.04835968148285019,2.091395856928725e-17,p1db,7.779450863886612e-17,1.74547258812643e-17,2725,2726,-122.93402929738862
1558,-0.059230166389838246,2.0565541806606393e-17,p1db,7.582088414786048e-17,1.7605374927565225e-17,2726,2727,-122.98879694169382
1559,-0.06569177423543238,1.990158610098568e-17,p1db,7.383413329808022e-17,1.7728130049818003e-17,2727,2728,-123.0524896301683
1560,-0.06666734917647688,1.8984767248316742e-17,p1db,7.198792732138157e-17,1.781955943468595e-17,2728,2729,-123.12018049016469
1561,-0.06100113492747283,1.7906989385643768e-17,p1db,7.043662759183963e-17,1.7876386073967545e-17,2729,2730,-123.18582432852125
1562,-0.04777680824685149,1.6785145246283992e-17,p1db,6.932556923318312e-17,1.7894299036345405e-17,2730,2731,-123.24218276001963
1563,-0.027415262198246637,1.575546825337262e-17,p1db,6.877074955050514e-17,1.78690932310498e-17,2731,2732,-123.28137794501495
1564,-0.003252485907417224,1.496502741537781e-17,p1db,6.883449059755125e-17,1.779906199788074e-17,2732,2733,-123.29701328441612
1565,0.01817712495799384,1.4552495903568838e-17,p1db,6.951007879397434e-17,1.7686808218362134e-17,2733,2734,-123.28788291682979
1566,0.030175486326434964,1.4610912863838474e-17,p1db,7.072428272763284e-17,1.7539269880222746e-17,2734,2735,-123.26065903450014
1567,0.030615540083339,1.5146437239619705e-17,p1db,7.235551170012036e-17,1.7365889172437252e-17,2735,2736,-123.22753194417692
1568,0.023207932533999553,1.6068202422153392e-17,p1db,7.425683143365097e-17,1.717596167132281e-17,2736,2737,-123.19942795433346
1569,0.013941371856297735,1.72220169529584e-17,p1db,7.627328605865362e-17,1.6977002444175803e-17,2737,2738,-123.18111607910892
1570,0.007107844008046982,1.8439498109808226e-17,p1db,7.825014798862821e-17,1.6775722461387993e-17,2738,2739,-123.17154521062086
1571,0.004096353741900316,1.9572177766205832e-17,p1db,8.003658659277707e-17,1.658127377145827e-17,2739,2740,-123.16690039109282
1572,0.004214226205533578,2.050449926995277e-17,p1db,8.149225836494353e-17,1.6407786431598408e-17,2740,2741,-123.16335250313706
1573,0.005994406297830324,2.115412319685104e-17,p1db,8.250041307852728e-17,1.6272624453538668e-17,2741,2742,-123.15847193868176
1574,0.008260253533251216,2.1468489534925224e-17,p1db,8.298328645948271e-17,1.6190092133868456e-17,2742,2743,-123.1513636905414
1575,0.010651755677088204,2.142250850346897e-17,p1db,8.291091664484604e-17,1.6165234569130994e-17,2743,2744,-123.14195143161525
1576,0.013531256600479935,2.1019019668756164e-17,p1db,8.229836896883403e-17,1.6193347390663212e-17,2744,2745,-123.13006017918723
1577,0.017506769995058846,2.0291846242412908e-17,p1db,8.11954931119227e-17,1.6265709486960208e-17,2745,2746,-123.1148889184143
1578,0.022973571932944026,1.9309465287606367e-17,p1db,7.96783246307467e-17,1.6376152072497478e-17,2746,2747,-123.09504663919711
1579,0.02984278244502292,1.8175821507620504e-17,p1db,7.784723355201844e-17,1.652278636743689e-17,2747,2748,-123.0689417745484
1580,0.03725423424993579,1.7025500067892986e-17,p1db,7.582893526293099e-17,1.670425689522077e-17,2748,2749,-123.03536107430706
1581,0.04306679779778477,1.601240129269174e-17,p1db,7.37754251994502e-17,1.6914734228654714e-17,2749,2750,-122.99443330604853
1582,0.043603343989602195,1.5290468056816496e-17,p1db,7.185501963658997e-17,1.7142393988753332e-17,2750,2751,-122.94922747871149
1583,0.0349343612825308,1.4983368486976853e-17,p1db,7.02355091801942e-17,1.7372782505869514e-17,2751,2752,-122.90722661806933
1584,0.01591457524905593,1.5147720869312873e-17,p1db,6.906334292441763e-17,1.7594423619911193e-17,2752,2753,-122.87935875614643
1585,-0.00985648998099009,1.575141600210372e-17,p1db,6.844462964851438e-17,1.780230757654557e-17,2753,2754,-122.87539746757122
1586,-0.03587322937924853,1.6686775564953625e-17,p1db,6.843309221978977e-17,1.7996626789728247e-17,2754,2755,-122.89907173610841
1587,-0.05647918607281355,1.78083374535744e-17,p1db,6.902659635645819e-17,1.8177839904379906e-17,2755,2756,-122.94714392632972
1588,-0.06886630422518181,1.8968162758862883e-17,p1db,7.016969476320653e-17,1.8341890992464353e-17,2756,2757,-123.01203010825404
1589,-0.0727194097301549,2.0035478594922665e-17,p1db,7.175893145812739e-17,1.8479091036922214e-17,2757,2758,-123.08487653478008
1590,-0.06910482727607814,2.0904322234585834e-17,p1db,7.365109456026093e-17,1.8577258147348927e-17,2758,2759,-123.15746892771435
1591,-0.059659507822132696,2.1496320265956736e-17,p1db,7.567723797007057e-17,1.8626701358414882e-17,2759,2760,-123.22308618933224
1592,-0.04612597188152279,2.176186259792831e-17,p1db,7.766267079029138e-17,1.8623710887938176e-17,2760,2761,-123.27678794335861
1593,-0.029979313677024777,2.1679899231728637e-17,p1db,7.944767680246409e-17,1.8570509714281057e-17,2761,2762,-123.31533813309528
1594,-0.012071829970764725,2.125694213726383e-17,p1db,8.090199550359448e-17,1.8471942796667312e-17,2762,2763,-123.33674657071266
1595,0.007536946495825703,2.0527349139946186e-17,p1db,8.193018585494287e-17,1.8331491007151056e-17,2763,2764,-123.33948179303681
1596,0.02931663878259627,1.955633991992353e-17,p1db,8.247040436857187e-17,1.8150176278955332e-17,2764,2765,-123.32167267772101
1597,0.05343528857234503,1.8444273380443818e-17,p1db,8.249124181758823e-17,1.7930011522970677e-17,2765,2766,-123.28084851547162
1598,0.07846453042660073,1.7327866957544305e-17,p1db,8.199019858317e-17,1.7679478728197724e-17,2766,2767,-123.21480210057632
1599,0.1001653423632547,1.6371899519888096e-17,p1db,8.099533947896881e-17,1.7415832829432283e-17,2767,2768,-123.12391945461842
1600,0.11172399510234499,1.57431992596961e-17,p1db,7.956920417182882e-17,1.7161168275190572e-17,2768,2769,-123.01447141584981
1601,0.10690193293643802,1.5564263919159173e-17,p1db,7.781128441638122e-17,1.693482229661875e-17,2769,2770,-122.90047146441373
1602,0.08460010669514162,1.5866062545356972e-17,p1db,7.585437188873763e-17,1.6748316918558522e-17,2770,2771,-122.80066754997694
1603,0.05006162437224759,1.657723261858738e-17,p1db,7.385302242654462e-17,1.6606663008007882e-17,2771,2772,-122.73127125102344
1604,0.011205934880983648,1.7560025044385404e-17,p1db,7.19678062167909e-17,1.651379998338609e-17,2772,2773,-122.70054430123244
1605,-0.025538496087605722,1.8660304420157546e-17,p1db,7.035172400535146e-17,1.647645862825677e-17,2773,2774,-122.70885938126148
1606,-0.05638014213598552,1.9739785914550347e-17,p1db,6.914154541030955e-17,1.6502846580407135e-17,2774,2775,-122.75162129340765
1607,-0.0792105660491913,2.0686692356117784e-17,p1db,6.845001210191089e-17,1.659753846069288e-17,2775,2776,-122.82161966553345
1608,-0.09270773594724346,2.1415221630695937e-17,p1db,6.835276327991795e-17,1.6757141193442784e-17,2776,2777,-122.91004242550603
1609,-0.0962801029646485,2.1862868928352607e-17,p1db,6.887054398690669e-17,1.6970343005126673e-17,2777,2778,-123.00703513742793
1610,-0.09037513140679465,2.198993344736375e-17,p1db,6.995669709855449e-17,1.7222074006991172e-17,2778,2779,-123.10260263143533
1611,-0.07644182064076688,2.1781948319489506e-17,p1db,7.150102881106462e-17,1.7498136142061565e-17,2779,2780,-123.18778540024152
1612,-0.05636824421884512,2.1253240717586545e-17,p1db,7.335102589350968e-17,1.778660194443087e-17,2780,2781,-123.25548627271687
1613,-0.03178268492105474,2.0448819527210032e-17,p1db,7.533989769628212e-17,1.8075514610390704e-17,2781,2782,-123.30052188867921
1614,-0.0037219209659227204,1.9443271061437984e-17,p1db,7.730856559457968e-17,1.8350036086983297e-17,2782,2783,-123.31905164255897
1615,0.027032653022907027,1.8338461442513892e-17,p1db,7.911556915915425e-17,1.8592665910824984e-17,2783,2784,-123.30796573061106
1616,0.05886914348743488,1.726285037507531e-17,p1db,8.063761791852049e-17,1.878689001582328e-17,2784,2785,-123.26498633651316
1617,0.08784420834250994,1.6369703338395632e-17,p1db,8.176831456727023e-17,1.8921152037651486e-17,2785,2786,-123.19022744363619
1618,0.10724386054131685,1.5820729193787543e-17,p1db,8.242185149198333e-17,1.8990193644549453e-17,2786,2787,-123.08929791982814
1619,0.11039856571824203,1.5740937911205572e-17,p1db,8.254327986152796e-17,1.899391183765488e-17,2787,2788,-122.97573972255356
1620,0.09573212416763965,1.6160196217070264e-17,p1db,8.212014724334996e-17,1.893586776139025e-17,2788,2789,-122.86850078839166
1621,0.06838811669425127,1.6992310314553556e-17,p1db,8.118692884131973e-17,1.8822573232595225e-17,2789,2790,-122.78427547421828
1622,0.036126520244863514,1.807575228265358e-17,p1db,7.981798166097366e-17,1.8663023454177683e-17,2790,2791,-122.73172455500315
1623,0.004579727778782683,1.9236824799295914e-17,p1db,7.811411253727511e-17,1.8468058436864563e-17,2791,2792,-122.71202243372855
1624,-0.02387069811550191,2.0329815276149303e-17,p1db,7.619283284293743e-17,1.824992600989267e-17,2792,2793,-122.72256509944559
1625,-0.04865984121815359,2.1246773481333696e-17,p1db,7.418714352258783e-17,1.802196120573619e-17,2793,2794,-122.75976382995955
1626,-0.06942467022341958,2.191178019973528e-17,p1db,7.224758579676778e-17,1.779747085519544e-17,2794,2795,-122.8198847818819
1627,-0.08517570188560342,2.2273770645677263e-17,p1db,7.053752263151779e-17,1.7587635110633742e-17,2795,2796,-122.89861317040639
1628,-0.09425741890142092,2.23042502968202e-17,p1db,6.92161915860598e-17,1.739996272234802e-17,2796,2797,-122.9902361856531
1629,-0.09485652571842706,2.1999853171494687e-17,p1db,6.841324592639406e-17,1.72390661802362e-17,2797,2798,-123.08712800820923
1630,-0.08572847951489848,2.1386343617013397e-17,p1db,6.820506447835445e-17,1.7109390775062145e-17,2798,2799,-123.17994923708996
1631,-0.06674179847315997,2.0520422500352756e-17,p1db,6.860304392430027e-17,1.7017252298657557e-17,2799,2800,-123.25858496723903
1632,-0.03899706958510052,1.9487982998036926e-17,p1db,6.955751597000827e-17,1.6969773879087592e-17,2800,2801,-123.31343283403628
1633,-0.004711538771751123,1.840034896739065e-17,p1db,7.097216025219964e-17,1.697112436552458e-17,2801,2802,-123.33657910640923
1634,0.032629816424702085,1.7390334812058883e-17,p1db,7.271967434022668e-17,1.7019264953096574e-17,2802,2803,-123.32285591157978
1635,0.06776981237521085,1.6605325308698052e-17,p1db,7.465325817998073e-17,1.710646660464644e-17,2803,2804,-123.27131947355983
1636,0.09394531498180925,1.618769074365069e-17,p1db,7.661562912476777e-17,1.7223822401925325e-17,2804,2805,-123.18731628682936
1637,0.10540504468791312,1.6235572554454472e-17,p1db,7.845021473585266e-17,1.7366300409125745e-17,2805,2806,-123.08342884359621
1638,0.10095268751986453,1.6759821592093542e-17,p1db,8.001548208680518e-17,1.7533824674701385e-17,2806,2807,-122.97650619745353
1639,0.0846051205460796,1.767248308214152e-17,p1db,8.119801891080251e-17,1.7726866842311373e-17,2807,2808,-122.88152346855648
1640,0.06246717253971923,1.8819154994024207e-17,p1db,8.191933419690588e-17,1.794009150081483e-17,2808,2809,-122.80729595636137
1641,0.03941305861773259,2.002776171069913e-17,p1db,8.213582446453252e-17,1.8160118960918325e-17,2809,2810,-122.75658912347704
1642,0.018047684304669076,2.114430401681895e-17,p1db,8.183563270632932e-17,1.8370248714923566e-17,2810,2811,-122.7284698391259
1643,-0.0008217346751564492,2.204909533024766e-17,p1db,8.103626437764498e-17,1.8558407267758098e-17,2811,2812,-122.7204937548677
1644,-0.01744296196194739,2.266001464927852e-17,p1db,7.97843692315803e-17,1.87212108958717e-17,2812,2813,-122.73011330847622
1645,-0.032388397352356435,2.2929837392087947e-17,p1db,7.815728074947816e-17,1.886062917888149e-17,2813,2814,-122.7553796787916
1646,-0.045813012651343854,2.2842294459035258e-17,p1db,7.626479503471028e-17,1.8976726076647973e-17,2814,2815,-122.79489010318093
1647,-0.05693192863939345,2.240943980815245e-17,p1db,7.424793856491785e-17,1.9063328025186016e-17,2815,2816,-122.84700570409429
1648,-0.06402602866847218,2.1670942017271196e-17,p1db,7.227067571038467e-17,1.9110298859436926e-17,2816,2817,-122.90875396045972
1649,-0.06499666726513453,2.069451502153909e-17,p1db,7.050342177851223e-17,1.911003231749863e-17,2817,2818,-122.97505776143123
1650,-0.0582085885481618,1.9576368535616507e-17,p1db,6.910260079620598e-17,1.9062565551677113e-17,2818,2819,-123.03874729498999
1651,-0.043384726273458796,1.8440337647978194e-17,p1db,6.819302662225571e-17,1.8975456100391165e-17,2819,2820,-123.09147493852755
1652,-0.02243820443109712,1.743266216001438e-17,p1db,6.785666732548282e-17,1.885887306589633e-17,2820,2821,-123.1255167475369
1653,0.0001951467253675787,1.6706426955198682e-17,p1db,6.812613652267761e-17,1.8719804913872028e-17,2821,2822,-123.13635134738975
1654,0.018768985617988676,1.6390210629311108e-17,p1db,6.898019040358269e-17,1.8559790429015246e-17,2822,2823,-123.12512645408617
1655,0.029194190532614073,1.654751073936911e-17,p1db,7.034238029426472e-17,1.8377892840793457e-17,2823,2824,-123.09881337615377
1656,0.03135875317546066,1.7151761235837512e-17,p1db,7.208722971428889e-17,1.8176572176504383e-17,2824,2825,-123.06673807302094
1657,0.02827261438898887,1.8097738285109408e-17,p1db,7.405605983269103e-17,1.7965692828677794e-17,2825,2826,-123.03609586980285
1658,0.023311352135294783,1.9238590504856746e-17,p1db,7.607877808287734e-17,1.7761176114411363e-17,2826,2827,-123.01019284424297
1659,0.01856537052543672,2.0420972730827293e-17,p1db,7.79943425071189e-17,1.7579097436609655e-17,2827,2828,-122.98947316553226
1660,0.014927778087411525,2.15053238361435e-17,p1db,7.966397792290299e-17,1.7430016942077306e-17,2828,2829,-122.97306210319209
1661,0.012696988120055153,2.2375484147672004e-17,p1db,8.097562638612344e-17,1.731827519850897e-17,2829,2830,-122.95961760935744
1662,0.011874420208577874,2.2944755171854e-17,p1db,8.184258125101366e-17,1.724637007168632e-17,2830,2831,-122.94766812695198
1663,0.012192584378311722,2.3160694603834474e-17,p1db,8.220202250476167e-17,1.7219602518573286e-17,2831,2832,-122.93586876894028
1664,0.013171966106355626,2.3007398645723913e-17,p1db,8.201876022107066e-17,1.724599068179435e-17,2832,2833,-122.92328295819536
1665,0.014359889429343298,2.2504241406776573e-17,p1db,8.129477666941024e-17,1.7331202331915446e-17,2833,2834,-122.90952483672757
1666,0.015675505155705594,2.1701902192650257e-17,p1db,8.007832479950234e-17,1.7473047371688434e-17,2834,2835,-122.89456317933667
1667,0.01759607474038205,2.0677936088447042e-17,p1db,7.846372471608947e-17,1.7660279715884915e-17,2835,2836,-122.87817382641616
1668,0.020850879942713618,1.953450051441594e-17,p1db,7.657907381253743e-17,1.7876386689435782e-17,2836,2837,-122.85937102985591
1669,0.025460541778819845,1.8398773616172034e-17,p1db,7.456912411093078e-17,1.8105085638349345e-17,2837,2838,-122.83647206653073
1670,0.029494687346904414,1.7420704853494553e-17,p1db,7.258387535654597e-17,1.8333886598352853e-17,2838,2839,-122.80844994629827
1671,-0.15318115854793746,1.67564195497279e-17,p1db,7.077575966052766e-17,1.8554409076783845e-17,2839,2840,-122.77748269183692
1672,-0.19389865845688092,2.139367685286314e-17,p1db,7.103489659052225e-17,1.8236290591681675e-17,2870,2871,-123.11481226339414
1673,-0.041348404105583825,2.1397304738791137e-17,p1db,7.24167325984709e-17,1.79328306964206e-17,2871,2872,-123.16528000875068
1674,-0.021419653142956463,2.1213123949156294e-17,p1db,7.399572586264915e-17,1.7652972261685622e-17,2872,2873,-123.19750907160531
1675,0.001395991312065803,2.0854348512469186e-17,p1db,7.564256425341747e-17,1.7406435889464672e-17,2873,2874,-123.2081193150366
1676,0.025797285845399642,2.035807658079561e-17,p1db,7.722028795194211e-17,1.7202835356994638e-17,2874,2875,-123.19471708898118
1677,0.04978235639792672,1.9786685864389507e-17,p1db,7.859859243072013e-17,1.705370472605323e-17,2875,2876,-123.1565247433458
1678,0.07079611461561797,1.9220440514980366e-17,p1db,7.967050573282495e-17,1.6971834263743887e-17,2876,2877,-123.09515237618533
1679,0.08632539270482198,1.8742557677664824e-17,p1db,8.036328797948197e-17,1.696727295202677e-17,2877,2878,-123.01493251411456
1680,0.09451755528498751,1.84234151411481e-17,p1db,8.063881603168568e-17,1.7042675882629178e-17,2878,2879,-122.92250159077568
1681,0.09440002748151244,1.8310318437075898e-17,p1db,8.04867077862042e-17,1.7192108416673953e-17,2879,2880,-122.82589740354459
1682,0.08578288590631189,1.842277278189206e-17,p1db,7.991810189710573e-17,1.740443888783445e-17,2880,2881,-122.73370153581266
1683,0.06926400626837648,1.8749256068573595e-17,p1db,7.896537511525762e-17,1.7668015084063e-17,2881,2882,-122.65433163173196
1684,0.0463969128624484,1.9245814330130797e-17,p1db,7.768655356581729e-17,1.7972365012843936e-17,2882,2883,-122.5951735232759
1685,0.01963501034415316,1.984168821506355e-17,p1db,7.616886425598588e-17,1.830613660196592e-17,2883,2884,-122.56153780600707
1686,-0.008135655487798488,2.045364560895661e-17,p1db,7.452652046071133e-17,1.8654508003332803e-17,2884,2885,-122.5559035025876
1687,-0.03419909920501851,2.1003263347457842e-17,p1db,7.289155094371857e-17,1.899966768640468e-17,2885,2886,-122.57780911698266
1688,-0.05640482037733108,2.1429561669768067e-17,p1db,7.139999847391197e-17,1.9324615263027713e-17,2886,2887,-122.62430170099763
1689,-0.0732582111948048,2.1693694369680395e-17,p1db,7.017740259943683e-17,1.9617127280824046e-17,2887,2888,-122.69061875773733
1690,-0.0837919270190568,2.1777304833295714e-17,p1db,6.93269241231056e-17,1.9870494414414206e-17,2888,2889,-122.77081812338724
1691,-0.0873649279601949,2.167841657038338e-17,p1db,6.892120141888871e-17,2.0080488514318408e-17,2889,2890,-122.85820261177544
1692,-0.08356119928691896,2.140843957595682e-17,p1db,6.899654371267144e-17,2.0241231192831288e-17,2890,2891,-122.94554797930763
1693,-0.07232193483858396,2.099208164534089e-17,p1db,6.954780665700672e-17,2.0343488172887122e-17,2891,2892,-123.02532501034928
1694,-0.05428341506656409,2.0469574870104686e-17,p1db,7.05251051635852e-17,2.0376882298074175e-17,2892,2893,-123.0901918489848
1695,-0.031098782271357095,1.9898534661669815e-17,p1db,7.183644405567402e-17,2.033438841535492e-17,2893,2894,-123.1338918404824
1696,-0.005468469457632352,1.935186594228691e-17,p1db,7.335918813576671e-17,2.0215690838418735e-17,2894,2895,-123.15238941352752
1697,0.01927111384170388,1.890914645814416e-17,p1db,7.495800352132747e-17,2.0026891852975393e-17,2895,2896,-123.14482877939767
1698,0.039941796219260084,1.8641937217380824e-17,p1db,7.650247565359814e-17,1.9777053113786177e-17,2896,2897,-123.11384718584411
1699,0.05440585659563624,1.8597385886322903e-17,p1db,7.787842346133926e-17,1.9474817964096137e-17,2897,2898,-123.06494518695915
1700,0.06206868646709296,1.8786813805731196e-17,p1db,7.899186181451594e-17,1.9128416390326412e-17,2898,2899,-123.00503547265284
1701,0.06367413433066105,1.9184151567242132e-17,p1db,7.976890995046014e-17,1.8749319543210665e-17,2899,2900,-122.94080781402496
1702,0.060565451816493976,1.973364923133912e-17,p1db,8.015572746682811e-17,1.8356210153614606e-17,2900,2901,-122.87768720399151
1703,0.053978278123580026,2.0361851633674013e-17,p1db,8.012066912252492e-17,1.7975059567171583e-17,2901,2902,-122.81967691039198
1704,0.04479327133103084,2.0989152093175074e-17,p1db,7.965863540948481e-17,1.7633956686500918e-17,2902,2903,-122.76973064774435
1705,0.033708702732802465,2.153958550066204e-17,p1db,7.87959235972607e-17,1.7355708116105084e-17,2903,2904,-122.73009036772991
1706,0.02148389069361656,2.1949439746119977e-17,p1db,7.759251302694604e-17,1.7153431895045138e-17,2904,2905,-122.70231324227875
1707,0.008968719556463611,2.217428757694647e-17,p1db,7.613865997390572e-17,1.7032156494883286e-17,2905,2906,-122.68712258634268
1708,-0.003060141103077285,2.2192771108612907e-17,p1db,7.454562009152908e-17,1.6994285501679724e-17,2906,2907,-122.68437580316582
1709,-0.013998986027601745,2.200647244498648e-17,p1db,7.293475782340231e-17,1.7043308832925318e-17,2907,2908,-122.69324286854884
1710,-0.023264399583183604,2.1637417638775096e-17,p1db,7.143015746281504e-17,1.7181930738748735e-17,2908,2909,-122.71237377522102
1711,-0.030016288611982134,2.1125320078345107e-17,p1db,7.015479331373475e-17,1.7406378807202293e-17,2909,2910,-122.7397716677152
1712,-0.0331233240809965,2.0525093067017996e-17,p1db,6.922438271657858e-17,1.7702590631880434e-17,2910,2911,-122.77240635244499
1713,-0.03161325622843947,1.9903638829547253e-17,p1db,6.873362150923745e-17,1.8048364909001428e-17,2911,2912,-122.8060183158772
1714,-0.02542656129064369,1.933493080784819e-17,p1db,6.873737117499841e-17,1.8420127794821868e-17,2912,2913,-122.83563286490187
1715,-0.015934229700413027,1.889296381575173e-17,p1db,6.923680931715317e-17,1.8799019738413843e-17,2913,2914,-122.85687143845848
1716,-0.00571058596257501,1.8642060234011737e-17,p1db,7.017939096391676e-17,1.9171959676659227e-17,2914,2915,-122.8675013243027
1717,0.002493373403801513,1.8624551930638746e-17,p1db,7.147238010592087e-17,1.9527850749934276e-17,2915,2916,-122.86829261038363
1718,0.007007626704421455,1.8848876118410506e-17,p1db,7.300133323029857e-17,1.9853044728964457e-17,2916,2917,-122.86251457749509
1719,0.007870256469558967,1.9284443655080352e-17,p1db,7.464411465087213e-17,2.013044378884949e-17,2917,2918,-122.85427735697479
1720,0.006403363044341859,1.986794340147155e-17,p1db,7.627705489776722e-17,2.0343266895645826e-17,2918,2919,-122.84677406455597
1721,0.004163710321030578,2.051874274338936e-17,p1db,7.777710096042862e-17,2.0480508766261982e-17,2919,2920,-122.8414706308861
1722,0.0020915726667709578,2.1155654175600764e-17,p1db,7.902679902254345e-17,2.0539804187529216e-17,2920,2921,-122.83844664391391
1723,0.00034893955721315706,2.1708372554573332e-17,p1db,7.99255833518533e-17,2.052565546236265e-17,2921,2922,-122.83728748555257
1724,-0.001242727674579669,2.2121811327493483e-17,p1db,8.040373674304793e-17,2.04446664330534e-17,2922,2923,-122.83774876479949
1725,-0.0026321960081929774,2.235596159239639e-17,p1db,8.043084369098642e-17,2.030154575011876e-17,2923,2924,-122.83977294090172
1726,-0.003328019912927971,2.238580015737615e-17,p1db,8.001367114627583e-17,2.0098732021784707e-17,2924,2925,-122.84301315681587
1727,-0.002711373137110229,2.2204489215991278e-17,p1db,7.918701229987081e-17,1.9839507564139826e-17,2925,2926,-122.84642898072758
1728,-0.0005752562133167771,2.1828995761759565e-17,p1db,7.800644627041125e-17,1.9531882197584176e-17,2926,2927,-122.84843590309009
1729,0.002600030282536636,2.1303265090676538e-17,p1db,7.654841875591269e-17,1.9190239029454103e-17,2927,2928,-122.84757949315421
1730,0.005878166201163992,2.0694176518989634e-17,p1db,7.491439319677556e-17,1.8833587261995775e-17,2928,2929,-122.84323584252502
1731,0.008398769588872312,2.008040763399018e-17,p1db,7.323088137296939e-17,1.848171400660907e-17,2929,2930,-122.83582316075189
1732,0.009747829936593178,1.9539672420614477e-17,p1db,7.164001647101585e-17,1.8151936985227398e-17,2930,2931,-122.82643830334727
1733,0.00987013947779758,1.9139882320233318e-17,p1db,7.028224830212648e-17,1.7858539317890174e-17,2931,2932,-122.8163275008787
1734,0.008703272254592775,1.8934238086355952e-17,p1db,6.927756956037711e-17,1.7614672247083793e-17,2932,2933,-122.80669802439168
1735,0.006043814192068453,1.8955621819771577e-17,p1db,6.871161123447597e-17,1.743433404799668e-17,2933,2934,-122.79892095636951
1736,0.0019018054822197428,1.9208131789511525e-17,p1db,6.862920685930179e-17,1.7331839453185404e-17,2934,2935,-122.79461039600754
1737,-0.0030412983576226793,1.96607048032197e-17,p1db,6.90337386125288e-17,1.73183113907791e-17,2935,2936,-122.79511734540507
1738,-0.00747313992275167,2.0250198837738583e-17,p1db,6.988871166167767e-17,1.7397504320424898e-17,2936,2937,-122.80069299272279
1739,-0.010062472073258277,2.089511363564467e-17,p1db,7.111969940660077e-17,1.7564213923227234e-17,2937,2938,-122.81006362525058
1740,-0.010129517746165106,2.151335206227942e-17,p1db,7.261831641222028e-17,1.780656395529166e-17,2938,2939,-122.8208179368693
1741,-0.007870893060477613,2.2035859951306993e-17,p1db,7.425156375532065e-17,1.8110259800644532e-17,2939,2940,-122.83032266074291
1742,-0.004060466640105176,2.2412196651671918e-17,p1db,7.587742488297289e-17,1.846139255919089e-17,2940,2941,-122.83655972299026
1743,0.000496129506039722,2.2609448526788312e-17,p1db,7.736269720523986e-17,1.8845905525489626e-17,2941,2942,-122.83844359402312
1744,0.005390165656940837,2.2609284519688234e-17,p1db,7.859646212446031e-17,1.924699179397852e-17,2942,2943,-122.83556746397818
1745,0.010689138390027608,2.2408012991288425e-17,p1db,7.949534142647234e-17,1.9643672121207903e-17,2943,2944,-122.82766326270924
1746,0.016650427261836853,2.2021105339113215e-17,p1db,8.000244178737436e-17,2.001283763212733e-17,2944,2945,-122.81418918719812
1747,0.023240011985606657,2.1488793833850035e-17,p1db,8.0085215596031e-17,2.0333954284171038e-17,2945,2946,-122.79436240818556
1748,0.029727340222137855,2.0876748773618018e-17,p1db,7.97357987008802e-17,2.0593120808177078e-17,2946,2947,-122.76770916322691
1749,0.034620418531503105,2.026805024523614e-17,p1db,7.897349713744956e-17,2.0783503655123803e-17,2947,2948,-122.73490772774129
1750,0.036059350038812,1.9748222941389583e-17,p1db,7.784710270488429e-17,2.0902192708390918e-17,2948,2949,-122.6984683261639
1751,0.03251538178573554,1.938935934187186e-17,p1db,7.64351842866414e-17,2.0946615498937867e-17,2949,2950,-122.66278902766366
1752,0.02341730880208104,1.9238933406172864e-17,p1db,7.484315173657987e-17,2.0913896377392718e-17,2950,2951,-122.63343756259243
1753,0.00937685014365286,1.931486906799521e-17,p1db,7.319599789115704e-17,2.080362545619427e-17,2951,2952,-122.6159544100595
1754,-0.008008202874080439,1.9605041852459768e-17,p1db,7.162687282363178e-17,2.0621243371895086e-17,2952,2953,-122.61468386230513
1755,-0.026533874887647357,2.0069615257462814e-17,p1db,7.026428184728298e-17,2.0378737020769752e-17,2953,2954,-122.63197081580766
1756,-0.043724560637329546,2.0646704799236325e-17,p1db,6.922164433524754e-17,2.0091771907772846e-17,2954,2955,-122.66775161208042
1757,-0.057096978287731304,2.1261997566657212e-17,p1db,6.858996949502804e-17,1.977533054244302e-17,2955,2956,-122.71941993708232
1758,-0.06449358620793078,2.1840633715351116e-17,p1db,6.843053598981635e-17,1.9441023767278934e-17,2956,2957,-122.78194556865589
1759,-0.06456457286857642,2.2317765727288195e-17,p1db,6.876509975399004e-17,1.909793306621402e-17,2957,2958,-122.84840710949818
1760,-0.057210575797661534,2.2644879288696176e-17,p1db,6.956675005977812e-17,1.8756206620414018e-17,2958,2959,-122.91107471439304
1761,-0.04362964729656227,2.279158529140837e-17,p1db,7.075877997110155e-17,1.843041896648474e-17,2959,2960,-122.9628282610935
1762,-0.025813009471193027,2.2744992252609462e-17,p1db,7.22259677251717e-17,1.8139464003970704e-17,2960,2961,-122.99833400898616
1763,-0.005757741653141579,2.2509235087356935e-17,p1db,7.383464355664171e-17,1.790213281244056e-17,2961,2962,-123.01445428003589
1764,0.015093246678723915,2.2106278508499998e-17,p1db,7.545247285141989e-17,1.773131722094993e-17,2962,2963,-123.00984949229245
1765,0.035824542269971005,2.157710308079277e-17,p1db,7.696033652630217e-17,1.7631710846167252e-17,2963,2964,-122.98426778667844
1766,0.05550195002754066,2.0981301861395934e-17,p1db,7.825500074036222e-17,1.7603210172721326e-17,2964,2965,-122.9382004077525
1767,0.07257019248718422,2.0393369181562423e-17,p1db,7.924754503608719e-17,1.7646574687004526e-17,2965,2966,-122.87326388662336
1768,0.08473856703148641,1.9894674263241522e-17,p1db,7.98645227950793e-17,1.7765028476382706e-17,2966,2967,-122.79306002277814
1769,0.08959135060430157,1.95607273352246e-17,p1db,8.005517694766859e-17,1.795925489175238e-17,2967,2968,-122.70378675256039
1770,0.08563476901519351,1.944508817301586e-17,p1db,7.98014576244601e-17,1.8220409932388615e-17,2968,2969,-122.61387732156953
1771,0.07307884454166924,1.9565002826915444e-17,p1db,7.912356204491394e-17,1.852857523303962e-17,2969,2970,-122.53251721453
1772,0.05374672126905011,1.989631711764328e-17,p1db,7.807623691413455e-17,1.8858992281013935e-17,2970,2971,-122.4677196324862
1773,0.030190736460909307,2.038145622980791e-17,p1db,7.673844195811924e-17,1.9190927805525046e-17,2971,2972,-122.4250237719919
1774,0.004758368965461557,2.0946025055705124e-17,p1db,7.520425715310292e-17,1.9512047810677056e-17,2972,2973,-122.40733815956438
1775,-0.020730330044976597,2.1515040068762905e-17,p1db,7.358057061030593e-17,1.9815925072799722e-17,2973,2974,-122.41550703406098
1776,-0.04469823502913073,2.2022667294156147e-17,p1db,7.198901278395324e-17,2.009626316185533e-17,2974,2975,-122.44879881965433
1777,-0.06541425195055695,2.241542157371128e-17,p1db,7.056359612775767e-17,2.0343261965870536e-17,2975,2976,-122.50490350411924
1778,-0.08093777541874658,2.26527404296904e-17,p1db,6.943758264069861e-17,2.0544691768959363e-17,2976,2977,-122.57962732355544
1779,-0.08949680286360007,2.270871900414198e-17,p1db,6.872172356271001e-17,2.0690014510358606e-17,2977,2978,-122.66677905495673
1780,-0.09004039628655391,2.2575763316355956e-17,p1db,6.848370605670634e-17,2.077385025342902e-17,2978,2979,-122.75862092928264
1781,-0.08258398865512362,2.226782243608574e-17,p1db,6.873872820241316e-17,2.0796231910047867e-17,2979,2980,-122.84685984752984
1782,-0.06813546922393954,2.182015873186115e-17,p1db,6.945361068590222e-17,2.0759861615104004e-17,2980,2981,-122.92378890659289
1783,-0.048306947948752565,2.1284722188804232e-17,p1db,7.055837464581526e-17,2.0666688328492935e-17,2981,2982,-122.98313078597772
1784,-0.024929430272997877,2.0723345557591385e-17,p1db,7.195690644354668e-17,2.0516322727090278e-17,2982,2983,-123.0204028024904
1785,5.248661591394921e-05,2.0202311605611572e-17,p1db,7.35333045703913e-17,2.0307436049659738e-17,2983,2984,-123.03298964652372
1786,0.024403242404318348,1.9789333275474863e-17,p1db,7.515728824393704e-17,2.004147798160184e-17,2984,2985,-123.02029782925857
1787,0.04549451388097481,1.9549065236719187e-17,p1db,7.66940395414217e-17,1.9726640393929276e-17,2985,2986,-122.98418316171508
1788,0.06075139344932978,1.9531628916887928e-17,p1db,7.801932329564413e-17,1.9379459484298535e-17,2986,2987,-122.92930880149662
1789,0.06863335084364053,1.9755202658717434e-17,p1db,7.903428177513116e-17,1.902237409202037e-17,2987,2988,-122.86268037481642
1790,0.06936868814972286,2.0193770974615083e-17,p1db,7.96726738794968e-17,1.867820681791923e-17,2988,2989,-122.79204209980934
1791,0.06466028993240514,2.0781421416148317e-17,p1db,7.989872503378758e-17,1.8365363227436574e-17,2989,2990,-122.72394299851697
1792,0.0565650395453261,2.143177498774079e-17,p1db,7.970100822562883e-17,1.809744443825954e-17,2990,2991,-122.66272151994453
1793,0.04648007701316459,2.2059821568912998e-17,p1db,7.908959748055137e-17,1.7886920797696304e-17,2991,2992,-122.61081291942632
1794,0.0348773781545475,2.259518096193391e-17,p1db,7.809875136248945e-17,1.7748161186731852e-17,2992,2993,-122.5697613659182
1795,0.021744012701113036,2.2985219100580725e-17,p1db,7.679126145035752e-17,1.7695391307490057e-17,2993,2994,-122.54105816311723
1796,0.007289374662370562,2.319331284920932e-17,p1db,7.525920978190794e-17,1.7736399597867042e-17,2994,2995,-122.52627334051597
1797,-0.007571950164802388,2.3198243665118202e-17,p1db,7.361907783104589e-17,1.7867679273702692e-17,2995,2996,-122.52647941379249
1798,-0.02125438502535104,2.2997059932236306e-17,p1db,7.2002404181438e-17,1.807580191758249e-17,2996,2997,-122.54141724084558
1799,-0.031988507485465334,2.2609312802767912e-17,p1db,7.054389461347091e-17,1.834396568353472e-17,2997,2998,-122.56898818384319
1800,-0.0384143296858781,2.2078495136685808e-17,p1db,6.936846042029522e-17,1.865801471499864e-17,2998,2999,-122.6053942558165
1801,-0.039932645474003436,2.1468002010323967e-17,p1db,6.857883057134714e-17,1.900728336091916e-17,2999,3000,-122.64581684321494
1802,-0.03671434200457213,2.0852443864907307e-17,p1db,6.824550063890743e-17,1.938074086727326e-17,3000,3001,-122.68525954676451
1803,-0.029540164770530453,2.0307655724318633e-17,p1db,6.839982932420121e-17,1.9762941608736722e-17,3001,3002,-122.71924552722409
1804,-0.019697154079544532,1.9902258015385812e-17,p1db,6.903012450638001e-17,2.01339070384331e-17,3002,3003,-122.74433987630557
1805,-0.008935487164045242,1.969084104197083e-17,p1db,7.008108786507053e-17,2.0473213644052372e-17,3003,3004,-122.75863983538318
1806,0.000751015164006219,1.970684662145316e-17,p1db,7.145818519526905e-17,2.0764862839664157e-17,3004,3005,-122.76221085063366
1807,0.0076663891370714055,1.9954726193834058e-17,p1db,7.303811740924417e-17,2.0999043645730494e-17,3005,3006,-122.75713780505517
1808,0.011037733186320509,2.040478043413326e-17,p1db,7.468410925401165e-17,2.1169808044662388e-17,3006,3007,-122.74687807235952
1809,0.011277427519942762,2.099551795671835e-17,p1db,7.626219667581696e-17,2.1271274962663164e-17,3007,3008,-122.73506233868252
1810,0.009671699051601479,2.1644900410605812e-17,p1db,7.765409655763578e-17,2.1296152263627335e-17,3008,3009,-122.72432321731964
1811,0.007686686753530125,2.226662032588929e-17,p1db,7.876386843271469e-17,2.123816793486006e-17,3009,3010,-122.71571894057932
1812,0.0062948555412702945,2.278514234253296e-17,p1db,7.951860731934206e-17,2.10964403168398e-17,3010,3011,-122.70894984381258
1813,0.005685282311326034,2.314475722168891e-17,p1db,7.986661425325693e-17,2.0878117912441222e-17,3011,3012,-122.70312922949678
1814,0.005489208932786482,2.3311707298294495e-17,p1db,7.977787523733827e-17,2.0597138270771763e-17,3012,3013,-122.69757927918992
1815,0.005317416731898561,2.327221080146401e-17,p1db,7.924938244627571e-17,2.027009466902503e-17,3013,3014,-122.69215081163121
1816,0.005187174634293967,2.3030593159180375e-17,p1db,7.8312683633411e-17,1.9912340773914478e-17,3014,3015,-122.68694444572613
1817,0.005519194570176467,2.2609705396508716e-17,p1db,7.703716892481063e-17,1.953708491033385e-17,3015,3016,-122.68177646236262
1818,0.006737387619594415,2.205226470659384e-17,p1db,7.552419469703176e-17,1.9157694615530185e-17,3016,3017,-122.67590605658577
1819,0.008798499707097562,2.1420021497388904e-17,p1db,7.389381661910036e-17,1.8790730392227202e-17,3017,3018,-122.66830168712343
1820,0.010999796575752896,2.078880921280606e-17,p1db,7.227163219455436e-17,1.845650941740993e-17,3018,3019,-122.65830905717158
1821,0.012213637251086595,2.0239563511470306e-17,p1db,7.078189187933143e-17,1.8175936727187553e-17,3019,3020,-122.64630209397193
1822,0.011443891197046696,1.9846454045319903e-17,p1db,6.954541926725102e-17,1.796551473241497e-17,3020,3021,-122.6338817826694
1823,0.00839437399043419,1.9663965819334873e-17,p1db,6.867458768349124e-17,1.7834188388774656e-17,3021,3022,-122.62341431157783
1824,0.003667873230654095,1.9716223601426346e-17,p1db,6.82594779103744e-17,1.7784263263767778e-17,3022,3023,-122.61709303468854
1825,-0.0015869659498477517,1.9992687275914072e-17,p1db,6.834842439947925e-17,1.7815116158374404e-17,3023,3024,-122.61607856511652
1826,-0.006317774571833468,2.045205815343536e-17,p1db,6.893397798789867e-17,1.7925990704794966e-17,3024,3025,-122.62026696658823
1827,-0.009964237953660415,2.10319040382492e-17,p1db,6.995384842823991e-17,1.8115139541229327e-17,3025,3026,-122.62871411426019
1828,-0.012350834843331882,2.1659417340857873e-17,p1db,7.130646595918468e-17,1.8376115650049923e-17,3026,3027,-122.64019544249555
1829,-0.013342681948586232,2.2260401779123952e-17,p1db,7.287140763073765e-17,1.869489534889102e-17,3027,3028,-122.65341578394685
1830,-0.01268503879293803,2.2766309156370313e-17,p1db,7.45239071573461e-17,1.9051038040932357e-17,3028,3029,-122.66688080639273
1831,-0.010154935235625828,2.3120320248831592e-17,p1db,7.613989261582072e-17,1.9422630048254998e-17,3029,3030,-122.67878586153273
1832,-0.005826606483253727,2.3283032413178017e-17,p1db,7.75968995223529e-17,1.9791465650013092e-17,3030,3031,-122.68719067686398
1833,-0.00018075318133981,2.323725828032575e-17,p1db,7.877938563958342e-17,2.014471366426906e-17,3031,3032,-122.69043907449924
1834,0.006062043828784169,2.2990422166475445e-17,p1db,7.959166596603851e-17,2.0472270393066233e-17,3032,3033,-122.68755218322666
1835,0.01227699371673907,2.25729702714737e-17,p1db,7.997255119452044e-17,2.0762503512933243e-17,3033,3034,-122.67831498684167
1836,0.018158727874251213,2.2033163346501102e-17,p1db,7.990188673180411e-17,2.1000274669898574e-17,3034,3035,-122.66299819579318
1837,0.023566929865758368,2.1431463745415432e-17,p1db,7.939529993346143e-17,2.116918296621477e-17,3035,3036,-122.64199753109317
1838,0.02800933364295588,2.0837525308780973e-17,p1db,7.849362922427043e-17,2.1256642863239715e-17,3036,3037,-122.61586433606166
1839,0.030178052118266407,2.032792451781799e-17,p1db,7.725686250726454e-17,2.1258314583799495e-17,3037,3038,-122.58597886380726
1840,0.028122063389510288,1.9978350937634012e-17,p1db,7.576579935162433e-17,2.1178848979287714e-17,3038,3039,-122.55550823182513
1841,0.020259162134941278,1.9847116965011953e-17,p1db,7.41257648669426e-17,2.1028421350409868e-17,3039,3040,-122.52973473702824
1842,0.006621450762061443,1.9956812827764812e-17,p1db,7.246442731738734e-17,2.0817565050112395e-17,3040,3041,-122.51498990755525
1843,-0.010715381390092205,2.028676259135057e-17,p1db,7.092081793325337e-17,2.055423045850892e-17,3041,3042,-122.51649183550411
1844,-0.028435074807184435,2.0781925507363753e-17,p1db,6.962889058600934e-17,2.0245317559650883e-17,3042,3043,-122.53642067033543
1845,-0.043334155391072215,2.1371095087112184e-17,p1db,6.87013271446153e-17,1.990119135885448e-17,3043,3044,-122.57336198511848
1846,-0.05324870977095486,2.1982655011039885e-17,p1db,6.821766152154346e-17,1.953897513995948e-17,3044,3045,-122.62308898111758
1847,-0.05719590282249243,2.2551980961474437e-17,p1db,6.821769215633245e-17,1.9181151550664504e-17,3045,3046,-122.67985940466039
1848,-0.055025414354112456,2.3022453081680555e-17,p1db,6.869891664669198e-17,1.8849830627699378e-17,3046,3047,-122.73748078676256
1849,-0.04705252916544822,2.3345561593936176e-17,p1db,6.961660388890786e-17,1.85609245636897e-17,3047,3048,-122.78991023336862
1850,-0.03394112233984714,2.3484179106859002e-17,p1db,7.088682711801546e-17,1.832293004598634e-17,3048,3049,-122.83158584509346
1851,-0.016788376313506603,2.3419095103579954e-17,p1db,7.239424357278815e-17,1.8141220841535505e-17,3049,3050,-122.85779247804831
1852,0.0028330217302254823,2.3155284051470962e-17,p1db,7.400534175637136e-17,1.8023710222856905e-17,3050,3051,-122.86516259772047
1853,0.023069017053451546,2.2723571835515266e-17,p1db,7.558460974033234e-17,1.7982104429794866e-17,3051,3052,-122.85212643458786
1854,0.0421655858015626,2.2176176450749143e-17,p1db,7.700884278937282e-17,1.802677416773063e-17,3052,3053,-122.81902456361357
1855,0.05875997841216929,2.1578854820166545e-17,p1db,7.817608469875016e-17,1.8159378187763838e-17,3053,3054,-122.76779526298473
1856,0.07181975631099391,2.1003949347037146e-17,p1db,7.900915624876148e-17,1.8369812051045232e-17,3054,3055,-122.70150460678923
1857,0.08028178566641486,2.0525478627600353e-17,p1db,7.945605993545643e-17,1.8640137567718355e-17,3055,3056,-122.62415575036275
1858,0.08280472588141663,2.0212648928119946e-17,p1db,7.948943229200834e-17,1.8951770509607146e-17,3056,3057,-122.5409410354564
1859,0.0780615323671654,2.011765764584e-17,p1db,7.910612322667965e-17,1.9289748349262814e-17,3057,3058,-122.45854629859991
1860,0.06551844599587042,2.0259828494778434e-17,p1db,7.832753973828128e-17,1.964138191181694e-17,3058,3059,-122.38481797072207
1861,0.04607745258812912,2.0615522915035714e-17,p1db,7.720121048385392e-17,1.9992112082522752e-17,3059,3060,-122.32750940660817
1862,0.021986467196320802,2.112272689709577e-17,p1db,7.580276680635941e-17,2.032366408836189e-17,3060,3061,-122.29266306554581
1863,-0.003908671803429797,2.1699299425096522e-17,p1db,7.423545957673834e-17,2.0616931128189554e-17,3061,3062,-122.28353647221553
1864,-0.02898188775419186,2.226435589505531e-17,p1db,7.26238614289651e-17,2.0857343593292472e-17,3062,3063,-122.30048040915267
1865,-0.051246522386591664,2.2752037901129163e-17,p1db,7.11014183175936e-17,2.1038238759149768e-17,3063,3064,-122.34150024772391
1866,-0.06930594823516856,2.3114523075855084e-17,p1db,6.979602306605833e-17,2.1159701751012266e-17,3064,3065,-122.40297345392585
1867,-0.08203860366683813,2.3318915162981998e-17,p1db,6.881884975872695e-17,2.1224208427754985e-17,3065,3066,-122.48011214419425
1868,-0.0883371808333635,2.3344843244954624e-17,p1db,6.825740352193516e-17,2.1232606121903923e-17,3066,3067,-122.56705066125953
1869,-0.08717941656605888,2.3186082077312088e-17,p1db,6.816885680374253e-17,2.1183142075286358e-17,3067,3068,-122.65678650586098
1870,-0.07805729243848702,2.28545303736963e-17,p1db,6.857059387124251e-17,2.1073662608437454e-17,3068,3069,-122.74140949439165
1871,-0.061466673385879744,2.2382706310718962e-17,p1db,6.943122063066377e-17,2.0904893439266988e-17,3069,3070,-122.81290109073795
1872,-0.03906904676095735,2.182240362283775e-17,p1db,7.066979508694863e-17,2.0682246634372578e-17,3070,3071,-122.8643428411634
1873,-0.013397553693451414,2.1239852634637346e-17,p1db,7.216784095737634e-17,2.0414931681706393e-17,3071,3072,-122.89103918425987
1874,0.012683332381108414,2.0708814529136558e-17,p1db,7.379040346866455e-17,2.0113276010262555e-17,3072,3073,-122.89113794855031
1875,0.03647569622972924,2.0302074567851816e-17,p1db,7.540654327129066e-17,1.9786647031186953e-17,3073,3074,-122.86567251949765
1876,0.05578260748207242,2.008086870105431e-17,p1db,7.690073071427681e-17,1.9444054726208898e-17,3074,3075,-122.81818655609085
1877,0.06910418631540693,2.008300010940365e-17,p1db,7.817345793453927e-17,1.909732052394852e-17,3075,3076,-122.7541073045335
1878,0.07571447876872384,2.0313184615793715e-17,p1db,7.913727215369365e-17,1.876407694816823e-17,3076,3077,-122.67997818346004
1879,0.07562156655178853,2.0740272576877114e-17,p1db,7.971746118205963e-17,1.8467126599063118e-17,3077,3078,-122.60267834699606
1880,0.06948125752915502,2.1303343208798933e-17,p1db,7.986165355723906e-17,1.8229170218690178e-17,3078,3079,-122.52873505035646
1881,0.05851874757357223,2.1924188826427394e-17,p1db,7.955312862763854e-17,1.8066168135489767e-17,3079,3080,-122.46371583193775
1882,0.04435223471714522,2.252117367207242e-17,p1db,7.881732199770167e-17,1.7984563509132098e-17,3080,3081,-122.41169755520932
1883,0.028605286596238955,2.3020539185398318e-17,p1db,7.771580705951754e-17,1.7984310919366512e-17,3081,3082,-122.37501136250346
1884,0.012472553037433443,2.336427329409378e-17,p1db,7.633290359564284e-17,1.806391827770699e-17,3082,3083,-122.35448698201684
1885,-0.0034028898885125614,2.3515449800844226e-17,p1db,7.476587411377409e-17,1.822200543679019e-17,3083,3084,-122.35006625642859
1886,-0.01859048948812614,2.3461116100102816e-17,p1db,7.312424447971585e-17,1.8454155639558194e-17,3084,3085,-122.36129276179386
1887,-0.032331585010325625,2.3211536714485032e-17,p1db,7.15329349843855e-17,1.8749019391512394e-17,3085,3086,-122.38724723540484
1888,-0.04325419328176139,2.279574772449897e-17,p1db,7.012870874195298e-17,1.908818335282577e-17,3086,3087,-122.42595593181451
1889,-0.04963216705370144,2.2256261940304563e-17,p1db,6.904457200628086e-17,1.9450335478375106e-17,3087,3088,-122.47375562196837
1890,-0.05011322902245752,2.164656160826202e-17,p1db,6.838686171841314e-17,1.9816377437327146e-17,3088,3089,-122.52522026592192
1891,-0.04452301033049366,2.103168827651535e-17,p1db,6.821601011818627e-17,2.0171862741460983e-17,3089,3090,-122.57398208001328
1892,-0.034244281707081825,2.0487374575737015e-17,p1db,6.853972840867132e-17,2.0505798860925156e-17,3090,3091,-122.6142662865829
1893,-0.021841898717902097,2.0091658318921532e-17,p1db,6.931891353933092e-17,2.080759729371557e-17,3091,3092,-122.64247064342744
1894,-0.010030879745599464,1.9907753948948388e-17,p1db,7.047914563772659e-17,2.1064855432639783e-17,3092,3093,-122.65795008401871
1895,-0.0005942854306510981,1.996566499201028e-17,p1db,7.192024569431326e-17,2.1263654650002992e-17,3093,3094,-122.66253240291864
1896,0.005995857415221906,2.025423901856888e-17,p1db,7.352228792054197e-17,2.1391259227053586e-17,3094,3095,-122.65913865488001
1897,0.01009194778544753,2.0728491770109246e-17,p1db,7.515222799614295e-17,2.14396540665596e-17,3095,3096,-122.6505406880882
1898,0.01216748321607497,2.1324911022036936e-17,p1db,7.667529092940746e-17,2.1407819249090087e-17,3096,3097,-122.63895475930912
1899,0.012583876918426995,2.1973412907874185e-17,p1db,7.796995954108946e-17,2.1301148213067574e-17,3097,3098,-122.62620572165605
1900,0.011807354241184953,2.2601969504114784e-17,p1db,7.89406059678661e-17,2.1128056113513665e-17,3098,3099,-122.61378700547226
1901,0.01057377822620964,2.313894539114163e-17,p1db,7.952265605021254e-17,2.0896043394701863e-17,3099,3100,-122.60259101317368
1902,0.009703241501952675,2.3519556777229144e-17,p1db,7.968085551223576e-17,2.0610502443792575e-17,3100,3101,-122.59263944901984
1903,0.009722676726518387,2.369693309070506e-17,p1db,7.940588453432099e-17,2.0277755175403438e-17,3101,3102,-122.58318453016977
1904,0.010629089300138617,2.365206731617281e-17,p1db,7.87137767866588e-17,1.9910040247425815e-17,3102,3103,-122.5731940955668
1905,0.011963390511041894,2.339637557162197e-17,p1db,7.764794565270824e-17,1.952778072962732e-17,3103,3104,-122.5619263515695
1906,0.013128793732569477,2.296580878477968e-17,p1db,7.62803988975445e-17,1.9156221290165875e-17,3104,3105,-122.54926731454472
1907,0.01375111995985634,2.2411550467941268e-17,p1db,7.470955904710759e-17,1.8818403755748473e-17,3105,3106,-122.53566876410436
1908,0.013841829189317423,2.1793752170454286e-17,p1db,7.305464482817049e-17,1.8529966822883604e-17,3106,3107,-122.52176507462501
1909,0.013606775631160417,2.1180303336189223e-17,p1db,7.144751672880747e-17,1.8299752721656314e-17,3107,3108,-122.50798510572572
1910,0.013000960656583516,2.0646319682932443e-17,p1db,7.002220494265652e-17,1.8134864161896364e-17,3108,3109,-122.49455152336269
1911,0.011444889353988685,2.0267490929388013e-17,p1db,6.89022608291683e-17,1.8044734460324376e-17,3109,3110,-122.48198318441256
1912,0.008132340539091842,2.0104642043331077e-17,p1db,6.818745361630942e-17,1.8039847417427648e-17,3110,3111,-122.47166174465471
1913,0.0028275981569549913,2.018552195343105e-17,p1db,6.794255054414566e-17,1.8125866684120883e-17,3111,3112,-122.46571850333437
1914,-0.0035930322554023064,2.0495293449693608e-17,p1db,6.819036218532764e-17,1.82982819338085e-17,3112,3113,-122.4660065483408
1915,-0.009482233385092798,2.0982502836669845e-17,p1db,6.890955312615958e-17,1.8542343154657964e-17,3113,3114,-122.47290456784518
1916,-0.013383852302979449,2.1575814849385196e-17,p1db,7.003671503490014e-17,1.8838499438967437e-17,3114,3115,-122.48497101511099
1917,-0.014776738731683281,2.220026980517096e-17,p1db,7.147238627781147e-17,1.9168976264583824e-17,3115,3116,-122.49967227245114
1918,-0.01408101020818009,2.2785781606668656e-17,p1db,7.309106099851291e-17,1.9520485720025824e-17,3116,3117,-122.51452449257435
1919,-0.012079237719852642,2.3269091495512123e-17,p1db,7.47547826725637e-17,1.988166785660539e-17,3117,3118,-122.5278342928675
1920,-0.009274424530936187,2.3595185102704977e-17,p1db,7.632856958882412e-17,2.0238444273395174e-17,3118,3119,-122.53868296801406
1921,-0.005639594073535648,2.3722492133779504e-17,p1db,7.769426328911793e-17,2.0572143390691607e-17,3119,3120,-122.54638314192937
1922,-0.0008696675844461765,2.3630879983320137e-17,p1db,7.87587396730217e-17,2.0862623981452607e-17,3120,3121,-122.54996215616113
1923,0.005129111886716942,2.3327626297374712e-17,p1db,7.945460815885579e-17,2.109399278348275e-17,3121,3122,-122.54812247709826
1924,0.011922951030221896,2.2847424764235963e-17,p1db,7.973654967042023e-17,2.125811649206278e-17,3122,3123,-122.5397039323877
1925,0.018623792933809113,2.2246703759281158e-17,p1db,7.958016264188408e-17,2.1353172811767253e-17,3123,3124,-122.52427657503782
1926,0.024205488039221734,2.1595765471400786e-17,p1db,7.898759242268037e-17,2.1378961290224077e-17,3124,3125,-122.50245634652008
1927,0.02772509217356145,2.0971664990617064e-17,p1db,7.799634865720968e-17,2.1333412455203783e-17,3125,3126,-122.47586559895937
1928,0.028291113020323166,2.0451536723144077e-17,p1db,7.668235587147912e-17,2.121333024991129e-17,3126,3127,-122.44700616217295
1929,0.0249933263753519,2.010387005331805e-17,p1db,7.515180387725272e-17,2.1018469831247207e-17,3127,3128,-122.41928337291873
1930,0.017139193704174716,1.9976763537103686e-17,p1db,7.352585557080934e-17,2.075533654257876e-17,3128,3129,-122.39701950942225
1931,0.0048124103831952425,2.0086583271733233e-17,p1db,7.19279512027974e-17,2.0437664046252643e-17,3129,3130,-122.38500498551038
1932,-0.010671203247142103,2.041319132105759e-17,p1db,7.047934108739116e-17,2.0083339207209696e-17,3130,3131,-122.38739468865586
1933,-0.026843495117049088,2.0905093943020205e-17,p1db,6.929877902208264e-17,1.971017888406636e-17,3131,3132,-122.40634739200466
1934,-0.04072164458639804,2.1491693374068507e-17,p1db,6.849678768080791e-17,1.9333633912684594e-17,3132,3133,-122.44108167888996
1935,-0.049690312198372055,2.2096627583581774e-17,p1db,6.815936114037414e-17,1.8967808925334724e-17,3133,3134,-122.48779068117746
1936,-0.05225502204861243,2.264813184437253e-17,p1db,6.832684471018477e-17,1.86283404946743e-17,3134,3135,-122.5404623032867
1937,-0.04835691062746861,2.3085837153370858e-17,p1db,6.898100916084044e-17,1.833390381247837e-17,3135,3136,-122.59230072527468
1938,-0.03911060469651062,2.3364977939048117e-17,p1db,7.004955085182375e-17,1.8104095681096244e-17,3136,3137,-122.63717612454164
1939,-0.02613831798316113,2.3458627084368856e-17,p1db,7.142516842648913e-17,1.7954635900508363e-17,3137,3138,-122.6705219346677
1940,-0.010910910808036078,2.335808982014881e-17,p1db,7.298688742613498e-17,1.7893487699757272e-17,3138,3139,-122.68945276050796
1941,0.005551084613721002,2.3072118384774154e-17,p1db,7.461258946740085e-17,1.7920914669345986e-17,3139,3140,-122.69234375628378
1942,0.02254247318356306,2.2626601368069218e-17,p1db,7.618158806695109e-17,1.8032898404685573e-17,3140,3141,-122.67835059128052
1943,0.03928648528865608,2.206600951065348e-17,p1db,7.757517046557847e-17,1.822421675232239e-17,3141,3142,-122.64725880991665
1944,0.05457189675281171,2.1455063375538106e-17,p1db,7.868348443547865e-17,1.8488101695546703e-17,3142,3143,-122.59977762070321
1945,0.06665772822208993,2.0875677366223872e-17,p1db,7.941927203316051e-17,1.881314040658348e-17,3143,3144,-122.53811501641103
1946,0.07359044328403286,2.0414534691220757e-17,p1db,7.973062462423406e-17,1.9181024506268512e-17,3144,3145,-122.46646216425903
1947,0.07385776594656335,2.0143034538643807e-17,p1db,7.960436443239418e-17,1.9567995129205507e-17,3145,3146,-122.39093412984296
1948,0.06697678441975086,2.0099306869279823e-17,p1db,7.905932723135791e-17,1.994950150116468e-17,3146,3147,-122.3187466323659
1949,0.053557504999432126,2.028231001011743e-17,p1db,7.813689292323786e-17,2.0305101653069784e-17,3147,3148,-122.25698056100346
1950,0.03487079904660817,2.065854448944398e-17,p1db,7.68967223031365e-17,2.0620829696339918e-17,3148,3149,-122.21163162236704
1951,0.012443423289134614,2.1173150407393126e-17,p1db,7.541899942579405e-17,2.0888243925302945e-17,3149,3150,-122.18723896291024
1952,-0.0119712610409195,2.175857287298006e-17,p1db,7.380764565921026e-17,2.1101439229394473e-17,3150,3151,-122.18674477578877
1953,-0.036244948802639954,2.2341135431342403e-17,p1db,7.218793665456906e-17,2.1254441066689768e-17,3151,3152,-122.21118148499208
1954,-0.057937523610405606,2.2848996145096195e-17,p1db,7.06962053594224e-17,2.1341048132885615e-17,3152,3153,-122.25923467339405
1955,-0.07469191942477948,2.3222142606315315e-17,p1db,6.94641760297962e-17,2.135729776317291e-17,3153,3154,-122.3270565322129
1956,-0.08474853100170776,2.3421242567067476e-17,p1db,6.860266242648059e-17,2.1304474995278292e-17,3154,3155,-122.4086185122436
1957,-0.08725847697424172,2.343140906451706e-17,p1db,6.818874373668708e-17,2.1189829463649873e-17,3155,3156,-122.49655359421631
1958,-0.08222308853880378,2.325955538154239e-17,p1db,6.825826645061105e-17,2.1023732246903797e-17,3156,3157,-122.58313546619209
1959,-0.0701715328921182,2.292792871775932e-17,p1db,6.88031765354878e-17,2.081492315366014e-17,3157,3158,-122.66099977129392
1960,-0.05189179192185378,2.2468876045627575e-17,p1db,6.977258020170207e-17,2.0567538357535198e-17,3158,3159,-122.72347853197633
1961,-0.0284725784901525,2.1924746518339514e-17,p1db,7.107775545447701e-17,2.0282782402486708e-17,3159,3160,-122.76478335513762
1962,-0.001631792789488884,2.1352028489446046e-17,p1db,7.260210971515928e-17,1.9964532827018793e-17,3160,3161,-122.78042368895663
1963,0.025989168344487723,2.0823379465706762e-17,p1db,7.421516300975124e-17,1.9624538851304816e-17,3161,3162,-122.7680469407166
1964,0.05100058190721768,2.04199295657714e-17,p1db,7.578678575331509e-17,1.9282573162223793e-17,3162,3163,-122.72844535226766
1965,0.07012466654317251,2.0212102101409197e-17,p1db,7.719793421060182e-17,1.8960870957203836e-17,3163,3164,-122.66604577690217
1966,0.08136255598513031,2.0237396615191832e-17,p1db,7.834735009872182e-17,1.8677293615962535e-17,3164,3165,-122.58819601918131
1967,0.08458789344710738,2.0488983976514592e-17,p1db,7.915615680463008e-17,1.8442896686937674e-17,3165,3166,-122.5033206649319
1968,0.08104688481703448,2.092197151834717e-17,p1db,7.957129659399084e-17,1.8265284008512447e-17,3166,3167,-122.4190202322871
1969,0.0722721048874746,2.1470372391731018e-17,p1db,7.956668273999172e-17,1.8153383067571873e-17,3167,3168,-122.34122689529784
1970,0.05938437974656807,2.2061930418227146e-17,p1db,7.914168240985978e-17,1.8117979401866953e-17,3168,3169,-122.27447602251215
1971,0.04318546391336753,2.2624949647957152e-17,p1db,7.831958762579988e-17,1.8166800927770153e-17,3169,3170,-122.2224581358047
1972,0.024647481379716396,2.309126514404377e-17,p1db,7.714933644439129e-17,1.829852509328548e-17,3170,3171,-122.18810509468541
1973,0.005185637420865419,2.3401896879962856e-17,p1db,7.570957768833492e-17,1.8501254409683392e-17,3171,3172,-122.17316317304527
1974,-0.01352871268574063,2.351637110099311e-17,p1db,7.410931996558479e-17,1.8756868059715414e-17,3172,3173,-122.17773381984368
1975,-0.029982058073045437,2.3420624775032997e-17,p1db,7.247994853140632e-17,1.9047595473971804e-17,3173,3174,-122.20022059841675
1976,-0.04307366959040593,2.31281655798092e-17,p1db,7.09597698054724e-17,1.9359945533869056e-17,3174,3175,-122.23769793598977
1977,-0.05203875064543695,2.2674213973207157e-17,p1db,6.967799346532205e-17,1.9684031851988784e-17,3175,3176,-122.28636793759756
1978,-0.05620544804979488,2.2107508536840072e-17,p1db,6.874404488415485e-17,2.001002192340864e-17,3176,3177,-122.34177543728065
1979,-0.0549420996809431,2.1484975891361982e-17,p1db,6.824164255205709e-17,2.0325053085366342e-17,3177,3178,-122.39877883369715
1980,-0.04802851713044021,2.0870601341720722e-17,p1db,6.822249363257518e-17,2.061298965554661e-17,3178,3179,-122.45165963664253
1981,-0.0362808347248631,2.0334948584211878e-17,p1db,6.869694222598674e-17,2.0857075023308915e-17,3179,3180,-122.49483586795803
1982,-0.021867220806910836,1.9949713430681535e-17,p1db,6.962580334308526e-17,2.104358174627472e-17,3180,3181,-122.52422130609226
1983,-0.007796383686113018,1.977458351617835e-17,p1db,7.092120375025064e-17,2.1164078922896722e-17,3181,3182,-122.53857030957185
1984,0.003301264473527965,1.9840451814478876e-17,p1db,7.246009018356467e-17,2.1215007530479033e-17,3182,3183,-122.53981407346448
1985,0.010258037129865727,2.0138527465706546e-17,p1db,7.410568321049152e-17,2.119517334394445e-17,3183,3184,-122.5319677806248
1986,0.013519822663965897,2.062269698906638e-17,p1db,7.572693838699323e-17,2.1103357069902375e-17,3184,3185,-122.51929799920475
1987,0.014416306743825658,2.122310671139755e-17,p1db,7.720815445963053e-17,2.0938367628711712e-17,3185,3186,-122.50492813529686
1988,0.014268080807404715,2.186180727655922e-17,p1db,7.844853006808017e-17,2.0702112604949298e-17,3186,3187,-122.4904653857171
1989,0.013893826064233394,2.2463321208100093e-17,p1db,7.935906400980348e-17,2.040353484776115e-17,3187,3188,-122.47639197368206
1990,0.013574320889262026,2.2960150124371322e-17,p1db,7.986568654265648e-17,2.005976717147588e-17,3188,3189,-122.46267773358863
1991,0.01327534715613865,2.3297220836921127e-17,p1db,7.992095366419148e-17,1.9692542132211264e-17,3189,3190,-122.44924333190353
1992,0.012939264998856004,2.3437219334777526e-17,p1db,7.951709953858935e-17,1.9322045788219383e-17,3190,3191,-122.43612703927636
1993,0.012684433528654893,2.3364889993029662e-17,p1db,7.86898070232266e-17,1.89632047826933e-17,3191,3192,-122.42336480190582
1994,0.012773312677659021,2.3088038045762526e-17,p1db,7.750910945407468e-17,1.8627399675874335e-17,3192,3193,-122.41075817221905
1995,0.013350291543851256,2.263599906968693e-17,p1db,7.606493593988792e-17,1.8327252584517518e-17,3193,3194,-122.3978181765505
1996,0.014168130481735375,2.2057847732912952e-17,p1db,7.445841188070631e-17,1.8079051326777706e-17,3194,3195,-122.38405758913134
1997,0.014579195383412014,2.1420315340557826e-17,p1db,7.280244828455828e-17,1.789988196961811e-17,3195,3196,-122.36948191558703
1998,0.013849402458426141,2.080260095820066e-17,p1db,7.122454621542573e-17,1.780186716729826e-17,3196,3197,-122.35489919836452
1999,0.011556395105699835,2.02860303970647e-17,p1db,6.986156359441271e-17,1.7788573368316556e-17,3197,3198,-122.34178311067018
2000,0.007761352067262806,1.9940402602089866e-17,p1db,6.884271191939642e-17,1.7856314419461905e-17,3198,3199,-122.33178640815312
2001,0.002864001715394693,1.9811812411975858e-17,p1db,6.82668149645711e-17,1.7998486529445367e-17,3199,3200,-122.32626040653565
2002,-0.002660880652662456,1.9915929307342486e-17,p1db,6.818484631552835e-17,1.820874798826191e-17,3200,3201,-122.32605840472233
2003,-0.008366050438255002,2.0237327122492855e-17,p1db,6.859547054806992e-17,1.848053071524169e-17,3201,3202,-122.33158216784098
2004,-0.013706105611952069,2.073293151501933e-17,p1db,6.945256529814469e-17,1.8803970683617337e-17,3202,3203,-122.34279050559884
2005,-0.01791148362638495,2.1337882889930674e-17,p1db,7.067682961696113e-17,1.9163607290327603e-17,3203,3204,-122.35899437906488
2006,-0.02012756967570084,2.1973745150985786e-17,p1db,7.216441530913735e-17,1.9539445122419926e-17,3204,3205,-122.37861347285161
2007,-0.019799560037377262,2.2559440846954073e-17,p1db,7.379237196808183e-17,1.991106825818651e-17,3205,3206,-122.39924951841628
2008,-0.016995525122155186,2.3023667114440256e-17,p1db,7.542599489341382e-17,2.02619083130348e-17,3206,3207,-122.41821259292637
2009,-0.012374534661006464,2.331524178545148e-17,p1db,7.693149816518654e-17,2.0580527627200438e-17,3207,3208,-122.4332405686606
2010,-0.006794228011067105,2.3407395666893748e-17,p1db,7.819113658427594e-17,2.085808917516065e-17,3208,3209,-122.44296166224838
2011,-0.0008432103587452389,2.329516599627012e-17,p1db,7.911430255735543e-17,2.1084356642036648e-17,3209,3210,-122.44682902468273
2012,0.005362565351504145,2.2990041652361476e-17,p1db,7.964116584595502e-17,2.1246035968655404e-17,3210,3211,-122.44464808296587
2013,0.011985958122529894,2.2517987539265332e-17,p1db,7.974121286311658e-17,2.1329524092644356e-17,3211,3212,-122.43610389397972
2014,0.01901395156544794,2.1922957429689513e-17,p1db,7.941118106354908e-17,2.1326364242201486e-17,3212,3213,-122.42067616672081
2015,0.025813798743733685,2.1271116802347147e-17,p1db,7.867432174521574e-17,2.123712195442394e-17,3213,3214,-122.39807599084882
2016,0.0309664802765397,2.064779126273627e-17,p1db,7.758001056717321e-17,2.107044472163687e-17,3214,3215,-122.36904856923334
2017,0.032582252093199315,2.014304359168094e-17,p1db,7.620262271856811e-17,2.0838096099334905e-17,3215,3216,-122.33614303029574
2018,0.029107168166582653,1.9830163329406253e-17,p1db,7.463968817864444e-17,2.0550237072200284e-17,3216,3217,-122.30388406504694
2019,0.020217747433939337,1.9747915931815243e-17,p1db,7.300887499307007e-17,2.0214912900567676e-17,3217,3218,-122.27792869396258
2020,0.007147873421089912,1.9895957857961263e-17,p1db,7.144182810729759e-17,1.9841841294779548e-17,3218,3219,-122.26344857017907
2021,-0.007807025833429293,2.0243060493868463e-17,p1db,7.00730565008504e-17,1.944673837844169e-17,3219,3220,-122.2636329471204
2022,-0.022153053799641498,2.0738913827319604e-17,p1db,6.902483116483767e-17,1.9051978016119222e-17,3220,3221,-122.27906262184592
2023,-0.03380231019018254,2.1321593120999477e-17,p1db,6.839211214045897e-17,1.8682532763165523e-17,3221,3222,-122.30793905471968
2024,-0.04123870263070728,2.1921141232561384e-17,p1db,6.823185573879102e-17,1.8360000335207146e-17,3222,3223,-122.34666724222629
2025,-0.043488746012421586,2.2464690525655343e-17,p1db,6.855836882499237e-17,1.8098930740285623e-17,3223,3224,-122.3904164599811
2026,-0.040171264731213796,2.2885910785911435e-17,p1db,6.934342129992398e-17,1.790768491406122e-17,3224,3225,-122.43364473425113
2027,-0.03166014508615689,2.3135841409559597e-17,p1db,7.051924163109918e-17,1.7792355805757517e-17,3225,3226,-122.47075898944352
2028,-0.01915601104901299,2.3189542180567712e-17,p1db,7.198410767995992e-17,1.7759844073018395e-17,3226,3227,-122.49696502442345
2029,-0.004429397798041634,2.3045598222255438e-17,p1db,7.361166969221218e-17,1.7816967524269447e-17,3227,3228,-122.50907101154155
2030,0.010774610588519806,2.2720747139598798e-17,p1db,7.526455115915991e-17,1.796586341288824e-17,3228,3229,-122.50582382001953
2031,0.025339492725798607,2.224521925801074e-17,p1db,7.681031618116039e-17,1.8199258699806897e-17,3229,3230,-122.48752179036451
2032,0.03890501072057617,2.1662904737838497e-17,p1db,7.813537064812004e-17,1.849971426410619e-17,3230,3231,-122.45514483456793
2033,0.05130164403316684,2.1035020242141085e-17,p1db,7.915210855865703e-17,1.8843958331959662e-17,3231,3232,-122.40971176892336
2034,0.061654640111868275,2.04406247276435e-17,p1db,7.979804118949727e-17,1.9209254561990187e-17,3232,3233,-122.3525415465016
2035,0.0679704649287487,1.9966865337243477e-17,p1db,8.003126709412046e-17,1.9577177958135052e-17,3233,3234,-122.28640248869962
2036,0.06781771664947911,1.9688290083326153e-17,p1db,7.982962715118251e-17,1.9932695828589428e-17,3234,3235,-122.2166006166441
2037,0.059760516844875156,1.9644647300117698e-17,p1db,7.919719481312602e-17,2.026069889518632e-17,3235,3236,-122.15076705540066
2038,0.04432910462008266,1.9831037704306603e-17,p1db,7.817358370467367e-17,2.0544171101568472e-17,3236,3237,-122.09707958295435
2039,0.02368999723584153,2.0205610575648135e-17,p1db,7.683675114021334e-17,2.076626618325046e-17,3237,3238,-122.0621088461605
2040,0.000494265021011131,2.0705991470000844e-17,p1db,7.52942735225208e-17,2.0914805192353422e-17,3238,3239,-122.04969958848267
2041,-0.02300894428614697,2.126262449538115e-17,p1db,7.366794268951645e-17,2.0985724108715576e-17,3239,3240,-122.06112031611848
2042,-0.045104632516519416,2.1806049414752266e-17,p1db,7.208173225702361e-17,2.0982981713326652e-17,3240,3241,-122.09571747705496
2043,-0.06426891411392432,2.227216575134582e-17,p1db,7.065799157111568e-17,2.0914960366860582e-17,3241,3242,-122.15132958115151
2044,-0.07885078956378777,2.260821339089551e-17,p1db,6.951656018979149e-17,2.078969802217179e-17,3242,3243,-122.22425530528281
2045,-0.08710442636524363,2.2778019743733475e-17,p1db,6.876700064513855e-17,2.061210351009216e-17,3243,3244,-122.30903116027909
2046,-0.08760727965354675,2.2764293447987138e-17,p1db,6.849033512141947e-17,2.038494099850456e-17,3244,3245,-122.3984641580133
2047,-0.07981138739701521,2.2568216347654096e-17,p1db,6.871811346231456e-17,2.0112542239019483e-17,3245,3246,-122.48424571958618
2048,-0.06433896662673533,2.2208420759779322e-17,p1db,6.942239176396888e-17,1.9804053730362956e-17,3246,3247,-122.55808693280733
2049,-0.04280861431847427,2.1720609245653552e-17,p1db,7.052402742931831e-17,1.947341876724437e-17,3247,3248,-122.61292365283965
2050,-0.017357055904930974,2.115691267160056e-17,p1db,7.191362579315196e-17,1.913607360106964e-17,3248,3249,-122.64370416144428
2051,0.009758615903734835,2.058298236049129e-17,p1db,7.34715293037024e-17,1.880524969708133e-17,3249,3250,-122.64763776464952
2052,0.03624076967256684,2.0071682554136902e-17,p1db,7.507739208908858e-17,1.849122668820871e-17,3250,3251,-122.6241869296368
2053,0.05963513519355956,1.9693879389955996e-17,p1db,7.661121905071475e-17,1.8204229891641633e-17,3251,3252,-122.57515622530438
2054,0.07738955297395478,1.9507583782859732e-17,p1db,7.795517718987052e-17,1.79580806230254e-17,3252,3253,-122.50491665924969
2055,0.08735547569342828,1.954676507581167e-17,p1db,7.900274992413197e-17,1.7770508160589615e-17,3253,3254,-122.42037711935647
2056,0.08855759954361986,1.9812057683823263e-17,p1db,7.967270483797846e-17,1.7658677850236392e-17,3254,3255,-122.33020570786283
2057,0.08165359185137078,2.0267205113628867e-17,p1db,7.99193265950456e-17,1.763283974455604e-17,3255,3256,-122.24326192026923
2058,0.06862955406923987,2.0844658963350128e-17,p1db,7.973305504806204e-17,1.7692912419063186e-17,3256,3257,-122.16689852416009
2059,0.05189206907623145,2.1459823626657477e-17,p1db,7.913361501591031e-17,1.7830307411923007e-17,3257,3258,-122.10600281213075
2060,0.033388362168260244,2.2028776999937882e-17,p1db,7.816282037898846e-17,1.8032875538323252e-17,3258,3259,-122.06311438600763
2061,0.014275667708815831,2.2482662611074354e-17,p1db,7.688235080395604e-17,1.828874732951128e-17,3259,3260,-122.03922608779423
2062,-0.004805456641093997,2.2774370751925372e-17,p1db,7.53759204480329e-17,1.8586582331765794e-17,3260,3261,-122.03456305059
2063,-0.023177548840251916,2.2877913338901685e-17,p1db,7.37510493668476e-17,1.891328646605468e-17,3261,3262,-122.04883700107642
2064,-0.03970795161912122,2.2784840606781998e-17,p1db,7.213568425071203e-17,1.9252408085323504e-17,3262,3263,-122.0809181482705
2065,-0.05279025155097372,2.2502407803426183e-17,p1db,7.066778480428327e-17,1.9585533573955626e-17,3263,3264,-122.12825290431466
2066,-0.06073362391907722,2.205507985558783e-17,p1db,6.947943443919018e-17,1.9896101536197756e-17,3264,3265,-122.18649865137245
2067,-0.06235044149239144,2.1487125580528036e-17,p1db,6.867969423587697e-17,2.0172748319811673e-17,3265,3266,-122.24972015215282
2068,-0.05744724020500058,2.0862291575824485e-17,p1db,6.834109917855824e-17,2.0409456622218848e-17,3266,3267,-122.31119953435723
2069,-0.04698978535528653,2.0257706139056166e-17,p1db,6.849266712510833e-17,2.06022302655385e-17,3267,3268,-122.36461463256282
2070,-0.032876721580315404,1.9752264852074257e-17,p1db,6.911901657090919e-17,2.0744896399739477e-17,3268,3269,-122.4051791050678
2071,-0.01743401049701987,1.941300170880287e-17,p1db,7.016358576926956e-17,2.0827650652255796e-17,3269,3270,-122.43036807572345
2072,-0.0028591646747813115,1.9284289023272095e-17,p1db,7.1534877426203e-17,2.0840033093017268e-17,3270,3271,-122.44004712606184
2073,0.009172400656765944,1.938270364325106e-17,p1db,7.311580061484979e-17,2.0776360460148095e-17,3271,3272,-122.43608640507301
2074,0.01768531521533845,1.9696453345490363e-17,p1db,7.477546976374282e-17,2.0639189072456342e-17,3272,3273,-122.42170232474831
2075,0.02245535622417094,2.0186569279466143e-17,p1db,7.638139554112688e-17,2.0437654248707605e-17,3273,3274,-122.40071577464234
2076,0.023990753546797805,2.078955735030369e-17,p1db,7.781020386343911e-17,2.018202618531418e-17,3274,3275,-122.37679161229997
2077,0.023384678556439553,2.1424229050241208e-17,p1db,7.895656036077747e-17,1.9879610356686856e-17,3275,3276,-122.35273426754874
2078,0.02196883118218551,2.200445112378849e-17,p1db,7.974037850891363e-17,1.9536206581023632e-17,3276,3277,-122.33002225518709
2079,0.020820277038659185,2.2454963982893698e-17,p1db,8.011106297351586e-17,1.9162015906350783e-17,3277,3278,-122.30879660518437
2080,0.020333827117681835,2.2723851713219277e-17,p1db,8.004727435825495e-17,1.877615634533115e-17,3278,3279,-122.28838170110977
2081,0.02014410300791525,2.2786563658286096e-17,p1db,7.955363624534082e-17,1.8404764645411925e-17,3279,3280,-122.268128950949
2082,0.01952782517982854,2.2641946673725912e-17,p1db,7.86590462626977e-17,1.8073481467863687e-17,3280,3281,-122.24809349509394
2083,0.01805001933850292,2.2305865184157752e-17,p1db,7.741967304082998e-17,1.7800245988475298e-17,3281,3282,-122.22907330058935
2084,0.015945284091223755,2.1808292816328662e-17,p1db,7.59235033728742e-17,1.759385696470757e-17,3282,3283,-122.21199345641693
2085,0.013887731439936601,2.11951913651128e-17,p1db,7.428909801883218e-17,1.74583330418783e-17,3283,3284,-122.1971827324069
2086,0.0123188789723514,2.0531071900247486e-17,p1db,7.265437687925071e-17,1.7398078524992234e-17,3284,3285,-122.18421799353706
2087,0.010901752518371666,1.9896196225230037e-17,p1db,7.115907396680577e-17,1.7418858172548943e-17,3285,3286,-122.1725449744622
2088,0.008613560587981794,1.9375186705335427e-17,p1db,6.992905786910606e-17,1.7523902958063587e-17,3286,3287,-122.16241448850032
2089,-0.0661740482521509,1.9039393978438805e-17,p1db,6.906805326265393e-17,1.7710612303037224e-17,3287,3288,-122.15531785328623
2090,-0.07879529740730362,2.086450200103489e-17,p1db,7.268298937381217e-17,1.9316395766026036e-17,3318,3319,-122.29476258500462
2091,-0.01547705323535098,2.081508624399338e-17,p1db,7.317937711071369e-17,1.9264788629770457e-17,3319,3320,-122.31290844810084
2092,-0.009257988275514606,2.0737622211679565e-17,p1db,7.376451103587546e-17,1.919402495464413e-17,3320,3321,-122.32571669147532
2093,-0.0016990547456572358,2.0638523056599848e-17,p1db,7.439676741595577e-17,1.9109646508000342e-17,3321,3322,-122.33142442465187
2094,0.006082556623184132,2.053339986726265e-17,p1db,7.502350413682524e-17,1.9019234100613517e-17,3322,3323,-122.32911480096664
2095,0.012823499756450474,2.0439907233713047e-17,p1db,7.558801080948387e-17,1.893002547793408e-17,3323,3324,-122.3192593114055
2096,0.017799037788712724,2.0369567210514184e-17,p1db,7.604079532942811e-17,1.8845819862801984e-17,3324,3325,-122.30346780145373
2097,0.021053046887693938,2.0325102971469807e-17,p1db,7.634873844433927e-17,1.876653728805824e-17,3325,3326,-122.28366123582808
2098,0.023003487412459833,2.030481515707832e-17,p1db,7.649616371073593e-17,1.869057189526783e-17,3326,3327,-122.26136170767835
2099,0.02382281303939493,2.0308623789976228e-17,p1db,7.64789060709131e-17,1.86183433807837e-17,3327,3328,-122.23765426100316
2100,0.023180650584968987,2.0339190830642386e-17,p1db,7.629834541376119e-17,1.8554515361930965e-17,3328,3329,-122.21371608159956
2101,0.020561296298446052,2.0397129037548433e-17,p1db,7.596151170096189e-17,1.8506892899326822e-17,3329,3330,-122.19129295983322
2102,0.015832107659427663,2.0475606494672915e-17,p1db,7.54868374042991e-17,1.848224844530504e-17,3330,3331,-122.17259348900267
2103,0.009546121717463052,2.0560199919784623e-17,p1db,7.490932602355058e-17,1.848204123952299e-17,3331,3332,-122.15962874451436
2104,0.0027423552407981333,2.0634494258972585e-17,p1db,7.427910037569121e-17,1.85016929197889e-17,3332,3333,-122.15350124556774
2105,-0.003561123391833121,2.068666445184313e-17,p1db,7.36528214559503e-17,1.8534413463124997e-17,3333,3334,-122.15414403403277
2106,-0.008785757497669522,2.071213249547405e-17,p1db,7.308308614072014e-17,1.8576526711750565e-17,3334,3335,-122.1606234923514
2107,-0.012846918185438483,2.0711477196409645e-17,p1db,7.261202015891587e-17,1.862965177141388e-17,3335,3336,-122.17171554902811
2108,-0.01585608231862068,2.0686688892737597e-17,p1db,7.227136163121736e-17,1.8697709385613584e-17,3336,3337,-122.18631732872228
2109,-0.017739189776570186,2.0639406077950164e-17,p1db,7.20857795554536e-17,1.878133345711464e-17,3337,3338,-122.20342771366535
2110,-0.018102034024444436,2.0572170161710857e-17,p1db,7.207368346243983e-17,1.887466715948457e-17,3338,3339,-122.22179570827542
2111,-0.016480606781442475,2.0490801228421898e-17,p1db,7.224262792586121e-17,1.896743057948078e-17,3339,3340,-122.23963178171424
2112,-0.012790578859856794,2.0405268494080558e-17,p1db,7.258225648053096e-17,1.9050487606809454e-17,3340,3341,-122.25475692183831
2113,-0.0075963164775956216,2.03280144172242e-17,p1db,7.306126241077248e-17,1.9120183558036138e-17,3341,3342,-122.26521293943395
2114,-0.0019376497279282034,2.0270752712222865e-17,p1db,7.363243960564586e-17,1.9177959926806902e-17,3342,3343,-122.2699495547935
2115,0.003192360959708651,2.0241554182263924e-17,p1db,7.424339003441739e-17,1.922587150946624e-17,3343,3344,-122.26908823888981
2116,0.0073222714565730485,2.024338835792255e-17,p1db,7.48459243966479e-17,1.9262070055803498e-17,3344,3345,-122.26356483287408
2117,0.010554611621877541,2.0274254913779893e-17,p1db,7.539894356286001e-17,1.9280240731241308e-17,3345,3346,-122.25444369597666
2118,0.013174666014940328,2.03284261383186e-17,p1db,7.586573684801413e-17,1.927348655388854e-17,3346,3347,-122.24245560963033
2119,0.015181566722795026,2.039809772700623e-17,p1db,7.621129652633005e-17,1.9239301600986837e-17,3347,3348,-122.22809436394678
2120,0.016172754582633786,2.0474690865880695e-17,p1db,7.640441155458611e-17,1.918140492557097e-17,3348,3349,-122.21209247618474
2121,0.015683682005906974,2.054929897248062e-17,p1db,7.642427885326505e-17,1.9106982203148472e-17,3349,3350,-122.19574885478151
2122,0.01365814915956065,2.0612482890862278e-17,p1db,7.626707012008133e-17,1.9021855469325355e-17,3350,3351,-122.18072511217292
2123,0.010603482224048832,2.0654358139971444e-17,p1db,7.594787102165841e-17,1.892782039121504e-17,3351,3352,-122.16843255646239
2124,0.007285652046078894,2.0665903532913768e-17,p1db,7.549692452352157e-17,1.8824311899436283e-17,3352,3353,-122.15951814772482
2125,0.0042448417503351266,2.0641467127344696e-17,p1db,7.495287751521757e-17,1.8712608250828872e-17,3353,3354,-122.15386125237023
2126,0.0015542904095582344,2.058123542921968e-17,p1db,7.435712670861152e-17,1.85985794594571e-17,3354,3355,-122.15102846422415
2127,-0.0010018284205060013,2.0491927023048995e-17,p1db,7.375180026584434e-17,1.849139500137058e-17,3355,3356,-122.15075267155112
2128,-0.003529805229810279,2.0384791664510058e-17,p1db,7.31806986316993e-17,1.8399264334645004e-17,3356,3357,-122.15303212106517
2129,-0.005770216043934795,2.027184220532773e-17,p1db,7.268993604250641e-17,1.832592184694464e-17,3357,3358,-122.15781228201074
2130,-0.0071949812170757355,2.0162751843630522e-17,p1db,7.232497000285734e-17,1.8270827579328042e-17,3358,3359,-122.16457255315304
2131,-0.007363995199192175,2.0064516730114863e-17,p1db,7.212343184265998e-17,1.8232640147440428e-17,3359,3360,-122.17220224444489
2132,-0.006247934418055934,1.998364648050355e-17,p1db,7.210680716531296e-17,1.8212547611250466e-17,3360,3361,-122.17930054355142
2133,-0.004267199966825785,1.992810990090249e-17,p1db,7.227564941122218e-17,1.8214218677539372e-17,3361,3362,-122.184698113281
2134,-0.0020251248084690587,1.9906090590842533e-17,p1db,7.261110048353972e-17,1.8240346796585627e-17,3362,3363,-122.18783494348507
2135,5.5679565953425936e-05,1.9921499932354348e-17,p1db,7.308141820127568e-17,1.8289057321632255e-17,3363,3364,-122.18874836289794
2136,0.0019208556383532027,1.996974418802863e-17,p1db,7.364912582385921e-17,1.835368567646521e-17,3364,3365,-122.18772358435317
2137,0.003767102126786881,2.0037902350143357e-17,p1db,7.427459626989033e-17,1.8426312126303452e-17,3365,3366,-122.18490665162123
2138,0.005730202308100729,2.0110071835237023e-17,p1db,7.49152301705634e-17,1.8501892757176454e-17,3366,3367,-122.18018938009959
2139,0.007637600727186111,2.0174015169427993e-17,p1db,7.552347948706326e-17,1.8579267916062828e-17,3367,3368,-122.17344624700503
2140,0.009035611845327196,2.0223854436068204e-17,p1db,7.604850326928187e-17,1.8658308246262398e-17,3368,3369,-122.16491417864522
2141,0.00949054673252192,2.0257029111784517e-17,p1db,7.644347445072063e-17,1.8736076353688674e-17,3369,3370,-122.15537502331438
2142,0.0089349127494458,2.0269075701134717e-17,p1db,7.66753515306675e-17,1.8805695283679777e-17,3370,3371,-122.14593308518018
2143,0.0077567646475174,2.0252041718727833e-17,p1db,7.673084975971405e-17,1.885899905698889e-17,3371,3372,-122.13750519781549
2144,0.006509432824366002,2.0199005919348077e-17,p1db,7.661469541071124e-17,1.8890625203704703e-17,3372,3373,-122.13041955588514
2145,0.005447335253130348,2.0111034908282548e-17,p1db,7.634241520997214e-17,1.890013611051795e-17,3373,3374,-122.12448633216675
2146,0.004290009006432172,1.9999968215598128e-17,p1db,7.593425597573902e-17,1.8890668660126328e-17,3374,3375,-122.11952488537888
2147,0.002465159645772985,1.9883824213452048e-17,p1db,7.541514700535537e-17,1.8865474257046985e-17,3375,3376,-122.11590631415389
2148,-0.00033726720597826443,1.977831040322427e-17,p1db,7.481947221109644e-17,1.8825151227439188e-17,3376,3377,-122.11459456608733
2149,-0.003788873008474525,1.9691543662900273e-17,p1db,7.419453451892063e-17,1.8767616070543723e-17,3377,3378,-122.11658084856585
2150,-0.007088369478573497,1.9625900513832226e-17,p1db,7.35973128714506e-17,1.869077437360151e-17,3378,3379,-122.12217231210428
2151,-0.009534130052415435,1.9583914052209747e-17,p1db,7.308456559727112e-17,1.8595924801655538e-17,3379,3380,-122.130757587523
2152,-0.010982066025434278,1.9571446277313682e-17,p1db,7.270169949451148e-17,1.8489332907116306e-17,3380,3381,-122.14124057220911
2153,-0.01177518520244547,1.9594570428012127e-17,p1db,7.247674123003689e-17,1.8380526567752683e-17,3381,3382,-122.15272171957386
2154,-0.012229217846623897,1.9653154517190004e-17,p1db,7.242164849954714e-17,1.827816458776359e-17,3382,3383,-122.164790942614
2155,-0.01217805544295203,1.973748818316197e-17,p1db,7.253750271375241e-17,1.8186400687989712e-17,3383,3384,-122.17718015526711
2156,-0.011021619213472889,1.983132552666003e-17,p1db,7.281758771430538e-17,1.8104730107169792e-17,3384,3385,-122.18914705349991
2157,-0.008239250320478675,1.9918704853881745e-17,p1db,7.324520100157178e-17,1.8031746706354277e-17,3385,3386,-122.19922339369406
2158,-0.003905938186342439,1.9988959021240755e-17,p1db,7.378885442097829e-17,1.796981020903387e-17,3386,3387,-122.20562555414087
2159,0.0012428661204992864,2.0036805498815193e-17,p1db,7.440105614610107e-17,1.7926357874785883e-17,3387,3388,-122.20703527006674
2160,0.006254416084026104,2.0059141233433138e-17,p1db,7.50246006323236e-17,1.7910074514982797e-17,3388,3389,-122.20313982189987
2161,0.010534232190714476,2.005256982270627e-17,p1db,7.56039431437672e-17,1.792471043584018e-17,3389,3390,-122.19452643789869
2162,0.01407603947429692,2.0014110355712824e-17,p1db,7.609464533394093e-17,1.7965939337748475e-17,3390,3391,-122.18207135751844
2163,0.01718125452823216,1.9944168302430002e-17,p1db,7.64655423375691e-17,1.8024331303570978e-17,3391,3392,-122.1663743589501
2164,0.019944360753292756,1.9848982459582708e-17,p1db,7.669470584313313e-17,1.8091994604108993e-17,3392,3393,-122.14770884846197
2165,0.021958372576293073,1.97404771252781e-17,p1db,7.676534253724034e-17,1.8166992719247027e-17,3393,3394,-122.12648563744351
2166,0.022485543867972524,1.9633407414323916e-17,p1db,7.666683269571247e-17,1.825170779713686e-17,3394,3395,-122.10379210330939
2167,0.020947085103372842,1.9541302781458107e-17,p1db,7.640045997220316e-17,1.8346946526765325e-17,3395,3396,-122.08151454970756
2168,0.017332886914402934,1.947329366799563e-17,p1db,7.598463766860003e-17,1.844740973465954e-17,3396,3397,-122.06189793310264
2169,0.01221401895805485,1.9433282474438093e-17,p1db,7.545477752572402e-17,1.8542641839427495e-17,3397,3398,-122.04684877587876
2170,0.006376061174286463,1.9421352679921894e-17,p1db,7.485731907007876e-17,1.8622447004607565e-17,3398,3399,-122.03746989518653
2171,0.0003892861560288452,1.9435794775534058e-17,p1db,7.424158874123244e-17,1.8682000842129e-17,3399,3400,-122.03409665353018
2172,-0.005542399698178713,1.9473897033217367e-17,p1db,7.36540101046301e-17,1.8722646743137028e-17,3400,3401,-122.03669132287447
2173,-0.011357096680022494,1.9530980914079055e-17,p1db,7.313665139125644e-17,1.8748327008063722e-17,3401,3402,-122.04518145292654
2174,-0.01675642511563069,1.9598928619951105e-17,p1db,7.272834160690737e-17,1.876100441209369e-17,3402,3403,-122.05940551623452
2175,-0.021032727092006098,1.9666099506309917e-17,p1db,7.246447252527422e-17,1.8758715907920608e-17,3403,3404,-122.0786943031578
2176,-0.023295903920114824,1.971953963974617e-17,p1db,7.237284236653604e-17,1.8737384878657714e-17,3404,3405,-122.10147097041853
2177,-0.022950453144915173,1.974861970729017e-17,p1db,7.246668483898423e-17,1.8694536551189674e-17,3405,3406,-122.12528611099803
2178,-0.020046117078301506,1.9748041827762287e-17,p1db,7.273928530742202e-17,1.8631890089322242e-17,3406,3407,-122.14737187670836
2179,-0.015220088269622067,1.9718422205440864e-17,p1db,7.316427664319082e-17,1.855497014298259e-17,3407,3408,-122.16537834515464
2180,-0.009288891150205814,1.9664305126451775e-17,p1db,7.370184369802784e-17,1.8470193639479484e-17,3408,3409,-122.1778120532476
2181,-0.002832670937209514,1.959132840346674e-17,p1db,7.430702901475817e-17,1.8381697192128942e-17,3409,3410,-122.18395612745505
2182,0.0039062963625013936,1.9504789495804914e-17,p1db,7.493549128316273e-17,1.8290315014435328e-17,3410,3411,-122.18347739512203
2183,0.010780497698199554,1.9410492635468487e-17,p1db,7.554470983951554e-17,1.8195446163058994e-17,3411,3412,-122.17614353473004
2184,0.01740829915296871,1.9316602334132637e-17,p1db,7.60924153696867e-17,1.8098236126855855e-17,3412,3413,-122.16191639972563
2185,0.02306442910729345,1.923416646576778e-17,p1db,7.653622344450561e-17,1.800334814339415e-17,3413,3414,-122.14132693642411
2186,0.026896289593018707,1.917492583381349e-17,p1db,7.683750450448942e-17,1.791765922771286e-17,3414,3415,-122.11578754151104
2187,0.028314659407705278,1.9147188161678998e-17,p1db,7.696890998519246e-17,1.7846825474041215e-17,3415,3416,-122.08753435723807
2188,0.027275613965265677,1.9152248712463964e-17,p1db,7.692125852622756e-17,1.7792652860161363e-17,3416,3417,-122.05915822269563
2189,0.02424327818263805,1.9183847564311705e-17,p1db,7.670490140355202e-17,1.775360145664021e-17,3417,3418,-122.03298312930754
2190,0.01985620127333476,1.9231270430663e-17,p1db,7.634440447499213e-17,1.772786127032912e-17,3418,3419,-122.01067166633035
2191,0.01455508129715355,1.928403966753756e-17,p1db,7.587066840946099e-17,1.7715974491798563e-17,3419,3420,-121.99327072676087
2192,0.008474121650365873,1.9334803603676997e-17,p1db,7.531657759434919e-17,1.7720446156022718e-17,3420,3421,-121.98156150373605
2193,0.001686428354908287,1.9378483400043265e-17,p1db,7.471869310940615e-17,1.7742796880124183e-17,3421,3422,-121.97632248346014
2194,-0.0054206032801218385,1.940909700597098e-17,p1db,7.412148745054505e-17,1.7781048840636804e-17,3422,3423,-121.97818864702623
2195,-0.012005724769409198,1.9418029188349104e-17,p1db,7.357771759792261e-17,1.783014152478089e-17,3423,3424,-121.98716369002038
2196,-0.01705198383685058,1.9396410605367672e-17,p1db,7.314146240203963e-17,1.7884818230004516e-17,3424,3425,-122.00220009656505
2197,-0.01987602840154068,1.9340369962144268e-17,p1db,7.285657476374696e-17,1.7942164286603566e-17,3425,3426,-122.02126765769408
2198,-0.020457210007094773,1.9254801315887928e-17,p1db,7.274741420276097e-17,1.8001488499374422e-17,3426,3427,-122.04195215336813
2199,-0.019305411882200474,1.9152005696045044e-17,p1db,7.281722482042236e-17,1.8061891840093927e-17,3427,3428,-122.06218207770827
2200,-0.016977321543350854,1.904575061106044e-17,p1db,7.305374863792404e-17,1.8119990525911746e-17,3428,3429,-122.08056297713253
2201,-0.013673361076953938,1.8945428198390126e-17,p1db,7.34364901526944e-17,1.81699663433175e-17,3429,3430,-122.09613672079497
2202,-0.009292120050190533,1.885515132579057e-17,p1db,7.393969816892586e-17,1.820590029085031e-17,3430,3431,-122.10790969928644
2203,-0.0038903148367666063,1.8778085931770364e-17,p1db,7.452977436477751e-17,1.8224378862616107e-17,3431,3432,-122.11472096089535
2204,0.0019203049195937183,1.872110659027296e-17,p1db,7.516149661839712e-17,1.822531483273519e-17,3432,3433,-122.11569032895997
2205,0.007087873556692159,1.8694245089150316e-17,p1db,7.577924630870889e-17,1.8210535814538423e-17,3433,3434,-122.11088035105617
2206,0.010715061141368665,1.8704420190980957e-17,p1db,7.632557376917197e-17,1.8181430613755153e-17,3434,3435,-122.10151458184659
2207,0.012605394488993227,1.8748949887249896e-17,p1db,7.675301862943546e-17,1.813752742482426e-17,3435,3436,-122.08945022877343
2208,0.013246243211376907,1.8815120409755977e-17,p1db,7.703177570126551e-17,1.8077091172738978e-17,3436,3437,-122.0763037928686
2209,0.013260262948030288,1.8886454796188307e-17,p1db,7.71488805284442e-17,1.7999375064825454e-17,3437,3438,-122.06295774235068
2210,0.012859391088532846,1.895018568293911e-17,p1db,7.710159894159365e-17,1.79069668800843e-17,3438,3439,-122.04978326697254
2211,0.011778699750166766,1.900000262535325e-17,p1db,7.689221261837375e-17,1.7806362505418327e-17,3439,3440,-122.03723896017361
2212,0.009676177216533688,1.903311220577254e-17,p1db,7.652920093833503e-17,1.770585445174392e-17,3440,3441,-122.0262258674722
2213,0.006582107447293595,1.9045717940471488e-17,p1db,7.603316116589256e-17,1.761184437812196e-17,3441,3442,-122.01788660574054
2214,0.0030087922293802194,1.9031749399678814e-17,p1db,7.54410893379891e-17,1.7526384002734578e-17,3442,3443,-122.01306165257762
2215,-0.0003221847230534536,1.8986110058856403e-17,p1db,7.480401680273043e-17,1.7448274784924724e-17,3443,3444,-122.01186902128178
2216,-0.002877257724719584,1.8909551936098706e-17,p1db,7.417851899891522e-17,1.7377185326587752e-17,3444,3445,-122.01370602202373
2217,-0.004537818295453633,1.8810947887870186e-17,p1db,7.361702033121381e-17,1.731727418584349e-17,3445,3446,-122.01762353673122
2218,-0.005525336402044445,1.870487016886662e-17,p1db,7.316188889777471e-17,1.7276715880808976e-17,3446,3447,-122.02278165861463
2219,-0.006105248826784759,1.8606118979294762e-17,p1db,7.284478555595081e-17,1.72629396665582e-17,3447,3448,-122.02867420953531
2220,-0.006300888707805541,1.8525161976484673e-17,p1db,7.268869000725501e-17,1.72774480295713e-17,3448,3449,-122.0349921562682
2221,-0.005847371384774647,1.846736650198101e-17,p1db,7.270848714056469e-17,1.7314846892310582e-17,3449,3450,-122.04127598695092
2222,-0.004434114532983813,1.843544394490535e-17,p1db,7.290797851750604e-17,1.736714440757729e-17,3450,3451,-122.04668689903775
2223,-0.002045941956858144,1.8431898318674078e-17,p1db,7.327504638980787e-17,1.742963404568045e-17,3451,3452,-122.05014421601689
2224,0.0008846891869893625,1.845876190632474e-17,p1db,7.377923885716211e-17,1.7503170301462573e-17,3452,3453,-122.05077878295147
2225,0.0036664383915834264,1.8514794319219634e-17,p1db,7.437495858611021e-17,1.7590814538520063e-17,3453,3454,-122.04837483764291
2226,0.005758883993792097,1.859282805585197e-17,p1db,7.500950187834449e-17,1.769186226535809e-17,3454,3455,-122.0434459061683
2227,0.007088505830104452,1.8679917430753372e-17,p1db,7.563179904241023e-17,1.7798648816283138e-17,3455,3456,-122.03685706965533
2228,0.008010765953947896,1.876067685326802e-17,p1db,7.619762762490477e-17,1.7899104745343867e-17,3456,3457,-122.02926889450809
2229,0.008937387377329742,1.8821740806671836e-17,p1db,7.667004269017022e-17,1.798296554091806e-17,3457,3458,-122.02083553774743
2230,0.00992910519464374,1.885457942225521e-17,p1db,7.701730858147092e-17,1.8046409314103523e-17,3458,3459,-122.01139411975343
2231,0.010599818734689848,1.885541920615271e-17,p1db,7.721224956363041e-17,1.8091440209721668e-17,3459,3460,-122.00097732735814
2232,0.010426903237160445,1.8823415319710178e-17,p1db,7.723554146674221e-17,1.812096465491855e-17,3460,3461,-121.99019448228405
2233,0.009204015818845335,1.8759362567291745e-17,p1db,7.7081854450104e-17,1.813405366161725e-17,3461,3462,-121.98012352088382
2234,0.007232749011571116,1.866614819044579e-17,p1db,7.67645574409459e-17,1.8125434342765344e-17,3462,3463,-121.97178645064636
2235,0.005082617051648697,1.8550096010660586e-17,p1db,7.631476298722428e-17,1.8089426648835184e-17,3463,3464,-121.96565802286068
2236,0.003140170930279851,1.8421479356270924e-17,p1db,7.577441787774125e-17,1.802480655845431e-17,3464,3465,-121.96162121654307
2237,0.0013454556921317362,1.8293412790043573e-17,p1db,7.518794395583176e-17,1.7936590242046967e-17,3465,3466,-121.95937768100012
2238,-0.0006659740873473652,1.8179630219545764e-17,p1db,7.459802509099357e-17,1.7833514491680873e-17,3466,3467,-121.9589303051588
2239,-0.003147358606483408,1.809194791098569e-17,p1db,7.404697813381509e-17,1.7723444471598653e-17,3467,3468,-121.96070962917481
2240,-0.005902143381192104,1.8037896888058575e-17,p1db,7.357947712530146e-17,1.7610387308317436e-17,3468,3469,-121.96522502237177
2241,-0.008300382223453084,1.8019142855849757e-17,p1db,7.324073062305318e-17,1.7495249878151854e-17,3469,3470,-121.9725139159372
2242,-0.009640944544656804,1.8031662416421333e-17,p1db,7.306831745956747e-17,1.7379282230819056e-17,3470,3471,-121.98182578681867
2243,-0.00957934012370032,1.8067990637715946e-17,p1db,7.30820724010651e-17,1.7266985246983825e-17,3471,3472,-121.99179580502651
2244,-0.008292260483763414,1.8120131470279285e-17,p1db,7.327894389649747e-17,1.716589733636187e-17,3472,3473,-122.00098446706608
2245,-0.006262150784813514,1.818077014625749e-17,p1db,7.36362395424398e-17,1.708347214647442e-17,3473,3474,-122.00838032599404
2246,-0.0038729787805991123,1.8241854920205327e-17,p1db,7.412032913195878e-17,1.702378633535493e-17,3474,3475,-122.0135087686357
2247,-0.0011582011148618676,1.829248950038265e-17,p1db,7.469423941952952e-17,1.6986840660916823e-17,3475,3476,-122.01612628355524
2248,0.002093897766712871,1.8319461415600593e-17,p1db,7.531948752935867e-17,1.6970712679003623e-17,3476,3477,-122.01582517086543
2249,0.005977329003528098,1.8311668620712493e-17,p1db,7.595310433588309e-17,1.697420619576878e-17,3477,3478,-122.01193848802181
2250,0.010165502166266549,1.826568171301771e-17,p1db,7.654539557201617e-17,1.699746649995696e-17,3478,3479,-122.00387051285837
2251,0.013942853909462372,1.8187656437850818e-17,p1db,7.704370042134888e-17,1.7040305052977654e-17,3479,3480,-121.99160748368928
2252,0.016578961428599825,1.80893304915919e-17,p1db,7.740227339791693e-17,1.710024379726889e-17,3480,3481,-121.97598480503945
2253,0.017759240554362066,1.7981171377896142e-17,p1db,7.759260050752274e-17,1.7172277794351962e-17,3481,3482,-121.95844956083208
2254,0.017699260076227574,1.7868847621413664e-17,p1db,7.760712993716118e-17,1.725035022022745e-17,3482,3483,-121.94046632393072
2255,0.016812564896028448,1.775624575063179e-17,p1db,7.745429888117415e-17,1.7328925750034955e-17,3483,3484,-121.92305104067962
2256,0.015214646709843294,1.7651460381034833e-17,p1db,7.714991135102505e-17,1.7403457677558914e-17,3484,3485,-121.90684119413866
2257,0.012540991554459424,1.756858733097523e-17,p1db,7.671268846208098e-17,1.7470035763486442e-17,3485,3486,-121.89262174725994
2258,0.008298527759635022,1.7521992357338072e-17,p1db,7.616733482495448e-17,1.7525136610403226e-17,3486,3487,-121.88175921102975
2259,0.0024572215784672835,1.751749216523835e-17,p1db,7.55508895869903e-17,1.7565742097821452e-17,3487,3488,-121.87602469174067
2260,-0.004277608877849559,1.7548579970095817e-17,p1db,7.491463149798051e-17,1.7589424091771542e-17,3488,3489,-121.87684476787281
2261,-0.010782756743211053,1.760124842096535e-17,p1db,7.431754157191909e-17,1.7594296568021406e-17,3489,3490,-121.88457990949637
2262,-0.016133935703578572,1.7662803628630897e-17,p1db,7.381448971003508e-17,1.7579307337322693e-17,3490,3491,-121.89841028135923
2263,-0.019980133390447463,1.7726799016650594e-17,p1db,7.344633979776914e-17,1.7545006325682905e-17,3491,3492,-121.91684778090352
2264,-0.022399968699339468,1.779057910586795e-17,p1db,7.32370533982725e-17,1.7493953645660303e-17,3492,3493,-121.93837054814013
2265,-0.023444859587137046,1.7849083682564563e-17,p1db,7.319705990732896e-17,1.7429787146634015e-17,3493,3494,-121.9616477183022
2266,-0.022832190687289255,1.7891782849760658e-17,p1db,7.332772695528966e-17,1.7355314303903787e-17,3494,3495,-121.9852602673144
2267,-0.020083353532591275,1.7906239465340607e-17,p1db,7.36221235774595e-17,1.7271479552640946e-17,3495,3496,-122.00731209967678
2268,-0.014983263469638075,1.7885370147102074e-17,p1db,7.406160623282112e-17,1.717868108796851e-17,3496,3497,-122.02542697437958
2269,-0.007951590956402299,1.783208819326726e-17,p1db,7.461215381571007e-17,1.7079564501787928e-17,3497,3498,-122.03727862661606
2270,1.122867760727786e-05,1.7757437860003574e-17,p1db,7.522522429227846e-17,1.6980417240945905e-17,3498,3499,-122.04133015629239
2271,0.0077865561847119125,1.7674060052128263e-17,p1db,7.584464670789235e-17,1.6889078767666883e-17,3499,3500,-122.03725616926084
2272,0.01464428378204019,1.7590673531935474e-17,p1db,7.641653085224308e-17,1.681067861146522e-17,3500,3501,-122.02575704392297
2273,0.020387541236523532,1.7511788737939767e-17,p1db,7.689711688410166e-17,1.6745225427348858e-17,3501,3502,-122.00796760169676
2274,0.025049220439150588,1.744164990795719e-17,p1db,7.725527233679837e-17,1.6689825411184167e-17,3502,3503,-121.98498196144992
2275,0.028450145004590865,1.738753731241852e-17,p1db,7.747021046298956e-17,1.6643793088054096e-17,3503,3504,-121.95786916081846
2276,0.030041975841186286,1.7358557413456613e-17,p1db,7.75280327364372e-17,1.6611612358468942e-17,3504,3505,-121.92808167144074
2277,0.029197209203417174,1.7360596006892545e-17,p1db,7.742097800363388e-17,1.6600344357634396e-17,3505,3506,-121.89778520913609
2278,0.025704437721003615,1.739178496629619e-17,p1db,7.715074938427837e-17,1.661349793570882e-17,3506,3507,-121.8696872530339
2279,0.02003594600128622,1.7442358397624986e-17,p1db,7.673367219996964e-17,1.6647182882544022e-17,3507,3508,-121.84637633369408
2280,0.013154511088401932,1.74989110386105e-17,p1db,7.620326670318472e-17,1.6692416486915073e-17,3508,3509,-121.82961536103133
2281,0.0060243295825941345,1.7549588601772786e-17,p1db,7.560694714276993e-17,1.6741581842032308e-17,3509,3510,-121.82006731151728
2282,-0.0007804483501843151,1.7586595423133495e-17,p1db,7.499757997377972e-17,1.6793168232309652e-17,3510,3511,-121.81756670186614
2283,-0.007086439131917643,1.7605223149704512e-17,p1db,7.442461563421183e-17,1.68507050187144e-17,3511,3512,-121.82162820821765
2284,-0.012793367216531237,1.7601563735146702e-17,p1db,7.392984473717231e-17,1.6917184001058257e-17,3512,3513,-121.83173958012998
2285,-0.017528621320927584,1.757167028812661e-17,p1db,7.354866983212274e-17,1.6990108502079428e-17,3513,3514,-121.84721494265071
2286,-0.020612154619215062,1.751305541500538e-17,p1db,7.33126737530389e-17,1.706138346680827e-17,3514,3515,-121.86679682277183
2287,-0.021385428480726887,1.7427099817587008e-17,p1db,7.324812398704362e-17,1.712185444815604e-17,3515,3516,-121.88843925188914
2288,-0.019640598251100982,1.7320229599685528e-17,p1db,7.336920754906225e-17,1.7166521725126817e-17,3516,3517,-121.90956767973329
2289,-0.015800359734953418,1.7202888725819597e-17,p1db,7.367046704162559e-17,1.719627936379613e-17,3517,3518,-121.92772044839134
2290,-0.010709345101588497,1.708704664529009e-17,p1db,7.412471679203641e-17,1.721508478181483e-17,3518,3519,-121.94116839920319
2291,-0.005216078616470554,1.6983747038630066e-17,p1db,7.468886584576916e-17,1.7225072324453366e-17,3519,3520,-121.94913913859452
2292,0.00013100441169910937,1.690164034284399e-17,p1db,7.531410976174298e-17,1.722359677469772e-17,3520,3521,-121.95160055643613
2293,0.0050951113730661746,1.684640353615372e-17,p1db,7.595407964840814e-17,1.720453801558208e-17,3521,3522,-121.94887712977112
2294,0.00955446630268142,1.6820526879127775e-17,p1db,7.656683601962527e-17,1.7162773614048162e-17,3522,3523,-121.94141033369
2295,0.013305076160413876,1.6823308569200997e-17,p1db,7.711195205102978e-17,1.7098253575121765e-17,3523,3524,-121.92976819716576
2296,0.01600344727100378,1.685121061261933e-17,p1db,7.754812669271036e-17,1.7016494694010315e-17,3524,3525,-121.91480018136917
2297,0.017269644176352017,1.689839716178565e-17,p1db,7.783637016334707e-17,1.6925194318732324e-17,3525,3526,-121.89776130262375
2298,0.01689155575400747,1.69569036463843e-17,p1db,7.794877582314898e-17,1.682976264275432e-17,3526,3527,-121.88026089301647
2299,0.015015152895941242,1.701640104420301e-17,p1db,7.787719887531924e-17,1.673138881887656e-17,3527,3528,-121.86397819111573
2300,0.012170060637643587,1.706461527047632e-17,p1db,7.763500984841329e-17,1.662907938041533e-17,3528,3529,-121.85023058722459
2301,0.009041386511157157,1.7089602374444077e-17,p1db,7.725029062742382e-17,1.65237376743369e-17,3529,3530,-121.83963806984045
2302,0.0060940248677070485,1.7083442709759752e-17,p1db,7.6756152071307e-17,1.6420670406570458e-17,3530,3531,-121.83214781420227
2303,0.0033399051687794667,1.7044956054208227e-17,p1db,7.618616065887401e-17,1.632835372602149e-17,3531,3532,-121.82745002010503
2304,0.00048768844278868073,1.6979120668351754e-17,p1db,7.557749206553425e-17,1.6254537291907644e-17,3532,3533,-121.82546800386471
2305,-0.002602234508458423,1.6893442415069135e-17,p1db,7.49764286537979e-17,1.6202929739224555e-17,3533,3534,-121.82647464321946
2306,-0.00555601574203024,1.679437088139393e-17,p1db,7.443801143520935e-17,1.617297678746818e-17,3534,3535,-121.83067247288163
2307,-0.007600752796854238,1.668704860272043e-17,p1db,7.401682192625595e-17,1.616243008008742e-17,3535,3536,-121.83758667470352
2308,-0.008123711210330953,1.657843926822642e-17,p1db,7.375402679394799e-17,1.617014107613338e-17,3536,3537,-121.84587397847534
2309,-0.007196100288588525,1.6480099665841278e-17,p1db,7.366930067155538e-17,1.6196731591426784e-17,3537,3538,-121.85383409712418
2310,-0.0055535739709426934,1.6406513473626224e-17,p1db,7.376211603405182e-17,1.6242948061055526e-17,3538,3539,-121.86026617905252
2311,-0.0039990383599572965,1.6368869847380284e-17,p1db,7.401923331293676e-17,1.6307433409231977e-17,3539,3540,-121.86494124506606
2312,-0.0027598299772932933,1.6369046935049963e-17,p1db,7.44209481911172e-17,1.6385826114948784e-17,3540,3541,-121.86826425577243
2313,-0.0014186954197583646,1.6399306510810112e-17,p1db,7.494123622533455e-17,1.6471759016374677e-17,3541,3542,-121.87046090502065
2314,0.0005105521056947282,1.6448219587983944e-17,p1db,7.554354962363759e-17,1.6558829741647344e-17,3542,3543,-121.87110164661195
2315,0.0029416824916381756,1.6507335128023683e-17,p1db,7.617852617415586e-17,1.6642101143871758e-17,3543,3544,-121.86943980080926
2316,0.005158463802146684,1.6572442636732627e-17,p1db,7.678846827895559e-17,1.6718276223519695e-17,3544,3545,-121.86521828162867
2317,0.006408779857707714,1.6638816433808638e-17,p1db,7.731767947109593e-17,1.6784702684715497e-17,3545,3546,-121.85912287320497
2318,0.0065678248548053375,1.6696093561874146e-17,p1db,7.77228044295722e-17,1.6838146663018823e-17,3546,3547,-121.85240072191326
2319,0.006220407978538844,1.6729037178704774e-17,p1db,7.797738225306284e-17,1.6874447660980824e-17,3547,3548,-121.84598722349536
2320,0.006095023848182279,1.6724566451260916e-17,p1db,7.806946165184445e-17,1.6889532698045906e-17,3548,3549,-121.83995990595618
2321,0.006402533643239394,1.6679160094273557e-17,p1db,7.799618216576525e-17,1.6881134634651384e-17,3549,3550,-121.83379717579899
2322,0.006682541650818052,1.6600306967671427e-17,p1db,7.776071402591291e-17,1.6849796441143588e-17,3550,3551,-121.8271548386697
2323,0.006259101411146162,1.6501043543979437e-17,p1db,7.737408861571961e-17,1.6798155132320588e-17,3551,3552,-121.82043209249736
2324,0.004860224695498516,1.6392566751868963e-17,p1db,7.685986692348173e-17,1.672900735472353e-17,3552,3553,-121.8146366358474
2325,0.0028450760365288374,1.6281162879275125e-17,p1db,7.625696661592367e-17,1.6643968248901814e-17,3553,3554,-121.81071164310636
2326,0.000874802324936752,1.617127109703583e-17,p1db,7.561708623861339e-17,1.6544164945175728e-17,3554,3555,-121.80894648377435
2327,-0.0006361676560686647,1.6070676247540403e-17,p1db,7.499687541528911e-17,1.6432441323998722e-17,3555,3556,-121.80896203845649
2328,-0.0017930392483620494,1.5991990244393907e-17,p1db,7.44485263461765e-17,1.63148497121094e-17,3556,3557,-121.81021881908649
2329,-0.0029960822264882836,1.5948150460429816e-17,p1db,7.401339225395264e-17,1.619958869005425e-17,3557,3558,-121.81254811695321
2330,-0.004439679610896974,1.594529974351461e-17,p1db,7.372089450410605e-17,1.6093894911758563e-17,3558,3559,-121.81621098353946
2331,-0.005796989494569971,1.597902458094972e-17,p1db,7.359097708711353e-17,1.6001526467810462e-17,3559,3560,-121.821427476175
2332,-0.0063781611124298365,1.603703796151677e-17,p1db,7.363583148085044e-17,1.592315841420928e-17,3560,3561,-121.8278049625286
2333,-0.005623623937225375,1.6105796929339174e-17,p1db,7.38577859906299e-17,1.5859350198049737e-17,3561,3562,-121.83418379839986
2334,-0.003515018545158455,1.6175551969278857e-17,p1db,7.424430620842411e-17,1.5813235111175223e-17,3562,3563,-121.83905221040305
2335,-0.0005754972685778625,1.6240322342805863e-17,p1db,7.476452168151057e-17,1.5790168031650173e-17,3563,3564,-121.84121383549018
2336,0.002523989796252124,1.6294078187703134e-17,p1db,7.53714345479959e-17,1.5794293942008282e-17,3564,3565,-121.84020320494021
2337,0.005418897479493978,1.632772845821063e-17,p1db,7.60100781009384e-17,1.5824930525417716e-17,3565,3566,-121.83616585589768
2338,0.008194875266582358,1.6330570251653893e-17,p1db,7.662766485430447e-17,1.5876045838522416e-17,3566,3567,-121.82936540998122
2339,0.011121108891089193,1.6295579824199625e-17,p1db,7.718050872855714e-17,1.5939491405617182e-17,3567,3568,-121.81977610536451
2340,0.01421711259761338,1.6224140499104343e-17,p1db,7.763489055200226e-17,1.600937575279681e-17,3568,3569,-121.80712319219904
2341,0.01703158048165676,1.6125954408835918e-17,p1db,7.796334658347368e-17,1.6083962940032612e-17,3569,3570,-121.79134188016928
2342,0.018834109848420155,1.6014084617003668e-17,p1db,7.814134767856444e-17,1.6163576889645098e-17,3570,3571,-121.77306003123573
2343,0.019064204158993903,1.5899509807862686e-17,p1db,7.814923289860175e-17,1.6246381051056004e-17,3571,3572,-121.75367366047244
2344,0.01765052792260491,1.578971005960356e-17,p1db,7.797977184779123e-17,1.6325769003687534e-17,3572,3573,-121.73493162291774
2345,0.0149394700759089,1.5691339127519464e-17,p1db,7.764593128781884e-17,1.6391832807422644e-17,3573,3574,-121.71837260462723
2346,0.011340520501619267,1.5612734089832558e-17,p1db,7.718166148645865e-17,1.6435974945959357e-17,3574,3575,-121.70505268276592
2347,0.007034298263576488,1.5562573691483015e-17,p1db,7.663350140492755e-17,1.6455081491452347e-17,3575,3576,-121.695691563624
2348,0.0019856223362850756,1.5545635089884264e-17,p1db,7.604876565751237e-17,1.6451967046402173e-17,3576,3577,-121.69098408623877
2349,-0.0037888402194354853,1.5559868639039342e-17,p1db,7.54691937644374e-17,1.6431746245465103e-17,3577,3578,-121.69172031895143
2350,-0.00994344117528101,1.5597400428583588e-17,p1db,7.493348538016722e-17,1.6397056877407707e-17,3578,3579,-121.69856176667764
2351,-0.015735918013433547,1.5647970657656032e-17,p1db,7.448320462340999e-17,1.634603565218716e-17,3579,3580,-121.71160720130199
2352,-0.02022341063086941,1.570149827348407e-17,p1db,7.416298470094136e-17,1.627473074525256e-17,3580,3581,-121.73003360270451
2353,-0.022611684511389285,1.5748435237675817e-17,p1db,7.401142423833445e-17,1.618197535298433e-17,3581,3582,-121.75205402256373
2354,-0.022561331733768952,1.5779472369398897e-17,p1db,7.404832810140452e-17,1.6072644320922072e-17,3582,3583,-121.77525697172729
2355,-0.020269953607815694,1.578657013582159e-17,p1db,7.42680752282187e-17,1.595642220259732e-17,3583,3584,-121.79717668603126
2356,-0.01627458536632531,1.576512696782477e-17,p1db,7.464402154838433e-17,1.5842865394376154e-17,3584,3585,-121.81579687894292
2357,-0.011106664095350993,1.5715189237053745e-17,p1db,7.513971428941976e-17,1.5736733354145463e-17,3585,3586,-121.82972585676391
2358,-0.005049246321199519,1.5640287612688165e-17,p1db,7.571774386128961e-17,1.563748183814272e-17,3586,3587,-121.83801020713362
2359,0.0018140421181982447,1.5545150293765224e-17,p1db,7.634048849250276e-17,1.5543256957028165e-17,3587,3588,-121.83982434940631
2360,0.009283567728196829,1.5435076075961436e-17,p1db,7.696525092253602e-17,1.5455736553500588e-17,3588,3589,-121.83438212289722
2361,0.016721405406762813,1.5317865334493474e-17,p1db,7.754164581491819e-17,1.538141809484051e-17,3589,3590,-121.82125721394992
2362,0.023050914932106537,1.5205617732294045e-17,p1db,7.801687422670779e-17,1.5328197023689978e-17,3590,3591,-121.8009393120837
2363,0.027189450985872554,1.511273801676085e-17,p1db,7.834705347459132e-17,1.5300323427312136e-17,3591,3592,-121.7751553840857
2364,0.028628263480491967,1.5050125544759464e-17,p1db,7.850699468904855e-17,1.5296131678596814e-17,3592,3593,-121.74656041011195
2365,0.02765383111417208,1.502029824599871e-17,p1db,7.84918925739722e-17,1.531017426513849e-17,3593,3594,-121.71789885712472
2366,0.024970576387097765,1.5018215792789392e-17,p1db,7.831111366916521e-17,1.5337409178725122e-17,3594,3595,-121.69125274788361
2367,0.02105941171095793,1.503690502310505e-17,p1db,7.798046311005848e-17,1.5375752300887203e-17,3595,3596,-121.66795770435053
2368,0.015889037532630823,1.507194830124279e-17,p1db,7.751961158117475e-17,1.5425401190160874e-17,3596,3597,-121.6491339244617
2369,0.009252229045998206,1.5120351028273042e-17,p1db,7.695585920852993e-17,1.5486266772959634e-17,3597,3598,-121.63617962928527
2370,0.0013764232465049986,1.5175624005856795e-17,p1db,7.632922696708973e-17,1.5555932663902748e-17,3598,3599,-121.6306294663697
2371,-0.006806495606738849,1.5225190880060162e-17,p1db,7.569242439481787e-17,1.56295207917781e-17,3599,3600,-121.63342678279226
2372,-0.014003626756235121,1.525394095431784e-17,p1db,7.510349331086758e-17,1.5701213510922993e-17,3600,3601,-121.64424245758318
2373,-0.019216073182484195,1.525150139862065e-17,p1db,7.461485388045785e-17,1.5766273395385703e-17,3601,3602,-121.66143403630473
2374,-0.02215714516599121,1.521708209337942e-17,p1db,7.426504720568673e-17,1.5822346694966007e-17,3602,3603,-121.68267460394814
2375,-0.02312916112995822,1.5157874109316303e-17,p1db,7.40769053391351e-17,1.5869276747565117e-17,3603,3604,-121.70574832663671
2376,-0.0225191936899094,1.508269038573142e-17,p1db,7.406069876021751e-17,1.59074813258318e-17,3604,3605,-121.72893292620806
2377,-0.020380027670363177,1.499670744265601e-17,p1db,7.42174428724626e-17,1.5936001750102012e-17,3605,3606,-121.75078671401653
2378,-0.016469945534737462,1.4901986649183406e-17,p1db,7.45386291231964e-17,1.5951854572783075e-17,3606,3607,-121.76969298154879
2379,-0.010705961680116616,1.4802824008626592e-17,p1db,7.500288307549324e-17,1.595148739660169e-17,3607,3608,-121.783726605086
2380,-0.0036049595981495486,1.471012351282846e-17,p1db,7.557353867242128e-17,1.5933285626924837e-17,3608,3609,-121.79110490490902
2381,0.0037208516707138983,1.4639559193037157e-17,p1db,7.620087883307357e-17,1.5898836572224976e-17,3609,3610,-121.7909365242823
2382,0.010071582342263241,1.4603972932721936e-17,p1db,7.682928986757841e-17,1.585153480721727e-17,3610,3611,-121.78366320156759
2383,0.014775032461088244,1.460614649504898e-17,p1db,7.740608586738485e-17,1.5793689590296092e-17,3611,3612,-121.77079335959777
2384,0.017897769333124813,1.4638201741297906e-17,p1db,7.788809276957861e-17,1.5725085476335128e-17,3612,3613,-121.75411313664542
2385,0.019897286672637904,1.46879226078154e-17,p1db,7.824405174055017e-17,1.5644760105602923e-17,3613,3614,-121.73499782093153
2386,0.02105148423765968,1.4746012969468513e-17,p1db,7.845336892258956e-17,1.5554405962749364e-17,3614,3615,-121.71431856330014
2387,0.02117023665611839,1.4807867346665614e-17,p1db,7.85033587028957e-17,1.5459746043647375e-17,3615,3616,-121.6928948524562
2388,0.019826498676387416,1.486910970849599e-17,p1db,7.838783412796186e-17,1.5368031882170845e-17,3616,3617,-121.6719780899879
2389,0.016883083806646937,1.492038468972539e-17,p1db,7.810926885501462e-17,1.5283924389006664e-17,3617,3618,-121.65324185510343
2390,0.012821229248501709,1.4947618811195643e-17,p1db,7.768402637782048e-17,1.520799151400341e-17,3618,3619,-121.63821192237461
2391,0.008549087520215437,1.4938463762551198e-17,p1db,7.714648872025809e-17,1.5139474165708025e-17,3619,3620,-121.62759939660643
2392,0.004837811334645892,1.4889398658450415e-17,p1db,7.654687842947277e-17,1.508044254370434e-17,3620,3621,-121.62111374733418
2393,0.001875614690341365,1.4807222366950296e-17,p1db,7.594164758561361e-17,1.5036882448800746e-17,3621,3622,-121.61792377393714
2394,-0.000659863210721312,1.4703968465724393e-17,p1db,7.538187505203868e-17,1.5015349956570077e-17,3622,3623,-121.6173625179535
2395,-0.003076854807268603,1.4590211350157847e-17,p1db,7.490752668979402e-17,1.5018295632870028e-17,3623,3624,-121.61924350035858
2396,-0.005195202996162607,1.4472586099969e-17,p1db,7.455022740484965e-17,1.5042416906181646e-17,3624,3625,-121.62351622756803
2397,-0.006393265652384628,1.4356643813742073e-17,p1db,7.433897356282711e-17,1.5081419566217572e-17,3625,3626,-121.6296339063509
2398,-0.0061482561500625366,1.4250831647142617e-17,p1db,7.430025232594506e-17,1.5130489765031592e-17,3626,3627,-121.6363027588728
2399,-0.004563371674990435,1.416663756646367e-17,p1db,7.444963514914936e-17,1.5188475887285885e-17,3627,3628,-121.64193041865103
2400,-0.0023780758962530513,1.41141209047414e-17,p1db,7.478091053681395e-17,1.5256128003038525e-17,3628,3629,-121.64542950222278
2401,-0.00044123315986155376,1.4096707758805195e-17,p1db,7.526244163001427e-17,1.5332229941362613e-17,3629,3630,-121.64668657044353
2402,0.0008692422857095039,1.410974994253318e-17,p1db,7.584498847613623e-17,1.541107970728039e-17,3630,3631,-121.6463119685425
2403,0.0017701517464132621,1.4143630883511974e-17,p1db,7.647579780338204e-17,1.548348867723564e-17,3631,3632,-121.64494808587212
2404,0.0026928151885314833,1.4188108758710896e-17,p1db,7.710895146801109e-17,1.5540542392743846e-17,3632,3633,-121.64277166504968
2405,0.003807272330533351,1.4234217044302746e-17,p1db,7.770586749524308e-17,1.5577249520620103e-17,3633,3634,-121.63956245549505
2406,0.004875554061896992,1.427335871830229e-17,p1db,7.822883048088446e-17,1.5593470808495452e-17,3634,3635,-121.63515712038861
2407,0.005496760633761255,1.4296317529820036e-17,p1db,7.863655055937522e-17,1.5591653728636077e-17,3635,3636,-121.62981134737126
2408,0.005461318615317623,1.4294492556376945e-17,p1db,7.888862078423991e-17,1.5573234421068004e-17,3636,3637,-121.62416359912109
2409,0.004902117107640436,1.4262623885091353e-17,p1db,7.895727907704255e-17,1.553653839768624e-17,3637,3638,-121.61888871014062
2410,0.00417276290538382,1.4200348664720855e-17,p1db,7.883767536192031e-17,1.547786762857389e-17,3638,3639,-121.61435936490581
2411,0.0036102787991652008,1.4111300146855896e-17,p1db,7.854844118129304e-17,1.5394979193597955e-17,3639,3640,-121.61054318432986
2412,0.00335141007326456,1.4001308840177338e-17,p1db,7.812235443448245e-17,1.5290247797778194e-17,3640,3641,-121.60713880730748
2413,0.003260736081443838,1.3877988337189577e-17,p1db,7.759508958010481e-17,1.517094540217354e-17,3641,3642,-121.60384036418333
2414,0.0029822828279080227,1.3751686146530007e-17,p1db,7.700092279279772e-17,1.504624559207193e-17,3642,3643,-121.60061733514459
2415,0.0021354805478637218,1.3635401459252249e-17,p1db,7.637707666582663e-17,1.4923171334619855e-17,3643,3644,-121.59787579852751
2416,0.000603347873791904,1.3541949289691333e-17,p1db,7.576991863597776e-17,1.4804594683205084e-17,3644,3645,-121.59634637404886
2417,-0.00128831434064125,1.3479846753490211e-17,p1db,7.523432072993802e-17,1.469071522554126e-17,3645,3646,-121.59666910277993
2418,-0.0029201641897529385,1.3451373360946968e-17,p1db,7.482373479511079e-17,1.4582598256044934e-17,3646,3647,-121.59892300273015
2419,-0.0038179442435009037,1.3454375874473056e-17,p1db,7.457699028496524e-17,1.448476246493432e-17,3647,3648,-121.60250943115943
2420,-0.00400895130309209,1.3485523817078813e-17,p1db,7.45107786738632e-17,1.4404692161074654e-17,3648,3649,-121.60655889121715
2421,-0.003921934791321746,1.3541285230408811e-17,p1db,7.462187356811177e-17,1.4349620247966928e-17,3649,3650,-121.61052733376562
2422,-0.0038785244596013513,1.3615616215169634e-17,p1db,7.48951073507049e-17,1.4322991918846567e-17,3650,3651,-121.61440276079979
2423,-0.0036653417497873875,1.3697336228052075e-17,p1db,7.530928368817675e-17,1.4323196266393462e-17,3651,3652,-121.61828438268482
2424,-0.0026426415708087347,1.3771037050574865e-17,p1db,7.583669929492728e-17,1.434540995724833e-17,3652,3653,-121.62173344429937
2425,-0.00032919318518054297,1.3822036320804886e-17,p1db,7.643901964725566e-17,1.4385080119519687e-17,3653,3654,-121.62356966582644
2426,0.003075180390311516,1.3841763808744301e-17,p1db,7.706609956804787e-17,1.4440393040744734e-17,3654,3655,-121.62239183066973
2427,0.006730432932236852,1.3829272025999027e-17,p1db,7.766163471688023e-17,1.451183122874115e-17,3655,3656,-121.61741930504581
2428,0.00975027753782598,1.3787976608550854e-17,p1db,7.817325764655076e-17,1.4599109887928447e-17,3656,3657,-121.60893096480525
2429,0.01182429537757912,1.3721067207609813e-17,p1db,7.85609719678015e-17,1.469795804975405e-17,3657,3658,-121.59791874997016
2430,0.01330327025849698,1.3630178468318693e-17,p1db,7.879978813154982e-17,1.4799615682304394e-17,3658,3659,-121.5852823740501
2431,0.014674884089636464,1.351858954216916e-17,p1db,7.887740910995195e-17,1.48938648148291e-17,3659,3660,-121.57131220945317
2432,0.0159186253276431,1.3395519017375462e-17,p1db,7.879087060342914e-17,1.4973386098024428e-17,3660,3661,-121.55593260587082
2433,0.01633547240848543,1.327656955312485e-17,p1db,7.854523753709199e-17,1.5035881363825913e-17,3661,3662,-121.53947495879788
2434,0.015023662111119052,1.3178609405184641e-17,p1db,7.815479507692283e-17,1.5082190439441032e-17,3662,3663,-121.52326166105385
2435,0.011597324691486222,1.311254828638685e-17,p1db,7.76452832842346e-17,1.511225224816138e-17,3663,3664,-121.50942763457564
2436,0.006523012843821618,1.3079766602119666e-17,p1db,7.705516371537195e-17,1.512283788620819e-17,3664,3665,-121.50006701167088
2437,0.0008005036691614009,1.3074840819790972e-17,p1db,7.643397898174818e-17,1.510929241957946e-17,3665,3666,-121.496381608888
2438,-0.004687465537017488,1.309146025108697e-17,p1db,7.583672127520989e-17,1.506959769775711e-17,3666,3667,-121.49846600433256
2439,-0.00957057281434004,1.312579858453367e-17,p1db,7.53153935139224e-17,1.5006792873535235e-17,3667,3668,-121.50575653996204
2440,-0.013835556261732052,1.3174595581947512e-17,p1db,7.491153325077597e-17,1.4927430289710662e-17,3668,3669,-121.51760714996124
2441,-0.01734700961082325,1.3230657388801791e-17,p1db,7.465352657601154e-17,1.4837636501475524e-17,3669,3670,-121.5334276524855
2442,-0.019546312089971707,1.3281065178111024e-17,p1db,7.455889742918315e-17,1.47405787901376e-17,3670,3671,-121.55230116918288
2443,-0.01963503619158047,1.3310720015036537e-17,p1db,7.463738989619173e-17,1.4637561538972233e-17,3671,3672,-121.57252027666544
2444,-0.01709528997984222,1.3308764422244593e-17,p1db,7.489007823425707e-17,1.453129279116405e-17,3672,3673,-121.59157124156604
2445,-0.012106465022036161,1.3272835674712052e-17,p1db,7.530405446301402e-17,1.442775813736793e-17,3673,3674,-121.60671085662513
2446,-0.005505597152982489,1.3208041543453104e-17,p1db,7.584757694063625e-17,1.433463770058427e-17,3674,3675,-121.61578417161012
2447,0.0016876833512000644,1.3121980344942936e-17,p1db,7.647160957517545e-17,1.4257724178628466e-17,3675,3676,-121.61772205093109
2448,0.008790089268629231,1.3020345887917315e-17,p1db,7.711905915145344e-17,1.4198793140686262e-17,3676,3677,-121.61240880490772
2449,0.015579754769028398,1.2906927091301269e-17,p1db,7.773678438517333e-17,1.4156882226564992e-17,3677,3678,-121.60014187239383
2450,0.021947027345191827,1.2787548437272708e-17,p1db,7.828309908467338e-17,1.4131504333000092e-17,3678,3679,-121.58124929536966
2451,0.027439631370754114,1.2673435783975911e-17,p1db,7.872704243408446e-17,1.412442420366988e-17,3679,3680,-121.55624781770345
2452,0.03118539123388331,1.257957433633516e-17,p1db,7.904235373201384e-17,1.4138150491503112e-17,3680,3681,-121.52637003262815
2453,0.032322300795179615,1.2518260429252331e-17,p1db,7.920351744722745e-17,1.4172625071488082e-17,3681,3682,-121.49387703523568
2454,0.030553617618409135,1.249307588400757e-17,p1db,7.918950363273142e-17,1.4223375703218424e-17,3682,3683,-121.46172543103779
2455,0.026305083695483233,1.2498545497253193e-17,p1db,7.899384234286437e-17,1.4282996054625603e-17,3683,3684,-121.43276979999887
2456,0.02037099200548198,1.2525253740200666e-17,p1db,7.86331351154496e-17,1.43447446191781e-17,3684,3685,-121.40911526364683
2457,0.013431499432201122,1.2565061622439994e-17,p1db,7.814605574913084e-17,1.4405249119899943e-17,3685,3686,-121.3920278159879
2458,0.00587077046765927,1.2611837713658115e-17,p1db,7.758222221272298e-17,1.4464252734921628e-17,3686,3687,-121.38225226478242
2459,-0.0020382121720956548,1.2658515892602707e-17,p1db,7.698901847708096e-17,1.4521919648821154e-17,3687,3688,-121.38028627505258
2460,-0.00985106420912274,1.2695091070778085e-17,p1db,7.640623103835095e-17,1.4576117144713994e-17,3688,3689,-121.38632868912661
2461,-0.016854460907396174,1.2710537271149627e-17,p1db,7.587089128907415e-17,1.4621920358137798e-17,3689,3690,-121.39998840347083
2462,-0.022215428540995674,1.2697064124433254e-17,p1db,7.542475772135729e-17,1.4653705132664942e-17,3690,3691,-121.4200376109414
2463,-0.025246721886006185,1.2652823904453777e-17,p1db,7.511402537649766e-17,1.466816485034232e-17,3691,3692,-121.44441926055282
2464,-0.025625482295083657,1.2581151865114715e-17,p1db,7.497810440581729e-17,1.4665916777673745e-17,3692,3693,-121.47053105471342
2465,-0.023471173561219416,1.2487991118372936e-17,p1db,7.50349930943416e-17,1.4650428334159038e-17,3693,3694,-121.49567022514299
2466,-0.01926576284785142,1.23803924852619e-17,p1db,7.527475466470692e-17,1.4624971296364677e-17,3694,3695,-121.51747340183586
2467,-0.013658899576888928,1.2266912486851844e-17,p1db,7.566604947855014e-17,1.4589853120644624e-17,3695,3696,-121.53420175083869
2468,-0.007249091052749179,1.2158049032517583e-17,p1db,7.616973030739703e-17,1.4542138036704578e-17,3696,3697,-121.54479120098964
2469,-0.0004590543691449511,1.2064724963631075e-17,p1db,7.674832021723076e-17,1.4478277801177675e-17,3697,3698,-121.54869993294419
2470,0.006400910292683193,1.1995360695268199e-17,p1db,7.736528825790826e-17,1.4397732559458192e-17,3698,3699,-121.54570930972793
2471,0.012908741949587466,1.1954103959481446e-17,p1db,7.797827704123879e-17,1.4304675842044837e-17,3699,3700,-121.53589811235882
2472,0.018360995834477478,1.1941604613443062e-17,p1db,7.853610348127906e-17,1.4206243318058748e-17,3700,3701,-121.51989182582875
2473,0.021924691043864186,1.1956668016794392e-17,p1db,7.898540418257255e-17,1.410858915988848e-17,3701,3702,-121.49917612068987
2474,0.023109164954405514,1.1996107754849288e-17,p1db,7.928339864612665e-17,1.401398399450364e-17,3702,3703,-121.47604244374102
2475,0.022161254758415794,1.2052680454510445e-17,p1db,7.940751094345131e-17,1.3921441108533786e-17,3703,3704,-121.45295779078106
2476,0.019941227383327487,1.2114065826591697e-17,p1db,7.935563394920013e-17,1.3830278589851145e-17,3704,3705,-121.43171993422419
2477,0.017300836115083484,1.2165457118105601e-17,p1db,7.913901080467819e-17,1.3743403664782978e-17,3705,3706,-121.4130753360144
2478,0.014502611765202289,1.2194673474764173e-17,p1db,7.877506456732399e-17,1.3667439918509156e-17,3706,3707,-121.39711826199402
2479,0.011217765284257553,1.2195898174052817e-17,p1db,7.828580713183058e-17,1.3609650573584925e-17,3707,3708,-121.384070112484
2480,0.007098178907895658,1.2169183298420507e-17,p1db,7.770137041913844e-17,1.3574242805024145e-17,3708,3709,-121.37468273142551
2481,0.0023767530480967025,1.2116731250703419e-17,p1db,7.706360887034928e-17,1.3560875695731381e-17,3709,3710,-121.3698737546682
2482,-0.0020677501804371445,1.203992205939143e-17,p1db,7.642500393836199e-17,1.356613233675775e-17,3710,3711,-121.36992922532932
2483,-0.005246082609573932,1.1940161750801551e-17,p1db,7.584196892922385e-17,1.3586414023848502e-17,3711,3712,-121.37400925502908
2484,-0.006727876913714681,1.182266939164985e-17,p1db,7.536557371507223e-17,1.3620046644922442e-17,3712,3713,-121.38042139054846
2485,-0.006877286433528695,1.1699068310471006e-17,p1db,7.503411121885265e-17,1.3667347533360708e-17,3713,3714,-121.38746500885651
2486,-0.006464393946011171,1.1585259380182213e-17,p1db,7.487034254824666e-17,1.3728840154513653e-17,3714,3715,-121.39417596341552
2487,-0.005995134880038222,1.1495279933170208e-17,p1db,7.488301752538401e-17,1.3802902142407831e-17,3715,3716,-121.40039379674853
2488,-0.00535508195498835,1.1435902723746893e-17,p1db,7.506967742652527e-17,1.3884501944789267e-17,3716,3717,-121.4061662331756
2489,-0.004081998293770539,1.1406384829047633e-17,p1db,7.541768119020396e-17,1.396608054994839e-17,3717,3718,-121.41110396065851
2490,-0.0019844383207967553,1.1402976293422198e-17,p1db,7.590283234483277e-17,1.4040238160322864e-17,3718,3719,-121.41433022976314
2491,0.000507863612448034,1.1423312370358315e-17,p1db,7.648785251006491e-17,1.410246030663659e-17,3719,3720,-121.4150728373001
2492,0.0026016308442748937,1.146620572335989e-17,p1db,7.712380468766591e-17,1.4151778662582582e-17,3720,3721,-121.41331450253824
2493,0.003754398569626005,1.1527230308070665e-17,p1db,7.775571480234824e-17,1.4188686915442728e-17,3721,3722,-121.40986957561155
2494,0.004074875566061564,1.1595016128275251e-17,p1db,7.833068498048345e-17,1.421200897132248e-17,3722,3723,-121.40580570539899
2495,0.00417689397708898,1.1652828807410018e-17,p1db,7.880508842832152e-17,1.4217611139596943e-17,3723,3724,-121.40171982447943
2496,0.0046631896693156705,1.1685135974486162e-17,p1db,7.91480190742873e-17,1.4200407494357902e-17,3724,3725,-121.39745191744481
2497,0.00568305353196763,1.1684184409958275e-17,p1db,7.934038442009126e-17,1.415805398829243e-17,3725,3726,-121.3923934451408
2498,0.0068766241649953486,1.1651358405679851e-17,p1db,7.937160941594851e-17,1.4092957650574496e-17,3726,3727,-121.38608581038088
2499,0.007707023293299642,1.1592535484607457e-17,p1db,7.923755122233185e-17,1.4010717308840966e-17,3727,3728,-121.3786401968108
2500,0.007910766768823407,1.1512072862541851e-17,p1db,7.894250701799615e-17,1.391657096480663e-17,3728,3729,-121.37067176379428
2501,0.007702365160163538,1.1411339417939154e-17,p1db,7.850468529039754e-17,1.3813313423187468e-17,3729,3730,-121.36281866327316
2502,0.00754724791843131,1.1293132008549877e-17,p1db,7.796037273167447e-17,1.3702489175808725e-17,3730,3731,-121.35526703347395
2503,0.00768220732778957,1.1167107987573152e-17,p1db,7.736129976145858e-17,1.3587256535853445e-17,3731,3732,-121.3477241674363
2504,0.007820037399604018,1.1049860952958475e-17,p1db,7.676442095015652e-17,1.3473739990721071e-17,3732,3733,-121.33990261881837
2505,0.007356023825316527,1.095830581274516e-17,p1db,7.622011965470164e-17,1.336945020499741e-17,3733,3734,-121.33208409263709
2506,0.0059256641264013865,1.0901760431525023e-17,p1db,7.576690573692255e-17,1.3280392763208661e-17,3734,3735,-121.32519057116774
2507,0.0049578067834517014,1.0879556179135642e-17,p1db,7.54349060361349e-17,1.3209624688981995e-17,3735,3736,-121.32023276438429
