{
  "metadata": {
    "pump_modes": [
      1,
      3,
      5,
      7,
      9,
      11,
      13,
      15,
      17,
      19
    ],
    "pump_basis": "positive_phasor",
    "real_reconstruction_factor": 2,
    "omega_p": 51227194494.314,
    "phase_convention": "exp_plus_i_k_omega_t",
    "pump_mode_policy": "positive_odd_jc",
    "pump_source_mode": 1,
    "pump_freq_ghz": 8.1530612245,
    "nt": 40,
    "pump_current_a": 1.3558456406484859e-05,
    "pump_current_ratio_ic_median": 5.1044127393876515,
    "pump_backend": "schur_cpu_mt"
  },
  "solution_summary": {
    "x_rms": 1.5068711508691699e-15,
    "x_max_abs": 3.464449915163862e-15,
    "branch_psi_rms": 9.805312409138051e-17,
    "branch_psi_max_abs": 2.167144442142838e-16,
    "branch_i_rms": 7.676221559743085e-07,
    "branch_i_max_abs": 1.6254136443138565e-06,
    "X_h1_norm": 8.55400897340711e-14,
    "X_h2_norm": 1.1098035637175182e-15,
    "X_h3_norm": 2.6539253819210922e-17,
    "X_h4_norm": 2.078190372507859e-18,
    "X_h5_norm": 1.345331183159979e-19,
    "X_h6_norm": 1.1851637257324873e-20,
    "X_h7_norm": 9.338908155452184e-22,
    "X_h8_norm": 9.427027195980369e-23,
    "X_h9_norm": 1.0247061766770339e-23,
    "X_h10_norm": 1.2930664653858776e-24
  },
  "reports": [
    {
      "converged": false,
      "source_scale": 1.0,
      "coeff_abs": 6.272785378034297e-09,
      "coeff_rel": 0.2076457448342392,
      "time_abs": null,
      "time_rel": null,
      "newton_iterations": 4,
      "gmres_iterations_total": 4,
      "factor_runtime_s": 0.5637713999894913,
      "runtime_s": 1.2205748000124004,
      "failure_reason": "line search failed at Newton 4",
      "preconditioner_assembly_runtime_s": 0.18526690002181567,
      "preconditioner_numeric_factor_runtime_s": 0.37610340004903264
    },
    {
      "converged": true,
      "source_scale": 0.5,
      "coeff_abs": 1.523479899441026e-18,
      "coeff_rel": 1.0086240781238283e-10,
      "time_abs": null,
      "time_rel": null,
      "newton_iterations": 14,
      "gmres_iterations_total": 14,
      "factor_runtime_s": 1.9448624999786261,
      "runtime_s": 3.726237700000638,
      "failure_reason": "",
      "preconditioner_assembly_runtime_s": 0.6257054000161588,
      "preconditioner_numeric_factor_runtime_s": 1.3112891000055242
    },
    {
      "converged": false,
      "source_scale": 1.0,
      "coeff_abs": 3.709532947761747e-09,
      "coeff_rel": 0.12279532703644294,
      "time_abs": null,
      "time_rel": null,
      "newton_iterations": 4,
      "gmres_iterations_total": 4,
      "factor_runtime_s": 0.5217798000085168,
      "runtime_s": 1.0655704999808222,
      "failure_reason": "stalled at Newton 4 (reduction ratio 0.999)",
      "preconditioner_assembly_runtime_s": 0.15874870005063713,
      "preconditioner_numeric_factor_runtime_s": 0.3609217999619432
    },
    {
      "converged": false,
      "source_scale": 0.75,
      "coeff_abs": 5.219495362690783e-10,
      "coeff_rel": 0.023037208872473118,
      "time_abs": null,
      "time_rel": null,
      "newton_iterations": 5,
      "gmres_iterations_total": 5,
      "factor_runtime_s": 0.6516623999923468,
      "runtime_s": 1.3717226999870036,
      "failure_reason": "stalled at Newton 5 (reduction ratio 0.988)",
      "preconditioner_assembly_runtime_s": 0.18099189997883514,
      "preconditioner_numeric_factor_runtime_s": 0.4674525000154972
    },
    {
      "converged": false,
      "source_scale": 0.625,
      "coeff_abs": 1.935998279882666e-10,
      "coeff_rel": 0.010253864096335906,
      "time_abs": null,
      "time_rel": null,
      "newton_iterations": 6,
      "gmres_iterations_total": 6,
      "factor_runtime_s": 0.778837099991506,
      "runtime_s": 1.5520824999839533,
      "failure_reason": "stalled at Newton 6 (reduction ratio 0.892)",
      "preconditioner_assembly_runtime_s": 0.2237522000214085,
      "preconditioner_numeric_factor_runtime_s": 0.5512904999486636
    },
    {
      "converged": false,
      "source_scale": 0.5625,
      "coeff_abs": 5.938337944163117e-11,
      "coeff_rel": 0.003494660487752416,
      "time_abs": null,
      "time_rel": null,
      "newton_iterations": 5,
      "gmres_iterations_total": 5,
      "factor_runtime_s": 0.6709697999758646,
      "runtime_s": 1.3010486999992281,
      "failure_reason": "stalled at Newton 5 (reduction ratio 0.937)",
      "preconditioner_assembly_runtime_s": 0.1947463999968022,
      "preconditioner_numeric_factor_runtime_s": 0.47294410003814846
    },
    {
      "converged": true,
      "source_scale": 0.05,
      "coeff_abs": 3.1898017310090576e-22,
      "coeff_rel": 2.1118170522087318e-13,
      "time_abs": null,
      "time_rel": null,
      "newton_iterations": 3,
      "gmres_iterations_total": 3,
      "factor_runtime_s": 0.34204590000445023,
      "runtime_s": 0.6170800999971107,
      "failure_reason": "",
      "preconditioner_assembly_runtime_s": 0.09695090001332574,
      "preconditioner_numeric_factor_runtime_s": 0.24371709997649305
    },
    {
      "converged": true,
      "source_scale": 0.1,
      "coeff_abs": 6.455310534824219e-19,
      "coeff_rel": 2.136878090606589e-10,
      "time_abs": null,
      "time_rel": null,
      "newton_iterations": 3,
      "gmres_iterations_total": 3,
      "factor_runtime_s": 0.3550668000243604,
      "runtime_s": 0.7366999000078067,
      "failure_reason": "",
      "preconditioner_assembly_runtime_s": 0.09473840001737699,
      "preconditioner_numeric_factor_runtime_s": 0.25837540000793524
    },
    {
      "converged": true,
      "source_scale": 0.15,
      "coeff_abs": 1.2398369838334991e-22,
      "coeff_rel": 2.736125006313327e-14,
      "time_abs": null,
      "time_rel": null,
      "newton_iterations": 3,
      "gmres_iterations_total": 3,
      "factor_runtime_s": 0.3900197000184562,
      "runtime_s": 0.7856688999745529,
      "failure_reason": "",
      "preconditioner_assembly_runtime_s": 0.10589479998452589,
      "preconditioner_numeric_factor_runtime_s": 0.282127699960256
    },
    {
      "converged": true,
      "source_scale": 0.2,
      "coeff_abs": 3.56770402237558e-21,
      "coeff_rel": 5.905020771700934e-13,
      "time_abs": null,
      "time_rel": null,
      "newton_iterations": 3,
      "gmres_iterations_total": 3,
      "factor_runtime_s": 0.38996290002251044,
      "runtime_s": 0.7522597000061069,
      "failure_reason": "",
      "preconditioner_assembly_runtime_s": 0.10465049999766052,
      "preconditioner_numeric_factor_runtime_s": 0.2835472999722697
    },
    {
      "converged": true,
      "source_scale": 0.25,
      "coeff_abs": 4.205208633632282e-18,
      "coeff_rel": 5.568139997084237e-10,
      "time_abs": null,
      "time_rel": null,
      "newton_iterations": 3,
      "gmres_iterations_total": 3,
      "factor_runtime_s": 0.40551540002343245,
      "runtime_s": 0.7662451999785844,
      "failure_reason": "",
      "preconditioner_assembly_runtime_s": 0.12817769998218864,
      "preconditioner_numeric_factor_runtime_s": 0.2756848000281025
    },
    {
      "converged": true,
      "source_scale": 0.3,
      "coeff_abs": 3.5296595825744884e-22,
      "coeff_rel": 3.894701470267022e-14,
      "time_abs": null,
      "time_rel": null,
      "newton_iterations": 4,
      "gmres_iterations_total": 4,
      "factor_runtime_s": 0.4828099000151269,
      "runtime_s": 0.9129065000161063,
      "failure_reason": "",
      "preconditioner_assembly_runtime_s": 0.12709560003713705,
      "preconditioner_numeric_factor_runtime_s": 0.35358469997299835
    },
    {
      "converged": true,
      "source_scale": 0.35,
      "coeff_abs": 2.6538846346363637e-18,
      "coeff_rel": 2.5100166533579e-10,
      "time_abs": null,
      "time_rel": null,
      "newton_iterations": 4,
      "gmres_iterations_total": 4,
      "factor_runtime_s": 0.531185200001346,
      "runtime_s": 1.071950299985474,
      "failure_reason": "",
      "preconditioner_assembly_runtime_s": 0.16035470002680086,