{
  "metadata": {
    "pump_modes": [
      1,
      3,
      5,
      7,
      9,
      11,
      13,
      15,
      17,
      19
    ],
    "pump_basis": "positive_phasor",
    "real_reconstruction_factor": 2,
    "omega_p": 51227194494.314,
    "phase_convention": "exp_plus_i_k_omega_t",
    "pump_mode_policy": "positive_odd_jc",
    "pump_source_mode": 1,
    "pump_freq_ghz": 8.1530612245,
    "nt": 40,
    "pump_current_a": 1.3265091472166666e-05,
    "pump_current_ratio_ic_median": 4.993968330147438,
    "pump_backend": "schur_cpu_mt"
  },
  "solution_summary": {
    "x_rms": 1.791121310486894e-15,
    "x_max_abs": 4.120288473261283e-15,
    "branch_psi_rms": 1.072704227420427e-16,
    "branch_psi_max_abs": 2.2242139661774015e-16,
    "branch_i_rms": 8.378398922961464e-07,
    "branch_i_max_abs": 1.6615977168624374e-06,
    "X_h1_norm": 1.0168390712331097e-13,
    "X_h2_norm": 3.7330947200495797e-16,
    "X_h3_norm": 9.278684721615235e-18,
    "X_h4_norm": 3.5056481038315765e-19,
    "X_h5_norm": 1.6239676930188212e-20,
    "X_h6_norm": 8.825044906687823e-22,
    "X_h7_norm": 5.050066017314593e-23,
    "X_h8_norm": 3.414914596723638e-24,
    "X_h9_norm": 2.560025420399763e-25,
    "X_h10_norm": 2.1056684367270375e-26
  },
  "reports": [
    {
      "converged": false,
      "source_scale": 1.0,
      "coeff_abs": 5.230615563305888e-09,
      "coeff_rel": 0.17697642135200242,
      "time_abs": null,
      "time_rel": null,
      "newton_iterations": 5,
      "gmres_iterations_total": 5,
      "factor_runtime_s": 0.5772915999987163,
      "runtime_s": 1.1856437000096776,
      "failure_reason": "stalled at Newton 5 (reduction ratio 0.996)",
      "preconditioner_assembly_runtime_s": 0.1727355000039097,
      "preconditioner_numeric_factor_runtime_s": 0.4018052999745123
    },
    {
      "converged": true,
      "source_scale": 0.5,
      "coeff_abs": 3.0540920873876174e-19,
      "coeff_rel": 2.066687110010875e-11,
      "time_abs": null,
      "time_rel": null,
      "newton_iterations": 13,
      "gmres_iterations_total": 13,
      "factor_runtime_s": 1.6219168000097852,
      "runtime_s": 3.0584899999957997,
      "failure_reason": "",
      "preconditioner_assembly_runtime_s": 0.4957598999608308,
      "preconditioner_numeric_factor_runtime_s": 1.1196379999746569
    },
    {
      "converged": false,
      "source_scale": 1.0,
      "coeff_abs": 3.2578055577265963e-09,
      "coeff_rel": 0.11022694405450043,
      "time_abs": null,
      "time_rel": null,
      "newton_iterations": 4,
      "gmres_iterations_total": 4,
      "factor_runtime_s": 0.5652287000266369,
      "runtime_s": 1.1765696000074968,
      "failure_reason": "stalled at Newton 4 (reduction ratio 0.993)",
      "preconditioner_assembly_runtime_s": 0.18130349996499717,
      "preconditioner_numeric_factor_runtime_s": 0.38201869998010807
    },
    {
      "converged": false,
      "source_scale": 0.75,
      "coeff_abs": 5.372089371677259e-10,
      "coeff_rel": 0.02423508643615373,
      "time_abs": null,
      "time_rel": null,
      "newton_iterations": 5,
      "gmres_iterations_total": 5,
      "factor_runtime_s": 0.7193422000273131,
      "runtime_s": 1.4503523999883328,
      "failure_reason": "line search failed at Newton 5",
      "preconditioner_assembly_runtime_s": 0.23775679999380372,
      "preconditioner_numeric_factor_runtime_s": 0.4786544000089634
    },
    {
      "converged": false,
      "source_scale": 0.625,
      "coeff_abs": 3.32331104677923e-10,
      "coeff_rel": 0.017990928646320632,
      "time_abs": null,
      "time_rel": null,
      "newton_iterations": 4,
      "gmres_iterations_total": 4,
      "factor_runtime_s": 0.5498235000122804,
      "runtime_s": 1.0860633999982383,
      "failure_reason": "stalled at Newton 4 (reduction ratio 0.990)",
      "preconditioner_assembly_runtime_s": 0.1770239000034053,
      "preconditioner_numeric_factor_runtime_s": 0.37042070002644323
    },
    {
      "converged": false,
      "source_scale": 0.5625,
      "coeff_abs": 1.151528079997263e-10,
      "coeff_rel": 0.006926512354646761,
      "time_abs": null,
      "time_rel": null,
      "newton_iterations": 5,
      "gmres_iterations_total": 5,
      "factor_runtime_s": 0.6846479999658186,
      "runtime_s": 1.3962964000238571,
      "failure_reason": "stalled at Newton 5 (reduction ratio 0.936)",
      "preconditioner_assembly_runtime_s": 0.21920680001494475,
      "preconditioner_numeric_factor_runtime_s": 0.4627762000018265
    },
    {
      "converged": true,
      "source_scale": 0.05,
      "coeff_abs": 2.311204812782559e-22,
      "coeff_rel": 1.5639794277645782e-13,
      "time_abs": null,
      "time_rel": null,
      "newton_iterations": 3,
      "gmres_iterations_total": 3,
      "factor_runtime_s": 0.40433620000840165,
      "runtime_s": 0.7710446999990381,
      "failure_reason": "",
      "preconditioner_assembly_runtime_s": 0.12919089998467825,
      "preconditioner_numeric_factor_runtime_s": 0.27336329998797737
    },
    {
      "converged": true,
      "source_scale": 0.1,
      "coeff_abs": 4.650751261948316e-19,
      "coeff_rel": 1.5735687415301418e-10,
      "time_abs": null,
      "time_rel": null,
      "newton_iterations": 3,
      "gmres_iterations_total": 3,
      "factor_runtime_s": 0.4226032999868039,
      "runtime_s": 0.7888810000149533,
      "failure_reason": "",
      "preconditioner_assembly_runtime_s": 0.14273490000050515,
      "preconditioner_numeric_factor_runtime_s": 0.2783697000122629
    },
    {
      "converged": true,
      "source_scale": 0.15,
      "coeff_abs": 1.2086149067044932e-22,
      "coeff_rel": 2.726209925549149e-14,
      "time_abs": null,
      "time_rel": null,
      "newton_iterations": 3,
      "gmres_iterations_total": 3,
      "factor_runtime_s": 0.4136115000292193,
      "runtime_s": 0.7816007000219543,
      "failure_reason": "",
      "preconditioner_assembly_runtime_s": 0.13610740000149235,
      "preconditioner_numeric_factor_runtime_s": 0.2756554000079632
    },
    {
      "converged": true,
      "source_scale": 0.2,
      "coeff_abs": 1.5672483192168721e-21,
      "coeff_rel": 2.6513705275028853e-13,
      "time_abs": null,
      "time_rel": null,
      "newton_iterations": 3,
      "gmres_iterations_total": 3,
      "factor_runtime_s": 0.42551069997716695,
      "runtime_s": 0.7813325999886729,
      "failure_reason": "",
      "preconditioner_assembly_runtime_s": 0.12879580003209412,
      "preconditioner_numeric_factor_runtime_s": 0.2950369000027422
    },
    {
      "converged": true,
      "source_scale": 0.25,
      "coeff_abs": 2.131903823231172e-18,
      "coeff_rel": 2.8852948930060017e-10,
      "time_abs": null,
      "time_rel": null,
      "newton_iterations": 3,
      "gmres_iterations_total": 3,
      "factor_runtime_s": 0.4016686000104528,
      "runtime_s": 0.7260867999866605,
      "failure_reason": "",
      "preconditioner_assembly_runtime_s": 0.12844249999034218,
      "preconditioner_numeric_factor_runtime_s": 0.2715444000205025
    },
    {
      "converged": true,
      "source_scale": 0.3,
      "coeff_abs": 2.7666625394496804e-22,
      "coeff_rel": 3.120308558934925e-14,
      "time_abs": null,
      "time_rel": null,
      "newton_iterations": 4,
      "gmres_iterations_total": 4,
      "factor_runtime_s": 0.4764545000216458,
      "runtime_s": 0.870139200007543,
      "failure_reason": "",
      "preconditioner_assembly_runtime_s": 0.1473746999981813,
      "preconditioner_numeric_factor_runtime_s": 0.3269379999837838
    },
    {
      "converged": true,
      "source_scale": 0.35,
      "coeff_abs": 7.242867277353369e-19,
      "coeff_rel": 7.001725653563849e-11,
      "time_abs": null,
      "time_rel": null,
      "newton_iterations": 4,
      "gmres_iterations_total": 4,
      "factor_runtime_s": 0.5104574000288267,
      "runtime_s": 1.0048068000178318,
      "failure_reason": "",
      "preconditioner_assembly_runtime_s": 0.1839056999888271,