{
  "metadata": {
    "pump_modes": [
      1,
      3,
      5,
      7,
      9,
      11,
      13,
      15,
      17,
      19
    ],
    "pump_basis": "positive_phasor",
    "real_reconstruction_factor": 2,
    "omega_p": 44252474118.46583,
    "phase_convention": "exp_plus_i_k_omega_t",
    "pump_mode_policy": "positive_odd_jc",
    "pump_source_mode": 1,
    "pump_freq_ghz": 7.043,
    "nt": 40,
    "pump_current_a": 7.919400136949284e-06,
    "pump_current_ratio_ic_median": 2.981451998327622,
    "pump_backend": "schur_cpu_mt"
  },
  "solution_summary": {
    "x_rms": 2.0414547102935616e-15,
    "x_max_abs": 4.623379596581644e-15,
    "branch_psi_rms": 1.1252099078412677e-16,
    "branch_psi_max_abs": 2.2996426988478407e-16,
    "branch_i_rms": 8.745224498202755e-07,
    "branch_i_max_abs": 1.7086538143897855e-06,
    "X_h1_norm": 1.1589485836327983e-13,
    "X_h2_norm": 5.95167575045988e-16,
    "X_h3_norm": 2.0161156846212434e-17,
    "X_h4_norm": 1.4470140253309053e-18,
    "X_h5_norm": 9.060115450087837e-20,
    "X_h6_norm": 3.550823710287483e-21,
    "X_h7_norm": 2.674322028722544e-22,
    "X_h8_norm": 2.4227834049106423e-23,
    "X_h9_norm": 2.1075807035895335e-23,
    "X_h10_norm": 2.4450046650250633e-25
  },
  "reports": [
    {
      "converged": true,
      "source_scale": 1.0,
      "coeff_abs": 7.046160544974735e-22,
      "coeff_rel": 3.9933107186803117e-14,
      "time_abs": null,
      "time_rel": null,
      "newton_iterations": 2,
      "gmres_iterations_total": 2,
      "factor_runtime_s": 0.26295820000814274,
      "runtime_s": 0.4791415999934543,
      "failure_reason": "",
      "preconditioner_assembly_runtime_s": 0.08396330001414753,
      "preconditioner_numeric_factor_runtime_s": 0.17809579998720437
    }
  ],
  "final_status": "VALID_CONVERGED"
}