{
  "metadata": {
    "pump_modes": [
      1,
      3,
      5,
      7,
      9,
      11,
      13,
      15,
      17,
      19
    ],
    "pump_basis": "positive_phasor",
    "real_reconstruction_factor": 2,
    "omega_p": 44252474118.46583,
    "phase_convention": "exp_plus_i_k_omega_t",
    "pump_mode_policy": "positive_odd_jc",
    "pump_source_mode": 1,
    "pump_freq_ghz": 7.043,
    "nt": 40,
    "pump_current_a": 2.5420979871268247e-06,
    "pump_current_ratio_ic_median": 0.9570350017171301,
    "pump_backend": "schur_cpu_mt"
  },
  "solution_summary": {
    "x_rms": 6.506338083417419e-16,
    "x_max_abs": 1.4984903864768345e-15,
    "branch_psi_rms": 3.6794218953665595e-17,
    "branch_psi_max_abs": 7.092864075790324e-17,
    "branch_i_rms": 2.957118213686043e-07,
    "branch_i_max_abs": 5.680454104530098e-07,
    "X_h1_norm": 3.693743114124369e-14,
    "X_h2_norm": 2.3853017908703227e-17,
    "X_h3_norm": 1.073589685035237e-19,
    "X_h4_norm": 6.132836569544831e-22,
    "X_h5_norm": 4.100261631949709e-24,
    "X_h6_norm": 3.3549880244853425e-26,
    "X_h7_norm": 3.1938356365183912e-28,
    "X_h8_norm": 3.375922943716328e-30,
    "X_h9_norm": 1.1850538046085522e-30,
    "X_h10_norm": 5.127545557310983e-31
  },
  "reports": [
    {
      "converged": true,
      "source_scale": 1.0,
      "coeff_abs": 2.961306482457764e-22,
      "coeff_rel": 5.228341262424915e-14,
      "time_abs": null,
      "time_rel": null,
      "newton_iterations": 2,
      "gmres_iterations_total": 2,
      "factor_runtime_s": 0.2570953000104055,
      "runtime_s": 0.46362920000683516,
      "failure_reason": "",
      "preconditioner_assembly_runtime_s": 0.07253090001177043,
      "preconditioner_numeric_factor_runtime_s": 0.18328460000338964
    }
  ],
  "final_status": "VALID_CONVERGED"
}