{
  "metadata": {
    "pump_modes": [
      1,
      3,
      5,
      7,
      9,
      11,
      13,
      15,
      17,
      19
    ],
    "pump_basis": "positive_phasor",
    "real_reconstruction_factor": 2,
    "omega_p": 51227194494.314,
    "phase_convention": "exp_plus_i_k_omega_t",
    "pump_mode_policy": "positive_odd_jc",
    "pump_source_mode": 1,
    "pump_freq_ghz": 8.1530612245,
    "nt": 40,
    "pump_current_a": 1.3204143913058234e-05,
    "pump_current_ratio_ic_median": 4.971023129910716,
    "pump_backend": "full"
  },
  "solution_summary": {
    "x_rms": 2.982182531877841e-15,
    "x_max_abs": 6.778618987330639e-15,
    "branch_psi_rms": 1.1333760071006548e-16,
    "branch_psi_max_abs": 2.1820169598276308e-16,
    "branch_i_rms": 8.845330976867248e-07,
    "branch_i_max_abs": 1.6348908721451445e-06,
    "X_h1_norm": 1.6930219303699235e-13,
    "X_h2_norm": 4.8606319022745125e-16,
    "X_h3_norm": 1.254232351167333e-17,
    "X_h4_norm": 3.9802061600223173e-19,
    "X_h5_norm": 1.7331117179888685e-20,
    "X_h6_norm": 8.404210263034269e-22,
    "X_h7_norm": 4.534227944557509e-23,
    "X_h8_norm": 2.7727152196518414e-24,
    "X_h9_norm": 2.395264567100492e-25,
    "X_h10_norm": 3.10020234126876e-26
  },
  "reports": [
    {
      "converged": true,
      "source_scale": 1.0,
      "coeff_abs": 2.0709667825654527e-20,
      "coeff_rel": 1.1262972611743308e-12,
      "time_abs": 2.217278575238102e-19,
      "time_rel": 1.9066464093973034e-12,
      "newton_iterations": 3,
      "gmres_iterations_total": 3,
      "factor_runtime_s": 1.9588640999863856,
      "runtime_s": 2.6502843000052962,
      "failure_reason": "",
      "preconditioner_assembly_runtime_s": 0.0,
      "preconditioner_numeric_factor_runtime_s": 0.0
    }
  ],
  "final_status": "VALID_CONVERGED"
}