{
  "metadata": {
    "pump_modes": [
      1,
      3,
      5,
      7,
      9,
      11,
      13,
      15,
      17,
      19
    ],
    "pump_basis": "positive_phasor",
    "real_reconstruction_factor": 2,
    "omega_p": 44252474118.46583,
    "phase_convention": "exp_plus_i_k_omega_t",
    "pump_mode_policy": "positive_odd_jc",
    "pump_source_mode": 1,
    "pump_freq_ghz": 7.043,
    "nt": 40,
    "pump_current_a": 6.724999970297252e-06,
    "pump_current_ratio_ic_median": 2.5317908242378215,
    "pump_backend": "schur_cpu_mt"
  },
  "solution_summary": {
    "x_rms": 1.7214612445904664e-15,
    "x_max_abs": 3.878150166226041e-15,
    "branch_psi_rms": 9.525703479575328e-17,
    "branch_psi_max_abs": 2.0291194995508938e-16,
    "branch_i_rms": 7.478907200857206e-07,
    "branch_i_max_abs": 1.535902114747741e-06,
    "X_h1_norm": 9.772897623579062e-14,
    "X_h2_norm": 4.221021099787429e-16,
    "X_h3_norm": 1.0460970639915835e-17,
    "X_h4_norm": 5.188035219840663e-19,
    "X_h5_norm": 2.5315159084240697e-20,
    "X_h6_norm": 8.517038918859284e-22,
    "X_h7_norm": 4.798026801116786e-23,
    "X_h8_norm": 3.8496857173788205e-24,
    "X_h9_norm": 2.742396716135876e-24,
    "X_h10_norm": 1.9131722090891858e-26
  },
  "reports": [
    {
      "converged": true,
      "source_scale": 1.0,
      "coeff_abs": 7.239449457542344e-20,
      "coeff_rel": 4.831545903589406e-12,
      "time_abs": null,
      "time_rel": null,
      "newton_iterations": 12,
      "gmres_iterations_total": 12,
      "factor_runtime_s": 3.577718799962895,
      "runtime_s": 5.0913682999962475,
      "failure_reason": "",
      "preconditioner_assembly_runtime_s": 0.5667528000194579,
      "preconditioner_numeric_factor_runtime_s": 2.172495200065896
    }
  ],
  "final_status": "VALID_CONVERGED"
}