{
  "metadata": {
    "pump_modes": [
      1,
      3,
      5,
      7,
      9,
      11,
      13,
      15,
      17,
      19
    ],
    "pump_basis": "positive_phasor",
    "real_reconstruction_factor": 2,
    "omega_p": 51227194494.314,
    "phase_convention": "exp_plus_i_k_omega_t",
    "pump_mode_policy": "positive_odd_jc",
    "pump_source_mode": 1,
    "pump_freq_ghz": 8.1530612245,
    "nt": 40,
    "pump_current_a": 1.3128353103482778e-05,
    "pump_current_ratio_ic_median": 4.942489824766892,
    "pump_backend": "schur_cpu_mt"
  },
  "solution_summary": {
    "x_rms": 1.925889821225878e-15,
    "x_max_abs": 4.445377109442405e-15,
    "branch_psi_rms": 1.079823854446495e-16,
    "branch_psi_max_abs": 2.2984727311005017e-16,
    "branch_i_rms": 8.444324929544567e-07,
    "branch_i_max_abs": 1.707930721142591e-06,
    "X_h1_norm": 1.0933442337017329e-13,
    "X_h2_norm": 5.06870732300711e-16,
    "X_h3_norm": 1.6301885110847108e-17,
    "X_h4_norm": 8.389351511788272e-19,
    "X_h5_norm": 4.8165925621009275e-20,
    "X_h6_norm": 2.97806223551769e-21,
    "X_h7_norm": 2.2511199335390067e-22,
    "X_h8_norm": 2.2453484371753148e-23,
    "X_h9_norm": 1.6256526985045795e-24,
    "X_h10_norm": 2.039508076885413e-25
  },
  "reports": [
    {
      "converged": false,
      "source_scale": 1.0,
      "coeff_abs": 5.315347836675746e-09,
      "coeff_rel": 0.18171647236590965,
      "time_abs": null,
      "time_rel": null,
      "newton_iterations": 4,
      "gmres_iterations_total": 4,
      "factor_runtime_s": 0.5669815999863204,
      "runtime_s": 1.146440199983772,
      "failure_reason": "line search failed at Newton 4",
      "preconditioner_assembly_runtime_s": 0.2092417000385467,
      "preconditioner_numeric_factor_runtime_s": 0.35544149996712804
    },
    {
      "converged": true,
      "source_scale": 0.5,
      "coeff_abs": 1.6262237838313376e-19,
      "coeff_rel": 1.1119183856091242e-11,
      "time_abs": null,
      "time_rel": null,
      "newton_iterations": 13,
      "gmres_iterations_total": 13,
      "factor_runtime_s": 1.6270588999323081,
      "runtime_s": 3.011581099999603,
      "failure_reason": "",
      "preconditioner_assembly_runtime_s": 0.5340214000898413,
      "preconditioner_numeric_factor_runtime_s": 1.0856920999649446
    },
    {
      "converged": false,
      "source_scale": 1.0,
      "coeff_abs": 3.6061385860737904e-09,
      "coeff_rel": 0.12328351838094273,
      "time_abs": null,
      "time_rel": null,
      "newton_iterations": 4,
      "gmres_iterations_total": 4,
      "factor_runtime_s": 0.42024269996909425,
      "runtime_s": 0.8933343999960925,
      "failure_reason": "stalled at Newton 4 (reduction ratio 0.997)",
      "preconditioner_assembly_runtime_s": 0.12172730002203025,
      "preconditioner_numeric_factor_runtime_s": 0.29671910003526136
    },
    {
      "converged": false,
      "source_scale": 0.75,
      "coeff_abs": 4.5202074793176773e-10,
      "coeff_rel": 0.020604387715036553,
      "time_abs": null,
      "time_rel": null,
      "newton_iterations": 5,
      "gmres_iterations_total": 5,
      "factor_runtime_s": 0.6180387999629602,
      "runtime_s": 1.2924171999911778,
      "failure_reason": "stalled at Newton 5 (reduction ratio 0.997)",
      "preconditioner_assembly_runtime_s": 0.19360760002746247,
      "preconditioner_numeric_factor_runtime_s": 0.4217942000250332
    },
    {
      "converged": false,
      "source_scale": 0.625,
      "coeff_abs": 3.408275897816547e-10,
      "coeff_rel": 0.01864306583971944,
      "time_abs": null,
      "time_rel": null,
      "newton_iterations": 4,
      "gmres_iterations_total": 4,
      "factor_runtime_s": 0.6046223999874201,
      "runtime_s": 1.2101049000048079,
      "failure_reason": "stalled at Newton 4 (reduction ratio 0.990)",
      "preconditioner_assembly_runtime_s": 0.20190540002658963,
      "preconditioner_numeric_factor_runtime_s": 0.4002219999965746
    },
    {
      "converged": false,
      "source_scale": 0.5625,
      "coeff_abs": 1.900496969482406e-10,
      "coeff_rel": 0.01155067227618453,
      "time_abs": null,
      "time_rel": null,
      "newton_iterations": 4,
      "gmres_iterations_total": 4,
      "factor_runtime_s": 0.5525783000630327,
      "runtime_s": 1.1225205000082497,
      "failure_reason": "stalled at Newton 4 (reduction ratio 0.999)",
      "preconditioner_assembly_runtime_s": 0.1849997999961488,
      "preconditioner_numeric_factor_runtime_s": 0.3651532999938354
    },
    {
      "converged": true,
      "source_scale": 0.05,
      "coeff_abs": 1.9880606646804763e-22,
      "coeff_rel": 1.3593216547088603e-13,
      "time_abs": null,
      "time_rel": null,
      "newton_iterations": 3,
      "gmres_iterations_total": 3,
      "factor_runtime_s": 0.4002617000078317,
      "runtime_s": 0.7847605000133626,
      "failure_reason": "",
      "preconditioner_assembly_runtime_s": 0.12478040001587942,
      "preconditioner_numeric_factor_runtime_s": 0.2736671000311617
    },
    {
      "converged": true,
      "source_scale": 0.1,
      "coeff_abs": 3.9817599138552374e-19,
      "coeff_rel": 1.361249324759668e-10,
      "time_abs": null,
      "time_rel": null,
      "newton_iterations": 3,
      "gmres_iterations_total": 3,
      "factor_runtime_s": 0.41839499995694496,
      "runtime_s": 0.7858787000004668,
      "failure_reason": "",
      "preconditioner_assembly_runtime_s": 0.12469169998075813,
      "preconditioner_numeric_factor_runtime_s": 0.29200469999341294
    },
    {
      "converged": true,
      "source_scale": 0.15,
      "coeff_abs": 1.219440636691919e-22,
      "coeff_rel": 2.7792781403105037e-14,
      "time_abs": null,
      "time_rel": null,
      "newton_iterations": 3,
      "gmres_iterations_total": 3,
      "factor_runtime_s": 0.44113999998080544,
      "runtime_s": 0.8568346000101883,
      "failure_reason": "",
      "preconditioner_assembly_runtime_s": 0.16808859998127446,
      "preconditioner_numeric_factor_runtime_s": 0.27147699997294694
    },
    {
      "converged": true,
      "source_scale": 0.2,
      "coeff_abs": 1.0688336371185547e-21,
      "coeff_rel": 1.8270175729898984e-13,
      "time_abs": null,
      "time_rel": null,
      "newton_iterations": 3,
      "gmres_iterations_total": 3,
      "factor_runtime_s": 0.4165010000288021,
      "runtime_s": 0.7895300000091083,
      "failure_reason": "",
      "preconditioner_assembly_runtime_s": 0.14501549999113195,
      "preconditioner_numeric_factor_runtime_s": 0.26966360001824796
    },
    {
      "converged": true,
      "source_scale": 0.25,
      "coeff_abs": 1.423120152956423e-18,
      "coeff_rel": 1.9460955850430884e-10,
      "time_abs": null,
      "time_rel": null,
      "newton_iterations": 3,
      "gmres_iterations_total": 3,
      "factor_runtime_s": 0.4182621999643743,
      "runtime_s": 0.7780294999829493,
      "failure_reason": "",
      "preconditioner_assembly_runtime_s": 0.1485324999957811,
      "preconditioner_numeric_factor_runtime_s": 0.26811729997280054
    },
    {
      "converged": true,
      "source_scale": 0.3,
      "coeff_abs": 2.6893567760014286e-22,
      "coeff_rel": 3.06471273555117e-14,
      "time_abs": null,
      "time_rel": null,
      "newton_iterations": 4,
      "gmres_iterations_total": 4,
      "factor_runtime_s": 0.5823384000104852,
      "runtime_s": 1.0714379999844823,
      "failure_reason": "",
      "preconditioner_assembly_runtime_s": 0.18470270003308542,
      "preconditioner_numeric_factor_runtime_s": 0.3951952000206802
    },
    {
      "converged": true,
      "source_scale": 0.35,
      "coeff_abs": 6.456206651391592e-19,
      "coeff_rel": 6.306261649445526e-11,
      "time_abs": null,
      "time_rel": null,
      "newton_iterations": 4,
      "gmres_iterations_total": 4,
      "factor_runtime_s": 0.581727700016927,
      "runtime_s": 1.0553157999820542,
      "failure_reason": "",
      "preconditioner_assembly_runtime_s": 0.19999140000436455,