{
  "metadata": {
    "pump_modes": [
      1,
      3,
      5,
      7,
      9,
      11,
      13,
      15,
      17,
      19
    ],
    "pump_basis": "positive_phasor",
    "real_reconstruction_factor": 2,
    "omega_p": 51227194494.314,
    "phase_convention": "exp_plus_i_k_omega_t",
    "pump_mode_policy": "positive_odd_jc",
    "pump_source_mode": 1,
    "pump_freq_ghz": 8.1530612245,
    "nt": 40,
    "pump_current_a": 1.4148495111977523e-05,
    "pump_current_ratio_ic_median": 5.326547250482,
    "pump_backend": "full"
  },
  "solution_summary": {
    "x_rms": 3.2290366692520714e-15,
    "x_max_abs": 7.302272845600542e-15,
    "branch_psi_rms": 3.50700292912219e-16,
    "branch_psi_max_abs": 1.571694788648161e-15,
    "branch_i_rms": 1.518067853961093e-06,
    "branch_i_max_abs": 2.6562225719139184e-06,
    "X_h1_norm": 1.8266134890936645e-13,
    "X_h2_norm": 1.5461628174112726e-14,
    "X_h3_norm": 9.394766039543048e-16,
    "X_h4_norm": 2.3272936684200545e-16,
    "X_h5_norm": 1.0563326475994547e-16,
    "X_h6_norm": 5.904404121316035e-17,
    "X_h7_norm": 2.5666946974099977e-17,
    "X_h8_norm": 1.0937002112013734e-17,
    "X_h9_norm": 5.0127298010324535e-18,
    "X_h10_norm": 5.2445757279421646e-18
  },
  "reports": [
    {
      "converged": false,
      "source_scale": 1.0,
      "coeff_abs": 1.1084107457183206e-07,
      "coeff_rel": 5.6257525081476425,
      "time_abs": 7.010205078951239e-07,
      "time_rel": 5.6257525081476425,
      "newton_iterations": 4,
      "gmres_iterations_total": 4,
      "factor_runtime_s": 2.80351250001695,
      "runtime_s": 4.931566899991594,
      "failure_reason": "stalled at Newton 4 (reduction ratio 1.000)",
      "preconditioner_assembly_runtime_s": 0.0,
      "preconditioner_numeric_factor_runtime_s": 0.0
    }
  ],
  "final_status": "FAIL"
}