{
  "metadata": {
    "pump_modes": [
      1,
      3,
      5,
      7,
      9,
      11,
      13,
      15,
      17,
      19
    ],
    "pump_basis": "positive_phasor",
    "real_reconstruction_factor": 2,
    "omega_p": 51227194494.314,
    "phase_convention": "exp_plus_i_k_omega_t",
    "pump_mode_policy": "positive_odd_jc",
    "pump_source_mode": 1,
    "pump_freq_ghz": 8.1530612245,
    "nt": 40,
    "pump_current_a": 1.3605366620328852e-05,
    "pump_current_ratio_ic_median": 5.1220732374542415,
    "pump_backend": "full"
  },
  "solution_summary": {
    "x_rms": 3.062447906632129e-15,
    "x_max_abs": 6.985357922220208e-15,
    "branch_psi_rms": 1.3698191261234275e-16,
    "branch_psi_max_abs": 2.6083798270699585e-16,
    "branch_i_rms": 1.0569130768348164e-06,
    "branch_i_max_abs": 1.8916462237649545e-06,
    "X_h1_norm": 1.7385552735658036e-13,
    "X_h2_norm": 1.1998812479274489e-15,
    "X_h3_norm": 4.8706128729902635e-17,
    "X_h4_norm": 2.018189948764563e-18,
    "X_h5_norm": 1.6980367145737155e-19,
    "X_h6_norm": 1.1980038691177439e-20,
    "X_h7_norm": 2.3596164392139165e-21,
    "X_h8_norm": 2.706366323237539e-22,
    "X_h9_norm": 1.1166670108138314e-23,
    "X_h10_norm": 1.4746324531721336e-24
  },
  "reports": [
    {
      "converged": true,
      "source_scale": 1.0,
      "coeff_abs": 1.2652867577538902e-20,
      "coeff_rel": 6.678345108781717e-13,
      "time_abs": 2.0015038502185708e-19,
      "time_rel": 1.6703455684649485e-12,
      "newton_iterations": 3,
      "gmres_iterations_total": 3,
      "factor_runtime_s": 2.065619599976344,
      "runtime_s": 2.793613000016194,
      "failure_reason": "",
      "preconditioner_assembly_runtime_s": 0.0,
      "preconditioner_numeric_factor_runtime_s": 0.0
    }
  ],
  "final_status": "VALID_CONVERGED"
}