{
  "metadata": {
    "pump_modes": [
      1,
      3,
      5,
      7,
      9,
      11,
      13,
      15,
      17,
      19
    ],
    "pump_basis": "positive_phasor",
    "real_reconstruction_factor": 2,
    "omega_p": 44252474118.46583,
    "phase_convention": "exp_plus_i_k_omega_t",
    "pump_mode_policy": "positive_odd_jc",
    "pump_source_mode": 1,
    "pump_freq_ghz": 7.043,
    "nt": 40,
    "pump_current_a": 7.42492868604726e-06,
    "pump_current_ratio_ic_median": 2.7952961191052212,
    "pump_backend": "schur_cpu_mt"
  },
  "solution_summary": {
    "x_rms": 1.910134818821684e-15,
    "x_max_abs": 4.297429205739633e-15,
    "branch_psi_rms": 1.0645731259047676e-16,
    "branch_psi_max_abs": 2.2079077443551568e-16,
    "branch_i_rms": 8.302354978203417e-07,
    "branch_i_max_abs": 1.6513095136222023e-06,
    "X_h1_norm": 1.0844019568723248e-13,
    "X_h2_norm": 4.582737950588199e-16,
    "X_h3_norm": 1.3143687996518469e-17,
    "X_h4_norm": 8.508295295903386e-19,
    "X_h5_norm": 5.0975622272004436e-20,
    "X_h6_norm": 1.514119994272525e-21,
    "X_h7_norm": 1.0658142841157116e-22,
    "X_h8_norm": 8.941894822807975e-24,
    "X_h9_norm": 5.824077597827419e-24,
    "X_h10_norm": 6.993188936288966e-26
  },
  "reports": [
    {
      "converged": true,
      "source_scale": 1.0,
      "coeff_abs": 1.5471220597704692e-17,
      "coeff_rel": 9.352013998405194e-10,
      "time_abs": null,
      "time_rel": null,
      "newton_iterations": 1,
      "gmres_iterations_total": 1,
      "factor_runtime_s": 0.19117700000060722,
      "runtime_s": 0.35749569998006336,
      "failure_reason": "",
      "preconditioner_assembly_runtime_s": 0.06743470000219531,
      "preconditioner_numeric_factor_runtime_s": 0.12297409999882802
    }
  ],
  "final_status": "VALID_CONVERGED"
}