{
  "metadata": {
    "pump_modes": [
      1,
      3,
      5,
      7,
      9,
      11,
      13,
      15,
      17,
      19
    ],
    "pump_basis": "positive_phasor",
    "real_reconstruction_factor": 2,
    "omega_p": 44252474118.46583,
    "phase_convention": "exp_plus_i_k_omega_t",
    "pump_mode_policy": "positive_odd_jc",
    "pump_source_mode": 1,
    "pump_freq_ghz": 7.043,
    "nt": 40,
    "pump_current_a": 7.819739520959599e-06,
    "pump_current_ratio_ic_median": 2.9439323203774346,
    "pump_backend": "schur_cpu_mt"
  },
  "solution_summary": {
    "x_rms": 2.015358219364642e-15,
    "x_max_abs": 4.561218057524378e-15,
    "branch_psi_rms": 1.114713634491629e-16,
    "branch_psi_max_abs": 2.278799338842381e-16,
    "branch_i_rms": 8.668605124481667e-07,
    "branch_i_max_abs": 1.6957394120170331e-06,
    "X_h1_norm": 1.1441348980981213e-13,
    "X_h2_norm": 5.58028274654456e-16,
    "X_h3_norm": 1.846777873540725e-17,
    "X_h4_norm": 1.3330623267688354e-18,
    "X_h5_norm": 8.411898797558959e-20,
    "X_h6_norm": 3.0601411836415626e-21,
    "X_h7_norm": 2.334798809797275e-22,
    "X_h8_norm": 2.1738389843375994e-23,
    "X_h9_norm": 1.8469357158877156e-23,
    "X_h10_norm": 2.003910299011746e-25
  },
  "reports": [
    {
      "converged": true,
      "source_scale": 1.0,
      "coeff_abs": 6.503938994219657e-22,
      "coeff_rel": 3.7329917371080775e-14,
      "time_abs": null,
      "time_rel": null,
      "newton_iterations": 2,
      "gmres_iterations_total": 2,
      "factor_runtime_s": 0.2249508000095375,
      "runtime_s": 0.45199639999191277,
      "failure_reason": "",
      "preconditioner_assembly_runtime_s": 0.06369360003736801,
      "preconditioner_numeric_factor_runtime_s": 0.16015829998650588
    }
  ],
  "final_status": "VALID_CONVERGED"
}