ratio,flux_over_flux0,equilibrium_flux_rad,g1_over_Ic,g2_over_Ic,g3_over_Ic,g3_over_g1,status
0.0,0.2,1.2566370614359172,0.3333333333333333,,-0.006172839506172839,-0.018518518518518517,STABLE
0.0,0.21000000000000002,1.3194689145077128,0.3333333333333333,,-0.006172839506172839,-0.018518518518518517,STABLE
0.0,0.22,1.3823007675795083,0.3333333333333333,,-0.006172839506172839,-0.018518518518518517,STABLE
0.0,0.23,1.4451326206513047,0.3333333333333333,,-0.006172839506172839,-0.018518518518518517,STABLE
0.0,0.24000000000000002,1.507964473723101,0.3333333333333333,,-0.006172839506172839,-0.018518518518518517,STABLE
0.0,0.25,1.5707963267948966,0.3333333333333333,,-0.006172839506172839,-0.018518518518518517,STABLE
0.0,0.26,1.633628179866692,0.3333333333333333,,-0.006172839506172839,-0.018518518518518517,STABLE
0.0,0.27,1.6964600329384885,0.3333333333333333,,-0.006172839506172839,-0.018518518518518517,STABLE
0.0,0.28,1.7592918860102849,0.3333333333333333,,-0.006172839506172839,-0.018518518518518517,STABLE
0.0,0.29000000000000004,1.8221237390820804,0.3333333333333333,,-0.006172839506172839,-0.018518518518518517,STABLE
0.0,0.30000000000000004,1.8849555921538759,0.3333333333333333,,-0.006172839506172839,-0.018518518518518517,STABLE
0.0,0.31,1.9477874452256714,0.3333333333333333,,-0.006172839506172839,-0.018518518518518517,STABLE
0.0,0.32,2.0106192982974678,0.3333333333333333,,-0.006172839506172839,-0.018518518518518517,STABLE
0.0,0.33,2.073451151369264,0.3333333333333333,,-0.006172839506172839,-0.018518518518518517,STABLE
0.0,0.34,2.1362830044410597,0.3333333333333333,,-0.006172839506172839,-0.018518518518518517,STABLE
0.0,0.35,2.199114857512855,0.3333333333333333,,-0.006172839506172839,-0.018518518518518517,STABLE
0.0,0.36,2.2619467105846507,0.3333333333333333,,-0.006172839506172839,-0.018518518518518517,STABLE
0.0,0.37,2.324778563656447,0.3333333333333333,,-0.006172839506172839,-0.018518518518518517,STABLE
0.0,0.38,2.3876104167282426,0.3333333333333333,,-0.006172839506172839,-0.018518518518518517,STABLE
0.0,0.39,2.450442269800039,0.3333333333333333,,-0.006172839506172839,-0.018518518518518517,STABLE
0.0,0.4,2.5132741228718345,0.3333333333333333,,-0.006172839506172839,-0.018518518518518517,STABLE
0.0,0.41000000000000003,2.57610597594363,0.3333333333333333,,-0.006172839506172839,-0.018518518518518517,STABLE
0.0,0.42000000000000004,2.6389378290154264,0.3333333333333333,,-0.006172839506172839,-0.018518518518518517,STABLE
0.0,0.43000000000000005,2.701769682087223,0.3333333333333333,,-0.006172839506172839,-0.018518518518518517,STABLE
0.0,0.44,2.7646015351590183,0.3333333333333333,,-0.006172839506172839,-0.018518518518518517,STABLE
0.0,0.45,2.827433388230814,0.3333333333333333,,-0.006172839506172839,-0.018518518518518517,STABLE
0.0,0.46,2.8902652413026093,0.3333333333333333,,-0.006172839506172839,-0.018518518518518517,STABLE
0.0,0.47000000000000003,2.9530970943744057,0.3333333333333333,,-0.006172839506172839,-0.018518518518518517,STABLE
0.0,0.48000000000000004,3.015928947446202,0.3333333333333333,,-0.006172839506172839,-0.018518518518518517,STABLE
0.0,0.49,3.0787608005179976,0.3333333333333333,,-0.006172839506172839,-0.018518518518518517,STABLE
0.0,0.5,3.141592653589793,0.3333333333333333,,-0.006172839506172839,-0.018518518518518517,STABLE
0.005,0.2,1.2424384108217799,0.3349420455318254,,-0.006441511295915851,-0.019231718984960323,STABLE
0.005,0.21000000000000002,1.304995621173547,0.3346428638470925,,-0.006391669285389608,-0.01909997186824858,STABLE
0.005,0.22,1.36760928235415,0.33433829547053096,,-0.006340925347439026,-0.018965596921869585,STABLE
0.005,0.23,1.4302804019205326,0.3340295182368504,,-0.0062894755029885814,-0.0188291009015823,STABLE
0.005,0.24000000000000002,1.4930097695237494,0.3337177324841707,,-0.006237519591571879,-0.01869100435610728,STABLE
0.005,0.25,1.555797951418133,0.3334041566431923,,-0.006185260540107884,-0.018551839912203986,STABLE
0.005,0.26,1.6186452857259337,0.33309002266077686,,-0.006132903602997011,-0.018412150427101922,STABLE
0.005,0.27,1.6815518785134689,0.33277657127089205,,-0.00608065557563149,-0.018272487009554583,STABLE
0.005,0.28,1.7445176007339336,0.33246504712792496,,-0.006028723983774212,-0.018133406912560334,STABLE
0.005,0.29000000000000004,1.80754208609031,0.3321566938194866,,-0.005977316251630123,-0.017995471302705544,STABLE
0.005,0.30000000000000004,1.8706247298693006,0.33185274877796067,,-0.0059266388518090275,-0.017859242913110484,STABLE
0.005,0.31,1.9337646887937385,0.3315544381121715,,-0.005876896440752671,-0.01772528358906901,STABLE
0.005,0.32,1.9969608819370162,0.3312629713826225,,-0.005828290983565313,-0.017594151737633828,STABLE
0.005,0.33,2.0602119927366527,0.3309795363457489,,-0.005781020872540702,-0.01746639969457723,STABLE
0.005,0.34,2.1235164721399453,0.3307052936944848,,-0.005735280044008196,-0.017342571024298797,STABLE
0.005,0.35,2.1868725429056237,0.33044137182414923,,-0.005691257098425305,-0.017223197770326465,STABLE
0.005,0.36,2.250278205078712,0.33018886165413136,,-0.005649134428909679,-0.017108797676001184,STABLE
0.005,0.37,2.3137312426467154,0.3299488115370962,,-0.0056090873636273604,-0.016999871396708242,STABLE
0.005,0.38,2.3772292313759125,0.3297222222883658,,-0.0055712833276268916,-0.016896899726565606,STABLE
0.005,0.39,2.44076954781653,0.329510042368751,,-0.005535881029824801,-0.016800340863753278,STABLE
0.005,0.4,2.5043493794551432,0.3293131632543558,,-0.005503029680901025,-0.016710627739622362,STABLE
0.005,0.41000000000000003,2.567965735981747,0.32913241502674373,,-0.005472868247848183,-0.016628165437316416,STABLE
0.005,0.42000000000000004,2.6316154616278498,0.3289685622163109,,-0.005445524750832445,-0.016553328725836664,STABLE
0.005,0.43000000000000005,2.6952952485217554,0.3288222999307388,,-0.005421115607863117,-0.01648645973525819,STABLE
0.005,0.44,2.759001650994291,0.32869425029901095,,-0.0053997450325335246,-0.01642786579814345,STABLE
0.005,0.45,2.82273110076605,0.3285849592596386,,-0.005381504489783037,-0.01637781748108173,STABLE
0.005,0.46,2.8864799229126326,0.32849489371954876,,-0.005366472214255142,-0.01633654682875146,STABLE
0.005,0.47000000000000003,2.950244352540708,0.3284244391073837,,-0.00535471279536054,-0.016304245840881925,STABLE
0.005,0.48000000000000004,3.0140205520477537,0.3283738973420586,,-0.005346276832655508,-0.016281065200156365,STABLE
0.005,0.49,3.077804628868658,0.3283434852340507,,-0.005341200664561852,-0.0162671132663239,STABLE
0.005,0.5,3.141592653589793,0.3283333333333333,,-0.0053395061728395065,-0.016262455348749767,STABLE
0.01,0.2,1.228378277880604,0.33667620273458504,,-0.006732175223784608,-0.019995993685041777,STABLE
0.01,0.21000000000000002,1.2906381195764547,0.336083017496441,,-0.006633400606989823,-0.0197373870789531,STABLE
0.01,0.22,1.3530089644680117,0.3354781422223088,,-0.006532661571792362,-0.019472689125193173,STABLE
0.01,0.23,1.415493197817644,0.33486386090377757,,-0.006430337553208649,-0.019202841225844893,STABLE
0.01,0.24000000000000002,1.4780927969874382,0.33424251713319914,,-0.006326818177065493,-0.018928825187563406,STABLE
0.01,0.25,1.540809314749118,0.33361650641415,,-0.0062225019974322384,-0.01865166104733335,STABLE
0.01,0.26,1.6036438636078973,0.33298826792443975,,-0.006117795138949018,-0.01837240446061974,STABLE
0.01,0.27,1.6665971013315317,0.3323602757343811,,-0.006013109844126115,-0.018092143625887864,STABLE
0.01,0.28,1.7296692178858866,0.33173502948981676,,-0.005908862926868242,-0.017811995724285202,STABLE
0.01,0.29000000000000004,1.7928599239861276,0.33111504457690477,,-0.005805474134788705,-0.017533102859179587,STABLE
0.01,0.30000000000000004,1.8561684414776731,0.33050284179384865,,-0.005703364424311773,-0.017256627487243364,STABLE
0.01,0.31,1.919593495762923,0.32990093656352637,,-0.005602954154101398,-0.016983747340839944,STABLE
0.01,0.32,1.9831333104877436,0.3293118277302049,,-0.005504661203981135,-0.016715649850545106,STABLE
0.01,0.33,2.04678560469747,0.3287379859930708,,-0.005408899028194628,-0.016453526086603932,STABLE
0.01,0.34,2.1105475926566384,0.3281818420390463,,-0.005316074653580677,-0.01619856424886598,STABLE
0.01,0.35,2.1744159865220825,0.32764577444691806,,-0.005226586634932078,-0.015951942745957307,STABLE
0.01,0.36,2.238387002026592,0.32713209744425886,,-0.005140822981490741,-0.015714822916044497,STABLE
0.01,0.37,2.3024563673161973,0.32664304860736276,,-0.005059159070090056,-0.015488341453031672,STABLE
0.01,0.38,2.3666193350479547,0.326180776602487,,-0.004981955561902619,-0.015273602613234544,STABLE
0.01,0.39,2.4308706978254944,0.3257473290736296,,-0.004909556340998611,-0.015071670288012984,STABLE
0.01,0.4,2.495204807008442,0.32534464078773045,,-0.004842286493946055,-0.014883560037201848,STABLE
0.01,0.41000000000000003,2.5596155948888297,0.3249745221522506,,-0.00478045035043034,-0.014710231186033403,STABLE
0.01,0.42000000000000004,2.624096600192044,0.32463864822229643,,-0.004724329605290205,-0.014552579094203284,STABLE
0.01,0.43000000000000005,2.6886409967930436,0.324338548314827,,-0.004674181542464235,-0.01441142770956454,STABLE
0.01,0.44,2.7532416255158427,0.3240755963454718,,-0.0046302373810159485,-0.014287522520146851,STABLE
0.01,0.45,2.817891028815111,0.32385100199948424,,-0.004592700762730081,-0.014181524016829799,STABLE
0.01,0.46,2.8825814881040626,0.3236658028419193,,-0.004561746399664036,-0.014094001774701003,STABLE
0.01,0.47000000000000003,2.9473050634408464,0.3235208574635434,,-0.004537518898551927,-0.01402542925401107,STABLE
0.01,0.48000000000000004,3.0120536352582445,0.3234168397482304,,-0.0045201317770849425,-0.013976179411695816,STABLE
0.01,0.49,3.0768189477558257,0.3233542343349912,,-0.004509666684890906,-0.013946521201942709,STABLE
0.01,0.5,3.141592653589793,0.3233333333333333,,-0.004506172839506172,-0.013936617029400534,STABLE
0.015,0.2,1.2144624812349334,0.3385330060444956,,-0.007044331366596397,-0.020808403437242735,STABLE
0.015,0.21000000000000002,1.276403404387385,0.33765137292362485,,-0.006897600854385299,-0.020428173576375486,STABLE
0.015,0.22,1.3385078170147686,0.33675089627716764,,-0.006747694752541527,-0.02003764452340979,STABLE
0.015,0.23,1.4007798161305185,0.33583488422484514,,-0.006595161459800624,-0.019638107205638265,STABLE
0.015,0.24000000000000002,1.463222934942884,0.33490675412247417,,-0.006440568123810897,-0.019230929339381447,STABLE
0.015,0.25,1.5258401104575994,0.3339700230908216,,-0.006284499112027063,-0.018817554503441233,STABLE
0.015,0.26,1.588633651639903,0.3330282974705391,,-0.006127554296174477,-0.018399500410971964,STABLE
0.015,0.27,1.651605208496295,0.33208526116042547,,-0.005970347142087012,-0.01797835628484224,STABLE
0.015,0.28,1.7147557424757005,0.3311446628074557,,-0.00581350259864707,-0.017555779245722995,STABLE
0.015,0.29000000000000004,1.7780854986267907,0.33021030183056627,,-0.005657654781904394,-0.01713348962930716,STABLE
0.015,0.30000000000000004,1.8415939799815702,0.3292860132761611,,-0.0055034444532326005,-0.016713265159601684,STABLE
0.015,0.31,1.9052799246634244,0.3283756515216713,,-0.0053515162935967135,-0.01629693391942471,STABLE
0.015,0.32,1.969141286238991,0.3274830728641741,,-0.005202515979634925,-0.015886366077286395,STABLE
0.015,0.33,2.0331752178470173,0.32661211705381904,,-0.0050570870712652255,-0.015483464351789253,STABLE
0.015,0.34,2.0973780606368018,0.3257665878563883,,-0.004915867724870906,-0.015090153220495495,STABLE
0.015,0.35,2.1617453370456174,0.3249502327551278,,-0.004779487250691442,-0.014708366909504916,STABLE
0.015,0.36,2.226271749414532,0.32416672192875784,,-0.004648562537801655,-0.014340036232415214,STABLE
0.015,0.37,2.2909511844167425,0.32341962666924273,,-0.004523694374811163,-0.013987074381968443,STABLE
0.015,0.38,2.3557767237041127,0.32271239742924024,,-0.004405463699119789,-0.013651361813844652,STABLE
0.015,0.39,2.420740661131759,0.3220483417135421,,-0.004294427811931847,-0.013334730398182539,STABLE
0.015,0.4,2.4858345268198567,0.3214306020512051,,-0.004191116600255396,-0.013038947049564792,STABLE
0.015,0.41000000000000003,2.5510491182283315,0.32086213430371063,,-0.004096028810477585,-0.012765697078485762,STABLE
0.015,0.42000000000000004,2.61637453830256,0.3203456865790083,,-0.0040096284207481216,-0.012516567535424607,STABLE
0.015,0.43000000000000005,2.6818002406344075,0.3198837790304538,,-0.003932341161096182,-0.012293030840809883,STABLE
0.015,0.44,2.7473150814498077,0.3194786848229229,,-0.0038645512308576363,-0.012096429009026492,STABLE
0.015,0.45,2.812907378106898,0.31913241254498426,,-0.0038065982624572448,-0.011927958780810691,STABLE
0.015,0.46,2.8785649736512204,0.31884669033570984,,-0.003758774578831172,-0.011788657975008627,STABLE
0.015,0.47000000000000003,2.9442753068482337,0.3186229519772248,,-0.0037213227887393243,-0.011679393357090374,STABLE
0.015,0.48000000000000004,3.010025486989419,0.3184623251796751,,-0.003694433759943435,-0.011600850297940427,STABLE
0.015,0.49,3.0758023726654082,0.31836562225427945,,-0.003678245004779491,-0.011553524462643355,STABLE
0.015,0.5,3.141592653589793,0.3183333333333333,,-0.003672839506172839,-0.011537715726197401,STABLE
0.02,0.2,1.2006963484287247,0.3405095566933774,,-0.007377461843128509,-0.021665946514892613,STABLE
0.02,0.21000000000000002,1.2622980181410348,0.33934537081510346,,-0.007183812591198609,-0.021169620124603963,STABLE
0.02,0.22,1.324113453747614,0.3381544079451477,,-0.0069856404390054375,-0.02065813804248438,STABLE
0.02,0.23,1.3861487594292468,0.3369409097731855,,-0.006783646783352678,-0.020133045844504736,STABLE
0.02,0.24000000000000002,1.4484093586043971,0.33570928712420983,,-0.006578562107143395,-0.01959600868804496,STABLE
0.02,0.25,1.5108999426933274,0.3344641104665208,,-0.0063711444951932775,-0.019048813597090014,STABLE
0.02,0.26,1.5736244191373272,0.3332100987605275,,-0.0061621778627578136,-0.018493370656171102,STABLE
0.02,0.27,1.6365858591792064,0.3319521065191109,,-0.005952469873043541,-0.017931712907207745,STABLE
0.02,0.28,1.6997864459999903,0.33069510896181215,,-0.005742849521893716,-0.017365994737336396,STABLE
0.02,0.29000000000000004,1.7632274238970131,0.32944418516144397,,-0.005534164370618273,-0.01679848854489952,STABLE
0.02,0.30000000000000004,1.8269090492779565,0.3282044991033877,,-0.005327277411667622,-0.01623157947627487,STABLE
0.02,0.31,1.8908305443307922,0.32698127860521264,,-0.0051230635566033465,-0.015667758039409892,STABLE
0.02,0.32,1.9549900543076364,0.32577979207759394,,-0.004922405741644021,-0.015109610421973646,STABLE
0.02,0.33,2.019384609427117,0.32460532314685653,,-0.004726190652974439,-0.014559806373958435,STABLE
0.02,0.34,2.0840100924502836,0.3234631432046537,,-0.004535304081971981,-0.014021084557082023,STABLE
0.02,0.35,2.148861213016156,0.3223584820007819,,-0.004350625929436588,-0.013496235316761529,STABLE
0.02,0.36,2.2139314898289686,0.32129649645013925,,-0.004173024887671394,-0.012988080896546562,STABLE
0.02,0.37,2.27921324176208,0.3202822378832165,,-0.004003352839649053,-0.012499453188873941,STABLE
0.02,0.38,2.344697588893331,0.3193206180294974,,-0.003842439025199792,-0.012033169198128147,STABLE
0.02,0.39,2.410374464385282,0.3184163740831981,,-0.0036910840348980656,-0.011592004480063681,STABLE
0.02,0.4,2.47623263799914,0.3175740332582017,,-0.0035500537026230926,-0.011178664912243445,STABLE
0.02,0.41000000000000003,2.5422597518572725,0.3167978772917407,,-0.0034200729772484555,-0.010795757239556544,STABLE
0.02,0.42000000000000004,2.6084423688669034,0.3160919074014371,,-0.0033018198620552316,-0.01044575892245769,STABLE
0.02,0.43000000000000005,2.674766033973765,0.3154598102353099,,-0.0031959195168261034,-0.010130987888575036,STABLE
0.02,0.44,2.741215348149281,0.31490492537661985,,-0.003102938621681581,-0.009853572845742346,STABLE
0.02,0.45,2.8077740547279673,0.3144302149728896,,-0.003023380103192664,-0.009615424851753965,STABLE
0.02,0.46,2.874425137409391,0.3140382360494383,,-0.0029576783218430887,-0.00941821084925935,STABLE
0.02,0.47000000000000003,2.941150928945617,0.31373111604118487,,-0.002906194815313724,-0.00926332986024955,STABLE
0.02,0.48000000000000004,3.0079332292442214,0.3135105320322072,,-0.002869214684302624,-0.0091518924921089,STABLE
0.02,0.49,3.0747534313552105,0.31337769413112015,,-0.0028469436967648028,-0.009084704336274856,STABLE
0.02,0.5,3.141592653589793,0.3133333333333333,,-0.0028395061728395056,-0.009062253743104806,STABLE
0.025,0.2,1.1870847161076328,0.34260287218477914,,-0.007731033737414589,-0.022565583551923462,STABLE
0.025,0.21000000000000002,1.2483280406568857,0.3411623296753902,,-0.007491556418519428,-0.021958920334632225,STABLE
0.025,0.22,1.3098330779170682,0.33968636950269343,,-0.0072460857557695305,-0.02133169419302259,STABLE
0.025,0.23,1.371608194375184,0.33818006970076486,,-0.006995458998632856,-0.02068560398849854,STABLE
0.025,0.24000000000000002,1.4336610012386044,0.33664874519493465,,-0.006740554168409116,-0.020022513865322843,STABLE
0.025,0.25,1.49599828270667,0.3350979402062732,,-0.006482288957779469,-0.01934446076806448,STABLE
0.025,0.26,1.5586259212903608,0.33353341844519957,,-0.006221619249216701,-0.01865366078823352,STABLE
0.025,0.27,1.6215488207490851,0.3319611508385229,,-0.0059595372059646394,-0.017952513994216025,STABLE
0.025,0.28,1.6847708273667426,0.3303873005381252,,-0.00569706888977137,-0.01724360736775339,STABLE
0.025,0.29000000000000004,1.7482946504545467,0.3288182049708756,,-0.005435271361362287,-0.016529715445176476,STABLE
0.025,0.30000000000000004,1.8121217831423535,0.3272603547096552,,-0.005175229223021798,-0.015813798245171654,STABLE
0.025,0.31,1.8762524246990802,0.32572036897591417,,-0.004918050567865566,-0.015098996060112035,STABLE
0.025,0.32,1.9406854058003724,0.3242049676262166,,-0.004664862307655063,-0.014388620698228447,STABLE
0.025,0.33,2.005418118333209,0.3227209395296775,,-0.004416804860506771,-0.01368614279241896,STABLE
0.025,0.34,2.070446451474482,0.32127510731086906,,-0.004175026191732615,-0.012995174841519288,STABLE
0.025,0.35,2.1357647359168466,0.3198742885132663,,-0.003940675215251074,-0.0123194497237237,STABLE
0.025,0.36,2.201365698198745,0.3185252533316958,,-0.0037148945795551884,-0.011662794521622085,STABLE
0.025,0.37,2.2672404271360564,0.31723467916669307,,-0.0034988128807891847,-0.011029099624227117,STABLE
0.025,0.38,2.3333783543423254,0.31600910236684815,,-0.00329353636566088,-0.010422283222201255,STABLE
0.025,0.39,2.3997672507381895,0.314854867644156,,-0.0031001402081773893,-0.009846251485243413,STABLE
0.025,0.4,2.4663932407836917,0.31377807576773775,,-0.002919659465760956,-0.00930485489981181,STABLE
0.025,0.41000000000000003,2.5332408359241128,0.31278453025776587,,-0.002753079841229292,-0.008801841443246817,STABLE
0.025,0.42000000000000004,2.600292988421596,0.3118796839081942,,-0.002601328396368659,-0.008340807467069234,STABLE
0.025,0.43000000000000005,2.667531166312907,0.3110685860582398,,-0.00246526437935854,-0.007925147346434337,STABLE
0.025,0.44,2.7349354497754255,0.3103558316010283,,-0.002345670340776026,-0.007558003111059487,STABLE
0.025,0.45,2.8024846486235107,0.3097455127587297,,-0.0022432437204760146,-0.007242215393200372,STABLE
0.025,0.46,2.8701564400814115,0.3092411746608559,,-0.0021585890892169258,-0.006980277097913128,STABLE
0.025,0.47000000000000003,2.9379275253778614,0.30884577573297955,,-0.0020922112239005184,-0.006774291210346334,STABLE
0.025,0.48000000000000004,3.005773803115929,0.3085616538349734,,-0.002044509183353991,-0.006625934097590255,STABLE
0.025,0.49,3.0736705568211513,0.30839049898127524,,-0.0020157715327493767,-0.006536425536481167,STABLE
0.025,0.5,3.141592653589793,0.3083333333333333,,-0.002006172839506172,-0.006506506506506505,STABLE
0.03,0.2,1.173631933806409,0.34480990203160006,,-0.008104501948165185,-0.023504261044749373,STABLE
0.03,0.21000000000000002,1.2344990824778581,0.3430994616453286,,-0.007820333839968443,-0.02279319764148315,STABLE
0.03,0.22,1.2956734651408501,0.34134433006631354,,-0.007528592097782072,-0.022055711592805657,STABLE
0.03,0.23,1.357165924644632,0.3395503196342857,,-0.007230231832569827,-0.021293550364956754,STABLE
0.03,0.24000000000000002,1.4189865186160266,0.33772355273531135,,-0.006926261522115001,-0.020508671859032032,STABLE
0.03,0.25,1.4811444270830985,0.33587045807007976,,-0.00661774264126586,-0.01970325904603691,STABLE
0.03,0.26,1.5436478540686307,0.33399776428464883,,-0.006305788840527771,-0.018879733683347884,STABLE
0.03,0.27,1.6065039236508358,0.3321124905493054,,-0.005991564598548233,-0.01804076862221695,STABLE
0.03,0.28,1.6697185711966323,0.33022193365672636,,-0.005676283271136842,-0.017189298143464555,STABLE
0.03,0.29000000000000004,1.7332964307421455,0.32833365120464936,,-0.005361204458039513,-0.016328525688333696,STABLE
0.03,0.30000000000000004,1.797240719770268,0.32645544043498415,,-0.00504763060950983,-0.015461928288847434,STABLE
0.03,0.31,1.8615531229361417,0.3245953123230544,,-0.0047369027982131036,-0.014593256952209735,STABLE
0.03,0.32,1.9262336766284227,0.3227614605500575,,-0.0044303955886343185,-0.013726532223159284,STABLE
0.03,0.33,1.991280656571637,0.32096222505301847,,-0.004129510946702052,-0.012866034144734367,STABLE
0.03,0.34,2.056690471007242,0.31920604993080304,,-0.0038356711470290765,-0.012016285868831644,STABLE
0.03,0.35,2.122457562294852,0.31750143559478206,,-0.0035503106544995527,-0.011182030241370978,STABLE
0.03,0.36,2.1885743200308583,0.31585688518937355,,-0.003274866981075684,-0.01036819880976228,STABLE
0.03,0.37,2.2550310089926002,0.31428084546986473,,-0.0030107705474751406,-0.009579872877629231,STABLE
0.03,0.38,2.3218157153142793,0.3127816425114537,,-0.0027594336125969505,-0.008822236466438095,STABLE
0.03,0.39,2.3889143143044245,0.3113674128290383,,-0.0025222383703013846,-0.008100521333895218,STABLE
0.03,0.4,2.456310463194142,0.3100460307056649,,-0.0023005243522701197,-0.007419944538667776,STABLE
0.03,0.41000000000000003,2.523985621790953,0.3088250327508305,,-0.0020955753157792787,-0.006785639418906994,STABLE
0.03,0.42000000000000004,2.591919103591273,0.3077115409250632,,-0.001908605833975838,-0.0062025812494326945,STABLE
0.03,0.43000000000000005,2.6600881592624366,0.30671218546386025,,-0.0017407478417741918,-0.00567550923723995,STABLE
0.03,0.44,2.7284680936337993,0.3058330292968023,,-0.0015930374200093308,-0.005208846878547356,STABLE
0.03,0.45,2.7970324164045013,0.3050794956737059,,-0.0014664021216915287,-0.004806623003139816,STABLE
0.03,0.46,2.8657530257480954,0.3044563007659384,,-0.001361649154730826,-0.0044723960427333785,STABLE
0.03,0.47000000000000003,2.934600422886474,0.30396739299776326,,-0.0012794547335705103,-0.004209184152788142,STABLE
0.03,0.48000000000000004,3.00354395460016,0.30361590077296735,,-0.0012203548965369372,-0.004019403771113665,STABLE
0.03,0.49,3.072552079581273,0.30340409009454117,,-0.0011847380560913254,-0.003904819001359406,STABLE
0.03,0.5,3.141592653589793,0.30333333333333334,,-0.0011728395061728393,-0.0038665038665038655,STABLE
0.035,0.2,1.160341871015394,0.34712754294838843,,-0.008497311938794404,-0.024478933208874756,STABLE
0.035,0.21000000000000002,1.2208162821412696,0.34515388818648934,,-0.008169630102087022,-0.023669529394589658,STABLE
0.035,0.22,1.2816409502915609,0.3431257107982531,,-0.007832697885430619,-0.022827487532801043,STABLE
0.035,0.23,1.3428293676419214,0.34104945237945095,,-0.007487569748814666,-0.021954498670427453,STABLE
0.035,0.24000000000000002,1.404394256600305,0.33893194069579746,,-0.00713536658924357,-0.021052505628697284,STABLE
0.035,0.25,1.4663474580799438,0.3367803917312433,,-0.006777276438598079,-0.02012372633620091,STABLE
0.035,0.26,1.5286998099086953,0.334602408880522,,-0.006414554677527486,-0.019170676920673216,STABLE
0.035,0.27,1.591461015596972,0.33240597869514465,,-0.006048523659786168,-0.018196193953940204,STABLE
0.035,0.28,1.654639503981468,0.330199462545012,,-0.005680571632593567,-0.01720345511410154,STABLE
0.035,0.29000000000000004,1.7182422805920354,0.32799158352040575,,-0.00531215083142273,-0.016195997392391134,STABLE
0.035,0.30000000000000004,1.7822747719937724,0.32579140787462996,,-0.004944774622695895,-0.015177731834470992,STABLE
0.035,0.31,1.8467406648115698,0.3236083203018651,,-0.004580013566250442,-0.0141529536755364,STABLE
0.035,0.32,1.9116417416524174,0.3214519923634147,,-0.004219490272138909,-0.013126346615915828,STABLE
0.035,0.33,1.976977716691961,0.31933234342460914,,-0.0038648729344593785,-0.012102979901789475,STABLE
0.035,0.34,2.0427460742683468,0.31725949355039723,,-0.003517867439616566,-0.011088296839437987,STABLE
0.035,0.35,2.1089419144001544,0.315243707935961,,-0.0031802079687647,-0.010088093397920352,STABLE
0.035,0.36,2.1755578097065555,0.31329533262353254,,-0.0028536460449268327,-0.00910848566121437,STABLE
0.035,0.37,2.2425836786816613,0.31142472148176203,,-0.0025399380151396836,-0.008155865093351075,STABLE
0.035,0.38,2.3100066806607904,0.30964215469821044,,-0.002240831006735908,-0.007236840891124501,STABLE
0.035,0.39,2.377811138037487,0.3079577493560211,,-0.0019580474540803025,-0.006358169126040274,STABLE
0.035,0.4,2.4459784912991425,0.3063813630244136,,-0.0016932683562842655,-0.005526668918661804,STABLE
0.035,0.41000000000000003,2.5144872922224835,0.3049224916758559,,-0.001448115495228158,-0.004749126531366402,STABLE
0.035,0.42000000000000004,2.5833132400344905,0.30359016363345687,,-0.001224132913552838,-0.00403218898432694,STABLE
0.035,0.43000000000000005,2.652429264511586,0.30239283162676067,,-0.001022768019907004,-0.003382249554015198,STABLE
0.035,0.44,2.7218056588266992,0.30133826536715547,,-0.0008453527490458398,-0.0028053282513452057,STABLE
0.035,0.45,2.7914102634982596,0.30043344731707267,,-0.0006930852522242514,-0.0023069510349584357,STABLE
0.035,0.46,2.861208701088161,0.2996844744927987,,-0.0005670126237768391,-0.0018920320271394778,STABLE
0.035,0.47000000000000003,2.931164659411714,0.29909646918509203,,-0.00046801517847796836,-0.001564763301128584,STABLE
0.035,0.48000000000000004,3.0012402190684995,0.2986735013873779,,-0.00039679277803436375,-0.0013285168459579067,STABLE
0.035,0.49,3.0713962191933324,0.29841852547994996,,-0.00035385366238081806,-0.001185763054795982,STABLE
0.035,0.5,3.141592653589793,0.29833333333333334,,-0.0003395061728395053,-0.001138009517897783,STABLE
0.04,0.2,1.1472179272056862,0.3495526533787463,,-0.008908902366292881,-0.025486582007546464,STABLE
0.04,0.21000000000000002,1.2072843070449668,0.3473226554696328,,-0.008538916980543333,-0.024584969756716344,STABLE
0.04,0.22,1.2677414183113478,0.3450278202552897,,-0.008157921345184815,-0.02364424219226346,STABLE
0.04,0.23,1.3286055350828103,0.34267511223975466,,-0.007767050543551361,-0.022665931274626967,STABLE
0.04,0.24000000000000002,1.3898922221318948,0.3402719588543641,,-0.007367519225037013,-0.021651855327256924,STABLE
0.04,0.25,1.45161620648917,0.33782626006031413,,-0.006960623681139707,-0.020604152205032804,STABLE
0.04,0.26,1.5137912347142017,0.3353463951562991,,-0.006547743455924492,-0.019525313378939715,STABLE
0.04,0.27,1.576429915636073,0.33284122602287436,,-0.006130342354248476,-0.018418218282332522,STABLE
0.04,0.28,1.6395435486157766,0.3303200959445259,,-0.00570996869436384,-0.017286168066876485,STABLE
0.04,0.29000000000000004,1.7031419378033932,0.32779282306334384,,-0.005288254635311302,-0.01613291769444684,STABLE
0.04,0.30000000000000004,1.7672331933657281,0.3252696874427049,,-0.0048669143952834,-0.014962705051145258,STABLE
0.04,0.31,1.8318235212665213,0.3227614106625245,,-0.0044477411661411614,-0.013780275519961915,STABLE
0.04,0.32,1.8969170039126044,0.32027912683791165,,-0.0040326025230327574,-0.012590900202727216,STABLE
0.04,0.33,1.962515374759644,0.31783434396342525,,-0.0036234341289534053,-0.011400385759980588,STABLE
0.04,0.34,2.0286177909232883,0.31543889454243296,,-0.0032222315433288375,-0.01021507366110612,STABLE
0.04,0.35,2.095220608755205,0.31310487458373326,,-0.0028310399646818145,-0.009041826539576,STABLE
0.04,0.36,2.162317168344301,0.3108445702413204,,-0.002451941771191907,-0.007887999360221642,STABLE
0.04,0.37,2.2298975938559433,0.3086703716505034,,-0.0020870417718068367,-0.0067613932644300595,STABLE
0.04,0.38,2.297948617439296,0.3065946738810542,,-0.001738450145743949,-0.005670190299582289,STABLE
0.04,0.39,2.3664534351046815,0.30462976538415537,,-0.0014082631295089514,-0.004622867787502813,STABLE
0.04,0.4,2.4353916033357415,0.3027877048503608,,-0.0010985416072552504,-0.00362809185993254,STABLE
0.04,0.41000000000000003,2.504738985200444,0.3010801880037078,,-0.0008112878694142879,-0.002694590682945558,STABLE
0.04,0.42000000000000004,2.5744677542564403,0.29951840650721095,,-0.0005484209215250042,-0.001831009078608332,STABLE
0.04,0.43000000000000005,2.644546463548795,0.29811290181079136,,-0.00031175084352771595,-0.0010457475729298707,STABLE
0.04,0.44,2.714940185418319,0.2968734173890251,,-0.00010295281131264313,-0.0003467902657573851,STABLE
0.04,0.45,2.7856107256989633,0.2958087533404106,,7.645851247483255e-05,0.00025847278557996446,STABLE
0.04,0.46,2.856516913225402,0.2949266276981328,,0.00022515344225389777,0.0007634218856777821,STABLE
0.04,0.47000000000000003,2.9276149625228602,0.2942335489835614,,0.00034200977807687105,0.0011623751922863795,STABLE
0.04,0.48000000000000004,2.9988589042787903,0.293734704477384,,0.000426132558055838,0.0014507395672364207,STABLE
0.04,0.49,3.0702010749206865,0.29343386836528673,,0.0004768703098936497,0.00162513725000554,STABLE
0.04,0.5,3.141592653589793,0.29333333333333333,,0.0004938271604938276,0.001683501683501685,STABLE
0.045,0.2,1.1342630444431625,0.35208206726040014,,-0.009338707571231291,-0.02652423522702273,STABLE
0.045,0.21000000000000002,1.1939073576475474,0.3496027493228714,,-0.008927655485877047,-0.025536571160177057,STABLE
0.045,0.22,1.2539802988216087,0.3470478697025034,,-0.008503763283357392,-0.024503142147643764,STABLE
0.045,0.23,1.314501017485794,0.34442480975669565,,-0.008068228017362634,-0.023425223122173145,STABLE
0.045,0.24000000000000002,1.3754880578353852,0.341741488981494,,-0.007622339107550971,-0.022304400704369075,STABLE
0.045,0.25,1.4369592174044072,0.33900638372426944,,-0.00716748206429284,-0.021142616801347627,STABLE
0.045,0.26,1.4989313866771397,0.3362285434921665,,-0.006705141825836751,-0.01994221476914249,STABLE
0.045,0.27,1.5614203686731891,0.333417603932909,,-0.006236905544505651,-0.018705987539160213,STABLE
0.045,0.28,1.6244406778636666,0.33058379541579597,,-0.0057644646313358945,-0.017437226843153537,STABLE
0.045,0.29000000000000004,1.6880053181686696,0.327737945990721,,-0.0052896158410037225,-0.016139772356886267,STABLE
0.045,0.30000000000000004,1.7521255404051197,0.32489147735304996,,-0.00481426115112442,-0.01481805921887235,STABLE
0.045,0.31,1.81681058025111,0.32205639230845573,,-0.004340406165006949,-0.01347716197742736,STABLE
0.045,0.32,1.8820673787526119,0.3192452521201448,,-0.0038701567457114484,-0.012122832587201494,STABLE
0.045,0.33,1.94790028846029,0.31647114205366955,,-0.003405713575852116,-0.010761529641380538,STABLE
0.045,0.34,2.014310769593595,0.313747623424362,,-0.0029493643342868715,-0.009400435617954256,STABLE
0.045,0.35,2.081297082050003,0.311088670524947,,-0.0025034731923070804,-0.008047458584983475,STABLE
0.045,0.36,2.1488539806570923,0.30850859098492794,,-0.0020704673616163288,-0.006711214605098243,STABLE
0.045,0.37,2.2169724226423195,0.306021928414128,,-0.0016528204789048849,-0.005400987071319232,STABLE
0.045,0.38,2.2856392978734164,0.30364334662509,,-0.0012530326899202737,-0.004126659463635143,STABLE
0.045,0.39,2.3548371937797947,0.301387495328274,,-0.000873607402493567,-0.0028986186090502056,STABLE
0.045,0.4,2.424544207927197,0.29926885794878444,,-0.0005170248128523215,-0.0017276265108105665,STABLE
0.045,0.41000000000000003,2.4947338217360198,0.29730158311301275,,-0.00018571247091733167,-0.0006246602153031157,STABLE
0.045,0.42000000000000004,2.565374848703538,0.2954993023643623,,0.00011798666787276914,0.0003992790065111116,STABLE
0.045,0.43000000000000005,2.636431469499355,0.2938749377389675,,0.00039184806332359076,0.001333383739145688,STABLE
0.045,0.44,2.7078633643528525,0.2924405038920504,,0.0006338004512690352,0.00216727998630105,STABLE
0.045,0.45,2.779625950200724,0.291206910423697,,0.0008419607379890198,0.0028912800756135666,STABLE
0.045,0.46,2.851670726141941,0.29018377081009744,,0.0010146677838948602,0.003496638633725939,STABLE
0.045,0.47000000000000003,2.9239457260267376,0.28937922480300576,,0.001150513848086535,0.003975799744676711,STABLE
0.045,0.48000000000000004,2.9963960717547713,0.2887997812305797,,0.001248372450911803,0.0043226225642986,STABLE
0.045,0.49,3.0689646154529044,0.28845018775853565,,0.0013074214774002797,0.004532572807665268,STABLE
0.045,0.5,3.141592653589793,0.28833333333333333,,0.0013271604938271606,0.004602868764718476,STABLE
0.05,0.2,1.1214797222544826,0.3547126069505646,,-0.009786159914839726,-0.027588982525798972,STABLE
0.05,0.21000000000000002,1.1806891746852959,0.3519911096153166,,-0.00933529846618989,-0.02652140412407641,STABLE
0.05,0.22,1.2403625643257215,0.3491829882284168,,-0.008869709823196945,-0.02540132286569143,STABLE
0.05,0.23,1.3005219725254837,0.34629593668407455,,-0.00839063468901764,-0.024229665439801013,STABLE
0.05,0.24000000000000002,1.361189020361478,0.3433382587036096,,-0.007899418252546283,-0.023007684265578858,STABLE
0.05,0.25,1.4223847192064782,0.3403188969339135,,-0.007397515781306395,-0.021737011514652734,STABLE
0.05,0.26,1.4841292973821492,0.3372474603949025,,-0.006886497969996671,-0.020419717799899435,STABLE
0.05,0.27,1.5464420010026998,0.3341342492384789,,-0.006368055862222148,-0.019058375119388397,STABLE
0.05,0.28,1.6093408673420682,0.33099027557057453,,-0.005844005124613295,-0.017656123324285466,STABLE
0.05,0.29000000000000004,1.6728424694563233,0.32782727885819296,,-0.005316289410626756,-0.01621673897652185,STABLE
0.05,0.30000000000000004,1.7369616313733278,0.3246577342027919,,-0.0047869825072065185,-0.01474470497048566,STABLE
0.05,0.31,1.8017111139717394,0.32149485151983276,,-0.004258288912931796,-0.01324527871224434,STABLE
0.05,0.32,1.8671012727425385,0.3183525634372025,,-0.0037325424540258015,-0.011724555988260716,STABLE
0.05,0.33,1.9331396900040936,0.31524549953232694,,-0.0032122025082151873,-0.01018952693370898,STABLE
0.05,0.34,1.9998307857985695,0.31218894439756334,,-0.00269984738105062,-0.0086481197668949,STABLE
0.05,0.35,2.0671754137217295,0.3091987769842467,,-0.002198164370053974,-0.007109227246930435,STABLE
0.05,0.36,2.1351704501823887,0.3062913887698445,,-0.0017099360666523067,-0.00558271022087793,STABLE
0.05,0.37,2.203808388069022,0.30348357855627817,,-0.0012380224909045786,-0.004079372257286728,STABLE
0.05,0.38,2.2730769483759166,0.30079242218121666,,-0.0007853387369781707,-0.002610899341423675,STABLE
0.05,0.39,2.342958725817219,0.29823511614227727,,-0.00035482793452621883,-0.0011897590703468439,STABLE
0.05,0.4,2.4134308865959695,0.29582879511736937,,5.0570493523463773e-05,0.00017094513569377196,STABLE
0.05,0.41000000000000003,2.4844649380599653,0.29359032461117424,,0.0004279570728700441,0.0014576674944476553,STABLE
0.05,0.42000000000000004,2.5560265905958928,0.29153607144084004,,0.0007745125488443014,0.002656661129500983,STABLE
0.05,0.43000000000000005,2.6280757314954757,0.28968165642705834,,0.0010875414177929112,0.0037542640124565616,STABLE
0.05,0.44,2.7005665284128084,0.2880416953745236,,0.0013645176394817351,0.004737222636144858,STABLE
0.05,0.45,2.773447676224726,0.2866295360663218,,0.0016031311536845068,0.005593042418746288,STABLE
0.05,0.46,2.8466627956045625,0.2854570003883605,,0.0018013335709279321,0.006310349959809153,STABLE
0.05,0.47000000000000003,2.920150984598536,0.2845341416606399,,0.0019573812314839984,0.0068792490773164966,STABLE
0.05,0.48000000000000004,2.993847516358253,0.28386902761329136,,0.0020698737588339803,0.00729165057645431,STABLE
0.05,0.49,3.06768466754907,0.2834675590801389,,0.0021377862971176213,0.007541555386636852,STABLE
0.05,0.5,3.141592653589793,0.2833333333333333,,0.0021604938271604945,0.007625272331154687,STABLE
0.055,0.2,1.1088700343687958,0.3574410952556195,,-0.010250691953016915,-0.02867798943399684,STABLE
0.055,0.21000000000000002,1.1676330491104663,0.35448464397062307,,-0.009761293087587955,-0.02753657528927232,STABLE
0.055,0.22,1.2268927317830354,0.3514302375134551,,-0.009255235078370201,-0.026335909920146953,STABLE
0.055,0.23,1.2866741171396021,0.34828578101840785,,-0.00873378451876826,-0.025076488891479197,STABLE
0.055,0.24000000000000002,1.3470019625445928,0.34505985587420823,,-0.00819832361995036,-0.023759134771501975,STABLE
0.055,0.25,1.4079005960034525,0.34176176016088794,,-0.0076503578326837796,-0.022385060953227457,STABLE
0.055,0.26,1.4693937356101376,0.3384015485602073,,-0.00709152343457525,-0.020955942621265957,STABLE
0.055,0.27,1.5315042773933338,0.33499007065125946,,-0.006523594892817036,-0.01947399479672461,STABLE
0.055,0.28,1.5942540486209362,0.3315390062267112,,-0.005948491762605419,-0.017942057045733418,STABLE
0.055,0.29000000000000004,1.6576635239159028,0.3280608959493618,,-0.005368284824068473,-0.016363683969506385,STABLE
0.055,0.30000000000000004,1.721751502016859,0.3245691653215935,,-0.004785201097270397,-0.014743239988706464,STABLE
0.055,0.31,1.7865347418089434,0.3210781395679081,,-0.004201627306669645,-0.013085996176270355,STABLE
0.055,0.32,1.852027557397828,0.3176030466497076,,-0.0036201112962492726,-0.011398225975590166,STABLE
0.055,0.33,1.91824137354431,0.3141600052666255,,-0.0030433608288546726,-0.00968729557497872,STABLE
0.055,0.34,1.9851842448431143,0.31076599438019803,,-0.002474239143472529,-0.007961743524761238,STABLE
0.055,0.35,2.0528603445701252,0.3074388005719285,,-0.0019157566010329877,-0.006231342945227164,STABLE
0.055,0.36,2.1212694322000174,0.30419693947120696,,-0.0013710577323062807,-0.00450713848301572,STABLE
0.055,0.37,2.190406312156577,0.3010595476243702,,-0.0008434030224761848,-0.0028014491788464807,STABLE
0.055,0.38,2.2602603002386266,0.2980462415967795,,-0.00033614483923700517,-0.0011278278076452596,STABLE
0.055,0.39,2.3308147181907826,0.29517694187262083,,0.00014730295283347608,0.0004990327222003758,STABLE
0.055,0.4,2.4020464407333453,0.2924716603002644,,0.0006035019385711044,0.0020634544145286503,STABLE
0.055,0.41000000000000003,2.4739255225695,0.28995025145764375,,0.001029032615146094,0.0035489971468309497,STABLE
0.055,0.42000000000000004,2.5464149349865557,0.2876321303702949,,0.0014205439577500225,0.004938752690532965,STABLE
0.055,0.43000000000000005,2.6194704420520103,0.2855359614384387,,0.0017748082372274511,0.00621570827116324,STABLE
0.055,0.44,2.6930406445611936,0.28367932607968993,,0.0020887797596930956,0.0073631723134675135,STABLE
0.055,0.45,2.7670672153907834,0.28207837925890705,,0.0023596557150965558,0.008365248415337546,STABLE
0.055,0.46,2.8414853425616786,0.2807475074794735,,0.0025849368848436583,0.009207336898735076,STABLE
0.055,0.47000000000000003,2.9162243862611694,0.27969900263519926,,0.0027624856253051417,0.009876637382608569,STABLE
0.055,0.48000000000000004,2.9912087438533517,0.2789427670568308,,0.0028905783711646858,0.010362621700729633,STABLE
0.055,0.49,3.066358903489344,0.278486064876322,,0.0029679499367148664,0.0106574450611486,STABLE
0.055,0.5,3.141592653589793,0.2783333333333333,,0.0029938271604938275,0.010756265247283214,STABLE
0.06,0.2,1.0964356470178738,0.36026436652632354,,-0.010731738440258353,-0.029788509320902306,STABLE
0.06,0.21000000000000002,1.1547418344006928,0.357080240726172,,-0.010205083177082129,-0.028579243579338588,STABLE
0.06,0.22,1.2135748672801299,0.35378662612205225,,-0.009659803739252069,-0.02730403872281919,STABLE
0.06,0.23,1.2729627232531395,0.3503915419186273,,-0.009097175610778491,-0.02596288586466839,STABLE
0.06,0.24000000000000002,1.3329333193699273,0.3469037432659293,,-0.008518599777852708,-0.02455609068283395,STABLE
0.06,0.25,1.3935143637107996,0.3433327736375553,,-0.007925612477126013,-0.02308434581748613,STABLE
0.06,0.26,1.454733174177661,0.3396890181671269,,-0.007319895183339874,-0.021548813155150306,STABLE
0.06,0.27,1.516616460211205,0.3359837568835388,,-0.006703284653582516,-0.019951216439031777,STABLE
0.06,0.28,1.5791900630138447,0.33222921644795717,,-0.006077782784685576,-0.01829394431250343,STABLE
0.06,0.29000000000000004,1.6424786499141748,0.3284386185953396,,-0.005445565967944932,-0.01658016341450476,STABLE
0.06,0.30000000000000004,1.7065053588073351,0.32462622302075916,,-0.0048089935414295576,-0.014813940465684537,STABLE
0.06,0.31,1.7712913892404298,0.3208073619305083,,-0.004170614845352202,-0.013000371376314051,STABLE
0.06,0.32,1.836855537781805,0.3169984629126094,,-0.0035331742825264055,-0.011145714241208911,STABLE
0.06,0.33,1.9032136769405386,0.31321705619373413,,-0.002899613677848536,-0.009257521646761913,STABLE
0.06,0.34,1.9703781791966688,0.3094817617773792,,-0.002273071124769105,-0.007344766010490152,STABLE
0.06,0.35,2.0383572907617626,0.3058122514563842,,-0.0016568754127360644,-0.005417949754613976,STABLE
0.06,0.36,2.107154463602811,0.3022291803348832,,-0.001054535060870625,-0.003489190089792633,STABLE
0.06,0.37,2.1767676590070892,0.29875408237679535,,-0.00046972095714911677,-0.0015722662378775268,STABLE
0.06,0.38,2.247188641503808,0.2954092247297384,,9.375836088970173e-05,0.0003173846753617075,STABLE
0.06,0.39,2.3184022879876593,0.2922174162807877,,0.0006319896253573683,0.0021627377087958997,STABLE
0.06,0.4,2.3903859431299477,0.2892017671968317,,0.001140996569488575,0.0039453305577901564,STABLE
0.06,0.41000000000000003,2.463108857899898,0.28638539818647635,,0.0016167907296509392,0.005645506858552145,STABLE
0.06,0.42000000000000004,2.5365317525705953,0.2837911009282338,,0.002055431090220617,0.0072427609022891895,STABLE
0.06,0.43000000000000005,2.6106065479810185,0.2814409544988434,,0.002453091732988192,0.008716186090813849,STABLE
0.06,0.44,2.685276308074467,0.27935590654761694,,0.0028061359456687494,0.01004502099256826,STABLE
0.06,0.45,2.7604754320272926,0.27755533210376493,,0.0031111944935824144,0.011209276615227427,STABLE
0.06,0.46,2.8361301249834883,0.2760565868536845,,0.0033652450407184605,0.012190417475899995,STABLE
0.06,0.47000000000000003,2.912159162531953,0.2748745749617875,,0.003565689116088032,0.012972058680158856,STABLE
0.06,0.48000000000000004,2.9884749462387594,0.2740213534813053,,0.003710422658679151,0.013540633281093143,STABLE
0.06,0.49,3.064984827178887,0.2735057956254775,,0.003797896127967848,0.013885980438851322,STABLE
0.06,0.5,3.141592653589793,0.2733333333333333,,0.0038271604938271606,0.014001806684733515,STABLE
0.065,0.2,1.0841778384391558,0.36317927679901146,,-0.011228738160003684,-0.030917893385799724,STABLE
0.065,0.21000000000000002,1.1420179609202943,0.3597747810718945,,-0.010666111415982569,-0.029646634442259973,STABLE
0.065,0.22,1.2004125935162253,0.35624912320684865,,-0.010082873551752696,-0.02830287261057562,STABLE
0.065,0.23,1.2593926169049854,0.3526103443641008,,-0.009480292867219289,-0.02688603161746742,STABLE
0.065,0.24000000000000002,1.3189890976862952,0.3488672734039268,,-0.00885977159131346,-0.025395823187620715,STABLE
0.065,0.25,1.379233149870401,0.345029591450779,,-0.008222857789550416,-0.023832326250554273,STABLE
0.065,0.26,1.4401557601120232,0.3411078992288532,,-0.0075712578430621085,-0.02219607889520748,STABLE
0.065,0.27,1.5017875710442485,0.3371137862311425,,-0.006906849340420595,-0.020488184175549866,STABLE
0.065,0.28,1.5641586166457322,0.3330599003970155,,-0.006231694154236702,-0.01871043060665175,STABLE
0.065,0.29000000000000004,1.62729800330912,0.32896001649647383,,-0.005548051388696711,-0.01686542774342359,STABLE
0.065,0.30000000000000004,1.6912335302469772,0.3248291008449607,,-0.004858389780420555,-0.014956756546081258,STABLE
0.065,0.31,1.7559912431962317,0.3206833692971486,,-0.004165399012480275,-0.012989133242580386,STABLE
0.065,0.32,1.8215949162043603,0.31654033469651305,,-0.0034719992608626495,-0.010968584032715677,STABLE
0.065,0.33,1.8880654577718459,0.3124188391071156,,-0.00278134813709348,-0.008902626182987225,STABLE
0.065,0.34,1.955420239974103,0.30833906526065946,,-0.0020968440264875197,-0.006800448800462304,STABLE
0.065,0.35,2.0236723525992812,0.3043225207749656,,-0.0014221246591718886,-0.004673083857055368,STABLE
0.065,0.36,2.0928297889678866,0.30039198793148486,,-0.0007610596072180944,-0.002533554947516381,STABLE
0.065,0.37,2.162894576123006,0.29657143126197516,,-0.00011773529810170842,-0.0003969879957780135,STABLE
0.065,0.38,2.2338618694223937,0.2928858550545695,,0.0005035688974229513,0.0017193349857374577,STABLE
0.065,0.39,2.3057190401483734,0.2893611033351855,,0.00109841487180135,0.003796000426943996,STABLE
0.065,0.4,2.3784447940923337,0.2860235961235833,,0.0016622514330122639,0.005811588468715177,STABLE
0.065,0.41000000000000003,2.4520083684613736,0.2828999979981108,,0.002190472157185947,0.007742920370047423,STABLE
0.065,0.42000000000000004,2.5263688627937655,0.280016818369208,,0.0026784855929743666,0.009565445420648726,STABLE
0.065,0.43000000000000005,2.6014747654416643,0.2773999473867556,,0.003121797154490897,0.011253777024472307,STABLE
0.065,0.44,2.6772637389456695,0.2750741369467493,,0.0035161010386000613,0.012782375971902918,STABLE
0.065,0.45,2.7536627236714133,0.2730624424526181,,0.0038573793807294907,0.014126363721363198,STABLE
0.065,0.46,2.8305884081400956,0.2713856472177502,,0.004142004731246353,0.015262431059675589,STABLE
0.065,0.47000000000000003,2.907948096039306,0.2700616968500772,,0.004366840940414218,0.016169790056671525,STABLE
0.065,0.48000000000000004,2.9856409745950407,0.2691051747051403,,0.00452933685364998,0.016831102778357174,STABLE
0.065,0.49,3.0635597587347427,0.2685268506515981,,0.0046276070006543435,0.017233312011164435,STABLE
0.065,0.5,3.141592653589793,0.2683333333333333,,0.0046604938271604945,0.017368299976995634,STABLE
0.07,0.2,1.0720975192905053,0.3661827129770604,,-0.011741135580422174,-0.03206359875638832,STABLE
0.07,0.21000000000000002,1.1294634520027749,0.3625651503216439,,-0.011143821375276036,-0.03073605216990649,STABLE
0.07,0.22,1.1874090997951456,0.35881467153269925,,-0.0105238976719328,-0.029329619179113593,STABLE
0.07,0.23,1.2459681805567573,0.3549392534151044,,-0.009882610569320388,-0.02784310406423995,STABLE
0.07,0.24000000000000002,1.3051748695515772,0.350947703371062,,-0.009221346905125384,-0.026275558485064434,STABLE
0.07,0.25,1.365063677244325,0.3468497360420411,,-0.008541648291996114,-0.024626365265449687,STABLE
0.07,0.26,1.425669288368058,0.34265605481565514,,-0.007845226106549131,-0.022895337748430476,STABLE
0.07,0.27,1.4870263552093121,0.3383784374814614,,-0.007133977314743034,-0.021082836624700358,STABLE
0.07,0.28,1.5491692373215626,0.33402982490100835,,-0.0064100009425902375,-0.01918990600462063,STABLE
0.07,0.29000000000000004,1.6121316791889226,0.32962441102186846,,-0.005675614905240833,-0.01721843017525875,STABLE
0.07,0.30000000000000004,1.6759464168532072,0.3251777318942377,,-0.0049333727866904716,-0.015171311879052728,STABLE
0.07,0.31,1.7406447043701503,0.3207067505237327,,-0.00418608001326166,-0.013052671970345335,STABLE
0.07,0.32,1.806255751313088,0.3162299334095961,,-0.003436808685372538,-0.010868068839394212,STABLE
0.07,0.33,1.872806063620846,0.3117673134784695,,-0.0026889101245908056,-0.008624733922841146,STABLE
0.07,0.34,1.9403186822417793,0.3073405328511155,,-0.0019460239600976367,-0.006331816835367907,STABLE
0.07,0.35,2.0088123174729007,0.3029728575354416,,-0.0012120823315584829,-0.004000630094122191,STABLE
0.07,0.36,2.078300382047443,0.29868915481700364,,-0.0004913075406571729,-0.0016448790748970438,STABLE
0.07,0.37,2.148789933142429,0.2945158229726069,,0.00021179873087886353,0.0007191421117586713,STABLE
0.07,0.38,2.2202805427920094,0.29048066217616714,,0.000892476664535054,0.003072413350510044,STABLE
0.07,0.39,2.29276312761675,0.28661267538119983,,0.0015457420626547671,0.0053931392273523955,STABLE
0.07,0.4,2.366218782082736,0.2829417888750666,,0.0021664345194884103,0.007656820606464048,STABLE
0.07,0.41000000000000003,2.440617673749587,0.27949848446235626,,0.0027492815058315274,0.009836480906578259,STABLE
0.07,0.42000000000000004,2.515918072829447,0.27631333915297135,,0.0032889791676509266,0.011903077780222896,STABLE
0.07,0.43000000000000005,2.5920655997874325,0.2734164739877518,,0.0037802896039240614,0.013826122284399755,STABLE
0.07,0.44,2.668992781121709,0.2708369211744709,,0.004218153027341415,0.015574512548176975,STABLE
0.07,0.45,2.7466190020724732,0.26860192762954954,,0.0045978115951303515,0.017117567381986783,STABLE
0.07,0.46,2.8248509333371667,0.26673622250722306,,0.0049149399740328935,0.018426218710883183,STABLE
0.07,0.47000000000000003,2.9035834854083715,0.2652612851196705,,0.005165776096455073,0.01947429340894799,STABLE
0.07,0.48000000000000004,2.9827013091647374,0.26419465629610994,,0.005347244349389299,0.020239789950164986,STABLE
0.07,0.49,3.0620808173615504,0.2635493391611397,,0.005457062893935244,0.020706038995600286,STABLE
0.07,0.5,3.141592653589793,0.2633333333333333,,0.005493827160493829,0.020862634786685427,STABLE
0.075,0.2,1.0601952536810955,0.3692716010615622,,-0.012268382337327952,-0.03322319480311907,STABLE
0.075,0.21000000000000002,1.11707994143653,0.3654482482870932,,-0.011637659387587797,-0.03184489032889096,STABLE
0.075,0.22,1.1745671542126617,0.3614801997467723,,-0.010982326883047835,-0.030381544800354994,STABLE
0.075,0.23,1.2326933583121342,0.3573752879584409,,-0.010303594864067964,-0.02883130202686585,STABLE
0.075,0.24000000000000002,1.291495769040387,0.3531422094289968,,-0.009602819192157344,-0.027192499043612903,STABLE
0.075,0.25,1.3510122511644738,0.3487906129312634,,-0.008881517624138491,-0.025463751875365932,STABLE
0.075,0.26,1.4112811792361726,0.34433119496022624,,-0.008141387258687327,-0.023644059492279636,STABLE
0.075,0.27,1.4723412494751509,0.339775801973739,,-0.007384323298950252,-0.02173292876083324,STABLE
0.075,0.28,1.5342312336987503,0.3351375386001058,,-0.006612439000177633,-0.0197305232585949,STABLE
0.075,0.29000000000000004,1.596989664586347,0.3304308804273986,,-0.005828086570223472,-0.017637838699231394,STABLE
0.075,0.30000000000000004,1.66065444047627,0.3256717892459815,,-0.005033878657588917,-0.015456907303035707,STABLE
0.075,0.31,1.7252623370616866,0.3208778276650872,,-0.00423270989055201,-0.013191032616220077,STABLE
0.075,0.32,1.7908484129909492,0.31606826883892697,,-0.003427777716602048,-0.010845054864868114,STABLE
0.075,0.33,1.8574452967758834,0.3112641956008573,,-0.002622601530525344,-0.008425644733930076,STABLE
0.075,0.34,1.9250823439422988,0.30648858161937637,,-0.0018210387724104736,-0.0059416202808886195,STABLE
0.075,0.35,1.99378465648031,0.30176634529573715,,-0.0010272963301600723,-0.0034042773363388186,STABLE
0.075,0.36,2.063571961896644,0.2971243651111035,,-0.00024593521099951454,-0.0008277180866925947,STABLE
0.075,0.37,2.1344573570896115,0.29259144316674945,,0.0005181339173827316,0.0017708443957721765,STABLE
0.075,0.38,2.2064459333514166,0.28819820200410745,,0.0012596670260102579,0.004370835824965712,STABLE
0.075,0.39,2.279533313333708,0.2839768988135826,,0.001973117763987392,0.006948162939418006,STABLE
0.075,0.4,2.353704148700212,0.2799611413216172,,0.00265268611978788,0.009475193976082898,STABLE
0.075,0.41000000000000003,2.428930647659078,0.27618549154796024,,0.0032923872568508318,0.011920927628738606,STABLE
0.075,0.42000000000000004,2.5051712229997602,0.27268494781946423,,0.003886142330570025,0.014251400239161395,STABLE
0.075,0.43000000000000005,2.5823693709381597,0.2694943023687115,,0.00442789184802626,0.016430372772661413,STABLE
0.075,0.44,2.6604529052265233,0.26664738169695745,,0.004911730354340413,0.018420320961270695,STABLE
0.075,0.45,2.7393336750961015,0.264176189304171,,0.00533205897968628,0.02018372281669555,STABLE
0.075,0.46,2.818907885172863,0.26210998437069116,,0.005683749841614494,0.02168459875826861,STABLE
0.075,0.47000000000000003,2.8990571071954934,0.26047434375929207,,0.0059623137870324265,0.022890215216521605,STABLE
0.075,0.48000000000000004,2.9796500263482764,0.25929026592864113,,0.006164060907430868,0.023772820338451385,STABLE
0.075,0.49,3.0605449022915487,0.2585733814225437,,0.006286242141705766,0.02431125008739086,STABLE
0.075,0.5,3.141592653589793,0.2583333333333333,,0.006327160493827161,0.02449223416965353,STABLE
0.08,0.2,1.0484712805585947,0.3724429134513926,,-0.012809938547964079,-0.034394367795202795,STABLE
0.08,0.21000000000000002,1.1048686920438342,0.368420998740173,,-0.012147076253255748,-0.03297064036738691,STABLE
0.08,0.22,1.161889117726051,0.36424263383912164,,-0.011457611664966663,-0.03145598730220925,STABLE
0.08,0.23,1.219571663764904,0.3599154338386694,,-0.010742706138484872,-0.029847861826620765,STABLE
0.08,0.24000000000000002,1.2779564923118631,0.3554479013140214,,-0.010003670141608556,-0.028143843597407507,STABLE
0.08,0.25,1.337084750549244,0.3508495254911996,,-0.009241981221883943,-0.026341723589179435,STABLE
0.08,0.26,1.3969984595153742,0.3461308910556603,,-0.008459303790888441,-0.02443960943528766,STABLE
0.08,0.27,1.4577403532597542,0.3413037966271934,,-0.0076575107468064155,-0.022436054982332133,STABLE
0.08,0.28,1.5193536571946336,0.3363813825273982,,-0.006838706887089188,-0.02033021814616086,STABLE
0.08,0.29000000000000004,1.5818817927498723,0.3313782668998844,,-0.006005253962891861,-0.018122051331465744,STABLE
0.08,0.30000000000000004,1.6453679936150176,0.3263106884681916,,-0.005159797088910207,-0.01581252858474226,STABLE
0.08,0.31,1.7098548171947883,0.32119665317613644,,-0.004305292035800552,-0.013403913126827118,STABLE
0.08,0.32,1.7753835335692154,0.31605608060264817,,-0.0034450326887237193,-0.010900067741632477,STABLE
0.08,0.33,1.8419933736077072,0.31091094432836436,,-0.0025826776453038314,-0.008306808404197478,STABLE
0.08,0.34,1.9097206183826714,0.30578539832479334,,-0.0017222745436148844,-0.005632298183792123,STABLE
0.08,0.35,1.9785975142745058,0.3007058789419426,,-0.0008682802557446051,-0.002887473496692907,STABLE
0.08,0.36,2.0486510029112166,0.29570116924986845,,-2.557456584916541e-05,-8.648787528991749e-05,STABLE
0.08,0.37,2.1199012632231526,0.2908024094983061,,0.0008005355991138804,0.0027528506400444504,STABLE
0.08,0.38,2.1923600753177888,0.28604303458274055,,0.001604324851108312,0.005608683509628501,STABLE
0.08,0.39,2.2660290333750464,0.2814586170989711,,0.0023796748340565096,0.008454794735311761,STABLE
0.08,0.4,2.3408976576928193,0.27708659347977477,,0.003120120643246495,0.01126045329029692,STABLE
0.08,0.41000000000000003,2.4169414839670913,0.27296585166784587,,0.003818922133065946,0.013990475767323967,STABLE
0.08,0.42000000000000004,2.4941202392080273,0.2691361627335826,,0.0044691633794369905,0.016605584823846237,STABLE
0.08,0.43000000000000005,2.5723762450673857,0.26563744668992384,,0.0050638821602401055,0.019063133693462762,STABLE
0.08,0.44,2.6516332155271747,0.26250887507413256,,0.005596229097229655,0.021318247223638738,STABLE
0.08,0.45,2.73179563001432,0.2597878295743819,,0.006059653078634999,0.023325392450303416,STABLE
0.08,0.46,2.8127488574170725,0.25750875596777467,,0.006448105951962279,0.02504033669740229,STABLE
0.08,0.47000000000000003,2.894360174658066,0.2557019735307404,,0.006756255672094162,0.02642238375716692,STABLE
0.08,0.48000000000000004,2.9764807622572786,0.2543925183227248,,0.006979693758579308,0.027436710028259564,STABLE
0.08,0.49,3.0589486715300493,0.2535991101110635,,0.007115120827776264,0.02805656859229594,STABLE
0.08,0.5,3.141592653589793,0.2533333333333333,,0.007160493827160494,0.02826510721247564,STABLE
0.085,0.2,1.0369255352182345,0.37569367534260456,,-0.01336527396116611,-0.03557492403612592,STABLE
0.085,0.21000000000000002,1.0928306150836924,0.37148035796270634,,-0.012671528780343819,-0.0341108984869018,STABLE
0.085,0.22,1.149376959797122,0.36709890775521237,,-0.01194920410903035,-0.03255036682647467,STABLE
0.085,0.23,1.2066061901889409,0.36255665629307093,,-0.011199401266655166,-0.030890072137035002,STABLE
0.085,0.24000000000000002,1.264561300696416,0.35786183608344907,,-0.010423372164615129,-0.029126805693202012,STABLE
0.085,0.25,1.3232866224535138,0.3530236896107738,,-0.009622538974629087,-0.02725748797549087,STABLE
0.085,0.26,1.3828277474677482,0.34805259055945287,,-0.008798516069925164,-0.025279271893315327,STABLE
0.085,0.27,1.4432314034857014,0.34296017774580956,,-0.007953134353814237,-0.023189672941296497,STABLE
0.085,0.28,1.5045452670081432,0.337759501948429,,-0.0070884680316560325,-0.020986731656000426,STABLE
0.085,0.29000000000000004,1.5668176995162386,0.33246518530461505,,-0.006206863791044857,-0.01866921429790591,STABLE
0.085,0.30000000000000004,1.630097389374074,0.3270935921785043,,-0.00531097222031347,-0.016236858034856035,STABLE
0.085,0.31,1.6944328791958623,0.32166300933307573,,-0.004403781104185465,-0.013690666866905532,STABLE
0.085,0.32,1.7598719559473255,0.3161938317713103,,-0.003488649972320981,-0.011033263845716557,STABLE
0.085,0.33,1.8264608789989054,0.31070874866883275,,-0.0025693449262539324,-0.0082693034465935,STABLE
0.085,0.34,1.894243420331857,0.30523292131969587,,-0.0016500723173857156,-0.005405944778995374,STABLE
0.085,0.35,1.9632596918294738,0.29979414190906134,,-0.0007355092835885519,-0.0024533811064649125,STABLE
0.085,0.36,2.0335447380670124,0.294422958217147,,0.00016917152522819465,0.0005745867314580301,STABLE
0.085,0.37,2.105126880515046,0.2891527451566426,,0.0010582864727201023,0.00365995651241975,STABLE
0.085,0.38,2.1780258120269473,0.2840196996259017,,0.0019256389677202966,0.006779948610102271,STABLE
0.085,0.39,2.2522504603674625,0.27906273103077583,,0.002764536024012649,0.009906503866715788,STABLE
0.085,0.4,2.327796667529196,0.2743232167972942,,0.003567828943667098,0.013005931416674351,STABLE
0.085,0.41000000000000003,2.404644768026879,0.2698445914073665,,0.004327983890453455,0.01603880169649124,STABLE
0.085,0.42000000000000004,2.4827571929208867,0.26567174037962793,,0.005037187625525516,0.01896019357695966,STABLE
0.085,0.43000000000000005,2.562076273452637,0.2618501787294185,,0.005687492234561101,0.021720406158050556,STABLE
0.085,0.44,2.6425224620118364,0.2584250080848417,,0.006271000041675475,0.02426622751470201,STABLE
0.085,0.45,2.7239932187864464,0.25543966830837733,,0.006780085985283824,0.02654280766250692,STABLE
0.085,0.46,2.806362817686775,0.25293452721132104,,0.007207649695652693,0.028496108361002314,STABLE
0.085,0.47000000000000003,2.8894832931278227,0.25094538275501754,,0.0075473839054873764,0.030075803039800977,STABLE
0.085,0.48000000000000004,2.9731866724263103,0.24950198085215614,,0.007794040581785645,0.03123839159579278,STABLE
0.085,0.49,3.057288518116558,0.24862667184556983,,0.007943672506003824,0.031950202474406685,STABLE
0.085,0.5,3.141592653589793,0.2483333333333333,,0.007993827160493829,0.032189908028834216,STABLE
0.09,0.2,1.0255576707208587,0.3790209702652945,,-0.013933868950910082,-0.03676279162379093,STABLE
0.09,0.21000000000000002,1.0809662901993982,0.37462332239579715,,-0.013210481160958312,-0.03526337088805478,STABLE
0.09,0.22,1.1370322753130255,0.37004597313745125,,-0.01245655967425519,-0.03366219491227453,STABLE
0.09,0.23,1.1937996227588012,0.3652959116274551,,-0.011673135718124417,-0.03195528706061511,STABLE
0.09,0.24000000000000002,1.2513140265397449,0.36038103140570854,,-0.010861390797814214,-0.03013863064725711,STABLE
0.09,0.25,1.3096228799717897,0.35531024810001977,,-0.01002267783438747,-0.02820824304388228,STABLE
0.09,0.26,1.3687752414927001,0.3500936318255107,,-0.009158545028729393,-0.026160273127430324,STABLE
0.09,0.27,1.428821753216035,0.3447425554056352,,-0.00827076267216158,-0.023991127705223207,STABLE
0.09,0.28,1.4898144985607764,0.33926985927475695,,-0.007361353083123454,-0.021697633555953104,STABLE
0.09,0.29000000000000004,1.551806782277087,0.33369003348681153,,-0.006432623774675871,-0.019277242737698094,STABLE
0.09,0.30000000000000004,1.6148528127170396,0.32801941656499656,,-0.005487203837115269,-0.016728289729239208,STABLE
0.09,0.31,1.6790072624394812,0.32227640988446055,,-0.004528083335545379,-0.014050309599665531,STABLE
0.09,0.32,1.7443246792892182,0.3164817047778347,,-0.003558655254368243,-0.011244426457024946,STABLE
0.09,0.33,1.8108587163263248,0.31065851745904155,,-0.002582759144693017,-0.008313820479857077,STABLE
0.09,0.34,1.878661145930552,0.30483282403696194,,-0.0016047251210726653,-0.005264279285350476,STABLE
0.09,0.35,1.9477806219139555,0.2990335842087226,,-0.0006294161865439454,-0.0021048344392803012,STABLE
0.09,0.36,2.0182611547601073,0.2932929375995628,,0.00033773397653416,0.0011515244086622814,STABLE
0.09,0.37,2.090140270826558,0.2876463511715899,,0.0012906916257295145,0.004487078040352326,STABLE
0.09,0.38,2.16344683859053,0.28213268986265355,,0.002222807013156726,0.007878587249988018,STABLE
0.09,0.39,2.2381985661822763,0.27679417614212065,,0.0031268180960724716,0.011296545829298803,STABLE
0.09,0.4,2.3143992068825083,0.27167619841031876,,0.003994881197532985,0.014704568235673796,STABLE
0.09,0.41000000000000003,2.392035554577773,0.26682692458543017,,0.004818636596887994,0.01805903435110503,STABLE
0.09,0.42000000000000004,2.47107436918468,0.2622966778431019,,0.005589316957587266,0.021309141250087163,STABLE
0.09,0.43000000000000005,2.551459439382924,0.2581370387441341,,0.006297905221501695,0.02439752641520069,STABLE
0.09,0.44,2.6331090585578663,0.254399654329744,,0.006935345667972342,0.027261615925715795,STABLE
0.09,0.45,2.715914246051311,0.2511347617815777,,0.007492806953999052,0.029835801706001405,STABLE
0.09,0.46,2.7997380711671163,0.24838947159228136,,0.007961989174420937,0.03205445514007186,STABLE
0.09,0.47000000000000003,2.8844164117776603,0.2462058994360362,,0.008335458927620708,0.033855642560613144,STABLE
0.09,0.48000000000000004,2.9697603872350413,0.24461927992444377,,0.008606988342130804,0.03518524110114815,STABLE
0.09,0.49,3.0555605435453983,0.2436562289490256,,0.008771867879576522,0.03600099992277091,STABLE
0.09,0.5,3.141592653589793,0.24333333333333332,,0.00882716049382716,0.036276002029426685,STABLE
0.095,0.2,1.0143670790450692,0.3824219448015302,,-0.01451521536123459,-0.037956020982968734,STABLE
0.095,0.21000000000000002,1.0692759856791814,0.37784693541052317,,-0.013763406187862579,-0.03642587751283178,STABLE
0.095,0.22,1.1248563025008453,0.37308080818717293,,-0.012979138783410097,-0.03478908187874012,STABLE
0.095,0.23,1.1811542525091943,0.3681301580858126,,-0.012163365519205957,-0.03304093742944751,STABLE
0.095,0.24000000000000002,1.238218081524095,0.36300247820518233,,-0.0113171869887473,-0.031176610817379626,STABLE
0.095,0.25,1.2960981032781669,0.35770628470514876,,-0.010441874352895342,-0.029191196239401838,STABLE
0.095,0.26,1.3548467124307788,0.3522512588949594,,-0.009538894848345523,-0.02707980342858051,STABLE
0.095,0.27,1.4145183541144406,0.3466484082330771,,-0.00860994079531908,-0.024837675843386496,STABLE
0.095,0.28,1.4751694355900944,0.3409102478565396,,-0.007656962422791374,-0.02246034688289436,STABLE
0.095,0.29000000000000004,1.5368581619634527,0.3350510039560551,,-0.006682204780000194,-0.01994384347786233,STABLE
0.095,0.30000000000000004,1.5996442736070928,0.32908683975267566,,-0.005688248907099809,-0.01728494798325815,STABLE
0.095,0.31,1.6635886579766173,0.32303610390045384,,-0.004678057275096542,-0.01448153075960241,STABLE
0.095,0.32,1.7287528030211319,0.3169195996931693,,-0.0036550232492473834,-0.011532966887456792,STABLE
0.095,0.33,1.795198053598735,0.31076087131781616,,-0.0026230239488547985,-0.00844065064475966,STABLE
0.095,0.34,1.8629846267488437,0.3045865003634136,,-0.001586475331073041,-0.005208619978824267,STABLE
0.095,0.35,1.9321703372286902,0.2984264016361935,,-0.0005503875751284871,-0.001844299204463334,STABLE
0.095,0.36,2.0028089827451163,0.2923141018472614,,0.0004795821522006807,0.0016406398089246809,STABLE
0.095,0.37,2.0749483408583917,0.2862869777994722,,0.0014970837337509035,0.005229311319914543,STABLE
0.095,0.38,2.148627739381613,0.280386422368766,,0.0024950406504006227,0.0088985787161945,STABLE
0.095,0.39,2.2238751827456826,0.2746578972583313,,0.0034656364622892657,0.012618011340229692,STABLE
0.095,0.4,2.300704052193884,0.26915082215691366,,0.004400330373677391,0.016348939001613078,STABLE
0.095,0.41000000000000003,2.3791094514042177,0.2639182422885698,,0.005289912463723487,0.020043754527356485,STABLE
0.095,0.42000000000000004,2.4590643430702483,0.25901621307590633,,0.006124609811338725,0.023645661939871963,STABLE
0.095,0.43000000000000005,2.540515714048305,0.2545028453368734,,0.006894253946780629,0.027089103611612007,STABLE
0.095,0.44,2.6233811083135232,0.2504369711423829,,0.007588517082495627,0.030301105495247616,STABLE
0.095,0.45,2.707545960716671,0.24687642262325454,,0.00819721877384087,0.033203732809877214,STABLE
0.095,0.46,2.792862223719241,0.24387596473250672,,0.00871069582458264,0.03571772984737095,STABLE
0.095,0.47000000000000003,2.87914877155931,0.24148498489812137,,0.00912021698179715,0.03776722178252541,STABLE
0.095,0.48000000000000004,2.9661939625344043,0.23974510825203638,,0.009418411966028153,0.039285105897246826,STABLE
0.095,0.49,3.0537605279619364,0.23868796147009735,,0.009599674432594666,0.04021851111999759,STABLE
0.095,0.5,3.141592653589793,0.2383333333333333,,0.009660493827160494,0.04053354053354054,STABLE
0.1,0.2,1.0033529118107771,0.3858938125333169,,-0.015108817211504455,-0.039152784317317876,STABLE
0.1,0.21000000000000002,1.0577596788135215,0.3811482932305299,,-0.014329786317030857,-0.03759635441516663,STABLE
0.1,0.22,1.1128499415720128,0.3762004256510078,,-0.013516408259768756,-0.03592874260144407,STABLE
0.1,0.23,1.168671991738495,0.3710563658832774,,-0.012669549061727852,-0.03414454036267173,STABLE
0.1,0.24000000000000002,1.2252764671781546,0.3657231525904362,,-0.011790219250198712,-0.032238099137798557,STABLE
0.1,0.25,1.2827164435561662,0.36020883761945965,,-0.010879597125954285,-0.030203581893923342,STABLE
0.1,0.26,1.3410474993218375,0.3545226360924601,,-0.00993905560315885,-0.02803503808023905,STABLE
0.1,0.27,1.4003277427133944,0.34867509838846195,,-0.008970193078439196,-0.025726509062156844,STABLE
0.1,0.28,1.460617786055121,0.3426783064547295,,-0.007974868797214627,-0.023272172900936666,STABLE
0.1,0.29000000000000004,1.5219806484166305,0.33654609676445063,,-0.0069552431692418695,-0.020666539401613858,STABLE
0.1,0.30000000000000004,1.5844815625936166,0.33029431186832914,,-0.005913823425295863,-0.01790470865769372,STABLE
0.1,0.31,1.6481876562470088,0.32394108174799924,,-0.004853514880532368,-0.014982708751673622,STABLE
0.1,0.32,1.7131674698950732,0.31750713489959553,,-0.0037776778463868483,-0.011897930569596345,STABLE
0.1,0.33,1.7794902664439494,0.3110161370321133,,-0.0026901898707462246,-0.008649679390971457,STABLE
0.1,0.34,1.8472250784659263,0.30449505217604306,,-0.0015955124337926677,-0.005239863250290931,STABLE
0.1,0.35,1.9164394313100306,0.2979745165286549,,-0.0004987604224941956,-0.0016738358310121864,STABLE
0.1,0.36,1.9871976737985826,0.2914892091518362,,0.0005942284170827837,0.0020385949065210547,STABLE
0.1,0.37,2.0595588460326475,0.2850781953611714,,0.0016768283549848037,0.0058819944221282705,STABLE
0.1,0.38,2.1335740191733836,0.27878520812697216,,0.0027415711051584925,0.009833990560610552,STABLE
0.1,0.39,2.2092830596740196,0.2726588202364049,,0.0037801103349636455,0.01386388429204731,STABLE
0.1,0.4,2.286710806262114,0.2667524461721179,,0.004783216326121764,0.017931293207468724,STABLE
0.1,0.41000000000000003,2.3658627083717385,0.26112409951799076,,0.0057408142958769994,0.02198500370694997,STABLE
0.1,0.42000000000000004,2.4467200648224865,0.25583582250132814,,0.006642081625619117,0.025962281437677225,STABLE
0.1,0.43000000000000005,2.529235122343517,0.2509527039368388,,0.00747561938454162,0.029788957310550146,STABLE
0.1,0.44,2.6133264375181984,0.24654141658388679,,0.008229710935206507,0.03338064268972963,STABLE
0.1,0.45,2.698875052196209,0.2426682410595397,,0.008892673906390853,0.03664539647859811,STABLE
0.1,0.46,2.785722144858101,0.2393966048144417,,0.009453300698134976,0.039488031609564,STABLE
0.1,0.47000000000000003,2.8736688491407887,0.2367842491356314,,0.009901367317952445,0.04181598798947511,STABLE
0.1,0.48000000000000004,2.962478824914608,0.23488023315485257,,0.010228172828030261,0.043546332914643354,STABLE
0.1,0.49,3.051883896666543,0.23372206951063015,,0.010427056005761834,0.04461305698513674,STABLE
0.1,0.5,3.141592653589793,0.2333333333333333,,0.010493827160493829,0.044973544973544985,STABLE
0.105,0.2,0.9925141004474298,0.38943385727198154,,-0.0157141912714133,-0.040351374124203254,STABLE
0.105,0.21000000000000002,1.0464170761562144,0.3845245500441295,,-0.014909114583053646,-0.03877285489663175,STABLE
0.105,0.22,1.1010137738529857,0.3794018799464383,,-0.01406784260731767,-0.03707900079278385,STABLE
0.105,0.23,1.1563543905755167,0.3740715263862445,,-0.013191148756376253,-0.035263707141280354,STABLE
0.105,0.24000000000000002,1.212491787281133,0.3685400270117948,,-0.012279945673727671,-0.03332052090324143,STABLE
0.105,0.25,1.2694816295571005,0.362814912392863,,-0.011335309127388872,-0.031242677024021493,STABLE
0.105,0.26,1.3273825084422088,0.35690486228699897,,-0.010358505843762677,-0.029023156976306645,STABLE
0.105,0.27,1.3862560304125329,0.3508198865788173,,-0.009351025862496934,-0.026654777052942454,STABLE
0.105,0.28,1.4461668619434747,0.34457153419348957,,-0.008314620037081668,-0.024130316093994877,STABLE
0.105,0.29000000000000004,1.5071827094207877,0.3381731333787345,,-0.007251343329651716,-0.021442694921392905,STABLE
0.105,0.30000000000000004,1.5693742093340564,0.33164006663132845,,-0.006163604535107001,-0.018585222822183438,STABLE
0.105,0.31,1.6328146964518486,0.32499008308115307,,-0.005054222995068472,-0.015551929914754922,STABLE
0.105,0.32,1.6975798089007028,0.3182436501475274,,-0.00392649269167539,-0.012338007969224823,STABLE
0.105,0.33,1.7637468787225816,0.3114243444847979,,-0.002784253796514869,-0.008940385829890641,STABLE
0.105,0.34,1.8313940447812287,0.3045592792831748,,-0.001631971226182516,-0.005358468243107224,STABLE
0.105,0.35,1.9005990124711707,0.29767956043458765,,-0.0004748189398698493,-0.0015950673239931313,STABLE
0.105,0.36,1.9714373729062953,0.29082075737115204,,0.0006812324940767301,0.0023424479746035655,STABLE
0.105,0.37,2.0439803855644536,0.28402336495459163,,0.0018293292447245414,0.006440770269083342,STABLE
0.105,0.38,2.1182921267156036,0.2773332201353951,,0.0029616549650690895,0.010679048704021822,STABLE
0.105,0.39,2.1944259173207925,0.27080182101583256,,0.004069368365634915,0.015027108571020272,STABLE
0.105,0.4,2.2724199766055535,0.2644864769438195,,0.005142570531847257,0.019443604797002943,STABLE
0.105,0.41000000000000003,2.3522923111291787,0.2584501981022888,,0.006170318623720574,0.02387430409814776,STABLE
0.105,0.42000000000000004,2.434034953816778,0.2527612154810667,,0.007140705872531707,0.02825079733431883,STABLE
0.105,0.43000000000000005,2.5176078194925897,0.24749201343585786,,0.00804102946892512,0.032490056375128654,STABLE
0.105,0.44,2.6029326391313603,0.24271776622963512,,0.008858066376705774,0.036495335773340805,STABLE
0.105,0.45,2.6898876525438213,0.23851410740149742,,0.009578470397296906,0.04015892603439679,STABLE
0.105,0.46,2.778303931215935,0.23495423503783058,,0.010189290374151236,0.04336712795370823,STABLE
0.105,0.47000000000000003,2.8679642966738665,0.23210546809860394,,0.010678589042850956,0.04600748586549644,STABLE
0.105,0.48000000000000004,2.9586057109910566,0.2300255060581068,,0.011036117019225961,0.047977796933693626,STABLE
0.105,0.49,3.049925682387646,0.22875877591239385,,0.011253972306407919,0.049195805763175504,STABLE
0.105,0.5,3.141592653589793,0.22833333333333333,,0.01132716049382716,0.04960800216274669,STABLE
0.11,0.2,0.981849375698415,0.39303943562247895,,-0.01633086751550358,-0.04155020090958419,STABLE
0.11,0.21000000000000002,1.0352476335244516,0.3879729223485613,,-0.015500895375221086,-0.03995354954512734,STABLE
0.11,0.22,1.0893480811791942,0.382682273450678,,-0.014632925138896016,-0.03823779190749994,STABLE
0.11,0.23,1.1442026544436597,0.37717266043652936,,-0.013727632530166208,-0.036396149483046356,STABLE
0.11,0.24000000000000002,1.1998662618801788,0.37145008060946294,,-0.01278582579543133,-0.03442138382216198,STABLE
0.11,0.25,1.256396976499079,0.3655214941614978,,-0.011808469918419578,-0.03230581540904476,STABLE
0.11,0.26,1.3138562153740183,0.35939498469577785,,-0.010796715095436013,-0.030041362721227902,STABLE
0.11,0.27,1.3723088970763646,0.3530799469363626,,-0.009751930172418504,-0.027619609261400915,STABLE
0.11,0.28,1.4318235629908933,0.34658730579893715,,-0.008675741826419352,-0.025031908789678346,STABLE
0.11,0.29000000000000004,1.4924724436098986,0.3399297713387496,,-0.007570080343828817,-0.022269542070456134,STABLE
0.11,0.30000000000000004,1.5543314444727798,0.33312213427723886,,-0.006437232890414347,-0.019323942266343066,STABLE
0.11,0.31,1.6174800182079614,0.32618160670199614,,-0.0052799051598335705,-0.016187010706147396,STABLE
0.11,0.32,1.6820008788061926,0.31912821193606083,,-0.004101292191471313,-0.012851550060679156,STABLE
0.11,0.33,1.747979501596514,0.31198522618366104,,-0.002905158910903082,-0.009311847700098652,STABLE
0.11,0.34,1.815503337280602,0.304779671970216,,-0.0016959304920418459,-0.005564447527220836,STABLE
0.11,0.35,1.8846606512159498,0.2975428590311058,,-0.00047879186381906874,-0.001609152595287171,STABLE
0.11,0.36,1.9555388809491134,0.29031096143850105,,0.0007402055479958902,0.0025496989308572628,STABLE
0.11,0.37,2.0282223881293993,0.2831256095067148,,0.0019540336047292398,0.0069016490883100304,STABLE
0.11,0.38,2.1027894696058573,0.27603446045565555,,0.0031545801692508812,0.011428211405356974,STABLE
0.11,0.39,2.179308493730613,0.26909169219125484,,0.0043325547338181085,0.01610066330378858,STABLE
0.11,0.4,2.2578330521185186,0.2623583397798003,,0.005477421482218598,0.02087763433331621,STABLE
0.11,0.41000000000000003,2.338396078490423,0.25590236555724927,,0.006577379574779069,0.02570269157323444,STABLE
0.11,0.42000000000000004,2.421003001211142,0.24979832514019273,,0.007619415753671502,0.030502269178127216,STABLE
0.11,0.43000000000000005,2.505624179340983,0.244126470453428,,0.008589458340436762,0.03518446125273979,STABLE
0.11,0.44,2.5921871277430486,0.2389711293788786,,0.009472662122509405,0.03963935788867157,STABLE
0.11,0.45,2.680569345957358,0.23441823567710995,,0.010253847580209067,0.04374168055053882,STABLE
0.11,0.46,2.7705928713268735,0.2305519682480981,,0.010918102474099032,0.04735636202571911,STABLE
0.11,0.47000000000000003,2.86202187730887,0.2274506031647927,,0.01145152757094923,0.05034731678707556,STABLE
0.11,0.48000000000000004,2.9545645999944297,0.22518187337819057,,0.011842073361941438,0.05258892815965165,STABLE
0.11,0.49,3.047880482703449,0.22379832936703292,,0.012080378341136408,0.053978858445026145,STABLE
0.11,0.5,3.141592653589793,0.22333333333333333,,0.012160493827160494,0.054449972360420124,STABLE
0.115,0.2,0.9713572863747408,0.3967079789368653,,-0.016958389467111132,-0.04274779023239661,STABLE
0.115,0.21000000000000002,1.0242505755945461,0.39149069257310487,,-0.016104645082839177,-0.04113672531265065,STABLE
0.115,0.22,1.0778528653559962,0.3860387619842539,,-0.015211148958057549,-0.039403164801046574,STABLE
0.115,0.23,1.1322176621741766,0.3803568258279183,,-0.01427847516965756,-0.03753968431768713,STABLE
0.115,0.24000000000000002,1.1874017426272996,0.37445030873007756,,-0.0133073223100241,-0.03553828638880007,STABLE
0.115,0.25,1.2434653970284941,0.36832555913483406,,-0.012298537721155753,-0.03339039992240558,STABLE
0.115,0.26,1.30047266986362,0.36199001212503984,,-0.01125314625298412,-0.031086897085704727,STABLE
0.115,0.27,1.3584915880545105,0.3554523816140601,,-0.010172384362174469,-0.028618135334986583,STABLE
0.115,0.28,1.4175943642720015,0.3487228869377859,,-0.009057740488154671,-0.025974035050273663,STABLE
0.115,0.29000000000000004,1.477857557376788,0.3418135194937064,,-0.007911002763262181,-0.0231442067446014,STABLE
0.115,0.30000000000000004,1.5393621652223584,0.33473835560595,,-0.006734315220530983,-0.020118146330558362,STABLE
0.115,0.31,1.6021936160560866,0.3275139221165884,,-0.005530243733366652,-0.016885522598938545,STABLE
0.115,0.32,1.6664416130859014,0.3201596211140178,,-0.0043018529200828425,-0.013436587990435034,STABLE
0.115,0.33,1.7321997719173838,0.3126982193993984,,-0.003052795116878457,-0.009762751840231074,STABLE
0.115,0.34,1.7995649720886624,0.305156406299401,,-0.001787412181059755,-0.005857364106280811,STABLE
0.115,0.35,1.8686363217309407,0.29756541959089455,,-0.0005108502101717321,-0.0017167660505514064,STABLE
0.115,0.36,1.9395136090453393,0.28996173268915315,,0.0007708139169897016,0.0026583298073199024,STABLE
0.115,0.37,2.0122950876828267,0.2823877856655364,,0.002050437175973119,0.007261068927399297,STABLE
0.115,0.38,2.0870744193864925,0.27489272666383935,,0.0033196721032768377,0.012076245681597812,STABLE
0.115,0.39,2.1639365839550724,0.2675331074095157,,0.004568835629789873,0.017077645731510566,STABLE
0.115,0.4,2.242952576349756,0.2603734457222115,,0.0057868007210116505,0.022225003417535524,STABLE
0.115,0.41000000000000003,2.3241727622307686,0.25348652961974927,,0.0069609335348268415,0.02746076308381679,STABLE
0.115,0.42000000000000004,2.4076188809082586,0.24695329503200592,,0.008077106657042124,0.032707021204132165,STABLE
0.115,0.43000000000000005,2.4932748950297747,0.24086207063518206,,0.00911982613608282,0.03786327217080194,STABLE
0.115,0.44,2.5810772073444594,0.23530696422823427,,0.01007251370872545,0.04280584614977944,STABLE
0.115,0.45,2.6709051873681036,0.23038518824194393,,0.010917981603543328,0.047390119507498794,STABLE
0.115,0.46,2.762573412770805,0.22619321386999047,,0.01163912075676003,0.05145654265052298,STABLE
0.115,0.47000000000000003,2.8558273964390914,0.22282182307770626,,0.012219790624784774,0.05484108538382831,STABLE
0.115,0.48000000000000004,2.9503446389007832,0.22035038902266618,,0.012645851129356048,0.05738973815950578,STABLE
0.115,0.49,3.045742411873738,0.2188410080261829,,0.01290622375699843,0.05897534412496531,STABLE
0.115,0.5,3.141592653589793,0.21833333333333332,,0.012993827160493828,0.059513712185467915,STABLE
0.12,0.2,0.9610362172954141,0.4004369947105892,,-0.017596314441525044,-0.04394277919861665,STABLE
0.12,0.21000000000000002,1.013424914974844,0.3950752120301264,,-0.016719892618761726,-0.04232078376379319,STABLE
0.12,0.22,1.0665278675036642,0.38946855952752735,,-0.015802017801689713,-0.0405732822717692,STABLE
0.12,0.23,1.120399984540459,0.383621123953265,,-0.014843159513315515,-0.03869223717493669,STABLE
0.12,0.24000000000000002,1.1750997291806191,0.37753773160089393,,-0.01384390263137461,-0.03666892464674074,STABLE
0.12,0.25,1.230689413951919,0.3712240852952299,,-0.0128049713481257,-0.03449391312511974,STABLE
0.12,0.26,1.2872355031908327,0.3646869275608923,,-0.01172725785621505,-0.03215705573723076,STABLE
0.12,0.27,1.344808914409654,0.3579342349661205,,-0.010611856682849618,-0.029647504055749407,STABLE
0.12,0.28,1.403485307551497,0.3509754494822615,,-0.009460105754427127,-0.026953753512908445,STABLE
0.12,0.29000000000000004,1.4633453458386187,0.3438217536107637,,-0.008273635447605425,-0.024063734655288573,STABLE
0.12,0.30000000000000004,1.5244749049003075,0.33648639693780463,,-0.007054427058414266,-0.02096496952807929,STABLE
0.12,0.31,1.5869651973107128,0.32898508258703113,,-0.005804882281733312,-0.017644819139170737,STABLE
0.12,0.32,1.6509127669506223,0.32133642255823563,,-0.004527905404298009,-0.01409085645582993,STABLE
0.12,0.33,1.716419290810109,0.3135624708685122,,-0.0032269999220644213,-0.010291409916263915,STABLE
0.12,0.34,1.7835911042124681,0.3056893422583859,,-0.0019063811075666962,-0.00623633487998844,STABLE
0.12,0.35,1.8525383382054716,0.29774792125602406,,-0.0005711055413230916,-0.0019180840588707787,STABLE
0.12,0.36,1.9233735249318642,0.28977466051640477,,0.0007727824163894179,0.002666839174316517,STABLE
0.12,0.37,1.996209489225318,0.28181245704969404,,0.002118089080133268,0.007515952638529993,STABLE
0.12,0.38,2.0711563059375884,0.2739115782313502,,0.0034562997030190105,0.01261830451029625,STABLE
0.12,0.39,2.148317070154249,0.26613058399280565,,0.004777406057580314,0.017951360515969343,STABLE
0.12,0.4,2.227782215542685,0.25853715504811015,,0.006069749503216448,0.023477281252232206,STABLE
0.12,0.41000000000000003,2.309622147688955,0.251208688252535,,0.007319904635136821,0.029138739929959228,STABLE
0.12,0.42000000000000004,2.3938780681163605,0.24423246112702685,,0.008512639468788533,0.0348546603080786,STABLE
0.12,0.43000000000000005,2.4805510926022873,0.23770510632204525,,0.00963099944454548,0.04051658625918328,STABLE
0.12,0.44,2.569590153578811,0.23173109144978482,,0.010656571041669278,0.04598679864233286,STABLE
0.12,0.45,2.6608797320971522,0.22641990112218063,,0.011569980825394344,0.05109966380186234,STABLE
0.12,0.46,2.754229133025804,0.2218817072572551,,0.012351669772636352,0.05566781473479255,STABLE
0.12,0.47000000000000003,2.849365628774762,0.21822152866050515,,0.012982943728214501,0.05949433040775972,STABLE
0.12,0.48000000000000004,2.9459340592314103,0.21553222877066547,,0.013447237421266725,0.06239084288213388,STABLE
0.12,0.49,3.0435050462312616,0.2138871237044721,,0.013731452074206322,0.06419952653708633,STABLE
0.12,0.5,3.141592653589793,0.21333333333333332,,0.01382716049382716,0.06481481481481481,STABLE
0.125,0.2,0.9508844063614652,0.40422406747491735,,-0.018244213698088416,-0.0451339125155394,STABLE
0.125,0.21000000000000002,1.0027694706554897,0.3987239032448354,,-0.01734617983042332,-0.04350423862040682,STABLE
0.125,0.22,1.0553725871449606,0.3929689422113321,,-0.016405046750949535,-0.041746420616943246,STABLE
0.125,0.23,1.1087499030063666,0.38696270564851104,,-0.015421177497908759,-0.03985184430645428,STABLE
0.125,0.24000000000000002,1.1629613864089705,0.3807094021646222,,-0.01439504030016136,-0.03781109743629819,STABLE
0.125,0.25,1.2180711744616846,0.3742140622794017,,-0.013327231982401218,-0.03561392616093253,STABLE
0.125,0.26,1.2741479377687208,0.3674827000400542,,-0.012218506233407029,-0.03324920120613912,STABLE
0.125,0.27,1.331265256108444,0.3605225071989749,,-0.011069807752930731,-0.030704900614765853,STABLE
0.125,0.28,1.3895019962391548,0.3533420865417436,,-0.00988231349263539,-0.027968118910929395,STABLE
0.125,0.29000000000000004,1.448942677844711,0.34595173215774977,,-0.008657482433555267,-0.025025116595188954,STABLE
0.125,0.30000000000000004,1.5096778066131071,0.3383637657553902,,-0.007397115591505832,-0.021861429444112974,STABLE
0.125,0.31,1.5718041436697436,0.33059293946099116,,-0.0061034281991990715,-0.018462064583563968,STABLE
0.125,0.32,1.635424867136627,0.3226569167505981,,-0.0047791362521211736,-0.014811820246256397,STABLE
0.125,0.33,1.7006495633131835,0.31457684396688834,,-0.0034275597744195412,-0.010895779012838969,STABLE
0.125,0.34,1.7675939605430722,0.3063780247935462,,-0.002052745175158139,-0.0067000405023871674,STABLE
0.125,0.35,1.8363792868649684,0.2980907083216705,,-0.0006596087836298984,-0.0022127787455827465,STABLE
0.125,0.36,1.907131091951712,0.2897509967374419,,0.0007458971457404475,0.0025742694732344366,STABLE
0.125,0.37,1.9799773245114496,0.2814018693806893,,0.002156596313946065,0.007663759728008607,STABLE
0.125,0.38,2.0550454004195458,0.2730943034162617,,0.003563881461050737,0.013050002934768365,STABLE
0.125,0.39,2.1324579409941955,0.26488844428420444,,0.00495749686702835,0.01871541388083108,STABLE
0.125,0.4,2.2123268194483554,0.25685473760913824,,0.006325326027802349,0.024626082768337887,STABLE
0.125,0.41000000000000003,2.294745153282541,0.24907487500491993,,0.00765321108640742,0.030726547935660906,STABLE
0.125,0.42000000000000004,2.3797769644133058,0.24164232863414317,,0.008924844829439938,0.036934111998864795,STABLE
0.125,0.43000000000000005,2.467444457817477,0.2346621598692653,,0.0101217925582619,0.043133467125253344,STABLE
0.125,0.44,2.557713312141188,0.2282497055009437,,0.011223716364762507,0.049172971943729854,STABLE
0.125,0.45,2.6504770788384775,0.22252770974282346,,0.012208881140432832,0.05486454318225224,STABLE
0.125,0.46,2.745542715704394,0.21762154153411906,,0.013055009064177302,0.059989507344476355,STABLE
0.125,0.47000000000000003,2.8426202415128556,0.21365238064606767,,0.01374050513025891,0.06431243634500455,STABLE
0.125,0.48000000000000004,2.9413200845837664,0.21072870684686526,,0.014245994138639967,0.06760348104348407,STABLE
0.125,0.49,3.041161362112087,0.20893702678784604,,0.014555999789781482,0.06966692315652408,STABLE
0.125,0.5,3.141592653589793,0.20833333333333331,,0.014660493827160495,0.07037037037037037,STABLE
0.13,0.2,0.9408999607359756,0.40806685923641134,,-0.018901672510519996,-0.04632003820621319,STABLE
0.13,0.21000000000000002,0.9922828857584166,0.40243426171463875,,-0.01798306180767049,-0.04468571272001205,STABLE
0.13,0.22,1.0443863008927916,0.39653725162816644,,-0.017019762819031937,-0.042920968330590524,STABLE
0.13,0.23,1.0972674285035398,0.39037877626667994,,-0.01601203106504662,-0.04101665366692041,STABLE
0.13,0.24000000000000002,1.1509875621679742,0.383962413087436,,-0.014960216241033983,-0.03896271023181438,STABLE
0.13,0.25,1.2056124655729263,0.3772925004268452,,-0.013864784805718788,-0.036748106018627553,STABLE
0.13,0.26,1.2612127986867485,0.3703742957476705,,-0.012726347503267349,-0.03436077408551479,STABLE
0.13,0.27,1.317864567908635,0.36321416739633416,,-0.011545692913369196,-0.03178756213209794,STABLE
0.13,0.28,1.3756495937470608,0.35581982711827403,,-0.010323828361268038,-0.029014202060854838,STABLE
0.13,0.29000000000000004,1.4346559849379728,0.3482006120741637,,-0.009062029799483793,-0.026025312665313924,STABLE
0.13,0.30000000000000004,1.4949786011699882,0.34036782681299493,,-0.007761902595401232,-0.02280445442825529,STABLE
0.13,0.31,1.5567194769036543,0.3323351575487663,,-0.006425455517373473,-0.019334263533134055,STABLE
0.13,0.32,1.6199881650353594,0.32411917304582394,,-0.005055190587511444,-0.015596703336018761,STABLE
0.13,0.33,1.6849019399009195,0.3157399282129516,,-0.0036542118210616532,-0.011573486577209394,STABLE
0.13,0.34,1.751585772503168,0.30722168770473623,,-0.0022263561225367556,-0.007246741397620521,STABLE
0.13,0.35,1.8201719547251938,0.2985937866699761,,-0.0007763496201048381,-0.0026000193398629107,STABLE
0.13,0.36,1.89079920142045,0.2898916430017458,,0.0006900077385538807,0.0023802263887604557,STABLE
0.13,0.37,1.9636109979605032,0.28115792800957246,,0.002165627803026719,0.007702531521547516,STABLE
0.13,0.38,2.0387528862485844,0.2724438872850372,,0.0036418912221784457,0.01336749103997409,STABLE
0.13,0.39,2.116368298932998,0.26381077630737004,,0.005108381906315245,0.019363810598712575,STABLE
0.13,0.4,2.1965924728178265,0.25533133039070033,,0.006552613174305814,0.025663177191295728,STABLE
0.13,0.41000000000000003,2.27954392669674,0.2470911197316745,,0.007959772358349446,0.0322139151216493,STABLE
0.13,0.42000000000000004,2.365313027781986,0.2391895432121055,,0.00931252841507697,0.038933676991133856,STABLE
0.13,0.43000000000000005,2.453947376106186,0.23174009184828298,,0.010590969662674072,0.04570193089250967,STABLE
0.13,0.44,2.545434214909795,0.2248693828745969,,0.011772762787787237,0.05235378261500617,STABLE
0.13,0.45,2.6396809285108946,0.21871437457048545,,0.012833641325273268,0.05867763081633827,STABLE
0.13,0.46,2.7364959342610047,0.21341720195092873,,0.013748326907989194,0.06441995669660389,STABLE
0.13,0.47000000000000003,2.8355737140833903,0.20911733099306903,,0.014491940091911562,0.0693005214971488,STABLE
0.13,0.48000000000000004,2.936488827864368,0.20594129505795347,,0.015041854489368267,0.07303952558487783,STABLE
0.13,0.49,3.038703665146806,0.20399111198360068,,0.015379795327136897,0.07539443840265607,STABLE
0.13,0.5,3.141592653589793,0.2033333333333333,,0.015493827160493828,0.07619914996964179,STABLE
0.135,0.2,0.931080872109192,0.4119631095128423,,-0.019568290164453567,-0.047500103073776695,STABLE
0.135,0.21000000000000002,0.9819636445258214,0.40620385714886054,,-0.01863010709665985,-0.0458639344968911,STABLE
0.135,0.22,1.0335680806349885,0.40017089751084506,,-0.017645705424359205,-0.04409542406536694,STABLE
0.135,0.23,1.0859523200747676,0.393866600020098,,-0.016615232934897445,-0.04218492488078353,STABLE
0.135,0.24000000000000002,1.139178805431719,0.387293902961871,,-0.01553891987333767,-0.040121777684859326,STABLE
0.135,0.25,1.193314730529706,0.38045643899024595,,-0.014417100473812406,-0.03789422124665901,STABLE
0.135,0.26,1.2484325269129721,0.37335868830526325,,-0.013250239428790306,-0.035489302496040286,STABLE
0.135,0.27,1.3046103876613973,0.36600616584003387,,-0.012038964453283417,-0.032892791370474204,STABLE
0.135,0.28,1.3619328250126521,0.35840565026096305,,-0.010784106372850483,-0.030089108151610717,STABLE
0.135,0.29000000000000004,1.4204912541428054,0.3505654643569229,,-0.009486748494245205,-0.027061275164818908,STABLE
0.135,0.30000000000000004,1.4803845892527843,0.34249581850009625,,-0.008148287411375564,-0.02379091063668935,STABLE
0.135,0.31,1.5417198288619698,0.33420923131101427,,-0.006770507859502339,-0.020258290990178313,STABLE
0.135,0.32,1.604612593659933,0.32572104439897104,,-0.005355674748738142,-0.01644251988268235,STABLE
0.135,0.33,1.6691875606549675,0.3170500509173447,,-0.0039066460564841825,-0.012321859104519273,STABLE
0.135,0.34,1.735578709332939,0.3082192603191347,,-0.0024270107751044163,-0.007874299524927332,STABLE
0.135,0.35,1.803929256141009,0.29925682342906607,,-0.000921256471655109,-0.0030784810889148456,STABLE
0.135,0.36,1.8743910993204962,0.2901971415157835,,0.0006050290051632297,0.0020848896098803332,STABLE
0.135,0.37,1.9471235232794621,0.28108217832062665,,0.0021449179271986855,0.007630928221824177,STABLE
0.135,0.38,2.022290817859049,0.2719629815059419,,0.0036898636508318427,0.01356752169137117,STABLE
0.135,0.39,2.100058354190953,0.26290139441380594,,0.005229385171493375,0.01989105148397326,STABLE
0.135,0.4,2.1805865354693905,0.2539718928027691,,0.0067507266489686074,0.026580605335768885,STABLE
0.135,0.41000000000000003,2.2640219352458186,0.2452634048092137,,0.00823851717878887,0.033590486869402615,STABLE
0.135,0.42000000000000004,2.3504849056098385,0.2368808562107278,,0.009674477308866697,0.040841110858955774,STABLE
0.135,0.43000000000000005,2.4400530851538735,0.2289460233394503,,0.01103724810740185,0.04820895312532818,STABLE
0.135,0.44,2.532740715267039,0.22159708637223904,,0.012302453546594075,0.05551721707174615,STABLE
0.135,0.45,2.6284746617923354,0.2149861060517915,,0.013443138516024994,0.06253026655027864,STABLE
0.135,0.46,2.7270696457338945,0.2092736027001202,,0.014430733609208622,0.06895630133479962,STABLE
0.135,0.47000000000000003,2.8282072552472557,0.20461965808385812,,0.015236654463542788,0.07446329744768919,STABLE
0.135,0.48000000000000004,2.9314251771194906,0.2011716449259913,,0.0158345189456372,0.07871148516711952,STABLE
0.135,0.49,3.0361235095052796,0.1990498250785844,,0.01620275780107495,0.08140051263385005,STABLE
0.135,0.5,3.141592653589793,0.1983333333333333,,0.016327160493827163,0.0823218176159353,STABLE
0.14,0.2,0.921425031043297,0.4159106350121671,,-0.020243679890682913,-0.048673147995099246,STABLE
0.14,0.21000000000000002,0.9718100885032164,0.41003033423839064,,-0.019286897828865654,-0.04703773408543061,STABLE
0.14,0.22,1.022916811123705,0.40386735982737165,,-0.018282426758112567,-0.04526839397451474,STABLE
0.14,0.23,1.0748041032404272,0.3974235036331501,,-0.017230307254861816,-0.04335502831952939,STABLE
0.14,0.24000000000000002,1.1275353845858822,0.39070106173357166,,-0.01613065008077119,-0.04128642499510551,STABLE
0.14,0.25,1.1811790859228037,0.3837029535171591,,-0.014983656440773959,-0.039050146222301345,STABLE
0.14,0.26,1.2358091938779205,0.3764328682266742,,-0.013789643119118483,-0.03663240987451409,STABLE
0.14,0.27,1.2915058467404235,0.36889544556596676,,-0.012549073695383597,-0.0340179686310048,STABLE
0.14,0.28,1.3483559809244579,0.36109649861295423,,-0.011262597344755855,-0.03118999322346742,STABLE
0.14,0.29000000000000004,1.4064540243786927,0.35304328930662204,,-0.009931097102132544,-0.028129969901530334,STABLE
0.14,0.30000000000000004,1.4659026277846583,0.34474486925709286,,-0.008555749930990219,-0.024817628031498805,STABLE
0.14,0.31,1.5268134159386773,0.33621250162077126,,-0.007138101496717322,-0.02123092229559238,STABLE
0.14,0.32,1.5893077288473423,0.32746018330584886,,-0.005680159205126296,-0.017346106472495952,STABLE
0.14,0.33,1.6535173027759758,0.31850529076031103,,-0.004184507819902996,-0.013137953877984459,STABLE
0.14,0.34,1.7195848129754596,0.30936937680638615,,-0.002654452776711651,-0.008580205332905001,STABLE
0.14,0.35,1.7876641582895745,0.3000791498611649,,-0.001094197067086334,-0.003646361526925736,STABLE
0.14,0.36,1.8579203084273794,0.29066766928806026,,0.000490941931876285,0.0016890145817688,STABLE
0.14,0.37,1.9305284515666947,0.2811757894466784,,0.0020942694382361424,0.007448256631047159,STABLE
0.14,0.38,2.0056720673088457,0.2716538765563593,,0.003707399252978033,0.013647510942877595,STABLE
0.14,0.39,2.083539404434726,0.26216380066088557,,0.005319887816830572,0.02029222876468731,STABLE
0.14,0.4,2.164317668878012,0.2527811603483811,,0.006918823421643044,0.02737080331503967,STABLE
0.14,0.41000000000000003,2.2481840476553216,0.24359761714952952,,0.00848839229652768,0.034845957837580904,STABLE
0.14,0.42000000000000004,2.3352925681401397,0.23472308369784423,,0.010009467506914404,0.042643728725886426,STABLE
0.14,0.43000000000000005,2.425755839046084,0.22628731152673803,,0.011459302903405763,0.05064050134358389,STABLE
0.14,0.44,2.5196211438150273,0.2184401643587337,,0.012811462184059133,0.05864975528501933,STABLE
0.14,0.45,2.6168414383852694,0.21134958805364162,,0.014036163963811707,0.0664120715496699,STABLE
0.14,0.46,2.7172437976367503,0.20519612603314744,,0.015101254377631282,0.07359424697516863,STABLE
0.14,0.47000000000000003,2.82050071870772,0.200163006219048,,0.015973987477052132,0.07980489391516747,STABLE
0.14,0.48000000000000004,2.9261126687945436,0.19642161333005137,,0.016623650559191325,0.08463249169661516,STABLE
0.14,0.49,3.0334116054238875,0.19411367090942647,,0.017024795560816004,0.08770528876742423,STABLE
0.14,0.5,3.141592653589793,0.1933333333333333,,0.017160493827160495,0.08876117496807154,STABLE
0.145,0.2,0.9119302404007431,0.41990732899853034,,-0.020927468742110822,-0.049838303113266376,STABLE
0.145,0.21000000000000002,0.9618204318871607,0.413911413003246,,-0.019953029773944652,-0.04820603913569345,STABLE
0.145,0.22,1.0124312068977797,0.4076241903407357,,-0.018929492055007893,-0.04643858854202104,STABLE
0.145,0.23,1.0638220879714047,0.40104687934996613,,-0.017856790131343784,-0.04452544341022384,STABLE
0.145,0.24000000000000002,1.116057305709016,0.3941811353867416,,-0.016734916046415225,-0.04245488823303569,STABLE
0.145,0.25,1.1692063393002683,0.38702916241983876,,-0.015563938135631108,-0.04021386408796702,STABLE
0.145,0.26,1.2233445171741033,0.3795938515332337,,-0.014344024577949194,-0.03778782116731246,STABLE
0.145,0.27,1.2785536823085137,0.3718789531111503,,-0.01307547293326044,-0.03516056185452456,STABLE
0.145,0.28,1.3349229253687587,0.3638892912634246,,-0.011758747222071611,-0.03231407877171985,STABLE
0.145,0.29000000000000004,1.3925493862771454,0.35563103129644164,,-0.010394524518963657,-0.029228395736645218,STABLE
0.145,0.30000000000000004,1.4515391203784036,0.34711201385552254,,-0.008983753553598267,-0.02588142500114545,STABLE
0.145,0.31,1.5120080180599877,0.33834217286772444,,-0.0075277284638813,-0.02224886244619668,STABLE
0.145,0.32,1.5740827550063552,0.3293340586992068,,-0.006028181645117797,-0.01830415496328475,STABLE
0.145,0.33,1.6379017320346045,0.32010349304934244,,-0.004487400596277627,-0.014018593029179833,STABLE
0.145,0.34,1.7036159354686984,0.31067038794659646,,-0.002908374766730837,-0.009361609215329462,STABLE
0.145,0.35,1.771389606738231,0.30105976741479534,,-0.0012949795894717491,-0.004301403673402654,STABLE
0.145,0.36,1.8414005470950925,0.2913030360210527,,0.0003477940138501325,0.0011939251255348989,STABLE
0.145,0.37,1.9138397918914574,0.28143954166796764,,0.0020135557024811603,0.0071544875696844396,STABLE
0.145,0.38,1.9889102591097318,0.27151847696432063,,0.003694168839345377,0.013605589132082586,STABLE
0.145,0.39,2.0668237995265506,0.2616011477113216,,0.005379334881192517,0.02056311651632601,STABLE
0.145,0.4,2.147795847385326,0.2517635974432722,,0.007056110311395213,0.028026729769720215,STABLE
0.145,0.41000000000000003,2.2320366043649127,0.24209949648890153,,0.0087083719198161,0.03597021904676003,STABLE
0.145,0.42000000000000004,2.3197374393570014,0.2327230591826504,,0.010316272573937706,0.044328536287592715,STABLE
0.145,0.43000000000000005,2.411051082263934,0.2237715178461686,,0.011855772582629478,0.05298159791175797,STABLE
0.145,0.44,2.5060644852652407,0.21540634384474203,,0.013298393863643945,0.06173631484701769,STABLE
0.145,0.45,2.6047643212434006,0.20781199880942847,,0.014611419251129668,0.07031075844917356,STABLE
0.145,0.46,2.706997451741857,0.20119066337677183,,0.015758821841341,0.07832779899845199,STABLE
0.145,0.47000000000000003,2.8124325189019657,0.19575142983125896,,0.01670320367559004,0.08532864199249264,STABLE
0.145,0.48000000000000004,2.9205333472126545,0.1916932922574998,,0.017408869524280935,0.09081626863028554,STABLE
0.145,0.49,3.0305577130578074,0.18918322279499827,,0.017845804465162884,0.09433079847942362,STABLE
0.145,0.5,3.141592653589793,0.18833333333333332,,0.017993827160493827,0.09554244509996723,STABLE
0.15,0.2,0.9025942278688123,0.42395116038634295,,-0.02161929742186539,-0.050994782989068635,STABLE
0.15,0.21000000000000002,0.951992776020538,0.4178448887639764,,-0.02062811232482641,-0.049367870421596544,STABLE
0.15,0.22,1.002109828482682,0.4114390136817987,,-0.01958647977611182,-0.04760481900061071,STABLE
0.15,0.23,1.0530053861603137,0.4047341873442397,,-0.01849423005327014,-0.0456947562908497,STABLE
0.15,0.24000000000000002,1.1047443306898848,0.39773142992764876,,-0.017351237960378626,-0.04362551373808951,STABLE
0.15,0.25,1.15739700707105,0.39043223275802164,,-0.016157439995769258,-0.041383468474497496,STABLE
0.15,0.26,1.2110398771197142,0.38283868753125627,,-0.014912856099187513,-0.03895336752759601,STABLE
0.15,0.27,1.2657562511369234,0.37495364842357864,,-0.013617617215525615,-0.036318134982225934,STABLE
0.15,0.28,1.3216371046050703,0.3667809358354643,,-0.012272000260075166,-0.033458664453542675,STABLE
0.15,0.29000000000000004,1.378781985137817,0.3583255929462967,,-0.010876472518031472,-0.03035360223254151,STABLE
0.15,0.30000000000000004,1.437300011687829,0.3495942093721916,,-0.009431748085732838,-0.026979131326776158,STABLE
0.15,0.31,1.4973109621605194,0.340595330184862,,-0.007938859694932838,-0.023308774347035034,STABLE
0.15,0.32,1.558946435600612,0.3313399735436917,,-0.00639925018864837,-0.01931324530574498,STABLE
0.15,0.33,1.6223510586581182,0.321842286388795,,-0.004814889071783026,-0.014960399162608787,STABLE
0.15,0.34,1.687683679672583,0.3121203751188594,,-0.0031884209596266706,-0.010215356682217491,STABLE
0.15,0.35,1.7551184522328227,0.30219735680877213,,-0.0015233543741854105,-0.005040925540422169,STABLE
0.15,0.36,1.8248456460135112,0.2921026856940797,,0.00017569891424205897,0.0006014970859462385,STABLE
0.15,0.37,1.8970719255864223,0.28187381778456205,,0.001902722215884572,0.006750262336670214,STABLE
0.15,0.38,1.9720196939951737,0.27155828015942657,,0.003649917325123433,0.013440640892925959,STABLE
0.15,0.39,2.0499248910542107,0.26121620406832047,,0.005407241581494746,0.020700253266372766,STABLE
0.15,0.4,2.131032352373801,0.2509233502741858,,0.007161852557916636,0.028541993202668575,STABLE
0.15,0.41000000000000003,2.215587473360297,0.2407745806200376,,0.008897467707160985,0.03695351761904606,STABLE
0.15,0.42000000000000004,2.303822521802317,0.23088758013981947,,0.010593673428641528,0.04588238753347528,STABLE
0.15,0.43000000000000005,2.3959356310593836,0.22140636802849806,,0.012225266540170391,0.05521641788820108,STABLE
0.15,0.44,2.492060576741845,0.21250371614732844,,0.01376178804432001,0.06476022299195458,STABLE
0.15,0.45,2.5922264290465726,0.20438102814953932,,0.015167513193318318,0.0742119429119454,STABLE
0.15,0.46,2.6963088291914747,0.19726365795990075,,0.016402268288003587,0.08314896143382781,STABLE
0.15,0.47000000000000003,2.8039795492979014,0.19138944282922524,,0.017423483905790488,0.09103680771638631,STABLE
0.15,0.48000000000000004,2.9146676090674934,0.18698904337071537,,0.018189746858917194,0.09727707319650322,STABLE
0.15,0.49,3.0275505202931106,0.18425913374027664,,0.018665665833078545,0.10130117001086537,STABLE
0.15,0.5,3.141592653589793,0.18333333333333332,,0.01882716049382716,0.1026936026936027,STABLE
0.155,0.2,0.8934146576002009,0.4280401726004918,,-0.022318820069498178,-0.05214188176288137,STABLE
0.155,0.21000000000000002,0.9423251230292384,0.42182863178048363,,-0.021311768422961504,-0.05052233731268385,STABLE
0.155,0.22,0.9919510978276074,0.4153095279822637,,-0.020252981712273976,-0.048765993428253114,STABLE
0.155,0.23,1.0423529285153192,0.4084829575775723,,-0.01914218821584667,-0.04686165692043959,STABLE
0.155,0.24000000000000002,1.0935959950493228,0.40134931470879465,,-0.017979147607894833,-0.04479675671288959,STABLE
0.155,0.25,1.1457513325105968,0.3939093852673635,,-0.016763666363259197,-0.04255716413530224,STABLE
0.155,0.26,1.198896333952287,0.3861644657652595,,-0.015495617512418519,-0.04012698962788034,STABLE
0.155,0.27,1.2531155447018556,0.3781165139207626,,-0.014174965974391255,-0.0374883546539883,STABLE
0.155,0.28,1.3085015586719184,0.3697683397586864,,-0.012801801057162382,-0.03462113891502159,STABLE
0.155,0.29000000000000004,1.3651560267407299,0.3611238486040869,,-0.011376378188183059,-0.031502705324386905,STABLE
0.155,0.30000000000000004,1.4231907854379593,0.35218835070584376,,-0.009899172554895875,-0.028107609280818898,STABLE
0.155,0.31,1.4827291100589235,0.34296895658975185,,-0.008370948139880131,-0.02440730561481453,STABLE
0.155,0.32,1.5439070884835147,0.3334750828736301,,-0.006792846677073645,-0.020369877768792052,STABLE
0.155,0.33,1.6068750980386586,0.32371910048033203,,-0.005166502392208671,-0.01595983179411611,STABLE
0.155,0.34,1.6717993440612535,0.313717166242106,,-0.0034941900776773098,-0.011138026393432124,STABLE
0.155,0.35,1.7388633797922868,0.30349028995377836,,-0.001779016122590043,-0.005861855161366077,STABLE
0.155,0.36,1.8082694642956094,0.2930657017971022,,-2.516454240762689e-05,-8.586655570172802e-05,STABLE
0.155,0.37,1.8802395156371883,0.2824785986651742,,0.0017617873550315039,0.00623688790356743,STABLE
0.155,0.38,1.9550152626647839,0.2717743594399615,,0.0035744667739465476,0.013152332623696954,STABLE
0.155,0.39,2.032856966771049,0.2610113224548115,,0.005403199025470388,0.02070101394320101,STABLE
0.155,0.4,2.114039748098215,0.2502642006752152,,0.0072353821991449204,0.02891097559948163,STABLE
0.155,0.41000000000000003,2.1988460886274526,0.23962814842562818,,0.009054739152526524,0.03778662570326868,STABLE
0.155,0.42000000000000004,2.2875525114038,0.22922334866922978,,0.010840469196328693,0.04729216835572686,STABLE
0.155,0.43000000000000005,2.380407858920069,0.2191997035206763,,0.012566373952439794,0.05732842586283177,STABLE
0.155,0.44,2.4776003269438474,0.20974071382230347,,0.014200122755904434,0.06770322507786954,STABLE
0.155,0.45,2.579211120147297,0.20106488954703206,,0.01570295969478083,0.07809896461862216,STABLE
0.155,0.46,2.685155382120487,0.19342214822103648,,0.01703031776831424,0.08804740266276306,STABLE
0.155,0.47000000000000003,2.7951171063452986,0.18708207344507155,,0.01813391530458326,0.09693026686443844,STABLE
0.155,0.48000000000000004,2.908494031777219,0.18231153821576576,,0.018965797052917205,0.10402960360342733,STABLE
0.155,0.49,3.024377501734253,0.17934214979417615,,0.01948424399947221,0.10864285959454319,STABLE
0.155,0.5,3.141592653589793,0.17833333333333332,,0.019660493827160494,0.11024575977847006,STABLE
0.16,0.2,0.8843891409951967,0.432172482237728,,-0.023025704011626638,-0.05327896837022755,STABLE
0.16,0.21000000000000002,0.9328153886036445,0.4258605865992247,,-0.02200363443118102,-0.05166863317146682,STABLE
0.16,0.22,0.9819533129525877,0.41923350511306545,,-0.02092860301644234,-0.04992111260477139,STABLE
0.16,0.23,1.0318634808065394,0.41229079115382306,,-0.019800238753234375,-0.04802493574455567,STABLE
0.16,0.24000000000000002,1.082611625354796,0.4050322251385032,,-0.01861818884608216,-0.045967179129303995,STABLE
0.16,0.25,1.1342693037096425,0.39745789867005893,,-0.0173821322508368,-0.043733266615154635,STABLE
0.16,0.26,1.186914645437023,0.3895683221690308,,-0.016091797282355418,-0.04130673970809492,STABLE
0.16,0.27,1.2406332052972018,0.3813645626953809,,-0.014746984498553837,-0.03866899534221577,STABLE
0.16,0.28,1.295518934531213,0.3728484206914237,,-0.013347596431994582,-0.03579898878810406,STABLE
0.16,0.29000000000000004,1.3516752857104242,0.3640226570562729,,-0.011893676230023352,-0.03267290098425042,STABLE
0.16,0.30000000000000004,1.4092164658728017,0.3548912855053228,,-0.010385457913997193,-0.029263772704955383,STABLE
0.16,0.31,1.4682688505628922,0.345459949852349,,-0.008823431829223634,-0.025541113616773244,STABLE
0.16,0.32,1.5289725660881106,0.33573641202992394,,-0.007208429996166092,-0.021470504055793656,STABLE
0.16,0.33,1.5914832365361047,0.3257311847681059,,-0.005541737571912393,-0.017013223882317744,STABLE
0.16,0.34,1.6559738721968864,0.31545835337306727,,-0.0038252385826136243,-0.012125970169158342,STABLE
0.16,0.35,1.722636841115335,0.30493664446268176,,-0.002061606585410065,-0.006760770221770985,STABLE
0.16,0.36,1.7916858062541896,0.29419081609316666,,-0.00025455401954577417,-0.0008652684095521187,STABLE
0.16,0.37,1.8633574127157735,0.283253463073128,,0.0015908423464675487,0.005616320906399081,STABLE
0.16,0.38,1.9379123508463099,0.2721673514736205,,0.0034677186104519254,0.012741126338910015,STABLE
0.16,0.39,2.01563517051433,0.26098841210802637,,0.0053668792029563815,0.020563668553740092,STABLE
0.16,0.4,2.0968318383042983,0.249789522064377,,0.007276106064128883,0.029128948260102153,STABLE
0.16,0.41000000000000003,2.1818234684917224,0.23866516175792601,,0.009179304172838146,0.03846101418919514,STABLE
0.16,0.42000000000000004,2.2709338980742637,0.2277369068882961,,0.011055489018143067,0.04854500383447174,STABLE
0.16,0.43000000000000005,2.364467881972147,0.21715942397771693,,0.012877674326596292,0.05930055482150151,STABLE
0.16,0.44,2.462675954651668,0.20712607755335316,,0.014611820715211764,0.07054553867775504,STABLE
0.16,0.45,2.5657022109055294,0.19787232525339674,,0.016216176876487454,0.08195272813275378,STABLE
0.16,0.46,2.673513897740696,0.18967381096249458,,0.017641578251941903,0.09301009012483165,STABLE
0.16,0.47000000000000003,2.7858188232969727,0.1828349248777499,,0.018833480227407388,0.10300811095035665,STABLE
0.16,0.48000000000000004,2.9019891847354606,0.1776638050356865,,0.019736469506254354,0.11108885967116365,STABLE
0.16,0.49,3.0210247555098055,0.17443312603768518,,0.020301383388762913,0.11638490835953332,STABLE
0.16,0.5,3.141592653589793,0.1733333333333333,,0.02049382716049383,0.11823361823361826,STABLE
0.165,0.2,0.8755152466555605,0.4363462775612923,,-0.02373962948283714,-0.05440548184693177,STABLE
0.165,0.21000000000000002,0.9234614139360454,0.42993877114706314,,-0.02270335996112412,-0.05280603072979966,STABLE
0.165,0.22,0.9721146617901523,0.4232087905714909,,-0.02161296217275324,-0.0510692657011392,STABLE
0.165,0.23,1.0215356594160634,0.41615536121558416,,-0.020467968888569842,-0.04918348000800274,STABLE
0.165,0.24000000000000002,1.0717903561344846,0.4087776648218461,,-0.01926791797778427,-0.047135447055752504,STABLE
0.165,0.25,1.1229506713237636,0.40107511330843293,,-0.01801236398504923,-0.04491020107547148,STABLE
0.165,0.26,1.1750952846945941,0.39304744444386963,,-0.016700893467723913,-0.042490782483916995,STABLE
0.165,0.27,1.2283105429132257,0.3846948458783171,,-0.015333145252405792,-0.039857943033777536,STABLE
0.165,0.28,1.2826915006609334,0.376018116073371,,-0.013908837141550112,-0.036989805934871854,STABLE
0.165,0.29000000000000004,1.3383431161319492,0.3670188734074111,,-0.01242780109941935,-0.03386147688820299,STABLE
0.165,0.30000000000000004,1.395381622326719,0.35769982839979597,,-0.010890029616660598,-0.030444603972493295,STABLE
0.165,0.31,1.4539360955854428,0.3480651389205805,,-0.009295736855150056,-0.026706888497877126,STABLE
0.165,0.32,1.5141502403994749,0.3381208748658749,,-0.007645439390218128,-0.02261155686779441,STABLE
0.165,0.33,1.5761844025361946,0.3278756276451261,,-0.005940063001475179,-0.018116817782822103,STABLE
0.165,0.34,1.6402178073772449,0.31734131164846746,,-0.004181084148770062,-0.013175354091312347,STABLE
0.165,0.35,1.7064509911988768,0.3065342204552077,,-0.0023707176615360855,-0.007733941280733799,STABLE
0.165,0.36,1.7751083401875674,0.2954764207099975,,-0.0005121659236005105,-0.0017333563279595433,STABLE
0.165,0.37,1.846440559477601,0.2841975917684886,,0.0013900504553010645,0.004891140866645413,STABLE
0.165,0.38,1.9207267372808348,0.2727374486418647,,0.0033296549454783623,0.01220827928859369,STABLE
0.165,0.39,1.9982754086163328,0.2611489156914929,,0.005298039127746485,0.02028742533246931,STABLE
0.165,0.4,2.079423603289525,0.24950223850798442,,0.007283513185706706,0.02919217570656635,STABLE
0.165,0.41000000000000003,2.1645322114590186,0.23789020737268984,,0.00927034967580621,0.038969025998127155,STABLE
0.165,0.42000000000000004,2.253975047672346,0.22643456793787609,,0.011237604654235683,0.049628485423298084,STABLE
0.165,0.43000000000000005,2.3481177392859145,0.2152934207939613,,0.01315774968546062,0.061115428594786296,STABLE
0.165,0.44,2.447281243857992,0.20466881174725932,,0.014995257511382518,0.07326596262209119,STABLE
0.165,0.45,2.551684230754419,0.19481260254744764,,0.016705487837392452,0.08575157674064614,STABLE
0.165,0.46,2.661360641573775,0.1860270028432754,,0.018234534095089915,0.0980208992048977,STABLE
0.165,0.47000000000000003,2.7760566194158294,0.17865424188960988,,0.019521044089747745,0.10926717375011874,STABLE
0.165,0.48000000000000004,2.8951274227656487,0.17304928330499206,,0.020501138552987217,0.11846994198094901,STABLE
0.165,0.49,3.0174768139088513,0.1695330457969081,,0.021116904997058036,0.12455922618387336,STABLE
0.165,0.5,3.141592653589793,0.1683333333333333,,0.02132716049382716,0.1266960029336267,STABLE
0.17,0.2,0.866790509543688,0.440559816857932,,-0.02446028932213318,-0.05552092675311087,STABLE
0.17,0.21000000000000002,0.9142609768311885,0.43406127560729557,,-0.023410607661687788,-0.053933877489840534,STABLE
0.17,0.22,0.9624332352162082,0.4272333030580377,,-0.022305690909861887,-0.05220962586531266,STABLE
0.17,0.23,1.0113679461548106,0.42007441342777224,,-0.021144979009542385,-0.05033626979801297,STABLE
0.17,0.24000000000000002,1.0611311462150392,0.4125832071791422,,-0.01992790403095607,-0.04830032750776365,STABLE
0.17,0.25,1.1117949659986284,0.4047584341452934,,-0.01865389973461963,-0.04608650039377207,STABLE
0.17,0.26,1.1634384580738246,0.3965990766990758,,-0.017322414546081296,-0.043677395041504044,STABLE
0.17,0.27,1.2161485526602842,0.38810445917743264,,-0.01593292904505866,-0.04105319758198007,STABLE
0.17,0.28,1.2700211628223268,0.3792743918026593,,-0.014484979439156597,-0.03819129303803166,STABLE
0.17,0.29000000000000004,1.3251624641037079,0.3701093600880133,,-0.012978188991090775,-0.035065822134313265,STABLE
0.17,0.30000000000000004,1.381690376613963,0.36061077444153433,,-0.011412310047263277,-0.03164716879282693,STABLE
0.17,0.31,1.4397362800067075,0.35078129975714445,,-0.009787280242921291,-0.027901374017649444,STABLE
0.17,0.32,1.4994469925577523,0.3406252917108297,,-0.008103297728816494,-0.023789477546182047,STABLE
0.17,0.33,1.5609870428168284,0.3301493759465818,,-0.006360922003963802,-0.0192668000226449,STABLE
0.17,0.34,1.6245412528193681,0.31936321925020933,,-0.004561209318878032,-0.014282199840002527,STABLE
0.17,0.35,1.6903176299406628,0.3082805593273911,,-0.0027058948516290315,-0.008777377521089145,STABLE
0.17,0.36,1.7585505204137217,0.2969205832920486,,-0.0007976382148415437,-0.0026863688801829996,STABLE
0.17,0.37,1.8295038947769828,0.2853097757820195,,0.0011596454129941928,0.00406451342165078,STABLE
0.17,0.38,1.903474486449793,0.27348439641696803,,0.0031603389802125578,0.011555829223229784,STABLE
0.17,0.39,1.9807942442532347,0.2614937914265015,,0.0051965240205477685,0.019872456597151616,STABLE
0.17,0.4,2.061831117645115,0.24940478796378446,,0.007257181440820027,0.02909800369138794,STABLE
0.17,0.41000000000000003,2.146986467678596,0.23730744025730813,,0.009327141862152562,0.03930404310981279,STABLE
0.17,0.42000000000000004,2.2366862609242566,0.22532234377629298,,0.011385743664325765,0.05053091261836813,STABLE
0.17,0.43000000000000005,2.3313615622802533,0.2136095019830344,,0.013405198329507708,0.06275562746535683,STABLE
0.17,0.44,2.4314118114126164,0.20237812773825226,,0.015348772060234633,0.07584204988834622,STABLE
0.17,0.45,2.5371427154186206,0.19189549889470878,,0.01716912345362608,0.0894712150754855,STABLE
0.17,0.46,2.648671547153538,0.1824907983528476,,0.01880753916139539,0.10306020539748446,STABLE
0.17,0.47000000000000003,2.7658006716950516,0.17454698329762874,,0.020195342133639032,0.11570146760544667,STABLE
0.17,0.48000000000000004,2.887880661640468,0.16847188726741638,,0.021259091835724497,0.12618777043780496,STABLE
0.17,0.49,3.0137164230380824,0.16464304382742248,,0.021930602145885162,0.13320090321503436,STABLE
0.17,0.5,3.141592653589793,0.1633333333333333,,0.022160493827160496,0.13567649281935001,STABLE
0.17500000000000002,0.2,0.85821243938314,0.444811426683658,,-0.025187388649700868,-0.05662486873929543,STABLE
0.17500000000000002,0.21000000000000002,0.9052118020165181,0.4382262611100947,,-0.024125052974349515,-0.055051591187705265,STABLE
0.17500000000000002,0.22,0.952907039273467,0.43130503378152535,,-0.023006434065520873,-0.05334144576011284,STABLE
0.17500000000000002,0.23,1.0013587023227326,0.42404576609148453,,-0.02183088267739625,-0.051482373892365214,STABLE
0.17500000000000002,0.24000000000000002,1.0506327944230793,0.4164464965878742,,-0.02059772895197957,-0.049460684915699014,STABLE
0.17500000000000002,0.25,1.1008015153700172,0.40850533317580107,,-0.01930628993224645,-0.047260802648904345,STABLE
0.17500000000000002,0.26,1.1519441229152458,0.4002205233941598,,-0.01795588011186043,-0.04486496584328452,STABLE
0.17500000000000002,0.27,1.2041479325226303,0.3915905486201698,,-0.01654582605443473,-0.042252873856982814,STABLE
0.17500000000000002,0.28,1.2575094807406628,0.38261425004374117,,-0.015075486473835156,-0.03940126765302573,STABLE
0.17500000000000002,0.29000000000000004,1.3121358819290359,0.3732909969650872,,-0.013544279657805344,-0.036283435089306745,STABLE
0.17500000000000002,0.30000000000000004,1.3681464129097445,0.3636209116935609,,-0.011951720793571216,-0.03286862886379716,STABLE
0.17500000000000002,0.31,1.4256743649807286,0.35360517046369516,,-0.010297472690057258,-0.029121386083110188,STABLE
0.17500000000000002,0.32,1.4848692068745426,0.34324640690227337,,-0.008581414691862521,-0.025000741506103395,STABLE
0.17500000000000002,0.33,1.545899104175271,0.33254925447109784,,-0.006803736392543513,-0.02045933437248115,STABLE
0.17500000000000002,0.34,1.608953837611431,0.3215210780728921,,-0.004965065283805503,-0.01544242546574154,STABLE
0.17500000000000002,0.35,1.674248149356289,0.31017296413211376,,-0.003066641001549543,-0.00988687395798736,STABLE
0.17500000000000002,0.36,1.7420255136773999,0.29852106488559954,,-0.0011105537136544344,-0.0037201854216888357,STABLE
0.17500000000000002,0.37,1.8125622594322026,0.28658842865846645,,0.0008999291222193834,0.0031401446542415994,STABLE
0.17500000000000002,0.38,1.8861718380128383,0.27440749583161567,,0.002959914479319986,0.01078656568892081,STABLE
0.17500000000000002,0.39,1.9632087815694392,0.26202350091764315,,0.005062269447088988,0.019319906151013966,STABLE
0.17500000000000002,0.4,2.0440714495321655,0.249499090692623,,0.0071967832377325324,0.02884492772199639,STABLE
0.17500000000000002,0.41000000000000003,2.1292018847875975,0.23692052978004083,,0.009349036000573014,0.03946064112406276,STABLE
0.17500000000000002,0.42000000000000004,2.2190798051607334,0.2244058712185908,,0.011498902897391366,0.05124154209936173,STABLE
0.17500000000000002,0.43000000000000005,2.3142057267264855,0.21211530912359006,,0.013618650042552088,0.06420399403900222,STABLE
0.17500000000000002,0.44,2.415065381512911,0.2002633737685432,,0.01567067947868526,0.07825035194302098,STABLE
0.17500000000000002,0.45,2.5220645383303077,0.18913127364800442,,0.017605227649634358,0.09308469884467527,STABLE
0.17500000000000002,0.46,2.6354224599285514,0.1790750218846951,,0.01935881103401844,0.10810447392536641,STABLE
0.17500000000000002,0.47000000000000003,2.7550194181472034,0.17052089997963982,,0.0208549651899671,0.12230151959353476,STABLE
0.17500000000000002,0.48000000000000004,2.8802181363047,0.16393607993447387,,0.022009516763403503,0.13425669792885633,STABLE
0.17500000000000002,0.49,3.009724285769356,0.1597644344095801,,0.022742235334899958,0.14234854846728168,STABLE
0.17500000000000002,0.5,3.141592653589793,0.1583333333333333,,0.02299382716049383,0.14522417153996106,STABLE
0.18,0.2,0.8497785283383247,0.44909950002192023,,-0.0259206445282759,-0.05771693027271402,STABLE
0.18,0.21000000000000002,0.8963115706704102,0.4424319582683176,,-0.0248463838609805,-0.05615865535172788,STABLE
0.18,0.22,0.9435340065980427,0.43542204552837227,,-0.02371484940893469,-0.054464053100842416,STABLE
0.18,0.23,0.9915061819958186,0.4280673099297111,,-0.022525306576938506,-0.0526209454784977,STABLE
0.18,0.24000000000000002,1.0402939546049588,0.42036524909287926,,-0.021276987721106103,-0.05061547729509148,STABLE
0.18,0.25,1.0899694605511001,0.41231335129688274,,-0.019969097598276378,-0.0484318480967593,STABLE
0.18,0.26,1.1406120050716868,0.40390915262541793,,-0.0186008214554954,-0.046051992965719324,STABLE
0.18,0.27,1.1923091012590177,0.39515031553305485,,-0.017171336712576164,-0.043455201824683244,STABLE
0.18,0.28,1.2451576854571205,0.38603473618279377,,-0.015679829534164313,-0.040617664848532326,STABLE
0.18,0.29000000000000004,1.2992655436530698,0.37656069054538965,,-0.014125518063556358,-0.03751192946639688,STABLE
0.18,0.30000000000000004,1.3547529898009183,0.3667270329127856,,-0.01250768475317781,-0.034106252418409436,STABLE
0.18,0.31,1.4117548443618995,0.3565334655914821,,-0.010825721155111113,-0.030363828924590438,STABLE
0.18,0.32,1.470422768990936,0.34598090572084106,,-0.009079189842803814,-0.0262418812503181,STABLE
0.18,0.33,1.530928020178755,0.3350719852909647,,-0.007267909985902062,-0.021690592782893696,STABLE
0.18,0.34,1.593464688538253,0.3238117347817591,,-0.0053920757292166945,-0.01665188487641072,STABLE
0.18,0.35,1.6582534868893954,0.31220852120414155,,-0.0034524202683577573,-0.011058059065916231,STABLE
0.18,0.36,1.7255461309106321,0.3002753401830608,,-0.0014504438333497755,-0.004830379452623457,STABLE
0.18,0.37,1.7956303050949656,0.28803160237720005,,0.0006112686930055886,0.002122227866527938,STABLE
0.18,0.38,1.8688350950065096,0.27550561096927023,,0.002728604327247528,0.009903988226039707,STABLE
0.18,0.39,1.9455365417481258,0.26273800299735023,,0.0048953023529920035,0.018631877753296975,STABLE
0.18,0.4,2.0261625429797196,0.2497865237193399,,0.007102090089657075,0.02843263913483572,STABLE
0.18,0.41000000000000003,2.1111955276769807,0.23673261011662983,,0.009335485408671023,0.03943472512752577,STABLE
0.18,0.42000000000000004,2.2011699151976347,0.22369033793486431,,0.011576161975299074,0.051750835919743214,STABLE
0.18,0.43000000000000005,2.296658980442423,0.2108182275371581,,0.013796782525221846,0.06544397363738423,STABLE
0.18,0.44,2.398242059718971,0.19833395130175227,,0.015959286458390707,0.08046673982766413,STABLE
0.18,0.45,2.5064382784587385,0.18653062384574348,,0.0180118655886872,0.09656251192073746,STABLE
0.18,0.46,2.6215894431549867,0.17579027094000707,,0.01988642686480578,0.11312586731032762,STABLE
0.18,0.47000000000000003,2.743679603981633,0.16658461755552473,,0.021498344592197807,0.1290535999521813,STABLE
0.18,0.48000000000000004,2.8721061437125264,0.15944695917229257,,0.02275148475406738,0.14268998839597158,STABLE
0.18,0.49,3.0054787610669518,0.15489874554397765,,0.023551525975105254,0.15204465273360582,STABLE
0.18,0.5,3.141592653589793,0.15333333333333332,,0.02382716049382716,0.15539452495974235,STABLE
0.185,0.2,0.8414862580118819,0.4534224943753802,,-0.02665978561294055,-0.05879678653717035,STABLE
0.185,0.21000000000000002,0.8875579292132852,0.4466766655841401,,-0.025574300508755976,-0.057254614980416,STABLE
0.185,0.22,0.9343120070659041,0.43958247152929086,,-0.024430607426930335,-0.0555768462330565,STABLE
0.185,0.23,0.9818085445435123,0.4321370075828125,,-0.023227890414451415,-0.053751217800989064,STABLE
0.185,0.24000000000000002,1.030113149932271,0.42433725272821565,,-0.02196528839794799,-0.05176375219645532,STABLE
0.185,0.25,1.0792977720384676,0.4161800996798421,,-0.0206418985746115,-0.049598475733200226,STABLE
0.185,0.26,1.1294416160714795,0.4076623988015805,,-0.019256782031851345,-0.04723708168440647,STABLE
0.185,0.27,1.1806322162821627,0.3987810207968862,,-0.017808972459354023,-0.044658525683509864,STABLE
0.185,0.28,1.232966697129001,0.3895329449561199,,-0.01629748914146054,-0.041838538569045604,STABLE
0.185,0.29000000000000004,1.2865532616675261,0.37991538227443267,,-0.014721355871467683,-0.03874903875525019,STABLE
0.185,0.30000000000000004,1.3415129541836797,0.36992594629781134,,-0.013079628068345983,-0.0353574227470277,STABLE
0.185,0.31,1.3979817539104216,0.35956288955989724,,-0.01137143128193669,-0.03162570891521996,STABLE
0.185,0.32,1.4561130678628074,0.34882543058772136,,-0.009596015564639314,-0.02750950682830489,STABLE
0.185,0.33,1.5160807028225323,0.3377142066361769,,-0.00775283204234344,-0.022956783842663888,STABLE
0.185,0.34,1.5780824077670896,0.3262319019650955,,-0.0058416406951051466,-0.01790640541258335,STABLE
0.185,0.35,1.642344085139699,0.31438412266106547,,-0.003862662241342534,-0.012286441849058749,STABLE
0.185,0.36,1.7091247651612353,0.3021806197196615,,-0.0018167926646740918,-0.006012273938545642,STABLE
0.185,0.37,1.7787224076545898,0.28963700658101615,,0.0002940928784809088,0.001015384332107597,STABLE
0.185,0.38,1.8514805128571181,0.2767771812761542,,0.0024667082052197615,0.008912252787048242,STABLE
0.185,0.39,1.9277953334539029,0.26363675374938306,,0.004695740967362683,0.017811404899282453,STABLE
0.185,0.4,2.0081230852704395,0.25026790207514005,,0.006972975941741853,0.027862046566596053,STABLE
0.185,0.41000000000000003,2.092985772583026,0.23674623637608075,,0.009286049379733378,0.03922364098317543,STABLE
0.185,0.42000000000000004,2.1829727604527687,0.2231804103236863,,0.011616696418351702,0.05205069925941799,STABLE
0.185,0.43000000000000005,2.278732539624342,0.20972529134280032,,0.013938338752509672,0.0664599804023024,STABLE
0.185,0.44,2.3809445975513794,0.19659921774738592,,0.016212909121652238,0.08246680382260989,STABLE
0.185,0.45,2.490254620386787,0.18410462173308959,,0.01838703521706227,0.09987275193840243,STABLE
0.185,0.46,2.6071491530672524,0.17264792686317665,,0.0203883215217603,0.11809189888458972,STABLE
0.185,0.47000000000000003,2.7317463845612644,0.1627477222653785,,0.022123736514640006,0.1359388396143865,STABLE
0.185,0.48000000000000004,2.8635077739846118,0.15501035765344084,,0.023483932937057663,0.15149912104300198,STABLE
0.185,0.49,3.000955511444102,0.15004776075687168,,0.02435814872517728,0.16233596957601887,STABLE
0.185,0.5,3.141592653589793,0.14833333333333332,,0.024660493827160495,0.1662505201831045,STABLE
0.19,0.2,0.8333331058004678,0.4577789298098811,,-0.02740455179270801,-0.05986416151588567,STABLE
0.19,0.21000000000000002,0.8789484973805072,0.45095874775276595,,-0.0263085150169218,-0.058339072360883,STABLE
0.19,0.22,0.9252388576807753,0.4437845141539961,,-0.02515339107949649,-0.056679289784248986,STABLE
0.19,0.23,0.9722638663691994,0.4362528928516963,,-0.023938286770415467,-0.05487249978776247,STABLE
0.19,0.24000000000000002,1.0200887864720396,0.42836036749227396,,-0.02266225210460168,-0.05290464250292815,STABLE
0.19,0.25,1.0687852649816865,0.4201032606913737,,-0.02132428167712062,-0.050759619532651935,STABLE
0.19,0.26,1.118432269828221,0.41147776475435016,,-0.019923317826371325,-0.048418941515018264,STABLE
0.19,0.27,1.1691171913713303,0.40247998841988086,,-0.018458256372382794,-0.04586130218510767,STABLE
0.19,0.28,1.2209371430763034,0.39310602578416753,,-0.016927955998365055,-0.0430620618562058,STABLE
0.19,0.29000000000000004,1.2740005041234146,0.38335205594576266,,-0.015331252769257139,-0.03999261913812778,STABLE
0.19,0.30000000000000004,1.3284287566964463,0.37321448528674045,,-0.013666981886797084,-0.036619644803702486,STABLE
0.19,0.31,1.384358682929611,0.3626901491257439,,-0.01193400964925652,-0.0329041460817813,STABLE
0.19,0.32,1.4419450012278188,0.35177659640923414,,-0.01013127983790652,-0.028800323675087367,STABLE
0.19,0.33,1.5013635388138293,0.34047249116352396,,-0.008257880578278856,-0.024254178509572205,STABLE
0.19,0.34,1.5628150562723582,0.32877817910698054,,-0.006313140398219502,-0.019201822990099596,STABLE
0.19,0.35,1.6265298581821435,0.3166964894195911,,-0.004296766152095884,-0.013567457473148999,STABLE
0.19,0.36,1.6927733363239752,0.30423387359654214,,-0.0022090413337783697,-0.007260997296796333,STABLE
0.19,0.37,1.7618525864421535,0.2914020306815877,,-5.111201015377496e-05,-0.00017540032248308034,STABLE
0.19,0.38,1.8341241912085102,0.27822023837525156,,0.0021745994484898327,0.007816108063126687,STABLE
0.19,0.39,1.910003120236668,0.26471871269887,,0.004463793578713195,0.01686240286228262,STABLE
0.19,0.4,1.9899723620190641,0.25094346736506234,,0.0068094191531686684,0.027135271639737897,STABLE
0.19,0.41000000000000003,2.0745921768261204,0.2369633477436606,,0.009200399814594992,0.03882625689668974,STABLE
0.19,0.42000000000000004,2.1645063763831356,0.22288016530822186,,0.011619790036941425,0.05213469767878345,STABLE
0.19,0.43000000000000005,2.2604401470248523,0.20884308550501285,,0.014042144865212,0.0672377772587302,STABLE
0.19,0.44,2.3631786372385237,0.19506837632892923,,0.016429893222136956,0.08422632889727064,STABLE
0.19,0.45,2.4735067795934333,0.1818646318890136,,0.018728682548251867,0.10298144479065839,STABLE
0.19,0.46,2.5920792893376583,0.16966014888324704,,0.020862288811058328,0.12296516859368593,STABLE
0.19,0.47000000000000003,2.7191835018214174,0.1590208477097208,,0.022729206166108032,0.14293224123417006,STABLE
0.19,0.48000000000000004,2.854382636222164,0.1506329585438754,,0.024205642972103907,0.160692873631991,STABLE
0.19,0.49,2.9961270886699065,0.14521357044050606,,0.02516172207714033,0.17327390271317017,STABLE
0.19,0.5,3.141592653589793,0.1433333333333333,,0.025493827160493827,0.17786391042205,STABLE
0.195,0.2,0.82531655064342,0.4621673869677625,,-0.028154693826989017,-0.06091882426345433,STABLE
0.195,0.21000000000000002,0.8704808756200784,0.4552766338842888,,-0.027048751069225014,-0.0594116830430169,STABLE
0.195,0.22,0.9163123317289823,0.4480264434619079,,-0.025882895529764416,-0.05777091041717727,STABLE
0.195,0.23,0.9628701518948563,0.4404130697212719,,-0.024656160912959846,-0.05598417169718466,STABLE
0.195,0.24000000000000002,1.010219166010579,0.4324325250156005,,-0.02336751295359454,-0.05403736213586508,STABLE
0.195,0.25,1.0584306137772297,0.4240805884066223,,-0.02201584877452989,-0.051914304442108476,STABLE
0.195,0.26,1.1075830988182085,0.4153528233299127,,-0.02059999762739102,-0.04959638281073762,STABLE
0.195,0.27,1.157763714092145,0.40624460847359123,,-0.019118723681396815,-0.04706209825955061,STABLE
0.195,0.28,1.209069375894039,0.39675118734943454,,-0.017570731799942438,-0.04428652606518149,STABLE
0.195,0.29000000000000004,1.2616084129115337,0.3868677442447171,,-0.015954677636846933,-0.04124065103436135,STABLE
0.195,0.30000000000000004,1.3155024683858048,0.37658951740554586,,-0.014269183948767972,-0.03789055002665307,STABLE
0.195,0.31,1.3708887879890939,0.3659119648659539,,-0.012512865838978296,-0.034196383393918776,STABLE
0.195,0.32,1.4279229841883418,0.35483100497824666,,-0.010684368844422532,-0.03011114782677334,STABLE
0.195,0.33,1.4867823901479513,0.34334336344990896,,-0.008782425541983281,-0.02557913295232388,STABLE
0.195,0.34,1.5476701427832287,0.3314470731328276,,-0.006805938972311192,-0.020534014399287537,STABLE
0.195,0.35,1.6108201645069429,0.31914219438356617,,-0.004754105110830569,-0.01489651069177262,STABLE
0.195,0.36,1.6765032431229143,0.3064318562986845,,-0.0026265925544788813,-0.00857153882825647,STABLE
0.195,0.37,1.7450344303028478,0.2933237683644534,,-0.0004238066215357395,-0.0014448424138924936,STABLE
0.195,0.38,1.8167819704073986,0.2798324269625272,,0.0018527211616918224,0.0066208236901005154,STABLE
0.195,0.39,1.8921778875488502,0.2659823549853736,,0.004199756218223659,0.015789604609127567,STABLE
0.195,0.4,1.971730102974068,0.251812883989928,,0.006611503075578968,0.026255618738886346,STABLE
0.195,0.41000000000000003,2.0560353264320823,0.23738523878725748,,0.009078326349727385,0.03824301121715196,STABLE
0.195,0.42000000000000004,2.14579055953985,0.22279302814152585,,0.011584846206789318,0.05199824385631233,STABLE
0.195,0.43000000000000005,2.2417980858846662,0.20817764742149414,,0.014107128126344215,0.06776485516613474,STABLE
0.195,0.44,2.344952925058104,0.1937503545904098,,0.016608636412725534,0.08572183750494991,STABLE
0.195,0.45,2.456190942602362,0.1798222063388109,,0.019034720981609677,0.10585300541661426,STABLE
0.195,0.46,2.5763591245317476,0.16683984667541862,,0.02130598665229429,0.12770322603894727,STABLE
0.195,0.47000000000000003,2.7059535536720967,0.15541575900069501,,0.023312612475273133,0.15000159974233296,STABLE
0.195,0.48000000000000004,2.844686589002646,0.1463224287842548,,0.024915216645119004,0.17027612821992766,STABLE
0.195,0.49,2.990962445968457,0.14039863519081883,,0.025961796738770693,0.18491487971720988,STABLE
0.195,0.5,3.141592653589793,0.1383333333333333,,0.026327160493827162,0.19031682284694337,STABLE
0.2,0.2,0.8174340782104988,0.4665865050641328,,-0.0289099729793878,-0.061960585369724944,STABLE
0.2,0.21000000000000002,0.8621526518478618,0.4596288156637916,,-0.027794743595638258,-0.06047215198093564,STABLE
0.2,0.22,0.9075301672297413,0.4523065956342813,,-0.026618827853038058,-0.05885129270712885,STABLE
0.2,0.23,0.953625343800221,0.44461571119632814,,-0.025381190577880908,-0.057085680822181704,STABLE
0.2,0.24000000000000002,1.0005024981286934,0.4365517279585993,,-0.02408071792742217,-0.055161201720648964,STABLE
0.2,0.25,1.0482323659568542,0.42810990875670896,,-0.022716214801538386,-0.0530616422019043,STABLE
0.2,0.26,1.0968930696624672,0.41928521850707556,,-0.02128640321298361,-0.050768313008450104,STABLE
0.2,0.27,1.1465712628168423,0.410072339437882,,-0.019789922175602173,-0.04825958805885263,STABLE
0.2,0.28,1.1973634914710003,0.4004657014607537,,-0.018225329915156022,-0.04551033920926717,STABLE
0.2,0.29000000000000004,1.2493778219919451,0.3904595344588355,,-0.016591109562150767,-0.042491239419074546,STABLE
0.2,0.30000000000000004,1.3027357983348393,0.38004795217797294,,-0.014885680002540688,-0.039167899516979535,STABLE
0.2,0.31,1.357574808395813,0.36922508165464,,-0.013107414320022132,-0.03549979395029924,STABLE
0.2,0.32,1.4140509605343938,0.35798525836592665,,-0.011254669384914671,-0.03143891856410001,STABLE
0.2,0.33,1.4723425986038368,0.3463233165775307,,-0.009325831818716513,-0.02692810842445475,STABLE
0.2,0.34,1.5326546179583833,0.3342350183099161,,-0.007319388086629644,-0.021898926460909653,STABLE
0.2,0.35,1.5952237864788703,0.32171768548451163,,-0.0052340303106796,-0.016269016429100166,STABLE
0.2,0.36,1.6603253226086423,0.30877113218318014,,-0.00306881529704423,-0.009938802488905078,STABLE
0.2,0.37,1.7282810313861063,0.29539904398832734,,-0.0008234034220220519,-0.002787427511290756,STABLE
0.2,0.38,1.7994693343289152,0.28161102927521364,,0.0015015816866079217,0.0053321124903117755,STABLE
0.2,0.39,1.87433751198926,0.26742568917389425,,0.003904009314945446,0.014598482767326268,STABLE
0.2,0.4,1.953416321883371,0.2528752431201532,,0.006379415211721186,0.025227519835502518,STABLE
0.2,0.41000000000000003,2.0373366647254803,0.23801253983909137,,0.00891973981598221,0.037475923840031324,STABLE
0.2,0.42000000000000004,2.1268467269033136,0.22292171824134263,,0.011511397657896716,0.05163874452750308,STABLE
0.2,0.43000000000000005,2.2228251446987746,0.20773437094455754,,0.014132334410284324,0.06803079502937007,STABLE
0.2,0.44,2.3262794810773237,0.19265367387788038,,0.016747612148110252,0.08693118491332927,STABLE
0.2,0.45,2.438306708076502,0.17798895681011032,,0.01930305480605501,0.10845085645762119,STABLE
0.2,0.46,2.5599701126736725,0.16420062625935788,,0.02171694715795311,0.132258613457727,STABLE
0.2,0.47000000000000003,2.6920183784750504,0.1519454294686171,,0.02387159416243044,0.1571063653965379,STABLE
0.2,0.48000000000000004,2.83437149068454,0.14208757163224503,,0.025611047936376582,0.18024833306789,STABLE
0.2,0.49,2.98542636280397,0.13560586430217686,,0.026757841231864327,0.19732067908389703,STABLE
0.2,0.5,3.141592653589793,0.1333333333333333,,0.027160493827160497,0.20370370370370378,STABLE
0.20500000000000002,0.2,0.809683185558785,0.47103497987971993,,-0.029670160651281103,-0.06298929361648993,STABLE
0.20500000000000002,0.21000000000000002,0.8539614075967301,0.4640138454671851,,-0.0285462384265357,-0.061520229849595036,STABLE
0.20500000000000002,0.22,0.8988900747115907,0.4566233713107588,,-0.02736090672903417,-0.0599200751606152,STABLE
0.20500000000000002,0.23,0.944527332539155,0.44885905797841363,,-0.02611306572041333,-0.058176537281039234,STABLE
0.20500000000000002,0.24000000000000002,0.9909369115332703,0.4407160491738559,,-0.024801526715996405,-0.05627552425759874,STABLE
0.20500000000000002,0.25,1.038188955353619,0.43218911935085447,,-0.023425007713478496,-0.054200827056133945,STABLE
0.20500000000000002,0.26,1.086360998064967,0.42327266608663267,,-0.021982129460494448,-0.05193373260723453,STABLE
0.20500000000000002,0.27,1.1355391232561487,0.4139607100018291,,-0.020471412512610185,-0.049452549524614864,STABLE
0.20500000000000002,0.28,1.1858193467765614,0.4042469062494303,,-0.018891275947113737,-0.04673202356051515,STABLE
0.20500000000000002,0.29000000000000004,1.2373092758761728,0.39412457339335466,,-0.017240038712195708,-0.04374261306206185,STABLE
0.20500000000000002,0.30000000000000004,1.2901301119756414,0.3835867481232593,,-0.015515925053447089,-0.040449585730895216,STABLE
0.20500000000000002,0.31,1.34441908308803,0.37262627813159616,,-0.013717076147378613,-0.03681188620447834,STABLE
0.20500000000000002,0.32,1.40033241642952,0.3612359712596203,,-0.011841571102754078,-0.03278070858077293,STABLE
0.20500000000000002,0.33,1.4580489937601782,0.34940882770666737,,-0.009887462048465391,-0.02829768816478222,STABLE
0.20500000000000002,0.34,1.5177748734253385,0.33713839531739404,,-0.007852830409038279,-0.023292601845735623,STABLE
0.20500000000000002,0.35,1.5797489160979208,0.324419308285674,,-0.005735875147323506,-0.017680437017246413,STABLE
0.20500000000000002,0.36,1.6442498172571998,0.3112481012316827,,-0.0035350494992048404,-0.011357658039409108,STABLE
0.20500000000000002,0.37,1.711604927273067,0.29762444036277586,,-0.001249271798789288,-0.00419747718724492,STABLE
0.20500000000000002,0.38,1.7822013209611387,0.2835529925616735,,0.0011217495275878963,0.003956048982074887,STABLE
0.20500000000000002,0.39,1.8564996352500895,0.2690462802144197,,0.0035770134139340632,0.013295160264186963,STABLE
0.20500000000000002,0.4,1.9350511539332467,0.25412907428269627,,0.006113444981587401,0.024056456345434643,STABLE
0.20500000000000002,0.41000000000000003,2.018518305723796,0.23884520707954054,,0.008724673915055822,0.03652857020551523,STABLE
0.20500000000000002,0.42000000000000004,2.1076977416019473,0.22326820489707047,,0.011399114440482588,0.05105569978375438,STABLE
0.20500000000000002,0.43000000000000005,2.203542529528251,0.2075179159532396,,0.014116944651962324,0.06802759456751349,STABLE
0.20500000000000002,0.44,2.3071737131853665,0.1917863129912818,,0.016845394632058194,0.08783418571076003,STABLE
0.20500000000000002,0.45,2.419857511392405,0.1763764043676569,,0.019531606840722585,0.11073820736252747,STABLE
0.20500000000000002,0.46,2.5428965719605423,0.1617567039393033,,0.02209259258765504,0.13657914664201457,STABLE
0.20500000000000002,0.47000000000000003,2.6773395785030925,0.14862410336987025,,0.024403558404787945,0.16419650548913012,STABLE
0.20500000000000002,0.48000000000000004,2.8233849915587133,0.1379384996448324,,0.026291291347034996,0.19060154644809454,STABLE
0.20500000000000002,0.49,2.9794787659820186,0.13083871348272388,,0.02754922395920356,0.21055865825859865,STABLE
0.20500000000000002,0.5,3.141592653589793,0.1283333333333333,,0.02799382716049383,0.2181337181337182,STABLE
0.21,0.2,0.8020613852999344,0.4755115617607085,,-0.030435038017045935,-0.06400483282541455,STABLE
0.21,0.21000000000000002,0.8459047235956084,0.4684303344482931,,-0.029302991942115178,-0.06255570954137203,STABLE
0.21,0.22,0.8903897443471842,0.4609752338510121,,-0.028108862121068456,-0.06097694638873655,STABLE
0.21,0.23,0.9355739651577436,0.45314141701001887,,-0.026851488243520415,-0.0592563099190881,STABLE
0.21,0.24000000000000002,0.9815204646565558,0.4449236306653394,,-0.02552961151786635,-0.05737976083600985,STABLE
0.21,0.25,1.0282987145369182,0.43631618901121483,,-0.02414186838946632,-0.055331131407653986,STABLE
0.21,0.26,1.0759855630693587,0.4273129539954371,,-0.02268678438671341,-0.05309173095406712,STABLE
0.21,0.27,1.1246664044306491,0.4179073203672162,,-0.021162768437512375,-0.05063986057702124,STABLE
0.21,0.28,1.174436577297532,0.40809220874448027,,-0.019568108180788548,-0.047950212627168226,STABLE
0.21,0.29000000000000004,1.2254030480845957,0.39786007153566166,,-0.01790096706771649,-0.04499312282989915,STABLE
0.21,0.30000000000000004,1.2776864498646883,0.38720291887116554,,-0.0161593844519069,-0.041733632842999385,STABLE
0.21,0.31,1.3314235686460916,0.37611237517335355,,-0.014341280478663202,-0.038130307390319654,STABLE
0.21,0.32,1.386770396089211,0.3645797822230236,,-0.012444468509727418,-0.034133731809941094,STABLE
0.21,0.33,1.443905904118834,0.3525963725588102,,-0.010466679242513868,-0.02968459138293634,STABLE
0.21,0.34,1.503036745281951,0.34015354933125247,,-0.008405602885828754,-0.024711201462852023,STABLE
0.21,0.35,1.5644031467446964,0.3272433278950623,,-0.006258959207659781,-0.019126315723286047,STABLE
0.21,0.36,1.6282863495942677,0.3138590246887352,,-0.004024610750278799,-0.012822988774243925,STABLE
0.21,0.37,1.6950180518296798,0.29999632739393134,,-0.0017007433145621337,-0.005669213784503611,STABLE
0.21,0.38,1.7649924419074376,0.28565495893903214,,0.0007138478476512757,0.00249898636558812,STABLE
0.21,0.39,1.8386815450213452,0.27084127693956805,,0.0032193040703795994,0.011886312554559077,STABLE
0.21,0.4,1.916654694289623,0.2555723641946753,,0.005813980165084033,0.022748860908354672,STABLE
0.21,0.41000000000000003,1.9996028367369438,0.23988252262914314,,0.008493285059827816,0.03540601860752641,STABLE
0.21,0.42000000000000004,2.0883677085400274,0.22383367440537566,,0.011247809784260349,0.05025074897305183,STABLE
0.21,0.43000000000000005,2.1839737225958853,0.20753212665669168,,0.014060289672451912,0.06774994261833509,STABLE
0.21,0.44,2.2876544642495773,0.1911555700093914,,0.016900684071287,0.08841324409462238,STABLE
0.21,0.45,2.4008510120495976,0.17499580803245487,,0.0197183499119134,0.11267898433462141,STABLE
0.21,0.46,2.5251264299989864,0.1595227833143784,,0.022430258086946608,0.14060849253577987,STABLE
0.21,0.47000000000000003,2.6618792066358097,0.14546733609073584,,0.0249056736611216,0.17121145083447867,STABLE
0.21,0.48000000000000004,2.8116703990278724,0.13388682833494245,,0.026953826444561107,0.2013179845976422,STABLE
0.21,0.49,2.9730739283507415,0.1261013070233701,,0.028335190777894672,0.22470180085162295,STABLE
0.21,0.5,3.141592653589793,0.12333333333333332,,0.02882716049382716,0.23373373373373377,STABLE
0.215,0.2,0.794566209311498,0.4800150536351869,,-0.031204395662660644,-0.06500711889418388,STABLE
0.215,0.21000000000000002,0.837980184814156,0.4728769506107777,,-0.030064770719512204,-0.06357842284484351,STABLE
0.215,0.22,0.8820268524798234,0.4653607075399136,,-0.028862434945516827,-0.062021641444752446,STABLE
0.215,0.23,0.9267630534381949,0.45746115991042835,,-0.02759617170711823,-0.06032462234066299,STABLE
0.215,0.24000000000000002,0.9722511555395177,0.4491726823742427,,-0.026264656810615534,-0.05847340642308316,STABLE
0.215,0.25,1.0185598865163301,0.44048915705614194,,-0.024866450490544784,-0.05645190146502395,STABLE
0.215,0.26,1.0657653206158202,0.4314039422455757,,-0.023399989126057657,-0.05424148190267873,STABLE
0.215,0.27,1.113952054024768,0.42190984310047247,,-0.02186357692049497,-0.05182049501340607,STABLE
0.215,0.28,1.1632146140229644,0.41199908687561615,,-0.020255377927161224,-0.0491636476205987,STABLE
0.215,0.29000000000000004,1.21365915943602,0.4016633065138635,,-0.018573409029574054,-0.04624123918805859,STABLE
0.215,0.30000000000000004,1.2654055466952105,0.39089353843548436,,-0.016815534828186127,-0.04301819594022651,STABLE
0.215,0.31,1.3185898581319593,0.3796802433904471,,-0.014979465912712731,-0.039452845317812554,STABLE
0.215,0.32,1.3733675190945707,0.3680133638730336,,-0.01306276281310493,-0.03549534907001813,STABLE
0.215,0.33,1.4299171709184828,0.3558824387582016,,-0.011062849189680563,-0.03108568444198235,STABLE
0.215,0.34,1.4884455216062389,0.3432768070052663,,-0.008977039816836431,-0.026151023412131397,STABLE
0.215,0.35,1.5491934705136583,0.3301859499699867,,-0.006802592088063393,-0.020602306332785317,STABLE
0.215,0.36,1.6124439041229315,0.3166000502430313,,-0.004536794885875135,-0.014329735205008846,STABLE
0.215,0.37,1.6785316949504618,0.30251089110820406,,-0.0021771170242309967,-0.007196821959882004,STABLE
0.215,0.38,1.7478566116698309,0.2879132970068677,,0.00027854865141987403,0.0009674740774936481,STABLE
0.215,0.39,1.8209000648061324,0.2728074433980752,,0.0028314860494760828,0.010379064494015416,STABLE
0.215,0.4,1.898246841144682,0.25720258226981413,,0.0054815021282548435,0.02131200270184132,STABLE
0.215,0.41000000000000003,1.980613114950963,0.24112310461739314,,0.00822585038680986,0.03411473321837984,STABLE
0.215,0.42000000000000004,2.0688817447641688,0.22461850980885673,,0.011057443638067694,0.04922766003334823,STABLE
0.215,0.43000000000000005,2.164144288215816,0.20777996168788176,,0.013961862820471946,0.0671954249440322,STABLE
0.215,0.44,2.267743983118947,0.1907679269599306,,0.016912331375539994,0.08865395585649104,STABLE
0.215,0.45,2.381299420943832,0.17385797559935576,,0.019861341569557416,0.11423888666072225,STABLE
0.215,0.46,2.506652011812783,0.1575138913026174,,0.022727221950534976,0.14428709596711817,STABLE
0.215,0.47000000000000003,2.6456006384625357,0.14249200125181705,,0.025374868605539447,0.1780792492393735,STABLE
0.215,0.48000000000000004,2.7991666587568598,0.129945889112089,,0.02759621888754533,0.2123670019583407,STABLE
0.215,0.49,2.9661595241452043,0.12139859115869747,,0.029114836839782467,0.23982845733129057,STABLE
0.215,0.5,3.141592653589793,0.11833333333333332,,0.029660493827160492,0.25065206051121547,STABLE
0.22,0.2,0.7871952120269693,0.4845443090541135,,-0.03197803322909282,-0.0659960970164269,STABLE
0.22,0.21000000000000002,0.8301853850066518,0.4773524168769708,,-0.030831351179774313,-0.0645882373058573,STABLE
0.22,0.22,0.8737990675736658,0.4697783757528985,,-0.029621376734557028,-0.06305393833226958,STABLE
0.22,0.23,0.9180923814069022,0.461816721323451,,-0.028346841021882452,-0.06138114908582675,STABLE
0.22,0.24000000000000002,0.9631269310198758,0.4534614808187437,,-0.02700635909538413,-0.05955601575380342,STABLE
0.22,0.25,1.0089706357208872,0.44470613236516165,,-0.02559842027887395,-0.05756255292169956,STABLE
0.22,0.26,1.0556987163742193,0.43554356258943316,,-0.024121377854208963,-0.05538223940402277,STABLE
0.22,0.27,1.103394873080308,0.42596602357755514,,-0.022573438221135226,-0.052993518195531164,STABLE
0.22,0.28,1.1521526999033573,0.4159650909507913,,-0.02095264977237916,-0.050371173514793484,STABLE
0.22,0.29000000000000004,1.2020773960226065,0.4055316259011663,,-0.01925689190653906,-0.04748554903392968,STABLE
0.22,0.30000000000000004,1.2532878503580587,0.3946557456904053,,-0.017483864882126193,-0.04430155920203357,STABLE
0.22,0.31,1.3059192004985452,0.3833268096835229,,-0.015631081656391252,-0.04077742871492963,STABLE
0.22,0.32,1.3601259990021894,0.3715334319836091,,-0.013695863546165121,-0.036863071710783055,STABLE
0.22,0.33,1.4160861642269065,0.35926353800301053,,-0.011675342647298923,-0.032497989392959455,STABLE
0.22,0.34,1.4740059535234995,0.34650449225605107,,-0.009566475709433838,-0.027608518571137736,STABLE
0.22,0.35,1.5341262806760463,0.33324334063376504,,-0.007366077009812202,-0.022104198678969348,STABLE
0.22,0.36,1.5967308162091394,0.3194672364494744,,-0.005070882438188401,-0.01587293424685943,STABLE
0.22,0.37,1.662156471150326,0.3051641625966682,,-0.002677664769739571,-0.008774505980502724,STABLE
0.22,0.38,1.7308070872795003,0.29032413458853445,,-0.0001834332297460222,-0.0006318221873148618,STABLE
0.22,0.39,1.8031714542609278,0.2749411932581808,,0.002414226973264087,0.008780884903620213,STABLE
0.22,0.4,1.8798471464107973,0.25901671204712723,,0.005116579972365012,0.019753860405092576,STABLE
0.22,0.41000000000000003,1.9615720629250761,0.2425649268629292,,0.00792276401030452,0.03266244676330139,STABLE
0.22,0.42000000000000004,2.049265730488342,0.22562228395586575,,0.01082812376108197,0.04799226198419334,STABLE
0.22,0.43000000000000005,2.1440816295499445,0.20826343872980463,,0.013821329928391713,0.06636464860413226,STABLE
0.22,0.44,2.2474678130431354,0.19062892245118476,,0.016879361362742165,0.08854564745842564,STABLE
0.22,0.45,2.3612197435527196,0.17297306161128645,,0.019958761125626095,0.11538652862882431,STABLE
0.22,0.46,2.4874708416432787,0.15574517077740163,,0.022980743843617316,0.14755349221365255,STABLE
0.22,0.47000000000000003,2.6284696462619506,0.13971625211147745,,0.025807839488087684,0.1847160877712065,STABLE
0.22,0.48000000000000004,2.7858085093134446,0.12613095752149986,,0.02821567866927215,0.22370145461285823,STABLE
0.22,0.49,2.9586755185418943,0.11673652727744413,,0.029887071106471944,0.2560215881310248,STABLE
0.22,0.5,3.141592653589793,0.11333333333333331,,0.030493827160493828,0.26906318082788677,STABLE
0.225,0.2,0.7799459733351433,0.48909823026379506,,-0.032755759061721554,-0.06697173908001004,STABLE
0.225,0.21000000000000002,0.8225179307928439,0.4818555091633564,,-0.03160251923644023,-0.0655850532690008,STABLE
0.225,0.22,0.865704055626063,0.47422687909530437,,-0.030385449294669502,-0.06407365468747081,STABLE
0.225,0.23,0.9095597122218492,0.46620659719872626,,-0.02910323213156824,-0.06242561196353605,STABLE
0.225,0.24000000000000002,0.9541456952486488,0.4577883676125635,,-0.02775442662002339,-0.06062719934271589,STABLE
0.225,0.25,0.9995290582661229,0.44896529225647946,,-0.026337456403567366,-0.05866256670130666,STABLE
0.225,0.26,1.0457840978579593,0.4397298179060112,,-0.024850597663645,-0.05651333307798704,STABLE
0.225,0.27,1.0929935299986586,0.43007368006456104,,-0.023291965887199593,-0.05415808259576148,STABLE
0.225,0.28,1.1412499057053138,0.41998784465816835,,-0.021659501741081347,-0.05157173479320621,STABLE
0.225,0.29000000000000004,1.190657326774895,0.40946244941350834,,-0.01995095629317563,-0.04872475198092594,STABLE
0.225,0.30000000000000004,1.2413335408831152,0.3984867480985131,,-0.018163876036882447,-0.045582133216615806,STABLE
0.225,0.31,1.2934125203275952,0.38704906290018687,,-0.01629558852745174,-0.04210212629207188,STABLE
0.225,0.32,1.3470476629344832,0.3751367535403534,,-0.014343190006767292,-0.038234563452936625,STABLE
0.225,0.33,1.4024158009134693,0.36273621705810233,,-0.01230353731579775,-0.0339186900486063,STABLE
0.225,0.34,1.4597222693550131,0.3498329407927696,,-0.010173247900917413,-0.029080302952213227,STABLE
0.225,0.35,1.5192073787712344,0.33641164516318184,,-0.007948714206222902,-0.023627940115947092,STABLE
0.225,0.36,1.5811547674775563,0.32245657613410866,,-0.005626142895061611,-0.017447753624729043,STABLE
0.225,0.37,1.6459022967767463,0.3079520464652823,,-0.003201636377523543,-0.010396541975519839,STABLE
0.225,0.38,1.7138564185506018,0.29288339199470803,,-0.0006713462394254145,-0.0022921963408479807,STABLE
0.225,0.39,1.7855113212796554,0.27723862648663133,,0.0019682505606598358,0.0070994817194232,STABLE
0.225,0.4,1.8614746768287311,0.2610112876528747,,0.004719863770346194,0.01808298718721796,STABLE
0.225,0.41000000000000003,1.9425024678523142,0.24420534748886816,,0.007584531644884398,0.03105800803657721,STABLE
0.225,0.42000000000000004,2.0295460474932803,0.22684376609806856,,0.010560104329274312,0.04655232326159227,STABLE
0.225,0.43000000000000005,2.123814702073257,0.20898359591262416,,0.013638536174772778,0.06526127620310944,STABLE
0.225,0.44,2.226854594761115,0.1907430375223801,,0.016800993503449782,0.08808181793518154,STABLE
0.225,0.45,2.3406339159226057,0.17235035917239758,,0.020008947780282966,0.11609461028316476,STABLE
0.225,0.46,2.467586420056576,0.15423162989707964,,0.023188110956500644,0.1503460150941432,STABLE
0.225,0.47000000000000003,2.610455680701167,0.13715942310656062,,0.02620106852510819,0.19102638325295593,STABLE
0.225,0.48000000000000004,2.771526884973606,0.12245948887713681,,0.02880901704223054,0.2352534483557622,STABLE
0.225,0.49,2.95055286930237,0.11212233604875496,,0.030650571503326802,0.27336722176390255,STABLE
0.225,0.5,3.141592653589793,0.10833333333333331,,0.03132716049382716,0.2891737891737892,STABLE
0.23,0.2,0.7728161011223564,0.49367576631510524,,-0.033537389866720196,-0.06793404123732869,STABLE
0.23,0.21000000000000002,0.8149754453020697,0.48638505447247327,,-0.03237806994747696,-0.0665688010964765,STABLE
0.23,0.22,0.8577394850670996,0.4787049135296355,,-0.03115442436341105,-0.06508064463700633,STABLE
0.23,0.23,0.9011627944861044,0.4706293430216135,,-0.02986509168653988,-0.06345777654830233,STABLE
0.23,0.24000000000000002,0.9453053175615805,0.46215174788486946,,-0.028508579084963254,-0.061686619634002265,STABLE
0.23,0.25,0.9902331915259678,0.45326488120536157,,-0.027083249658319607,-0.05975148479691933,STABLE
0.23,0.26,1.036019725814895,0.4439607813539543,,-0.025587308397521047,-0.05763416380944061,STABLE
0.23,0.27,1.0827465738332211,0.43423070347452475,,-0.024018786695329638,-0.055313423263582656,STABLE
0.23,0.28,1.1305051452246326,0.42406504563646974,,-0.022375525381936417,-0.052764370966613135,STABLE
0.23,0.29000000000000004,1.179398320515555,0.41345327055242476,,-0.020655156347386114,-0.04995765620571405,STABLE
0.23,0.30000000000000004,1.229542549112897,0.4023838247424054,,-0.018855082966280214,-0.04685845157506194,STABLE
0.23,0.31,1.281070437685944,0.39084405863965965,,-0.016972459802222523,-0.0434251447016887,STABLE
0.23,0.32,1.3341339718564331,0.37882015378145606,,-0.015004172510726341,-0.03960764062036243,STABLE
0.23,0.33,1.3889085641227754,0.3662970675794729,,-0.012946819599038845,-0.03534513580628069,STABLE
0.23,0.34,1.4455981913858589,0.3532585133571674,,-0.010796698943398542,-0.03056316701554585,STABLE
0.23,0.35,1.5044419857994586,0.33968700534184226,,-0.008549804062754166,-0.025169653028528763,STABLE
0.23,0.36,1.5657227871924488,0.3255640185696855,,-0.006201838729416625,-0.019049521371137485,STABLE
0.23,0.37,1.6297783754511452,0.3108703484266332,,-0.0037482646921448565,-0.012057324576356191,STABLE
0.23,0.38,1.6970164089622204,0.29558681524348085,,-0.0011844081810965512,-0.004006972300577514,STABLE
0.23,0.39,1.7679345466549077,0.279695567506854,,0.0014943296070565164,0.005342700352303215,STABLE
0.23,0.4,1.8431478877941012,0.26318243431160004,,0.004292077072324928,0.01630837211287148,STABLE
0.23,0.41000000000000003,1.9234267891374341,0.2460411455268589,,0.0072117637722461285,0.029311210353874986,STABLE
0.23,0.42000000000000004,2.009749312060944,0.2282809417290077,,0.010253782115208403,0.04491738135275729,STABLE
0.23,0.43000000000000005,2.1033736917726986,0.20994047155712506,,0.01341350956811894,0.0638919664637845,STABLE
0.23,0.44,2.205935785809975,0.19111359975192205,,0.016676659280355735,0.08726045295574532,STABLE
0.23,0.45,2.319568813356111,0.17199809378868747,,0.020010438325524776,0.11634104707060938,STABLE
0.23,0.46,2.447008929218993,0.15298785151338562,,0.023346691458000408,0.152604871740144,STABLE
0.23,0.47000000000000003,2.5915333493610295,0.13484185677549346,,0.02655085602851225,0.19690366673545895,STABLE
0.23,0.48000000000000004,2.7562496600050532,0.11895134776222932,,0.029372604622252232,0.24692956553098366,STABLE
0.23,0.49,2.9417120222898867,0.1075648064721279,,0.031403728135621346,0.2919517002409022,STABLE
0.23,0.5,3.141592653589793,0.1033333333333333,,0.0321604938271605,0.31123058542413395,STABLE
0.23500000000000001,0.2,0.7658032334840896,0.4982759112144025,,-0.03432275037527959,-0.06888302164081718,STABLE
0.23500000000000001,0.21000000000000002,0.8075555714185536,0.4909399290078642,,-0.033157807171751846,-0.06753943855974424,STABLE
0.23500000000000001,0.22,0.8499030311870613,0.48321122850066806,,-0.031928083266233906,-0.06607479583059764,STABLE
0.23500000000000001,0.23,0.892899368009943,0.4750835720084303,,-0.030632176711537732,-0.06447744884555631,STABLE
0.23500000000000001,0.24000000000000002,0.9366036397336398,0.46655008862185154,,-0.029268547335467836,-0.06273398730225212,STABLE
0.23500000000000001,0.25,0.9810810230303629,0.4576032094293141,,-0.027835502715525512,-0.06082890622694651,STABLE
0.23500000000000001,0.26,1.0264037849058252,0.4482345953230058,,-0.026331182447669844,-0.058744199404544235,STABLE
0.23500000000000001,0.27,1.0726524468578666,0.4384350568395178,,-0.024753540540751365,-0.05645885326595133,STABLE
0.23500000000000001,0.28,1.1199171898124571,0.42819446565969876,,-0.023100325783810976,-0.05394821193735282,STABLE
0.23500000000000001,0.29000000000000004,1.1682995624305574,0.4175016577424201,,-0.02136905997666351,-0.05118317395962836,STABLE
0.23500000000000001,0.30000000000000004,1.21791457498921,0.40634432871194515,,-0.019557014005382057,-0.04812916687523378,STABLE
0.23500000000000001,0.31,1.2688932879121533,0.394708923257366,,-0.017661181917794682,-0.04474482555915992,STABLE
0.23500000000000001,0.32,1.321386041278559,0.38258052226833944,,-0.01567825346813058,-0.040980270964066375,STABLE
0.23500000000000001,0.33,1.3755665238948533,0.369942734795815,,-0.013604586155367615,-0.03677484344401705,STABLE
0.23500000000000001,0.34,1.4316369548004253,0.35677760766397315,,-0.011436178749758524,-0.032054082162380426,STABLE
0.23500000000000001,0.35,1.489834756978528,0.3430655754088571,,-0.009168649997620895,-0.026725648548951386,STABLE
0.23500000000000001,0.36,1.5504412590429506,0.328785490255121,,-0.006797229169021875,-0.02067375042538394,STABLE
0.23500000000000001,0.37,1.613793191231726,0.3139148017203385,,-0.004316770389274845,-0.013751407597277254,STABLE
0.23500000000000001,0.38,1.6802980869296296,0.298430008724357,,-0.0017218121927205954,-0.005769567879853988,STABLE
0.23500000000000001,0.39,1.7504552217553204,0.28230760406765676,,0.0009932788445532945,0.003518427524592108,STABLE
0.23500000000000001,0.4,1.8248845116856431,0.26552591187165375,,0.0038340088709202663,0.014439302152829049,STABLE
0.23500000000000001,0.41000000000000003,1.9043669783593344,0.2480685643477057,,0.006805167567848039,0.027432607536316312,STABLE
0.23500000000000001,0.42000000000000004,1.9899021096714564,0.22993104487626737,,0.00990969038942687,0.04309853153913846,STABLE
0.23500000000000001,0.43000000000000005,2.0827896678197813,0.21113310306269178,,0.013146460909978628,0.062266223151539846,STABLE
0.23500000000000001,0.44,2.1847453021757026,0.19174271006435847,,0.016506015350166846,0.08608418721434885,STABLE
0.23500000000000001,0.45,2.298056117007663,0.17192322849499878,,0.01996200272083648,0.11610998057436533,STABLE
0.23500000000000001,0.46,2.425755812953816,0.15202767001394638,,0.02345399388151713,0.15427450726151073,STABLE
0.23500000000000001,0.47000000000000003,2.5716840576967814,0.13278464234533113,,0.02685336878830681,0.20223248949580808,STABLE
0.23500000000000001,0.48000000000000004,2.7399028453409073,0.11562901023121894,,0.029902334578998907,0.2586058163016733,STABLE
0.23500000000000001,0.49,2.9320611932270975,0.10307468728804653,,0.03214457135939123,0.3118570834909436,STABLE
0.23500000000000001,0.5,3.141592653589793,0.0983333333333333,,0.03299382716049383,0.33553044569993734,STABLE
0.24,0.2,0.7589050406327119,0.5028977021199635,,-0.03511167301634412,-0.0698187183364151,STABLE
0.24,0.21000000000000002,0.8002559746541387,0.49551905631898163,,-0.03394154323127276,-0.06849694839873827,STABLE
0.24,0.22,0.8421923801186629,0.48774462506875355,,-0.032706216575209564,-0.06705602664631972,STABLE
0.24,0.23,0.8847671690564188,0.47956795328015406,,-0.03140425427003907,-0.06548447212796416,STABLE
0.24,0.24000000000000002,0.9280384826460244,0.4709819169481968,,-0.030034073043569032,-0.06376905771283035,STABLE
0.24,0.25,0.9720704987124501,0.46197865136363514,,-0.028593929841160326,-0.0618944831254839,STABLE
0.24,0.26,1.0169343936841346,0.452549470213491,,-0.027081904522095936,-0.05984297033718767,STABLE
0.24,0.27,1.0627094964160282,0.4426847745328633,,-0.025495880282347328,-0.057593759146678324,STABLE
0.24,0.28,1.1094846821917794,0.43237395047830257,,-0.023833521530256002,-0.05512247327548475,STABLE
0.24,0.29000000000000004,1.157360069898898,0.4216052550115472,,-0.022092248941982515,-0.05240031683518138,STABLE
0.24,0.30000000000000004,1.2064491053449526,0.4103656889012778,,-0.020269211454233927,-0.04939304625711561,STABLE
0.24,0.31,1.25688114117393,0.39864085712387426,,-0.018361255038783043,-0.046059641681628835,STABLE
0.24,0.32,1.3088046621450498,0.38641481803799477,,-0.01636488829230452,-0.04235057127311152,STABLE
0.24,0.33,1.3623913586037157,0.37366992508570884,,-0.014276245246693797,-0.03820549712000303,STABLE
0.24,0.34,1.417841328355703,0.3603866690524847,,-0.01209104650301542,-0.033550204658803706,STABLE
0.24,0.35,1.475389799530373,0.3465435365636586,,-0.009804561076203209,-0.028292436712067062,STABLE
0.24,0.36,1.535315932718211,0.3321169141759521,,-0.007411573684624449,-0.02231615846188994,STABLE
0.24,0.37,1.5979545088613567,0.31708109211098673,,-0.004906366522573399,-0.015473538614078072,STABLE
0.24,0.38,1.6637116870163133,0.3014084668561368,,-0.002282732528910756,-0.007573551442402947,STABLE
0.24,0.39,1.7330865992931843,0.2850701261037575,,0.0004659478144840301,0.0016345024322697295,STABLE
0.24,0.4,1.8067014619318846,0.26803716030368957,,0.0033465052179566315,0.0124852285935465,STABLE
0.24,0.41000000000000003,1.8853443150481826,0.2502833606041616,,0.006365537830360334,0.025433324113095238,STABLE
0.24,0.42000000000000004,1.9700307383843083,0.2317906016237006,,0.00952849077162823,0.04110818430463033,STABLE
0.24,0.43000000000000005,2.062094220601741,0.2125595449047945,,0.012837780249122271,0.06039615983781071,STABLE
0.24,0.44,2.1633190928473702,0.19263119572011614,,0.016288951872653588,0.08456030089913708,STABLE
0.24,0.45,2.2761320310211106,0.17213128995672175,,0.019862675758666626,0.11539259226873054,STABLE
0.24,0.46,2.403852176054108,0.15136382724974962,,0.023507730286969775,0.155306130362191,STABLE
0.24,0.47000000000000003,2.5508977482422686,0.131009255656021,,0.027104706593157845,0.2068915395132401,STABLE
0.24,0.48000000000000004,2.722412360365684,0.11251770781982379,,0.0303935966114627,0.2701227851186979,STABLE
0.24,0.49,2.921494450461948,0.09866518184833606,,0.03287068082657244,0.33315380573767006,STABLE
0.24,0.5,3.141592653589793,0.09333333333333332,,0.03382716049382716,0.3624338624338625,STABLE
0.245,0.2,0.7521192265334186,0.5075402175859335,,-0.035903997598200586,-0.07074118730723354,STABLE
0.245,0.21000000000000002,0.7930743456779797,0.5001214054812336,,-0.03472909858011478,-0.06944133604259005,STABLE
0.245,0.22,0.8346052324063449,0.4923039540593672,,-0.033488623771093275,-0.06802428356497592,STABLE
0.245,0.23,0.8767639351013596,0.48408121002656823,,-0.03218110112736502,-0.06647872394303178,STABLE
0.245,0.24000000000000002,0.9196076523958353,0.47544581836471345,,-0.03080490838260823,-0.06479162754772165,STABLE
0.245,0.25,0.9631995305314451,0.4663896440486553,,-0.029358256594276932,-0.06294791698079424,STABLE
0.245,0.26,1.0076096138947717,0.45690368307092116,,-0.027839171386880468,-0.06093006560982184,STABLE
0.245,0.27,1.0529159860488617,0.44697796127611394,,-0.02624547154940084,-0.05871759644361547,STABLE
0.245,0.28,1.0992061495485428,0.4366014193571497,,-0.02457474459968143,-0.05628645146382069,STABLE
0.245,0.29000000000000004,1.146578707636878,0.42576178226212774,,-0.02282431888792542,-0.053608190868275785,STABLE
0.245,0.30000000000000004,1.195145431119622,0.414445411267901,,-0.020991231784402,-0.05064896657966154,STABLE
0.245,0.31,1.2450338216507124,0.4026371371962146,,-0.019072193499379633,-0.04736819269128993,STABLE
0.245,0.32,1.2963903217008446,0.39032007389273266,,-0.017063546151777936,-0.04371680395937648,STABLE
0.245,0.33,1.3493843769200402,0.37747541249834576,,-0.014961217894617839,-0.03963494680513371,STABLE
0.245,0.34,1.4042136363894315,0.36408219987788143,,-0.012760672334672854,-0.03504887725616076,STABLE
0.245,0.35,1.4611106929779998,0.3501171100157022,,-0.010456854357642304,-0.02986673332581013,STABLE
0.245,0.36,1.5203519396434912,0.33555422746396973,,-0.008044135182007766,-0.023972683171966616,STABLE
0.245,0.37,1.5822693804272525,0.3203648812615178,,-0.005516262768033572,-0.017218687473832622,STABLE
0.245,0.38,1.647266640466353,0.3045176043573057,,-0.0028663300813450594,-0.009412690893173623,STABLE
0.245,0.39,1.7158410569261306,0.28797836393812987,,-8.678612888798783e-05,-0.00030136336529307185,STABLE
0.245,0.4,1.7886147535091335,0.27071134616331594,,0.0028304606779222274,0.01045564110273625,STABLE
0.245,0.41000000000000003,1.8663792609674712,0.25268085728654666,,0.005893747172158445,0.023324866139245296,STABLE
0.245,0.42000000000000004,1.9501609671840519,0.2338554832847012,,0.009110963324824205,0.038959801997596535,STABLE
0.245,0.43000000000000005,2.0413190964805197,0.2142169048818727,,0.012488029990350457,0.05829619281091205,STABLE
0.245,0.44,2.1416946617188466,0.1937785917222844,,0.016025595602881738,0.08270054736412251,STABLE
0.245,0.45,2.2538368518665193,0.17262622487106855,,0.019711783107195884,0.11418765093147501,STABLE
0.245,0.46,2.381330950814747,0.15100762330530604,,0.023505880287021334,0.1556602227921787,STABLE
0.245,0.47000000000000003,2.5291746399845803,0.12953709646588943,,0.027300987594874423,0.21075806344064152,STABLE
0.245,0.48000000000000004,2.703706500868218,0.10964547113250125,,0.03084126949430148,0.28128174539038914,STABLE
0.245,0.49,2.909889656001792,0.09435257075289566,,0.0335790710358548,0.3558893071795213,STABLE
0.245,0.5,3.141592653589793,0.08833333333333332,,0.03466049382716049,0.39238294898672266,STABLE
0.25,0.2,0.7454435302809707,0.5122025758576811,,-0.03669957099961264,-0.07165050066013308,STABLE
0.25,0.21000000000000002,0.7860084025312456,0.5047459893153936,,-0.035520301480777505,-0.07037262748527245,STABLE
0.25,0.22,0.8271393061919116,0.4968881142359971,,-0.03427511290999393,-0.06897953870902003,STABLE
0.25,0.23,0.8688874091385943,0.48862211767124397,,-0.032962503414395446,-0.0674601132906009,STABLE
0.25,0.24000000000000002,0.9113089458788926,0.4799404349565134,,-0.031580815696979424,-0.06580153160014723,STABLE
0.25,0.25,0.9544660034989316,0.47083468544784146,,-0.0301282195145836,-0.06398895503190614,STABLE
0.25,0.26,0.998427459114187,0.46129557610041405,,-0.028602691586972488,-0.06200512874796419,STABLE
0.25,0.27,1.0432701059173437,0.4513127909610318,,-0.02700199251550697,-0.05982988529531492,STABLE
0.25,0.28,1.0890800158937726,0.4408748643476092,,-0.025323640218017033,-0.05743951916036322,STABLE
0.25,0.29000000000000004,1.1359542021258497,0.42996903517646284,,-0.02356487930724695,-0.05480599154675343,STABLE
0.25,0.30000000000000004,1.184002663930797,0.4185810796055903,,-0.021722645757810567,-0.0518959093379921,STABLE
0.25,0.31,1.23335092623763,0.40669511895626964,,-0.019793526130780236,-0.04866920011623881,STABLE
0.25,0.32,1.2841432241553505,0.39429339988712014,,-0.017773710576340543,-0.04507737279251661,STABLE
0.25,0.33,1.3365465400266867,0.38135604427522396,,-0.01565893885433943,-0.04106120537331356,STABLE
0.25,0.34,1.3907557817913663,0.36786076768542536,,-0.013444438780272972,-0.03654762878048993,STABLE
0.25,0.35,1.4470005114573319,0.3537825685921203,,-0.011124856976448307,-0.031445463864202626,STABLE
0.25,0.36,1.5055538122507663,0.33909339741165334,,-0.008694182890394716,-0.02563949329818455,STABLE
0.25,0.37,1.566744157687268,0.32376182833934897,,-0.0061456693402898435,-0.018982068923357753,STABLE
0.25,0.38,1.6309715743041981,0.3077527848187625,,-0.0034717575812304793,-0.011280994852004405,STABLE
0.25,0.39,1.6987300731526234,0.29102742525808484,,-0.000664024579854653,-0.0022816563740197067,STABLE
0.25,0.4,1.7706394400492331,0.2735434090755301,,0.002286809791000998,0.008359952077549674,STABLE
0.25,0.41000000000000003,1.8474913347985156,0.2552559994729883,,0.0053907357321177655,0.021118938411820654,STABLE
0.25,0.42000000000000004,1.9303178146551674,0.2361209673907353,,0.008657995232383439,0.03666762561605172,STABLE
0.25,0.43000000000000005,2.0204958404491467,0.21610139699732783,,0.01209793496001287,0.055982678169185854,STABLE
0.25,0.44,2.119910554224286,0.19518315143568407,,0.015716307608362266,0.08052082104812738,STABLE
0.25,0.45,2.231214401312824,0.1734102947750564,,0.019508960245015586,0.11250174201204222,STABLE
0.25,0.46,2.3582327889375883,0.1509685811251063,,0.02344675242950282,0.155308821575747,STABLE
0.25,0.47000000000000003,2.5065268363803903,0.12838892879859634,,0.027438451445991493,0.21371353202139556,STABLE
0.25,0.48000000000000004,2.6837191981136335,0.10704301928548998,,0.03123974209359957,0.2918428712318115,STABLE
0.25,0.49,2.897106397472491,0.09015698778775921,,0.034266048699104726,0.3800709134135146,STABLE
0.25,0.5,3.141592653589793,0.08333333333333331,,0.035493827160493825,0.425925925925926,STABLE
0.255,0.2,0.7388757272512599,0.5168839332185088,,-0.03749824687046684,-0.07254674494711899,STABLE
0.255,0.21000000000000002,0.7790558925505672,0.5093918626501867,,-0.03631498768864513,-0.0712908673093265,STABLE
0.255,0.22,0.8197923400447373,0.5014960505023375,,-0.035065500295708575,-0.06992178754066805,STABLE
0.255,0.23,0.8611353435604199,0.4931895020463476,,-0.0337482562934999,-0.06842857796743695,STABLE
0.255,0.24000000000000002,0.9031401558761102,0.4844644635844524,,-0.03236156716935604,-0.06679863973906258,STABLE
0.255,0.25,0.9458677821373823,0.47531233271391166,,-0.03090356580119603,-0.0650173868301388,STABLE
0.255,0.26,0.9893859027555449,0.46572355508332247,,-0.029372185149919152,-0.06306785394323502,STABLE
0.255,0.27,1.033769982532762,0.45568750531522717,,-0.027765133644854615,-0.06093020616320774,STABLE
0.255,0.28,1.079104613691159,0.44519234933033225,,-0.02607986667053022,-0.05858112051961384,STABLE
0.255,0.29000000000000004,1.1254851553036684,0.43422488480001137,,-0.024313553447639608,-0.055992998786418176,STABLE
0.255,0.30000000000000004,1.173019751950716,0.42277035588104805,,-0.02246303846702419,-0.053132955408407255,STABLE
0.255,0.31,1.2218318426634802,0.4108122377753807,,-0.020524796484872498,-0.049961502111080774,STABLE
0.255,0.32,1.2720633109877795,0.398331986073579,,-0.018494879928551578,-0.04643081794876308,STABLE
0.255,0.33,1.323878483857053,0.38530874543390276,,-0.016368857417722385,-0.0424824445634867,STABLE
0.255,0.34,1.3774692695998414,0.37171901222238396,,-0.014141742022483613,-0.03804417196186672,STABLE
0.255,0.35,1.4330618475795118,0.3575362469369502,,-0.011807907965685155,-0.033025764707340075,STABLE
0.255,0.36,1.490925506174177,0.34273043583028107,,-0.009360994945694296,-0.02731299577470216,STABLE
0.255,0.37,1.551384509312259,0.3272676097600476,,-0.006793800564103358,-0.020759159664729937,STABLE
0.255,0.38,1.614834318154947,0.31110934733953155,,-0.004098164440676909,-0.013172746096260315,STABLE
0.255,0.39,1.6817642147286354,0.29421233038706757,,-0.0012648545209489274,-0.0042991213838144615,STABLE
0.255,0.4,1.7527895672713067,0.27652810739164246,,0.0017165187011367264,0.006207393227863262,STABLE
0.255,0.41000000000000003,1.8286990083282073,0.25800341139769456,,0.0048575006638780305,0.018827273009931356,STABLE
0.255,0.42000000000000004,1.9105253522405234,0.23858180451010175,,0.008170568424722333,0.03424640215753077,STABLE
0.255,0.43000000000000005,1.9996554570137273,0.21820840873301747,,0.011668369845616961,0.05347351146258279,STABLE
0.255,0.44,2.0980058278103506,0.19684188571391734,,0.015361675749299163,0.07804068576961942,STABLE
0.255,0.45,2.20831134395383,0.1744840153500344,,0.01925416317661315,0.11034915225894561,STABLE
0.255,0.46,2.3346056537988775,0.1512541457472496,,0.023329039112656807,0.15423735327982585,STABLE
0.255,0.47000000000000003,2.482979644282429,0.1275842424554891,,0.02751357683954102,0.21565027396811803,STABLE
0.255,0.48000000000000004,2.662394100159121,0.10474343276235917,,0.03158297434862743,0.3015270123930591,STABLE
0.255,0.49,2.882984170589808,0.08610337090493958,,0.03492703794045637,0.4056407731007041,STABLE
0.255,0.5,3.141592653589793,0.07833333333333331,,0.036327160493827164,0.46375098502758094,STABLE
0.26,0.2,0.7324136300417131,0.5215834823898055,,-0.03829988534229609,-0.07343001961414236,STABLE
0.26,0.21000000000000002,0.7722145940266273,0.5140581206304862,,-0.03711300014496908,-0.07219611685046513,STABLE
0.26,0.22,0.8125620954634392,0.5061267521387596,,-0.03585961015860119,-0.07085104671323504,STABLE
0.26,0.23,0.8535055036423308,0.4977822375850027,,-0.034538163628062966,-0.06938408207497587,STABLE
0.26,0.24000000000000002,0.8950990756733554,0.4890166540709797,,-0.03314694448740143,-0.06778285404282003,STABLE
0.26,0.25,0.9374027164003262,0.47982120041821724,,-0.031684052985311184,-0.06603304096962583,STABLE
0.26,0.26,0.9804828854655203,0.47018608771625137,,-0.03014738327618319,-0.06411798235590624,STABLE
0.26,0.27,1.0244136878154941,0.4601004124373773,,-0.02853459741558066,-0.06201819568997757,STABLE
0.26,0.28,1.0692781947704937,0.44955200885894075,,-0.02684309507828826,-0.05971076660611924,STABLE
0.26,0.29000000000000004,1.11517005750996,0.4385272768419502,,-0.025069978167984244,-0.05716857192675776,STABLE
0.26,0.30000000000000004,1.1621954950510203,0.4270109801820018,,-0.023212009305712683,-0.054359279697723924,STABLE
0.26,0.31,1.2104757669558517,0.41498600975881567,,-0.02126556296404206,-0.051244047905136175,STABLE
0.26,0.32,1.2601502807638683,0.40243310456876036,,-0.019226567752168085,-0.04777581052326922,STABLE
0.26,0.33,1.3113805411489432,0.3893305224803256,,-0.017090438057859793,-0.04389699001501594,STABLE
0.26,0.34,1.364355230921141,0.3756536513514114,,-0.0148519929336511,-0.039536399766703076,STABLE
0.26,0.35,1.4192968374153971,0.3613745503524328,,-0.012505359831358533,-0.03460498205853899,STABLE
0.26,0.36,1.4764704247889258,0.3464614117693272,,-0.010043860672333817,-0.0289898393620268,STABLE
0.26,0.37,1.536195442292399,0.3308779370197587,,-0.007459878092743536,-0.022545710239658748,STABLE
0.26,0.38,1.5988619178807295,0.3145826310540137,,-0.00474470120233436,-0.015082527558616854,STABLE
0.26,0.39,1.664953134654618,0.29752804546755146,,-0.0018883543711111558,-0.006346811333848192,STABLE
0.26,0.4,1.7350781420528776,0.2796600622813946,,0.0011205770837781498,0.004006925674823824,STABLE
0.26,0.41000000000000003,1.810019624483312,0.2609174535537188,,0.004295085635217255,0.016461473070190625,STABLE
0.26,0.42000000000000004,1.8908065351203136,0.24123228886968184,,0.007649746529521562,0.03171112194542952,STABLE
0.26,0.43000000000000005,1.9788280982470623,0.22053258000547543,,0.011200344511779014,0.050787709060951126,STABLE
0.26,0.44,2.0760195256955316,0.1987506284060475,,0.014962502322179378,0.0752827925233574,STABLE
0.26,0.45,2.1851764182795894,0.17584614367054163,,0.018947670306474648,0.10775141217753545,STABLE
0.26,0.46,2.310504110389725,0.15186943854926677,,0.023151861279583092,0.15244582123132416,STABLE
0.26,0.47000000000000003,2.4585724354168783,0.1271405678064426,,0.027523207501662594,0.21647856366005558,STABLE
0.26,0.48000000000000004,2.63968939275079,0.10278154598421152,,0.03186460993195853,0.3100226760244813,STABLE
0.26,0.49,2.8673412745486995,0.08222259556827899,,0.0355563720152545,0.43244039876761015,STABLE
0.26,0.5,3.141592653589793,0.0733333333333333,,0.037160493827160496,0.5067340067340069,STABLE
0.265,0.2,0.7260550892223036,0.5263004509849382,,-0.03910435274871587,-0.07430043556971029,STABLE
0.265,0.21000000000000002,0.7654823176162838,0.518743897073922,,-0.037914188678864626,-0.07308845249597565,STABLE
0.265,0.22,0.805446359074526,0.5107792510771508,,-0.03665727434174607,-0.07176735206929767,STABLE
0.265,0.23,0.8459956706599407,0.5023992455377821,,-0.03533203765677354,-0.07032661368540302,STABLE
0.265,0.24000000000000002,0.8871835032452072,0.49359580738990716,,-0.03393673851166416,-0.0687541060997231,STABLE
0.265,0.25,0.9290686470837847,0.48435995875688476,,-0.032469448599229137,-0.06703578198859034,STABLE
0.265,0.26,0.9717163219403888,0.47468170189056125,,-0.03092802801931426,-0.0651552985845761,STABLE
0.265,0.27,1.0151992475048865,0.46454988522559426,,-0.029310098024464906,-0.06309354271012545,STABLE
0.265,0.28,1.0595989405284711,0.45395204683693163,,-0.027613009145144068,-0.06082803092870114,STABLE
0.265,0.29000000000000004,1.1050072996840674,0.44287423073028853,,-0.025833803750861608,-0.05833214479032187,STABLE
0.265,0.30000000000000004,1.1515285591912194,0.43130077032197595,,-0.023969171877569823,-0.05557414576300498,STABLE
0.265,0.31,1.1992817201873587,0.41921403212529806,,-0.022015398867229165,-0.05251589207455018,STABLE
0.265,0.32,1.248403608356928,0.40659411100235066,,-0.019968303008852127,-0.04911114664111966,STABLE
0.265,0.33,1.2990527631402122,0.39341846631748634,,-0.017823160927687057,-0.045303315562477624,STABLE
0.265,0.34,1.3514144469048681,0.3796614859355208,,-0.015574617930889842,-0.04102238048326801,STABLE
0.265,0.35,1.4057071862135166,0.3652939623462225,,-0.013216579890043894,-0.03618066886503131,STABLE
0.265,0.36,1.4621914455492868,0.3502824626389036,,-0.010742082571811924,-0.030666915182920924,STABLE
0.265,0.37,1.5211813267763947,0.3345885726077375,,-0.00814313377232784,-0.024337752209710482,STABLE
0.265,0.38,1.5830606551040642,0.3181679974423819,,-0.005410523578229309,-0.0170052413244645,STABLE
0.265,0.39,1.648305579656819,0.30096951326295623,,-0.0025335995896830607,-0.008418127012982413,STABLE
0.265,0.4,1.7175171161314424,0.28293379964623433,,0.0004999904851153159,0.00176716421205412,STABLE
0.265,0.41000000000000003,1.7914693368710939,0.26399227867994984,,0.003704570549289788,0.014032874627295489,STABLE
0.265,0.42000000000000004,1.871183062509642,0.24406633080861265,,0.007096661508357205,0.02907677386243878,STABLE
0.265,0.43000000000000005,1.9580427861801253,0.22306789081631911,,0.010694987745357584,0.04794498977965485,STABLE
0.265,0.44,2.0539901723602916,0.2009041248902626,,0.014519787491748615,0.0722722218853375,STABLE
0.265,0.45,2.161859615985533,0.1774937138525553,,0.01859007540239684,0.1047365284037027,STABLE
0.265,0.46,2.285988335514695,0.15281708421336487,,0.02291479964209428,0.14994920077195287,STABLE
0.265,0.47000000000000003,2.4333588949104863,0.12707278918303863,,0.027464678257017244,0.21613343370826996,STABLE
0.265,0.48000000000000004,2.6155831089432278,0.10119300826516789,,0.032078149997801876,0.31699966774131016,STABLE
0.265,0.49,2.8499751867641296,0.07855276329791228,,0.03614705661442461,0.46016276317787164,STABLE
0.265,0.5,3.141592653589793,0.0683333333333333,,0.03799382716049383,0.5560072267389343,STABLE
0.27,0.2,0.7197979939148875,0.5310341000171608,,-0.03991152135580832,-0.07515811386598063,STABLE
0.27,0.21000000000000002,0.7588569075390307,0.5234483628759077,,-0.03871840971829837,-0.07396796410934085,STABLE
0.27,0.22,0.7984429445521507,0.5154526202174263,,-0.03745833199491396,-0.07267075677899053,STABLE
0.27,0.23,0.8386036446648297,0.5070394922188778,,-0.03612969867366083,-0.07125618266054991,STABLE
0.27,0.24000000000000002,0.8793912450284421,0.4982007738689769,,-0.034730748946246455,-0.06971235447213574,STABLE
0.27,0.25,0.9208634107584772,0.48892733174557895,,-0.03325952984385167,-0.06802550744117286,STABLE
0.27,0.26,0.9630841071900291,0.4792089839284941,,-0.03171387195888215,-0.06617962730768501,STABLE
0.27,0.27,1.0061246489454132,0.4690343597202246,,-0.03009136107681576,-0.06415598442460596,STABLE
0.27,0.28,1.0500649714422627,0.4583907350537617,,-0.02838930487995249,-0.06193254511704494,STABLE
0.27,0.29000000000000004,1.0949951848208797,0.44726383845614376,,-0.026604693677626395,-0.05948322084222131,STABLE
0.27,0.30000000000000004,1.1410174900373007,0.4356376211442423,,-0.02473415385145017,-0.05677690045796237,STABLE
0.27,0.31,1.1882485644689897,0.4234939831709814,,-0.02277389236128415,-0.05377618872117345,STABLE
0.27,0.32,1.2368225634874652,0.41081244540862927,,-0.020719630214253375,-0.05043574128735037,STABLE
0.27,0.33,1.2868949407593044,0.3975697544190808,,-0.01856652222532508,-0.04670003695943628,STABLE
0.27,0.34,1.3386473725435957,0.38373940376893806,,-0.016309059657510807,-0.0425003517942896,STABLE
0.27,0.35,1.39229419450398,0.36929105095842796,,-0.013940951383602495,-0.03775058005716977,STABLE
0.27,0.36,1.448090947624767,0.3541898037966185,,-0.01145497802966769,-0.03234135457000711,STABLE
0.27,0.37,1.5063459236475973,0.33839534402484284,,-0.008842812157480189,-0.02613160113937917,STABLE
0.27,0.38,1.5674360716923308,0.3218608503726311,,-0.00609479606916982,-0.018936121190612748,STABLE
0.27,0.39,1.631829406011866,0.3045316813747446,,-0.0031996677998209692,-0.010506847055704475,STABLE
0.27,0.4,1.7001173831812872,0.28634378936716476,,-0.0001442268389459297,-0.0005036841876845969,STABLE
0.27,0.41000000000000003,1.7730630699016081,0.26722188564335636,,0.003087061668496857,0.011552428279085484,STABLE
0.27,0.42000000000000004,1.851675267990055,0.24707752923235737,,0.006512500316334908,0.02635812466058135,STABLE
0.27,0.43000000000000005,1.9373271746860448,0.22580775451643353,,0.010153529998515102,0.044965373400301725,STABLE
0.27,0.44,2.031955307016889,0.2032961393532553,,0.014034709306331697,0.06903578863317437,STABLE
0.27,0.45,2.1384113468854204,0.17942211854268167,,0.018182272134268162,0.10133796369115376,STABLE
0.27,0.46,2.2611228956413663,0.15409712319313645,,0.0226179100983573,0.14677697824383987,STABLE
0.27,0.47000000000000003,2.407406542439121,0.1273925116412653,,0.027335931056075877,0.214580360367282,STABLE
0.27,0.48000000000000004,2.5900784672661175,0.10001299389155086,,0.03221719148818131,0.3221300576514691,STABLE
0.27,0.49,2.8306655986293503,0.07514054948798249,,0.03669052252568163,0.4882919113008308,STABLE
0.27,0.5,3.141592653589793,0.0633333333333333,,0.038827160493827166,0.613060428849903,STABLE
0.275,0.2,0.7136402722175613,0.5357837224614321,,-0.04072126910242005,-0.07600318448523104,STABLE
0.275,0.21000000000000002,0.7523362425620088,0.5281707244666507,,-0.039525526010704366,-0.07483475357445725,STABLE
0.275,0.22,0.7915496942816899,0.5201459717883252,,-0.03826262927685394,-0.07356132961157492,STABLE
0.275,0.23,0.8313272469448023,0.5117019872865614,,-0.03693097471469139,-0.07217281861758619,STABLE
0.275,0.24000000000000002,0.8717201193177264,0.5028304514115414,,-0.0355287840133637,-0.07065758231950273,STABLE
0.275,0.25,0.9127848442518984,0.4935220954132544,,-0.03405408325651405,-0.06900214513799754,STABLE
0.275,0.26,0.9545841222793697,0.48376657679013724,,-0.03250467786872902,-0.06719083009909937,STABLE
0.275,0.27,0.9971878482760332,0.4735523333801943,,-0.03087812326499849,-0.06520530274783337,STABLE
0.275,0.28,1.0406743559150624,0.4628664116054769,,-0.02917169029861597,-0.06302399475786631,STABLE
0.275,0.29000000000000004,1.0851319386975364,0.45169426323867196,,-0.027382324371770142,-0.06062136847928379,STABLE
0.275,0.30000000000000004,1.1306607258059218,0.4400195035646814,,-0.025506596769972512,-0.05796696865329545,STABLE
0.275,0.31,1.1773750181528513,0.4278236218682935,,-0.023540646386854925,-0.055024185630642826,STABLE
0.275,0.32,1.2254062285149367,0.41508563261905773,,-0.021480109484172793,-0.05174862196178693,STABLE
0.275,0.33,1.2749066251900238,0.40178165233618307,,-0.019320034438701682,-0.04808590518348512,STABLE
0.275,0.34,1.326054160098902,0.3878843826303342,,-0.017054777504965198,-0.04396871405162741,STABLE
0.275,0.35,1.3790587842824131,0.3733624739495272,,-0.014677874386102713,-0.039312666403873604,STABLE
0.275,0.36,1.4341708403808109,0.3581797366755719,,-0.012181880755332492,-0.03401052462765771,STABLE
0.275,0.37,1.4916924141871186,0.3422941559625309,,-0.009558172688889257,-0.027923855906951386,STABLE
0.275,0.38,1.5519929983083738,0.32565665387159254,,-0.006796695165018731,-0.020870739425145262,STABLE
0.275,0.39,1.6155316025331508,0.3082095277521257,,-0.0038856434098567213,-0.01260714890352679,STABLE
0.275,0.4,1.6828887878407304,0.28988448152608454,,-0.0008110585189843254,-0.0027978680152678137,STABLE
0.275,0.41000000000000003,1.7548144980964586,0.27060017040476925,,0.00244368228889875,0.009030601441393922,STABLE
0.275,0.42000000000000004,1.8323020394254086,0.2502592424394826,,0.005898491883243182,0.023569526646631436,STABLE
0.275,0.43000000000000005,1.9167073539352009,0.2287451136851766,,0.009577285682388515,0.04186880990852463,STABLE
0.275,0.44,2.0099510682079,0.20591957595782612,,0.013508601196129977,0.065601345249937,STABLE
0.275,0.45,2.114881626217626,0.18162523098534689,,0.017725431172274483,0.09759344049343305,STABLE
0.275,0.46,2.2359753604433408,0.15570701586192714,,0.02226172223082332,0.1429718635836156,STABLE
0.275,0.47000000000000003,2.38079547961083,0.12810753856872278,,0.027135610369526466,0.2118189973259823,STABLE
0.275,0.48000000000000004,2.5632085684569277,0.099274596687352,,0.03227572336606201,0.32511563323403636,STABLE
0.275,0.49,2.80918177572957,0.0720423942789421,,0.037176407640916696,0.516035148651123,STABLE
0.275,0.5,3.141592653589793,0.05833333333333329,,0.0396604938271605,0.6798941798941804,STABLE
0.28,0.2,0.7075798914894619,0.5405486418697476,,-0.041533479350287776,-0.07683578522484906,STABLE
0.28,0.21000000000000002,0.7459182368074163,0.5329102223182758,,-0.04033540635286383,-0.07568893345185988,STABLE
0.28,0.22,0.7847644807885065,0.5248584557544859,,-0.03907001906621309,-0.07443915333334927,STABLE
0.28,0.23,0.8241643221927506,0.516385782061729,,-0.037735701251592264,-0.07307656903512753,STABLE
0.28,0.24000000000000002,0.8641679593054429,0.5074837837443005,,-0.03633066013303366,-0.0715897951752861,STABLE
0.28,0.25,0.9048307887087473,0.49814307600388497,,-0.03485290438075618,-0.06996565055234125,STABLE
0.28,0.26,0.9462142395731488,0.48835317826449576,,-0.03330021838292712,-0.06818880241809643,STABLE
0.28,0.27,0.9883867770508322,0.4781023633099727,,-0.031670132038684955,-0.06624132083227531,STABLE
0.28,0.28,1.031425118478357,0.46737747922231354,,-0.029959885110018555,-0.06410211540331362,STABLE
0.28,0.29000000000000004,1.0754157198867809,0.4561637380398973,,-0.028166384915884274,-0.06174621647242983,STABLE
0.28,0.30000000000000004,1.1204566093406116,0.44444446338969773,,-0.02628615581817398,-0.059143848069777294,STABLE
0.28,0.31,1.1666596702323324,0.4322007871442056,,-0.024315278506949502,-0.05625921847022598,STABLE
0.28,0.32,1.2141535154325171,0.4194112822115989,,-0.022249316501024744,-0.053048922250497905,STABLE
0.28,0.33,1.2630871477138277,0.40605151460341593,,-0.0200832264816907,-0.04945979945747935,STABLE
0.28,0.34,1.313634681987864,0.3920934925354894,,-0.017811247989551846,-0.0454260229476767,STABLE
0.28,0.35,1.3660015250094786,0.3775049829345617,,-0.015426766518825324,-0.040865067260580944,STABLE
0.28,0.36,1.4204325922998813,0.3622486555415829,,-0.01292214197137409,-0.0356720218935105,STABLE
0.28,0.37,1.4772234312278765,0.34628100071990353,,-0.010288491547523875,-0.029711394867562867,STABLE
0.28,0.38,1.536735586165793,0.3295509476673112,,-0.007515412134373946,-0.022805008413937008,STABLE
0.28,0.39,1.5994183195455587,0.3119980834442553,,-0.00459062172442925,-0.014713621550978074,STABLE
0.28,0.4,1.6658401451667533,0.29355033935815245,,-0.0014994920602017722,-0.005108125793621667,STABLE
0.28,0.41000000000000003,1.7367360428375447,0.2741209734386543,,0.0017755640793818209,0.0064773010875768516,STABLE
0.28,0.42000000000000004,1.8130807671095401,0.2536046559408006,,0.005255894668744443,0.02072475621256471,STABLE
0.28,0.43000000000000005,1.896207698510379,0.23187253585359996,,0.00896763552112639,0.038674849904554415,STABLE
0.28,0.44,1.988011839029935,0.20876660883110607,,0.012942927891152834,0.061997117085059186,STABLE
0.28,0.45,2.0913193175388405,0.18409556028376678,,0.017220971217725495,0.09354365304182738,STABLE
0.28,0.46,2.2106148334193003,0.15764173713622692,,0.02184722113585032,0.13858779744967498,STABLE
0.28,0.47000000000000003,2.3536164034707654,0.12922151161088744,,0.026863128480700934,0.20788433865091552,STABLE
0.28,0.48000000000000004,2.5350396403213096,0.09900701703468767,,0.03224846073594848,0.3257189409579934,STABLE
0.28,0.49,2.7852962809621613,0.06932513706126414,,0.037592442119028825,0.5422627882553995,STABLE
0.28,0.5,3.141592653589793,0.05333333333333329,,0.04049382716049383,0.75925925925926,STABLE
0.28500000000000003,0.2,0.7016148585102286,0.5453282110393474,,-0.042348040643862904,-0.07765606067427042,STABLE
0.28500000000000003,0.21000000000000002,0.7396008403901081,0.5376661295038108,,-0.04114792533035482,-0.07653062574041719,STABLE
0.28500000000000003,0.22,0.7780852079519013,0.5295892582712605,,-0.03988036068133963,-0.07530432322498608,STABLE
0.28500000000000003,0.23,0.8171127404070077,0.5210899678875804,,-0.038543720893432144,-0.07396749749315369,STABLE
0.28500000000000003,0.24000000000000002,0.856732615794037,0.5121597586956967,,-0.037136201608704324,-0.07250901887192011,STABLE
0.28500000000000003,0.25,0.8969990932573886,0.5027891481939186,,-0.03565579743941338,-0.07091600438771094,STABLE
0.28500000000000003,0.26,0.9379723275228186,0.49296753915375124,,-0.0341002756610572,-0.06917347077171687,STABLE
0.28500000000000003,0.27,0.9797193483201464,0.4826830644522309,,-0.03246714526953814,-0.06726389977320464,STABLE
0.28500000000000003,0.28,1.0223152473773642,0.4719224035234969,,-0.030753620389503317,-0.0651666887604587,STABLE
0.28500000000000003,0.29000000000000004,1.065844629078468,0.4606705639556855,,-0.028956576746983192,-0.06285744958032241,STABLE
0.28500000000000003,0.30000000000000004,1.1104033994226508,0.4489106199447124,,-0.027072499558684533,-0.060307104256118446,STABLE
0.28500000000000003,0.31,1.156100993931263,0.43662339688085244,,-0.025097420706011567,-0.057480705077424546,STABLE
0.28500000000000003,0.32,1.2030631820310507,0.42378708806948845,,-0.02302684241025635,-0.054335875392410804,STABLE
0.28500000000000003,0.33,1.2514356387546521,0.41037678510874065,,-0.0208556437335576,-0.05082072010489414,STABLE
0.28500000000000003,0.34,1.30138855299385,0.3963638972656085,,-0.018577964997957514,-0.0468709817572214,STABLE
0.28500000000000003,0.35,1.3531226591989973,0.38171542655168633,,-0.016187063489687372,-0.04240610246202758,STABLE
0.28500000000000003,0.36,1.4068772599885226,0.366393052975569,,-0.013675131370032912,-0.03732366446081271,STABLE
0.28500000000000003,0.37,1.4629410912621452,0.35035196695404336,,-0.011033063203454182,-0.03149136937741645,STABLE
0.28500000000000003,0.38,1.521667341212347,0.3335393605737053,,-0.008250155417368094,-0.02473517789078144,STABLE
0.28500000000000003,0.39,1.5834949027146492,0.3158924526073895,,-0.005313712548663013,-0.016821270988918564,STABLE
0.28500000000000003,0.4,1.6489792689592178,0.2973358688007191,,-0.002208524199124722,-0.007427708631429605,STABLE
0.28500000000000003,0.41000000000000003,1.7188388845744835,0.27777812315501377,,0.0010838391669877139,0.0039018161498012524,STABLE
0.28500000000000003,0.42000000000000004,1.7940273180776725,0.2571068461609659,,0.004585984993973793,0.01783688401320384,STABLE
0.28500000000000003,0.43000000000000005,1.8758507584888209,0.2351823066388501,,0.008326009412892344,0.03540236309391209,STABLE
0.28500000000000003,0.44,1.9661699586413994,0.21182881593592276,,0.012339260669715517,0.058251095891732156,STABLE
0.28500000000000003,0.45,2.0677714584031386,0.18682443110962063,,0.01667052558798801,0.08923097203602058,STABLE
0.28500000000000003,0.46,2.185110485126628,0.15989395324316308,,0.02137581415043636,0.13368744544034453,STABLE
0.28500000000000003,0.47000000000000003,2.3259680152554356,0.13073374959611403,,0.026518693955242326,0.2028450498602587,STABLE
0.28500000000000003,0.48000000000000004,2.5056720329029116,0.09923372473257644,,0.032131182906389937,0.32379297454549655,STABLE
0.28500000000000003,0.49,2.758806967043703,0.06706546723674217,,0.03792455255797903,0.5654855489801444,STABLE
0.28500000000000003,0.5,3.141592653589793,0.048333333333333284,,0.04132716049382717,0.8550446998722872,STABLE
0.29,0.2,0.6957432195272064,0.5501218107329593,,-0.0431648464796704,-0.07846416127758934,STABLE
0.29,0.21000000000000002,0.7333820399043081,0.5424377503074667,,-0.0419629630664518,-0.07735996073773663,STABLE
0.29,0.22,0.7715098120229492,0.5343376001882563,,-0.04069351960913041,-0.07615694571146292,STABLE
0.29,0.23,0.81017039854478,0.5258136745328322,,-0.03935488309637449,-0.07484568204001157,STABLE
0.29,0.24000000000000002,0.849411959604273,0.5168574065093858,,-0.03794524031959822,-0.07341529760763747,STABLE
0.29,0.25,0.8892876183090921,0.5074592333320698,,-0.036462575012200786,-0.07185321030180272,STABLE
0.29,0.26,0.9298562550075898,0.4976084614636145,,-0.034904641055135834,-0.07014479004732135,STABLE
0.29,0.27,0.9711834621983767,0.4872931077601898,,-0.03326893091284935,-0.06827293549413774,STABLE
0.29,0.28,1.0133427015675354,0.4764997112173158,,-0.03155263824315497,-0.06621753906743681,STABLE
0.29,0.29000000000000004,1.0564167177330093,0.4652131085067631,,-0.02975261333451575,-0.06395480434765784,STABLE
0.29,0.30000000000000004,1.1004992813457277,0.4534161645412439,,-0.02786530963850257,-0.061456365735650505,STABLE
0.29,0.31,1.1456973594844504,0.4410894466778392,,-0.025886719146681836,-0.058688139881045154,STABLE
0.29,0.32,1.192133847211776,0.4282108275989278,,-0.023812293655774266,-0.055608807907298906,STABLE
0.29,0.33,1.2399510460707086,0.4147549969880351,,-0.02163684799294227,-0.05216778134095984,STABLE
0.29,0.34,1.2893151516927508,0.4006928552455648,,-0.019354439915317368,-0.04830243330257534,STABLE
0.29,0.35,1.3404221274086985,0.38599075275253614,,-0.01695821947326931,-0.043934263586209416,STABLE
0.29,0.36,1.3935055169648451,0.3706095241816964,,-0.014440237855767707,-0.03896348289389396,STABLE
0.29,0.37,1.448847027026135,0.3545032468716526,,-0.011791201679519652,-0.033261195161320034,STABLE
0.29,0.38,1.5067911600032446,0.33761762182307786,,-0.009000152641613678,-0.02665782844217189,STABLE
0.29,0.39,1.5677659306604037,0.31988782983166664,,-0.0060540432982061744,-0.018925519302788015,STABLE
0.29,0.4,1.6323130074157248,0.30123564459934893,,-0.002937165622924415,-0.009750392012309567,STABLE
0.29,0.41000000000000003,1.701132988381923,0.2815654750373647,,0.00036963301925492406,0.0013127782062267133,STABLE
0.29,0.42000000000000004,1.7751560339931016,0.2607588391877809,,0.00389004630099951,0.014918176170427577,STABLE
0.29,0.43000000000000005,1.8556571913074926,0.23866651826663624,,0.007653870168237237,0.032069308354707705,STABLE
0.29,0.44,1.9444555020246093,0.2150973123016029,,0.011699252770513766,0.05439051118458156,STABLE
0.29,0.45,2.044282688497045,0.18980217857676643,,0.0160759060733974,0.08469821681680761,STABLE
0.29,0.46,2.1595301693361066,0.16245426641589747,,0.020849285124414113,0.1283394125891288,STABLE
0.29,0.47000000000000003,2.2979540276492063,0.13263930172301344,,0.026103300533842428,0.19679914018511002,STABLE
0.29,0.48000000000000004,2.4752383934651,0.09997083478088206,,0.031921031579110394,0.3193034413394217,STABLE
0.29,0.49,2.729567842497813,0.06534738061872086,,0.03815733474061895,0.5839152905493438,STABLE
0.29,0.5,3.141592653589793,0.043333333333333335,,0.04216049382716049,0.9729344729344729,STABLE
0.295,0.2,0.6899630602024126,0.55492884845007,,-0.043983795085007604,-0.07926024247586953,STABLE
0.295,0.21000000000000002,0.7272598587736405,0.5472244188859379,,-0.042780404980411496,-0.07817707599289084,STABLE
0.295,0.22,0.7650362624636522,0.539102735602186,,-0.041509367243010874,-0.07699713709789337,STABLE
0.295,0.23,0.803335221948948,0.5305560686402949,,-0.040169043881914,-0.07571121367975099,STABLE
0.295,0.24000000000000002,0.842203883702646,0.5215757981962231,,-0.03875761542037464,-0.07430869214869812,STABLE
0.295,0.25,0.8816942385157535,0.5121522977070427,,-0.03727305771878107,-0.07277729278118304,STABLE
0.295,0.26,0.921863895273904,0.5022747966047967,,-0.03571311477906459,-0.07110274101044459,STABLE
0.295,0.27,0.9627770109561375,0.49193121835960096,,-0.034075266667899784,-0.06926835581105734,STABLE
0.295,0.28,1.004505417150943,0.48110798826254697,,-0.03235669146578255,-0.06725452965899431,STABLE
0.295,0.29000000000000004,1.0471299960931562,0.46978980385122304,,-0.030554219844942148,-0.06503806509733939,STABLE
0.295,0.30000000000000004,1.090742376761846,0.4579593588135516,,-0.028664280473002814,-0.06259131934166426,STABLE
0.295,0.31,1.1354470461191863,0.4455970084124501,,-0.02668283389083932,-0.059881088488236346,STABLE
0.295,0.32,1.181364005438949,0.4326803606517535,,-0.024605291762793996,-0.05686713334002644,STABLE
0.295,0.33,1.2286321520548729,0.4191837721022473,,-0.022426417356972997,-0.053500204085912814,STABLE
0.295,0.34,1.2774136410104655,0.4050777198435266,,-0.020140201648942747,-0.04971935177457428,STABLE
0.295,0.35,1.3278995924772972,0.390328010301741,,-0.017739707347577533,-0.0454482047902838,STABLE
0.295,0.36,1.3803176819676546,0.37489477022394246,,-0.015216870092856015,-0.040589710237265396,STABLE
0.295,0.37,1.4349424201462462,0.35873114197846023,,-0.012562241551579473,-0.035018541970726826,STABLE
0.295,0.38,1.4921093666259746,0.34178157046649227,,-0.009764652283895331,-0.02856986194594317,STABLE
0.295,0.39,1.5522352553675596,0.3239795148941611,,-0.0068107616355800845,-0.021022198387466107,STABLE
0.295,0.4,1.6158472846402898,0.3052443330120502,,-0.0036844450601696242,-0.0120704781766552,STABLE
0.295,0.41000000000000003,1.683627140724337,0.28547694635938203,,-0.00036594185291947273,-0.0012818613116969341,STABLE
0.295,0.42000000000000004,1.7564797496889961,0.26455366399908864,,0.0031693594427259137,0.011980024751185574,STABLE
0.295,0.43000000000000005,1.835645731074658,0.24231715190226683,,0.006952698413967469,0.028692555848344087,STABLE
0.295,0.44,1.92289612669876,0.21856287871259167,,0.011024615685154324,0.05044139128333682,STABLE
0.295,0.45,2.0208947917944786,0.19301834922571362,,0.015439065738070615,0.0799875545511807,STABLE
0.295,0.46,2.1339391892240753,0.16531150935638278,,0.020269739609157098,0.1226154167249122,STABLE
0.295,0.47000000000000003,2.2696800172850864,0.13492920624676905,,0.02561867813569969,0.18986755238777775,STABLE
0.295,0.48000000000000004,2.443898887612865,0.10122593939497448,,0.03161672427413143,0.312338166117341,STABLE
0.295,0.49,2.6975262651015655,0.06425689121079836,,0.038275033119446404,0.5956564719865297,STABLE
0.295,0.5,3.141592653589793,0.03833333333333333,,0.042993827160493825,1.1215780998389695,STABLE
0.3,0.2,0.6842725054702901,0.55974875724808,,-0.044804789205764896,-0.08004446392349462,STABLE
0.3,0.21000000000000002,0.7212323574780112,0.5520254979801501,,-0.04360014155502725,-0.07898211534532239,STABLE
0.3,0.22,0.7586625626236297,0.5438839504592533,,-0.042327780630071955,-0.0778250224047438,STABLE
0.3,0.23,0.7966051655672688,0.5353163522221305,,-0.04098606556381571,-0.07656419497308475,STABLE
0.3,0.24000000000000002,0.835106305069823,0.5263140439275429,,-0.039573173048590364,-0.07518927816039497,STABLE
0.3,0.25,0.8742168454106882,0.5168673508478592,,-0.038087073908138314,-0.0736882951605688,STABLE
0.3,0.26,0.9139931294904221,0.5069654436146938,,-0.03652550558223247,-0.07204732796342773,STABLE
0.3,0.27,0.9544978836510908,0.49659617371362835,,-0.03488593963943893,-0.07025011767319128,STABLE
0.3,0.28,0.9958013132818404,0.48574587800543834,,-0.0331655431951565,-0.06827755972184531,STABLE
0.3,0.29000000000000004,1.0379824405822156,0.47439914493769286,,-0.03136113279633764,-0.06610706012224492,STABLE
0.3,0.30000000000000004,1.081130752830369,0.46253853294848934,,-0.029469118911455195,-0.06371170575476579,STABLE
0.3,0.31,1.1253482532534695,0.450144228630837,,-0.027485438590938067,-0.06105918246366957,STABLE
0.3,0.32,1.1707520403333713,0.43719362819563695,,-0.025405473075876057,-0.05811034616567542,STABLE
0.3,0.33,1.2174775901202743,0.42366082015123113,,-0.023223946035418008,-0.05481730887252667,STABLE
0.3,0.34,1.2656829878495244,0.4095159391599347,,-0.02093479656020354,-0.05112083452270106,STABLE
0.3,0.35,1.3155544628870153,0.3947243495694522,,-0.018531018803005853,-0.04694673339311007,STABLE
0.3,0.36,1.3673137465724516,0.3792456002934938,,-0.01600445687701418,-0.04220077138568916,STABLE
0.3,0.37,1.4212280334912666,0.36303206750751904,,-0.013345538707882675,-0.03676132193915973,STABLE
0.3,0.38,1.477623750105233,0.3460271629787276,,-0.010542925003214465,-0.03046848956150475,STABLE
0.3,0.39,1.5369060444981748,0.3281629250770713,,-0.0075830376591314265,-0.023107539211964602,STABLE
0.3,0.4,1.5995871466238847,0.3093567112186772,,-0.004449412763850086,-0.014382790489083322,STABLE
0.3,0.41000000000000003,1.6663289953301736,0.28950654647097535,,-0.0011217913719208134,-0.003874839396881408,STABLE
0.3,0.42000000000000004,1.738009829284358,0.2684843998396821,,0.0024251940611045458,0.009032904938062258,STABLE
0.3,0.43000000000000005,1.8158331911856251,0.24612615265512922,,0.006223978868393476,0.02528775914810843,STABLE
0.3,0.44,1.901516982401033,0.22221608270143453,,0.010317096908908977,0.046428218801655506,STABLE
0.3,0.45,1.9976463564869988,0.19646189993086818,,0.014762062173823353,0.07513956741239847,STABLE
0.3,0.46,2.1083992621852206,0.1684530696099862,,0.019639544640055687,0.11658763289696336,STABLE
0.3,0.47000000000000003,2.2412503739962797,0.13759092397304215,,0.02506721170630191,0.18218652061100532,STABLE
0.3,0.48000000000000004,2.411833882391867,0.10299758432234679,,0.03121864838625972,0.30310078233054627,STABLE
0.3,0.49,2.6627590299405792,0.06387381900584133,,0.03826305939402219,0.5990413598179091,STABLE
0.3,0.5,3.141592653589793,0.033333333333333326,,0.04382716049382716,1.314814814814815,STABLE
