{
  "metadata": {
    "pump_modes": [
      1,
      3,
      5,
      7,
      9,
      11,
      13,
      15,
      17,
      19
    ],
    "pump_basis": "positive_phasor",
    "real_reconstruction_factor": 2,
    "omega_p": 51227194494.314,
    "phase_convention": "exp_plus_i_k_omega_t",
    "pump_mode_policy": "positive_odd_jc",
    "pump_source_mode": 1,
    "pump_freq_ghz": 8.1530612245,
    "nt": 40,
    "pump_current_a": 1.3802579240341958e-05,
    "pump_current_ratio_ic_median": 5.196318754774446,
    "pump_backend": "full"
  },
  "solution_summary": {
    "x_rms": 3.1079556157237066e-15,
    "x_max_abs": 7.101330331865446e-15,
    "branch_psi_rms": 1.3967967149238135e-16,
    "branch_psi_max_abs": 2.472501449262624e-16,
    "branch_i_rms": 1.0769812714020812e-06,
    "branch_i_max_abs": 1.8130669956339767e-06,
    "X_h1_norm": 1.7643970193594525e-13,
    "X_h2_norm": 1.1125340594243161e-15,
    "X_h3_norm": 4.1493774601436405e-17,
    "X_h4_norm": 1.8090302221644005e-18,
    "X_h5_norm": 1.2956026444772167e-19,
    "X_h6_norm": 9.245891476168998e-21,
    "X_h7_norm": 1.0445456770031442e-21,
    "X_h8_norm": 1.4849337248275592e-22,
    "X_h9_norm": 5.990499523872023e-24,
    "X_h10_norm": 5.952668646731905e-25
  },
  "reports": [
    {
      "converged": true,
      "source_scale": 1.0,
      "coeff_abs": 1.0495907803347678e-19,
      "coeff_rel": 5.460719920009784e-12,
      "time_abs": 6.888125763310364e-19,
      "time_rel": 5.666318303125628e-12,
      "newton_iterations": 3,
      "gmres_iterations_total": 3,
      "factor_runtime_s": 1.947603499982506,
      "runtime_s": 2.6103748999885283,
      "failure_reason": "",
      "preconditioner_assembly_runtime_s": 0.0,
      "preconditioner_numeric_factor_runtime_s": 0.0
    }
  ],
  "final_status": "VALID_CONVERGED"
}