{
  "metadata": {
    "pump_modes": [
      1,
      3,
      5,
      7,
      9,
      11,
      13,
      15,
      17,
      19
    ],
    "pump_basis": "positive_phasor",
    "real_reconstruction_factor": 2,
    "omega_p": 51227194494.314,
    "phase_convention": "exp_plus_i_k_omega_t",
    "pump_mode_policy": "positive_odd_jc",
    "pump_source_mode": 1,
    "pump_freq_ghz": 8.1530612245,
    "nt": 40,
    "pump_current_a": 1.412780957162273e-05,
    "pump_current_ratio_ic_median": 5.318759672564383,
    "pump_backend": "full"
  },
  "solution_summary": {
    "x_rms": 3.2348831556502455e-15,
    "x_max_abs": 7.213876998339886e-15,
    "branch_psi_rms": 3.3577753812938297e-16,
    "branch_psi_max_abs": 1.4849298349496784e-15,
    "branch_i_rms": 1.5205506832038019e-06,
    "branch_i_max_abs": 2.656222585899523e-06,
    "X_h1_norm": 1.8303572700808025e-13,
    "X_h2_norm": 1.4981338837963658e-14,
    "X_h3_norm": 6.70003893921403e-16,
    "X_h4_norm": 1.2078172717601007e-16,
    "X_h5_norm": 4.16642793634536e-17,
    "X_h6_norm": 2.2260312708152372e-17,
    "X_h7_norm": 8.266460075817473e-18,
    "X_h8_norm": 3.711620962840572e-18,
    "X_h9_norm": 1.3237678796624966e-18,
    "X_h10_norm": 1.5757292113375952e-18
  },
  "reports": [
    {
      "converged": false,
      "source_scale": 1.0,
      "coeff_abs": 1.0415148252278059e-07,
      "coeff_rel": 5.2939613690869844,
      "time_abs": 6.587118129104128e-07,
      "time_rel": 5.2939613690869844,
      "newton_iterations": 4,
      "gmres_iterations_total": 4,
      "factor_runtime_s": 2.6622429999988526,
      "runtime_s": 5.091811099991901,
      "failure_reason": "stalled at Newton 4 (reduction ratio 0.996)",
      "preconditioner_assembly_runtime_s": 0.0,
      "preconditioner_numeric_factor_runtime_s": 0.0
    }
  ],
  "final_status": "FAIL"
}