{
  "metadata": {
    "pump_modes": [
      1,
      3,
      5,
      7,
      9,
      11,
      13,
      15,
      17,
      19
    ],
    "pump_basis": "positive_phasor",
    "real_reconstruction_factor": 2,
    "omega_p": 44252474118.46583,
    "phase_convention": "exp_plus_i_k_omega_t",
    "pump_mode_policy": "positive_odd_jc",
    "pump_source_mode": 1,
    "pump_freq_ghz": 7.043,
    "nt": 40,
    "pump_current_a": 7.5368919074802645e-06,
    "pump_current_ratio_ic_median": 2.8374474139644326,
    "pump_backend": "schur_cpu_mt"
  },
  "solution_summary": {
    "x_rms": 1.9402882283596854e-15,
    "x_max_abs": 4.3754498395383915e-15,
    "branch_psi_rms": 1.0804382824485558e-16,
    "branch_psi_max_abs": 2.232677949277788e-16,
    "branch_i_rms": 8.418291868876653e-07,
    "branch_i_max_abs": 1.6669218937111282e-06,
    "X_h1_norm": 1.1015197764875109e-13,
    "X_h2_norm": 4.78586202673795e-16,
    "X_h3_norm": 1.4390835230658068e-17,
    "X_h4_norm": 8.842084525620197e-19,
    "X_h5_norm": 5.455588239188925e-20,
    "X_h6_norm": 1.8378884777527753e-21,
    "X_h7_norm": 1.1902740228764397e-22,
    "X_h8_norm": 1.0301848271705351e-23,
    "X_h9_norm": 7.063116777448994e-24,
    "X_h10_norm": 6.575081013866428e-26
  },
  "reports": [
    {
      "converged": true,
      "source_scale": 1.0,
      "coeff_abs": 8.170798001294166e-22,
      "coeff_rel": 4.865696807985593e-14,
      "time_abs": null,
      "time_rel": null,
      "newton_iterations": 2,
      "gmres_iterations_total": 2,
      "factor_runtime_s": 0.25037500000325963,
      "runtime_s": 0.44293130000005476,
      "failure_reason": "",
      "preconditioner_assembly_runtime_s": 0.07792179999523796,
      "preconditioner_numeric_factor_runtime_s": 0.1716634999611415
    }
  ],
  "final_status": "VALID_CONVERGED"
}