{
  "metadata": {
    "pump_modes": [
      1,
      3,
      5,
      7,
      9,
      11,
      13,
      15,
      17,
      19
    ],
    "pump_basis": "positive_phasor",
    "real_reconstruction_factor": 2,
    "omega_p": 44252474118.46583,
    "phase_convention": "exp_plus_i_k_omega_t",
    "pump_mode_policy": "positive_odd_jc",
    "pump_source_mode": 1,
    "pump_freq_ghz": 7.043,
    "nt": 40,
    "pump_current_a": 2.6772707101473927e-06,
    "pump_current_ratio_ic_median": 1.0079240814706258,
    "pump_backend": "schur_cpu_mt"
  },
  "solution_summary": {
    "x_rms": 6.852176282505021e-16,
    "x_max_abs": 1.577403556007763e-15,
    "branch_psi_rms": 3.876810945167068e-17,
    "branch_psi_max_abs": 7.479698858911838e-17,
    "branch_i_rms": 3.1142944277394323e-07,
    "branch_i_max_abs": 5.98504705995215e-07,
    "X_h1_norm": 3.8900803414978314e-14,
    "X_h2_norm": 2.758643542791126e-17,
    "X_h3_norm": 1.485647359966462e-19,
    "X_h4_norm": 9.394681957968717e-22,
    "X_h5_norm": 7.217419715895496e-24,
    "X_h6_norm": 7.980661387231431e-26,
    "X_h7_norm": 8.887455184585255e-28,
    "X_h8_norm": 1.007302748270021e-29,
    "X_h9_norm": 9.596824189783878e-31,
    "X_h10_norm": 5.284920194593527e-31
  },
  "reports": [
    {
      "converged": true,
      "source_scale": 1.0,
      "coeff_abs": 1.3164601974290063e-21,
      "coeff_rel": 2.206928700424314e-13,
      "time_abs": null,
      "time_rel": null,
      "newton_iterations": 2,
      "gmres_iterations_total": 2,
      "factor_runtime_s": 0.2520381000067573,
      "runtime_s": 0.44316719999187626,
      "failure_reason": "",
      "preconditioner_assembly_runtime_s": 0.0857702000066638,
      "preconditioner_numeric_factor_runtime_s": 0.16527789999963716
    }
  ],
  "final_status": "VALID_CONVERGED"
}