{
  "metadata": {
    "pump_modes": [
      1,
      3,
      5,
      7,
      9,
      11,
      13,
      15,
      17,
      19
    ],
    "pump_basis": "positive_phasor",
    "real_reconstruction_factor": 2,
    "omega_p": 51227194494.314,
    "phase_convention": "exp_plus_i_k_omega_t",
    "pump_mode_policy": "positive_odd_jc",
    "pump_source_mode": 1,
    "pump_freq_ghz": 8.1530612245,
    "nt": 40,
    "pump_current_a": 1.398653862768397e-05,
    "pump_current_ratio_ic_median": 5.265574768300397,
    "pump_backend": "full"
  },
  "solution_summary": {
    "x_rms": 3.147839354728662e-15,
    "x_max_abs": 7.199593340008655e-15,
    "branch_psi_rms": 1.4585896046267644e-16,
    "branch_psi_max_abs": 2.6672055968247365e-16,
    "branch_i_rms": 1.119426611153043e-06,
    "branch_i_max_abs": 1.924673110436574e-06,
    "X_h1_norm": 1.787025846505155e-13,
    "X_h2_norm": 1.3208063314543599e-15,
    "X_h3_norm": 5.0585171607923646e-17,
    "X_h4_norm": 3.311137686074539e-18,
    "X_h5_norm": 2.828052306454237e-19,
    "X_h6_norm": 3.7505620769732743e-20,
    "X_h7_norm": 3.587612350073451e-21,
    "X_h8_norm": 5.859530285292342e-22,
    "X_h9_norm": 9.552220543513488e-23,
    "X_h10_norm": 1.9312260064424528e-23
  },
  "reports": [
    {
      "converged": false,
      "source_scale": 1.0,
      "coeff_abs": 1.5653543454570945e-10,
      "coeff_rel": 0.008036973904125569,
      "time_abs": 9.900170153773014e-10,
      "time_rel": 0.008036973904125635,
      "newton_iterations": 6,
      "gmres_iterations_total": 6,
      "factor_runtime_s": 3.959575900051277,
      "runtime_s": 6.134059800009709,
      "failure_reason": "stalled at Newton 6 (reduction ratio 1.000)",
      "preconditioner_assembly_runtime_s": 0.0,
      "preconditioner_numeric_factor_runtime_s": 0.0
    }
  ],
  "final_status": "FAIL"
}