{
  "metadata": {
    "pump_modes": [
      1,
      3,
      5,
      7,
      9,
      11,
      13,
      15,
      17,
      19
    ],
    "pump_basis": "positive_phasor",
    "real_reconstruction_factor": 2,
    "omega_p": 51227194494.314,
    "phase_convention": "exp_plus_i_k_omega_t",
    "pump_mode_policy": "positive_odd_jc",
    "pump_source_mode": 1,
    "pump_freq_ghz": 8.1530612245,
    "nt": 40,
    "pump_current_a": 1.4132215428148481e-05,
    "pump_current_ratio_ic_median": 5.320418365080973,
    "pump_backend": "full"
  },
  "solution_summary": {
    "x_rms": 3.143955481851505e-15,
    "x_max_abs": 7.197534741101258e-15,
    "branch_psi_rms": 1.4455053331241151e-16,
    "branch_psi_max_abs": 2.536566534072808e-16,
    "branch_i_rms": 1.1112854316687245e-06,
    "branch_i_max_abs": 1.850509518318609e-06,
    "X_h1_norm": 1.78483629479014e-13,
    "X_h2_norm": 1.0927783413380914e-15,
    "X_h3_norm": 4.193009571222925e-17,
    "X_h4_norm": 2.2249937311400703e-18,
    "X_h5_norm": 1.706078751424255e-19,
    "X_h6_norm": 1.3678667083745847e-20,
    "X_h7_norm": 1.2796815300183413e-21,
    "X_h8_norm": 1.4846717166998953e-22,
    "X_h9_norm": 1.9158204245426285e-23,
    "X_h10_norm": 3.8568396189869696e-24
  },
  "reports": [
    {
      "converged": false,
      "source_scale": 1.0,
      "coeff_abs": 2.2166185254814974e-10,
      "coeff_rel": 0.011263434906890865,
      "time_abs": 1.4019126488491024e-09,
      "time_rel": 0.011263434906890864,
      "newton_iterations": 4,
      "gmres_iterations_total": 4,
      "factor_runtime_s": 2.320858400024008,
      "runtime_s": 4.102735599997686,
      "failure_reason": "stalled at Newton 4 (reduction ratio 0.976)",
      "preconditioner_assembly_runtime_s": 0.0,
      "preconditioner_numeric_factor_runtime_s": 0.0
    }
  ],
  "final_status": "FAIL"
}