{
  "metadata": {
    "pump_modes": [
      1,
      3,
      5,
      7,
      9,
      11,
      13,
      15,
      17,
      19
    ],
    "pump_basis": "positive_phasor",
    "real_reconstruction_factor": 2,
    "omega_p": 44252474118.46583,
    "phase_convention": "exp_plus_i_k_omega_t",
    "pump_mode_policy": "positive_odd_jc",
    "pump_source_mode": 1,
    "pump_freq_ghz": 7.043,
    "nt": 40,
    "pump_current_a": 7.378061768060494e-06,
    "pump_current_ratio_ic_median": 2.7776519208236925,
    "pump_backend": "schur_cpu_mt"
  },
  "solution_summary": {
    "x_rms": 1.8974336462390018e-15,
    "x_max_abs": 4.263845422781916e-15,
    "branch_psi_rms": 1.0575704668652464e-16,
    "branch_psi_max_abs": 2.2047688518186575e-16,
    "branch_i_rms": 8.251100973882911e-07,
    "branch_i_max_abs": 1.6493244086988152e-06,
    "X_h1_norm": 1.0771915764576786e-13,
    "X_h2_norm": 4.505250326474487e-16,
    "X_h3_norm": 1.2988665439853459e-17,
    "X_h4_norm": 8.670500769062714e-19,
    "X_h5_norm": 5.164354197989971e-20,
    "X_h6_norm": 1.4725695802238212e-21,
    "X_h7_norm": 1.1074284180992733e-22,
    "X_h8_norm": 9.073572490380839e-24,
    "X_h9_norm": 7.181492597015719e-24,
    "X_h10_norm": 7.892825831299594e-26
  },
  "reports": [
    {
      "converged": true,
      "source_scale": 1.0,
      "coeff_abs": 5.447138685473847e-22,
      "coeff_rel": 3.3135917653702294e-14,
      "time_abs": null,
      "time_rel": null,
      "newton_iterations": 2,
      "gmres_iterations_total": 2,
      "factor_runtime_s": 0.32886569999391213,
      "runtime_s": 0.618716900004074,
      "failure_reason": "",
      "preconditioner_assembly_runtime_s": 0.1244703000120353,
      "preconditioner_numeric_factor_runtime_s": 0.20316540001658723
    }
  ],
  "final_status": "VALID_CONVERGED"
}