{
  "metadata": {
    "pump_modes": [
      1,
      3,
      5,
      7,
      9,
      11,
      13,
      15,
      17,
      19
    ],
    "pump_basis": "positive_phasor",
    "real_reconstruction_factor": 2,
    "omega_p": 51227194494.314,
    "phase_convention": "exp_plus_i_k_omega_t",
    "pump_mode_policy": "positive_odd_jc",
    "pump_source_mode": 1,
    "pump_freq_ghz": 8.1530612245,
    "nt": 40,
    "pump_current_a": 1.3288019265327293e-05,
    "pump_current_ratio_ic_median": 5.002600059009963,
    "pump_backend": "full"
  },
  "solution_summary": {
    "x_rms": 2.9835799220318172e-15,
    "x_max_abs": 6.7923766571514106e-15,
    "branch_psi_rms": 1.3198739678857846e-16,
    "branch_psi_max_abs": 2.6147810608081947e-16,
    "branch_i_rms": 1.0208247658884592e-06,
    "branch_i_max_abs": 1.8952695994760073e-06,
    "X_h1_norm": 1.6938096401100127e-13,
    "X_h2_norm": 6.527487415507295e-16,
    "X_h3_norm": 2.152953326130641e-17,
    "X_h4_norm": 6.50421135463595e-19,
    "X_h5_norm": 3.6882877298357373e-20,
    "X_h6_norm": 2.2628363967163743e-21,
    "X_h7_norm": 1.4713737228078612e-22,
    "X_h8_norm": 9.882778219162392e-24,
    "X_h9_norm": 7.488059803185742e-25,
    "X_h10_norm": 8.566086205431861e-26
  },
  "reports": [
    {
      "converged": true,
      "source_scale": 1.0,
      "coeff_abs": 1.2764594388018746e-20,
      "coeff_rel": 6.898217985417069e-13,
      "time_abs": 1.9897806760164719e-19,
      "time_rel": 1.7002199515203707e-12,
      "newton_iterations": 13,
      "gmres_iterations_total": 13,
      "factor_runtime_s": 8.249083599977894,
      "runtime_s": 11.305499800015241,
      "failure_reason": "",
      "preconditioner_assembly_runtime_s": 0.0,
      "preconditioner_numeric_factor_runtime_s": 0.0
    }
  ],
  "final_status": "VALID_CONVERGED"
}