{
  "metadata": {
    "pump_modes": [
      1,
      3,
      5,
      7,
      9,
      11,
      13,
      15,
      17,
      19
    ],
    "pump_basis": "positive_phasor",
    "real_reconstruction_factor": 2,
    "omega_p": 44252474118.46583,
    "phase_convention": "exp_plus_i_k_omega_t",
    "pump_mode_policy": "positive_odd_jc",
    "pump_source_mode": 1,
    "pump_freq_ghz": 7.043,
    "nt": 40,
    "pump_current_a": 7.454907974302923e-06,
    "pump_current_ratio_ic_median": 2.8065825558722257,
    "pump_backend": "schur_cpu_mt"
  },
  "solution_summary": {
    "x_rms": 1.9182355309183613e-15,
    "x_max_abs": 4.3187170076381235e-15,
    "branch_psi_rms": 1.0689439191056109e-16,
    "branch_psi_max_abs": 2.2134785028016807e-16,
    "branch_i_rms": 8.334320610463237e-07,
    "branch_i_max_abs": 1.6548288844376977e-06,
    "X_h1_norm": 1.089000670391631e-13,
    "X_h2_norm": 4.634864187173935e-16,
    "X_h3_norm": 1.3372863602150596e-17,
    "X_h4_norm": 8.459426643607064e-19,
    "X_h5_norm": 5.100469169472174e-20,
    "X_h6_norm": 1.5720764318368404e-21,
    "X_h7_norm": 1.0615863409471436e-22,
    "X_h8_norm": 9.025894167450358e-24,
    "X_h9_norm": 5.575151716222307e-24,
    "X_h10_norm": 6.536163722935135e-26
  },
  "reports": [
    {
      "converged": true,
      "source_scale": 1.0,
      "coeff_abs": 1.4838345975261428e-17,
      "coeff_rel": 8.933385237530693e-10,
      "time_abs": null,
      "time_rel": null,
      "newton_iterations": 1,
      "gmres_iterations_total": 1,
      "factor_runtime_s": 0.12876870000036433,
      "runtime_s": 0.2500718999945093,
      "failure_reason": "",
      "preconditioner_assembly_runtime_s": 0.03950300000724383,
      "preconditioner_numeric_factor_runtime_s": 0.08871880001970567
    }
  ],
  "final_status": "VALID_CONVERGED"
}