{
  "metadata": {
    "pump_modes": [
      1,
      3,
      5,
      7,
      9,
      11,
      13,
      15,
      17,
      19
    ],
    "pump_basis": "positive_phasor",
    "real_reconstruction_factor": 2,
    "omega_p": 44252474118.46583,
    "phase_convention": "exp_plus_i_k_omega_t",
    "pump_mode_policy": "positive_odd_jc",
    "pump_source_mode": 1,
    "pump_freq_ghz": 7.043,
    "nt": 40,
    "pump_current_a": 6.881645342693448e-06,
    "pump_current_ratio_ic_median": 2.590763808363273,
    "pump_backend": "schur_cpu_mt"
  },
  "solution_summary": {
    "x_rms": 1.7627059552719976e-15,
    "x_max_abs": 3.950285797963241e-15,
    "branch_psi_rms": 9.760942788867055e-17,
    "branch_psi_max_abs": 2.077758640008214e-16,
    "branch_i_rms": 7.652819181946168e-07,
    "branch_i_max_abs": 1.5677618421977059e-06,
    "X_h1_norm": 1.0007059129909903e-13,
    "X_h2_norm": 4.049183132615977e-16,
    "X_h3_norm": 1.2309424980961e-17,
    "X_h4_norm": 6.62404655572258e-19,
    "X_h5_norm": 3.458185262927948e-20,
    "X_h6_norm": 1.388233075498712e-21,
    "X_h7_norm": 7.625504468848708e-23,
    "X_h8_norm": 7.051740242963018e-24,
    "X_h9_norm": 6.602670983505425e-24,
    "X_h10_norm": 5.836161326302003e-26
  },
  "reports": [
    {
      "converged": true,
      "source_scale": 1.0,
      "coeff_abs": 6.541132536125767e-20,
      "coeff_rel": 4.266124431389222e-12,
      "time_abs": null,
      "time_rel": null,
      "newton_iterations": 2,
      "gmres_iterations_total": 2,
      "factor_runtime_s": 0.28722849997575395,
      "runtime_s": 0.5602746999938972,
      "failure_reason": "",
      "preconditioner_assembly_runtime_s": 0.09823209999012761,
      "preconditioner_numeric_factor_runtime_s": 0.18794000000343658
    }
  ],
  "final_status": "VALID_CONVERGED"
}