{
  "metadata": {
    "pump_modes": [
      1,
      3,
      5,
      7,
      9,
      11,
      13,
      15,
      17,
      19
    ],
    "pump_basis": "positive_phasor",
    "real_reconstruction_factor": 2,
    "omega_p": 44252474118.46583,
    "phase_convention": "exp_plus_i_k_omega_t",
    "pump_mode_policy": "positive_odd_jc",
    "pump_source_mode": 1,
    "pump_freq_ghz": 7.043,
    "nt": 40,
    "pump_current_a": 7.412117353842912e-06,
    "pump_current_ratio_ic_median": 2.790472979556598,
    "pump_backend": "schur_cpu_mt"
  },
  "solution_summary": {
    "x_rms": 1.906667238776693e-15,
    "x_max_abs": 4.288271918958881e-15,
    "branch_psi_rms": 1.0626799108438642e-16,
    "branch_psi_max_abs": 2.206677511170977e-16,
    "branch_i_rms": 8.288502465412688e-07,
    "branch_i_max_abs": 1.650531665898131e-06,
    "X_h1_norm": 1.082433436520031e-13,
    "X_h2_norm": 4.560619423197381e-16,
    "X_h3_norm": 1.30778520176288e-17,
    "X_h4_norm": 8.549529320201744e-19,
    "X_h5_norm": 5.111193340763856e-20,
    "X_h6_norm": 1.4967642029397842e-21,
    "X_h7_norm": 1.0742979147647644e-22,
    "X_h8_norm": 8.952348641406757e-24,
    "X_h9_norm": 6.090522191832047e-24,
    "X_h10_norm": 7.240485884898045e-26
  },
  "reports": [
    {
      "converged": true,
      "source_scale": 1.0,
      "coeff_abs": 1.6268205960619076e-17,
      "coeff_rel": 9.85077119316381e-10,
      "time_abs": null,
      "time_rel": null,
      "newton_iterations": 1,
      "gmres_iterations_total": 1,
      "factor_runtime_s": 0.16720889997668564,
      "runtime_s": 0.3278708000143524,
      "failure_reason": "",
      "preconditioner_assembly_runtime_s": 0.05309810000471771,
      "preconditioner_numeric_factor_runtime_s": 0.11341679998440668
    }
  ],
  "final_status": "VALID_CONVERGED"
}