{
  "metadata": {
    "pump_modes": [
      1,
      3,
      5,
      7,
      9,
      11,
      13,
      15,
      17,
      19
    ],
    "pump_basis": "positive_phasor",
    "real_reconstruction_factor": 2,
    "omega_p": 44252474118.46583,
    "phase_convention": "exp_plus_i_k_omega_t",
    "pump_mode_policy": "positive_odd_jc",
    "pump_source_mode": 1,
    "pump_freq_ghz": 7.043,
    "nt": 40,
    "pump_current_a": 2.586379722831567e-06,
    "pump_current_ratio_ic_median": 0.9737059448596971,
    "pump_backend": "schur_cpu_mt"
  },
  "solution_summary": {
    "x_rms": 6.619632635106713e-16,
    "x_max_abs": 1.5243513727251706e-15,
    "branch_psi_rms": 3.744050315952309e-17,
    "branch_psi_max_abs": 7.220672872415479e-17,
    "branch_i_rms": 3.008605012750521e-07,
    "branch_i_max_abs": 5.781179381031466e-07,
    "X_h1_norm": 3.758062034468621e-14,
    "X_h2_norm": 2.5039627528430083e-17,
    "X_h3_norm": 1.3308280008263118e-19,
    "X_h4_norm": 7.77897843631163e-22,
    "X_h5_norm": 5.317688246500083e-24,
    "X_h6_norm": 5.473561968731042e-26,
    "X_h7_norm": 5.322828367430875e-28,
    "X_h8_norm": 5.2987459530932616e-30,
    "X_h9_norm": 1.212002138382472e-30,
    "X_h10_norm": 6.85828741977192e-31
  },
  "reports": [
    {
      "converged": true,
      "source_scale": 1.0,
      "coeff_abs": 4.327820438172757e-22,
      "coeff_rel": 7.510170611658072e-14,
      "time_abs": null,
      "time_rel": null,
      "newton_iterations": 2,
      "gmres_iterations_total": 2,
      "factor_runtime_s": 0.26708449999568984,
      "runtime_s": 0.5150579999899492,
      "failure_reason": "",
      "preconditioner_assembly_runtime_s": 0.08601099997758865,
      "preconditioner_numeric_factor_runtime_s": 0.18010950001189485
    }
  ],
  "final_status": "VALID_CONVERGED"
}