{
  "metadata": {
    "pump_modes": [
      1,
      3,
      5,
      7,
      9,
      11,
      13,
      15,
      17,
      19
    ],
    "pump_basis": "positive_phasor",
    "real_reconstruction_factor": 2,
    "omega_p": 51227194494.314,
    "phase_convention": "exp_plus_i_k_omega_t",
    "pump_mode_policy": "positive_odd_jc",
    "pump_source_mode": 1,
    "pump_freq_ghz": 8.1530612245,
    "nt": 40,
    "pump_current_a": 1.3188950828109152e-05,
    "pump_current_ratio_ic_median": 4.965303321251111,
    "pump_backend": "full"
  },
  "solution_summary": {
    "x_rms": 2.9788706934961744e-15,
    "x_max_abs": 6.768372974900189e-15,
    "branch_psi_rms": 1.1269988513758248e-16,
    "branch_psi_max_abs": 2.1985904370973438e-16,
    "branch_i_rms": 8.796408123663348e-07,
    "branch_i_max_abs": 1.6454126615546247e-06,
    "X_h1_norm": 1.6911405509327878e-13,
    "X_h2_norm": 5.258996586791085e-16,
    "X_h3_norm": 1.3065422190879538e-17,
    "X_h4_norm": 4.1617109822144046e-19,
    "X_h5_norm": 1.8748759838397334e-20,
    "X_h6_norm": 9.131494127040213e-22,
    "X_h7_norm": 5.043017257470716e-23,
    "X_h8_norm": 3.1136514752470878e-24,
    "X_h9_norm": 3.01290385481642e-25,
    "X_h10_norm": 4.2922001989182e-26
  },
  "reports": [
    {
      "converged": true,
      "source_scale": 1.0,
      "coeff_abs": 1.2682655278683089e-20,
      "coeff_rel": 6.905419760881622e-13,
      "time_abs": 1.9935983129474422e-19,
      "time_rel": 1.7162776887648816e-12,
      "newton_iterations": 3,
      "gmres_iterations_total": 3,
      "factor_runtime_s": 1.809182700002566,
      "runtime_s": 2.5900171999819577,
      "failure_reason": "",
      "preconditioner_assembly_runtime_s": 0.0,
      "preconditioner_numeric_factor_runtime_s": 0.0
    }
  ],
  "final_status": "VALID_CONVERGED"
}