{
  "metadata": {
    "pump_modes": [
      1,
      3,
      5,
      7,
      9,
      11,
      13,
      15,
      17,
      19
    ],
    "pump_basis": "positive_phasor",
    "real_reconstruction_factor": 2,
    "omega_p": 44252474118.46583,
    "phase_convention": "exp_plus_i_k_omega_t",
    "pump_mode_policy": "positive_odd_jc",
    "pump_source_mode": 1,
    "pump_freq_ghz": 7.043,
    "nt": 40,
    "pump_current_a": 7.668179787480298e-06,
    "pump_current_ratio_ic_median": 2.8868739494864886,
    "pump_backend": "schur_cpu_mt"
  },
  "solution_summary": {
    "x_rms": 1.9753245176383058e-15,
    "x_max_abs": 4.46348899289555e-15,
    "branch_psi_rms": 1.0972577233670239e-16,
    "branch_psi_max_abs": 2.249683949102388e-16,
    "branch_i_rms": 8.541116115129037e-07,
    "branch_i_max_abs": 1.6775859671854609e-06,
    "X_h1_norm": 1.1214089880351089e-13,
    "X_h2_norm": 5.144448319110515e-16,
    "X_h3_norm": 1.6145084827807813e-17,
    "X_h4_norm": 1.0873765416206646e-18,
    "X_h5_norm": 6.863903350867692e-20,
    "X_h6_norm": 2.41788570087607e-21,
    "X_h7_norm": 1.7121783007381987e-22,
    "X_h8_norm": 1.5246797100593135e-23,
    "X_h9_norm": 1.3066542125539327e-23,
    "X_h10_norm": 1.3702247018028113e-25
  },
  "reports": [
    {
      "converged": true,
      "source_scale": 1.0,
      "coeff_abs": 7.412679393926544e-22,
      "coeff_rel": 4.33866168415812e-14,
      "time_abs": null,
      "time_rel": null,
      "newton_iterations": 2,
      "gmres_iterations_total": 2,
      "factor_runtime_s": 0.31084379999083467,
      "runtime_s": 0.567380399996182,
      "failure_reason": "",
      "preconditioner_assembly_runtime_s": 0.12633840000489727,
      "preconditioner_numeric_factor_runtime_s": 0.1835059000295587
    }
  ],
  "final_status": "VALID_CONVERGED"
}