{
  "metadata": {
    "pump_modes": [
      1,
      3,
      5,
      7,
      9,
      11,
      13,
      15,
      17,
      19
    ],
    "pump_basis": "positive_phasor",
    "real_reconstruction_factor": 2,
    "omega_p": 51227194494.314,
    "phase_convention": "exp_plus_i_k_omega_t",
    "pump_mode_policy": "positive_odd_jc",
    "pump_source_mode": 1,
    "pump_freq_ghz": 8.1530612245,
    "nt": 40,
    "pump_current_a": 1.3660300374575029e-05,
    "pump_current_ratio_ic_median": 5.142754393670701,
    "pump_backend": "full"
  },
  "solution_summary": {
    "x_rms": 3.075545328381292e-15,
    "x_max_abs": 7.018412444248594e-15,
    "branch_psi_rms": 1.3763483545202297e-16,
    "branch_psi_max_abs": 2.578886526271528e-16,
    "branch_i_rms": 1.061563841008713e-06,
    "branch_i_max_abs": 1.8748595045770798e-06,
    "X_h1_norm": 1.7459856452085162e-13,
    "X_h2_norm": 1.276155200509151e-15,
    "X_h3_norm": 4.714844449416426e-17,
    "X_h4_norm": 2.2064126163299324e-18,
    "X_h5_norm": 1.6397532931520818e-19,
    "X_h6_norm": 1.2544471393039707e-20,
    "X_h7_norm": 1.6807216154049046e-21,
    "X_h8_norm": 2.386639128157508e-22,
    "X_h9_norm": 9.575642801376373e-24,
    "X_h10_norm": 1.2989808982858328e-24
  },
  "reports": [
    {
      "converged": true,
      "source_scale": 1.0,
      "coeff_abs": 1.2554248850581871e-20,
      "coeff_rel": 6.599645803093247e-13,
      "time_abs": 1.9847391719396113e-19,
      "time_rel": 1.6496937938367687e-12,
      "newton_iterations": 3,
      "gmres_iterations_total": 3,
      "factor_runtime_s": 1.8197268000221811,
      "runtime_s": 2.4029878999863286,
      "failure_reason": "",
      "preconditioner_assembly_runtime_s": 0.0,
      "preconditioner_numeric_factor_runtime_s": 0.0
    }
  ],
  "final_status": "VALID_CONVERGED"
}