{
  "metadata": {
    "pump_modes": [
      1,
      3,
      5,
      7,
      9,
      11,
      13,
      15,
      17,
      19
    ],
    "pump_basis": "positive_phasor",
    "real_reconstruction_factor": 2,
    "omega_p": 51227194494.314,
    "phase_convention": "exp_plus_i_k_omega_t",
    "pump_mode_policy": "positive_odd_jc",
    "pump_source_mode": 1,
    "pump_freq_ghz": 8.1530612245,
    "nt": 40,
    "pump_current_a": 1.3778763600434551e-05,
    "pump_current_ratio_ic_median": 5.187352774275229,
    "pump_backend": "full"
  },
  "solution_summary": {
    "x_rms": 3.1026147438303043e-15,
    "x_max_abs": 7.087083756703355e-15,
    "branch_psi_rms": 1.3928681106737744e-16,
    "branch_psi_max_abs": 2.4846489061715355e-16,
    "branch_i_rms": 1.0741069634844048e-06,
    "branch_i_max_abs": 1.8202197363291038e-06,
    "X_h1_norm": 1.7613635157048141e-13,
    "X_h2_norm": 1.133764692998911e-15,
    "X_h3_norm": 4.0559770938749566e-17,
    "X_h4_norm": 1.8151314846954826e-18,
    "X_h5_norm": 1.2511217454362341e-19,
    "X_h6_norm": 9.043440419202485e-21,
    "X_h7_norm": 9.373151513796946e-22,
    "X_h8_norm": 1.280266115885237e-22,
    "X_h9_norm": 5.604642819619965e-24,
    "X_h10_norm": 5.139241369228484e-25
  },
  "reports": [
    {
      "converged": true,
      "source_scale": 1.0,
      "coeff_abs": 1.3570602632022067e-20,
      "coeff_rel": 7.072598895384969e-13,
      "time_abs": 2.0245701239773987e-19,
      "time_rel": 1.6683329339149335e-12,
      "newton_iterations": 3,
      "gmres_iterations_total": 3,
      "factor_runtime_s": 1.8349728000175674,
      "runtime_s": 2.525053499994101,
      "failure_reason": "",
      "preconditioner_assembly_runtime_s": 0.0,
      "preconditioner_numeric_factor_runtime_s": 0.0
    }
  ],
  "final_status": "VALID_CONVERGED"
}