{
  "metadata": {
    "pump_modes": [
      1,
      3,
      5,
      7,
      9,
      11,
      13,
      15,
      17,
      19
    ],
    "pump_basis": "positive_phasor",
    "real_reconstruction_factor": 2,
    "omega_p": 51227194494.314,
    "phase_convention": "exp_plus_i_k_omega_t",
    "pump_mode_policy": "positive_odd_jc",
    "pump_source_mode": 1,
    "pump_freq_ghz": 8.1530612245,
    "nt": 40,
    "pump_current_a": 1.3249828259123777e-05,
    "pump_current_ratio_ic_median": 4.988222120050628,
    "pump_backend": "schur_cpu_mt"
  },
  "solution_summary": {
    "x_rms": 1.7890744564476293e-15,
    "x_max_abs": 4.114915048937922e-15,
    "branch_psi_rms": 1.0723858918431499e-16,
    "branch_psi_max_abs": 2.2317630719995087e-16,
    "branch_i_rms": 8.375798787101486e-07,
    "branch_i_max_abs": 1.6663469309085077e-06,
    "X_h1_norm": 1.0156765385207632e-13,
    "X_h2_norm": 3.8654973481403545e-16,
    "X_h3_norm": 9.739795435529917e-18,
    "X_h4_norm": 3.906257209150745e-19,
    "X_h5_norm": 1.867599151582769e-20,
    "X_h6_norm": 1.0845362838569451e-21,
    "X_h7_norm": 7.634611993969115e-23,
    "X_h8_norm": 6.716782919808641e-24,
    "X_h9_norm": 4.5435014345469255e-25,
    "X_h10_norm": 4.6126770210217006e-26
  },
  "reports": [
    {
      "converged": false,
      "source_scale": 1.0,
      "coeff_abs": 5.543775905080253e-09,
      "coeff_rel": 0.18778818906626688,
      "time_abs": null,
      "time_rel": null,
      "newton_iterations": 5,
      "gmres_iterations_total": 5,
      "factor_runtime_s": 0.661839999986114,
      "runtime_s": 1.4088000000047032,
      "failure_reason": "line search failed at Newton 5",
      "preconditioner_assembly_runtime_s": 0.19621419996838085,
      "preconditioner_numeric_factor_runtime_s": 0.4629680000070948
    },
    {
      "converged": true,
      "source_scale": 0.5,
      "coeff_abs": 2.26449899812149e-19,
      "coeff_rel": 1.5341390896046846e-11,
      "time_abs": null,
      "time_rel": null,
      "newton_iterations": 13,
      "gmres_iterations_total": 13,
      "factor_runtime_s": 1.5691915999050252,
      "runtime_s": 2.9705903999856673,
      "failure_reason": "",
      "preconditioner_assembly_runtime_s": 0.4988774999801535,
      "preconditioner_numeric_factor_runtime_s": 1.0639732999843545
    },
    {
      "converged": false,
      "source_scale": 1.0,
      "coeff_abs": 3.296233312361051e-09,
      "coeff_rel": 0.11165561073652804,
      "time_abs": null,
      "time_rel": null,
      "newton_iterations": 4,
      "gmres_iterations_total": 4,
      "factor_runtime_s": 0.4742843999993056,
      "runtime_s": 1.038251299993135,
      "failure_reason": "stalled at Newton 4 (reduction ratio 0.998)",
      "preconditioner_assembly_runtime_s": 0.14438230002997443,
      "preconditioner_numeric_factor_runtime_s": 0.32784929996705614
    },
    {
      "converged": false,
      "source_scale": 0.75,
      "coeff_abs": 5.359549465384173e-10,
      "coeff_rel": 0.024206367778881875,
      "time_abs": null,
      "time_rel": null,
      "newton_iterations": 5,
      "gmres_iterations_total": 5,
      "factor_runtime_s": 0.7130614000197966,
      "runtime_s": 1.5695701999939047,
      "failure_reason": "stalled at Newton 5 (reduction ratio 0.999)",
      "preconditioner_assembly_runtime_s": 0.24671440001111478,
      "preconditioner_numeric_factor_runtime_s": 0.46284329998889007
    },
    {
      "converged": false,
      "source_scale": 0.625,
      "coeff_abs": 3.509331603764185e-10,
      "coeff_rel": 0.019019846054022033,
      "time_abs": null,
      "time_rel": null,
      "newton_iterations": 4,
      "gmres_iterations_total": 4,
      "factor_runtime_s": 0.5886631999746896,
      "runtime_s": 1.1235477000009269,
      "failure_reason": "stalled at Newton 4 (reduction ratio 0.902)",
      "preconditioner_assembly_runtime_s": 0.2091301999753341,
      "preconditioner_numeric_factor_runtime_s": 0.37748130000545643
    },
    {
      "converged": false,
      "source_scale": 0.5625,
      "coeff_abs": 1.215286505461657e-10,
      "coeff_rel": 0.007318444034128242,
      "time_abs": null,
      "time_rel": null,
      "newton_iterations": 5,
      "gmres_iterations_total": 5,
      "factor_runtime_s": 0.6575469000672456,
      "runtime_s": 1.3962953999871388,
      "failure_reason": "stalled at Newton 5 (reduction ratio 0.960)",
      "preconditioner_assembly_runtime_s": 0.21676530002150685,
      "preconditioner_numeric_factor_runtime_s": 0.43792719999328256
    },
    {
      "converged": true,
      "source_scale": 0.05,
      "coeff_abs": 2.2732177779584925e-22,
      "coeff_rel": 1.5400458358530593e-13,
      "time_abs": null,
      "time_rel": null,
      "newton_iterations": 3,
      "gmres_iterations_total": 3,
      "factor_runtime_s": 0.4394699999829754,
      "runtime_s": 0.8135802000178955,
      "failure_reason": "",
      "preconditioner_assembly_runtime_s": 0.13654499998665415,
      "preconditioner_numeric_factor_runtime_s": 0.30103780000354163
    },
    {
      "converged": true,
      "source_scale": 0.1,
      "coeff_abs": 4.571188044628212e-19,
      "coeff_rel": 1.548430419049694e-10,
      "time_abs": null,
      "time_rel": null,
      "newton_iterations": 3,
      "gmres_iterations_total": 3,
      "factor_runtime_s": 0.42356170003768057,
      "runtime_s": 0.8116415999829769,
      "failure_reason": "",
      "preconditioner_assembly_runtime_s": 0.15706619998672977,
      "preconditioner_numeric_factor_runtime_s": 0.26471109996782616
    },
    {
      "converged": true,
      "source_scale": 0.15,
      "coeff_abs": 1.2257585824723399e-22,
      "coeff_rel": 2.7680650441873975e-14,
      "time_abs": null,
      "time_rel": null,
      "newton_iterations": 3,
      "gmres_iterations_total": 3,
      "factor_runtime_s": 0.4098565000167582,
      "runtime_s": 0.8321162000065669,
      "failure_reason": "",
      "preconditioner_assembly_runtime_s": 0.11345159995835274,
      "preconditioner_numeric_factor_runtime_s": 0.29467259999364614
    },
    {
      "converged": true,
      "source_scale": 0.2,
      "coeff_abs": 1.50162876018508e-21,
      "coeff_rel": 2.5432859332081674e-13,
      "time_abs": null,
      "time_rel": null,
      "newton_iterations": 3,
      "gmres_iterations_total": 3,
      "factor_runtime_s": 0.42539320001378655,
      "runtime_s": 0.7910279000061564,
      "failure_reason": "",
      "preconditioner_assembly_runtime_s": 0.1386558999947738,
      "preconditioner_numeric_factor_runtime_s": 0.2851587000186555
    },
    {
      "converged": true,
      "source_scale": 0.25,
      "coeff_abs": 2.043347472407666e-18,
      "coeff_rel": 2.7686293821865045e-10,
      "time_abs": null,
      "time_rel": null,
      "newton_iterations": 3,
      "gmres_iterations_total": 3,
      "factor_runtime_s": 0.4117536999983713,
      "runtime_s": 0.8146137000003364,
      "failure_reason": "",
      "preconditioner_assembly_runtime_s": 0.14242599997669458,
      "preconditioner_numeric_factor_runtime_s": 0.2674791000317782
    },
    {
      "converged": true,
      "source_scale": 0.3,
      "coeff_abs": 2.7433956162231725e-22,
      "coeff_rel": 3.0976317915423084e-14,
      "time_abs": null,
      "time_rel": null,
      "newton_iterations": 4,
      "gmres_iterations_total": 4,
      "factor_runtime_s": 0.5534649999754038,
      "runtime_s": 1.0395262999809347,
      "failure_reason": "",
      "preconditioner_assembly_runtime_s": 0.1664125999668613,
      "preconditioner_numeric_factor_runtime_s": 0.3845479000301566
    },
    {
      "converged": true,
      "source_scale": 0.35,
      "coeff_abs": 7.110475342364412e-19,
      "coeff_rel": 6.881659776426476e-11,
      "time_abs": null,
      "time_rel": null,
      "newton_iterations": 4,
      "gmres_iterations_total": 4,
      "factor_runtime_s": 0.5642239000007976,
      "runtime_s": 1.0596650000079535,
      "failure_reason": "",