{
  "metadata": {
    "pump_modes": [
      1,
      3,
      5,
      7,
      9,
      11,
      13,
      15,
      17,
      19
    ],
    "pump_basis": "positive_phasor",
    "real_reconstruction_factor": 2,
    "omega_p": 44252474118.46583,
    "phase_convention": "exp_plus_i_k_omega_t",
    "pump_mode_policy": "positive_odd_jc",
    "pump_source_mode": 1,
    "pump_freq_ghz": 7.043,
    "nt": 40,
    "pump_current_a": 7.382310144484794e-06,
    "pump_current_ratio_ic_median": 2.779251326101976,
    "pump_backend": "schur_cpu_mt"
  },
  "solution_summary": {
    "x_rms": 1.898586730613112e-15,
    "x_max_abs": 4.2668952800404804e-15,
    "branch_psi_rms": 1.0582142423925836e-16,
    "branch_psi_max_abs": 2.205247381021727e-16,
    "branch_i_rms": 8.255814493195867e-07,
    "branch_i_max_abs": 1.6496271381030596e-06,
    "X_h1_norm": 1.0778461781982202e-13,
    "X_h2_norm": 4.511693126010943e-16,
    "X_h3_norm": 1.2993880854675988e-17,
    "X_h4_norm": 8.65707025443709e-19,
    "X_h5_norm": 5.1578125045962613e-20,
    "X_h6_norm": 1.4738436978435437e-21,
    "X_h7_norm": 1.1029454553025906e-22,
    "X_h8_norm": 9.05274310220973e-24,
    "X_h9_norm": 7.02310308979863e-24,
    "X_h10_norm": 7.819950293730755e-26
  },
  "reports": [
    {
      "converged": true,
      "source_scale": 1.0,
      "coeff_abs": 5.5517073782289155e-22,
      "coeff_rel": 3.375259254352391e-14,
      "time_abs": null,
      "time_rel": null,
      "newton_iterations": 2,
      "gmres_iterations_total": 2,
      "factor_runtime_s": 0.333323599974392,
      "runtime_s": 0.6357115999853704,
      "failure_reason": "",
      "preconditioner_assembly_runtime_s": 0.1354587999812793,
      "preconditioner_numeric_factor_runtime_s": 0.19661290000658482
    }
  ],
  "final_status": "VALID_CONVERGED"
}