{
  "metadata": {
    "pump_modes": [
      1,
      3,
      5,
      7,
      9,
      11,
      13,
      15,
      17,
      19
    ],
    "pump_basis": "positive_phasor",
    "real_reconstruction_factor": 2,
    "omega_p": 51227194494.314,
    "phase_convention": "exp_plus_i_k_omega_t",
    "pump_mode_policy": "positive_odd_jc",
    "pump_source_mode": 1,
    "pump_freq_ghz": 8.1530612245,
    "nt": 40,
    "pump_current_a": 1.3511707935299073e-05,
    "pump_current_ratio_ic_median": 5.086813133303179,
    "pump_backend": "schur_cpu_mt"
  },
  "solution_summary": {
    "x_rms": 1.5012371130178008e-15,
    "x_max_abs": 3.4564367584467065e-15,
    "branch_psi_rms": 9.520289263019727e-17,
    "branch_psi_max_abs": 2.121713696589446e-16,
    "branch_i_rms": 7.469884872598607e-07,
    "branch_i_max_abs": 1.5962590274833934e-06,
    "X_h1_norm": 8.522038019929936e-14,
    "X_h2_norm": 1.0967189369904315e-15,
    "X_h3_norm": 2.413029702767744e-17,
    "X_h4_norm": 1.5449014007087919e-18,
    "X_h5_norm": 8.437349453443534e-20,
    "X_h6_norm": 7.422380634706344e-21,
    "X_h7_norm": 5.225503265883132e-22,
    "X_h8_norm": 4.868898182041865e-23,
    "X_h9_norm": 4.3433303240900736e-24,
    "X_h10_norm": 4.49191972210206e-25
  },
  "reports": [
    {
      "converged": false,
      "source_scale": 1.0,
      "coeff_abs": 6.268754345014043e-09,
      "coeff_rel": 0.20823026828518673,
      "time_abs": null,
      "time_rel": null,
      "newton_iterations": 4,
      "gmres_iterations_total": 4,
      "factor_runtime_s": 0.4324934000032954,
      "runtime_s": 0.9206446000025608,
      "failure_reason": "line search failed at Newton 4",
      "preconditioner_assembly_runtime_s": 0.1189654000045266,
      "preconditioner_numeric_factor_runtime_s": 0.3114157000090927
    },
    {
      "converged": true,
      "source_scale": 0.5,
      "coeff_abs": 8.8304053557454e-19,
      "coeff_rel": 5.866421222124618e-11,
      "time_abs": null,
      "time_rel": null,
      "newton_iterations": 14,
      "gmres_iterations_total": 14,
      "factor_runtime_s": 1.5709379000472836,
      "runtime_s": 3.055458799994085,
      "failure_reason": "",
      "preconditioner_assembly_runtime_s": 0.4191861000726931,
      "preconditioner_numeric_factor_runtime_s": 1.1445560000138357
    },
    {
      "converged": false,
      "source_scale": 1.0,
      "coeff_abs": 3.955776518932336e-09,
      "coeff_rel": 0.1313996944973088,
      "time_abs": null,
      "time_rel": null,
      "newton_iterations": 4,
      "gmres_iterations_total": 4,
      "factor_runtime_s": 0.5202689000288956,
      "runtime_s": 1.1006766999780666,
      "failure_reason": "stalled at Newton 4 (reduction ratio 0.999)",
      "preconditioner_assembly_runtime_s": 0.15751509997062385,
      "preconditioner_numeric_factor_runtime_s": 0.3602987000194844
    },
    {
      "converged": false,
      "source_scale": 0.75,
      "coeff_abs": 5.69605564489581e-10,
      "coeff_rel": 0.025227578554951332,
      "time_abs": null,
      "time_rel": null,
      "newton_iterations": 5,
      "gmres_iterations_total": 5,
      "factor_runtime_s": 0.5779359999869484,
      "runtime_s": 1.176799699984258,
      "failure_reason": "stalled at Newton 5 (reduction ratio 0.990)",
      "preconditioner_assembly_runtime_s": 0.15778810004121624,
      "preconditioner_numeric_factor_runtime_s": 0.4178427000006195
    },
    {
      "converged": false,
      "source_scale": 0.625,
      "coeff_abs": 2.889665958532783e-10,
      "coeff_rel": 0.015357843289002058,
      "time_abs": null,
      "time_rel": null,
      "newton_iterations": 4,
      "gmres_iterations_total": 4,
      "factor_runtime_s": 0.513278500031447,
      "runtime_s": 1.0082824999990407,
      "failure_reason": "stalled at Newton 4 (reduction ratio 0.921)",
      "preconditioner_assembly_runtime_s": 0.146571099961875,
      "preconditioner_numeric_factor_runtime_s": 0.3640752000210341
    },
    {
      "converged": false,
      "source_scale": 0.5625,
      "coeff_abs": 8.461153687427643e-11,
      "coeff_rel": 0.0049965434006102516,
      "time_abs": null,
      "time_rel": null,
      "newton_iterations": 5,
      "gmres_iterations_total": 5,
      "factor_runtime_s": 0.6084577000292484,
      "runtime_s": 1.3001173999800812,
      "failure_reason": "stalled at Newton 5 (reduction ratio 0.966)",
      "preconditioner_assembly_runtime_s": 0.1780307000153698,
      "preconditioner_numeric_factor_runtime_s": 0.42757120000896975
    },
    {
      "converged": true,
      "source_scale": 0.05,
      "coeff_abs": 3.030218401615764e-22,
      "coeff_rel": 2.0131054943412262e-13,
      "time_abs": null,
      "time_rel": null,
      "newton_iterations": 3,
      "gmres_iterations_total": 3,
      "factor_runtime_s": 0.3797122999676503,
      "runtime_s": 0.776436999993166,
      "failure_reason": "",
      "preconditioner_assembly_runtime_s": 0.10605810000561178,
      "preconditioner_numeric_factor_runtime_s": 0.2720378000230994
    },
    {
      "converged": true,
      "source_scale": 0.1,
      "coeff_abs": 6.129619021606005e-19,
      "coeff_rel": 2.036085868271718e-10,
      "time_abs": null,
      "time_rel": null,
      "newton_iterations": 3,
      "gmres_iterations_total": 3,
      "factor_runtime_s": 0.3648859000240918,
      "runtime_s": 0.7040798999951221,
      "failure_reason": "",
      "preconditioner_assembly_runtime_s": 0.09536899998784065,
      "preconditioner_numeric_factor_runtime_s": 0.2679888000129722
    },
    {
      "converged": true,
      "source_scale": 0.15,
      "coeff_abs": 1.252688308808978e-22,
      "coeff_rel": 2.77405056108135e-14,
      "time_abs": null,
      "time_rel": null,
      "newton_iterations": 3,
      "gmres_iterations_total": 3,
      "factor_runtime_s": 0.36525719999917783,
      "runtime_s": 0.727389800013043,
      "failure_reason": "",
      "preconditioner_assembly_runtime_s": 0.09345469999243505,
      "preconditioner_numeric_factor_runtime_s": 0.2697641999984626
    },
    {
      "converged": true,
      "source_scale": 0.2,
      "coeff_abs": 3.1320238508835192e-21,
      "coeff_rel": 5.201848173104779e-13,
      "time_abs": null,
      "time_rel": null,
      "newton_iterations": 3,
      "gmres_iterations_total": 3,
      "factor_runtime_s": 0.4064580000122078,
      "runtime_s": 0.781194700015476,
      "failure_reason": "",
      "preconditioner_assembly_runtime_s": 0.12050070002442226,
      "preconditioner_numeric_factor_runtime_s": 0.28417450000415556
    },
    {
      "converged": true,
      "source_scale": 0.25,
      "coeff_abs": 3.8340060867871256e-18,
      "coeff_rel": 5.094193022214742e-10,
      "time_abs": null,
      "time_rel": null,
      "newton_iterations": 3,
      "gmres_iterations_total": 3,
      "factor_runtime_s": 0.33402410001144744,
      "runtime_s": 0.6270763000065926,
      "failure_reason": "",
      "preconditioner_assembly_runtime_s": 0.09162059999653138,
      "preconditioner_numeric_factor_runtime_s": 0.2411261000088416
    },
    {
      "converged": true,
      "source_scale": 0.3,
      "coeff_abs": 3.2653666535934544e-22,
      "coeff_rel": 3.615541126167941e-14,
      "time_abs": null,
      "time_rel": null,
      "newton_iterations": 4,
      "gmres_iterations_total": 4,
      "factor_runtime_s": 0.48476220000884496,
      "runtime_s": 0.9566584000131115,
      "failure_reason": "",
      "preconditioner_assembly_runtime_s": 0.1350380999792833,
      "preconditioner_numeric_factor_runtime_s": 0.347731899964856
    },
    {
      "converged": true,
      "source_scale": 0.35,
      "coeff_abs": 1.955010407999854e-18,
      "coeff_rel": 1.8554259944432846e-10,
      "time_abs": null,
      "time_rel": null,
      "newton_iterations": 4,
      "gmres_iterations_total": 4,
      "factor_runtime_s": 0.4510906999639701,
      "runtime_s": 0.8100226999958977,
      "failure_reason": "",
      "preconditioner_assembly_runtime_s": 0.12723229997209273,