{
  "metadata": {
    "pump_modes": [
      1,
      3,
      5,
      7,
      9,
      11,
      13,
      15,
      17,
      19
    ],
    "pump_basis": "positive_phasor",
    "real_reconstruction_factor": 2,
    "omega_p": 44252474118.46583,
    "phase_convention": "exp_plus_i_k_omega_t",
    "pump_mode_policy": "positive_odd_jc",
    "pump_source_mode": 1,
    "pump_freq_ghz": 7.043,
    "nt": 40,
    "pump_current_a": 2.661971478012511e-05,
    "pump_current_ratio_ic_median": 10.021643111051153,
    "pump_backend": "schur_cpu_mt"
  },
  "solution_summary": {
    "x_rms": 1.786051050522685e-15,
    "x_max_abs": 4.036929171571575e-15,
    "branch_psi_rms": 1.0399782836290118e-16,
    "branch_psi_max_abs": 2.6974219241310364e-16,
    "branch_i_rms": 8.08175609995375e-07,
    "branch_i_max_abs": 1.9413992465733297e-06,
    "X_h1_norm": 1.0138441077883146e-13,
    "X_h2_norm": 1.5805482216830035e-15,
    "X_h3_norm": 5.769933133238885e-17,
    "X_h4_norm": 5.226449787939209e-18,
    "X_h5_norm": 4.631914214338939e-19,
    "X_h6_norm": 7.60113033137706e-20,
    "X_h7_norm": 5.89621708618386e-21,
    "X_h8_norm": 2.170766549996426e-21,
    "X_h9_norm": 7.939564311938879e-22,
    "X_h10_norm": 2.3021967731776866e-23
  },
  "reports": [
    {
      "converged": false,
      "source_scale": 1.0,
      "coeff_abs": 3.6244101527508806e-08,
      "coeff_rel": 0.611092279351932,
      "time_abs": null,
      "time_rel": null,
      "newton_iterations": 5,
      "gmres_iterations_total": 5,
      "factor_runtime_s": 0.7284310000250116,
      "runtime_s": 1.51657370000612,
      "failure_reason": "stalled at Newton 5 (reduction ratio 1.000)",
      "preconditioner_assembly_runtime_s": 0.24526809999952093,
      "preconditioner_numeric_factor_runtime_s": 0.4803618999721948
    },
    {
      "converged": false,
      "source_scale": 0.5,
      "coeff_abs": 3.0794977444735233e-09,
      "coeff_rel": 0.10384350648069746,
      "time_abs": null,
      "time_rel": null,
      "newton_iterations": 6,
      "gmres_iterations_total": 6,
      "factor_runtime_s": 0.9173660000087693,
      "runtime_s": 1.8670917999988887,
      "failure_reason": "stalled at Newton 6 (reduction ratio 0.998)",
      "preconditioner_assembly_runtime_s": 0.3462565000227187,
      "preconditioner_numeric_factor_runtime_s": 0.5674645999679342
    },
    {
      "converged": false,
      "source_scale": 0.25,
      "coeff_abs": 3.733548992482588e-10,
      "coeff_rel": 0.025179743657396305,
      "time_abs": null,
      "time_rel": null,
      "newton_iterations": 5,
      "gmres_iterations_total": 5,
      "factor_runtime_s": 0.8229045000043698,
      "runtime_s": 1.50478810002096,
      "failure_reason": "stalled at Newton 5 (reduction ratio 0.873)",
      "preconditioner_assembly_runtime_s": 0.2777624999580439,
      "preconditioner_numeric_factor_runtime_s": 0.5421417000179645
    },
    {
      "converged": true,
      "source_scale": 0.125,
      "coeff_abs": 5.63359564174196e-18,
      "coeff_rel": 7.598801805686986e-10,
      "time_abs": null,
      "time_rel": null,
      "newton_iterations": 5,
      "gmres_iterations_total": 5,
      "factor_runtime_s": 0.8502899000013713,
      "runtime_s": 1.507427699980326,
      "failure_reason": "",
      "preconditioner_assembly_runtime_s": 0.3170291999995243,
      "preconditioner_numeric_factor_runtime_s": 0.5302590999926906
    },
    {
      "converged": false,
      "source_scale": 0.3125,
      "coeff_abs": 6.404109552976163e-10,
      "coeff_rel": 0.034552397672563746,
      "time_abs": null,
      "time_rel": null,
      "newton_iterations": 5,
      "gmres_iterations_total": 5,
      "factor_runtime_s": 0.746614400006365,
      "runtime_s": 1.4367494999896735,
      "failure_reason": "stalled at Newton 5 (reduction ratio 0.925)",
      "preconditioner_assembly_runtime_s": 0.26079920001211576,
      "preconditioner_numeric_factor_runtime_s": 0.48298360002809204
    },
    {
      "converged": false,
      "source_scale": 0.21875,
      "coeff_abs": 5.549160078301309e-13,
      "coeff_rel": 4.277092571532034e-05,
      "time_abs": null,
      "time_rel": null,
      "newton_iterations": 12,
      "gmres_iterations_total": 12,
      "factor_runtime_s": 1.467356200038921,
      "runtime_s": 2.7669565999822225,
      "failure_reason": "stalled at Newton 12 (reduction ratio 0.983)",
      "preconditioner_assembly_runtime_s": 0.4494451999780722,
      "preconditioner_numeric_factor_runtime_s": 1.0124271000677254
    },
    {
      "converged": true,
      "source_scale": 0.05,
      "coeff_abs": 2.0721491333404423e-18,
      "coeff_rel": 6.987478147797679e-10,
      "time_abs": null,
      "time_rel": null,
      "newton_iterations": 3,
      "gmres_iterations_total": 3,
      "factor_runtime_s": 0.37762350001139566,
      "runtime_s": 0.7029902000213042,
      "failure_reason": "",
      "preconditioner_assembly_runtime_s": 0.11673130001872778,
      "preconditioner_numeric_factor_runtime_s": 0.2594270000117831
    },
    {
      "converged": true,
      "source_scale": 0.1,
      "coeff_abs": 6.347889181526424e-19,
      "coeff_rel": 1.070283413169514e-10,
      "time_abs": null,
      "time_rel": null,
      "newton_iterations": 4,
      "gmres_iterations_total": 4,
      "factor_runtime_s": 0.4939102999633178,
      "runtime_s": 0.911069599998882,
      "failure_reason": "",
      "preconditioner_assembly_runtime_s": 0.14747859997441992,
      "preconditioner_numeric_factor_runtime_s": 0.3447728000173811
    },
    {
      "converged": true,
      "source_scale": 0.15,
      "coeff_abs": 4.276490477347689e-18,
      "coeff_rel": 4.806906877331468e-10,
      "time_abs": null,
      "time_rel": null,
      "newton_iterations": 4,
      "gmres_iterations_total": 4,
      "factor_runtime_s": 0.5010970999719575,
      "runtime_s": 0.939662800024962,
      "failure_reason": "",
      "preconditioner_assembly_runtime_s": 0.13993279996793717,
      "preconditioner_numeric_factor_runtime_s": 0.3589968000014778
    },
    {
      "converged": true,
      "source_scale": 0.2,
      "coeff_abs": 7.700653257659153e-18,
      "coeff_rel": 6.491828398822582e-10,
      "time_abs": null,
      "time_rel": null,
      "newton_iterations": 7,
      "gmres_iterations_total": 7,
      "factor_runtime_s": 1.13874339996255,
      "runtime_s": 2.17324259999441,
      "failure_reason": "",
      "preconditioner_assembly_runtime_s": 0.412561800039839,
      "preconditioner_numeric_factor_runtime_s": 0.7223419000220019
    },
    {
      "converged": false,
      "source_scale": 0.25,
      "coeff_abs": 5.348576081027978e-10,
      "coeff_rel": 0.0360717844933955,
      "time_abs": null,
      "time_rel": null,
      "newton_iterations": 5,
      "gmres_iterations_total": 5,
      "factor_runtime_s": 0.8117694999964442,
      "runtime_s": 1.6253594000008889,
      "failure_reason": "stalled at Newton 5 (reduction ratio 0.998)",
      "preconditioner_assembly_runtime_s": 0.30564359997515567,
      "preconditioner_numeric_factor_runtime_s": 0.5033950999786612
    }
  ],
  "final_status": "FAIL"
}