{
  "metadata": {
    "pump_modes": [
      1,
      3,
      5,
      7,
      9,
      11,
      13,
      15,
      17,
      19
    ],
    "pump_basis": "positive_phasor",
    "real_reconstruction_factor": 2,
    "omega_p": 51227194494.314,
    "phase_convention": "exp_plus_i_k_omega_t",
    "pump_mode_policy": "positive_odd_jc",
    "pump_source_mode": 1,
    "pump_freq_ghz": 8.1530612245,
    "nt": 40,
    "pump_current_a": 1.334935397547131e-05,
    "pump_current_ratio_ic_median": 5.025691011729037,
    "pump_backend": "full"
  },
  "solution_summary": {
    "x_rms": 2.9984786696897517e-15,
    "x_max_abs": 6.827294478765184e-15,
    "branch_psi_rms": 1.3297268272896878e-16,
    "branch_psi_max_abs": 2.6030339867002024e-16,
    "branch_i_rms": 1.027968855748914e-06,
    "branch_i_max_abs": 1.8886147620313527e-06,
    "X_h1_norm": 1.7022634039915718e-13,
    "X_h2_norm": 7.617232537533892e-16,
    "X_h3_norm": 2.80223228781781e-17,
    "X_h4_norm": 8.132287813714834e-19,
    "X_h5_norm": 5.1208603673960197e-20,
    "X_h6_norm": 2.8997954303173005e-21,
    "X_h7_norm": 2.3927733199940747e-22,
    "X_h8_norm": 2.001273082156381e-23,
    "X_h9_norm": 1.1489936418196069e-24,
    "X_h10_norm": 1.9808874412867281e-25
  },
  "reports": [
    {
      "converged": true,
      "source_scale": 1.0,
      "coeff_abs": 1.3089871752652644e-18,
      "coeff_rel": 7.04150166937615e-11,
      "time_abs": 8.280770407702707e-18,
      "time_rel": 7.04321008781399e-11,
      "newton_iterations": 2,
      "gmres_iterations_total": 2,
      "factor_runtime_s": 1.2579513999808114,
      "runtime_s": 1.7240325000020675,
      "failure_reason": "",
      "preconditioner_assembly_runtime_s": 0.0,
      "preconditioner_numeric_factor_runtime_s": 0.0
    }
  ],
  "final_status": "VALID_CONVERGED"
}