{
  "metadata": {
    "pump_modes": [
      1,
      3,
      5,
      7,
      9,
      11,
      13,
      15,
      17,
      19
    ],
    "pump_basis": "positive_phasor",
    "real_reconstruction_factor": 2,
    "omega_p": 51227194494.314,
    "phase_convention": "exp_plus_i_k_omega_t",
    "pump_mode_policy": "positive_odd_jc",
    "pump_source_mode": 1,
    "pump_freq_ghz": 8.1530612245,
    "nt": 40,
    "pump_current_a": 1.3151044553830326e-05,
    "pump_current_ratio_ic_median": 4.951032576593259,
    "pump_backend": "full"
  },
  "solution_summary": {
    "x_rms": 2.9704416262829698e-15,
    "x_max_abs": 6.747702728690172e-15,
    "branch_psi_rms": 1.1187462976470506e-16,
    "branch_psi_max_abs": 2.2422234699819226e-16,
    "branch_i_rms": 8.732484726093957e-07,
    "branch_i_max_abs": 1.6729131696432965e-06,
    "X_h1_norm": 1.6863519944692728e-13,
    "X_h2_norm": 6.207845912021553e-16,
    "X_h3_norm": 1.515658623614156e-17,
    "X_h4_norm": 4.763735928875065e-19,
    "X_h5_norm": 2.5573197211399496e-20,
    "X_h6_norm": 1.2956542767925012e-21,
    "X_h7_norm": 7.974368056594744e-23,
    "X_h8_norm": 4.984591177788389e-24,
    "X_h9_norm": 4.770290873895186e-25,
    "X_h10_norm": 6.639584371733754e-26
  },
  "reports": [
    {
      "converged": true,
      "source_scale": 1.0,
      "coeff_abs": 7.541698308857495e-18,
      "coeff_rel": 4.1181204996695375e-10,
      "time_abs": 4.769821733911124e-17,
      "time_rel": 4.1181489198832704e-10,
      "newton_iterations": 2,
      "gmres_iterations_total": 2,
      "factor_runtime_s": 1.327939900016645,
      "runtime_s": 1.7626250000030268,
      "failure_reason": "",
      "preconditioner_assembly_runtime_s": 0.0,
      "preconditioner_numeric_factor_runtime_s": 0.0
    }
  ],
  "final_status": "VALID_CONVERGED"
}