{
  "metadata": {
    "pump_modes": [
      1,
      3,
      5,
      7,
      9,
      11,
      13,
      15,
      17,
      19
    ],
    "pump_basis": "positive_phasor",
    "real_reconstruction_factor": 2,
    "omega_p": 44252474118.46583,
    "phase_convention": "exp_plus_i_k_omega_t",
    "pump_mode_policy": "positive_odd_jc",
    "pump_source_mode": 1,
    "pump_freq_ghz": 7.043,
    "nt": 40,
    "pump_current_a": 1.3327814927860593e-05,
    "pump_current_ratio_ic_median": 5.017582110116474,
    "pump_backend": "schur_cpu_mt"
  },
  "solution_summary": {
    "x_rms": 1.8899931275287946e-15,
    "x_max_abs": 4.186074573243293e-15,
    "branch_psi_rms": 1.0822270513778085e-16,
    "branch_psi_max_abs": 2.49929791429892e-16,
    "branch_i_rms": 8.422587092088023e-07,
    "branch_i_max_abs": 1.828812462690963e-06,
    "X_h1_norm": 1.0729220913099067e-13,
    "X_h2_norm": 1.082961564879293e-15,
    "X_h3_norm": 6.016926872397213e-17,
    "X_h4_norm": 2.6286664645645344e-18,
    "X_h5_norm": 1.7935776427631875e-19,
    "X_h6_norm": 7.518771295849904e-20,
    "X_h7_norm": 4.618212944751103e-21,
    "X_h8_norm": 7.730058556335385e-22,
    "X_h9_norm": 1.5309058051560357e-22,
    "X_h10_norm": 8.3230335889009e-24
  },
  "reports": [
    {
      "converged": false,
      "source_scale": 1.0,
      "coeff_abs": 3.054269935403146e-09,
      "coeff_rel": 0.1028540317537903,
      "time_abs": null,
      "time_rel": null,
      "newton_iterations": 7,
      "gmres_iterations_total": 7,
      "factor_runtime_s": 0.9191867999907117,
      "runtime_s": 1.8611788999987766,
      "failure_reason": "stalled at Newton 7 (reduction ratio 0.997)",
      "preconditioner_assembly_runtime_s": 0.3129515000327956,
      "preconditioner_numeric_factor_runtime_s": 0.6024788000504486
    },
    {
      "converged": false,
      "source_scale": 0.5,
      "coeff_abs": 2.6743042822321075e-10,
      "coeff_rel": 0.018011700562261656,
      "time_abs": null,
      "time_rel": null,
      "newton_iterations": 8,
      "gmres_iterations_total": 8,
      "factor_runtime_s": 0.9156561999116093,
      "runtime_s": 1.792622900014976,
      "failure_reason": "stalled at Newton 8 (reduction ratio 0.971)",
      "preconditioner_assembly_runtime_s": 0.2629413999966346,
      "preconditioner_numeric_factor_runtime_s": 0.6487863000074867
    },
    {
      "converged": true,
      "source_scale": 0.25,
      "coeff_abs": 3.5539984692140224e-21,
      "coeff_rel": 4.787305367719067e-13,
      "time_abs": null,
      "time_rel": null,
      "newton_iterations": 6,
      "gmres_iterations_total": 6,
      "factor_runtime_s": 0.8478143000102136,
      "runtime_s": 1.5140604999905918,
      "failure_reason": "",
      "preconditioner_assembly_runtime_s": 0.2905060999910347,
      "preconditioner_numeric_factor_runtime_s": 0.5541509999893606
    },
    {
      "converged": false,
      "source_scale": 0.625,
      "coeff_abs": 6.409426900806149e-10,
      "coeff_rel": 0.03453449299095291,
      "time_abs": null,
      "time_rel": null,
      "newton_iterations": 5,
      "gmres_iterations_total": 5,
      "factor_runtime_s": 0.6625936000200454,
      "runtime_s": 1.3258534999913536,
      "failure_reason": "stalled at Newton 5 (reduction ratio 0.972)",
      "preconditioner_assembly_runtime_s": 0.22178930003428832,
      "preconditioner_numeric_factor_runtime_s": 0.43803999994997866
    },
    {
      "converged": true,
      "source_scale": 0.4375,
      "coeff_abs": 8.160427386138142e-18,
      "coeff_rel": 6.281288633383838e-10,
      "time_abs": null,
      "time_rel": null,
      "newton_iterations": 15,
      "gmres_iterations_total": 15,
      "factor_runtime_s": 2.0016879999893717,
      "runtime_s": 3.681329100014409,
      "failure_reason": "",
      "preconditioner_assembly_runtime_s": 0.6894287999602966,
      "preconditioner_numeric_factor_runtime_s": 1.3043183000118006
    },
    {
      "converged": false,
      "source_scale": 0.71875,
      "coeff_abs": 1.6602197819283273e-09,
      "coeff_rel": 0.0777860340778523,
      "time_abs": null,
      "time_rel": null,
      "newton_iterations": 6,
      "gmres_iterations_total": 6,
      "factor_runtime_s": 0.7740904999955092,
      "runtime_s": 1.5948212999792304,
      "failure_reason": "stalled at Newton 6 (reduction ratio 0.996)",
      "preconditioner_assembly_runtime_s": 0.22981039999285713,
      "preconditioner_numeric_factor_runtime_s": 0.5409355000010692
    },
    {
      "converged": false,
      "source_scale": 0.578125,
      "coeff_abs": 6.6240197697286e-10,
      "coeff_rel": 0.0385845796081687,
      "time_abs": null,
      "time_rel": null,
      "newton_iterations": 5,
      "gmres_iterations_total": 5,
      "factor_runtime_s": 0.6525806000281591,
      "runtime_s": 1.2529733999981545,
      "failure_reason": "stalled at Newton 5 (reduction ratio 0.975)",
      "preconditioner_assembly_runtime_s": 0.20606650004629046,
      "preconditioner_numeric_factor_runtime_s": 0.44428540000808425
    },
    {
      "converged": false,
      "source_scale": 0.5078125,
      "coeff_abs": 4.666781156787638e-13,
      "coeff_rel": 3.094766959664908e-05,
      "time_abs": null,
      "time_rel": null,
      "newton_iterations": 11,
      "gmres_iterations_total": 11,
      "factor_runtime_s": 1.2220566000032704,
      "runtime_s": 2.324804099975154,
      "failure_reason": "stalled at Newton 11 (reduction ratio 0.941)",
      "preconditioner_assembly_runtime_s": 0.3429202999395784,
      "preconditioner_numeric_factor_runtime_s": 0.8737413999333512
    },
    {
      "converged": true,
      "source_scale": 0.05,
      "coeff_abs": 8.293438821108106e-23,
      "coeff_rel": 5.5857120548958777e-14,
      "time_abs": null,
      "time_rel": null,
      "newton_iterations": 3,
      "gmres_iterations_total": 3,
      "factor_runtime_s": 0.43616719997953624,
      "runtime_s": 0.8467219999874942,
      "failure_reason": "",
      "preconditioner_assembly_runtime_s": 0.14108160001342185,
      "preconditioner_numeric_factor_runtime_s": 0.2930835000006482
    },
    {
      "converged": true,
      "source_scale": 0.1,
      "coeff_abs": 1.3628651341172462e-19,
      "coeff_rel": 4.5895149002973264e-11,
      "time_abs": null,
      "time_rel": null,
      "newton_iterations": 3,
      "gmres_iterations_total": 3,
      "factor_runtime_s": 0.4049462999973912,
      "runtime_s": 0.7567479999852367,
      "failure_reason": "",
      "preconditioner_assembly_runtime_s": 0.1314686000405345,
      "preconditioner_numeric_factor_runtime_s": 0.2717316999915056
    },
    {
      "converged": true,
      "source_scale": 0.15,
      "coeff_abs": 1.4828345588637918e-22,
      "coeff_rel": 3.3290118648896893e-14,
      "time_abs": null,
      "time_rel": null,
      "newton_iterations": 3,
      "gmres_iterations_total": 3,
      "factor_runtime_s": 0.4180593000492081,
      "runtime_s": 0.7739392000075895,
      "failure_reason": "",
      "preconditioner_assembly_runtime_s": 0.1448666000214871,
      "preconditioner_numeric_factor_runtime_s": 0.27168549998896196
    },
    {
      "converged": true,
      "source_scale": 0.2,
      "coeff_abs": 6.019437721835454e-20,
      "coeff_rel": 1.0135375256213334e-11,
      "time_abs": null,
      "time_rel": null,
      "newton_iterations": 3,
      "gmres_iterations_total": 3,
      "factor_runtime_s": 0.4088802000042051,
      "runtime_s": 0.7836698000028264,
      "failure_reason": "",
      "preconditioner_assembly_runtime_s": 0.12652920000255108,
      "preconditioner_numeric_factor_runtime_s": 0.2808072000334505
    },
    {
      "converged": true,
      "source_scale": 0.25,
      "coeff_abs": 1.1276106169856786e-19,
      "coeff_rel": 1.5189135296916377e-11,
      "time_abs": null,
      "time_rel": null,
      "newton_iterations": 4,
      "gmres_iterations_total": 4,
      "factor_runtime_s": 0.49147910001920536,
      "runtime_s": 0.9138813000172377,
      "failure_reason": "",