{
  "metadata": {
    "pump_modes": [
      1,
      3,
      5,
      7,
      9,
      11,
      13,
      15,
      17,
      19
    ],
    "pump_basis": "positive_phasor",
    "real_reconstruction_factor": 2,
    "omega_p": 51227194494.314,
    "phase_convention": "exp_plus_i_k_omega_t",
    "pump_mode_policy": "positive_odd_jc",
    "pump_source_mode": 1,
    "pump_freq_ghz": 8.1530612245,
    "nt": 40,
    "pump_current_a": 1.4034929941436183e-05,
    "pump_current_ratio_ic_median": 5.2837928626753845,
    "pump_backend": "full"
  },
  "solution_summary": {
    "x_rms": 3.154297459767874e-15,
    "x_max_abs": 7.228340246990475e-15,
    "branch_psi_rms": 1.9676619137268524e-16,
    "branch_psi_max_abs": 7.693062486786499e-16,
    "branch_i_rms": 1.3388886231677988e-06,
    "branch_i_max_abs": 2.656222583425944e-06,
    "X_h1_norm": 1.7896419134470375e-13,
    "X_h2_norm": 6.266102269470774e-15,
    "X_h3_norm": 2.9883230207119286e-16,
    "X_h4_norm": 3.640859525900824e-17,
    "X_h5_norm": 7.763452992365586e-18,
    "X_h6_norm": 2.350560308755549e-18,
    "X_h7_norm": 5.07922692900951e-19,
    "X_h8_norm": 1.3055636854230378e-19,
    "X_h9_norm": 6.749938613803606e-20,
    "X_h10_norm": 1.2329457845835064e-20
  },
  "reports": [
    {
      "converged": false,
      "source_scale": 1.0,
      "coeff_abs": 1.6025024492347185e-08,
      "coeff_rel": 0.8199334362153606,
      "time_abs": 1.0135115391160125e-07,
      "time_rel": 0.8199334362153606,
      "newton_iterations": 3,
      "gmres_iterations_total": 3,
      "factor_runtime_s": 1.9350683999655303,
      "runtime_s": 3.88886750000529,
      "failure_reason": "line search failed at Newton 3",
      "preconditioner_assembly_runtime_s": 0.0,
      "preconditioner_numeric_factor_runtime_s": 0.0
    }
  ],
  "final_status": "FAIL"
}