{
  "metadata": {
    "pump_modes": [
      1,
      3,
      5,
      7,
      9,
      11,
      13,
      15,
      17,
      19
    ],
    "pump_basis": "positive_phasor",
    "real_reconstruction_factor": 2,
    "omega_p": 51227194494.314,
    "phase_convention": "exp_plus_i_k_omega_t",
    "pump_mode_policy": "positive_odd_jc",
    "pump_source_mode": 1,
    "pump_freq_ghz": 8.1530612245,
    "nt": 40,
    "pump_current_a": 1.4053288352592445e-05,
    "pump_current_ratio_ic_median": 5.290704335852826,
    "pump_backend": "full"
  },
  "solution_summary": {
    "x_rms": 3.17677943741475e-15,
    "x_max_abs": 7.225822078665641e-15,
    "branch_psi_rms": 2.1896686238758235e-16,
    "branch_psi_max_abs": 1.0063909520735294e-15,
    "branch_i_rms": 1.3986878195954462e-06,
    "branch_i_max_abs": 2.6562225569949174e-06,
    "X_h1_norm": 1.8015970857685343e-13,
    "X_h2_norm": 8.280536244141764e-15,
    "X_h3_norm": 4.3290452679886606e-16,
    "X_h4_norm": 8.140149832030349e-17,
    "X_h5_norm": 2.501226391092725e-17,
    "X_h6_norm": 9.640919981963069e-18,
    "X_h7_norm": 2.945937164650921e-18,
    "X_h8_norm": 7.329612504186324e-19,
    "X_h9_norm": 2.964225089792206e-19,
    "X_h10_norm": 1.2824488492387818e-19
  },
  "reports": [
    {
      "converged": false,
      "source_scale": 1.0,
      "coeff_abs": 2.5696171640084765e-08,
      "coeff_rel": 1.3130480261681519,
      "time_abs": 1.6251685905858473e-07,
      "time_rel": 1.313048026168153,
      "newton_iterations": 2,
      "gmres_iterations_total": 2,
      "factor_runtime_s": 1.4076253999955952,
      "runtime_s": 2.4794203999917954,
      "failure_reason": "line search failed at Newton 2",
      "preconditioner_assembly_runtime_s": 0.0,
      "preconditioner_numeric_factor_runtime_s": 0.0
    }
  ],
  "final_status": "FAIL"
}