{
  "metadata": {
    "pump_modes": [
      1,
      3,
      5,
      7,
      9,
      11,
      13,
      15,
      17,
      19
    ],
    "pump_basis": "positive_phasor",
    "real_reconstruction_factor": 2,
    "omega_p": 51227194494.314,
    "phase_convention": "exp_plus_i_k_omega_t",
    "pump_mode_policy": "positive_odd_jc",
    "pump_source_mode": 1,
    "pump_freq_ghz": 8.1530612245,
    "nt": 40,
    "pump_current_a": 1.368391125898977e-05,
    "pump_current_ratio_ic_median": 5.151643288953587,
    "pump_backend": "full"
  },
  "solution_summary": {
    "x_rms": 3.0810243674013456e-15,
    "x_max_abs": 7.031836866624412e-15,
    "branch_psi_rms": 1.3788090614012545e-16,
    "branch_psi_max_abs": 2.5396124132618677e-16,
    "branch_i_rms": 1.0634800170739774e-06,
    "branch_i_max_abs": 1.8522723169574714e-06,
    "X_h1_norm": 1.7490986758212516e-13,
    "X_h2_norm": 1.2426814796810673e-15,
    "X_h3_norm": 4.4780139064707883e-17,
    "X_h4_norm": 2.105744896496384e-18,
    "X_h5_norm": 1.5197122787428424e-19,
    "X_h6_norm": 1.141041075709359e-20,
    "X_h7_norm": 1.3938879717260747e-21,
    "X_h8_norm": 1.9206742506027162e-22,
    "X_h9_norm": 8.11303245676963e-24,
    "X_h10_norm": 1.0647620362754288e-24
  },
  "reports": [
    {
      "converged": true,
      "source_scale": 1.0,
      "coeff_abs": 1.2750640132575375e-20,
      "coeff_rel": 6.691321292685237e-13,
      "time_abs": 1.9822913741704942e-19,
      "time_rel": 1.6448162595863275e-12,
      "newton_iterations": 3,
      "gmres_iterations_total": 3,
      "factor_runtime_s": 1.971352199994726,
      "runtime_s": 2.6391087000083644,
      "failure_reason": "",
      "preconditioner_assembly_runtime_s": 0.0,
      "preconditioner_numeric_factor_runtime_s": 0.0
    }
  ],
  "final_status": "VALID_CONVERGED"
}