{
  "metadata": {
    "pump_modes": [
      1,
      3,
      5,
      7,
      9,
      11,
      13,
      15,
      17,
      19
    ],
    "pump_basis": "positive_phasor",
    "real_reconstruction_factor": 2,
    "omega_p": 51227194494.314,
    "phase_convention": "exp_plus_i_k_omega_t",
    "pump_mode_policy": "positive_odd_jc",
    "pump_source_mode": 1,
    "pump_freq_ghz": 8.1530612245,
    "nt": 40,
    "pump_current_a": 1.3621039397755963e-05,
    "pump_current_ratio_ic_median": 5.1279736380870355,
    "pump_backend": "schur_cpu_mt"
  },
  "solution_summary": {
    "x_rms": 1.841025601223497e-15,
    "x_max_abs": 4.246132456530026e-15,
    "branch_psi_rms": 1.0877435702918095e-16,
    "branch_psi_max_abs": 2.272564298651671e-16,
    "branch_i_rms": 8.490401362898892e-07,
    "branch_i_max_abs": 1.6918629838922803e-06,
    "X_h1_norm": 1.0451696682102286e-13,
    "X_h2_norm": 4.0003097509471186e-16,
    "X_h3_norm": 9.932491357422074e-18,
    "X_h4_norm": 3.617695734599261e-19,
    "X_h5_norm": 1.6800943732246305e-20,
    "X_h6_norm": 9.25022883704517e-22,
    "X_h7_norm": 6.073048174822891e-23,
    "X_h8_norm": 5.057712721688894e-24,
    "X_h9_norm": 3.173643939020335e-25,
    "X_h10_norm": 3.1432576486107497e-26
  },
  "reports": [
    {
      "converged": false,
      "source_scale": 1.0,
      "coeff_abs": 4.607279545634308e-09,
      "coeff_rel": 0.15181237377620352,
      "time_abs": null,
      "time_rel": null,
      "newton_iterations": 6,
      "gmres_iterations_total": 6,
      "factor_runtime_s": 0.7541629999759607,
      "runtime_s": 1.5551533999969251,
      "failure_reason": "stalled at Newton 6 (reduction ratio 0.999)",
      "preconditioner_assembly_runtime_s": 0.20793199996114708,
      "preconditioner_numeric_factor_runtime_s": 0.542912000004435
    },
    {
      "converged": true,
      "source_scale": 0.5,
      "coeff_abs": 1.228666877300177e-18,
      "coeff_rel": 8.09704874104639e-11,
      "time_abs": null,
      "time_rel": null,
      "newton_iterations": 14,
      "gmres_iterations_total": 14,
      "factor_runtime_s": 1.780734800035134,
      "runtime_s": 3.37935970001854,
      "failure_reason": "",
      "preconditioner_assembly_runtime_s": 0.5208183000795543,
      "preconditioner_numeric_factor_runtime_s": 1.2527663999935612
    },
    {
      "converged": false,
      "source_scale": 1.0,
      "coeff_abs": 3.506360650518613e-09,
      "coeff_rel": 0.11553649575596092,
      "time_abs": null,
      "time_rel": null,
      "newton_iterations": 2,
      "gmres_iterations_total": 2,
      "factor_runtime_s": 0.209192999987863,
      "runtime_s": 0.4375648999994155,
      "failure_reason": "line search failed at Newton 2",
      "preconditioner_assembly_runtime_s": 0.05523320002248511,
      "preconditioner_numeric_factor_runtime_s": 0.15311410004505888
    },
    {
      "converged": false,
      "source_scale": 0.75,
      "coeff_abs": 4.984182109092507e-10,
      "coeff_rel": 0.02189753583995722,
      "time_abs": null,
      "time_rel": null,
      "newton_iterations": 5,
      "gmres_iterations_total": 5,
      "factor_runtime_s": 0.6307777999318205,
      "runtime_s": 1.3846928999992087,
      "failure_reason": "line search failed at Newton 5",
      "preconditioner_assembly_runtime_s": 0.1925819999887608,
      "preconditioner_numeric_factor_runtime_s": 0.4355511000030674
    },
    {
      "converged": false,
      "source_scale": 0.625,
      "coeff_abs": 4.566805534797409e-11,
      "coeff_rel": 0.00240765972872245,
      "time_abs": null,
      "time_rel": null,
      "newton_iterations": 12,
      "gmres_iterations_total": 12,
      "factor_runtime_s": 1.5602537999802735,
      "runtime_s": 3.139309599995613,
      "failure_reason": "stalled at Newton 12 (reduction ratio 0.998)",
      "preconditioner_assembly_runtime_s": 0.4617207999690436,
      "preconditioner_numeric_factor_runtime_s": 1.0921713000279851
    },
    {
      "converged": false,
      "source_scale": 0.5625,
      "coeff_abs": 4.1545903836107146e-11,
      "coeff_rel": 0.002433707004391446,
      "time_abs": null,
      "time_rel": null,
      "newton_iterations": 5,
      "gmres_iterations_total": 5,
      "factor_runtime_s": 0.6896826999436598,
      "runtime_s": 1.3197939000092447,
      "failure_reason": "stalled at Newton 5 (reduction ratio 0.813)",
      "preconditioner_assembly_runtime_s": 0.22757499999715947,
      "preconditioner_numeric_factor_runtime_s": 0.459380499960389
    },
    {
      "converged": true,
      "source_scale": 0.05,
      "coeff_abs": 3.415576550475577e-22,
      "coeff_rel": 2.250902202942608e-13,
      "time_abs": null,
      "time_rel": null,
      "newton_iterations": 3,
      "gmres_iterations_total": 3,
      "factor_runtime_s": 0.3623564000299666,
      "runtime_s": 0.6784064999956172,
      "failure_reason": "",
      "preconditioner_assembly_runtime_s": 0.09585180005524307,
      "preconditioner_numeric_factor_runtime_s": 0.26491680002072826
    },
    {
      "converged": true,
      "source_scale": 0.1,
      "coeff_abs": 6.916646377694187e-19,
      "coeff_rel": 2.279072703898132e-10,
      "time_abs": null,
      "time_rel": null,
      "newton_iterations": 3,
      "gmres_iterations_total": 3,
      "factor_runtime_s": 0.32035380002344027,
      "runtime_s": 0.5880821000027936,
      "failure_reason": "",
      "preconditioner_assembly_runtime_s": 0.07919240000774153,
      "preconditioner_numeric_factor_runtime_s": 0.23983019997831434
    },
    {
      "converged": true,
      "source_scale": 0.15,
      "coeff_abs": 1.2440287787048998e-22,
      "coeff_rel": 2.732761782312633e-14,
      "time_abs": null,
      "time_rel": null,
      "newton_iterations": 3,
      "gmres_iterations_total": 3,
      "factor_runtime_s": 0.3526396000524983,
      "runtime_s": 0.6477095999871381,
      "failure_reason": "",
      "preconditioner_assembly_runtime_s": 0.09742460001143627,
      "preconditioner_numeric_factor_runtime_s": 0.2537660999514628
    },
    {
      "converged": true,
      "source_scale": 0.2,
      "coeff_abs": 4.2452084150540476e-21,
      "coeff_rel": 6.994096627745879e-13,
      "time_abs": null,
      "time_rel": null,
      "newton_iterations": 3,
      "gmres_iterations_total": 3,
      "factor_runtime_s": 0.40798060002271086,
      "runtime_s": 0.8333463000017218,
      "failure_reason": "",
      "preconditioner_assembly_runtime_s": 0.12721169998985715,
      "preconditioner_numeric_factor_runtime_s": 0.27916320000076666
    },
    {
      "converged": true,
      "source_scale": 0.25,
      "coeff_abs": 4.7266774679895874e-18,
      "coeff_rel": 6.229864017432467e-10,
      "time_abs": null,
      "time_rel": null,
      "newton_iterations": 3,
      "gmres_iterations_total": 3,
      "factor_runtime_s": 0.38281460001599044,
      "runtime_s": 0.7148795999819413,
      "failure_reason": "",
      "preconditioner_assembly_runtime_s": 0.11380669995560311,
      "preconditioner_numeric_factor_runtime_s": 0.2671476999821607
    },
    {
      "converged": true,
      "source_scale": 0.3,
      "coeff_abs": 4.0601155116543576e-22,
      "coeff_rel": 4.459434014691588e-14,
      "time_abs": null,
      "time_rel": null,
      "newton_iterations": 4,
      "gmres_iterations_total": 4,
      "factor_runtime_s": 0.4458596999756992,
      "runtime_s": 0.8346523999935016,
      "failure_reason": "",
      "preconditioner_assembly_runtime_s": 0.11783289999584667,
      "preconditioner_numeric_factor_runtime_s": 0.3259601999889128
    },
    {
      "converged": true,
      "source_scale": 0.35,
      "coeff_abs": 4.091950211646882e-18,
      "coeff_rel": 3.852342604791811e-10,
      "time_abs": null,
      "time_rel": null,
      "newton_iterations": 4,
      "gmres_iterations_total": 4,
      "factor_runtime_s": 0.47559079999336973,
      "runtime_s": 0.8715307999809738,
      "failure_reason": "",
      "preconditioner_assembly_runtime_s": 0.1392337000288535,