{
  "metadata": {
    "pump_modes": [
      1,
      3,
      5,
      7,
      9,
      11,
      13,
      15,
      17,
      19
    ],
    "pump_basis": "positive_phasor",
    "real_reconstruction_factor": 2,
    "omega_p": 51227194494.314,
    "phase_convention": "exp_plus_i_k_omega_t",
    "pump_mode_policy": "positive_odd_jc",
    "pump_source_mode": 1,
    "pump_freq_ghz": 8.1530612245,
    "nt": 40,
    "pump_current_a": 1.3652439136436237e-05,
    "pump_current_ratio_ic_median": 5.139794838180018,
    "pump_backend": "schur_cpu_mt"
  },
  "solution_summary": {
    "x_rms": 1.5189781791804508e-15,
    "x_max_abs": 3.4955940738665194e-15,
    "branch_psi_rms": 9.792152050667465e-17,
    "branch_psi_max_abs": 2.1092640551536403e-16,
    "branch_i_rms": 7.676573283512247e-07,
    "branch_i_max_abs": 1.5882162899837352e-06,
    "X_h1_norm": 8.623110475498264e-14,
    "X_h2_norm": 7.791772569065029e-16,
    "X_h3_norm": 1.7349299046623802e-17,
    "X_h4_norm": 1.0403284059835376e-18,
    "X_h5_norm": 6.63295511481617e-20,
    "X_h6_norm": 4.780464677510493e-21,
    "X_h7_norm": 3.2221278426026262e-22,
    "X_h8_norm": 2.724112583909736e-23,
    "X_h9_norm": 3.3525356564783024e-24,
    "X_h10_norm": 6.781250907511114e-25
  },
  "reports": [
    {
      "converged": false,
      "source_scale": 1.0,
      "coeff_abs": 5.027861800150607e-09,
      "coeff_rel": 0.16528975620246789,
      "time_abs": null,
      "time_rel": null,
      "newton_iterations": 4,
      "gmres_iterations_total": 4,
      "factor_runtime_s": 0.5002641000319272,
      "runtime_s": 1.0704354000044987,
      "failure_reason": "line search failed at Newton 4",
      "preconditioner_assembly_runtime_s": 0.11164250000729226,
      "preconditioner_numeric_factor_runtime_s": 0.38629530000616796
    },
    {
      "converged": true,
      "source_scale": 0.5,
      "coeff_abs": 9.179195694577548e-19,
      "coeff_rel": 6.035277335769325e-11,
      "time_abs": null,
      "time_rel": null,
      "newton_iterations": 14,
      "gmres_iterations_total": 14,
      "factor_runtime_s": 1.8035031999752391,
      "runtime_s": 3.5565192000067327,
      "failure_reason": "",
      "preconditioner_assembly_runtime_s": 0.49858630006201565,
      "preconditioner_numeric_factor_runtime_s": 1.2972193000023253
    },
    {
      "converged": false,
      "source_scale": 1.0,
      "coeff_abs": 3.793468512198859e-09,
      "coeff_rel": 0.12470937159098247,
      "time_abs": null,
      "time_rel": null,
      "newton_iterations": 3,
      "gmres_iterations_total": 3,
      "factor_runtime_s": 0.38381830000435,
      "runtime_s": 0.8600396999972872,
      "failure_reason": "line search failed at Newton 3",
      "preconditioner_assembly_runtime_s": 0.1076314999954775,
      "preconditioner_numeric_factor_runtime_s": 0.27431109998724423
    },
    {
      "converged": false,
      "source_scale": 0.75,
      "coeff_abs": 4.972004013209114e-10,
      "coeff_rel": 0.02179379263915353,
      "time_abs": null,
      "time_rel": null,
      "newton_iterations": 5,
      "gmres_iterations_total": 5,
      "factor_runtime_s": 0.5882875999668613,
      "runtime_s": 1.178858900006162,
      "failure_reason": "stalled at Newton 5 (reduction ratio 0.994)",
      "preconditioner_assembly_runtime_s": 0.1614551000238862,
      "preconditioner_numeric_factor_runtime_s": 0.42420929999207146
    },
    {
      "converged": false,
      "source_scale": 0.625,
      "coeff_abs": 4.5525197153994615e-11,
      "coeff_rel": 0.0023946079785813214,
      "time_abs": null,
      "time_rel": null,
      "newton_iterations": 13,
      "gmres_iterations_total": 13,
      "factor_runtime_s": 1.4814916999894194,
      "runtime_s": 2.9362662000057753,
      "failure_reason": "stalled at Newton 13 (reduction ratio 0.998)",
      "preconditioner_assembly_runtime_s": 0.3926174000080209,
      "preconditioner_numeric_factor_runtime_s": 1.0818509999953676
    },
    {
      "converged": true,
      "source_scale": 0.5625,
      "coeff_abs": 4.782814033628822e-22,
      "coeff_rel": 2.7952687891003937e-14,
      "time_abs": null,
      "time_rel": null,
      "newton_iterations": 10,
      "gmres_iterations_total": 10,
      "factor_runtime_s": 1.3532604000065476,
      "runtime_s": 2.61209329997655,
      "failure_reason": "",
      "preconditioner_assembly_runtime_s": 0.39175939999404363,
      "preconditioner_numeric_factor_runtime_s": 0.9555228000099305
    },
    {
      "converged": false,
      "source_scale": 0.65625,
      "coeff_abs": 9.192870731965627e-11,
      "coeff_rel": 0.004605157034323487,
      "time_abs": null,
      "time_rel": null,
      "newton_iterations": 9,
      "gmres_iterations_total": 9,
      "factor_runtime_s": 1.1989229999599047,
      "runtime_s": 2.339090399997076,
      "failure_reason": "stalled at Newton 9 (reduction ratio 0.999)",
      "preconditioner_assembly_runtime_s": 0.40028979993076064,
      "preconditioner_numeric_factor_runtime_s": 0.7939639000105672
    },
    {
      "converged": true,
      "source_scale": 0.05,
      "coeff_abs": 3.53277097626217e-22,
      "coeff_rel": 2.322780046850282e-13,
      "time_abs": null,
      "time_rel": null,
      "newton_iterations": 3,
      "gmres_iterations_total": 3,
      "factor_runtime_s": 0.4294110000191722,
      "runtime_s": 0.7939636999799404,
      "failure_reason": "",
      "preconditioner_assembly_runtime_s": 0.13374250000924803,
      "preconditioner_numeric_factor_runtime_s": 0.29396519999136217
    },
    {
      "converged": true,
      "source_scale": 0.1,
      "coeff_abs": 7.159537872259898e-19,
      "coeff_rel": 2.353680981033978e-10,
      "time_abs": null,
      "time_rel": null,
      "newton_iterations": 3,
      "gmres_iterations_total": 3,
      "factor_runtime_s": 0.4082879999477882,
      "runtime_s": 0.7845161999866832,
      "failure_reason": "",
      "preconditioner_assembly_runtime_s": 0.12322209996636957,
      "preconditioner_numeric_factor_runtime_s": 0.28321200000937097
    },
    {
      "converged": true,
      "source_scale": 0.15,
      "coeff_abs": 1.2434600011730139e-22,
      "coeff_rel": 2.725230042921378e-14,
      "time_abs": null,
      "time_rel": null,
      "newton_iterations": 3,
      "gmres_iterations_total": 3,
      "factor_runtime_s": 0.39555700003984384,
      "runtime_s": 0.7800075999984983,
      "failure_reason": "",
      "preconditioner_assembly_runtime_s": 0.10913259998778813,
      "preconditioner_numeric_factor_runtime_s": 0.28477170001133345
    },
    {
      "converged": true,
      "source_scale": 0.2,
      "coeff_abs": 4.630404737401429e-21,
      "coeff_rel": 7.611172508171452e-13,
      "time_abs": null,
      "time_rel": null,
      "newton_iterations": 3,
      "gmres_iterations_total": 3,
      "factor_runtime_s": 0.3959234000358265,
      "runtime_s": 0.7470668999885675,
      "failure_reason": "",
      "preconditioner_assembly_runtime_s": 0.115309899993008,
      "preconditioner_numeric_factor_runtime_s": 0.2789688000048045
    },
    {
      "converged": true,
      "source_scale": 0.25,
      "coeff_abs": 5.000709418034713e-18,
      "coeff_rel": 6.57588512493787e-10,
      "time_abs": null,
      "time_rel": null,
      "newton_iterations": 3,
      "gmres_iterations_total": 3,
      "factor_runtime_s": 0.41254750001826324,
      "runtime_s": 0.7634031999914441,
      "failure_reason": "",
      "preconditioner_assembly_runtime_s": 0.11222549999365583,
      "preconditioner_numeric_factor_runtime_s": 0.2986968000186607
    },
    {
      "converged": true,
      "source_scale": 0.3,
      "coeff_abs": 4.456684355903354e-22,
      "coeff_rel": 4.883747803334294e-14,
      "time_abs": null,
      "time_rel": null,
      "newton_iterations": 4,
      "gmres_iterations_total": 4,
      "factor_runtime_s": 0.5269881999993231,
      "runtime_s": 1.0236611000145786,
      "failure_reason": "",
      "preconditioner_assembly_runtime_s": 0.16233510000165552,