{
  "metadata": {
    "pump_modes": [
      1,
      3,
      5,
      7,
      9,
      11,
      13,
      15,
      17,
      19
    ],
    "pump_basis": "positive_phasor",
    "real_reconstruction_factor": 2,
    "omega_p": 44252474118.46583,
    "phase_convention": "exp_plus_i_k_omega_t",
    "pump_mode_policy": "positive_odd_jc",
    "pump_source_mode": 1,
    "pump_freq_ghz": 7.043,
    "nt": 40,
    "pump_current_a": 2.4276847306461353e-06,
    "pump_current_ratio_ic_median": 0.9139613312028722,
    "pump_backend": "schur_cpu_mt"
  },
  "solution_summary": {
    "x_rms": 6.213607838403747e-16,
    "x_max_abs": 1.431623712214088e-15,
    "branch_psi_rms": 3.5125725029237715e-17,
    "branch_psi_max_abs": 6.760594428087669e-17,
    "branch_i_rms": 2.824088605114121e-07,
    "branch_i_max_abs": 5.418197493010997e-07,
    "X_h1_norm": 3.5275559944982487e-14,
    "X_h2_norm": 2.0940662017109128e-17,
    "X_h3_norm": 1.57223285512473e-19,
    "X_h4_norm": 5.872286511707239e-22,
    "X_h5_norm": 3.802609120101803e-24,
    "X_h6_norm": 4.392412337552895e-26,
    "X_h7_norm": 3.9274267610424288e-28,
    "X_h8_norm": 4.538118170199917e-30,
    "X_h9_norm": 9.990706046181189e-31,
    "X_h10_norm": 5.982408783118673e-31
  },
  "reports": [
    {
      "converged": true,
      "source_scale": 1.0,
      "coeff_abs": 1.6233030397665742e-21,
      "coeff_rel": 3.0010979593074557e-13,
      "time_abs": null,
      "time_rel": null,
      "newton_iterations": 2,
      "gmres_iterations_total": 2,
      "factor_runtime_s": 0.28357749999850057,
      "runtime_s": 0.5645062999974471,
      "failure_reason": "",
      "preconditioner_assembly_runtime_s": 0.0835975999943912,
      "preconditioner_numeric_factor_runtime_s": 0.19882039999356493
    }
  ],
  "final_status": "VALID_CONVERGED"
}