{
  "metadata": {
    "pump_modes": [
      1,
      3,
      5,
      7,
      9,
      11,
      13,
      15,
      17,
      19
    ],
    "pump_basis": "positive_phasor",
    "real_reconstruction_factor": 2,
    "omega_p": 51227194494.314,
    "phase_convention": "exp_plus_i_k_omega_t",
    "pump_mode_policy": "positive_odd_jc",
    "pump_source_mode": 1,
    "pump_freq_ghz": 8.1530612245,
    "nt": 40,
    "pump_current_a": 1.3364731837714339e-05,
    "pump_current_ratio_ic_median": 5.031480384323127,
    "pump_backend": "full"
  },
  "solution_summary": {
    "x_rms": 3.002253541007606e-15,
    "x_max_abs": 6.8361454558128025e-15,
    "branch_psi_rms": 1.3319860486118548e-16,
    "branch_psi_max_abs": 2.608739849115654e-16,
    "branch_i_rms": 1.0295966342659026e-06,
    "branch_i_max_abs": 1.89185020190263e-06,
    "X_h1_norm": 1.7044050001696333e-13,
    "X_h2_norm": 7.939913227722483e-16,
    "X_h3_norm": 2.957760876110084e-17,
    "X_h4_norm": 8.653609250435114e-19,
    "X_h5_norm": 5.559245018178246e-20,
    "X_h6_norm": 3.1367855457030908e-21,
    "X_h7_norm": 2.7939670066523654e-22,
    "X_h8_norm": 2.450774536125436e-23,
    "X_h9_norm": 1.4422585309817857e-24,
    "X_h10_norm": 2.660479853931973e-25
  },
  "reports": [
    {
      "converged": true,
      "source_scale": 1.0,
      "coeff_abs": 1.4286426797987746e-18,
      "coeff_rel": 7.676327857158371e-11,
      "time_abs": 9.037378804854116e-18,
      "time_rel": 7.677898836623068e-11,
      "newton_iterations": 2,
      "gmres_iterations_total": 2,
      "factor_runtime_s": 1.3069617000001017,
      "runtime_s": 1.7409449999977369,
      "failure_reason": "",
      "preconditioner_assembly_runtime_s": 0.0,
      "preconditioner_numeric_factor_runtime_s": 0.0
    }
  ],
  "final_status": "VALID_CONVERGED"
}