{
  "metadata": {
    "pump_modes": [
      1,
      3,
      5,
      7,
      9,
      11,
      13,
      15,
      17,
      19
    ],
    "pump_basis": "positive_phasor",
    "real_reconstruction_factor": 2,
    "omega_p": 51227194494.314,
    "phase_convention": "exp_plus_i_k_omega_t",
    "pump_mode_policy": "positive_odd_jc",
    "pump_source_mode": 1,
    "pump_freq_ghz": 8.1530612245,
    "nt": 40,
    "pump_current_a": 1.3794636123473196e-05,
    "pump_current_ratio_ic_median": 5.193328374031992,
    "pump_backend": "full"
  },
  "solution_summary": {
    "x_rms": 3.106177876373003e-15,
    "x_max_abs": 7.096318858873174e-15,
    "branch_psi_rms": 1.3952707454739367e-16,
    "branch_psi_max_abs": 2.4715432256544685e-16,
    "branch_i_rms": 1.0758834338756378e-06,
    "branch_i_max_abs": 1.8125017161220135e-06,
    "X_h1_norm": 1.7633876627638123e-13,
    "X_h2_norm": 1.1139604127015555e-15,
    "X_h3_norm": 4.048517324737364e-17,
    "X_h4_norm": 1.7864330163031322e-18,
    "X_h5_norm": 1.2478696485952696e-19,
    "X_h6_norm": 8.927836063079499e-21,
    "X_h7_norm": 9.476213544081087e-22,
    "X_h8_norm": 1.3087971563920837e-22,
    "X_h9_norm": 5.596608341333695e-24,
    "X_h10_norm": 5.2045836327405765e-25
  },
  "reports": [
    {
      "converged": true,
      "source_scale": 1.0,
      "coeff_abs": 1.2652365407953441e-20,
      "coeff_rel": 6.586453363879266e-13,
      "time_abs": 2.017049496430224e-19,
      "time_rel": 1.6602231098692724e-12,
      "newton_iterations": 3,
      "gmres_iterations_total": 3,
      "factor_runtime_s": 1.8692209999717306,
      "runtime_s": 2.566778600012185,
      "failure_reason": "",
      "preconditioner_assembly_runtime_s": 0.0,
      "preconditioner_numeric_factor_runtime_s": 0.0
    }
  ],
  "final_status": "VALID_CONVERGED"
}