{
  "metadata": {
    "pump_modes": [
      1,
      3,
      5,
      7,
      9,
      11,
      13,
      15,
      17,
      19
    ],
    "pump_basis": "positive_phasor",
    "real_reconstruction_factor": 2,
    "omega_p": 51227194494.314,
    "phase_convention": "exp_plus_i_k_omega_t",
    "pump_mode_policy": "positive_odd_jc",
    "pump_source_mode": 1,
    "pump_freq_ghz": 8.1530612245,
    "nt": 40,
    "pump_current_a": 1.3527272822085254e-05,
    "pump_current_ratio_ic_median": 5.092672915863715,
    "pump_backend": "schur_cpu_mt"
  },
  "solution_summary": {
    "x_rms": 1.8279667433998353e-15,
    "x_max_abs": 4.2133760767207744e-15,
    "branch_psi_rms": 1.0841973901898829e-16,
    "branch_psi_max_abs": 2.2646167883864985e-16,
    "branch_i_rms": 8.463756125349361e-07,
    "branch_i_max_abs": 1.6869130831367395e-06,
    "X_h1_norm": 1.0377558529129102e-13,
    "X_h2_norm": 4.0144197720512287e-16,
    "X_h3_norm": 1.0252855723726405e-17,
    "X_h4_norm": 3.668737009035344e-19,
    "X_h5_norm": 1.6591698725149165e-20,
    "X_h6_norm": 8.985605469073337e-22,
    "X_h7_norm": 6.248020496644434e-23,
    "X_h8_norm": 5.468714285952587e-24,
    "X_h9_norm": 3.1687004283578017e-25,
    "X_h10_norm": 2.970941209476757e-26
  },
  "reports": [
    {
      "converged": false,
      "source_scale": 1.0,
      "coeff_abs": 5.462974978638953e-09,
      "coeff_rel": 0.1812557608595325,
      "time_abs": null,
      "time_rel": null,
      "newton_iterations": 5,
      "gmres_iterations_total": 5,
      "factor_runtime_s": 0.5738633999717422,
      "runtime_s": 1.0972829000093043,
      "failure_reason": "stalled at Newton 5 (reduction ratio 1.000)",
      "preconditioner_assembly_runtime_s": 0.16642540000611916,
      "preconditioner_numeric_factor_runtime_s": 0.404979299986735
    },
    {
      "converged": true,
      "source_scale": 0.5,
      "coeff_abs": 1.155827979560847e-18,
      "coeff_rel": 7.669831206520828e-11,
      "time_abs": null,
      "time_rel": null,
      "newton_iterations": 14,
      "gmres_iterations_total": 14,
      "factor_runtime_s": 1.6137269999890123,
      "runtime_s": 3.131141599995317,
      "failure_reason": "",
      "preconditioner_assembly_runtime_s": 0.43648500004201196,
      "preconditioner_numeric_factor_runtime_s": 1.1701122999656945
    },
    {
      "converged": false,
      "source_scale": 1.0,
      "coeff_abs": 3.5553299809718523e-09,
      "coeff_rel": 0.11796210733667174,
      "time_abs": null,
      "time_rel": null,
      "newton_iterations": 4,
      "gmres_iterations_total": 4,
      "factor_runtime_s": 0.5160661000118125,
      "runtime_s": 1.072325599991018,
      "failure_reason": "line search failed at Newton 4",
      "preconditioner_assembly_runtime_s": 0.15925830003106967,
      "preconditioner_numeric_factor_runtime_s": 0.3546539000526536
    },
    {
      "converged": false,
      "source_scale": 0.75,
      "coeff_abs": 5.451100791708246e-10,
      "coeff_rel": 0.024114905044387604,
      "time_abs": null,
      "time_rel": null,
      "newton_iterations": 5,
      "gmres_iterations_total": 5,
      "factor_runtime_s": 0.6163626000052318,
      "runtime_s": 1.2855710000148974,
      "failure_reason": "stalled at Newton 5 (reduction ratio 0.998)",
      "preconditioner_assembly_runtime_s": 0.17085489997407421,
      "preconditioner_numeric_factor_runtime_s": 0.4428018000035081
    },
    {
      "converged": false,
      "source_scale": 0.625,
      "coeff_abs": 5.696184128412985e-11,
      "coeff_rel": 0.0030238943205226757,
      "time_abs": null,
      "time_rel": null,
      "newton_iterations": 13,
      "gmres_iterations_total": 13,
      "factor_runtime_s": 1.9602127000398468,
      "runtime_s": 4.125672099995427,
      "failure_reason": "line search failed at Newton 13",
      "preconditioner_assembly_runtime_s": 0.673749899957329,
      "preconditioner_numeric_factor_runtime_s": 1.278521700121928
    },
    {
      "converged": false,
      "source_scale": 0.5625,
      "coeff_abs": 6.787262373912919e-11,
      "coeff_rel": 0.004003452853833906,
      "time_abs": null,
      "time_rel": null,
      "newton_iterations": 5,
      "gmres_iterations_total": 5,
      "factor_runtime_s": 0.6086072000616696,
      "runtime_s": 1.2187009000044782,
      "failure_reason": "stalled at Newton 5 (reduction ratio 0.960)",
      "preconditioner_assembly_runtime_s": 0.18217020001611672,
      "preconditioner_numeric_factor_runtime_s": 0.42395679993205704
    },
    {
      "converged": true,
      "source_scale": 0.05,
      "coeff_abs": 3.0831400177972892e-22,
      "coeff_rel": 2.0459068253010706e-13,
      "time_abs": null,
      "time_rel": null,
      "newton_iterations": 3,
      "gmres_iterations_total": 3,
      "factor_runtime_s": 0.3139435999910347,
      "runtime_s": 0.5754097999888472,
      "failure_reason": "",
      "preconditioner_assembly_runtime_s": 0.07989379999344237,
      "preconditioner_numeric_factor_runtime_s": 0.23275909997755662
    },
    {
      "converged": true,
      "source_scale": 0.1,
      "coeff_abs": 6.236314425343116e-19,
      "coeff_rel": 2.0691434988165822e-10,
      "time_abs": null,
      "time_rel": null,
      "newton_iterations": 3,
      "gmres_iterations_total": 3,
      "factor_runtime_s": 0.31382350000785664,
      "runtime_s": 0.6000617000099737,
      "failure_reason": "",
      "preconditioner_assembly_runtime_s": 0.09204849999514408,
      "preconditioner_numeric_factor_runtime_s": 0.22050539997871965
    },
    {
      "converged": true,
      "source_scale": 0.15,
      "coeff_abs": 1.2291070464712287e-22,
      "coeff_rel": 2.71869855719114e-14,
      "time_abs": null,
      "time_rel": null,
      "newton_iterations": 3,
      "gmres_iterations_total": 3,
      "factor_runtime_s": 0.2918824999942444,
      "runtime_s": 0.5733113999885973,
      "failure_reason": "",
      "preconditioner_assembly_runtime_s": 0.06953720000456087,
      "preconditioner_numeric_factor_runtime_s": 0.2209525999496691
    },
    {
      "converged": true,
      "source_scale": 0.2,
      "coeff_abs": 3.2712620665782806e-21,
      "coeff_rel": 5.426851643720112e-13,
      "time_abs": null,
      "time_rel": null,
      "newton_iterations": 3,
      "gmres_iterations_total": 3,
      "factor_runtime_s": 0.30559199998970143,
      "runtime_s": 0.5980835999944247,
      "failure_reason": "",
      "preconditioner_assembly_runtime_s": 0.08318949997192249,
      "preconditioner_numeric_factor_runtime_s": 0.22094410000136122
    },
    {
      "converged": true,
      "source_scale": 0.25,
      "coeff_abs": 3.9559754806059925e-18,
      "coeff_rel": 5.250204135897677e-10,
      "time_abs": null,
      "time_rel": null,
      "newton_iterations": 3,
      "gmres_iterations_total": 3,
      "factor_runtime_s": 0.42111400002613664,
      "runtime_s": 0.7937437000218779,
      "failure_reason": "",
      "preconditioner_assembly_runtime_s": 0.14119300001766533,
      "preconditioner_numeric_factor_runtime_s": 0.2781866999575868
    },
    {
      "converged": true,
      "source_scale": 0.3,
      "coeff_abs": 3.3545459465310336e-22,
      "coeff_rel": 3.7100101455967013e-14,
      "time_abs": null,
      "time_rel": null,
      "newton_iterations": 4,
      "gmres_iterations_total": 4,
      "factor_runtime_s": 0.5444893999956548,
      "runtime_s": 1.0144942000042647,
      "failure_reason": "",
      "preconditioner_assembly_runtime_s": 0.19695409998530522,
      "preconditioner_numeric_factor_runtime_s": 0.3454275999974925
    },
    {
      "converged": true,
      "source_scale": 0.35,
      "coeff_abs": 2.1593859026323947e-18,
      "coeff_rel": 2.0470329094700222e-10,
      "time_abs": null,
      "time_rel": null,
      "newton_iterations": 4,
      "gmres_iterations_total": 4,
      "factor_runtime_s": 0.5024423000577372,
      "runtime_s": 0.9781465000123717,
      "failure_reason": "",
      "preconditioner_assembly_runtime_s": 0.14211960000102408,