{
  "metadata": {
    "pump_modes": [
      1,
      3,
      5,
      7,
      9,
      11,
      13,
      15,
      17,
      19
    ],
    "pump_basis": "positive_phasor",
    "real_reconstruction_factor": 2,
    "omega_p": 44252474118.46583,
    "phase_convention": "exp_plus_i_k_omega_t",
    "pump_mode_policy": "positive_odd_jc",
    "pump_source_mode": 1,
    "pump_freq_ghz": 7.043,
    "nt": 40,
    "pump_current_a": 7.641740518060876e-06,
    "pump_current_ratio_ic_median": 2.876920239447634,
    "pump_backend": "schur_cpu_mt"
  },
  "solution_summary": {
    "x_rms": 1.968294602934765e-15,
    "x_max_abs": 4.44586359637871e-15,
    "branch_psi_rms": 1.0940191666218705e-16,
    "branch_psi_max_abs": 2.249307536894745e-16,
    "branch_i_rms": 8.517460081224691e-07,
    "branch_i_max_abs": 1.6773504114135787e-06,
    "X_h1_norm": 1.1174183243740935e-13,
    "X_h2_norm": 5.064752416012226e-16,
    "X_h3_norm": 1.5802058487077065e-17,
    "X_h4_norm": 1.0371669444231061e-18,
    "X_h5_norm": 6.539584383783155e-20,
    "X_h6_norm": 2.3003801988464756e-21,
    "X_h7_norm": 1.5913721718657619e-22,
    "X_h8_norm": 1.4070969886628735e-23,
    "X_h9_norm": 1.175389754557446e-23,
    "X_h10_norm": 1.2095560952784255e-25
  },
  "reports": [
    {
      "converged": true,
      "source_scale": 1.0,
      "coeff_abs": 7.797918943351762e-22,
      "coeff_rel": 4.579934702286735e-14,
      "time_abs": null,
      "time_rel": null,
      "newton_iterations": 2,
      "gmres_iterations_total": 2,
      "factor_runtime_s": 0.24823560001095757,
      "runtime_s": 0.5143307000107598,
      "failure_reason": "",
      "preconditioner_assembly_runtime_s": 0.06456379999872297,
      "preconditioner_numeric_factor_runtime_s": 0.18246830001589842
    }
  ],
  "final_status": "VALID_CONVERGED"
}