{
  "metadata": {
    "pump_modes": [
      1,
      3,
      5,
      7,
      9,
      11,
      13,
      15,
      17,
      19
    ],
    "pump_basis": "positive_phasor",
    "real_reconstruction_factor": 2,
    "omega_p": 44252474118.46583,
    "phase_convention": "exp_plus_i_k_omega_t",
    "pump_mode_policy": "positive_odd_jc",
    "pump_source_mode": 1,
    "pump_freq_ghz": 7.043,
    "nt": 40,
    "pump_current_a": 7.739132581469397e-06,
    "pump_current_ratio_ic_median": 2.9135858652588382,
    "pump_backend": "schur_cpu_mt"
  },
  "solution_summary": {
    "x_rms": 1.9941228254817262e-15,
    "x_max_abs": 4.510138293226257e-15,
    "branch_psi_rms": 1.1056512669369281e-16,
    "branch_psi_max_abs": 2.2622180202528843e-16,
    "branch_i_rms": 8.602431904273781e-07,
    "branch_i_max_abs": 1.6854171385683073e-06,
    "X_h1_norm": 1.1320802357203304e-13,
    "X_h2_norm": 5.346895148367461e-16,
    "X_h3_norm": 1.723025768874761e-17,
    "X_h4_norm": 1.218044534699519e-18,
    "X_h5_norm": 7.677920475783967e-20,
    "X_h6_norm": 2.7195328429523142e-21,
    "X_h7_norm": 2.0263747033611478e-22,
    "X_h8_norm": 1.848528449382993e-23,
    "X_h9_norm": 1.5933795264892578e-23,
    "X_h10_norm": 1.682387859192929e-25
  },
  "reports": [
    {
      "converged": true,
      "source_scale": 1.0,
      "coeff_abs": 1.551397884304646e-20,
      "coeff_rel": 8.997125210383876e-13,
      "time_abs": null,
      "time_rel": null,
      "newton_iterations": 3,
      "gmres_iterations_total": 3,
      "factor_runtime_s": 0.3154516000067815,
      "runtime_s": 0.5820206000062171,
      "failure_reason": "",
      "preconditioner_assembly_runtime_s": 0.08809050000854768,
      "preconditioner_numeric_factor_runtime_s": 0.22621190000791103
    }
  ],
  "final_status": "VALID_CONVERGED"
}