{
  "metadata": {
    "pump_modes": [
      1,
      3,
      5,
      7,
      9,
      11,
      13,
      15,
      17,
      19
    ],
    "pump_basis": "positive_phasor",
    "real_reconstruction_factor": 2,
    "omega_p": 51227194494.314,
    "phase_convention": "exp_plus_i_k_omega_t",
    "pump_mode_policy": "positive_odd_jc",
    "pump_source_mode": 1,
    "pump_freq_ghz": 8.1530612245,
    "nt": 40,
    "pump_current_a": 1.3449627276468306e-05,
    "pump_current_ratio_ic_median": 5.063441349944877,
    "pump_backend": "full"
  },
  "solution_summary": {
    "x_rms": 3.0238031887156904e-15,
    "x_max_abs": 6.885330607269322e-15,
    "branch_psi_rms": 1.3470801240277682e-16,
    "branch_psi_max_abs": 2.5674046830935415e-16,
    "branch_i_rms": 1.040252263275225e-06,
    "branch_i_max_abs": 1.8682835836629924e-06,
    "X_h1_norm": 1.7166215139804525e-13,
    "X_h2_norm": 1.1120957048510043e-15,
    "X_h3_norm": 3.474434842085599e-17,
    "X_h4_norm": 1.4465339341937534e-18,
    "X_h5_norm": 9.254753217245139e-20,
    "X_h6_norm": 6.6074652947123165e-21,
    "X_h7_norm": 5.295174500319523e-22,
    "X_h8_norm": 6.169637651415644e-23,
    "X_h9_norm": 5.995926676123616e-24,
    "X_h10_norm": 1.1987782349209691e-24
  },
  "reports": [
    {
      "converged": false,
      "source_scale": 1.0,
      "coeff_abs": 3.890333637337005e-12,
      "coeff_rel": 0.00020771446590958227,
      "time_abs": 2.4604630303907092e-11,
      "time_rel": 0.00020771446590960155,
      "newton_iterations": 5,
      "gmres_iterations_total": 5,
      "factor_runtime_s": 2.912886200065259,
      "runtime_s": 5.111005399987334,
      "failure_reason": "stalled at Newton 5 (reduction ratio 1.000)",
      "preconditioner_assembly_runtime_s": 0.0,
      "preconditioner_numeric_factor_runtime_s": 0.0
    }
  ],
  "final_status": "FAIL"
}