{
  "metadata": {
    "pump_modes": [
      1,
      3,
      5,
      7,
      9,
      11,
      13,
      15,
      17,
      19
    ],
    "pump_basis": "positive_phasor",
    "real_reconstruction_factor": 2,
    "omega_p": 51227194494.314,
    "phase_convention": "exp_plus_i_k_omega_t",
    "pump_mode_policy": "positive_odd_jc",
    "pump_source_mode": 1,
    "pump_freq_ghz": 8.1530612245,
    "nt": 40,
    "pump_current_a": 1.3898254148936786e-05,
    "pump_current_ratio_ic_median": 5.232337915630959,
    "pump_backend": "full"
  },
  "solution_summary": {
    "x_rms": 3.1288481376940632e-15,
    "x_max_abs": 7.158100083358616e-15,
    "branch_psi_rms": 1.4189648612331467e-16,
    "branch_psi_max_abs": 2.5935556231313216e-16,
    "branch_i_rms": 1.093069967970758e-06,
    "branch_i_max_abs": 1.8832276282134774e-06,
    "X_h1_norm": 1.7762606960106146e-13,
    "X_h2_norm": 1.0727478340889098e-15,
    "X_h3_norm": 4.040215398489022e-17,
    "X_h4_norm": 1.7878650100451153e-18,
    "X_h5_norm": 1.3850022715275296e-19,
    "X_h6_norm": 9.414260132515008e-21,
    "X_h7_norm": 1.109535863384479e-21,
    "X_h8_norm": 1.5885257940402229e-22,
    "X_h9_norm": 7.759491579073909e-24,
    "X_h10_norm": 1.400260726897612e-24
  },
  "reports": [
    {
      "converged": true,
      "source_scale": 1.0,
      "coeff_abs": 1.353531954575567e-19,
      "coeff_rel": 6.9935616583418896e-12,
      "time_abs": 8.75646014653903e-19,
      "time_rel": 7.153662958707797e-12,
      "newton_iterations": 3,
      "gmres_iterations_total": 3,
      "factor_runtime_s": 1.8840217999822926,
      "runtime_s": 2.5582436000113375,
      "failure_reason": "",
      "preconditioner_assembly_runtime_s": 0.0,
      "preconditioner_numeric_factor_runtime_s": 0.0
    }
  ],
  "final_status": "VALID_CONVERGED"
}