{
  "metadata": {
    "pump_modes": [
      1,
      3,
      5,
      7,
      9,
      11,
      13,
      15,
      17,
      19
    ],
    "pump_basis": "positive_phasor",
    "real_reconstruction_factor": 2,
    "omega_p": 44252474118.46583,
    "phase_convention": "exp_plus_i_k_omega_t",
    "pump_mode_policy": "positive_odd_jc",
    "pump_source_mode": 1,
    "pump_freq_ghz": 7.043,
    "nt": 40,
    "pump_current_a": 7.433481873767664e-06,
    "pump_current_ratio_ic_median": 2.7985161759504473,
    "pump_backend": "schur_cpu_mt"
  },
  "solution_summary": {
    "x_rms": 1.9124479517864238e-15,
    "x_max_abs": 4.30352553729392e-15,
    "branch_psi_rms": 1.0658286158218552e-16,
    "branch_psi_max_abs": 2.2095123744058363e-16,
    "branch_i_rms": 8.311539180564477e-07,
    "branch_i_max_abs": 1.6523237369645854e-06,
    "X_h1_norm": 1.085715105271421e-13,
    "X_h2_norm": 4.597611761268287e-16,
    "X_h3_norm": 1.3198417436219881e-17,
    "X_h4_norm": 8.486338659047033e-19,
    "X_h5_norm": 5.092752506928875e-20,
    "X_h6_norm": 1.5282027162352574e-21,
    "X_h7_norm": 1.062158109806401e-22,
    "X_h8_norm": 8.94903986611157e-24,
    "X_h9_norm": 5.6992937083720045e-24,
    "X_h10_norm": 6.841425548150025e-26
  },
  "reports": [
    {
      "converged": true,
      "source_scale": 1.0,
      "coeff_abs": 1.5126924346347282e-17,
      "coeff_rel": 9.133373215428169e-10,
      "time_abs": null,
      "time_rel": null,
      "newton_iterations": 1,
      "gmres_iterations_total": 1,
      "factor_runtime_s": 0.11887929998920299,
      "runtime_s": 0.2535877999907825,
      "failure_reason": "",
      "preconditioner_assembly_runtime_s": 0.03559129999484867,
      "preconditioner_numeric_factor_runtime_s": 0.08259080001153052
    }
  ],
  "final_status": "VALID_CONVERGED"
}