{
  "metadata": {
    "pump_modes": [
      1,
      3,
      5,
      7,
      9,
      11,
      13,
      15,
      17,
      19
    ],
    "pump_basis": "positive_phasor",
    "real_reconstruction_factor": 2,
    "omega_p": 44252474118.46583,
    "phase_convention": "exp_plus_i_k_omega_t",
    "pump_mode_policy": "positive_odd_jc",
    "pump_source_mode": 1,
    "pump_freq_ghz": 7.043,
    "nt": 40,
    "pump_current_a": 7.222578766094429e-06,
    "pump_current_ratio_ic_median": 2.7191165394941317,
    "pump_backend": "schur_cpu_mt"
  },
  "solution_summary": {
    "x_rms": 1.8550325731214264e-15,
    "x_max_abs": 4.152565132088286e-15,
    "branch_psi_rms": 1.0324626189156365e-16,
    "branch_psi_max_abs": 2.1651799806588861e-16,
    "branch_i_rms": 8.067270373702475e-07,
    "branch_i_max_abs": 1.6241593427454584e-06,
    "X_h1_norm": 1.0531200595748922e-13,
    "X_h2_norm": 4.405718628249854e-16,
    "X_h3_norm": 1.904964373581187e-17,
    "X_h4_norm": 8.548981710952777e-19,
    "X_h5_norm": 7.081577972893075e-20,
    "X_h6_norm": 1.755572458802159e-20,
    "X_h7_norm": 3.9799519037543246e-22,
    "X_h8_norm": 4.0107207088058263e-22,
    "X_h9_norm": 3.4616418572460063e-23,
    "X_h10_norm": 2.612834150883257e-24
  },
  "reports": [
    {
      "converged": true,
      "source_scale": 1.0,
      "coeff_abs": 5.371536551305323e-19,
      "coeff_rel": 3.337944450242342e-11,
      "time_abs": null,
      "time_rel": null,
      "newton_iterations": 4,
      "gmres_iterations_total": 4,
      "factor_runtime_s": 0.513443300005747,
      "runtime_s": 0.9217957000073511,
      "failure_reason": "",
      "preconditioner_assembly_runtime_s": 0.16345190003630705,
      "preconditioner_numeric_factor_runtime_s": 0.3481257999665104
    }
  ],
  "final_status": "VALID_CONVERGED"
}