theta,mu,source_current_a,max_abs_sin_phi,max_abs_phi,min_cos_phi,strongest_branch,state_norm,pump_node_flux,time_s
0.0,1.1299598687329626e-05,1.1299598687329626e-05,0.7518638411391109,0.8508844618709706,0.6593184089554469,1829,6.329023969844416,-9.866573179775453e-18,0.0
0.1,1.1243149980543993e-05,1.1243149980543993e-05,0.752929864076434,0.8525028119359425,0.6581007671943884,1830,6.295971619690276,5.600872532981236e-16,2.0146195328088018e-12
0.2,1.1074367763520012e-05,1.1074367763520012e-05,0.7535929637294329,0.853510989476006,0.6573413458907705,1727,6.268796678825514,1.1216952910631405e-15,4.0292390656176035e-12
0.30000000000000004,1.0794938117643083e-05,1.0794938117643083e-05,0.7510943038549974,0.8497180663921897,0.66019493084738,1727,6.247214655231347,1.6693243101316558e-15,6.043858598426406e-12
0.4,1.0407652463041319e-05,1.0407652463041319e-05,0.7449996869116119,0.8405343717455339,0.6670648143183691,1728,6.23074145473183,2.197472817610111e-15,8.058478131235207e-12
0.5,9.916379677786028e-06,9.916379677786028e-06,0.7403298381137303,0.8335608783882257,0.6722438030941587,1688,6.218732083562967,2.7008356543612514e-15,1.0073097664044008e-11
0.6,9.326027455205817e-06,9.326027455205817e-06,0.7302425823832719,0.8186769574393786,0.6831879469620423,1688,6.21041387770479,3.1743635048447758e-15,1.208771719685281e-11
0.7,8.642493285214623e-06,8.642493285214623e-06,0.7229967834175312,0.8081303426859188,0.6908513958644823,1689,6.204915612861989,3.613315890573956e-15,1.4102336729661611e-11
0.7999999999999999,7.872605549176293e-06,7.872605549176293e-06,0.7175657022635487,0.8003009068821401,0.6964908204240887,2395,6.201296350310305,4.013307467631436e-15,1.611695626247041e-11
0.8999999999999999,7.02405531656282e-06,7.02405531656282e-06,0.7105195309070339,0.7902362426940974,0.7036774802419419,2395,6.198576293337459,4.370348210075898e-15,1.8131575795279214e-11
0.9999999999999999,6.105319524524312e-06,6.105319524524312e-06,0.7059615431895796,0.7837798610346116,0.708250167340176,2396,6.195768951579853,4.6808784915153315e-15,2.0146195328088014e-11
1.0999999999999999,5.125576307548673e-06,5.125576307548673e-06,0.7023700920863128,0.778721711254591,0.7118119511097466,1631,6.1919121849380625,4.9418001415554885e-15,2.2160814860896816e-11
1.2,4.094613322788811e-06,4.094613322788811e-06,0.707941443486032,0.7865792519009234,0.7062711324943937,1591,6.186096086864589,5.150504303976858e-15,2.417543439370562e-11
1.3,3.0227299865917055e-06,3.0227299865917055e-06,0.7070697413764877,0.7853457825675657,0.7071438190564822,1591,6.177487180933027,5.30489646869013e-15,2.6190053926514422e-11
1.4000000000000001,1.9206345985784907e-06,1.9206345985784907e-06,0.7017743393144175,0.7778851039990852,0.7123993098535489,1488,6.1653495859351475,5.4034185233838315e-15,2.8204673459323225e-11
1.5000000000000002,7.993373806905117e-07,7.993373806905117e-07,0.6985657860263967,0.7733911668212108,0.7155458354244838,1489,6.149063995605247,5.445067201786241e-15,3.021929299213203e-11
1.6000000000000003,-3.299595005770649e-07,-3.299595005770649e-07,0.6934617897880261,0.766282761139551,0.7204934046221294,1489,6.1281448472844335,5.429407993168749e-15,3.2233912524940835e-11
1.7000000000000004,-1.4559738303924795e-06,-1.4559738303924795e-06,0.6841506357790587,0.753438497446431,0.7293407348853551,1386,6.102255599902157,5.356583476371685e-15,3.424853205774964e-11
1.8000000000000005,-2.5674560427215577e-06,-2.5674560427215577e-06,0.6795120577594809,0.7470973540601502,0.7336643397082047,2193,6.071221977219839,5.227315154333069e-15,3.626315159055844e-11
1.9000000000000006,-3.65330159283201e-06,-3.65330159283201e-06,0.6737045195895571,0.7392102821020275,0.7390008256318825,2194,6.035043208287771,5.042898150021165e-15,3.8277771123367243e-11
2.0000000000000004,-4.702661882847536e-06,-4.702661882847536e-06,0.6692023372671442,0.7331348134904792,0.7430802324084469,2131,5.993901274748004,4.805188511094303e-15,4.029239065617604e-11
2.1000000000000005,-5.705052632465398e-06,-5.705052632465398e-06,0.6710730955529347,0.7356552490663489,0.7413911925731259,2031,5.948167650440832,4.516583279092425e-15,4.230701018898484e-11
2.2000000000000006,-6.650458612448526e-06,-6.650458612448526e-06,0.6725016039483982,0.7375837278049516,0.7400956645507605,2031,5.8984061342145635,4.179993839471193e-15,4.4321629721793646e-11
2.3000000000000007,-7.529433694809777e-06,-7.529433694809777e-06,0.6716099724911019,0.7363796345973291,0.740904882458269,1991,5.8453696592790445,3.798813332604027e-15,4.6336249254602455e-11
2.400000000000001,-8.33319522035913e-06,-8.33319522035913e-06,0.6695067557346011,0.7335445601634069,0.7428059666061719,1992,5.789988917917501,3.3768790500263858e-15,4.835086878741126e-11
2.500000000000001,-9.053711741017896e-06,-9.053711741017896e-06,0.668813269463705,0.7326113489728299,0.7434304342635358,1992,5.733351360805844,2.918430765665378e-15,5.036548832022006e-11
2.600000000000001,-9.683783260451144e-06,-9.683783260451144e-06,0.6622911906973873,0.7238726367520261,0.7492465406824625,1992,5.676670271438291,2.428065878060746e-15,5.2380107853028864e-11
2.700000000000001,-1.0217113171469882e-05,-1.0217113171469882e-05,0.6569707419666628,0.7167936601113072,0.7539160723845675,1993,5.621244716003841,1.910692097899043e-15,5.439472738583767e-11
2.800000000000001,-1.0648371171560932e-05,-1.0648371171560932e-05,0.6513877132669695,0.7094119626839392,0.7587450474334764,1890,5.568411970339619,1.3714782421039605e-15,5.640934691864647e-11
2.9000000000000012,-1.0973246527986639e-05,-1.0973246527986639e-05,0.6471774106494554,0.7038760546645295,0.7623394251546132,1891,5.519494549968797,8.158035271797895e-16,5.842396645145527e-11
3.0000000000000013,-1.1188491160259545e-05,-1.1188491160259545e-05,0.6451675301271241,0.7012425313986119,0.7640411363726867,1891,5.475744366563164,2.4920562048288963e-16,6.043858598426408e-11
3.1000000000000014,-1.129195210947688e-05,-1.129195210947688e-05,0.6445476619109582,0.7004315068717124,0.7645641317280827,1829,5.438286896427248,-3.2267237166513957e-16,6.245320551707289e-11
3.2000000000000015,-1.1282593069980758e-05,-1.1282593069980758e-05,0.6419462125329551,0.6970338402820601,0.7667496724580938,1830,5.408068533887232,-8.941358185222828e-16,6.446782504988168e-11
3.3000000000000016,-1.1160504768034487e-05,-1.1160504768034487e-05,0.6396545260959308,0.6940487334430511,0.7686625314434093,1830,5.385810394388023,-1.459493183935749e-15,6.648244458269049e-11
3.4000000000000017,-1.0926904083582605e-05,-1.0926904083582605e-05,0.6380682258607008,0.6919867862192003,0.7699798303507552,1727,5.371971624642255,-2.0131110723679714e-15,6.849706411549929e-11
3.5000000000000018,-1.058412192358016e-05,-1.058412192358016e-05,0.634027126237528,0.686749807141909,0.7733108063353193,1728,5.366724743316994,-2.54946932281434e-15,7.05116836483081e-11
3.600000000000002,-1.0135579967712927e-05,-1.0135579967712927e-05,0.6308515735397872,0.6826502475520947,0.7759035327683297,1728,5.369944724851961,-3.0632156663524753e-15,7.25263031811169e-11
3.700000000000002,-9.585756518462913e-06,-9.585756518462913e-06,0.6253823830338442,0.675621471363447,0.7803184446050921,1688,5.381212543128209,-3.5492193698609564e-15,7.45409227139257e-11
3.800000000000002,-8.940141796292828e-06,-8.940141796292828e-06,0.6208050576167233,0.6697691912733119,0.7839649739864001,1688,5.399832817574132,-4.002623217752359e-15,7.65555422467345e-11
3.900000000000002,-8.205183126142827e-06,-8.205183126142827e-06,0.6137420538575846,0.6607916458487311,0.7895066125921136,1689,5.424864164940118,-4.418893141852757e-15,7.857016177954331e-11
4.000000000000002,-7.388220562399673e-06,-7.388220562399673e-06,0.6063187128028744,0.6514231168648373,0.7952217417205502,1689,5.455159973135682,-4.793864800864408e-15,8.05847813123521e-11
4.100000000000001,-6.497413595004359e-06,-6.497413595004359e-06,0.6002862775971255,0.6438590038306528,0.7997852117466207,2395,5.489416689421099,-5.123786437962182e-15,8.25994008451609e-11
4.200000000000001,-5.541659668455561e-06,-5.541659668455561e-06,0.5970665328540211,0.6398392950018185,0.8021917198186965,2396,5.526226431431796,-5.4053574090488495e-15,8.461402037796969e-11
4.300000000000001,-4.530505327252655e-06,-4.530505327252655e-06,0.5943972343687213,0.6365158923430126,0.8041715785669221,1631,5.564130806257088,-5.635761872058087e-15,8.662863991077848e-11
4.4,-3.4740508749872938e-06,-3.4740508749872938e-06,0.5943164840144682,0.6364154817340106,0.8042312583011683,1528,5.601673214549582,-5.812697249838271e-15,8.864325944358728e-11
4.5,-2.382849499100207e-06,-2.382849499100207e-06,0.5942099926655622,0.6362830743717923,0.8043099431291351,1258,5.637447524823031,-5.934397208883253e-15,9.065787897639608e-11
4.6,-1.2678018686229205e-06,-1.2678018686229205e-06,0.5957808869228945,0.6382375823852144,0.8031470194039004,1259,5.670141703188146,-5.9996490132908995e-15,9.267249850920487e-11
4.699999999999999,-1.4004725746975184e-07,-1.4004725746975184e-07,0.594082148896506,0.6361241353143657,0.8044043761457975,1259,5.698575654535905,-6.0078052009797204e-15,9.468711804201367e-11
4.799999999999999,9.891477194183174e-07,9.891477194183174e-07,0.5938618970381495,0.6358503556050217,0.8045669936346198,1260,5.721733076512312,-5.958789580667002e-15,9.670173757482245e-11
4.899999999999999,2.1085016458967946e-06,2.1085016458967946e-06,0.5909302168901597,0.6322114358439846,0.8067226777314177,1261,5.738787488143995,-5.853097569523891e-15,9.871635710763125e-11
4.999999999999998,3.2068309964427773e-06,3.2068309964427773e-06,0.5896311278242681,0.6306020546082364,0.8076726645743817,1261,5.749122751185128,-5.69179089862339e-15,1.0073097664044004e-10
5.099999999999998,4.273161854456583e-06,4.273161854456583e-06,0.5892275585024707,0.6301024762807121,0.8079671307059573,1262,5.752348372506009,-5.476486724851796e-15,1.0274559617324884e-10
5.1999999999999975,5.2968395411937825e-06,5.2968395411937825e-06,0.5881290141909108,0.6287435094145876,0.808767125115028,1263,5.748309710061536,-5.209341217950416e-15,1.0476021570605764e-10
5.299999999999997,6.267635060304222e-06,6.267635060304222e-06,0.5873826787084806,0.6278210123002372,0.8093093282257716,1263,5.737092973393275,-4.8930277451804166e-15,1.0677483523886643e-10
5.399999999999997,7.175847294713295e-06,7.175847294713295e-06,0.585720194914116,0.6257683391816705,0.8105133270155217,1264,5.719024686308933,-4.530709850111714e-15,1.0878945477167523e-10
5.4999999999999964,8.012399934958666e-06,8.012399934958666e-06,0.5813736517627547,0.6204159607601925,0.8136366984324387,1264,5.69466512418289,-4.12600930614299e-15,1.1080407430448401e-10
5.599999999999996,8.768932170670138e-06,8.768932170670138e-06,0.5769017040454825,0.6149304374496508,0.8168135796308841,1265,5.664795184041315,-3.682969606904064e-15,1.1281869383729281e-10
5.699999999999996,9.437882239126841e-06,9.437882239126841e-06,0.5687943959721832,0.6050392949179031,0.8224797475382839,1266,5.630396196830351,-3.2060153231943455e-15,1.1483331337010161e-10
5.799999999999995,1.001256299612329e-05,1.001256299612329e-05,0.5626070459316904,0.5975358929376355,0.8267244473632172,1266,5.592622335604603,-2.699907802064271e-15,1.168479329029104e-10
5.899999999999995,1.0487228754012558e-05,1.0487228754012558e-05,0.5567384668649961,0.5904543060527393,0.8306878351780612,1890,5.552765498892585,-2.169697705917287e-15,1.188625524357192e-10
5.999999999999995,1.0857132718975878e-05,1.0857132718975878e-05,0.5550331323282437,0.5884027963399634,0.8318282406950959,1890,5.512212857621482,-1.6206748912220917e-15,1.20877171968528e-10
6.099999999999994,1.111857445342355e-05,1.111857445342355e-05,0.5520999310841829,0.584880717432881,0.8337779477156017,1891,5.4723976653688915,-1.0583161145105401e-15,1.2289179150133678e-10
6.199999999999994,1.1268936889024706e-05,1.1268936889024706e-05,0.5495711828394618,0.5818508723874958,0.835446895375424,1829,5.434744467420173,-4.882310363066046e-16,1.249064110341456e-10
6.299999999999994,1.1306712520199609e-05,1.1306712520199609e-05,0.5461852878395832,0.5778034543753402,0.8376643906407815,1830,5.400610506111948,8.389302068033999e-17,1.2692103056695437e-10
6.399999999999993,1.1231518515945595e-05,1.1231518515945595e-05,0.5450220699359927,0.576415437703782,0.8384216977647262,1789,5.371225864951731,6.523471088235177e-16,1.2893565009976316e-10
6.499999999999993,1.1044100598528288e-05,1.1044100598528288e-05,0.5425402107300006,0.5734581197804296,0.8400298326494402,1727,5.347635618162026,1.211457033240679e-15,1.3095026963257197e-10
6.5999999999999925,1.0746325649748183e-05,1.0746325649748183e-05,0.5482190175486064,0.5802332389436438,0.8363348066402837,1254,5.330647796371038,1.755639599239068e-15,1.3296488916538075e-10
6.699999999999992,1.0341163118069131e-05,1.0341163118069131e-05,0.5611175998053611,0.5957353716343322,0.8277360927183679,1254,5.320791160426312,2.279458234706224e-15,1.3497950869818956e-10
6.799999999999992,9.83265541174555e-06,9.83265541174555e-06,0.568225091327252,0.6043472797059777,0.8228731649447175,1254,5.31828644273334,2.7776774629972493e-15,1.3699412823099834e-10
6.8999999999999915,9.225877573092341e-06,9.225877573092341e-06,0.5694458049605428,0.6058315181320931,0.8220288773594511,1254,5.323033812257545,3.2453156710116956e-15,1.3900874776380715e-10
6.999999999999991,8.526886636106954e-06,8.526886636106954e-06,0.56471466940692,0.6000874773499113,0.825286218324669,1254,5.334617925962293,3.6776955900905516e-15,1.4102336729661594e-10
7.099999999999991,7.742661172707683e-06,7.742661172707683e-06,0.5617095917821204,0.5964507392601589,0.8273344755901108,1255,5.352330263252497,4.070491890278036e-15,1.4303798682942472e-10
7.19999999999999,6.881031630866481e-06,6.881031630866481e-06,0.5579586500736612,0.591923913290224,0.8298687515553154,1256,5.375206802029351,4.419775288598546e-15,1.4505260636223353e-10
7.29999999999999,5.950602159909707e-06,5.950602159909707e-06,0.5563418009687296,0.5899768674278676,0.8309535489393317,1256,5.402077782642059,4.7220525964868054e-15,1.470672258950423e-10
7.39999999999999,4.96066470331716e-06,4.96066470331716e-06,0.556535484830549,0.5902099718883814,0.8308238406090822,1257,5.431625526936523,4.974302185339547e-15,1.4908184542785112e-10
7.499999999999989,3.92110621661862e-06,3.92110621661862e-06,0.556033631190446,0.5896060506285148,0.8311597926904111,1258,5.462446101613252,5.174004432276456e-15,1.510964649606599e-10
7.599999999999989,2.842309936696194e-06,2.842309936696194e-06,0.556355020122146,0.5899927759270049,0.8309446982711224,1258,5.493110967895149,5.319166813615934e-15,1.5311108449346872e-10
7.699999999999989,1.73505168826319e-06,1.73505168826319e-06,0.5573371732189679,0.591175215944578,0.8302862610860727,1259,5.522225477979603,5.4083434278820055e-15,1.551257040262775e-10
7.799999999999988,6.103922629118419e-07,6.103922629118419e-07,0.5561943074695158,0.5897993788821052,0.8310522801475884,1260,5.548481963677308,5.440648837125669e-15,1.5714032355908628e-10
7.899999999999988,-5.204330545931076e-07,-5.204330545931076e-07,0.5566124472155607,0.5903026085814207,0.8307722814374012,1260,5.570706034075698,5.415766201338369e-15,1.591549430918951e-10
7.999999999999988,-1.646126709543186e-06,-1.646126709543186e-06,0.555969739106418,0.589529181605381,0.8312025319968301,1261,5.587895428772413,5.333949739469925e-15,1.6116956262470388e-10
8.099999999999987,-2.75544172926634e-06,-2.75544172926634e-06,0.5537782729318252,0.5868949983486809,0.8326641726582481,1261,5.59925129450897,5.196021584751971e-15,1.6318418215751268e-10
8.199999999999987,-3.837294076739747e-06,-3.837294076739747e-06,0.5538651351330269,0.5869993203762397,0.8326063968551249,1262,5.604202053957001,5.003363121327279e-15,1.6519880169032147e-10
8.299999999999986,-4.880873383624357e-06,-4.880873383624357e-06,0.5521393719231517,0.5849280219422087,0.8337518299663921,1263,5.602420143379603,4.757900905767006e-15,1.6721342122313028e-10
8.399999999999986,-5.875750956625273e-06,-5.875750956625273e-06,0.5494076623278813,0.5816551567914731,0.8355544390256165,1263,5.59383186019397,4.462087301060032e-15,1.6922804075593906e-10
8.499999999999986,-6.8119839782440855e-06,-6.8119839782440855e-06,0.5473095404852097,0.5791461703258117,0.836930264056611,1264,5.578620437914996,4.118875987311546e-15,1.7124266028874785e-10
8.599999999999985,-7.680214860927792e-06,-7.680214860927792e-06,0.5425619378985008,0.5734839847546687,0.8400157995798789,1265,5.557222306097795,3.7316925623908095e-15,1.7325727982155665e-10
8.699999999999985,-8.471764761955829e-06,-8.471764761955829e-06,0.538387944702166,0.5685229666164378,0.8426971110662345,1265,5.530316338847841,3.3044005025359777e-15,1.7527189935436544e-10
8.799999999999985,-9.178720324659889e-06,-9.178720324659889e-06,0.532875889439355,0.5619955622354833,0.8461934096022116,1266,5.498805780535802,2.8412628107881303e-15,1.7728651888717425e-10
8.899999999999984,-9.794012779159778e-06,-9.794012779159778e-06,0.5257369433814427,0.5535812139715417,0.8506472044061144,1266,5.463792490900394,2.3468997336483223e-15,1.7930113841998303e-10
8.999999999999984,-1.0311488612047976e-05,-1.0311488612047976e-05,0.5203997657382513,0.5473190360541615,0.8539227622095414,1267,5.426543205370301,1.8262429690437082e-15,1.8131575795279181e-10
9.099999999999984,-1.0725971098605371e-05,-1.0725971098605371e-05,0.5139313591943719,0.5397614366803594,0.8578313109444219,1268,5.388447697557579,1.284486819845434e-15,1.8333037748560062e-10
9.199999999999983,-1.1033312082340606e-05,-1.1033312082340606e-05,0.506661471387698,0.5313080131135154,0.8621450883762274,1269,5.350969099304702,7.27036767733928e-16,1.853449970184094e-10
9.299999999999983,-1.1230433484005784e-05,-1.1230433484005784e-05,0.501052527820915,0.5248145570370196,0.865416873168227,1269,5.315587209157287,1.5945595490725315e-16,1.8735961655121822e-10
9.399999999999983,-1.1315358124779736e-05,-1.1315358124779736e-05,0.49506886223093866,0.5179140862560258,0.868853740079056,1270,5.2837364012819386,-4.125899305566135e-16,1.89374236084027e-10
9.499999999999982,-1.128722955500331e-05,-1.128722955500331e-05,0.4885413763991875,0.5104172722067167,0.8725407288751553,1271,5.256740676888072,-9.833888627303744e-16,1.913888556168358e-10
9.599999999999982,-1.1146320689634017e-05,-1.1146320689634017e-05,0.5055272942398263,0.5299929915356378,0.8628106135059768,1254,5.2357493500685,-1.5472392679854912e-15,1.934034751496446e-10
9.699999999999982,-1.0894031163363806e-05,-1.0894031163363806e-05,0.5226063565615592,0.5499051405379248,0.8525741000531581,1254,5.221677631929532,-2.098506875198311e-15,1.9541809468245338e-10
9.799999999999981,-1.0532873430997738e-05,-1.0532873430997738e-05,0.5343866660074351,0.5637819477169549,0.8452401381817228,1254,5.215156739548958,-2.631681090463707e-15,1.9743271421526219e-10
9.89999999999998,-1.006644775109784e-05,-1.006644775109784e-05,0.5407318214979612,0.5713068447632542,0.8411950411286891,1254,5.2164979104657965,-3.141430345294895e-15,1.9944733374807097e-10
9.99999999999998,-9.499406301933331e-06,-9.499406301933331e-06,0.5415346159302068,0.5722614877545742,0.8406784520548408,1254,5.225673760701127,-3.622655851595791e-15,2.0146195328087978e-10
10.09999999999998,-8.837406787336263e-06,-8.837406787336263e-06,0.5367208677744283,0.5665459504123832,0.8437598651840846,1254,5.242318865378439,-4.070543183771331e-15,2.0347657281368856e-10
10.19999999999998,-8.08705599505676e-06,-8.08705599505676e-06,0.535428083817274,0.5650145252523735,0.8445808232844043,1255,5.2657495194778825,-4.480611102566699e-15,2.0549119234649737e-10
10.29999999999998,-7.2558438705952195e-06,-7.2558438705952195e-06,0.5331434704470408,0.5623118110462758,0.8460248459233838,1256,5.29500071569927,-4.848757042129096e-15,2.0750581187930616e-10
10.399999999999979,-6.352068764257669e-06,-6.352068764257669e-06,0.5307856806483154,0.5595273466651737,0.8475060832930372,1256,5.3288768210940844,-5.171298707092075e-15,2.0952043141211494e-10
10.499999999999979,-5.384754597387931e-06,-5.384754597387931e-06,0.5313060152890628,0.5601414245592903,0.8471799797667896,1257,5.366011499741053,-5.445011274366224e-15,2.1153505094492375e-10
10.599999999999978,-4.363560774495025e-06,-4.363560774495025e-06,0.5307731709990132,0.5595125861912045,0.8475139178489356,1258,5.404932199018031,-5.667159765313971e-15,2.1354967047773253e-10
10.699999999999978,-3.2986857405093207e-06,-3.2986857405093207e-06,0.5298140634949452,0.5583813150068256,0.8481138238013658,1258,5.444124906603651,-5.83552624351376e-15,2.1556429001054134e-10
10.799999999999978,-2.200765145941466e-06,-2.200765145941466e-06,0.5308172169922143,0.5595645578569397,0.8474863315385331,1259,5.482095696030754,-5.948431591919253e-15,2.1757890954335013e-10
10.899999999999977,-1.0807656366488168e-06,-1.0807656366488168e-06,0.5301497986873834,0.5587772249832487,0.8479039986647822,1260,5.517426576144935,-6.004751718882138e-15,2.195935290761589e-10
10.999999999999977,5.0124671304339995e-08,5.0124671304339995e-08,0.5293615482501001,0.5578478490205536,0.8483963408892433,1260,5.548824138971775,-6.003928124416644e-15,2.2160814860896772e-10
11.099999999999977,1.1806079380120012e-06,1.1806079380120012e-06,0.5292714675740008,0.5577416749504894,0.8484525405772932,1261,5.575160321345048,-5.9459728201422554e-15,2.236227681417765e-10
11.199999999999976,2.2993894513614835e-06,2.2993894513614835e-06,0.5273774362794111,0.5555108890907017,0.8496311197827888,1262,5.595505190509966,-5.8314676388225696e-15,2.256373876745853e-10
11.299999999999976,3.3952904568506113e-06,3.3952904568506113e-06,0.5260600886420295,0.5539611402325867,0.8504474017468335,1262,5.60915202454392,-5.661557998115913e-15,2.276520072073941e-10
11.399999999999975,4.457359838622345e-06,4.457359838622345e-06,0.5242616135579526,0.5518477800765772,0.8515572561781221,1263,5.6156351151423545,-5.437941206625811e-15,2.296666267402029e-10
11.499999999999975,5.474983536129822e-06,5.474983536129822e-06,0.5204625019791179,0.5473925059840128,0.8538845261706273,1264,5.614740721734313,-5.162849426652627e-15,2.316812462730117e-10
11.599999999999975,6.4379906033645095e-06,6.4379906033645095e-06,0.5180999312075546,0.5446279811979807,0.8553200928791087,1264,5.606511503949332,-4.8390274423361995e-15,2.336958658058205e-10
11.699999999999974,7.33675485101804e-06,7.33675485101804e-06,0.5139549399271701,0.5397889256827718,0.8578171831599428,1265,5.591244600810593,-4.469705425367131e-15,2.357104853386293e-10
11.799999999999974,8.162291055971385e-06,8.162291055971385e-06,0.5087085023662471,0.5336840204572821,0.8609388245515995,1265,5.569483348328067,-4.058566940898155e-15,2.3772510487143807e-10
11.899999999999974,8.906344776674603e-06,8.906344776674603e-06,0.5043988384563114,0.5286856083731967,0.8634707938106094,1266,5.542002464678621,-3.609712489386393e-15,2.3973972440424685e-10
11.999999999999973,9.561474876756374e-06,9.561474876756374e-06,0.4984798530458136,0.5218443487376245,0.8669012839461158,1267,5.509786413892061,-3.127618931091372e-15,2.417543439370557e-10
12.099999999999973,1.0121127931949145e-05,1.0121127931949145e-05,0.4923812751954672,0.51482354652663,0.8703796182338404,1267,5.474000617168689,-2.6170951850422336e-15,2.4376896346986447e-10
12.199999999999973,1.0579703776406833e-05,1.0579703776406833e-05,0.4871465666124983,0.5088194250430915,0.8733202291471639,1268,5.435955252747913,-2.083234631414892e-15,2.4578358300267325e-10
12.299999999999972,1.0932611532920307e-05,1.0932611532920307e-05,0.48100856998521613,0.5018047453073509,0.8767158921798882,1269,5.397061610962557,-1.5313646752158373e-15,2.4779820253548203e-10
12.399999999999972,1.1176315566518135e-05,1.1176315566518135e-05,0.47454912825051043,0.49445173999419895,0.8802290184245692,1269,5.358781386488508,-9.66993951175992e-16,2.498128220682908e-10
12.499999999999972,1.1308370901529202e-05,1.1308370901529202e-05,0.4698507683223003,0.4891217164534115,0.8827458612233444,1270,5.322569911308657,-3.957576667945772e-16,2.5182744160109965e-10
12.599999999999971,1.1327447747375253e-05,1.1327447747375253e-05,0.46830973928927333,0.4873768036757355,0.8835643655596421,1254,5.289815137110362,1.7663840537136612e-16,2.5384206113390844e-10
12.69999999999997,1.123334488710538e-05,1.123334488710538e-05,0.4891917344726153,0.5111627891513182,0.8721762705575486,1254,5.2617750844309645,7.44474762061198e-16,2.558566806667172e-10
12.79999999999997,1.102699179389541e-05,1.102699179389541e-05,0.5051389082041184,0.5295429103247367,0.8630380544439227,1254,5.239517341215705,1.3020752931715736e-15,2.57871300199526e-10
12.89999999999997,1.0710439453302663e-05,1.0710439453302663e-05,0.5159855082227225,0.5421577429688055,0.8565973122209402,1254,5.223864815800653,1.843864144487276e-15,2.598859197323348e-10
12.99999999999997,1.0286839981866523e-05,1.0286839981866523e-05,0.5215964093836379,0.5487209842192128,0.8531923497770573,1254,5.215352117663354,2.364421754994226e-15,2.619005392651436e-10
13.09999999999997,9.760415244551527e-06,9.760415244551527e-06,0.5218671869728805,0.5490383849407623,0.8530267517264699,1254,5.214196496797844,2.8585394919500225e-15,2.639151587979524e-10
13.199999999999969,9.136414783424518e-06,9.136414783424518e-06,0.5177820308422665,0.5442563488725984,0.8555125764925131,1255,5.220286184873745,3.3212722978792074e-15,2.659297783307612e-10
13.299999999999969,8.421063476742974e-06,8.421063476742974e-06,0.5164036958491159,0.5426460110779847,0.8563452708536282,1255,5.233187375972358,3.747988761825387e-15,2.6794439786356997e-10
13.399999999999968,7.621499450241753e-06,7.621499450241753e-06,0.5149551166071009,0.5409552890051789,0.8572171416159193,1256,5.252169235936102,4.134418037111879e-15,2.699590173963788e-10
13.499999999999968,6.745702859814426e-06,6.745702859814426e-06,0.5125866859874472,0.5381946450149417,0.8586354810677266,1257,5.276244585369532,4.476693054160785e-15,2.719736369291876e-10
13.599999999999968,5.8024162560204595e-06,5.8024162560204595e-06,0.5126954466820844,0.5383213167047761,0.8585705439574886,1257,5.304222580126802,4.771389522789245e-15,2.739882564619964e-10
13.699999999999967,4.801057324998553e-06,4.801057324998553e-06,0.5123067252786544,0.5378686236956155,0.8588025496202613,1258,5.334769011270864,5.0155602839544656e-15,2.7600287599480516e-10
13.799999999999967,3.7516248765886488e-06,3.7516248765886488e-06,0.5107052316015724,0.5360048602185375,0.8597558760571423,1259,5.366469796932331,5.20676465213429e-15,2.7801749552761394e-10
13.899999999999967,2.6645990179985252e-06,2.6645990179985252e-06,0.5113090359757314,0.5367073042944516,0.8593969221085028,1259,5.397893727962045,5.343092478556743e-15,2.800321150604228e-10
13.999999999999966,1.5508365095199427e-06,1.5508365095199427e-06,0.5107185869875476,0.5360203942183223,0.8597479426584531,1260,5.427651357691994,5.423182752560104e-15,2.8204673459323156e-10
14.099999999999966,4.214623470224693e-07,4.214623470224693e-07,0.5088461978585184,0.5338439644577653,0.8608574486666939,1260,5.454447876925496,5.446236634725047e-15,2.8406135412604035e-10
14.199999999999966,-7.122413462524937e-07,-7.122413462524937e-07,0.5088114025226772,0.5338035455472284,0.8608780149724502,1261,5.477128709882898,5.412024876055106e-15,2.8607597365884913e-10
14.299999999999965,-1.838948009087684e-06,-1.838948009087684e-06,0.5069472884908302,0.5316395639856972,0.8619770569404936,1262,5.494717291235761,5.320889622404526e-15,2.880905931916579e-10
14.399999999999965,-2.947399787456745e-06,-2.947399787456745e-06,0.5045139783510936,0.5288189590095561,0.8634035242274335,1262,5.506444990085792,5.1737406369747936e-15,2.9010521272446675e-10
14.499999999999964,-4.026520005371012e-06,-4.026520005371012e-06,0.5026952393332721,0.5267137760233621,0.8644637044732788,1263,5.511773435945812,4.9720460027429174e-15,2.9211983225727553e-10
14.599999999999964,-5.0655238379297694e-06,-5.0655238379297694e-06,0.49896678174795644,0.5224061282573422,0.8666211113930281,1264,5.51040960727877,4.717817397625636e-15,2.941344517900843e-10
14.699999999999964,-6.0540260809324864e-06,-6.0540260809324864e-06,0.49559720229135756,0.5185222802840861,0.8685524814776475,1264,5.502314010820011,4.413590072295236e-15,2.961490713228931e-10
14.799999999999963,-6.982144940290695e-06,-6.982144940290695e-06,0.49178967570047,0.5141439742655657,0.8707140258858971,1265,5.48770215695743,4.062397705033153e-15,2.981636908557019e-10
14.899999999999963,-7.840600804113079e-06,-7.840600804113079e-06,0.4863129608252023,0.5078651541123251,0.8737847012470665,1266,5.467039366045693,3.667742358215794e-15,3.001783103885107e-10
14.999999999999963,-8.620809010335469e-06,-8.620809010335469e-06,0.48203379287646825,0.502974511053294,0.8761526251316754,1266,5.441028761537745,3.233559813572367e-15,3.021929299213195e-10
15.099999999999962,-9.314965682629648e-06,-9.314965682629648e-06,0.47694282714162595,0.49717314438106835,0.8789343204347826,1267,5.410592155610552,2.7641806143644303e-15,3.042075494541283e-10
15.199999999999962,-9.916125776454249e-06,-9.916125776454249e-06,0.4707493106864693,0.49013988725367924,0.8822670154143891,1268,5.376843451235497,2.264287188890255e-15,3.0622216898693707e-10
15.299999999999962,-1.041827255481866e-05,-1.041827255481866e-05,0.4659397679664171,0.4846964195679791,0.8848164400752291,1268,5.341054215810416,1.7388674693152112e-15,3.082367885197459e-10
15.399999999999961,-1.0816377798841207e-05,-1.0816377798841207e-05,0.4608812232271995,0.478987913076278,0.8874618290814542,1269,5.304611273283292,1.1931654523322243e-15,3.102514080525547e-10
15.499999999999961,-1.1106452150643239e-05,-1.1106452150643239e-05,0.4552987402424628,0.4727077208434814,0.8903387316822886,1270,5.268966557834169,6.326291742978003e-16,3.1226602758536347e-10
15.59999999999996,-1.128558508460856e-05,-1.128558508460856e-05,0.450425724311719,0.46724211604579896,0.8928139038334155,1270,5.235580097497376,6.285659468459475e-17,3.1428064711817225e-10
15.69999999999996,-1.1351974106569672e-05,-1.1351974106569672e-05,0.4570563207788633,0.47468277779970797,0.8894377547844979,1254,5.205857835713864,-5.104601004645256e-16,3.1629526665098104e-10
15.79999999999996,-1.1304942888025794e-05,-1.1304942888025794e-05,0.47697480227846745,0.49720952417842024,0.8789169687697563,1254,5.181086976313768,-1.0815912475031429e-15,3.1830988618378987e-10
15.89999999999996,-1.1144948152978589e-05,-1.1144948152978589e-05,0.49210552716290507,0.5145067613842951,0.8705355536310503,1254,5.162372502627616,-1.644826964068215e-15,3.2032450571659866e-10
15.99999999999996,-1.0873575247287202e-05,-1.0873575247287202e-05,0.5022853801661835,0.5262397217679762,0.8647019121473668,1254,5.150579260432307,-2.194534361008006e-15,3.2233912524940744e-10
16.09999999999996,-1.0493522433473155e-05,-1.0493522433473155e-05,0.5073817966630795,0.5321437219721445,0.8617213658804947,1254,5.146284271804125,-2.725214136893546e-15,3.243537447822162e-10
16.19999999999996,-1.0008574066519208e-05,-1.0008574066519208e-05,0.507293762625717,0.532041564368262,0.8617731942924673,1254,5.149743576542958,-3.231555972988972e-15,3.2636836431502506e-10
16.29999999999996,-9.423562917279768e-06,-9.423562917279768e-06,0.5040579019874261,0.5282908096482577,0.8636698625308367,1255,5.16087682099007,-3.70849213893617e-15,3.283829838478339e-10
16.399999999999963,-8.744322018544211e-06,-8.744322018544211e-06,0.5022599113803463,0.5262102681867901,0.8647167058755177,1255,5.1792711497061354,-4.1512487190304615e-15,3.3039760338064273e-10
16.499999999999964,-7.97762651348604e-06,-7.97762651348604e-06,0.5013486102283484,0.5251567178528178,0.865245381970978,1256,5.204203990418545,-4.555393879764993e-15,3.3241222291345157e-10
16.599999999999966,-7.131126086143473e-06,-7.131126086143473e-06,0.499365087031842,0.5228657962797248,0.8663916607710862,1257,5.234682435282355,-4.916882625173248e-15,3.344268424462604e-10
16.699999999999967,-6.2132686477129304e-06,-6.2132686477129304e-06,0.4987756404854703,0.5221855830541338,0.8667311350461047,1257,5.269495466498432,-5.232097529941858e-15,3.3644146197906924e-10
16.79999999999997,-5.233216039855132e-06,-5.233216039855132e-06,0.49845650117299906,0.5218174117698275,0.8669147111673512,1258,5.307274477761303,-5.4978850011688205e-15,3.3845608151187807e-10
16.89999999999997,-4.200752596040061e-06,-4.200752596040061e-06,0.49682672029840236,0.519938447310977,0.8678497623422692,1259,5.346557451227713,-5.711586694395753e-15,3.4047070104468685e-10
16.99999999999997,-3.126187473394072e-06,-3.126187473394072e-06,0.4965724243177959,0.519645453442531,0.8679952922724563,1259,5.385852645829455,-5.871065791393109e-15,3.424853205774957e-10
17.099999999999973,-2.0202517298451696e-06,-2.0202517298451696e-06,0.49581812675131437,0.5187766581157349,0.868426384436135,1260,5.423698521848314,-5.974727927843252e-15,3.444999401103045e-10
17.199999999999974,-8.939911739676066e-07,-8.939911739676066e-07,0.49347971457202705,0.5160860210082414,0.8697573059801859,1261,5.458717634117347,-6.021536631159016e-15,3.4651455964311336e-10
17.299999999999976,2.4134394272235035e-07,2.4134394272235035e-07,0.49284956225775406,0.5153616546832699,0.8701145378525406,1261,5.4896631786239505,-6.011023187913096e-15,3.485291791759222e-10
17.399999999999977,1.3744112895954569e-06,1.3744112895954569e-06,0.49080847485846557,0.5130174402252426,0.8712674910767112,1262,5.5154576519104,-5.943290906611599e-15,3.5054379870873103e-10
17.49999999999998,2.493889754763335e-06,2.493889754763335e-06,0.48754919558623305,0.5092805168163183,0.8730955170445082,1262,5.535223627941885,-5.8190137783794154e-15,3.5255841824153987e-10
17.59999999999998,3.5885925453852846e-06,3.5885925453852846e-06,0.48563816928107834,0.5070930569854706,0.8741599216032057,1263,5.548306975835246,-5.639429571055598e-15,3.545730377743487e-10
17.69999999999998,4.6475789606844925e-06,4.6475789606844925e-06,0.48196758995192174,0.502898951673921,0.8761890448047933,1264,5.5542929689946,-5.4063274266347644e-15,3.5658765730715754e-10
17.799999999999983,5.6602637210416815e-06,5.6602637210416815e-06,0.47790669776648753,0.4982701066394325,0.8784106034366451,1264,5.553015719728914,-5.122030071561576e-15,3.5860227683996637e-10
17.899999999999984,6.616522760799713e-06,6.616522760799713e-06,0.4743965248480482,0.4942783802559059,0.8803112729098129,1265,5.544561261563136,-4.789370795160085e-15,3.6061689637277516e-10
17.999999999999986,7.506794427591097e-06,7.506794427591097e-06,0.4694168266831043,0.48863019910932887,0.8829766943848316,1266,5.529264436793542,-4.41166540215528e-15,3.62631515905584e-10
18.099999999999987,8.322175076741878e-06,8.322175076741878e-06,0.4646332135479334,0.4832203537470708,0.8855032336858633,1266,5.507699565652585,-3.992679397963141e-15,3.6464613543839283e-10
18.19999999999999,9.05450810515465e-06,9.05450810515465e-06,0.4602563747346368,0.4782839567732383,0.8877860494038694,1267,5.480664708234454,-3.536590716871075e-15,3.6666075497120166e-10
18.29999999999999,9.696465534473845e-06,9.696465534473845e-06,0.4549054417212394,0.4722660303859099,0.8905397459363642,1268,5.4491592135980955,-3.047948350572542e-15,3.686753745040105e-10
18.39999999999999,1.0241621327636392e-05,1.0241621327636392e-05,0.4497318400744625,0.4664650802894709,0.8931636311579407,1268,5.414354217943531,-2.53162727600742e-15,3.7068999403681933e-10
18.499999999999993,1.0684515705369328e-05,1.0684515705369328e-05,0.4456294558851034,0.4618772696688695,0.8952175087918839,1269,5.377555845216696,-1.9927801165598904e-15,3.7270461356962817e-10
18.599999999999994,1.1020709818990521e-05,1.1020709818990521e-05,0.4410629125067855,0.4567826642596027,0.8974761875454031,1270,5.34016111931974,-1.4367859998592642e-15,3.74719233102437e-10
18.699999999999996,1.1246830232103873e-05,1.1246830232103873e-05,0.43624627809415983,0.4514228317185981,0.8998273083481035,1271,5.303607049130267,-8.691970998110979e-16,3.7673385263524584e-10
18.799999999999997,1.1360602765495585e-05,1.1360602765495585e-05,0.44863610459592795,0.46523865604822057,0.8937145213394441,1254,5.269314003871779,-2.9568337135312827e-16,3.7874847216805467e-10
18.9,1.1360875365718604e-05,1.1360875365718604e-05,0.4678862742571934,0.48689759548971934,0.8837886819606383,1254,5.238625322462179,2.7802399504449245e-16,3.807630917008635e-10
19.0,1.1247629767438227e-05,1.1247629767438227e-05,0.48245507409184873,0.5034554055424306,0.8759207164367268,1254,5.2127460025273855,8.461898550970647e-16,3.827777112336723e-10
19.1,1.102198183150917e-05,1.102198183150917e-05,0.49218293105862004,0.5145956788798141,0.8704917933987348,1254,5.192684135601882,1.4031325687397664e-15,3.8479233076648113e-10
19.200000000000003,1.068617055384591e-05,1.068617055384591e-05,0.4969409184571786,0.5200700397429027,0.8677843761919984,1254,5.179199292630842,1.943281060135136e-15,3.8680695029928996e-10
19.300000000000004,1.0243535853304832e-05,1.0243535853304832e-05,0.4966321906310841,0.5197143103718959,0.8679610977624346,1254,5.17276211773992,2.4612308933398057e-15,3.888215698320988e-10
19.400000000000006,9.698485358888127e-06,9.698485358888127e-06,0.49392953268597695,0.5166032735178832,0.8695019360188984,1255,5.173528825501435,2.9517987697909686e-15,3.9083618936490763e-10
19.500000000000007,9.0564505264864e-06,9.0564505264864e-06,0.49184390776728476,0.5142062599520117,0.8706833927394083,1255,5.18133311527922,3.410074853582592e-15,3.9285080889771647e-10
19.60000000000001,8.323832522001229e-06,8.323832522001229e-06,0.4911756569870875,0.5134389247166484,0.8710605455324578,1256,5.19569637276573,3.8314723411374935e-15,3.948654284305253e-10
19.70000000000001,7.5079384099654435e-06,7.5079384099654435e-06,0.48931585848060766,0.5113051101097682,0.8721066394881912,1257,5.2158552130554705,4.211773716689705e-15,3.9688004796333414e-10
19.80000000000001,6.616908283685454e-06,6.616908283685454e-06,0.48821879864444745,0.5100476110872031,0.8727212640071127,1257,5.240803773618405,4.5471731760669055e-15,3.98894667496143e-10
19.900000000000013,5.659634063498091e-06,5.659634063498091e-06,0.48779044707588076,0.5095568555483252,0.8729607549835859,1258,5.269346981827781,4.8343147583146975e-15,4.009092870289518e-10
20.000000000000014,4.645670773058665e-06,4.645670773058665e-06,0.48598802841422284,0.5074933247590523,0.8739654662731569,1259,5.300160461600812,5.0703257944200985e-15,4.029239065617606e-10
20.100000000000016,3.5851411788241816e-06,3.5851411788241816e-06,0.4851082848105635,0.5064869947540263,0.8744540879932766,1259,5.331852808092896,5.252845358770697e-15,4.0493852609456943e-10
20.200000000000017,2.488634744313121e-06,2.488634744313121e-06,0.4840873175157075,0.5053198241589797,0.8750196963614285,1260,5.363026515759833,5.3800474847678895e-15,4.0695314562737826e-10
20.30000000000002,1.3671019076463931e-06,1.3671019076463931e-06,0.4814992490072435,0.5023645097769411,0.8764465033334667,1261,5.392334690174792,5.450658974741167e-15,4.089677651601871e-10
20.40000000000002,2.3174473773310594e-07,2.3174473773310594e-07,0.4802332626400887,0.5009206282749683,0.8771408173457986,1261,5.418531600863275,5.4639716922116276e-15,4.1098238469299593e-10
20.50000000000002,-9.060949392098154e-07,-9.060949392098154e-07,0.4779764625093129,0.49834952991820114,0.8783726437492708,1262,5.440515978718409,5.419849271442654e-15,4.1299700422580477e-10
20.600000000000023,-2.035048825687707e-06,-2.035048825687707e-06,0.47415049829421224,0.49399892452190597,0.8804438113629683,1262,5.457366629665589,5.3187282180790975e-15,4.150116237586136e-10
20.700000000000024,-3.1438357201175557e-06,-3.1438357201175557e-06,0.4721280517129066,0.4917032652960116,0.8815299783817763,1263,5.468370390028057,5.161613410238772e-15,4.1702624329142244e-10
20.800000000000026,-4.221374230810136e-06,-4.221374230810136e-06,0.4684872140687698,0.4875776766802938,0.8834702769499847,1264,5.473042697463137,4.950068046351649e-15,4.190408628242313e-10
20.900000000000027,-5.256893510731286e-06,-5.256893510731286e-06,0.4639788496670731,0.4824815228760045,0.8858462773312419,1264,5.471141129068367,4.686198127506437e-15,4.210554823570401e-10
21.00000000000003,-6.2400409066290926e-06,-6.2400409066290926e-06,0.4606970894689486,0.47878044067096615,0.8875574301164063,1265,5.462672209842313,4.372631609026749e-15,4.230701018898489e-10
21.10000000000003,-7.160985446767501e-06,-7.160985446767501e-06,0.4561174350110416,0.47362746906048664,0.8899195949516722,1266,5.447891664803246,4.012492407340061e-15,4.2508472142265773e-10
21.20000000000003,-8.010516132909542e-06,-8.010516132909542e-06,0.4510434386463714,0.46793411045347155,0.8925019980112409,1266,5.427298117717026,3.6093695014219255e-15,4.2709934095546656e-10
21.300000000000033,-8.780134053933023e-06,-8.780134053933023e-06,0.4472619524396091,0.4637016744337221,0.8944030108960439,1267,5.401620066438588,3.167281420245142e-15,4.291139604882754e-10
21.400000000000034,-9.462137400023225e-06,-9.462137400023225e-06,0.4426356276237961,0.4585357956979785,0.8967015675006307,1268,5.3717958269965616,2.6906364561813347e-15,4.3112858002108424e-10
21.500000000000036,-1.0049698527157285e-05,-1.0049698527157285e-05,0.4374016625256741,0.4527072388227259,0.8992662484602524,1269,5.338946076395262,2.1841889875449496e-15,4.3314319955389307e-10
21.600000000000037,-1.053693230086844e-05,-1.053693230086844e-05,0.4340265518344741,0.44895746672108366,0.900900078978061,1269,5.304338682629572,1.652992330855953e-15,4.351578190867019e-10
21.70000000000004,-1.0918955035264586e-05,-1.0918955035264586e-05,0.43033413690856137,0.44486290949962354,0.9026696686004042,1270,5.269345736154081,1.102348575242234e-15,4.3717243861951074e-10
21.80000000000004,-1.119193343710717e-05,-1.119193343710717e-05,0.42639251547034407,0.44050080464688773,0.9045382373072309,1271,5.235393129430163,5.377558785860452e-16,4.391870581523196e-10
21.90000000000004,-1.1353123064497384e-05,-1.1353123064497384e-05,0.44206023875624845,0.4578942245995508,0.8969853651597492,1254,5.203903686914976,-3.51462713720952e-17,4.412016776851284e-10
22.000000000000043,-1.1400895914371468e-05,-1.1400895914371468e-05,0.46093649186706875,0.47905019128574594,0.887433124503069,1254,5.176235700427025,-6.106333067220981e-16,4.4321629721793725e-10
22.100000000000044,-1.1334756861531654e-05,-1.1334756861531654e-05,0.47521663622518173,0.49521022958076616,0.8798688246862844,1254,5.15361968495072,-1.1829527964345121e-15,4.4523091675074603e-10
22.200000000000045,-1.1155348783250236e-05,-1.1155348783250236e-05,0.4847434299939206,0.5060698057712086,0.8746563937214025,1254,5.137097077743395,-1.746382069729995e-15,4.4724553628355487e-10
22.300000000000047,-1.0864446316470516e-05,-1.0864446316470516e-05,0.4893903040236882,0.5113904750441288,0.8720648658945056,1254,5.127465244541191,-2.2952856689671395e-15,4.492601558163637e-10
22.40000000000005,-1.04649383081617e-05,-1.04649383081617e-05,0.4890629567905396,0.5110151442830232,0.872248487700205,1254,5.125233308350092,-2.8241720423430904e-15,4.5127477534917254e-10
22.50000000000005,-9.960799132331327e-06,-9.960799132331327e-06,0.486622929692957,0.5082199319875553,0.8736121131812696,1255,5.130592819771138,-3.327748878491834e-15,4.5328939488198137e-10
22.60000000000005,-9.357049158430617e-06,-9.357049158430617e-06,0.48445791237330066,0.505743401247698,0.8748145695739774,1255,5.1434061192224165,-3.800976484208781e-15,4.553040144147902e-10
22.700000000000053,-8.65970476429387e-06,-8.65970476429387e-06,0.4838102487119166,0.5050032089492204,0.875172921908187,1256,5.163213550130682,-4.239118616198912e-15,4.5731863394759904e-10
22.800000000000054,-7.875718391249705e-06,-7.875718391249705e-06,0.48187510650061033,0.5027934028002664,0.8762399110603359,1257,5.189258768221689,-4.637790200936362e-15,4.593332534804079e-10
22.900000000000055,-7.012909238585186e-06,-7.012909238585186e-06,0.48051552514526374,0.501242455026084,0.8769862200139587,1257,5.220529623177956,-4.993001415273961e-15,4.613478730132167e-10
23.000000000000057,-6.079885288138976e-06,-6.079885288138976e-06,0.4798214391280478,0.5004511818621054,0.8773661644678857,1258,5.255810788731981,-5.301197654029464e-15,4.6336249254602555e-10
23.10000000000006,-5.0859574365104215e-06,-5.0859574365104215e-06,0.47770511929835585,0.49804064004710846,0.8785202439307495,1259,5.293743672318209,-5.5592949763672935e-15,4.6537711207883433e-10
23.20000000000006,-4.041046591331396e-06,-4.041046591331396e-06,0.47646388613581786,0.49662831386251516,0.8791940429782008,1259,5.332889158580837,-5.764710694965147e-15,4.673917316116432e-10
23.30000000000006,-2.955584658466361e-06,-2.955584658466361e-06,0.47505970989690016,0.49503188621041866,0.8799535624296734,1260,5.3717892977342245,-5.915388844140789e-15,4.694063511444521e-10
23.400000000000063,-1.8404104081791272e-06,-1.8404104081791272e-06,0.47212279207886026,0.49169729882207225,0.8815327953058021,1261,5.409024925050714,-6.0098203294507834e-15,4.714209706772608e-10
23.500000000000064,-7.066612596196379e-07,-7.066612596196379e-07,0.4704972907882388,0.48985425864633164,0.8824014388932779,1261,5.44326717002716,-6.047057618263175e-15,4.734355902100697e-10
23.600000000000065,4.3433793607354267e-07,4.3433793607354267e-07,0.4679550116616038,0.48697537292801646,0.8837522882916843,1262,5.473321708207042,-6.0267238781398916e-15,4.754502097428785e-10
23.700000000000067,1.5711880035998108e-06,1.5711880035998108e-06,0.4639125416367031,0.48240667159270834,0.8858810042619574,1263,5.498165319847758,-5.949016510097617e-15,4.774648292756873e-10
23.800000000000068,2.6925293127235475e-06,2.6925293127235475e-06,0.4616618113734482,0.47986768793901874,0.88705601396946,1263,5.516974808456916,-5.814705061112108e-15,4.794794488084962e-10
23.90000000000007,3.787155271577834e-06,3.787155271577834e-06,0.4580092123853646,0.47575441460258194,0.8889474457863851,1264,5.529148607891653,-5.6251235387779925e-15,4.81494068341305e-10
24.00000000000007,4.844124310284149e-06,4.844124310284149e-06,0.4533312461325875,0.4704991397675853,0.8913421235866031,1264,5.534321505663817,-5.382157193723713e-15,4.835086878741138e-10
24.100000000000072,5.8528692360148156e-06,5.8528692360148156e-06,0.4502224611228622,0.4670144633200615,0.8929164213410306,1265,5.53237287862308,-5.088223883144823e-15,4.855233074069226e-10
24.200000000000074,6.803302866690195e-06,6.803302866690195e-06,0.44596813403155366,0.46225562470292214,0.8950488385716246,1266,5.523428720637596,-4.746250180701575e-15,4.875379269397315e-10
24.300000000000075,7.685918887487118e-06,7.685918887487118e-06,0.44085617747906813,0.45655232574819177,0.8975777575110383,1266,5.507857580093155,-4.359642451787271e-15,4.895525464725403e-10
24.400000000000077,8.491886921871343e-06,8.491886921871343e-06,0.43755584808026,0.45287870304192146,0.8991912365068759,1267,5.486260352413128,-3.9322531661130624e-15,4.915671660053492e-10
24.500000000000078,9.213140866482041e-06,9.213140866482041e-06,0.4335113539769719,0.4483856753025945,0.9011481043496972,1268,5.45945372111001,-3.4683427692843665e-15,4.93581785538158e-10
24.60000000000008,9.842459606316625e-06,9.842459606316625e-06,0.4289258987443007,0.4433034071839764,0.9033396777438673,1269,5.4284469426799,-2.9725374799729374e-15,4.955964050709669e-10
24.70000000000008,1.0373539302621118e-05,1.0373539302621118e-05,0.4255985726491546,0.4396232533077829,0.9049120702913639,1269,5.394411661861117,-2.449783418778789e-15,4.976110246037756e-10
24.800000000000082,1.0801056529927448e-05,1.0801056529927448e-05,0.42256615554140525,0.4362748209394604,0.9063320827329003,1270,5.358644563540142,-1.9052975091167374e-15,4.996256441365844e-10
24.900000000000084,1.1120721629956944e-05,1.1120721629956944e-05,0.4192647514114485,0.4326353020458126,0.9078640141694659,1271,5.322522953808786,-1.344515620173714e-15,5.016402636693933e-10
25.000000000000085,1.1329321747718147e-05,1.1329321747718147e-05,0.4363163210796438,0.4515006736629282,0.8997933473634516,1254,5.287453842012517,-7.730384481019241e-16,5.036548832022021e-10
25.100000000000087,1.1424753118093546e-05,1.1424753118093546e-05,0.45508818762533415,0.4724712491707264,0.8904463720426339,1254,5.254817768072502,-1.9657565501844943e-16,5.05669502735011e-10
25.200000000000088,1.1406042278506192e-05,1.1406042278506192e-05,0.4693342479362249,0.488536678300986,0.8830205907645292,1254,5.22590944032323,3.7911119329446714e-16,5.076841222678198e-10
25.30000000000009,1.1273355993812791e-05,1.1273355993812791e-05,0.4788979378478274,0.4993989008009323,0.8778705856361166,1254,5.201878115590831,9.482663306132788e-16,5.096987418006287e-10
25.40000000000009,1.1027999792281045e-05,1.1027999792281045e-05,0.48365337050492296,0.5048239638745773,0.8752596284527395,1254,5.183671403853548,1.505197556693186e-15,5.117133613334374e-10
25.500000000000092,1.0672405125250442e-05,1.0672405125250442e-05,0.4835069147040238,0.5046566432001264,0.87534054140854,1254,5.171986617874526,2.0443334748845494e-15,5.137279808662463e-10
25.600000000000094,1.0210105276711779e-05,1.0210105276711779e-05,0.48107777561385245,0.5018836843661701,0.8766779190845563,1255,5.1672337303588876,2.5602795994820126e-15,5.157426003990551e-10
25.700000000000095,9.645700261436099e-06,9.645700261436099e-06,0.47903410025997667,0.4995540127001051,0.877796292307113,1255,5.169513341424533,3.0478727291644455e-15,5.177572199318639e-10
25.800000000000097,8.98481106031608e-06,8.98481106031608e-06,0.4781947658375865,0.49859807829443137,0.8782538163455572,1256,5.17861182396145,3.5022329909349607e-15,5.197718394646728e-10
25.900000000000098,8.23402364815265e-06,8.23402364815265e-06,0.47600014321468603,0.49610092552899937,0.8794452021926087,1257,5.1940141808636975,3.918812980033225e-15,5.217864589974816e-10
26.0000000000001,7.400823371161627e-06,7.400823371161627e-06,0.47460987926516596,0.49452075856062244,0.8801962636275529,1257,5.214933407890583,4.293443457088457e-15,5.238010785302905e-10
26.1000000000001,6.493520327969917e-06,6.493520327969917e-06,0.4735199860000941,0.4932829324228282,0.8807830736671037,1258,5.240353633414047,4.622375114055029e-15,5.258156980630992e-10
26.200000000000102,5.521166497853002e-06,5.521166497853002e-06,0.470993307311843,0.4904164641052988,0.882136783309398,1259,5.269083262605097,4.902315982480254e-15,5.278303175959081e-10
26.300000000000104,4.4934654425355875e-06,4.4934654425355875e-06,0.46964932288905004,0.48889352710561257,0.8828530531803449,1259,5.299813916591415,5.13046412642723e-15,5.298449371287169e-10
26.400000000000105,3.4206754822092632e-06,3.4206754822092632e-06,0.4678079812028887,0.48680900958661233,0.8838301266209915,1260,5.331181103399741,5.3045353318447316e-15,5.318595566615258e-10
26.500000000000107,2.3135073117707245e-06,2.3135073117707245e-06,0.4644909467068512,0.4830596983816732,0.8855778680767565,1261,5.361823145512482,5.4227855688309436e-15,5.338741761943346e-10
26.600000000000108,1.183017078997512e-06,1.183017078997512e-06,0.4627767979399213,0.4811250513724711,0.8864748362409806,1261,5.390435720673642,5.4840280596752035e-15,5.358887957271435e-10
26.70000000000011,4.0495991896828646e-08,4.0495991896828646e-08,0.45993506391566763,0.4779220670052666,0.8879525533387979,1262,5.415820255668064,5.487644833288291e-15,5.379034152599522e-10
26.80000000000011,-1.102642442669555e-06,-1.102642442669555e-06,0.45580461969823,0.4732759910759718,0.8900798552162339,1262,5.436925201599988,5.433592687829547e-15,5.39918034792761e-10
26.900000000000112,-2.2349764231153188e-06,-2.2349764231153188e-06,0.45345093714336066,0.4706334261379788,0.8912812393424469,1263,5.452879830264029,5.3224035217625796e-15,5.419326543255699e-10
27.000000000000114,-3.3451899614214028e-06,-3.3451899614214028e-06,0.4497637371173981,0.4665007930397708,0.893147569427467,1264,5.463020597499213,5.1551790330962984e-15,5.439472738583787e-10
27.100000000000115,-4.422185955742414e-06,-4.422185955742414e-06,0.4451683011494991,0.46136220417875384,0.895446918388616,1264,5.466910333859449,4.933579829953285e-15,5.459618933911876e-10
27.200000000000117,-5.455197097611107e-06,-5.455197097611107e-06,0.4421843878837123,0.45803263640328745,0.8969241702127927,1265,5.46435058032375,4.659809043830558e-15,5.479765129239964e-10
27.300000000000118,-6.433893505440805e-06,-6.433893505440805e-06,0.43818676111981325,0.4535804679259106,0.8988839537889903,1266,5.4553873296914235,4.336590589190843e-15,5.499911324568053e-10
27.40000000000012,-7.348486008515916e-06,-7.348486008515916e-06,0.43337866368327643,0.4482384346944021,0.9012119250565305,1267,5.440310304920865,3.967142267311834e-15,5.52005751989614e-10
27.50000000000012,-8.189824048902671e-06,-8.189824048902671e-06,0.43034125292549436,0.44487079281569425,0.9026662761123381,1267,5.4196457429134135,3.555143966105253e-15,5.540203715224229e-10
27.600000000000122,-8.94948722227577e-06,-8.94948722227577e-06,0.42675584423972296,0.4409025158936379,0.9043668776593056,1268,5.394142492832663,3.1047012586060764e-15,5.560349910552317e-10
27.700000000000124,-9.61986954200905e-06,-9.61986954200905e-06,0.4226768100063391,0.43639691483517123,0.9062804832295933,1269,5.3647511193062325,2.6203047494381984e-15,5.580496105880406e-10
27.800000000000125,-1.0194255583388555e-05,-1.0194255583388555e-05,0.41958451722655926,0.43298754844769594,0.9077162733496382,1269,5.332595663362391,2.1067855600790593e-15,5.600642301208494e-10
27.900000000000126,-1.0666887745752034e-05,-1.0666887745752034e-05,0.4170431380042729,0.4301896034798897,0.9088866931821309,1270,5.298937801994948,1.569267380240446e-15,5.620788496536582e-10
28.000000000000128,-1.1033023958933357e-05,-1.1033023958933357e-05,0.4142001062132413,0.4270638023731499,0.910185844766298,1271,5.265133405017319,1.0131155447492221e-15,5.640934691864671e-10
28.10000000000013,-1.128898525570999e-05,-1.128898525570999e-05,0.4311410443130037,0.4457570123468495,0.9022845448685756,1254,5.232581949741727,4.4388362376837816e-16,5.661080887192758e-10
28.20000000000013,-1.1432192733066306e-05,-1.1432192733066306e-05,0.45003024850304674,0.46679921115701895,0.8930133120129207,1254,5.202669928616303,-1.3274196016516288e-16,5.681227082520847e-10
28.300000000000132,-1.1461193530986007e-05,-1.1461193530986007e-05,0.4644568587282905,0.48302120641422946,0.8855957465911005,1254,5.176710235399874,-7.109987514204586e-16,5.701373277848935e-10
28.400000000000134,-1.1375675567116634e-05,-1.1375675567116634e-05,0.47426358161059884,0.4941273679574077,0.8803829025815341,1254,5.15588044253722,-1.2851059586471582e-15,5.721519473177024e-10
28.500000000000135,-1.1176470877913946e-05,-1.1176470877913946e-05,0.4793237059263114,0.49988396595935963,0.877638185664837,1254,5.141163721061231,-1.8493224529672216e-15,5.741665668505112e-10
28.600000000000136,-1.0865547530652865e-05,-1.0865547530652865e-05,0.47954253960809995,0.500133326789372,0.8775186338227889,1254,5.133296694510743,-2.3980044738458723e-15,5.761811863833201e-10
28.700000000000138,-1.0445990184848961e-05,-1.0445990184848961e-05,0.4769006481827054,0.49712515625637027,0.8789572070146051,1255,5.132728554594754,-2.925662438452289e-15,5.781958059161288e-10
28.80000000000014,-9.921969495029557e-06,-9.921969495029557e-06,0.4751684897104049,0.4951555102839768,0.879894826889176,1255,5.1395951672404285,-3.427016246397824e-15,5.802104254489376e-10
28.90000000000014,-9.298700658294206e-06,-9.298700658294206e-06,0.47395463640791424,0.4937764797111177,0.8805492618970513,1256,5.1537106698223045,-3.897048477715838e-15,5.822250449817465e-10
29.000000000000142,-8.582391518596247e-06,-8.582391518596247e-06,0.4713439628110896,0.490814013254438,0.8819494706169613,1257,5.174577374936394,-4.331054900474827e-15,5.842396645145553e-10
29.100000000000144,-7.780180744076142e-06,-7.780180744076142e-06,0.47013756342968255,0.4894466343334984,0.8825931517139713,1257,5.201412956460997,-4.724691737198348e-15,5.862542840473642e-10
29.200000000000145,-6.900066693040104e-06,-6.900066693040104e-06,0.46853553015525845,0.4876323664512902,0.8834446541703282,1258,5.233192249753338,-5.074019186194829e-15,5.88268903580173e-10
29.300000000000146,-5.950827677311342e-06,-5.950827677311342e-06,0.46550652346638616,0.48420683929185143,0.8850444489460622,1259,5.268699840643201,-5.375540752552897e-15,5.902835231129819e-10
29.400000000000148,-4.941934417754901e-06,-4.941934417754901e-06,0.46429137812198995,0.48283435761755034,0.8856825143365896,1259,5.306589098987893,-5.626238009377716e-15,5.922981426457906e-10
29.50000000000015,-3.8834555649293005e-06,-3.8834555649293005e-06,0.4619492477053586,0.48019174929850295,0.8869063606404305,1260,5.345443419438563,-5.823600477138124e-15,5.943127621785995e-10
29.60000000000015,-2.785957227266891e-06,-2.785957227266891e-06,0.45839286930441003,0.47618604821384947,0.8887496708133681,1260,5.383836020768042,-5.96565037245874e-15,5.963273817114083e-10
29.700000000000152,-1.6603975092345402e-06,-1.6603975092345402e-06,0.45663948659124276,0.47421418511784325,0.8896518303728073,1261,5.420385516437549,-6.050962033885574e-15,5.983420012442172e-10
29.800000000000153,-5.180171119754085e-07,-5.180171119754085e-07,0.4534615995226594,0.47064538915400106,0.8912758146378433,1262,5.453805396532732,-6.078675880330397e-15,6.00356620777026e-10
29.900000000000155,6.297729115209624e-07,6.297729115209624e-07,0.44954794633606004,0.4662592006476854,0.8932562028584133,1262,5.482946397316247,-6.048506799873456e-15,6.023712403098348e-10
30.000000000000156,1.7715051260261778e-06,1.7715051260261778e-06,0.4469839738269724,0.463390900637831,0.8945419649976453,1263,5.5068313885002205,-5.960746905792742e-15,6.043858598426437e-10
30.100000000000158,2.8957702703053454e-06,2.8957702703053454e-06,0.443217581949592,0.4591848941665593,0.8964140645096755,1264,5.5246828498554805,-5.816262636758617e-15,6.064004793754524e-10
30.20000000000016,3.991331255727481e-06,3.991331255727481e-06,0.43892575969303554,0.4544027618351186,0.898523331626893,1264,5.53594325092834,-5.616486221807425e-15,6.084150989082613e-10
30.30000000000016,5.0472354683411705e-06,5.0472354683411705e-06,0.4359995112614461,0.45114861195284434,0.8999469018668713,1265,5.540288726736946,-5.363401579077313e-15,6.104297184410701e-10
30.400000000000162,6.0529242522137695e-06,6.0529242522137695e-06,0.4321715873107584,0.44689947299742316,0.9017913944595499,1266,5.53763640241693,-5.0595247697546774e-15,6.12444337973879e-10
30.500000000000163,6.998338479755981e-06,6.998338479755981e-06,0.42762983827012196,0.4418691518521894,0.903953937665559,1266,5.5281456033755365,-4.707879183402458e-15,6.144589575066878e-10
30.600000000000165,7.874019153613228e-06,7.874019153613228e-06,0.4249658397018958,0.43892414782092154,0.9052093874272751,1267,5.512213032010593,-4.311965685439269e-15,6.164735770394967e-10
30.700000000000166,8.671202034114916e-06,8.671202034114916e-06,0.421694291576486,0.43531306675997383,0.9067380682709895,1268,5.490461830360642,-3.875728009773328e-15,6.184881965723055e-10
30.800000000000168,9.381905345741188e-06,9.381905345741188e-06,0.417955699451814,0.4311938781776217,0.9084674090443449,1269,5.463724311316451,-3.403513727850909e-15,6.205028161051143e-10
30.90000000000017,9.999009685002322e-06,9.999009685002322e-06,0.4152545890490007,0.4282226439387299,0.9097052414236962,1269,5.433018061770695,-2.900031168856717e-15,6.225174356379231e-10
31.00000000000017,1.0516329329841906e-05,1.0516329329841906e-05,0.4130139640038488,0.42576100136525286,0.9107246925047259,1270,5.399515135134968,-2.3703027044546835e-15,6.245320551707319e-10
31.100000000000172,1.0928674236396968e-05,1.0928674236396968e-05,0.41043131273768085,0.42292699876491363,0.9118915163134396,1271,5.3645041961872835,-1.8196148457556076e-15,6.265466747035408e-10
31.200000000000173,1.1231902101822014e-05,1.1231902101822014e-05,0.42616119405489816,0.44024508579823163,0.9046472443343335,1254,5.329345793444105,-1.2534656308665783e-15,6.285612942363496e-10
31.300000000000175,1.1422959970983058e-05,1.1422959970983058e-05,0.44537500668471425,0.4615930580631082,0.8953441256972599,1254,5.295421434804091,-6.775098091357223e-16,6.305759137691585e-10
31.400000000000176,1.1499914969164032e-05,1.1499914969164032e-05,0.4601849164572181,0.4782034680263465,0.8878230919869471,1254,5.264077823768061,-9.750235359087804e-17,6.325905333019672e-10
31.500000000000178,1.1461973851460245e-05,1.1461973851460245e-05,0.4704315334123657,0.4897797391967194,0.8824364976423461,1254,5.2365684231325345,4.807591437076733e-16,6.346051528347761e-10
31.60000000000018,1.1309491171178768e-05,1.1309491171178768e-05,0.4759859254018312,0.4960847588018223,0.8794528974421327,1254,5.213995340888816,1.0514926178625425e-15,6.366197723675849e-10
31.70000000000018,1.1043965983209408e-05,1.1043965983209408e-05,0.4767508167355552,0.4969546991301812,0.87903848535885,1254,5.197255216221088,1.6089896257497616e-15,6.386343919003938e-10
31.800000000000182,1.0668027112837407e-05,1.0668027112837407e-05,0.4737273048546717,0.49351832747270885,0.8806715850049489,1255,5.186993132475245,2.147672783037793e-15,6.406490114332026e-10
31.900000000000183,1.0185407134696994e-05,1.0185407134696994e-05,0.47249218773435403,0.4921163837707611,0.8813348583427323,1255,5.1835684324369815,2.6621519316307602e-15,6.426636309660114e-10
32.000000000000185,9.600905319372057e-06,9.600905319372057e-06,0.4707716418775528,0.49016519857269214,0.8822550998457946,1256,5.187035576879711,3.1472784291022956e-15,6.446782504988203e-10
32.100000000000186,8.920339915409894e-06,8.920339915409894e-06,0.46763864662272203,0.4866174275269339,0.8839197340171046,1257,5.197141919657135,3.598196967343773e-15,6.46692870031629e-10
32.20000000000019,8.150490241123958e-06,8.150490241123958e-06,0.46682277072837336,0.4856946323118749,0.8843508923099951,1257,5.213342662079439,4.0103943571695735e-15,6.487074895644379e-10
32.30000000000019,7.299029162456549e-06,7.299029162456549e-06,0.464640173813737,0.48322821400087024,0.8854995815235264,1258,5.234831585002583,4.379744759109902e-15,6.507221090972467e-10
32.40000000000019,6.374446629333346e-06,6.374446629333346e-06,0.461602135584659,0.47980041513635563,0.8870870692461266,1258,5.260584744642622,4.702550896005202e-15,6.527367286300556e-10
32.50000000000019,5.385965032407227e-06,5.385965032407227e-06,0.4601996329248083,0.4782200439984569,0.8878154638526362,1259,5.2894133907093295,4.97558084613496e-15,6.547513481628644e-10
32.60000000000019,4.34344722396343e-06,4.34344722396343e-06,0.4573357583365521,0.47499697642829236,0.8892941044146929,1260,5.32002202392441,5.196100081087291e-15,6.567659676956733e-10
32.700000000000195,3.257298120222905e-06,3.257298120222905e-06,0.4541677534249588,0.4714378445850761,0.89091618671395,1260,5.3510677136036335,5.3618984752061184e-15,6.587805872284821e-10
32.800000000000196,2.1383608665994366e-06,2.1383608665994366e-06,0.4519620555365447,0.46896363878106645,0.8920371631020656,1261,5.381217399033736,5.471312069665691e-15,6.607952067612909e-10
32.9000000000002,9.978086019949105e-07,9.978086019949105e-07,0.4484393129929985,0.465018473064998,0.8938132817106532,1262,5.409200710114767,5.5232394229479475e-15,6.628098262940997e-10
33.0000000000002,-1.529670975912952e-07,-1.529670975912952e-07,0.4449615480353374,0.46113132365783915,0.8955496752107033,1262,5.4338566840186475,5.517152422170679e-15,6.648244458269085e-10
33.1000000000002,-1.3024699824518326e-06,-1.3024699824518326e-06,0.44216704195798684,0.4580132971507479,0.8969327215606107,1263,5.45417349389012,5.453101469441992e-15,6.668390653597174e-10
33.2000000000002,-2.4392139635787304e-06,-2.4392139635787304e-06,0.43828758870545553,0.453692640740014,0.8988347954917841,1264,5.46932087036281,5.331714997723247e-15,6.688536848925262e-10
33.3000000000002,-3.551837871155333e-06,-3.551837871155333e-06,0.4345002635051129,0.4494833537979281,0.9006717054587579,1264,5.478675266219179,5.15419331432535e-15,6.708683044253351e-10
33.400000000000205,-4.629218990701388e-06,-4.629218990701388e-06,0.43157005117782754,0.4462325337645359,0.9020794260631196,1265,5.481838004015263,4.9222968184003235e-15,6.728829239581438e-10
33.500000000000206,-5.6605842423931096e-06,-5.6605842423931096e-06,0.42782941297108773,0.44208994310878696,0.9038594987036506,1266,5.478646690097772,4.6383286912441275e-15,6.748975434909527e-10
33.60000000000021,-6.635617892368004e-06,-6.635617892368004e-06,0.42384637032519934,0.43768780969798854,0.9057340969413451,1266,5.469180116786968,4.305112213258013e-15,6.769121630237615e-10
33.70000000000021,-7.544564719216839e-06,-7.544564719216839e-06,0.4213254249838998,0.43490629910687584,0.9069095248491639,1267,5.453756747633749,3.9259629167600195e-15,6.789267825565704e-10
33.80000000000021,-8.378327604021324e-06,-8.378327604021324e-06,0.41823459798730533,0.43150089881005954,0.9083390452063574,1268,5.432926725982739,3.504655837284909e-15,6.809414020893792e-10
33.90000000000021,-9.128558567767402e-06,-9.128558567767402e-06,0.41468721094126804,0.4275990382083053,0.9099640196632789,1269,5.407457200561506,3.0453881758826244e-15,6.829560216221881e-10
34.00000000000021,-9.787742345198573e-06,-9.787742345198573e-06,0.41252244886949285,0.42522137064353277,0.9109474349152736,1269,5.378310660666874,2.552737730316368e-15,6.849706411549969e-10
34.100000000000215,-1.0349271658522294e-05,-1.0349271658522294e-05,0.41041552928124253,0.42290969035193027,0.9118986200915086,1270,5.34661595827776,2.031617493794853e-15,6.869852606878056e-10
34.200000000000216,-1.080751343710452e-05,-1.080751343710452e-05,0.4079211065857659,0.42017595201505825,0.9130171799050905,1271,5.313631808645892,1.4872268563116172e-15,6.889998802206145e-10
34.30000000000022,-1.115786531955861e-05,-1.115786531955861e-05,0.4208996114843596,0.4344368288091714,0.9071072246720975,1254,5.280702846465007,9.24999876443195e-16,6.910144997534233e-10
34.40000000000022,-1.1396801871555154e-05,-1.1396801871555154e-05,0.4406110840271579,0.4562792830847739,0.8976980965961846,1254,5.24920880129966,3.5055112124520465e-16,6.930291192862322e-10
34.50000000000022,-1.1521910055282393e-05,-1.1521910055282393e-05,0.455975669410262,0.4734681739789861,0.8899922409245282,1254,5.220508044976279,-2.3038040080635783e-16,6.95043738819041e-10
34.60000000000022,-1.1531913593748984e-05,-1.1531913593748984e-05,0.4668306257867327,0.4857035146196136,0.8843467458116004,1254,5.195877609448193,-8.119886638321355e-16,6.970583583518499e-10
34.70000000000022,-1.1426685983972046e-05,-1.1426685983972046e-05,0.47304356535171765,0.4927421052487415,0.8810390373186282,1254,5.176452669127842,-1.3884588329358663e-15,6.990729778846587e-10
34.800000000000225,-1.1207252026426866e-05,-1.1207252026426866e-05,0.47451334784622495,0.4944110914680802,0.8802483074199958,1254,5.1631692585290265,-1.954025664971533e-15,7.010875974174675e-10
34.900000000000226,-1.0875777852819333e-05,-1.0875777852819333e-05,0.4711734970211058,0.49062074029115665,0.8820405521884479,1254,5.1567144494669765,-2.5030314948726862e-15,7.031022169502763e-10
35.00000000000023,-1.04355495491326e-05,-1.04355495491326e-05,0.4703911905951304,0.4897340222236042,0.8824580034259396,1255,5.157488152211996,-3.029983192499121e-15,7.051168364830851e-10
35.10000000000023,-9.890940584848313e-06,-9.890940584848313e-06,0.4680561700279792,0.4870898410133956,0.883698716587695,1256,5.16558002405247,-3.529607475841665e-15,7.07131456015894e-10
35.20000000000023,-9.247368371111524e-06,-9.247368371111524e-06,0.46540001112512314,0.4840864962166442,0.8851004630236814,1256,5.180763697797404,-3.9969039789581175e-15,7.091460755487028e-10
35.30000000000023,-8.511240379279326e-06,-8.511240379279326e-06,0.464073526367441,0.48258840298948397,0.885796682159562,1257,5.202508868976985,-4.42719549903941e-15,7.111606950815117e-10
35.40000000000023,-7.689890355680022e-06,-7.689890355680022e-06,0.46125838616279724,0.47941295059933475,0.8872658571107601,1258,5.230010007403094,-4.8161748868906355e-15,7.131753146143205e-10
35.500000000000234,-6.791505267468704e-06,-6.791505267468704e-06,0.4587987524457779,0.4766427920896771,0.8885402099816293,1258,5.262228919444261,-5.159948097167613e-15,7.151899341471293e-10
35.600000000000236,-5.825043707205688e-06,-5.825043707205688e-06,0.4567795738883663,0.4743716545395623,0.8895799125870382,1259,5.297947345327788,-5.455072975185742e-15,7.172045536799381e-10
35.70000000000024,-4.800146569278571e-06,-4.800146569278571e-06,0.453378130051367,0.4705517397117464,0.8913182771553189,1260,5.335825354764505,-5.698593420925124e-15,7.19219173212747e-10
35.80000000000024,-3.727040888681053e-06,-3.727040888681053e-06,0.4507896383256458,0.46764976140966813,0.8926302156986584,1260,5.374461472844435,-5.8880686328580625e-15,7.212337927455558e-10
35.90000000000024,-2.616437801177126e-06,-2.616437801177126e-06,0.4481227678216872,0.4646643531754667,0.8939720269448201,1261,5.41245107691421,-6.021597190654133e-15,7.232484122783647e-10
36.00000000000024,-1.4794256428313004e-06,-1.4794256428313004e-06,0.44424591903356186,0.46033238744198063,0.895904885254024,1262,5.448440451007981,-6.0978357852242365e-15,7.252630318111735e-10
36.10000000000024,-3.273592556832062e-07,-3.273592556832062e-07,0.441388463310142,0.4571454369301645,0.8973161229225247,1262,5.481174773715136,-6.116012447964573e-15,7.272776513439822e-10
36.200000000000244,8.282533955019126e-07,8.282533955019126e-07,0.43834294972299115,0.4537542336480891,0.8988077983796909,1263,5.509539104573844,-6.075934171247992e-15,7.292922708767911e-10
36.300000000000246,1.9758661633499417e-06,1.9758661633499417e-06,0.4343180438785431,0.44928104841272465,0.9007595887702311,1264,5.532592043266117,-5.977988852582551e-15,7.313068904095999e-10
36.40000000000025,3.1040100669813374e-06,3.1040100669813374e-06,0.431202540243325,0.4458251692626721,0.9022551575290128,1264,5.549592141502733,-5.823141538245692e-15,7.333215099424088e-10
36.50000000000025,4.20140789785934e-06,4.20140789785934e-06,0.42821172337077484,0.4425129609455311,0.9036784383661209,1265,5.5600173648541,-5.612924990078162e-15,7.353361294752176e-10
36.60000000000025,5.257086937288351e-06,5.257086937288351e-06,0.42448397988646025,0.43839189567010317,0.905435448179356,1266,5.563577966660571,-5.349424651359639e-15,7.373507490080265e-10
36.70000000000025,6.260488659055268e-06,6.260488659055268e-06,0.4212048956710662,0.434773402065616,0.9069655097426397,1266,5.560223090613317,-5.035258142866631e-15,7.393653685408353e-10
36.80000000000025,7.201574320551092e-06,7.201574320551092e-06,0.4187261151630837,0.43204208268698174,0.9081125703790428,1267,5.550141302910351,-4.673549476191637e-15,7.413799880736441e-10
36.900000000000254,8.070925386516571e-06,8.070925386516571e-06,0.41570010616322983,0.42871243658901487,0.9095017436684107,1268,5.533755104754444,-4.267898225980601e-15,7.433946076064529e-10
37.000000000000256,8.859837780918874e-06,8.859837780918874e-06,0.4123563054786316,0.4250389929070925,0.9110226546755099,1268,5.511709323346318,-3.822343954175617e-15,7.454092271392618e-10
37.10000000000026,9.560409023876011e-06,9.560409023876011e-06,0.41070910667325006,0.42323165450741446,0.9117664337403856,1269,5.484853155382372,-3.3413262265968234e-15,7.474238466720706e-10
37.20000000000026,1.016561738139092e-05,1.016561738139092e-05,0.40859852007713177,0.4209180255313579,0.9127142210959451,1270,5.454215574115804,-2.829640604949689e-15,7.494384662048794e-10
37.30000000000026,1.0669392235232467e-05,1.0669392235232467e-05,0.40605542079982676,0.41813345353720227,0.9138484531031803,1271,5.420973845146647,-2.2923910358470256e-15,7.514530857376883e-10
37.40000000000026,1.1066674967813465e-05,1.1066674967813465e-05,0.41550971251202307,0.42850310818885495,0.9095887415794986,1254,5.3864150646341775,-1.7349390932417735e-15,7.534677052704971e-10
37.50000000000026,1.13534697514939e-05,1.13534697514939e-05,0.4358705520085792,0.4510053204131232,0.9000093676688795,1254,5.351890969414571,-1.162850562398652e-15,7.554823248033059e-10
37.600000000000264,1.1526883732437995e-05,1.1526883732437995e-05,0.45194194174945884,0.46894109076061635,0.8920473537249739,1254,5.318766788749127,-5.818398826926197e-16,7.574969443361147e-10
37.700000000000266,1.1585156204972232e-05,1.1585156204972232e-05,0.46355660918220437,0.4820049302464996,0.8860673056170716,1254,5.288365598403964,2.2870066516043297e-18,7.595115638689236e-10
37.80000000000027,1.152767648227212e-05,1.152767648227212e-05,0.47057755110445526,0.48994521754454284,0.8823586393278721,1254,5.261910439218596,5.836908494137263e-16,7.615261834017324e-10
37.90000000000027,1.135499028205195e-05,1.135499028205195e-05,0.47289857538597957,0.4925775455013721,0.8811168693186568,1254,5.240467258594625,1.1565576941283827e-15,7.635408029345413e-10
38.00000000000027,1.1068794560617694e-05,1.1068794560617694e-05,0.4704472138958304,0.4897975088127529,0.882428138115309,1254,5.224892360200355,1.715157348170727e-15,7.655554224673501e-10
38.10000000000027,1.0671920844022916e-05,1.0671920844022916e-05,0.4689455991115066,0.4880965941258404,0.8832270518241333,1255,5.215788321223029,2.2539010470088394e-15,7.675700420001588e-10
38.20000000000027,1.0168307219989693e-05,1.0168307219989693e-05,0.46590707138956333,0.4846594669784234,0.8848336571521228,1256,5.213472105662257,2.7673977194964286e-15,7.695846615329677e-10
38.300000000000274,9.562959267572115e-06,9.562959267572115e-06,0.46404195667426984,0.4825527634357515,0.8858132209703776,1256,5.21795830386217,3.250508239273901e-15,7.715992810657765e-10
38.400000000000276,8.86190031211731e-06,8.86190031211731e-06,0.46198633260977806,0.48023356353044333,0.886887043812101,1257,5.228959131298108,3.698397074661082e-15,7.736139005985854e-10
38.50000000000028,8.072111499812675e-06,8.072111499812675e-06,0.4584943177877547,0.4763001989960305,0.8886973391185221,1258,5.245901224932329,4.1065807855164085e-15,7.756285201313942e-10
38.60000000000028,7.201462287931004e-06,7.201462287931004e-06,0.4567804168748627,0.47437260216291754,0.8895794797316464,1258,5.26795767005804,4.470972864136646e-15,7.776431396642031e-10
38.70000000000028,6.258632042779161e-06,6.258632042779161e-06,0.45411659506712587,0.47138042323626633,0.8909422641701538,1259,5.294092364946201,4.787924475061409e-15,7.796577591970119e-10
38.80000000000028,5.253023526361664e-06,5.253023526361664e-06,0.4501846435804035,0.46697211093659247,0.8929354885345218,1259,5.3231129954369765,5.054260710838008e-15,7.816723787298207e-10
38.90000000000028,4.19466913399692e-06,4.19466913399692e-06,0.44831553897306475,0.46487999926577,0.8938753702364164,1260,5.353728626252494,5.2673120423019005e-15,7.836869982626295e-10
39.000000000000284,3.0941308177578912e-06,3.0941308177578912e-06,0.4451656912212132,0.46135928951531435,0.8954482159005843,1261,5.384608165782267,5.424940698731964e-15,7.857016177954384e-10
39.100000000000286,1.9623946939227566e-06,1.9623946939227566e-06,0.4411135796868035,0.4568391202231621,0.8974512854834484,1261,5.414436577477283,5.525561763469898e-15,7.877162373282472e-10
39.20000000000029,8.107613859799375e-07,8.107613859799375e-07,0.43882843388348175,0.4542944471908948,0.8985708684435361,1262,5.441966508680632,5.568158814798071e-15,7.89730856861056e-10
39.30000000000029,-3.492668023998137e-07,-3.492668023998137e-07,0.43548853358594725,0.45058090352235874,0.9001942774285789,1263,5.4660638179586325,5.552293982502244e-15,7.917454763938649e-10
39.40000000000029,-1.5061007580646789e-06,-1.5061007580646789e-06,0.43126838999928996,0.4458981540540966,0.9022236838985221,1263,5.485746184051288,5.478112330878686e-15,7.937600959266737e-10
39.50000000000029,-2.6481803256931787e-06,-2.6481803256931787e-06,0.4289569548614291,0.4433377866885905,0.9033249309501038,1264,5.5002145092661054,5.34634052190577e-15,7.957747154594825e-10
39.60000000000029,-3.764089815401882e-06,-3.764089815401882e-06,0.42582368914033863,0.4398720395401936,0.904806159222467,1265,5.508877171666388,5.158279759603086e-15,7.977893349922913e-10
39.700000000000294,-4.8426720966333e-06,-4.8426720966333e-06,0.422010792397299,0.4356621494023317,0.9065908068694519,1266,5.511367350545415,4.915793068418613e-15,7.998039545251002e-10
39.800000000000296,-5.873140138133925e-06,-5.873140138133925e-06,0.41955586603323713,0.432955984637332,0.9077295165836023,1266,5.507553682175085,4.621287013634459e-15,8.01818574057909e-10
39.9000000000003,-6.8451848790516665e-06,-6.8451848790516665e-06,0.4169990386317086,0.4301410838106949,0.9089069269073874,1267,5.497544436924471,4.2776880282605024e-15,8.038331935907179e-10
40.0000000000003,-7.749078352545543e-06,-7.749078352545543e-06,0.4139063868983901,0.4267411234850584,0.9103194510086666,1268,5.481685283214176,3.888413566503889e-15,8.058478131235267e-10
40.1000000000003,-8.57577103044795e-06,-8.57577103044795e-06,0.41136503735059576,0.4239511776489842,0.9114706830422704,1268,5.460550554905744,3.457338356827922e-15,8.078624326563356e-10
40.2000000000003,-9.316982414983189e-06,-9.316982414983189e-06,0.4095992664526294,0.42201474593218025,0.9122655539487764,1269,5.434927802341249,2.988756076667074e-15,8.098770521891443e-10
40.3000000000003,-9.965283970753611e-06,-9.965283970753611e-06,0.40734094875861243,0.4195406128899165,0.913276163854304,1270,5.405795320740818,2.487336815588932e-15,8.118916717219531e-10
40.400000000000304,-1.0514173566488303e-05,-1.0514173566488303e-05,0.4047206867918066,0.4166733628077158,0.9144403565475271,1270,5.3742923537736855,1.9580807342042392e-15,8.13906291254762e-10
40.500000000000306,-1.095814068064866e-05,-1.095814068064866e-05,0.4096076051255827,0.42202388657114065,0.912261809911653,1254,5.341681807911427,1.4062683628954609e-15,8.159209107875708e-10
40.60000000000031,-1.1292721717058037e-05,-1.1292721717058037e-05,0.4307548968257099,0.44532908966273693,0.9024689572836686,1254,5.3093056245689505,8.374080180410038e-16,8.179355303203797e-10
40.70000000000031,-1.151454487535079e-05,-1.151454487535079e-05,0.4476718138778023,0.4641599783745164,0.8941979350565278,1254,5.278533467671619,2.5718084435359506e-16,8.199501498531885e-10
40.80000000000031,-1.1621364125236262e-05,-1.1621364125236262e-05,0.46018548116980235,0.4782041040907634,0.887822799279517,1254,5.250706089191384,-3.2861597950367415e-16,8.219647693859973e-10
40.90000000000031,-1.1612081942306064e-05,-1.1612081942306064e-05,0.4681532783614358,0.4871997327196933,0.8836472757607755,1254,5.227075580834221,-9.141273087922516e-16,8.239793889188061e-10
41.00000000000031,-1.1486760575293543e-05,-1.1486760575293543e-05,0.471463000709599,0.49094898945936216,0.8818858423639085,1254,5.20874559204174,-1.493498787784382e-15,8.25994008451615e-10
41.100000000000314,-1.1246621729202864e-05,-1.1246621729202864e-05,0.4700352258989129,0.48933068694530113,0.8826476570037207,1254,5.196615321077291,-2.0609356868671516e-15,8.280086279844238e-10
41.200000000000315,-1.0894034664418586e-05,-1.0894034664418586e-05,0.4677524877666412,0.4867462231839632,0.8838594968591548,1255,5.191331466226719,-2.6107612034283217e-15,8.300232475172326e-10
41.30000000000032,-1.0432492827629545e-05,-1.0432492827629545e-05,0.464295301660719,0.4828387875833917,0.8856804575329535,1255,5.193252180988553,-3.137473603385031e-15,8.320378670500415e-10
41.40000000000032,-9.86657924499733e-06,-9.86657924499733e-06,0.4630395598318162,0.4814214864408639,0.886337614022308,1256,5.202426322503285,-3.635801585926241e-15,8.340524865828503e-10
41.50000000000032,-9.201921020324759e-06,-9.201921020324759e-06,0.46023444266447416,0.47825925270210046,0.8877974193391873,1257,5.218589968431085,-4.100757272453397e-15,8.360671061156591e-10
41.60000000000032,-8.445133389910845e-06,-8.445133389910845e-06,0.4571639403590562,0.47480377887686814,0.8893824439662508,1257,5.241180505383717,-4.527686252784666e-15,8.380817256484679e-10
41.70000000000032,-7.603753890226684e-06,-7.603753890226684e-06,0.45524240599012267,0.47264444903577557,0.8903675374744546,1258,5.269366866610811,-4.912314166618845e-15,8.400963451812768e-10
41.800000000000324,-6.6861672934671856e-06,-6.6861672934671856e-06,0.45193769833478,0.46893633382753674,0.8920495035724539,1259,5.302093038246169,-5.250789353191491e-15,8.421109647140856e-10
41.900000000000325,-5.701522058436857e-06,-5.701522058436857e-06,0.4489281829144453,0.46556549675572284,0.893567841064759,1259,5.33813100358316,-5.539721162542894e-15,8.441255842468945e-10
42.00000000000033,-4.659639129189133e-06,-4.659639129189133e-06,0.4464822448357311,0.46283010108923345,0.8947924927302677,1260,5.376138954638896,-5.776213582827094e-15,8.461402037797033e-10
42.10000000000033,-3.570913990507559e-06,-3.570913990507559e-06,0.4428526385104623,0.45877782031413167,0.8965944125212479,1261,5.414720822495726,-5.957893895372209e-15,8.481548233125122e-10
42.20000000000033,-2.446212956925131e-06,-2.446212956925131e-06,0.4397364606626873,0.4553052201114091,0.8981268536035725,1261,5.4524838076560425,-6.082936120407753e-15,8.501694428453209e-10
42.30000000000033,-1.2967647298477276e-06,-1.2967647298477276e-06,0.43704731458923984,0.4523132353833957,0.8994385164147319,1262,5.48809143001901,-6.150079061532666e-15,8.521840623781297e-10
42.40000000000033,-1.3404830489798452e-07,-1.3404830489798452e-07,0.4333932303356882,0.4482545981611952,0.9012049200371672,1263,5.520310481088442,-6.1586387981638525e-15,8.541986819109386e-10
42.500000000000334,1.030321651650549e-06,1.030321651650549e-06,0.4301289969339868,0.44463566262072424,0.9027674373816118,1263,5.548051015838188,-6.108515515494945e-15,8.562133014437474e-10
42.600000000000335,2.184710812892609e-06,2.184710812892609e-06,0.4275590758184327,0.4417908722644574,0.90398740958339,1264,5.570399097045878,-6.000194603928302e-15,8.582279209765563e-10
42.70000000000034,3.3175814291465368e-06,3.3175814291465368e-06,0.4242285334311764,0.4381097887920729,0.9055551619988885,1265,5.586642382569936,-5.83474200650239e-15,8.602425405093651e-10
42.80000000000034,4.417607632437774e-06,4.417607632437774e-06,0.4208445170710117,0.43437609328025584,0.907132786559535,1265,5.596288843366793,-5.6137938440248916e-15,8.62257160042174e-10
42.90000000000034,5.473788655411093e-06,5.473788655411093e-06,0.41873593549035226,0.4320528967116662,0.9081080422113987,1266,5.599078952589512,-5.3395404025379855e-15,8.642717795749827e-10
43.00000000000034,6.475558832993007e-06,6.475558832993007e-06,0.4160141625899938,0.42905776986887534,0.9093581343588159,1267,5.594991634656577,-5.014704624546876e-15,8.662863991077916e-10
43.10000000000034,7.412893286957298e-06,7.412893286957298e-06,0.4127594422766157,0.4254815474253521,0.9108400753214019,1268,5.584244146543431,-4.6425153019723436e-15,8.683010186406004e-10
43.200000000000344,8.276408236373707e-06,8.276408236373707e-06,0.4111144869491584,0.42367630883603175,0.9115837200282431,1268,5.567285916364172,-4.226675223120424e-15,8.703156381734093e-10
43.300000000000345,9.057454930317933e-06,9.057454930317933e-06,0.4091276242767321,0.4214978049311036,0.9124771707027399,1269,5.5447862181277525,-3.771324576767886e-15,8.723302577062181e-10
43.40000000000035,9.748206262659547e-06,9.748206262659547e-06,0.4066196490657741,0.4187509582414077,0.913597537755891,1270,5.517615447468926,-3.2809999631146014e-15,8.743448772390269e-10
43.50000000000035,1.0341735201592376e-05,1.0341735201592376e-05,0.40484053310240475,0.41680442634418197,0.9143873045692185,1270,5.486819714337438,-2.7605894038353915e-15,8.763594967718357e-10
43.60000000000035,1.0832084248104314e-05,1.0832084248104314e-05,0.4035158692634035,0.41535620003209284,0.9149726461772504,1271,5.453588521203613,-2.2152837821511027e-15,8.783741163046445e-10
43.70000000000035,1.1214325226988223e-05,1.1214325226988223e-05,0.4251784616737989,0.4391590478354353,0.90510953797245,1254,5.419215486124011,-1.650525179268476e-15,8.803887358374534e-10
43.80000000000035,1.1484608810381749e-05,1.1484608810381749e-05,0.4430541192035607,0.4590025505542766,0.8964948675016254,1254,5.385052429826876,-1.0719526062062266e-15,8.824033553702622e-10
43.900000000000354,1.1640203276230736e-05,1.1640203276230736e-05,0.45658165077697854,0.4741491767095761,0.8896815138990858,1254,5.352457688006979,-4.853456602318563e-16,8.844179749030711e-10
44.000000000000355,1.1679522111476904e-05,1.1679522111476904e-05,0.46561188042677015,0.4843258844531193,0.8849890263757213,1254,5.322740214534633,1.0343333713190631e-16,8.864325944358799e-10
44.10000000000036,1.1602140181104399e-05,1.1602140181104399e-05,0.4700257313325213,0.4893199300604644,0.8826527130674491,1254,5.297101840919343,6.884981387485754e-16,8.884472139686888e-10
44.20000000000036,1.1408798298330424e-05,1.1408798298330424e-05,0.46973602170741097,0.48899173267098406,0.8828069267458739,1254,5.276580830277447,1.2639977044362053e-15,8.904618335014975e-10
44.30000000000036,1.1101396147053077e-05,1.1101396147053077e-05,0.4666077262925619,0.4854514814992527,0.8844643745024927,1255,5.262000443668237,1.8241750492658234e-15,8.924764530343063e-10
44.40000000000036,1.0682973624018097e-05,1.0682973624018097e-05,0.4642610641225861,0.4828001312136497,0.8856984048420569,1255,5.2539264438439535,2.3634251815138997e-15,8.944910725671152e-10
44.50000000000036,1.0157680783873532e-05,1.0157680783873532e-05,0.46215973257256737,0.4804290887622073,0.8867966968750239,1256,5.25263715610293,2.876351506336604e-15,8.96505692099924e-10
44.600000000000364,9.530736684191123e-06,9.530736684191123e-06,0.45857533724058497,0.47639136767046664,0.8886555351060859,1257,5.258108842978942,3.3578200856047346e-15,8.985203116327329e-10
44.700000000000365,8.808377538507395e-06,8.808377538507395e-06,0.4565646937559163,0.4741301171496461,0.8896902159828253,1257,5.270017815307813,3.803011172207226e-15,9.005349311655417e-10
44.80000000000037,7.997794692366368e-06,7.997794692366368e-06,0.4539023353472562,0.47113995132185715,0.8910514406959381,1258,5.287759109552211,4.207467478148462e-15,9.025495506983506e-10
44.90000000000037,7.1070630391604284e-06,7.1070630391604284e-06,0.4499442471416797,0.46670290881357,0.8930566468394415,1259,5.310479997128933,4.567138687601169e-15,9.045641702311593e-10
45.00000000000037,6.145060588247575e-06,6.145060588247575e-06,0.4479789076251218,0.46450343718367426,0.8940441254899014,1259,5.337125334911449,4.8784217846640066e-15,9.065787897639682e-10
45.10000000000037,5.121379986414513e-06,5.121379986414513e-06,0.44494260022738547,0.4611101660281896,0.8955590893418999,1260,5.366491009103498,5.138196825993695e-15,9.08593409296777e-10
45.20000000000037,4.046232874368938e-06,4.046232874368938e-06,0.4408233875903944,0.45651579454603236,0.8975938619182559,1260,5.397281527858767,5.343857846259852e-15,9.106080288295859e-10
45.300000000000374,2.930348031773284e-06,2.930348031773284e-06,0.4387486306926544,0.45420563787913737,0.8986098369511213,1261,5.428168113956274,5.49333863667122e-15,9.126226483623947e-10
45.400000000000375,1.7848643266562136e-06,1.7848643266562136e-06,0.43562609659458734,0.4507337239721706,0.9001277153636384,1262,5.457844284281214,5.5851331831003846e-15,9.146372678952035e-10
45.50000000000038,6.212195372318463e-07,6.212195372318463e-07,0.43161849828066645,0.44628624048245374,0.9020562465511462,1263,5.485076696043491,5.6183105921829685e-15,9.166518874280123e-10
45.60000000000038,-5.489638443039646e-07,-5.489638443039646e-07,0.4294091486982604,0.44383843446091487,0.9031100614068228,1263,5.5087498295997905,5.592524374090068e-15,9.186665069608211e-10
45.70000000000038,-1.7139946859642652e-06,-1.7139946859642652e-06,0.4265241511980503,0.4406463377357198,0.9044761735086131,1264,5.52790375235205,5.5080159925520035e-15,9.2068112649363e-10
45.80000000000038,-2.8622300090256954e-06,-2.8622300090256954e-06,0.4229287762376023,0.436674955217807,0.9061629269784569,1265,5.541764710318189,5.365612638403684e-15,9.226957460264388e-10
45.90000000000038,-3.982191333311546e-06,-3.982191333311546e-06,0.4205908142081594,0.4340964358660854,0.9072504433747705,1265,5.549768612122564,5.1667192332908885e-15,9.247103655592477e-10
46.000000000000384,-5.062679412206908e-06,-5.062679412206908e-06,0.4182140572599184,0.4314782854251546,0.908348502674055,1266,5.551577622954132,4.9133047246455414e-15,9.267249850920565e-10
46.100000000000385,-6.092886210663365e-06,-6.092886210663365e-06,0.41523858496883137,0.4282050514096541,0.909712546661352,1267,5.547090107340944,4.607882789968048e-15,9.287396046248654e-10
46.20000000000039,-7.062503006664637e-06,-7.062503006664637e-06,0.41278643952931493,0.4255111875726701,0.9108278406706238,1267,5.536444087945257,4.253487125734692e-15,9.307542241576741e-10
46.30000000000039,-7.96182353503031e-06,-7.96182353503031e-06,0.4110539984544222,0.42360995443719557,0.9116109972760486,1268,5.520014260885512,3.8536415518752294e-15,9.32768843690483e-10
46.40000000000039,-8.781841141651729e-06,-8.781841141651729e-06,0.40875277057840737,0.42108703389565566,0.9126451514934355,1269,5.498402462453295,3.4123252152517023e-15,9.347834632232917e-10
46.50000000000039,-9.51433897579395e-06,-9.51433897579395e-06,0.4061672100812534,0.41825578489272136,0.9137987729554089,1269,5.47242135335864,2.93393322410901e-15,9.367980827561007e-10
46.60000000000039,-1.0151972317368308e-05,-1.0151972317368308e-05,0.40504270926554675,0.41702554277986265,0.9142977653209188,1270,5.443071012688076,2.4232330898875214e-15,9.388127022889095e-10
46.700000000000394,-1.0688342214392893e-05,-1.0688342214392893e-05,0.4033031779363856,0.4151237554571172,0.9150664165329269,1271,5.411508155789242,1.885317393362451e-15,9.408273218217183e-10
46.800000000000395,-1.1118059692432869e-05,-1.1118059692432869e-05,0.4192909810259418,0.4326641938061146,0.9078519004938544,1254,5.379007851177213,1.3255531292885037e-15,9.42841941354527e-10
46.9000000000004,-1.1436799891787188e-05,-1.1436799891787188e-05,0.4382294505833257,0.45362796010497913,0.898863142331154,1254,5.34691794960832,7.495282180760012e-16,9.44856560887336e-10
47.0000000000004,-1.1641345588625868e-05,-1.1641345588625868e-05,0.45287731100035583,0.4699899341913703,0.8915728468168415,1254,5.31660697561056,1.6299570484179187e-16,9.468711804201448e-10
47.1000000000004,-1.172961966218144e-05,-1.172961966218144e-05,0.4630779756770552,0.48146482915765065,0.8863175437972785,1254,5.28940695693386,-4.28183804475535e-16,9.488857999529536e-10
47.2000000000004,-1.1700706180402938e-05,-1.1700706180402938e-05,0.46870473254164446,0.4878239019152609,0.8833548967957701,1254,5.266553519174755,-1.0181008937018504e-15,9.509004194857624e-10
47.3000000000004,-1.1554859890090554e-05,-1.1554859890090554e-05,0.46966195579850145,0.488907836347097,0.8828463327643868,1254,5.24912642908441,-1.60085667456609e-15,9.529150390185714e-10
47.400000000000404,-1.1293504013309585e-05,-1.1293504013309585e-05,0.4658887069381587,0.48463871239826906,0.8848433266672074,1254,5.237994454531323,-2.170622095369278e-15,9.549296585513802e-10
47.500000000000405,-1.0919216368677905e-05,-1.0919216368677905e-05,0.4645293341711465,0.4831030462363214,0.885557732558703,1255,5.233768722853708,-2.7216965923150932e-15,9.56944278084189e-10
47.600000000000406,-1.0435703952765192e-05,-1.0435703952765192e-05,0.4615630795263368,0.4797563883296155,0.8871073912543872,1256,5.236768535976633,-3.2485654541734665e-15,9.589588976169977e-10
47.70000000000041,-9.847766232169626e-06,-9.847766232169626e-06,0.45835648852978267,0.47614511386328273,0.8887684340831684,1256,5.2470027700799,-3.745955281171569e-15,9.609735171498065e-10
47.80000000000041,-9.161247509695711e-06,-9.161247509695711e-06,0.4563508422286408,0.4738897656903514,0.8897999262739968,1257,5.264168622006453,-4.208886942477778e-15,9.629881366826155e-10
47.90000000000041,-8.382978837317973e-06,-8.382978837317973e-06,0.4529426158231646,0.4700631823146266,0.8915396720120026,1258,5.287667780394636,-4.632725473491356e-15,9.650027562154243e-10
48.00000000000041,-7.520710053186143e-06,-7.520710053186143e-06,0.44996919130420004,0.46673084023105293,0.8930440789104669,1258,5.3166384052001385,-5.01322640259666e-15,9.67017375748233e-10
48.10000000000041,-6.583032618762675e-06,-6.583032618762675e-06,0.44751400179939543,0.46398350166629837,0.8942769247797299,1259,5.3499999058720755,-5.346578053465335e-15,9.690319952810419e-10
48.200000000000415,-5.579294024293784e-06,-5.579294024293784e-06,0.44387757676207706,0.459921289401568,0.896087438170978,1260,5.386506638982792,-5.629439428652195e-15,9.710466148138508e-10
48.300000000000416,-4.5195046152784816e-06,-4.5195046152784816e-06,0.4409349704643223,0.4566401116624434,0.8975390530899628,1260,5.4248063811477145,-5.85897333846833e-15,9.730612343466596e-10
48.40000000000042,-3.414237768570441e-06,-3.414237768570441e-06,0.43831685413236654,0.4537252002930961,0.8988205245673386,1261,5.463499709964794,-6.032874492605392e-15,9.750758538794684e-10
48.50000000000042,-2.274524413463336e-06,-2.274524413463336e-06,0.43473050950902203,0.4497390076663149,0.9005605943533317,1262,5.501197082880839,-6.149392319562353e-15,9.770904734122772e-10
48.60000000000042,-1.1117429499024767e-06,-1.1117429499024767e-06,0.43172799655188704,0.44640763141790957,0.9020038453317668,1262,5.5365712442963835,-6.207348321647846e-15,9.79105092945086e-10
48.70000000000042,6.249433773623579e-08,6.249433773623579e-08,0.4292579811000618,0.4436710555441418,0.9031819227940178,1263,5.5684034380859275,-6.2061478138154e-15,9.81119712477895e-10
48.80000000000042,1.2364572375204708e-06,1.2364572375204708e-06,0.4259998969009438,0.44006679488706396,0.9047232106232189,1264,5.595622632056671,-6.145785935936854e-15,9.831343320107038e-10
48.900000000000425,2.3984147796864932e-06,2.3984147796864932e-06,0.42291076985372583,0.4366550842874875,0.9061713307877981,1264,5.617337509013299,-6.026847872852532e-15,9.851489515435125e-10
49.000000000000426,3.5367524489494537e-06,3.5367524489494537e-06,0.42085129529894755,0.43438356543845014,0.9071296419174043,1265,5.632861332701913,-5.8505032659072414e-15,9.871635710763213e-10
49.10000000000043,4.640088268357244e-06,4.640088268357244e-06,0.41812522640615657,0.4313804938243426,0.9083893961527734,1266,5.641729975657921,-5.618494853477444e-15,9.891781906091303e-10
49.20000000000043,5.697386594568627e-06,5.697386594568627e-06,0.4149390520464486,0.42787581507706146,0.9098492089828922,1266,5.6437134358206285,-5.3331214348298505e-15,9.91192810141939e-10
49.30000000000043,6.69806848695175e-06,6.69806848695175e-06,0.4134360579659228,0.4262245205260828,0.9105331547909709,1267,5.638821109844427,-4.9972153094976775e-15,9.932074296747479e-10
49.40000000000043,7.632117546786025e-06,7.632117546786025e-06,0.411313598239745,0.4238947430792664,0.9114938967996844,1268,5.627300971279535,-4.6141144011534175e-15,9.952220492075567e-10
49.50000000000043,8.490180167773699e-06,8.490180167773699e-06,0.40860879766507907,0.4209292860262805,0.912709620016519,1269,5.609632655265089,-4.187629329045136e-15,9.972366687403654e-10
49.600000000000435,9.263659194581771e-06,9.263659194581771e-06,0.4070507114111198,0.41922283739444083,0.9134055607120537,1269,5.5865143095461685,-3.722005740450873e-15,9.992512882731744e-10
49.700000000000436,9.944800051688898e-06,9.944800051688898e-06,0.40545638608572254,0.4174780412078483,0.9141143905345247,1270,5.558842965996381,-3.2218822639450565e-15,1.0012659078059832e-09
49.80000000000044,1.0526768479753711e-05,1.0526768479753711e-05,0.4032265686058881,0.41504003703420017,0.9151001772321548,1271,5.527688151215872,-2.692244485716372e-15,1.003280527338792e-09
49.90000000000044,1.1003719100304833e-05,1.1003719100304833e-05,0.4127112746038939,0.4254286653696477,0.9108619016156232,1254,5.494258525761298,-2.1383753901541346e-15,1.0052951468716008e-09
50.00000000000044,1.137085412094635e-05,1.137085412094635e-05,0.43280207145295363,0.4475987365486397,0.901488972171059,1254,5.4598615556242,-1.5658027419145015e-15,1.0073097664044098e-09
50.10000000000044,1.1624471591565147e-05,1.1624471591565147e-05,0.4486626167681247,0.46526832141560026,0.8937012119913338,1254,5.425856605680435,-9.802439200615491e-16,1.0093243859372186e-09
50.20000000000044,1.1762002726238208e-05,1.1762002726238208e-05,0.4601281165599135,0.47813949249325016,0.8878525307454086,1254,5.393602412230526,-3.875487457800232e-16,1.0113390054700273e-09
50.300000000000445,1.1782037914630005e-05,1.1782037914630005e-05,0.46706356943348465,0.4859669405303069,0.8842237398464556,1254,5.364400614559621,2.0635912664457605e-16,1.0133536250028361e-09
50.400000000000446,1.1684341159553434e-05,1.1684341159553434e-05,0.4693643983088588,0.48857082319697975,0.8830045648807049,1254,5.339437828716062,7.955416610707487e-16,1.0153682445356451e-09
50.50000000000045,1.1469852792916707e-05,1.1469852792916707e-05,0.466959327499369,0.48584905329863104,0.88427879453334,1254,5.3197295015516115,1.3741061182756548e-15,1.017382864068454e-09
50.60000000000045,1.1140680439338824e-05,1.1140680439338824e-05,0.4646575291674312,0.4832478136069027,0.8854904745890934,1255,5.306069319393559,1.936264333822575e-15,1.0193974836012627e-09
50.70000000000045,1.0700078314119632e-05,1.0700078314119632e-05,0.46082372807497723,0.4789231281095358,0.8874916853937729,1256,5.2989880873761415,2.4763909615544917e-15,1.0214121031340715e-09
50.80000000000045,1.0152415058823572e-05,1.0152415058823572e-05,0.4589267713707424,0.4767868752569788,0.8884740955814223,1256,5.298725613246291,2.989080055280779e-15,1.0234267226668803e-09
50.90000000000045,9.503130432314745e-06,9.503130432314745e-06,0.4560962436332899,0.4736036565176949,0.8899304560153016,1257,5.305218195451586,3.4691993801494475e-15,1.0254413421996892e-09
51.000000000000455,8.758681286519368e-06,8.758681286519368e-06,0.4521094718914108,0.46912890378766814,0.8919624574084212,1257,5.318102934245491,3.911941877612434e-15,1.027455961732498e-09
51.100000000000456,7.926477363375977e-06,7.926477363375977e-06,0.4502559751952252,0.46705199694437455,0.8928995222313633,1258,5.336738482127613,4.3128737525981334e-15,1.0294705812653068e-09
51.20000000000046,7.0148075512916895e-06,7.0148075512916895e-06,0.44711724726116775,0.46353989129565015,0.8944753586329787,1259,5.360240315543056,4.667978705402075e-15,1.0314852007981156e-09
51.30000000000046,6.0327573349353985e-06,6.0327573349353985e-06,0.44331144502011555,0.45928960637966887,0.8963676493014332,1259,5.387527413257565,4.973697889415802e-15,1.0334998203309246e-09
51.40000000000046,4.990118260409673e-06,4.990118260409673e-06,0.4412033629742143,0.4569391652022772,0.8974071497933609,1260,5.417376543271746,5.2269652343652966e-15,1.0355144398637334e-09
51.50000000000046,3.897290317869041e-06,3.897290317869041e-06,0.43803558067000625,0.4534122879812837,0.8989576353016255,1261,5.448480231858781,5.425237829440714e-15,1.0375290593965422e-09
51.60000000000046,2.76517821469113e-06,2.76517821469113e-06,0.4342691564769814,0.44922677559393387,0.9007831591081014,1261,5.479504834390939,5.566521109751718e-15,1.039543678929351e-09
51.700000000000465,1.6050825736464965e-06,1.6050825736464965e-06,0.4322149312322206,0.44694753779483853,0.9017706211780947,1262,5.509145789062728,5.649388633381321e-15,1.0415582984621597e-09
51.800000000000466,4.2858714153692943e-07,4.2858714153692943e-07,0.4292906096937932,0.44370718212399657,0.9031664145819038,1263,5.536177931246319,5.672996277174942e-15,1.0435729179949687e-09
51.90000000000047,-7.525568660321807e-07,-7.525568660321807e-07,0.42562489740534765,0.43965234446166623,0.9048996887548848,1264,5.559499523238792,5.637090720333895e-15,1.0455875375277775e-09
52.00000000000047,-1.926548129117254e-06,-1.926548129117254e-06,0.42375601307754435,0.4375880506858458,0.9057763749296093,1264,5.578169307087359,5.542012128640128e-15,1.0476021570605863e-09
52.10000000000047,-3.0816531250749787e-06,-3.0816531250749787e-06,0.4212793491239496,0.4348554943518687,0.9069309290137267,1265,5.591436366398145,5.388691000366189e-15,1.049616776593395e-09
52.20000000000047,-4.206323389576343e-06,-4.206323389576343e-06,0.4181547035721606,0.431412943989745,0.9083758274417469,1266,5.59876287944382,5.1786391878252985e-15,1.051631396126204e-09
52.30000000000047,-5.289310965230766e-06,-5.289310965230766e-06,0.4161494960769608,0.4292065980254316,0.9092962096670654,1266,5.599839981307958,4.913935165005394e-15,1.0536460156590128e-09
52.400000000000475,-6.3197808837950525e-06,-6.3197808837950525e-06,0.4142081528429306,0.4270726430356608,0.9101821829273783,1267,5.594596961714885,4.597203669917899e-15,1.0556606351918216e-09
52.500000000000476,-7.2874195572167485e-06,-7.2874195572167485e-06,0.4116443235045938,0.42425761150089497,0.9113445840769809,1268,5.583203945972623,4.2315899080775994e-15,1.0576752547246304e-09
52.60000000000048,-8.182537993282094e-06,-8.182537993282094e-06,0.40946448444843697,0.42186700656620935,0.9123260579285104,1268,5.566068076681801,3.820728559115451e-15,1.0596898742574392e-09
52.70000000000048,-8.996168803004056e-06,-8.996168803004056e-06,0.4080151215351143,0.42027892610395035,0.9129751697602109,1269,5.543823069619631,3.3687078807072164e-15,1.0617044937902482e-09
52.80000000000048,-9.720156028585905e-06,-9.720156028585905e-06,0.40591115753901547,0.4179755956323723,0.9139125407747377,1270,5.517311894740263,2.880029252243406e-15,1.063719113323057e-09
52.90000000000048,-1.0347236892217686e-05,-1.0347236892217686e-05,0.4034982882526904,0.41533698531972135,0.9149803994497089,1270,5.48756227114294,2.359562544978909e-15,1.0657337328558657e-09
53.00000000000048,-1.0871114646395958e-05,-1.0871114646395958e-05,0.40565030964096926,0.41769019483253184,0.9140283509214502,1254,5.455754705003631,1.812497746137191e-15,1.0677483523886745e-09
53.100000000000485,-1.1286521795100937e-05,-1.1286521795100937e-05,0.42696424241586695,0.44113296386209144,0.9042685086290713,1254,5.423182984707625,1.244293302069957e-15,1.0697629719214835e-09
53.200000000000486,-1.158927305113659e-05,-1.158927305113659e-05,0.4441115697986203,0.4601824337549595,0.8959714914945704,1254,5.391207414595641,6.60621680492157e-16,1.0717775914542923e-09
53.30000000000049,-1.1776307497281875e-05,-1.1776307497281875e-05,0.4569185109686942,0.47452784360195116,0.889508557763303,1254,5.361201636034161,6.731268422303523e-17,1.073792210987101e-09
53.40000000000049,-1.1845719526594833e-05,-1.1845719526594833e-05,0.46524113107480913,0.4839069995827217,0.885183986500113,1254,5.334494634503838,-5.29704921348849e-16,1.0758068305199099e-09
53.50000000000049,-1.1796778249181582e-05,-1.1796778249181582e-05,0.4689654182593419,0.4881190337305395,0.8832165286478965,1254,5.312310394170189,-1.1244628782333677e-15,1.0778214500527189e-09
53.60000000000049,-1.162993516787187e-05,-1.162993516787187e-05,0.4680094265200862,0.4870369464552553,0.8837234729757607,1254,5.295708506111162,-1.7110133919952296e-15,1.0798360695855276e-09
53.70000000000049,-1.1346820042383097e-05,-1.1346820042383097e-05,0.4647401241722704,0.48334109188463015,0.8854471282828482,1255,5.285529681105781,-2.2834889463203924e-15,1.0818506891183364e-09
53.800000000000495,-1.095022497953542e-05,-1.095022497953542e-05,0.4617452658936074,0.47996177056985306,0.8870125756858478,1255,5.282350364762177,-2.836161339692545e-15,1.0838653086511452e-09
53.900000000000496,-1.0444076904723978e-05,-1.0444076904723978e-05,0.4595123668321319,0.47744608999746796,0.8881713712613868,1256,5.286450345392535,-3.363499309736651e-15,1.085879928183954e-09
54.0000000000005,-9.833398685984392e-06,-9.833398685984392e-06,0.45584224349314223,0.47331826166767144,0.890060587290067,1257,5.2977963313909475,-3.860224125072247e-15,1.087894547716763e-09
54.1000000000005,-9.124259295444485e-06,-9.124259295444485e-06,0.4532438816482802,0.47040112767469583,0.8913865512494564,1257,5.3160430482740475,-4.321362552274879e-15,1.0899091672495718e-09
54.2000000000005,-8.323713502603862e-06,-8.323713502603862e-06,0.4506022750595439,0.46743987232595996,0.8927248118603869,1258,5.340551699061464,-4.7422966461667675e-15,1.0919237867823806e-09
54.3000000000005,-7.439731698627277e-06,-7.439731698627277e-06,0.4467618046044999,0.4631425551722459,0.8946529438539453,1259,5.370423959429306,-5.1188098626237325e-15,1.0939384063151893e-09
54.4000000000005,-6.481120549629406e-06,-6.481120549629406e-06,0.44431819162552494,0.46041305899404483,0.8958690443310469,1259,5.404548344460649,-5.447129050276163e-15,1.0959530258479983e-09
54.500000000000504,-5.4574352687789875e-06,-5.4574352687789875e-06,0.4415533868835026,0.45732924175218526,0.8972349784374815,1260,5.441654992318353,-5.723961936112895e-15,1.0979676453808071e-09
54.600000000000506,-4.378884381039537e-06,-4.378884381039537e-06,0.43780311417741324,0.4531537086647384,0.8990708721878153,1261,5.480374721920343,-5.946529775880559e-15,1.0999822649136159e-09
54.70000000000051,-3.2562279296500976e-06,-3.2562279296500976e-06,0.4353749910561733,0.45045477623069996,0.9002491972575355,1261,5.519298557850433,-6.1125948908315526e-15,1.1019968844464247e-09
54.80000000000051,-2.100670139278229e-06,-2.100670139278229e-06,0.4327628983513552,0.4475552832239586,0.9015077780088947,1262,5.557034606772091,-6.22048285757272e-15,1.1040115039792335e-09
54.90000000000051,-9.237476064875959e-07,-9.237476064875959e-07,0.4293329977123238,0.4437541153255267,0.9031462656044976,1263,5.592260018886474,-6.269099159262593e-15,1.1060261235120425e-09
55.00000000000051,2.627858668054844e-07,2.627858668054844e-07,0.4268458812374581,0.4410020762768935,0.9043243852018024,1263,5.623766604762153,-6.257940147096586e-15,1.1080407430448512e-09
55.10000000000051,1.447076647311815e-06,1.447076647311815e-06,0.42459668232171077,0.4385163724887954,0.9053826027494654,1264,5.650499386266691,-6.187098203837775e-15,1.11005536257766e-09
55.200000000000514,2.6172896797841664e-06,2.6172896797841664e-06,0.42163763813580313,0.435250587175606,0.9067644137852243,1265,5.671587883957768,-6.0572610481341585e-15,1.1120699821104688e-09
55.300000000000516,3.761726749141096e-06,3.761726749141096e-06,0.4190428788760849,0.43239092621974257,0.9079664452298019,1265,5.68637027387168,-5.869705170160714e-15,1.1140846016432778e-09
55.40000000000052,4.8689434136613785e-06,4.8689434136613785e-06,0.41726104359704147,0.43042936667990545,0.9087866754614682,1266,5.694410706523257,-5.626283445014016e-15,1.1160992211760866e-09
55.50000000000052,5.927863440503954e-06,5.927863440503954e-06,0.41481284617947684,0.42773710871283127,0.9099067549174925,1267,5.6955101068647185,-5.329407028568541e-15,1.1181138407088954e-09
55.60000000000052,6.92788959938227e-06,6.92788959938227e-06,0.41206103453792986,0.4247149073432877,0.9111562455559041,1267,5.689710705882486,-4.98202169908876e-15,1.1201284602417041e-09
55.70000000000052,7.859009706234694e-06,7.859009706234694e-06,0.4107325049013753,0.42325731717989595,0.9117558935468647,1268,5.6772944298897965,-4.587578864843132e-15,1.122143079774513e-09
55.80000000000052,8.711896855828445e-06,8.711896855828445e-06,0.40872555946548356,0.4210572184397793,0.9126573382379761,1269,5.658775126150439,-4.150001511878195e-15,1.124157699307322e-09
55.900000000000524,9.478002839946256e-06,9.478002839946256e-06,0.4060588725842168,0.4181372307360091,0.9138469193446104,1270,5.63488446485914,-3.673645416234667e-15,1.1261723188401307e-09
56.000000000000526,1.0149643815559657e-05,1.0149643815559657e-05,0.404771631944333,0.41672907533209347,0.9144178071172506,1270,5.606551259789251,-3.1632559910719945e-15,1.1281869383729395e-09
56.10000000000053,1.0720077364516856e-05,1.0720077364516856e-05,0.4030621587094421,0.414860380867496,0.9151726046033527,1271,5.574873927718601,-2.623921181668228e-15,1.1302015579057483e-09
56.20000000000053,1.1183570171999192e-05,1.1183570171999192e-05,0.42068429966981724,0.4341994809463973,0.907207098743895,1254,5.541085897227609,-2.0610208605158326e-15,1.1322161774385573e-09
56.30000000000053,1.153545564447444e-05,1.153545564447444e-05,0.4391896005619033,0.45469642120815373,0.898394398222894,1254,5.506514016837822,-1.4801732111684854e-15,1.134230796971366e-09
56.40000000000053,1.1772180888166694e-05,1.1772180888166694e-05,0.453412064026717,0.4705898117504438,0.891301015479637,1254,5.472530427808944,-8.871786233720714e-16,1.1362454165041748e-09
56.50000000000053,1.1891342575171237e-05,1.1891342575171237e-05,0.46319825049643365,0.48160053569383793,0.8862546929280787,1254,5.440498963305545,-2.8796165332411875e-16,1.1382600360369836e-09
56.600000000000534,1.1891711335210892e-05,1.1891711335210892e-05,0.4684243242808537,0.4875064930732468,0.8835036233213907,1254,5.41171788054363,3.114883687473842e-16,1.1402746555697926e-09
56.700000000000536,1.1773244425551426e-05,1.1773244425551426e-05,0.4689974640317338,0.4881553171107211,0.8831995124159674,1254,5.387361542632641,9.05177476997664e-16,1.1422892751026014e-09
56.80000000000054,1.1537086548625134e-05,1.1537086548625134e-05,0.46485965326408607,0.4834760895859731,0.8853843813661916,1254,5.3684244053036325,1.4871673284883589e-15,1.1443038946354102e-09
56.90000000000054,1.1185558805285097e-05,1.1185558805285097e-05,0.4632806281506896,0.4816934882684086,0.8862116336295199,1255,5.35567115613098,2.0516349440433686e-15,1.146318514168219e-09
57.00000000000054,1.0722135890145905e-05,1.0722135890145905e-05,0.46013313680017054,0.478145146864262,0.8878499289961314,1256,5.349596926623156,2.592931291402936e-15,1.1483331337010277e-09
57.10000000000054,1.015141175297552e-05,1.015141175297552e-05,0.456601002483382,0.47417092810500505,0.8896715824005904,1256,5.35040103257865,3.105638080239628e-15,1.1503477532338367e-09
57.20000000000054,9.479054065413215e-06,9.479054065413215e-06,0.45449954841184165,0.47181029993077084,0.8907469677149802,1257,5.357976685451722,3.584622161500825e-15,1.1523623727666455e-09
57.300000000000544,8.711747944247593e-06,8.711747944247593e-06,0.4510797030646634,0.4679747431811554,0.8924836701492611,1258,5.371917681577494,4.025086959735243e-15,1.1543769922994543e-09
57.400000000000546,7.85712948997656e-06,7.85712948997656e-06,0.447863990754833,0.4643749053059696,0.8941016976749092,1258,5.391541457082607,4.4226204146543945e-15,1.156391611832263e-09
57.50000000000055,6.9237098013129505e-06,6.9237098013129505e-06,0.4455275317473125,0.461763418846155,0.8952682382700435,1259,5.415926387058483,4.773238963512994e-15,1.158406231365072e-09
57.60000000000055,5.920790221674607e-06,5.920790221674607e-06,0.4421045706538503,0.45794364841319934,0.8969635157613574,1260,5.443960069392373,5.073427154280997e-15,1.1604208508978808e-09
57.70000000000055,4.858369661551204e-06,4.858369661551204e-06,0.43901484191962475,0.45450190715597394,0.898479809775538,1260,5.474394724625712,5.320172536515155e-15,1.1624354704306896e-09
57.80000000000055,3.747044920091984e-06,3.747044920091984e-06,0.43672955364065397,0.45195997756800105,0.8995928506701435,1261,5.505905786870914,5.51099552919925e-15,1.1644500899634984e-09
57.90000000000055,2.5979049995118245e-06,2.5979049995118245e-06,0.43354207498283365,0.44841976654424015,0.9011333248857125,1262,5.537150161855177,5.643974011629923e-15,1.1664647094963072e-09
58.000000000000554,1.4224204662632272e-06,1.4224204662632272e-06,0.43046305623086145,0.44500573440712426,0.9026081969605562,1262,5.566821320849219,5.717762425855184e-15,1.1684793290291162e-09
58.100000000000556,2.3232896276235436e-07,2.3232896276235436e-07,0.4284507202628433,0.442777448690529,0.90356515000649,1263,5.593699204124748,5.731605219861266e-15,1.170493948561925e-09
58.20000000000056,-9.604819877132235e-07,-9.604819877132235e-07,0.4256607343084953,0.4396919480082097,0.9048828317898139,1264,5.6166936754722565,5.68534450268652e-15,1.1725085680947338e-09
58.30000000000056,-2.1440937129104207e-06,-2.1440937129104207e-06,0.42251582065638416,0.4362192847465438,0.9063555490507366,1264,5.634880902997137,5.579421828321939e-15,1.1745231876275425e-09
58.40000000000056,-3.3066754744790367e-06,-3.3066754744790367e-06,0.42089913991284317,0.43443630894619734,0.9071074434820987,1265,5.647532496829082,5.414874075761314e-15,1.1765378071603515e-09
58.50000000000056,-4.4366027121467126e-06,-4.4366027121467126e-06,0.4185665785975308,0.4318664105176008,0.9081861148911918,1266,5.654137509015937,5.1933234475872625e-15,1.1785524266931603e-09
58.60000000000056,-5.522573267474372e-06,-5.522573267474372e-06,0.4155749145130439,0.42857479230901596,0.909558953794352,1267,5.6544175180738945,4.916961667582475e-15,1.180567046225969e-09
58.700000000000564,-6.553720425264924e-06,-6.553720425264924e-06,0.4140829224709349,0.42693505909434,0.9102391627028193,1267,5.648335015883213,4.5885285170092255e-15,1.1825816657587779e-09
58.800000000000566,-7.519721642102117e-06,-7.519721642102117e-06,0.4121662891262439,0.4248304279672661,0.9111086379284863,1268,5.636095226384391,4.211284907364737e-15,1.1845962852915867e-09
58.90000000000057,-8.41090187420599e-06,-8.41090187420599e-06,0.40957183080440374,0.42198467194453365,0.912277871819507,1269,5.618141351389472,3.788980742981107e-15,1.1866109048243957e-09
59.00000000000057,-9.2183304703835e-06,-9.2183304703835e-06,0.4078170351535936,0.4200619686368813,0.9130636701996924,1269,5.595143095061709,3.3258178788223246e-15,1.1886255243572044e-09
59.10000000000057,-9.933910659795829e-06,-9.933910659795829e-06,0.4062027597879059,0.4182946884402832,0.9137829709185266,1270,5.567978202076976,2.82640852689928e-15,1.1906401438900132e-09
59.20000000000057,-1.0550460737922478e-05,-1.0550460737922478e-05,0.4038686873033087,0.4157418378485498,0.9148169671666033,1271,5.537706694648813,2.2957295090102332e-15,1.192654763422822e-09
59.30000000000057,-1.1061786136743547e-05,-1.1061786136743547e-05,0.41363940290695633,0.4264478569884388,0.9104407967368205,1254,5.505537553121872,1.7390727944117973e-15,1.194669382955631e-09
59.400000000000574,-1.146274165596359e-05,-1.146274165596359e-05,0.4335540006528926,0.44843300066586866,0.9011275872582482,1254,5.472787796614583,1.1619927989718475e-15,1.1966840024884398e-09
59.500000000000576,-1.1749283230158025e-05,-1.1749283230158025e-05,0.4492463201626549,0.4659215589346978,0.8934079380777369,1254,5.440834319468913,5.702509576758947e-16,1.1986986220212486e-09
59.60000000000058,-1.191850871105979e-05,-1.191850871105979e-05,0.4605528297590487,0.4786179118915945,0.8876322949290053,1254,5.411059440159864,-3.024188486424648e-17,1.2007132415540573e-09
59.70000000000058,-1.1968687253778986e-05,-1.1968687253778986e-05,0.4673395015831585,0.4862790277174551,0.8840779322322241,1254,5.384791897402474,-6.33484691274848e-16,1.2027278610868663e-09
59.80000000000058,-1.1899277009469042e-05,-1.1899277009469042e-05,0.4695025167304537,0.48872724839573134,0.882931133658662,1254,5.363245904240619,-1.2334464545716495e-15,1.2047424806196751e-09
59.90000000000058,-1.1710930943684533e-05,-1.1710930943684533e-05,0.4669712161872495,0.4858624978481975,0.8842725163955968,1254,5.3474617044723844,-1.8241268048222985e-15,1.206757100152484e-09
60.00000000000058,-1.1405490718253228e-05,-1.1405490718253228e-05,0.46438326372944705,0.48293810597532655,0.8856343401020462,1255,5.338251678627849,-2.3996163614509183e-15,1.2087717196852927e-09
60.100000000000584,-1.098596869372397e-05,-1.098596869372397e-05,0.4603143074741387,0.4783492131709472,0.88775601284058,1256,5.336156221941754,-2.954156187078495e-15,1.2107863392181015e-09
60.200000000000585,-1.0456518228161694e-05,-1.0456518228161694e-05,0.4583349016035336,0.47612082543198303,0.888779566581095,1256,5.341413218660881,-3.4821957037366255e-15,1.2128009587509105e-09
60.30000000000059,-9.822392565055123e-06,-9.822392565055123e-06,0.4553623107713174,0.4727791225328034,0.8903062203135538,1257,5.353943932912839,-3.97844845020924e-15,1.2148155782837192e-09
60.40000000000059,-9.089892717211984e-06,-9.089892717211984e-06,0.45133617318371566,0.4682621307926799,0.8923539985767303,1257,5.373356642206846,-4.437945090705302e-15,1.216830197816528e-09
60.50000000000059,-8.266304863599819e-06,-8.266304863599819e-06,0.44945308665643685,0.4661530081076792,0.893303936460039,1258,5.398967606403423,-4.856083128816556e-15,1.2188448173493368e-09
60.60000000000059,-7.359827881046772e-06,-7.359827881046772e-06,0.44637112193212697,0.46270591647435516,0.8948479320560864,1259,5.429837313035103,-5.22867283366402e-15,1.2208594368821458e-09
60.70000000000059,-6.379491731495329e-06,-6.379491731495329e-06,0.44260247585806217,0.45849882524488395,0.8967179313275236,1259,5.464818664844557,-5.551978942834154e-15,1.2228740564149546e-09
60.800000000000594,-5.335067517114367e-06,-5.335067517114367e-06,0.44065944814746366,0.4563331595049051,0.8976743567454586,1260,5.50261306463839,-5.822757764437135e-15,1.2248886759477634e-09
60.900000000000595,-4.236970099102856e-06,-4.236970099102856e-06,0.43772234532750565,0.4530638747195524,0.8991101981409108,1261,5.54183024492482,-6.038289354677719e-15,1.2269032954805722e-09
61.0000000000006,-3.0961542506251628e-06,-3.0961542506251628e-06,0.43405281786518163,0.44898662224653557,0.9008874243229813,1261,5.581048089450678,-6.19640449596141e-15,1.228917915013381e-09
61.1000000000006,-1.924005379254563e-06,-1.924005379254563e-06,0.43229024264374954,0.44703105450874153,0.9017345208624366,1262,5.618869422594287,-6.295506244255379e-15,1.23093253454619e-09
61.2000000000006,-7.322259089162294e-07,-7.322259089162294e-07,0.42967774514330886,0.4441358682452636,0.9029823006729211,1263,5.653973603960369,-6.3345858554332844e-15,1.2329471540789987e-09
61.3000000000006,4.6728154493568805e-07,4.6728154493568805e-07,0.4263219842370344,0.4404228312298777,0.9045714818388858,1264,5.685161594547606,-6.313232941682787e-15,1.2349617736118075e-09
61.4000000000006,1.6625330407408751e-06,1.6625330407408751e-06,0.4245628106762296,0.43847896140064796,0.9053984867397891,1264,5.71139384964744,-6.231639753464585e-15,1.2369763931446163e-09
61.500000000000604,2.8415830298981202e-06,2.8415830298981202e-06,0.42235739556774793,0.4360444983333991,0.9064293852304375,1265,5.731820893159877,-6.090599531582264e-15,1.2389910126774253e-09
61.600000000000605,3.992643733575903e-06,3.992643733575903e-06,0.41945452100756336,0.43284434079487916,0.9077763517553845,1266,5.7458067352440025,-5.891498927828077e-15,1.241005632210234e-09
61.70000000000061,5.1042029843765875e-06,5.1042029843765875e-06,0.4175166862307886,0.43071068588841227,0.9086692559555767,1266,5.7529454353832445,-5.636304550297593e-15,1.2430202517430428e-09
61.80000000000061,6.165139354887214e-06,6.165139354887214e-06,0.41570447436641805,0.42871723944729767,0.9094997471092228,1267,5.7530711238596846,-5.327543748918686e-15,1.2450348712758516e-09
61.90000000000061,7.16483342184884e-06,7.16483342184884e-06,0.41319408960911214,0.42595879295560496,0.9106429840020166,1268,5.746261716259069,-4.9682798159140756e-15,1.2470494908086604e-09
62.00000000000061,8.093274052887058e-06,8.093274052887058e-06,0.41101559558658574,0.42356782846105573,0.9116283125181031,1268,5.732836425112339,-4.56208183300802e-15,1.2490641103414694e-09
62.10000000000061,8.941158652090846e-06,8.941158652090846e-06,0.4095111634305688,0.42191817195572606,0.9123051063244916,1269,5.713347023740929,-4.112989450988027e-15,1.2510787298742782e-09
62.200000000000614,9.69998636071627e-06,9.69998636071627e-06,0.40728111351088686,0.4194750967011587,0.9133028493207125,1270,5.688562681710066,-3.625472937188197e-15,1.253093349407087e-09
62.300000000000615,1.0362143279330114e-05,1.0362143279330114e-05,0.40480734257459944,0.41676812852929357,0.9144019987935782,1270,5.6594481018037115,-3.1043888725622965e-15,1.2551079689398957e-09
62.40000000000062,1.0920978857099957e-05,1.0920978857099957e-05,0.40630926513804505,0.4184112457772294,0.9137356187995419,1254,5.627134680649141,-2.554931922581451e-15,1.2571225884727047e-09
62.50000000000062,1.1370872681891819e-05,1.1370872681891819e-05,0.4276755521405134,0.441919723474631,0.9039323105749163,1254,5.5928845268552445,-1.9825831456623534e-15,1.2591372080055135e-09
62.60000000000062,1.1707291000478246e-05,1.1707291000478246e-05,0.4448833465890558,0.46104400326438383,0.8955885260138844,1254,5.558047437678965,-1.3930553395796027e-15,1.2611518275383223e-09
62.70000000000062,1.1926832400536097e-05,1.1926832400536097e-05,0.45775844286158174,0.4754723379657292,0.8890766041174067,1254,5.524011382769678,-7.922359605171953e-16,1.263166447071131e-09
62.80000000000062,1.2027262194203466e-05,1.2027262194203466e-05,0.4661562184668589,0.48494106290430145,0.8847024245387135,1254,5.492147671884035,-1.8612818093892805e-16,1.26518106660394e-09
62.900000000000624,1.200753515569171e-05,1.200753515569171e-05,0.46996167911734005,0.4892473636062552,0.8826868188441528,1254,5.463752752719978,4.192093192375321e-16,1.2671956861367489e-09
63.000000000000625,1.1867806381686304e-05,1.1867806381686304e-05,0.4690915670019439,0.48826186793117266,0.8831495353379635,1254,5.439989402716093,1.0177232096518634e-15,1.2692103056695576e-09
63.10000000000063,1.1609430161859593e-05,1.1609430161859593e-05,0.4654805379028567,0.48417747877451073,0.8850581160769428,1255,5.421830799316677,1.6034263780732273e-15,1.2712249252023664e-09
63.20000000000063,1.1234946866575343e-05,1.1234946866575343e-05,0.4625918530867525,0.48091643317309607,0.8865713606121982,1255,5.41001139778352,2.1704581638499663e-15,1.2732395447351752e-09
63.30000000000063,1.0748057978592936e-05,1.0748057978592936e-05,0.46009409070937457,0.4781011691101678,0.8878701637594958,1256,5.404988543534327,2.713143309919523e-15,1.2752541642679842e-09
63.40000000000063,1.0153589514082587e-05,1.0153589514082587e-05,0.45622929010319424,0.473753164343803,0.8898622561115487,1257,5.406918191322003,3.22604899992555e-15,1.277268783800793e-09
63.50000000000063,9.457444194356882e-06,9.457444194356882e-06,0.4537916052405627,0.4710156862150597,0.891107838038244,1257,5.415647005931132,3.7040393734361324e-15,1.2792834033336018e-09
63.600000000000634,8.666542842248306e-06,8.666542842248306e-06,0.45105518914028786,0.46794727628731253,0.8924960595709199,1258,5.430721623977015,4.142326951736832e-15,1.2812980228664106e-09
63.700000000000635,7.788755584891116e-06,7.788755584891116e-06,0.44719311124265876,0.4636247070360343,0.894437432835361,1259,5.451414219134396,4.536520456713554e-15,1.2833126423992195e-09
63.80000000000064,6.832823546720402e-06,6.832823546720402e-06,0.4449676370424724,0.461138122853449,0.8955466498093991,1259,5.476762030080653,4.8826685618548364e-15,1.2853272619320283e-09
63.90000000000064,5.8082718117595966e-06,5.8082718117595966e-06,0.44226532136223135,0.45812287288211917,0.8968842653990325,1260,5.505617433608368,5.1772991726065125e-15,1.2873418814648371e-09
64.00000000000064,4.725314521775958e-06,4.725314521775958e-06,0.4386265512655196,0.45406978873311243,0.8986694322858192,1261,5.53670461484019,5.4174538889840456e-15,1.2893565009976459e-09
64.10000000000063,3.5947530557647305e-06,3.5947530557647305e-06,0.43645326127410894,0.451652869996398,0.8997269311981243,1261,5.568678906092745,5.600717353963868e-15,1.2913711205304547e-09
64.20000000000063,2.4278683056849534e-06,2.4278683056849534e-06,0.4339894845928449,0.4489163224531083,0.9009179359202684,1262,5.600185325373848,5.72524123644988e-15,1.2933857400632633e-09
64.30000000000062,1.2363081227181996e-06,1.2363081227181996e-06,0.430716218198529,0.4452862314222744,0.902487417851771,1263,5.629913572031281,5.789762639279697e-15,1.295400359596072e-09
64.40000000000062,3.197105695479467e-08,3.197105695479467e-08,0.4284852677131704,0.4428156836351964,0.9035487675564461,1263,5.656647551922384,5.793616763695962e-15,1.2974149791288806e-09
64.50000000000061,-1.1731124491537805e-06,-1.1731124491537805e-06,0.42637062824424565,0.4404766076584436,0.9045485544571984,1264,5.679308264118133,5.736743704921428e-15,1.2994295986616894e-09
64.6000000000006,-2.366900227385016e-06,-2.366900227385016e-06,0.42351411987352533,0.4373210111554004,0.9058895022395134,1265,5.696989495810985,5.619689301017352e-15,1.301444218194498e-09
64.7000000000006,-3.5374587101759206e-06,-3.5374587101759206e-06,0.42114171051680876,0.4347037366466787,0.9069948509572567,1265,5.708986204388177,5.4436000097569405e-15,1.3034588377273068e-09
64.8000000000006,-4.673082214667697e-06,-4.673082214667697e-06,0.41939371942214154,0.43277736323535737,0.9078044437593715,1266,5.71481571780337,5.210211845105037e-15,1.3054734572601155e-09
64.90000000000059,-5.762409992125054e-06,-5.762409992125054e-06,0.4169233386645028,0.4300577985822406,0.9089416536152606,1267,5.714231982465812,4.921833464360655e-15,1.3074880767929241e-09
65.00000000000058,-6.794539872393056e-06,-6.794539872393056e-06,0.414339340641314,0.4272167813236441,0.910122470218663,1267,5.707233068462129,4.581323556979782e-15,1.309502696325733e-09
65.10000000000058,-7.759137366657759e-06,-7.759137366657759e-06,0.4129035616932641,0.42563978001568037,0.9107747519233375,1268,5.69406204387332,4.1920627445812e-15,1.3115173158585415e-09
65.20000000000057,-8.64653913674966e-06,-8.64653913674966e-06,0.41073438948292046,0.4232593841612403,0.9117550445684919,1269,5.675201190909997,3.757920257197528e-15,1.3135319353913503e-09
65.30000000000057,-9.447849795125962e-06,-9.447849795125962e-06,0.40788064860143725,0.4201316400516631,0.9130352547938502,1269,5.651359393187847,3.283215702680228e-15,1.3155465549241588e-09
65.40000000000056,-1.0155031065934285e-05,-1.0155031065934285e-05,0.40666675509880557,0.4188025198663304,0.9135765705716232,1270,5.623452413269063,2.7726762941127987e-15,1.3175611744569676e-09
65.50000000000055,-1.0760982413538302e-05,-1.0760982413538302e-05,0.4046981924264557,0.4166487638902003,0.9144503119616503,1271,5.592575743075875,2.231389944357871e-15,1.3195757939897762e-09
65.60000000000055,-1.1259612329819374e-05,-1.1259612329819374e-05,0.42125683670662656,0.4348306718578747,0.9069413859384334,1254,5.559969790410364,1.6647546778790402e-15,1.321590413522585e-09
65.70000000000054,-1.1645899564612154e-05,-1.1645899564612154e-05,0.4400321779100172,0.4556345066612087,0.8979820056124549,1254,5.526977405437789,1.0784248481489621e-15,1.3236050330553936e-09
65.80000000000054,-1.1915943683859587e-05,-1.1915943683859587e-05,0.4545309965424703,0.47184560559561123,0.8907309207511036,1254,5.494994184990671,4.782546845420784e-16,1.3256196525882023e-09
65.90000000000053,-1.2067004446485162e-05,-1.2067004446485162e-05,0.46459771617681433,0.48318026693941546,0.8855218586366393,1254,5.465412629459259,-1.297602743949677e-16,1.327634272121011e-09
66.00000000000053,-1.2097529602516438e-05,-1.2097529602516438e-05,0.4701060659588609,0.48941094725458645,0.8826099289882723,1254,5.439562034708769,-7.395432743794863e-16,1.3296488916538197e-09
66.10000000000052,-1.2007170830541602e-05,-1.2007170830541602e-05,0.4709603544412124,0.49037910873973173,0.8821543768210911,1254,5.4186468905638785,-1.3449973524314837e-15,1.3316635111866283e-09
66.20000000000051,-1.1796787650986658e-05,-1.1796787650986658e-05,0.46709913706543277,0.4860071656545865,0.88420495144097,1254,5.4036873773330045,-1.9400666234842564e-15,1.333678130719437e-09
66.30000000000051,-1.1468439271783488e-05,-1.1468439271783488e-05,0.46516565646071684,0.48382173716919197,0.8852236508642719,1255,5.395466108046282,-2.5187971988564258e-15,1.3356927502522458e-09
66.4000000000005,-1.1025364443558462e-05,-1.1025364443558462e-05,0.4617202870814931,0.4799336101697433,0.8870255782655783,1256,5.39448536132083,-3.075397084794104e-15,1.3377073697850544e-09
66.5000000000005,-1.0471949521304096e-05,-1.0471949521304096e-05,0.4585040901014763,0.4763111952497736,0.8886922973449344,1256,5.400938554464265,-3.604294417088671e-15,1.3397219893178632e-09
66.60000000000049,-9.813685047404051e-06,-9.813685047404051e-06,0.45618830268564386,0.4737071044807898,0.8898832690262197,1257,5.414698606905487,-4.10019340900199e-15,1.3417366088506718e-09
66.70000000000049,-9.057111285686558e-06,-9.057111285686558e-06,0.452616133599722,0.46969701592158186,0.8917054646043382,1258,5.435324280133953,-4.558127424508337e-15,1.3437512283834806e-09
66.80000000000048,-8.209753246734418e-06,-8.209753246734418e-06,0.4497585465807058,0.4664949815375343,0.8931501832153488,1258,5.462083821218924,-4.973508635422729e-15,1.3457658479162891e-09
66.90000000000047,-7.280045849875366e-06,-7.280045849875366e-06,0.4473417028331709,0.4637908424829936,0.8943631258646115,1259,5.493993608571801,-5.342173775733722e-15,1.347780467449098e-09
67.00000000000047,-6.277249966061593e-06,-6.277249966061593e-06,0.4438827798229009,0.4599270958308123,0.8960848608121298,1260,5.529868287540971,-5.660425564696501e-15,1.3497950869819065e-09
67.10000000000046,-5.2113601772324085e-06,-5.2113601772324085e-06,0.44117697031977526,0.4569097555149976,0.8974201250581938,1260,5.568378257545477,-5.925069427353238e-15,1.3518097065147153e-09
67.20000000000046,-4.0930051708236145e-06,-4.0930051708236145e-06,0.43888994814033033,0.4543629062155215,0.8985408245713592,1261,5.60811034857459,-6.1334451938585044e-15,1.3538243260475239e-09
67.30000000000045,-2.9333417620082175e-06,-2.9333417620082175e-06,0.4357129165900524,0.4508301791979853,0.9000856927629669,1262,5.6476279899118955,-6.283453506168073e-15,1.3558389455803326e-09
67.40000000000045,-1.7439436002836418e-06,-1.7439436002836418e-06,0.43301536268357943,0.44783534881400455,0.9013865406583395,1262,5.68552794143448,-6.3735767033816064e-15,1.3578535651131412e-09
67.50000000000044,-5.36685670517389e-07,-5.36685670517389e-07,0.43099977516278665,0.44560044991033565,0.902352034302371,1263,5.720491531500213,-6.402893997939142e-15,1.35986818464595e-09
67.60000000000043,6.763742590122869e-07,6.763742590122869e-07,0.4281857972379774,0.442484271584942,0.90369072311476,1264,5.7513291664842345,-6.3710907970553446e-15,1.3618828041787586e-09
67.70000000000043,1.883116058119556e-06,1.883116058119556e-06,0.42539164850600764,0.43939459792136776,0.9050093620407146,1264,5.7770175458007875,-6.278462069745604e-15,1.3638974237115674e-09
67.80000000000042,3.0714783231855616e-06,3.0714783231855616e-06,0.4236988752246275,0.4375249699835483,0.9058031039543779,1265,5.796729491177785,-6.1259097107857436e-15,1.3659120432443762e-09
67.90000000000042,4.2295789229290026e-06,4.2295789229290026e-06,0.421249468391011,0.43482254751618366,0.9069448083429832,1266,5.8098565822737696,-5.91493390872446e-15,1.3679266627771847e-09
68.00000000000041,5.345833796778427e-06,5.345833796778427e-06,0.4182773290652517,0.43154794241231936,0.9083193689391629,1266,5.8160249105822714,-5.647618584221798e-15,1.3699412823099935e-09
68.1000000000004,6.409072818171404e-06,6.409072818171404e-06,0.4168867593660275,0.4300175551180661,0.908958431318667,1267,5.8151042588896615,-5.326611025463448e-15,1.371955901842802e-09
68.2000000000004,7.408651563998124e-06,7.408651563998124e-06,0.41474734275907066,0.4276651207368404,0.9099366140969876,1268,5.807210924401812,-4.955095907103751e-15,1.3739705213756109e-09
68.3000000000004,8.334557871887906e-06,8.334557871887906e-06,0.4118963828489367,0.4245342084089807,0.9112306896697248,1269,5.792704266975339,-4.536763936428438e-15,1.3759851409084195e-09
68.40000000000039,9.177512118706403e-06,9.177512118706403e-06,0.41038328867308416,0.4228743351589876,0.9119131298417981,1269,5.7721769132888205,-4.0757754241605875e-15,1.3779997604412282e-09
68.50000000000038,9.929060215976737e-06,9.929060215976737e-06,0.4084758875390206,0.42078366929178435,0.9127691106184572,1270,5.746438415582205,-3.576719127163272e-15,1.3800143799740368e-09
68.60000000000038,1.0581658390340615e-05,1.0581658390340615e-05,0.40584061973837254,0.41789841473312694,0.9139438666408204,1271,5.716492083407848,-3.044566756320524e-15,1.3820289995068456e-09
68.70000000000037,1.1128748898915672e-05,1.1128748898915672e-05,0.4140236713360162,0.4268699660285486,0.9102661147013253,1254,5.683504715196692,-2.484623585478335e-15,1.3840436190396542e-09
68.80000000000037,1.1564825919669917e-05,1.1564825919669917e-05,0.43439839403518854,0.4493702529971526,0.9007208420257905,1254,5.64876909178738,-1.9024756369366335e-15,1.386058238572463e-09
68.90000000000036,1.188549095482421e-05,1.188549095482421e-05,0.45055648592408754,0.46738858155621915,0.8927479224236466,1254,5.613659391773767,-1.3039339559334121e-15,1.3880728581052715e-09
69.00000000000036,1.2087497189834176e-05,1.2087497189834176e-05,0.46233099011030043,0.4806222177605507,0.8867074238911217,1254,5.579580171010135,-6.949765209612139e-16,1.3900874776380803e-09
69.10000000000035,1.2168782360651742e-05,1.2168782360651742e-05,0.46958421780986176,0.4888197845931456,0.8828876839009028,1254,5.547910210948112,-8.168836837460875e-17,1.3921020971708889e-09
69.20000000000034,1.2128489796624935e-05,1.2128489796624935e-05,0.47220822821838365,0.49179421904734566,0.8814870329181563,1254,5.519943334537117,5.297994620832145e-16,1.3941167167036977e-09
69.30000000000034,1.1966977424419161e-05,1.1966977424419161e-05,0.4701275572063019,0.48943529706768435,0.8825984817317756,1254,5.496829111748605,1.1333715306998303e-15,1.3961313362365065e-09
69.40000000000033,1.168581463855545e-05,1.168581463855545e-05,0.46716700975728725,0.48608392847751414,0.8841690929875544,1255,5.4795170748696655,1.7229895029765561e-15,1.398145955769315e-09
69.50000000000033,1.1287767065361343e-05,1.1287767065361343e-05,0.4631018081742998,0.481491718690446,0.8863050915264417,1255,5.468708453324231,2.2927529010740537e-15,1.4001605753021238e-09
69.60000000000032,1.0776769368107051e-05,1.0776769368107051e-05,0.46127915998777236,0.4794363640455291,0.8872550572191601,1256,5.46481935262028,2.8369584488293684e-15,1.4021751948349324e-09
69.70000000000032,1.0157886360645058e-05,1.0157886360645058e-05,0.4580579621366472,0.47580925523491435,0.8889223269348239,1257,5.467958650409706,3.3501573735291756e-15,1.4041898143677412e-09
69.80000000000031,9.437262813789897e-06,9.437262813789897e-06,0.45452372986184086,0.4718374475028195,0.8907346288275091,1257,5.4779226956783456,3.827210057321375e-15,1.4062044339005498e-09
69.9000000000003,8.62206245179783e-06,8.62206245179783e-06,0.45245327457609114,0.46951438669831314,0.8917881106660775,1258,5.494207342554882,4.263337473638722e-15,1.4082190534333585e-09
70.0000000000003,7.720396744501412e-06,7.720396744501412e-06,0.4492211814688767,0.46589342115477866,0.8934205785181504,1259,5.516036198471389,4.654168896319024e-15,1.4102336729661671e-09
70.10000000000029,6.7412442028390556e-06,6.7412442028390556e-06,0.4459603977927476,0.46224698135094605,0.8950526931977437,1259,5.542402515931411,4.9957854267929135e-15,1.412248292498976e-09
70.20000000000029,5.694360980671135e-06,5.694360980671135e-06,0.44389535453642087,0.4599411288289982,0.8960786317176552,1260,5.572121148674883,5.2847589429212416e-15,1.4142629120317845e-09
70.30000000000028,4.590183672938808e-06,4.590183672938808e-06,0.4408469771981606,0.4565420756526746,0.897582276281815,1261,5.603886546906154,5.518186127853015e-15,1.4162775315645933e-09
70.40000000000028,3.4397252785256812e-06,3.4397252785256812e-06,0.4376763271753888,0.4530126934751166,0.8991326001376337,1261,5.636332865589661,5.693717286633226e-15,1.4182921510974018e-09
70.50000000000027,2.2544653648399063e-06,2.2544653648399063e-06,0.435789447905613,0.4509152076473151,0.9000486415156245,1262,5.668092779179352,5.809579702519389e-15,1.4203067706302106e-09
70.60000000000026,1.0462355294558823e-06,1.0462355294558823e-06,0.4330359888829025,0.4478582316858509,0.9013766317872939,1263,5.697852356293237,5.8645953262539985e-15,1.4223213901630192e-09
70.70000000000026,-1.7289869844627065e-07,-1.7289869844627065e-07,0.42982394412205743,0.44429778128769915,0.9029127184060254,1263,5.724400171389916,5.8581926329821066e-15,1.424336009695828e-09
70.80000000000025,-1.390758338106472e-06,-1.390758338106472e-06,0.42820031999028285,0.442500342135659,0.9036838418164946,1264,5.746669580236347,5.790412525972808e-15,1.4263506292286368e-09
70.90000000000025,-2.5951726157040208e-06,-2.5951726157040208e-06,0.4257751478642956,0.43981839195745137,0.9048290023320081,1265,5.763773679933548,5.661908215585297e-15,1.4283652487614453e-09
71.00000000000024,-3.7741005861748393e-06,-3.7741005861748393e-06,0.4226177934560784,0.43633179630373403,0.9063080054012077,1266,5.775032882011289,5.473939056325387e-15,1.4303798682942541e-09
71.10000000000024,-4.915751503044235e-06,-4.915751503044235e-06,0.42107734007377684,0.43463276669306916,0.907024737080744,1266,5.779995255668304,5.228358383333904e-15,1.4323944878270627e-09
71.20000000000023,-6.008702733048785e-06,-6.008702733048785e-06,0.41895665038560476,0.43229595949332206,0.9080062362658498,1267,5.77844987634333,4.927595450324648e-15,1.4344091073598715e-09
71.30000000000022,-7.042014036403739e-06,-7.042014036403739e-06,0.4161115370396528,0.4291648529105691,0.9093135810832793,1268,5.770433380180184,4.5746316316759094e-15,1.43642372689268e-09
71.40000000000022,-8.005337069445784e-06,-8.005337069445784e-06,0.4142924199105951,0.42716522762437525,0.9101438297349618,1268,5.756229816767096,4.172971110171883e-15,1.4384383464254888e-09
71.50000000000021,-8.889019013691167e-06,-8.889019013691167e-06,0.41242314549597564,0.4251123622431131,0.9109923979151556,1269,5.736363748618005,3.726606327476235e-15,1.4404529659582974e-09
71.60000000000021,-9.684199293627546e-06,-9.684199293627546e-06,0.40982474147933684,0.4222619190718116,0.9121642841458959,1270,5.711586403279009,3.2399785261652885e-15,1.4424675854911062e-09
71.7000000000002,-1.0382898414226416e-05,-1.0382898414226416e-05,0.4076944697406687,0.4199277373195483,0.9131184037915756,1270,5.682854581086275,2.717933759991979e-15,1.4444822050239148e-09
71.8000000000002,-1.0978098027539395e-05,-1.0978098027539395e-05,0.40628745167255353,0.4183873730625561,0.9137453182443248,1254,5.651302000021541,2.165674793293615e-15,1.4464968245567236e-09
71.90000000000019,-1.1463811425046373e-05,-1.1463811425046373e-05,0.4282797274617194,0.4425882148197348,0.903646211216157,1254,5.618202863122244,1.5887093515375067e-15,1.4485114440895321e-09
72.00000000000018,-1.1835143747787968e-05,-1.1835143747787968e-05,0.44611931093082957,0.4624245353314751,0.8949734970459191,1254,5.5849277061620715,9.927952233128888e-16,1.450526063622341e-09
72.10000000000018,-1.2088341308788656e-05,-1.2088341308788656e-05,0.4596274181006979,0.47757563157936767,0.88811183785044,1254,5.552892054966867,3.83882749833604e-16,1.4525406831551495e-09
72.20000000000017,-1.2220829530839505e-05,-1.2220829530839505e-05,0.4686547419333113,0.4877673110048347,0.8833814198088057,1254,5.523499097061186,-2.3194472886931966e-16,1.4545553026879583e-09
72.30000000000017,-1.2231239116278058e-05,-1.2231239116278058e-05,0.4730812063726841,0.49278482918163763,0.8810188262329959,1254,5.49807841062882,-8.485318718990094e-16,1.456569922220767e-09
72.40000000000016,-1.2119420182844744e-05,-1.2119420182844744e-05,0.4728177611881445,0.4924858298484236,0.8811602378143437,1254,5.4778236946885555,-1.4597131545596774e-15,1.4585845417535756e-09
72.50000000000016,-1.1886444219838391e-05,-1.1886444219838391e-05,0.46882554159152107,0.48796066850168696,0.883290785388038,1255,5.463733246673715,-2.0593748593588187e-15,1.4605991612863844e-09
72.60000000000015,-1.1534593840438403e-05,-1.1534593840438403e-05,0.46654673783181255,0.48538252750486144,0.8844965468663482,1255,5.456557436600357,-2.641516583457195e-15,1.462613780819193e-09
72.70000000000014,-1.1067340427993323e-05,-1.1067340427993323e-05,0.4637370869855875,0.48220862518067203,0.8859728631025454,1256,5.456757438357603,-3.200311603054167e-15,1.4646284003520018e-09
72.80000000000014,-1.0489309895076355e-05,-1.0489309895076355e-05,0.45960638037079166,0.4775519435706528,0.888122725259555,1257,5.464478878814583,-3.730165445686813e-15,1.4666430198848104e-09
72.90000000000013,-9.806236892968922e-06,-9.806236892968922e-06,0.457797720572308,0.4755165165632446,0.8890563801237799,1257,5.479542865771821,-4.225772045754039e-15,1.4686576394176192e-09
73.00000000000013,-9.02490792476485e-06,-9.02490792476485e-06,0.45484282853126895,0.4721957223890348,0.8905717272256484,1258,5.501455221306575,-4.6821668964723425e-15,1.4706722589504277e-09
73.10000000000012,-8.153093926334775e-06,-8.153093926334775e-06,0.4509857291673111,0.46786945117387013,0.8925311602893362,1258,5.529432965193168,-5.0947766606681014e-15,1.4726868784832365e-09
73.20000000000012,-7.199472984841711e-06,-7.199472984841711e-06,0.4491930371047472,0.46586191959558143,0.8934347292424966,1259,5.5624454940171155,-5.459464759290093e-15,1.474701498016045e-09
73.30000000000011,-6.173543963298434e-06,-6.173543963298434e-06,0.44631081817954793,0.4626385276623318,0.8948780104438272,1260,5.599266761035969,-5.7725725153769834e-15,1.4767161175488539e-09
73.4000000000001,-5.085531890815958e-06,-5.085531890815958e-06,0.44264665826590843,0.4585480970878758,0.8966961223993467,1260,5.638534226417922,-6.0309554879341016e-15,1.4787307370816625e-09
73.5000000000001,-3.9462860607960675e-06,-3.9462860607960675e-06,0.4409250900496677,0.4566291033526613,0.8975439069843282,1261,5.678810410951426,-6.232014681884652e-15,1.4807453566144712e-09
73.6000000000001,-2.767171852541028e-06,-2.767171852541028e-06,0.4382570976113546,0.4536587181080897,0.8988496628431651,1262,5.718643418219756,-6.373722366383551e-15,1.4827599761472798e-09
73.70000000000009,-1.559957354855088e-06,-1.559957354855088e-06,0.43475892303479613,0.4497705588382615,0.9005468776480346,1263,5.756623596244726,-6.454642275905819e-15,1.4847745956800886e-09
73.80000000000008,-3.3669592256090953e-07,-3.3669592256090953e-07,0.4330895993149588,0.4479177087081445,0.9013508745018272,1263,5.791434394488189,-6.4739440095756486e-15,1.4867892152128974e-09
73.90000000000008,8.903941620776118e-07,8.903941620776118e-07,0.43070029451274283,0.4452685872774058,0.9024950173306424,1264,5.821896283797896,-6.431411487326345e-15,1.488803834745706e-09
74.00000000000007,2.1090517216610766e-06,2.1090517216610766e-06,0.4275385789462926,0.44176819853911453,0.9039971037080732,1265,5.847003254320541,-6.32744536898215e-15,1.4908184542785147e-09
74.10000000000007,3.3070951909429838e-06,3.3070951909429838e-06,0.4256783761697944,0.4397114443911437,0.9048745327731613,1265,5.865951855617192,-6.1630593951373514e-15,1.4928330738113233e-09
74.20000000000006,4.472544375145033e-06,4.472544375145033e-06,0.423573627651358,0.4373867020498442,0.9058616792635997,1266,5.878163001734777,-5.9398706662014445e-15,1.494847693344132e-09
74.30000000000005,5.593740242361364e-06,5.593740242361364e-06,0.42072228540279893,0.4342413524240583,0.9071894832753772,1267,5.883296862844713,-5.6600839365143735e-15,1.4968623128769407e-09
74.40000000000005,6.659461552293764e-06,6.659461552293764e-06,0.41860931164915344,0.4319134642154073,0.908166418780513,1267,5.881261144279692,-5.326470061839737e-15,1.4988769324097495e-09
74.50000000000004,7.659037154715095e-06,7.659037154715095e-06,0.416761046205939,0.4298792548732253,0.9090160781665697,1268,5.872212953554546,-4.9423387987275855e-15,1.500891551942558e-09
74.60000000000004,8.582452833881963e-06,8.582452833881963e-06,0.4141745912673598,0.42703576987485514,0.910197455472446,1269,5.85655431303411,-4.511506211620698e-15,1.5029061714753668e-09
74.70000000000003,9.420451629186407e-06,9.420451629186407e-06,0.41177045709419163,0.42439601966735874,0.9112876004118791,1269,5.83492122397981,-4.038256997259089e-15,1.5049207910081754e-09
74.80000000000003,1.0164626627114397e-05,1.0164626627114397e-05,0.41014089177768154,0.4226085396636708,0.9120221756579212,1270,5.808166059591528,-3.5273020856567034e-15,1.5069354105409842e-09
74.90000000000002,1.080750529442288e-05,1.080750529442288e-05,0.40777598751213034,0.42001701314175166,0.9130820028937746,1271,5.777332994908054,-2.9837319228761444e-15,1.5089500300737928e-09
75.00000000000001,1.1342624506613134e-05,1.1342624506613134e-05,0.42146850866205054,0.43506407551007104,0.9068430383512833,1254,5.743626207592258,-2.4129658834319033e-15,1.5109646496066015e-09
75.10000000000001,1.1764595518428816e-05,1.1764595518428816e-05,0.4410046368177124,0.45671773244288033,0.897504824669638,1254,5.7083707447045855,-1.820698299848861e-15,1.5129792691394101e-09
75.2,1.2069158223319967e-05,1.2069158223319967e-05,0.45626480603739583,0.4737930764732913,0.889844046320285,1254,5.672966281192195,-1.2128416339910324e-15,1.514993888672219e-09
75.3,1.2253224155590774e-05,1.2253224155590774e-05,0.4670878492221988,0.48599439960396235,0.8842109143801498,1254,5.638834515391722,-5.95467349305608e-16,1.5170085082050277e-09
75.39999999999999,1.2314907801224886e-05,1.2314907801224886e-05,0.4733416395750523,0.4930804572330437,0.8808789316611002,1254,5.607361644420047,2.5254925215378645e-17,1.5190231277378363e-09
75.49999999999999,1.225354590003774e-05,1.225354590003774e-05,0.47492398540725417,0.4948776521171874,0.8800268223667335,1254,5.579838180790936,6.431193205545127e-16,1.521037747270645e-09
75.59999999999998,1.2069704541676806e-05,1.2069704541676806e-05,0.47176594910692515,0.49129254438690245,0.8817238168855609,1254,5.557399197919868,1.2519461008882703e-15,1.5230523668034536e-09
75.69999999999997,1.1765173979881268e-05,1.1765173979881268e-05,0.46943333612733223,0.4886488966880847,0.8829679172724019,1255,5.540968762729524,1.8456438267194977e-15,1.5250669863362624e-09
75.79999999999997,1.134295121210558e-05,1.134295121210558e-05,0.4656341501061158,0.4843510484112055,0.8849773094576805,1256,5.53121264160467,2.4182706435026245e-15,1.527081605869071e-09
75.89999999999996,1.0807210493880647e-05,1.0807210493880647e-05,0.4631414347246639,0.4815364290431564,0.8862843851953953,1256,5.528503190948699,2.9640940365097016e-15,1.5290962254018798e-09
75.99999999999996,1.0163262077910403e-05,1.0163262077910403e-05,0.4605263215553647,0.47858804817610184,0.8876460483518669,1257,5.532899589960821,3.4776484114662545e-15,1.5311108449346883e-09
76.09999999999995,9.417499585674431e-06,9.417499585674431e-06,0.4566856936682083,0.47426612419259084,0.8896281117403988,1258,5.544145295140046,3.953789893321633e-15,1.5331254644674971e-09
76.19999999999995,8.57733653305098e-06,8.57733653305098e-06,0.45455346332281465,0.4718708286168512,0.890719455822783,1258,5.561682984058279,4.3877477809282715e-15,1.5351400840003057e-09
76.29999999999994,7.651132640051313e-06,7.651132640051313e-06,0.4518886009189191,0.46888129570332354,0.8920743760245229,1259,5.584685594769114,4.775172149943293e-15,1.5371547035331145e-09
76.39999999999993,6.648110657078973e-06,6.648110657078973e-06,0.4481900832305217,0.4647396538306768,0.8939382804723255,1260,5.61210065575013,5.1121771551605765e-15,1.539169323065923e-09
76.49999999999993,5.578264535171292e-06,5.578264535171292e-06,0.44618823778003,0.4625015523298563,0.8949391356213848,1260,5.6427041670628775,5.395379641835143e-15,1.5411839425987318e-09
76.59999999999992,4.452259854492893e-06,4.452259854492893e-06,0.4436466374536483,0.45966358623334097,0.8962017970725518,1261,5.675159935660284,5.621932729684108e-15,1.5431985621315404e-09
76.69999999999992,3.2813275030616133e-06,3.2813275030616133e-06,0.44020264277311516,0.4558243465380165,0.8978984537772438,1262,5.708080448448367,5.789554081615881e-15,1.5452131816643492e-09
76.79999999999991,2.0771516655158377e-06,2.0771516655158377e-06,0.4381688547474229,0.45356054735065354,0.8988926825429896,1262,5.740085945639012,5.896548612683424e-15,1.547227801197158e-09
76.8999999999999,8.517532389975359e-07,8.517532389975359e-07,0.43584682834508226,0.45097896122962017,0.900020856548076,1263,5.769859149165884,5.941825435869674e-15,1.5492424207299666e-09
76.9999999999999,-3.826301606492622e-07,-3.826301606492622e-07,0.43270315935228437,0.4474890186276439,0.9015364528883741,1264,5.7961939312877,5.924908883349871e-15,1.5512570402627754e-09
77.0999999999999,-1.6136664046442638e-06,-1.6136664046442638e-06,0.4305246189249468,0.4450739408510975,0.9025788345067313,1264,5.818036946614872,5.845943487618345e-15,1.553271659795584e-09
77.19999999999989,-2.8290520487144904e-06,-2.8290520487144904e-06,0.42845711939555636,0.4427845307957405,0.9035621156507515,1265,5.834521822805168,5.705692857832868e-15,1.5552862793283927e-09
77.29999999999988,-4.016635291547453e-06,-4.016635291547453e-06,0.4256126575978863,0.43963881835631047,0.9049054457193108,1266,5.844995887517017,5.505532442888048e-15,1.5573008988612013e-09
77.39999999999988,-5.164537465496963e-06,-5.164537465496963e-06,0.4232132641080385,0.4369889260417156,0.9060300950205902,1266,5.84903961366288,5.247436232756371e-15,1.55931551839401e-09
77.49999999999987,-6.2612718449744805e-06,-6.2612718449744805e-06,0.421396662542225,0.4349848503364062,0.9068764264210831,1267,5.846479022878277,4.9339575114377825e-15,1.5613301379268186e-09
77.59999999999987,-7.295858584290366e-06,-7.295858584290366e-06,0.4188256573704984,0.4321516998496015,0.9080666653545707,1268,5.837391237215508,4.568203836221444e-15,1.5633447574596274e-09
77.69999999999986,-8.257934634924067e-06,-8.257934634924067e-06,0.41615798458578124,0.42921593329689045,0.9092923247589306,1268,5.822103250885252,4.15380647704237e-15,1.565359376992436e-09
77.79999999999986,-9.137857541923042e-06,-9.137857541923042e-06,0.41457193905249146,0.42747236445032305,0.9100165423497846,1269,5.801183845462729,3.694884605328355e-15,1.5673739965252448e-09
77.89999999999985,-9.92680207986454e-06,-9.92680207986454e-06,0.412243299162994,0.4249149530238772,0.911073796294905,1270,5.77542843092796,3.196004573381521e-15,1.5693886160580534e-09
77.99999999999984,-1.061684875995992e-05,-1.061684875995992e-05,0.4092830461053708,0.4216681409895513,0.9124074682786791,1270,5.745836500548152,2.6621346730763726e-15,1.5714032355908622e-09
78.09999999999984,-1.1201063320730986e-05,-1.1201063320730986e-05,0.4141845931177058,0.427046758562301,0.910192904182361,1254,5.713581382611751,2.0985958068490404e-15,1.5734178551236707e-09
78.19999999999983,-1.1673566404437868e-05,-1.1673566404437868e-05,0.4354258611225954,0.45051128365297777,0.900224593901792,1254,5.679972101488333,1.5110085450675335e-15,1.5754324746564795e-09
78.29999999999983,-1.2029592719194898e-05,-1.2029592719194898e-05,0.4524503475556735,0.46951110450835615,0.8917895956988678,1254,5.646407466651211,9.052370822879162e-16,1.5774470941892883e-09
78.39999999999982,-1.226553909150122e-05,-1.226553909150122e-05,0.46508471282339386,0.483730300736354,0.8852661802520083,1254,5.614323019598253,2.8733064078755994e-16,1.5794617137220969e-09
78.49999999999982,-1.2379000924692034e-05,-1.2379000924692034e-05,0.47318475911651176,0.4929023703839503,0.8809632136132863,1254,5.585132183407932,-3.365370970289532e-16,1.5814763332549057e-09
78.59999999999981,-1.2368796694479828e-05,-1.2368796694479828e-05,0.47663548638109,0.4968235032227072,0.879101025549545,1254,5.560163827887432,-9.601299158160519e-16,1.5834909527877142e-09
78.6999999999998,-1.22349802321493e-05,-1.22349802321493e-05,0.4753533970573073,0.49536566931202475,0.8797949465108776,1254,5.540599372997446,-1.5772117169860387e-15,1.585505572320523e-09
78.7999999999998,-1.197884066790263e-05,-1.197884066790263e-05,0.47193277880715645,0.4914817625337525,0.8816345344230542,1255,5.527413332493967,-2.1816092344366883e-15,1.5875201918533316e-09
78.89999999999979,-1.160289003010683e-05,-1.160289003010683e-05,0.468658782335649,0.48777188480178035,0.8833792762679384,1255,5.521321642550025,-2.767274148848508e-15,1.5895348113861404e-09
78.99999999999979,-1.1110838619540334e-05,-1.1110838619540334e-05,0.4664360944247072,0.4852574396706971,0.884554899267324,1256,5.522742038673797,-3.3283439330771047e-15,1.591549430918949e-09
79.09999999999978,-1.0507558399939748e-05,-1.0507558399939748e-05,0.46284609536324456,0.4812032248688833,0.8864386566519977,1257,5.531770035075788,-3.859200774307217e-15,1.5935640504517577e-09
79.19999999999978,-9.799034765988134e-06,-9.799034765988134e-06,0.4601099033343055,0.47811897880638776,0.8878619694826984,1257,5.5481727598069535,-4.354527946040506e-15,1.5955786699845663e-09
79.29999999999977,-8.992307166164907e-06,-8.992307166164907e-06,0.45770117935411575,0.4754079311893096,0.8891060850190216,1258,5.571401197149933,-4.809363043986898e-15,1.597593289517375e-09
79.39999999999976,-8.095399169431322e-06,-8.095399169431322e-06,0.45414489028575433,0.47141218225005443,0.8909278414256343,1259,5.60061959053057,-5.2191475517790526e-15,1.5996079090501837e-09
79.49999999999976,-7.117238670437805e-06,-7.117238670437805e-06,0.4516665486652033,0.468632394642679,0.8921868239426446,1259,5.634749197019797,-5.579772260689241e-15,1.6016225285829925e-09
79.59999999999975,-6.067569026751796e-06,-6.067569026751796e-06,0.449275405088456,0.46595411423517463,0.8933933122553603,1260,5.672522520825028,-5.887618127089877e-15,1.603637148115801e-09
79.69999999999975,-4.95685201252706e-06,-4.95685201252706e-06,0.4458973188662995,0.46217650748998346,0.8950841195261179,1261,5.7125437119848295,-6.139592207866505e-15,1.6056517676486098e-09
79.79999999999974,-3.7961635551559652e-06,-3.7961635551559652e-06,0.4434745838537652,0.4594716144847758,0.896286948178835,1261,5.7533509681335016,-6.333158364872224e-15,1.6076663871814186e-09
79.89999999999974,-2.597083293941227e-06,-2.597083293941227e-06,0.44123185398294673,0.45697091359106756,0.8973931418451846,1262,5.793477374561665,-6.4663624747487975e-15,1.6096810067142272e-09
79.99999999999973,-1.3715790619646306e-06,-1.3715790619646306e-06,0.4381081351078142,0.4534929990868812,0.898922278037625,1263,5.83150745976752,-6.537851922096487e-15,1.611695626247036e-09
80.09999999999972,-1.3188744349248916e-07,-1.3188744349248916e-07,0.43559997581990123,0.45070470521091477,0.900140356314337,1263,5.866127637112151,-6.546889195267025e-15,1.6137102457798445e-09
80.19999999999972,1.1096084010745478e-06,1.1096084010745478e-06,0.43357119849787623,0.448452085559268,0.901119312762253,1264,5.896169503365559,-6.49335944814567e-15,1.6157248653126533e-09
80.29999999999971,2.340502422927191e-06,2.340502422927191e-06,0.4307265777931547,0.44529771038895916,0.902482473615193,1265,5.920645589589999,-6.377771940299397e-15,1.617739484845462e-09
80.39999999999971,3.548489649873442e-06,3.548489649873442e-06,0.42803783608150575,0.4423205480736732,0.9037608150847557,1265,5.938777582534615,-6.201255322389254e-15,1.6197541043782707e-09
80.4999999999997,4.721489190032512e-06,4.721489190032512e-06,0.426244593260997,0.440337277553393,0.9046079519414846,1266,5.950017268144121,-5.9655467928856475e-15,1.6217687239110793e-09
80.5999999999997,5.847765044682991e-06,5.847765044682991e-06,0.42367369111333125,0.4374971670897077,0.9058148836591313,1267,5.954060526643595,-5.672975213978641e-15,1.623783343443888e-09
80.69999999999969,6.916043522159338e-06,6.916043522159338e-06,0.42074428441479084,0.4342656021933764,0.9071792805902732,1267,5.950854671939328,-5.326438336861331e-15,1.6257979629766966e-09
80.79999999999968,7.91562607817879e-06,7.91562607817879e-06,0.4191849125772952,0.43254736242947783,0.9079008806403733,1268,5.940599317008106,-4.929374347204024e-15,1.6278125825095054e-09
80.89999999999968,8.836496453219147e-06,8.836496453219147e-06,0.4168703650158148,0.4299995187790653,0.9089659502817371,1269,5.923740798191736,-4.485727999152777e-15,1.629827202042314e-09
80.99999999999967,9.669421034109356e-06,9.669421034109356e-06,0.4138444686818751,0.4266731064180143,0.9103476016013974,1270,5.900960038679652,-3.9999116598098416e-15,1.6318418215751228e-09
81.09999999999967,1.040604143427866e-05,1.040604143427866e-05,0.41233239268837424,0.4250127447692576,0.9110334779468208,1270,5.8731536083771205,-3.476761635752237e-15,1.6338564411079313e-09
81.19999999999966,1.1038958364468335e-05,1.1038958364468335e-05,0.41025688422524653,0.4227357249100508,0.9119700044112157,1271,5.841407679363761,-2.921490199003969e-15,1.6358710606407401e-09
81.29999999999966,1.1561805952373924e-05,1.1561805952373924e-05,0.42925408467444837,0.4436667414391752,0.9031837746496011,1254,5.806964621839231,-2.3396337724596957e-15,1.637885680173549e-09
81.39999999999965,1.1969315764792636e-05,1.1969315764792636e-05,0.44805734134738034,0.46459116825209873,0.8940048203811415,1254,5.771182174269345,-1.7369977745117407e-15,1.6399002997063575e-09
81.49999999999964,1.2257369888453764e-05,1.2257369888453764e-05,0.4625211452155091,0.4808366805403065,0.886608250710839,1254,5.735485486961693,-1.119598659832103e-15,1.6419149192391663e-09
81.59999999999964,1.2423042534786924e-05,1.2423042534786924e-05,0.4724891506153515,0.49211293772960174,0.8813364865650256,1254,5.701312896377865,-4.936037279077719e-16,1.6439295387719748e-09
81.69999999999963,1.2464629748346547e-05,1.2464629748346547e-05,0.47783383518894135,0.4981871603119139,0.8784502410203026,1254,5.670057020486935,1.347306973734462e-16,1.6459441583047836e-09
81.79999999999963,1.2381666917319476e-05,1.2381666917319476e-05,0.4784578036501855,0.4988976036279508,0.8781105455045171,1254,5.643003606595592,7.591220859377521e-16,1.6479587778375922e-09
81.89999999999962,1.217493390631171e-05,1.217493390631171e-05,0.47429769979514663,0.4941661221637897,0.8803645222116989,1254,5.621271388388303,1.373324863900107e-15,1.649973397370401e-09
81.99999999999962,1.1846447755224055e-05,1.1846447755224055e-05,0.47254826516827475,0.4921800126967058,0.8813047923882259,1255,5.605756845901463,1.9711932514493578e-15,1.6519880169032096e-09
82.09999999999961,1.1399443012251172e-05,1.1399443012251172e-05,0.4692802178747379,0.4884754915251237,0.8830493061610085,1256,5.597088021705649,2.5467431026053396e-15,1.6540026364360183e-09
82.1999999999996,1.0838339892632252e-05,1.0838339892632252e-05,0.4658599881330979,0.48460625630257714,0.8848584471296128,1256,5.595591275751006,3.0942120807156044e-15,1.656017255968827e-09
82.2999999999996,1.0168700576509828e-05,1.0168700576509828e-05,0.4637795873590821,0.48225659607104376,0.8859506162021896,1257,5.60127400253618,3.60811752525122e-15,1.6580318755016357e-09
82.3999999999996,9.397174077898545e-06,9.397174077898545e-06,0.4604207486031748,0.47846911597830416,0.8877008134814861,1258,5.6138249659408395,4.083311401471262e-15,1.6600464950344443e-09
82.49999999999959,8.531430231141439e-06,8.531430231141439e-06,0.45741357654733183,0.4750844839936006,0.8892540806710859,1258,5.632632242572621,4.515031772917645e-15,1.662061114567253e-09
82.59999999999958,7.580083450192852e-06,7.580083450192852e-06,0.45522659222385786,0.47262668817433645,0.8903756228313158,1259,5.6568171012745285,4.898950293552868e-15,1.6640757341000616e-09
82.69999999999958,6.552607018523566e-06,6.552607018523566e-06,0.45195301448513114,0.4689535035214897,0.8920417438090007,1260,5.685280781579525,5.2312152765594974e-15,1.6660903536328704e-09
82.79999999999957,5.459238762368736e-06,5.459238762368736e-06,0.44911071993819096,0.46576978610504993,0.8934761111728728,1260,5.71676027965995,5.5084899554266e-15,1.6681049731656792e-09
82.89999999999957,4.310879046481185e-06,4.310879046481185e-06,0.4469845824226228,0.4633915809812667,0.8945416608948258,1261,5.749888983642521,5.7279856065193716e-15,1.6701195926984878e-09
82.99999999999956,3.1189821086445895e-06,3.1189821086445895e-06,0.44390571384656724,0.45995268957762386,0.8960734998951646,1262,5.783258261922106,5.887489249812249e-15,1.6721342122312966e-09
83.09999999999955,1.8954418161687257e-06,1.8954418161687257e-06,0.44105304307846666,0.4567716674200352,0.897481037789225,1262,5.815476744301862,5.985385687213087e-15,1.6741488317641052e-09
83.19999999999955,6.524729837593415e-07,6.524729837593415e-07,0.4390864248064779,0.45458157982031727,0.8984448294417778,1263,5.8452248569604714,6.020673678899134e-15,1.676163451296914e-09
83.29999999999954,-5.975105630373947e-07,-5.975105630373947e-07,0.43625475999708163,0.4514322578854015,0.8998231961779429,1264,5.871303006405762,5.992976100738159e-15,1.6781780708297225e-09
83.39999999999954,-1.8420199616237417e-06,-1.8420199616237417e-06,0.4332723339043651,0.44812045271930695,0.9012630496547966,1264,5.8926725317823765,5.902543972875494e-15,1.6801926903625313e-09
83.49999999999953,-3.068616085337841e-06,-3.068616085337841e-06,0.4315135004173811,0.4461698453683149,0.9021064787249556,1265,5.9084890935259455,5.750254302179732e-15,1.6822073098953399e-09
83.59999999999953,-4.26503386912524e-06,-4.26503386912524e-06,0.42894509233493744,0.4433246546592412,0.9033305639475352,1266,5.918128522626226,5.537601739110847e-15,1.6842219294281487e-09
83.69999999999952,-5.419304945352518e-06,-5.419304945352518e-06,0.4257560643683426,0.43979730134120254,0.9048379819910191,1266,5.921205334954987,5.266684111087865e-15,1.6862365489609572e-09
83.79999999999951,-6.519877363611288e-06,-6.519877363611288e-06,0.42422326676023614,0.43810397284182884,0.9055576292756158,1267,5.917584152925309,4.940181957331876e-15,1.688251168493766e-09
83.89999999999951,-7.555731197010007e-06,-7.555731197010007e-06,0.4219156813404627,0.43555724128499235,0.9066350742382588,1268,5.907384211930983,4.5613322521747435e-15,1.6902657880265746e-09
83.9999999999995,-8.516488878077622e-06,-8.516488878077622e-06,0.4188854048790049,0.4322174972380966,0.908039105754456,1269,5.8909770013697464,4.1338965631794654e-15,1.6922804075593834e-09
84.0999999999995,-9.392519159606156e-06,-9.392519159606156e-06,0.41717219005271167,0.43033159725546244,0.9088274664899957,1269,5.868976937913405,3.662123946046307e-15,1.694295027092192e-09
84.19999999999949,-1.0175033659021598e-05,-1.0175033659021598e-05,0.41511645475665,0.4280708040903109,0.9097682831305289,1270,5.842224830243591,3.1507089298211618e-15,1.6963096466250007e-09
84.29999999999949,-1.0856175018566558e-05,-1.0856175018566558e-05,0.4123497993693952,0.42503185137368754,0.9110255995086085,1271,5.811763810064628,2.60474499353609e-15,1.6983242661578095e-09
84.39999999999948,-1.142909579697157e-05,-1.142909579697157e-05,0.4223159338862241,0.4359987570540759,0.9064487034497906,1254,5.778807417666052,2.0296739795346985e-15,1.700338885690618e-09
84.49999999999947,-1.188802730055539e-05,-1.188802730055539e-05,0.4429009163405151,0.4588316668153093,0.896570565156325,1254,5.744699687419586,1.4312319298587289e-15,1.7023535052234269e-09
84.59999999999947,-1.2228337661909887e-05,-1.2228337661909887e-05,0.45920111558086374,0.47709568121736873,0.8883323338983503,1254,5.710867420860903,8.153918705685518e-16,1.7043681247562355e-09
84.69999999999946,-1.2446578581493707e-05,-1.2446578581493707e-05,0.471047836466931,0.49047827997788773,0.88210766676173,1254,5.678765387606471,1.883041048762763e-16,1.7063827442890442e-09
84.79999999999946,-1.2540520260512904e-05,-1.2540520260512904e-05,0.4783011993892066,0.49871926998369553,0.8781958566645862,1254,5.6498159489781745,-4.4376539073003304e-16,1.7083973638218528e-09
84.89999999999945,-1.2509174171278904e-05,-1.2509174171278904e-05,0.48085049355975934,0.5016244490338244,0.8768026019825306,1254,5.625345495631252,-1.0744978432776847e-15,1.7104119833546616e-09
84.99999999999945,-1.2352803432628925e-05,-1.2352803432628925e-05,0.4786169964060033,0.49907890269195093,0.8780237871215653,1254,5.606521004742817,-1.6975851836610679e-15,1.7124266028874702e-09
85.09999999999944,-1.2072920681760064e-05,-1.2072920681760064e-05,0.4757375086850523,0.4958023130508648,0.8795873025630485,1255,5.594290771945839,-2.3067935025024797e-15,1.714441222420279e-09
85.19999999999943,-1.1672273458729616e-05,-1.1672273458729616e-05,0.47152770882627293,0.4910223656071761,0.881851245851048,1255,5.589333748107417,-2.8960257837980965e-15,1.7164558419530875e-09
85.29999999999943,-1.115481724466342e-05,-1.115481724466342e-05,0.4698486960141633,0.48911936888438473,0.8827469642280229,1256,5.592021729948345,-3.4593832406128057e-15,1.7184704614858963e-09
85.39999999999942,-1.0525676418144017e-05,-1.0525676418144017e-05,0.46674539600576065,0.48560714109465886,0.884391731817652,1257,5.602397831256898,-3.99122459290431e-15,1.720485081018705e-09
85.49999999999942,-9.791093515087143e-06,-9.791093515087143e-06,0.46313340121037516,0.48152736480215536,0.8862885831845684,1257,5.620173260312379,-4.486222658091983e-15,1.7224997005515137e-09
85.59999999999941,-8.958367294450496e-06,-8.958367294450496e-06,0.4612083177427959,0.4793565214183344,0.8872918841310677,1258,5.644742665411023,-4.9394176691666384e-15,1.7245143200843225e-09
85.6999999999994,-8.035780224181087e-06,-8.035780224181087e-06,0.45808104172325276,0.475835218966841,0.8889104337410714,1259,5.675216504286599,-5.3462667897289014e-15,1.726528939617131e-09
85.7999999999994,-7.032516107775833e-06,-7.032516107775833e-06,0.45476854959257407,0.47211231826277467,0.8906096598967848,1259,5.710467376717332,-5.7026893554731285e-15,1.7285435591499398e-09
85.8999999999994,-5.9585686706423585e-06,-5.9585686706423585e-06,0.4528002875303373,0.46990354553510105,0.8916119669522409,1260,5.749186279561752,-6.005107431988493e-15,1.7305581786827484e-09
85.99999999999939,-4.824642016113387e-06,-4.824642016113387e-06,0.4497945819806842,0.46653532835348827,0.8931320361630869,1261,5.78994439974902,-6.250481335037207e-15,1.7325727982155572e-09
86.09999999999938,-3.6420439425792197e-06,-3.6420439425792197e-06,0.4465659858421155,0.4629236903432163,0.8947507028713974,1261,5.831256300333565,-6.436339809586974e-15,1.7345874177483658e-09
86.19999999999938,-2.422573184939391e-06,-2.422573184939391e-06,0.4446899597965685,0.4608280822049702,0.895684564819628,1262,5.871641014837167,-6.5608046082827985e-15,1.7366020372811745e-09
86.29999999999937,-1.1784017047160264e-06,-1.1784017047160264e-06,0.44188948174710396,0.4577038658629857,0.8970694989359943,1263,5.9096784392950585,-6.622609251282305e-15,1.7386166568139831e-09
86.39999999999937,7.804679689773118e-08,7.804679689773118e-08,0.4385958265042738,0.4540355998491946,0.8986844279128424,1263,5.944059309808334,-6.621111790939146e-15,1.740631276346792e-09
86.49999999999936,1.3342209305639295e-06,1.3342209305639295e-06,0.43688981019021306,0.45213812869571435,0.8995150325325084,1264,5.973627839338283,-6.55630144988997e-15,1.7426458958796005e-09
86.59999999999935,2.577566996293999e-06,2.577566996293999e-06,0.4343342579868565,0.44929904897456185,0.9007517706554935,1265,5.9974166876839465,-6.4287990516137026e-15,1.7446605154124093e-09
86.69999999999935,3.795654434554396e-06,3.795654434554396e-06,0.43100892004319136,0.4456105844278974,0.902347666281241,1266,6.01467433404271,-6.23985121876684e-15,1.7466751349452178e-09
86.79999999999934,4.97630009738609e-06,4.97630009738609e-06,0.42938163586073846,0.44380797013608897,0.903123142647533,1266,6.0248851297301815,-5.9913183753583125e-15,1.7486897544780266e-09
86.89999999999934,6.107690097225536e-06,6.107690097225536e-06,0.42708513001913984,0.4412666535991925,0.9042114198109502,1267,6.027782365695553,-5.685656651968093e-15,1.7507043740108352e-09
86.99999999999933,7.178498014818585e-06,7.178498014818585e-06,0.4240497037565752,0.43791231721677104,0.9056389174190566,1268,6.0233546371917175,-5.3258938563566565e-15,1.752718993543644e-09
87.09999999999933,8.177998283509435e-06,8.177998283509435e-06,0.42213826571345076,0.4358027613383284,0.9065314581526888,1268,6.011845666573268,-4.915599732888848e-15,1.7547336130764528e-09
87.19999999999932,9.096173614910318e-06,9.096173614910318e-06,0.4201019188036032,0.4335576272273884,0.907476929633768,1269,5.993747591245154,-4.458850791827753e-15,1.7567482326092613e-09
87.29999999999932,9.923815390042363e-06,9.923815390042363e-06,0.41734504790244203,0.4305218043118349,0.9087481009560946,1270,5.969787571293714,-3.9601900431070424e-15,1.7587628521420701e-09
87.39999999999931,1.0652616009897743e-05,1.0652616009897743e-05,0.4151351768548949,0.428091383161371,0.9097597402268662,1270,5.940907454425687,-3.424582018653986e-15,1.7607774716748787e-09
87.4999999999993,1.127525227931465e-05,1.127525227931465e-05,0.41486203382732906,0.4277911672784151,0.90988432940053,1254,5.908236191130945,-2.8573635130832223e-15,1.7627920912076875e-09
87.5999999999993,1.1785458987284462e-05,1.1785458987284462e-05,0.43722811013790214,0.4525142545490621,0.8993506433562154,1254,5.873054760089026,-2.264190515126275e-15,1.764806710740496e-09
87.69999999999929,1.2178091944437514e-05,1.2178091944437514e-05,0.45536849027082443,0.4727860634148672,0.8903030596760129,1254,5.836753582477314,-1.6509818419584386e-15,1.7668213302733049e-09
87.79999999999929,1.244917984350732e-05,1.244917984350732e-05,0.4691018410411102,0.48827350137545156,0.8831440781275958,1254,5.80078280615915,-1.0238600258928955e-15,1.7688359498061134e-09
87.89999999999928,1.2595964420006832e-05,1.2595964420006832e-05,0.4782759562224036,0.49869052586127366,0.8782096046500206,1254,5.7665964384733455,-3.8909003768250013e-16,1.7708505693389222e-09
87.99999999999928,1.261692850705293e-05,1.261692850705293e-05,0.48276723959462675,0.5038118261042672,0.8757487038952352,1254,5.73559207443932,2.4698353756670275e-16,1.7728651888717308e-09
88.09999999999927,1.2511811699083023e-05,1.2511811699083023e-05,0.48248243005666436,0.5034866369080093,0.8759056482787493,1254,5.709048828529591,8.780002281308676e-16,1.7748798084045396e-09
88.19999999999926,1.2281613462914998e-05,1.2281613462914998e-05,0.4784627403283648,0.49890322556902156,0.8781078556290632,1255,5.68806689759084,1.4976476412776624e-15,1.7768944279373482e-09
88.29999999999926,1.1928583659973378e-05,1.1928583659973378e-05,0.47616067384583505,0.4962834708001128,0.8793582959651204,1255,5.673512779197808,2.0997249869453914e-15,1.778909047470157e-09
88.39999999999925,1.1456200569288937e-05,1.1456200569288937e-05,0.4733775389258598,0.4931212116915962,0.880859640147337,1256,5.665974353559772,2.678205476356302e-15,1.7809236670029655e-09
88.49999999999925,1.0869136625818783e-05,1.0869136625818783e-05,0.4692428306606094,0.48843315323973097,0.8830691738893498,1257,5.665729664741621,3.2272969223219667e-15,1.7829382865357743e-09
88.59999999999924,1.0173212211480751e-05,1.0173212211480751e-05,0.4674677281167527,0.486424073131839,0.8840101374811048,1257,5.67273227076423,3.7414998926868805e-15,1.784952906068583e-09
88.69999999999924,9.375337955821081e-06,9.375337955821081e-06,0.46453175715924006,0.48310578235362156,0.8855564615486405,1258,5.6866145758911175,4.215662807646841e-15,1.7869675256013917e-09
88.79999999999923,8.483446118242301e-06,8.483446118242301e-06,0.4606834529028863,0.4787650765815843,0.8875645082029103,1258,5.706708847708094,4.645033423155943e-15,1.7889821451342004e-09
88.89999999999922,7.5064117330577184e-06,7.5064117330577184e-06,0.4589147300508248,0.4767733224951925,0.8884803152250356,1259,5.732083964837514,5.025306201880672e-15,1.790996764667009e-09
88.99999999999922,6.453964301215222e-06,6.453964301215222e-06,0.4560072162339602,0.47350362047920314,0.8899760776237495,1260,5.761594630973207,5.352665134724965e-15,1.7930113841998178e-09
89.09999999999921,5.336590907318317e-06,5.336590907318317e-06,0.4523588958531677,0.4694085586565072,0.8918359879162217,1260,5.793939022251193,5.623821634830564e-15,1.7950260037326264e-09
89.1999999999992,4.1654317266161725e-06,4.1654317266161725e-06,0.45059610408250406,0.46743295981922506,0.8927279266303195,1261,5.827720661495893,5.836047178986181e-15,1.7970406232654352e-09
89.2999999999992,2.952168963073556e-06,2.952168963073556e-06,0.4478362383125318,0.46434386607784345,0.8941155985967817,1262,5.861510654687887,5.987200417990992e-15,1.7990552427982437e-09
89.3999999999992,1.7089103256981978e-06,1.7089103256981978e-06,0.4442036138496826,0.4602851673750784,0.895925861577219,1262,5.893907115398106,6.0757485195921175e-15,1.8010698623310525e-09
89.49999999999919,4.480682053327828e-07,4.480682053327828e-07,0.4425583090824809,0.4584495720324677,0.8967397298336097,1263,5.923589449310903,6.100782548524276e-15,1.803084481863861e-09
89.59999999999918,-8.177642424427795e-07,-8.177642424427795e-07,0.44001317482847585,0.45561334478614296,0.8979913173173587,1264,5.949366005563576,6.062026731485536e-15,1.8050991013966699e-09
89.69999999999918,-2.075938871244903e-06,-2.075938871244903e-06,0.43666254760321693,0.4518854940658182,0.8996253773213984,1265,5.970214309492776,5.959841503182401e-15,1.8071137209294785e-09
89.79999999999917,-3.3138789185423443e-06,-3.3138789185423443e-06,0.4348097211965823,0.44982696773242065,0.9005223519452198,1265,5.9853136151890105,5.795220283853552e-15,1.8091283404622872e-09
89.89999999999917,-4.519204718406317e-06,-4.519204718406317e-06,0.4325127771901828,0.4472778541032469,0.9016278043445839,1266,5.994069845863128,5.5697799982599026e-15,1.8111429599950958e-09
89.99999999999916,-5.679857495825871e-06,-5.679857495825871e-06,0.42945432067129974,0.4438884532926768,0.9030885817331279,1267,5.996133145937567,5.285745409115249e-15,1.8131575795279046e-09
90.09999999999916,-6.7842200047180945e-06,-6.7842200047180945e-06,0.42734124486442465,0.4415499191913147,0.9040904050136379,1267,5.99140828683799,4.945927401897826e-15,1.8151721990607134e-09
90.19999999999915,-7.821232802798517e-06,-7.821232802798517e-06,0.4253061233857328,0.43930009810228343,0.9050495574335141,1268,5.98005808924906,4.553695420623474e-15,1.817186818593522e-09
90.29999999999914,-8.78050499958542e-06,-8.78050499958542e-06,0.4225364826874248,0.4362420816951088,0.9063459167437892,1269,5.962499888176914,4.112944313761227e-15,1.8192014381263307e-09
90.39999999999914,-9.652418368566585e-06,-9.652418368566585e-06,0.42013854008641977,0.4335979826609112,0.9074599754997748,1269,5.939394912179045,3.6280559050928954e-15,1.8212160576591393e-09
90.49999999999913,-1.0428223780416092e-05,-1.0428223780416092e-05,0.4183667280469805,0.4316463670534117,0.908278195743608,1270,5.911630313466432,3.103855655729303e-15,1.8232306771919481e-09
90.59999999999913,-1.1100128990458462e-05,-1.1100128990458462e-05,0.41587556412571997,0.42890536167244364,0.909421527765378,1271,5.880293512680435,2.5455648309669114e-15,1.8252452967247567e-09
90.69999999999912,-1.1661376899579531e-05,-1.1661376899579531e-05,0.43078493224394504,0.44536237131366246,0.9024546205497425,1254,5.846638555984196,1.9587486297048634e-15,1.8272599162575655e-09
90.79999999999912,-1.2106313502622375e-05,-1.2106313502622375e-05,0.4507692048717244,0.46762687025557564,0.8926405345598604,1254,5.812044369001531,1.3492607752637596e-15,1.829274535790374e-09
90.89999999999911,-1.2430444841038455e-05,-1.2430444841038455e-05,0.4663972340237982,0.48521350802683266,0.8845753897181124,1254,5.777965172497224,7.231851050239759e-16,1.8312891553231828e-09
90.9999999999991,-1.2630482386165554e-05,-1.2630482386165554e-05,0.4775044126958023,0.49781219438454494,0.8786293506684357,1254,5.74587391984888,8.677473243662986e-17,1.8333037748559914e-09
91.0999999999991,-1.2704376394882333e-05,-1.2704376394882333e-05,0.48395459795129736,0.5051681544336355,0.8750931076872895,1254,5.7172004105632075,-5.53610611619817e-16,1.8353183943888002e-09
91.1999999999991,-1.2651336899394444e-05,-1.2651336899394444e-05,0.4856407752997165,0.5070960381571439,0.8741584738285675,1254,5.693266656273202,-1.1915684212395579e-15,1.8373330139216088e-09
91.29999999999909,-1.2471842116341173e-05,-1.2471842116341173e-05,0.4824884216760968,0.5034934774058786,0.8759023478382216,1254,5.6752229894976605,-1.8207177797315007e-15,1.8393476334544175e-09
91.39999999999908,-1.2167634186042858e-05,-1.2167634186042858e-05,0.480115416319623,0.5007862804205057,0.8772053277381727,1255,5.663989118459311,-2.4347635657770583e-15,1.8413622529872261e-09
91.49999999999908,-1.1741702279283441e-05,-1.1741702279283441e-05,0.4762358133740712,0.4963689209142117,0.8793176047708455,1256,5.660204630675345,-3.0275598132134654e-15,1.843376872520035e-09
91.59999999999907,-1.1198253235274454e-05,-1.1198253235274454e-05,0.47381967044354256,0.49362321128667386,0.8806218938345632,1256,5.664193161237135,-3.593171540194033e-15,1.8453914920528437e-09
91.69999999999906,-1.0542670019115636e-05,-1.0542670019115636e-05,0.4711535561752321,0.49059813279831765,0.8820512040145019,1257,5.675943504017675,-4.125934382066665e-15,1.8474061115856523e-09
91.79999999999906,-9.781458408905744e-06,-9.781458408905744e-06,0.4672198641143415,0.4861437079837607,0.8841411643945645,1258,5.695109445103203,-4.62051139610755e-15,1.849420731118461e-09
91.89999999999905,-8.922182440447354e-06,-8.922182440447354e-06,0.46519763482653925,0.4838578621296149,0.8852068461957318,1258,5.721028279016757,-5.07194645374769e-15,1.8514353506512696e-09
91.99999999999905,-7.973389250051868e-06,-7.973389250051868e-06,0.4624457518699243,0.4807516467348707,0.8866475774384434,1259,5.7527561635099,-5.475713693374722e-15,1.8534499701840784e-09
92.09999999999904,-6.944524062159273e-06,-6.944524062159273e-06,0.45861711360521534,0.4764383789923297,0.8886339758913233,1260,5.789117006614034,-5.8277625688562726e-15,1.855464589716887e-09
92.19999999999904,-5.8458361672771445e-06,-5.8458361672771445e-06,0.45672980931944224,0.4743157136920591,0.8896054638315942,1260,5.828760689115469,-6.124558090090344e-15,1.8574792092496958e-09
92.29999999999903,-4.688276826124758e-06,-4.688276826124758e-06,0.45405003583664316,0.47130571809987165,0.8909761865261849,1261,5.870226181404671,-6.363115907975352e-15,1.8594938287825043e-09
92.39999999999903,-3.4833901169345002e-06,-3.4833901169345002e-06,0.45042829261404355,0.46724499268579883,0.892812608117066,1262,5.91200543972384,-6.541031945510807e-15,1.8615084483153131e-09
92.49999999999902,-2.243197813799847e-06,-2.243197813799847e-06,0.44849791851504095,0.46508404211311044,0.8937838760503994,1262,5.952604686108098,-6.65650632029857e-15,1.863523067848122e-09
92.59999999999901,-9.80079444054311e-07,-9.80079444054311e-07,0.4459890273810401,0.4622789680894448,0.8950384279212339,1263,5.990600578506618,-6.7083613445371664e-15,1.8655376873809303e-09
92.69999999999901,2.9335127868634237e-07,2.9335127868634237e-07,0.44262897002606383,0.45852837117038336,0.8967048538363478,1264,6.024689677223649,-6.696053430453702e-15,1.867552306913739e-09
92.799999999999,1.564372412476299e-06,1.564372412476299e-06,0.44053982188237323,0.45619990143420996,0.8977330702028565,1264,6.0537303829165365,-6.6196787752067555e-15,1.869566926446548e-09
92.899999999999,2.820280878243704e-06,2.820280878243704e-06,0.4382578159786287,0.4536595173156143,0.898849312584508,1265,6.076777095708629,-6.479972751341573e-15,1.8715815459793566e-09
92.99999999999899,4.048519414662179e-06,4.048519414662179e-06,0.43518412950727825,0.45024277741163043,0.9003414760106259,1266,6.093106712662194,-6.27830298685622e-15,1.873596165512165e-09
93.09999999999899,5.236802127945973e-06,5.236802127945973e-06,0.43286630740346577,0.44766999316000905,0.9014581298734226,1266,6.102237763876453,-6.016656181317653e-15,1.8756107850449738e-09
93.19999999999898,6.373237381344217e-06,6.373237381344217e-06,0.4308397333652643,0.44542309671124003,0.9024284592995435,1267,6.1039425241505105,-5.697618768890592e-15,1.8776254045777826e-09
93.29999999999897,7.446446795178175e-06,7.446446795178175e-06,0.42805901799178236,0.4423439857216555,0.903750782636403,1268,6.0982523698763735,-5.3243516031151505e-15,1.8796400241105914e-09
93.39999999999897,8.44567916662757e-06,8.44567916662757e-06,0.4254747145665058,0.4394863846542124,0.9049703129189103,1268,6.085456519768231,-4.90055889975605e-15,1.8816546436434e-09
93.49999999999896,9.36091816874963e-06,9.36091816874963e-06,0.4237140457238232,0.43754171816927906,0.9057960076398823,1269,6.066094139654575,-4.4304517317639045e-15,1.8836692631762085e-09
93.59999999999896,1.0182982749910088e-05,1.0182982749910088e-05,0.42122110210418034,0.4347912709924781,0.906957983118369,1270,6.0409396401873305,-3.9187064238439196e-15,1.8856838827090173e-09
93.69999999999895,1.0903619227307089e-05,1.0903619227307089e-05,0.4183533493771619,0.43163163739844834,0.9082843580426287,1270,6.010980886882673,-3.3704182434324576e-15,1.887698502241826e-09
93.79999999999895,1.1515584150856664e-05,1.1515584150856664e-05,0.4235967947167048,0.4374122768195942,0.9058508461693535,1254,5.977390012140211,-2.7910508305017882e-15,1.889713121774635e-09
93.89999999999894,1.2012717105561306e-05,1.2012717105561306e-05,0.445417913264329,0.46164098052087094,0.895322781204215,1254,5.9414866093939045,-2.186381851109162e-15,1.8917277413074432e-09
93.99999999999893,1.2390002720686633e-05,1.2390002720686633e-05,0.4629382435656323,0.4813071809664892,0.8863905361884046,1254,5.904693340114784,-1.5624453994450346e-15,1.893742360840252e-09
94.09999999999893,1.2643621261627972e-05,1.2643621261627972e-05,0.47598054282119984,0.4960786384379778,0.8794558106327094,1254,5.868484425302113,-9.254717105601858e-16,1.895756980373061e-09
94.19999999999892,1.2770987294186406e-05,1.2770987294186406e-05,0.48439627288248277,0.5056729425579543,0.8748487016722145,1254,5.834328131327835,-2.818247808687166e-16,1.8977715999058696e-09
94.29999999999892,1.2770776029958076e-05,1.2770776029958076e-05,0.4880652792328217,0.5098717108705046,0.8728071282977631,1254,5.80362516227842,3.620614746174151e-16,1.899786219438678e-09
94.39999999999891,1.2642937084483945e-05,1.2642937084483945e-05,0.48689796591975115,0.508534786082878,0.8734588546595706,1254,5.777645749233555,9.997478717140858e-16,1.9018008389714867e-09
94.4999999999989,1.2388695505483225e-05,1.2388695505483225e-05,0.4833398104532912,0.5044657512735987,0.8754328230258314,1255,5.757469034792176,1.6248547349432565e-15,1.9038154585042955e-09
94.5999999999989,1.2010540055647216e-05,1.2010540055647216e-05,0.48016502023052815,0.5008428289582362,0.8771781765109165,1255,5.743928900182129,2.2311261126162516e-15,1.9058300780371043e-09
94.6999999999989,1.1512198861831545e-05,1.1512198861831545e-05,0.477840050082769,0.49819423516430295,0.8784468603944674,1256,5.73757048297344,2.8124927362551925e-15,1.907844697569913e-09
94.79999999999889,1.0898602668781136e-05,1.0898602668781136e-05,0.4740992333512069,0.4939406991830001,0.8804714174439724,1257,5.738621154234874,3.3631330438715508e-15,1.9098593171027215e-09
94.89999999999888,1.0175836059490763e-05,1.0175836059490763e-05,0.4715118583676606,0.4910043916206099,0.8818597209413044,1257,5.746978649184295,3.877531614447658e-15,1.9118739366355302e-09
94.99999999999888,9.351077124705711e-06,9.351077124705711e-06,0.468967366242115,0.48812123928699197,0.8832154943160441,1258,5.762217504879089,4.3505344036885125e-15,1.913888556168339e-09
95.09999999999887,8.432526179696283e-06,8.432526179696283e-06,0.4652314130233882,0.48389602104771434,0.8851890941128124,1259,5.783613209273613,4.77740022579651e-15,1.915903175701148e-09
95.19999999999887,7.4293242361400954e-06,7.4293242361400954e-06,0.4629198959958786,0.481286481884276,0.8864001183952792,1259,5.810181825059907,5.1538479877244845e-15,1.917917795233956e-09
95.29999999999886,6.351462039617923e-06,6.351462039617923e-06,0.46035201490605293,0.4783916886333734,0.8877364599766854,1260,5.840731604650466,5.476099245285e-15,1.919932414766765e-09
95.39999999999885,5.209680577843791e-06,5.209680577843791e-06,0.4567601533545484,0.4743498235329313,0.8895898843329602,1261,5.87392243484012,5.740915709595915e-15,1.9219470342995737e-09
95.49999999999885,4.0153640503589916e-06,4.0153640503589916e-06,0.45450310513202097,0.47181429289839405,0.8907451529058977,1261,5.908328870825378,5.945631384759419e-15,1.9239616538323825e-09
95.59999999999884,2.780426366163669e-06,2.780426366163669e-06,0.4520475137891395,0.4690594423309483,0.8919938594390983,1262,5.942502939243248,6.088179063358389e-15,1.925976273365191e-09
95.69999999999884,1.517192300877425e-06,1.517192300877425e-06,0.4486842401396223,0.46529251686541906,0.8936903561359101,1263,5.97503363071344,6.167110947739772e-15,1.9279908928979997e-09
95.79999999999883,2.3827449885704635e-07,2.3827449885704635e-07,0.4463336581330039,0.46266405080466205,0.8948666188978169,1263,6.0046008697154,6.181613205903969e-15,1.9300055124308085e-09
95.89999999999883,-1.0435524522878355e-06,-1.0435524522878355e-06,0.44407358148590087,0.4601400351809922,0.89599032038649,1264,6.030022581055178,6.131514314831256e-15,1.9320201319636172e-09
95.99999999999882,-2.315479617576231e-06,-2.315479617576231e-06,0.4409838801879942,0.45669460553457525,0.8975150235034178,1265,6.050294161171116,6.017287093728501e-15,1.934034751496426e-09
96.09999999999881,-3.5647917065165558e-06,-3.5647917065165558e-06,0.43844644381758363,0.4538693828502618,0.8987573175800654,1265,6.064620160133251,5.840044385667389e-15,1.9360493710292344e-09
96.19999999999881,-4.778994182044193e-06,-4.778994182044193e-06,0.4364288444358928,0.45162573212083107,0.8997387752811098,1266,6.07243828263435,5.601528407397023e-15,1.938063990562043e-09
96.2999999999988,-5.945938215927235e-06,-5.945938215927235e-06,0.4336321355500038,0.44851971039284677,0.9010899905216699,1267,6.07343594799363,5.30409385157178e-15,1.940078610094852e-09
96.3999999999988,-7.053942241026518e-06,-7.053942241026518e-06,0.4308535329602386,0.44543838838916244,0.9024218709315951,1267,6.067559647947973,4.950684890646212e-15,1.9420932296276608e-09
96.49999999999879,-8.091908884287123e-06,-8.091908884287123e-06,0.42910059369241427,0.44349680394813523,0.9032567079700087,1268,6.055017248032868,4.544806294918149e-15,1.944107849160469e-09
96.59999999999879,-9.049436109996409e-06,-9.049436109996409e-06,0.426599068551061,0.4407291689019597,0.9044408409129738,1269,6.036273233951138,4.090488937009159e-15,1.946122468693278e-09
96.69999999999878,-9.916921460217236e-06,-9.916921460217236e-06,0.423551093635904,0.43736182641494425,0.905872215646241,1269,6.012036747502675,3.592250010646994e-15,1.9481370882260867e-09
96.79999999999878,-1.0685658347825691e-05,-1.0685658347825691e-05,0.4220667863706387,0.4357239135167433,0.90656474001737,1270,5.983242127068242,3.055048342868544e-15,1.9501517077588955e-09
96.89999999999877,-1.1347923436570337e-05,-1.1347923436570337e-05,0.4198497481510685,0.4332797640333606,0.9075936254610234,1271,5.9510216078857505,2.4842352260703754e-15,1.952166327291704e-09
96.99999999999876,-1.189705423123989e-05,-1.189705423123989e-05,0.4394594098959391,0.45499676718957344,0.8982624488722174,1254,5.9166698935486215,1.8855012402738075e-15,1.9541809468245126e-09
97.09999999999876,-1.2327516098495904e-05,-1.2327516098495904e-05,0.4588716102688054,0.47672479104114,0.8885025859778426,1254,5.881600528965388,1.2648195770901534e-15,1.9561955663573214e-09
97.19999999999875,-1.263495804422651e-05,-1.263495804422651e-05,0.47385329396958353,0.49366139324838343,0.8806038018281408,1254,5.8472944253674815,6.283864155378988e-16,1.95821018589013e-09
97.29999999999875,-1.2816256685357176e-05,-1.2816256685357176e-05,0.4842435384187117,0.5054983671337874,0.8749332520253906,1254,5.8152415266807544,-1.7441063849459132e-17,1.9602248054229386e-09
97.39999999999874,-1.286954797179783e-05,-1.286954797179783e-05,0.4899095019398547,0.511985940738275,0.8717732961665225,1254,5.786877439732013,-6.662084066145696e-16,1.9622394249557473e-09
97.49999999999874,-1.2794246336438152e-05,-1.2794246336438152e-05,0.4907474298608654,0.5129473770200593,0.8713018765531009,1254,5.763517795775637,-1.311428703686188e-15,1.964254044488556e-09
97.59999999999873,-1.2591051076604723e-05,-1.2591051076604723e-05,0.4866866079921132,0.5082928242827003,0.8735766397982098,1254,5.746294018835122,-1.9466478276310122e-15,1.966268664021365e-09
97.69999999999872,-1.2261939897912357e-05,-1.2261939897912357e-05,0.48479182641540675,0.5061251385440912,0.8746295701843233,1255,5.73609484550355,-2.5655093937462774e-15,1.9682832835541737e-09
97.79999999999872,-1.181014967970366e-05,-1.181014967970366e-05,0.48131978004098946,0.5021597524149589,0.8765450754760382,1256,5.7335181572910505,-3.1618187468871478e-15,1.970297903086982e-09
97.89999999999871,-1.1240144648994448e-05,-1.1240144648994448e-05,0.4780667759754946,0.498452351873839,0.8783234926314998,1256,5.738837288645835,-3.729605281125736e-15,1.972312522619791e-09
97.9999999999987,-1.055757227575134e-05,-1.055757227575134e-05,0.47580420801304657,0.4958781448593952,0.8795512239983965,1257,5.7519849192480175,-4.263182420857528e-15,1.9743271421525996e-09
98.0999999999987,-9.769207325162642e-06,-9.769207325162642e-06,0.4722139880637056,0.49180075329593664,0.8814839473733883,1258,5.772556065965472,-4.7572046292044535e-15,1.9763417616854084e-09
98.1999999999987,-8.882884621096033e-06,-8.882884621096033e-06,0.4694077927277489,0.4886199678870959,0.8829814970464912,1258,5.799829823793296,-5.206720860539428e-15,1.9783563812182168e-09
98.29999999999869,-7.90742118797969e-06,-7.90742118797969e-06,0.46700081306950153,0.4858959684619263,0.884256886087083,1259,5.832807711093054,-5.607223934347099e-15,1.9803710007510256e-09
98.39999999999868,-6.852528544766121e-06,-6.852528544766121e-06,0.46346917081350136,0.4819062513861632,0.8861130445408449,1260,5.870265075224781,-5.954695371639914e-15,1.9823856202838344e-09
98.49999999999868,-5.728716023373129e-06,-5.728716023373129e-06,0.46083822419241327,0.4789394619852758,0.8874841582378713,1260,5.910811218891317,-6.245645297043364e-15,1.984400239816643e-09
98.59999999999867,-4.547186074054676e-06,-4.547186074054676e-06,0.45846339771652617,0.4762654067305767,0.8887132906366475,1261,5.952953764052924,-6.477147065440277e-15,1.9864148593494515e-09
98.69999999999867,-3.31972260063203e-06,-3.31972260063203e-06,0.4551099383816144,0.472495676124146,0.89043525535902,1262,5.995163180738584,-6.646866320481224e-15,1.9884294788822603e-09
98.79999999999866,-2.058573438604426e-06,-2.058573438604426e-06,0.4524677444007876,0.4695306123959687,0.8917807691786493,1262,6.0359341825290125,-6.7530842349188796e-15,1.990444098415069e-09
98.89999999999866,-7.763281481536624e-07,-7.763281481536624e-07,0.45024104435845147,0.46703527527138256,0.892907051139709,1263,6.073841616339183,-6.794714723129489e-15,1.992458717947878e-09
98.99999999999865,5.142076586354385e-07,5.142076586354385e-07,0.4471359666370429,0.46356081917656855,0.8944660012205926,1264,6.107589371441205,-6.771315458382785e-15,1.9944733374806866e-09
99.09999999999864,1.8001402018747247e-06,1.8001402018747247e-06,0.4443608061670939,0.46046062737978766,0.8958479078183587,1264,6.136051582521596,-6.683092574602426e-15,1.996487957013495e-09
99.19999999999864,3.0686163522081145e-06,3.0686163522081145e-06,0.44235201668804897,0.45821953796544324,0.896841509594653,1265,6.158305948778305,-6.530898986024727e-15,1.998502576546304e-09
99.29999999999863,4.306952096430742e-06,4.306952096430742e-06,0.43953123445368153,0.4550767281885091,0.89822730638721,1266,6.173659330651688,-6.3162263179328945e-15,2.0005171960791126e-09
99.39999999999863,5.5027593664291825e-06,5.5027593664291825e-06,0.43654839670049,0.4517586108198389,0.8996807752409915,1266,6.1816659438738935,-6.041190505671712e-15,2.0025318156119214e-09
99.49999999999862,6.644069963301753e-06,6.644069963301753e-06,0.4347947765569227,0.44981037227562526,0.9005295676871558,1267,6.182138487313049,-5.708511184839381e-15,2.0045464351447297e-09
99.59999999999862,7.719455337019048e-06,7.719455337019048e-06,0.43227066078336585,0.44700933885074606,0.9017439081168845,1268,6.175152459438933,-5.3214850603253055e-15,2.0065610546775385e-09
99.69999999999861,8.71814102288614e-06,8.71814102288614e-06,0.4290378081303108,0.44342729488720245,0.9032865321672513,1268,6.161043778203158,-4.883953503711944e-15,2.0085756742103473e-09
99.7999999999986,9.630114588965608e-06,9.630114588965608e-06,0.42755284631609186,0.441783981137299,0.9039903559258851,1269,6.14039965714154,-4.4002646863175635e-15,2.010590293743156e-09
99.8999999999986,1.044622601299104e-05,1.044622601299104e-05,0.425320541141505,0.43931602851142076,0.9050427820181195,1270,6.114042541292739,-3.87523060847444e-15,2.0126049132759645e-09
99.9999999999986,1.1158279482505646e-05,1.1158279482505646e-05,0.42238270710194536,0.4360724229564166,0.9064175907059793,1271,6.083006805908037,-3.3140794347569903e-15,2.0146195328087732e-09
100.09999999999859,1.1759115697252885e-05,1.1759115697252885e-05,0.43260561242322,0.44738082067718027,0.901583265206232,1254,6.048507907808625,-2.7224035903497517e-15,2.016634152341582e-09
100.19999999999858,1.2242683847377413e-05,1.2242683847377413e-05,0.45390526824840177,0.4711432428305966,0.8910499466676076,1254,6.011903795141419,-2.1061041161876274e-15,2.018648771874391e-09
100.29999999999858,1.2604102543824513e-05,1.2604102543824513e-05,0.4708267676062359,0.4902276823687367,0.8822256825242981,1254,5.974648665781506,-1.4713318203884022e-15,2.020663391407199e-09
100.39999999999857,1.283970908743026e-05,1.283970908743026e-05,0.48319665367923254,0.5043022318018445,0.8755118467920304,1254,5.938239645674151,-8.244258010582106e-16,2.022678010940008e-09
100.49999999999856,1.2947096579475557e-05,1.2947096579475557e-05,0.4908696972998162,0.5130877098654973,0.8712329999906953,1254,5.904157637499853,-1.7184995064425556e-16,2.0246926304728167e-09
100.59999999999856,1.2925138497775776e-05,1.2925138497775776e-05,0.49372879699913985,0.5163724258114103,0.8696159353494979,1254,5.873804424992636,4.798719160003533e-16,2.0267072500056255e-09
100.69999999999855,1.277400048748356e-05,1.277400048748356e-05,0.49168764785958896,0.5140268009319039,0.8707716445442542,1254,5.848439009568934,1.1242216400729675e-15,2.0287218695384343e-09
100.79999999999855,1.2495139243447059e-05,1.2495139243447059e-05,0.4885741897604076,0.5104548792840853,0.872522355644806,1255,5.829116945991516,1.7547523128587224e-15,2.0307364890712427e-09
100.89999999999854,1.2091288489914537e-05,1.2091288489914537e-05,0.48453428385235137,0.5058307035492353,0.8747722719494995,1255,5.816636937554832,2.3651531823900537e-15,2.0327511086040515e-09
100.99999999999854,1.1566432192320985e-05,1.1566432192320985e-05,0.48264906083413067,0.5036768851503611,0.8758138409935822,1256,5.81149896173808,2.949313169952609e-15,2.0347657281368602e-09
101.09999999999853,1.0925765263544338e-05,1.0925765263544338e-05,0.4792810131495183,0.49983532152888693,0.8776615010551455,1257,5.813877606954122,3.5013823086885638e-15,2.036780347669669e-09
101.19999999999852,1.0175642152102134e-05,1.0175642152102134e-05,0.47589135745291455,0.49597723149971146,0.879504073840265,1257,5.823613117840242,4.015830447700752e-15,2.0387949672024774e-09
101.29999999999852,9.323513821022502e-06,9.323513821022502e-06,0.47371927630808514,0.49350921110397605,0.8806759036411432,1258,5.840221026897574,4.48750261139615e-15,2.040809586735286e-09
101.39999999999851,8.37785374235341e-06,8.37785374235341e-06,0.4703020045579266,0.4896329594707062,0.8825055379479474,1259,5.862919471255254,4.911670461831462e-15,2.042824206268095e-09
101.49999999999851,7.348073642306767e-06,7.348073642306767e-06,0.46723598157596435,0.4861619375831795,0.8841326470166935,1259,5.89067167800558,5.284079376026111e-15,2.0448388258009038e-09
101.5999999999985,6.244429834767732e-06,6.244429834767732e-06,0.4649936572789902,0.4836274468303233,0.8853140113486904,1260,5.922239925568662,5.600990714436842e-15,2.046853445333712e-09
101.6999999999985,5.077921075304296e-06,5.077921075304296e-06,0.4616859833202086,0.47989493776066117,0.8870434334380995,1261,5.95624670592169,5.8592189159952474e-15,2.048868064866521e-09
101.79999999999849,3.8601789529411135e-06,3.8601789529411135e-06,0.4587118390414789,0.47654497861012035,0.8885850824334068,1261,5.991238828611284,6.056163106780722e-15,2.0508826843993297e-09
101.89999999999849,2.6033519119601246e-06,2.6033519119601246e-06,0.4565535836164672,0.47411762954030595,0.88969591731499,1262,6.02575070282818,6.189832954062722e-15,2.0528973039321385e-09
101.99999999999848,1.3199840601048026e-06,1.3199840601048026e-06,0.45345645090683206,0.4706396124817557,0.8912784341220087,1263,6.058363820688979,6.258868538105491e-15,2.0549119234649473e-09
102.09999999999847,2.2889972149879965e-08,2.2889972149879965e-08,0.4504185243058941,0.46723405166513965,0.8928175362088834,1263,6.087760348710381,6.2625540549464624e-15,2.0569265429977556e-09
102.19999999999847,-1.2749732616764758e-06,-1.2749732616764758e-06,0.4484419974999749,0.4650214764987732,0.8938119348488431,1264,6.1127695591110776,6.200825208149545e-15,2.0589411625305644e-09
102.29999999999846,-2.5606354648756123e-06,-2.5606354648756123e-06,0.44561205398101544,0.4618578310187927,0.8952261710578062,1265,6.1324065003723405,6.07427019862889e-15,2.060955782063373e-09
102.39999999999846,-3.821242988624032e-06,-3.821242988624032e-06,0.44241081112272174,0.45828509624377395,0.8968125078307815,1265,6.145902776750341,5.884124279414114e-15,2.062970401596182e-09
102.49999999999845,-5.0441872152528375e-06,-5.0441872152528375e-06,0.44067205156399963,0.4563471996296722,0.8976681697433498,1266,6.152729581463793,5.6322579053160636e-15,2.0649850211289903e-09
102.59999999999845,-6.217230666588563e-06,-6.217230666588563e-06,0.4381348160220403,0.45352268030389287,0.8989092740590303,1267,6.152613236116208,5.321158573387582e-15,2.066999640661799e-09
102.69999999999844,-7.328629455882156e-06,-7.328629455882156e-06,0.4348641351677058,0.4498873935117963,0.9004960765849251,1268,6.145543468951054,4.953906516106512e-15,2.069014260194608e-09
102.79999999999843,-8.36725085806641e-06,-8.36725085806641e-06,0.4332350562029902,0.4480790915087375,0.9012809695521102,1268,6.13177455856359,4.534144472982119e-15,2.0710288797274167e-09
102.89999999999843,-9.32268482135544e-06,-9.32268482135544e-06,0.43099360589689023,0.4455936130489014,0.9023549809670228,1269,6.111819318212979,4.066041826252344e-15,2.073043499260225e-09
102.99999999999842,-1.0185348303255342e-05,-1.0185348303255342e-05,0.4280350364845902,0.44231745035709247,0.9037621410203215,1270,6.086435738328137,3.5542534418269134e-15,2.075058118793034e-09
103.09999999999842,-1.0946581385298153e-05,-1.0946581385298153e-05,0.42610363155103476,0.4401814569732075,0.9046743586390741,1270,6.056605981717202,3.0038736076933555e-15,2.0770727383258426e-09
103.19999999999841,-1.159873420253381e-05,-1.159873420253381e-05,0.42505626526169105,0.4390240447968643,0.9051669301083546,1254,6.023507381169743,2.420385509129697e-15,2.0790873578586514e-09
103.2999999999984,-1.2135243815205294e-05,-1.2135243815205294e-05,0.4482313751229661,0.4647858453536298,0.8939175769361373,1254,5.988475169793093,1.8096067239027714e-15,2.0811019773914598e-09
103.3999999999984,-1.2550700250180746e-05,-1.2550700250180746e-05,0.4670859009959103,0.485992196255052,0.884211943535507,1254,5.952956927354058,1.1776312617518395e-15,2.0831165969242686e-09
103.4999999999984,-1.2840901047626171e-05,-1.2840901047626171e-05,0.4814335379165824,0.5022895368753042,0.8764826002660422,1254,5.918459188067807,5.307687112292496e-16,2.0851312164570774e-09
103.59999999999839,-1.3002893762998337e-05,-1.3002893762998337e-05,0.49111674855039594,0.5133712975994973,0.8710937603342634,1254,5.8864873383471465,-1.2451890656472382e-16,2.087145835989886e-09
103.69999999999838,-1.3035005994576805e-05,-1.3035005994576805e-05,0.4960056614231497,0.5189926191216692,0.8683192868042168,1254,5.8584808040324186,-7.816819440590334e-16,2.089160455522695e-09
103.79999999999838,-1.2936862631238969e-05,-1.2936862631238969e-05,0.4959994607941491,0.5189854781811781,0.8683228287289891,1254,5.8357464908605055,-1.4341489297616238e-15,2.0911750750555033e-09
103.89999999999837,-1.2709390142769817e-05,-1.2709390142769817e-05,0.49165778985100245,0.5139925121264112,0.8707885034144787,1255,5.819394337939146,-2.0753926793542376e-15,2.093189694588312e-09
103.99999999999837,-1.2354807864415412e-05,-1.2354807864415412e-05,0.48960718224403627,0.5116391874592098,0.8719431214792941,1255,5.810279461414151,-2.698996010795929e-15,2.095204314121121e-09
104.09999999999836,-1.1876606357343053e-05,-1.1876606357343053e-05,0.48653289314561277,0.50811687256121,0.8736622596217372,1256,5.808955491283855,-3.2987163533383836e-15,2.0972189336539296e-09
104.19999999999835,-1.1279513055863517e-05,-1.1279513055863517e-05,0.48244687299030414,0.5034460427311119,0.8759252335341626,1256,5.815643190034633,-3.86854854886753e-15,2.099233553186738e-09
104.29999999999835,-1.0569445539409885e-05,-1.0569445539409885e-05,0.4805801947788184,0.5013161972795424,0.8769507833318544,1257,5.83021726981055,-4.402785168627304e-15,2.101248172719547e-09
104.39999999999834,-9.753452891082231e-06,-9.753452891082231e-06,0.4773258987451156,0.49760903238303705,0.8787263432873557,1258,5.852212642006449,-4.8960737092514475e-15,2.1032627922523556e-09
104.49999999999834,-8.839645723818804e-06,-8.839645723818804e-06,0.47374317173647923,0.4935363443577389,0.8806630497716256,1258,5.880849428486062,-5.34347008663094e-15,2.1052774117851644e-09
104.59999999999833,-7.837115568748847e-06,-7.837115568748847e-06,0.47167800758728634,0.49119280887819544,0.8817708643170786,1259,5.915074290561819,-5.7404879095383396e-15,2.1072920313179727e-09
104.69999999999833,-6.755844426883044e-06,-6.755844426883044e-06,0.46844191510869315,0.487526403484731,0.8834942966252244,1260,5.953614304120717,-6.0831430808251295e-15,2.1093066508507815e-09
104.79999999999832,-5.60660538393677e-06,-5.60660538393677e-06,0.4650784906438403,0.48372327215195243,0.8852694491172998,1260,5.995038913214572,-6.367993336504122e-15,2.1113212703835903e-09
104.89999999999831,-4.400855277769534e-06,-4.400855277769534e-06,0.4630121854324314,0.4813906018455144,0.8863519143890217,1261,6.037825452451213,-6.5921723883268705e-15,2.113335889916399e-09
104.99999999999831,-3.150620487761344e-06,-3.150620487761344e-06,0.4599322692369749,0.4779189196789773,0.887954000900118,1262,6.080424220746729,-6.75341838284491e-15,2.115350509449208e-09
105.0999999999983,-1.868376984631105e-06,-1.868376984631105e-06,0.4565923822104903,0.47416123885379247,0.8896760064806455,1262,6.1213199142192485,-6.8500964316194175e-15,2.1173651289820162e-09
105.1999999999983,-5.669258370377695e-07,-5.669258370377695e-07,0.4546568879992541,0.47198694569547556,0.8906666683977984,1263,6.159087170927074,-6.881215007250876e-15,2.119379748514825e-09
105.29999999999829,7.407345827909559e-07,7.407345827909559e-07,0.4518163026089546,0.4688002522074295,0.8921109957268623,1264,6.192438871407282,-6.846436042522878e-15,2.121394368047634e-09
105.39999999999829,2.0415384186487888e-06,2.0415384186487888e-06,0.4483706618892168,0.46494166755923644,0.8938477216825166,1264,6.22026656715924,-6.7460786183428884e-15,2.1234089875804426e-09
105.49999999999828,3.322482878632936e-06,3.322482878632936e-06,0.4466459291776149,0.46301303938521593,0.894710799056916,1265,6.241672928127607,-6.581116181543698e-15,2.125423607113251e-09
105.59999999999827,4.570758207765942e-06,4.570758207765942e-06,0.44408764742613205,0.4601557340056708,0.8959833488427803,1266,6.255996411452167,-6.3531672952419045e-15,2.1274382266460597e-09
105.69999999999827,5.773875785812014e-06,5.773875785812014e-06,0.4407725985443028,0.45645921178338056,0.8976188034864816,1267,6.262828487187391,-6.064479990143748e-15,2.1294528461788685e-09
105.79999999999826,6.919793069334735e-06,6.919793069334735e-06,0.43898263834150747,0.4544660651751257,0.8984955443599758,1267,6.262023754152851,-5.717909852126805e-15,2.1314674657116773e-09
105.89999999999826,7.997034128044244e-06,7.997034128044244e-06,0.4367207955235828,0.4519502419455273,0.8995971024615681,1268,6.253703183718186,-5.316892046948354e-15,2.1334820852444857e-09
105.99999999999825,8.994804568987728e-06,8.994804568987728e-06,0.4337271446685141,0.44862515105936085,0.9010442630513208,1269,6.238250581067424,-4.865407545081936e-15,2.1354967047772945e-09
106.09999999999825,9.903099697717902e-06,9.903099697717902e-06,0.43164628175949143,0.44631704087174884,0.9020429521055002,1269,6.216302188776325,-4.367943867427074e-15,2.1375113243101032e-09
106.19999999999824,1.0712804832679555e-05,1.0712804832679555e-05,0.42967419196630274,0.4441319333135634,0.9029839914185106,1270,6.188729211585698,-3.829450725774634e-15,2.139525943842912e-09
106.29999999999824,1.1415786767018586e-05,1.1415786767018586e-05,0.4269800772546731,0.44115047514786454,0.9042610317975631,1271,6.156612950869244,-3.2552909808161073e-15,2.1415405633757204e-09
106.39999999999823,1.2004975460066492e-05,1.2004975460066492e-05,0.44180943818532303,0.4576146399970025,0.8971089233367202,1254,6.12121224257484,-2.6511873858055426e-15,2.143555182908529e-09
106.49999999999822,1.2474435138010428e-05,1.2474435138010428e-05,0.46259385132675973,0.4809186870708318,0.886570317975216,1254,6.083923035677294,-2.0231656263719404e-15,2.145569802441338e-09
106.59999999999822,1.2819424088756587e-05,1.2819424088756587e-05,0.4789211577148129,0.49942535120819326,0.877857918283536,1254,6.046230268517279,-1.3774942069310156e-15,2.1475844219741468e-09
106.69999999999821,1.3036442548681854e-05,1.3036442548681854e-05,0.4906214400195383,0.5128027833780057,0.8713728264027715,1254,6.009652722893331,-7.206217718664739e-16,2.1495990415069555e-09
106.7999999999982,1.3123268197722512e-05,1.3123268197722512e-05,0.4975524692188788,0.5207749086933577,0.8674338824222839,1254,5.975682255757295,-5.911248495505778e-17,2.151613661039764e-09
106.8999999999982,1.3078978902884681e-05,1.3078978902884681e-05,0.49959986443404447,0.5231368004377818,0.8662562989424575,1254,5.945719674011032,6.004198773312715e-16,2.1536282805725727e-09
106.9999999999982,1.2903962477545952e-05,1.2903962477545952e-05,0.4966803143111787,0.5197697557641082,0.8679335604617145,1254,5.9210104178834255,1.2513784354372424e-15,2.1556429001053815e-09
107.09999999999819,1.2599913353580583e-05,1.2599913353580583e-05,0.4939986740884061,0.5166827937136527,0.8694626558966732,1255,5.902583984090962,1.8872496153013513e-15,2.1576575196381903e-09
107.19999999999818,1.2169816194086975e-05,1.2169816194086975e-05,0.4897478489328618,0.511800520300525,0.8718641204142047,1256,5.891201450943509,2.501668741013952e-15,2.1596721391709986e-09
107.29999999999818,1.1617916605019623e-05,1.1617916605019623e-05,0.4876321062365033,0.5093754810524023,0.8730492133707879,1256,5.887315381224076,3.08848409878704e-15,2.1616867587038074e-09
107.39999999999817,1.094967923302409e-05,1.094967923302409e-05,0.48462355905099913,0.5059327617935262,0.8747228166755128,1257,5.891045673822723,3.641818777325979e-15,2.163701378236616e-09
107.49999999999817,1.0171733662952643e-05,1.0171733662952643e-05,0.48043125141612303,0.5011463628539634,0.8770323897455201,1257,5.902173644843751,4.15612962439146e-15,2.165715997769425e-09
107.59999999999816,9.291808650638162e-06,9.291808650638162e-06,0.4786213049972001,0.4990838098448352,0.8780214384642194,1258,5.920154926196763,4.626262709484114e-15,2.1677306173022333e-09
107.69999999999816,8.318655343302588e-06,8.318655343302588e-06,0.47551276102787843,0.4955468158066829,0.879708823474929,1259,5.944149970014011,5.047504744059465e-15,2.169745236835042e-09
107.79999999999815,7.261960250304284e-06,7.261960250304284e-06,0.471695420922796,0.4912125571236763,0.8817615493320552,1259,5.973069367045818,5.4156299773788345e-15,2.171759856367851e-09
107.89999999999814,6.132248829680617e-06,6.132248829680617e-06,0.4697724543567582,0.4890330022263935,0.8827875401973159,1260,6.005630089537972,5.726942151517913e-15,2.1737744759006597e-09
107.99999999999814,4.940780650088185e-06,4.940780650088185e-06,0.4667434319228286,0.4856049202668171,0.8843927683766415,1261,6.040418285067819,5.9783111581835725e-15,2.1757890954334685e-09
108.09999999999813,3.699437172338509e-06,3.699437172338509e-06,0.4630581909880599,0.4814425069394301,0.8863278805040861,1261,6.075954358285712,6.167204090730775e-15,2.177803714966277e-09
108.19999999999813,2.4206032689225525e-06,2.4206032689225525e-06,0.46119471107331594,0.4793411864248622,0.8872989566532807,1262,6.110756644860059,6.291710428284269e-15,2.1798183344990856e-09
108.29999999999812,1.1170436629671448e-06,1.1170436629671448e-06,0.45836110506324534,0.4761503081742743,0.8887660532250321,1263,6.143400810227735,6.350561128770953e-15,2.1818329540318944e-09
108.39999999999812,-1.9822448066454458e-07,-1.9822448066454458e-07,0.4546768106658229,0.47200931408650215,0.8906564982319253,1264,6.1725730016836655,6.343141448508729e-15,2.183847573564703e-09
108.49999999999811,-1.5120615404451075e-06,-1.5120615404451075e-06,0.4529488744779758,0.4700702023790933,0.8915364923036717,1264,6.19711559687584,6.269497351676726e-15,2.1858621930975116e-09
108.5999999999981,-2.811336701465605e-06,-2.811336701465605e-06,0.45037600164169656,0.4671864247406657,0.8928389872453143,1265,6.216065036344759,6.13033542564777e-15,2.1878768126303204e-09
108.6999999999981,-4.083059185648741e-06,-4.083059185648741e-06,0.4470152503204962,0.4634258646394864,0.8945263361024672,1266,6.228681669799436,5.927016277823807e-15,2.189891432163129e-09
108.7999999999981,-5.31450813739328e-06,-5.31450813739328e-06,0.4450549359900407,0.461235606398274,0.8955032685316681,1266,6.234471793396528,5.661541454530021e-15,2.191906051695938e-09
108.89999999999809,-6.493359866038114e-06,-6.493359866038114e-06,0.4427714862857402,0.45868731070379115,0.896634491268497,1267,6.233202139676874,5.336533989937247e-15,2.1939206712287463e-09
108.99999999999808,-7.607811172405454e-06,-7.607811172405454e-06,0.43973611542177893,0.45530483571039215,0.8981270226386487,1268,6.224907043824096,4.955212759995715e-15,2.195935290761555e-09
109.09999999999808,-8.646697525284026e-06,-8.646697525284026e-06,0.4375018756217659,0.452818680581576,0.8992174980656442,1268,6.2098883917611465,4.5213608806232195e-15,2.197949910294364e-09
109.19999999999807,-9.599604904664494e-06,-9.599604904664494e-06,0.4355103514814597,0.4506051405387138,0.900183722221467,1269,6.188708298017876,4.039288449449521e-15,2.1999645298271726e-09
109.29999999999806,-1.0456974191336507e-05,-1.0456974191336507e-05,0.4327839423037871,0.4475786264172781,0.90149767569528,1270,6.162174304225146,3.5137899857638764e-15,2.201979149359981e-09
109.39999999999806,-1.1210197056477357e-05,-1.1210197056477357e-05,0.43025482711052954,0.444775049964786,0.9027074740734611,1270,6.131316774019312,2.9500969741439712e-15,2.20399376889279e-09
109.49999999999805,-1.1851702389370942e-05,-1.1851702389370942e-05,0.43446131249346676,0.4494401076238625,0.9006904950905468,1254,6.097358132129906,2.3538259641676572e-15,2.2060083884255986e-09
109.59999999999805,-1.2375032395552623e-05,-1.2375032395552623e-05,0.45716477639508557,0.47480471889568343,0.8893820142231522,1254,6.061673702694622,1.7309227223339996e-15,2.2080230079584074e-09
109.69999999999804,-1.2774907600543665e-05,-1.2774907600543665e-05,0.4754661592636592,0.49549384248663425,0.879734011730287,1254,6.025744191053048,1.0876029734501566e-15,2.210037627491216e-09
109.79999999999804,-1.3047280104893673e-05,-1.3047280104893673e-05,0.48918288728945575,0.5111526453784475,0.8721812327625215,1254,5.991100358891558,4.3029030763899683e-16,2.2120522470240245e-09
109.89999999999803,-1.3189374553389508e-05,-1.3189374553389508e-05,0.49816056518521323,0.5214760783577732,0.8670848005208884,1254,5.959261170372253,-2.3444813420357233e-16,2.2140668665568333e-09
109.99999999999802,-1.3199716403846307e-05,-1.3199716403846307e-05,0.5022720046528328,0.5262242534857011,0.864709681535962,1254,5.931667593993719,-8.999675496950924e-16,2.216081486089642e-09
110.09999999999802,-1.3078147207648163e-05,-1.3078147207648163e-05,0.5014190497203933,0.5252381296176519,0.8652045634284979,1254,5.909615224013724,-1.5596122620393594e-15,2.218096105622451e-09
110.19999999999801,-1.2825826743887619e-05,-1.2825826743887619e-05,0.49747902836172947,0.520690246247534,0.8674760033224375,1255,5.894189762382023,-2.2067827035429402e-15,2.2201107251552592e-09
110.29999999999801,-1.2445221980269693e-05,-1.2445221980269693e-05,0.49459126698236117,0.5173644879971063,0.8691256978278704,1255,5.88620995955896,-2.8350018783808407e-15,2.222125344688068e-09
110.399999999998,-1.1940082965586001e-05,-1.1940082965586001e-05,0.4919186489520127,0.5142921040116225,0.8706411676536014,1256,5.886182640132627,-3.4379805834073165e-15,2.224139964220877e-09
110.499999999998,-1.1315405889212092e-05,-1.1315405889212092e-05,0.4877768775697238,0.5095413113819354,0.8729683371739955,1257,5.8942738041891545,-4.009680676802559e-15,2.2261545837536856e-09
110.59999999999799,-1.057738367143052e-05,-1.057738367143052e-05,0.48553357535036773,0.5069734101653266,0.8742180204088044,1257,5.910298506705493,-4.54437571233015e-15,2.228169203286494e-09
110.69999999999798,-9.733344573149607e-06,-9.733344573149607e-06,0.4826200196394818,0.5036437263579817,0.8758298445720984,1258,5.933730450871353,-5.0367083017022925e-15,2.2301838228193027e-09
110.79999999999798,-8.791679433524793e-06,-8.791679433524793e-06,0.4784844495261798,0.49892794843637905,0.8780960263898412,1259,5.963730297765997,-5.481743625929098e-15,2.2321984423521115e-09
110.89999999999797,-7.761758257895633e-06,-7.761758257895633e-06,0.4765473407133362,0.49672323798639934,0.8791488111002866,1259,5.999189953322039,-5.8750185829615424e-15,2.2342130618849203e-09
110.99999999999797,-6.6538369851854625e-06,-6.6538369851854625e-06,0.473613597487884,0.4933892175744531,0.8807327405487914,1260,6.038788845624076,-6.212586126636055e-15,2.236227681417729e-09
111.09999999999796,-5.478955362403413e-06,-5.478955362403413e-06,0.46964292132121793,0.488886276119208,0.8828564585779912,1261,6.081057613470471,-6.491054414844723e-15,2.2382423009505375e-09
111.19999999999796,-4.2488269431514155e-06,-4.2488269431514155e-06,0.46777394868013644,0.48677050425064866,0.8838481390692595,1261,6.124444686455932,-6.707620439470407e-15,2.2402569204833462e-09
111.29999999999795,-2.975722306176688e-06,-2.975722306176688e-06,0.46497517826551643,0.48360657410951885,0.8853237168386212,1262,6.167381807374249,-6.860097856804136e-15,2.242271540016155e-09
111.39999999999795,-1.6723466582274179e-06,-1.6723466582274179e-06,0.4612667066668826,0.4794223283121146,0.8872615315230837,1263,6.208345418791911,-6.946938777792956e-15,2.244286159548964e-09
111.49999999999794,-3.5171304207975206e-07,-3.5171304207975206e-07,0.4593080722171455,0.47721608656689934,0.8882770371883816,1263,6.245911794793062,-6.967249317099393e-15,2.246300779081772e-09
111.59999999999793,9.729875849628049e-07,9.729875849628049e-07,0.45673785279042917,0.47432475532903545,0.889601334210099,1264,6.2788046803438995,-6.920798743103138e-15,2.248315398614581e-09
111.69999999999793,2.288518104990216e-06,2.288518104990216e-06,0.45334049358709,0.4705095145481048,0.8913374203264517,1265,6.305934904926701,-6.808022120697661e-15,2.2503300181473898e-09
111.79999999999792,3.5817275098630716e-06,3.5817275098630716e-06,0.45119241147501676,0.4681010334558244,0.8924266960525997,1265,6.326431926660466,-6.630016395948508e-15,2.2523446376801985e-09
111.89999999999792,4.8396823663693955e-06,4.8396823663693955e-06,0.4488982425942646,0.46553199054968875,0.8935828824433584,1266,6.339667545829988,-6.3885299352455745e-15,2.254359257213007e-09
111.99999999999791,6.0497961619779275e-06,6.0497961619779275e-06,0.4458266259832853,0.46209753000516834,0.895119332583293,1267,6.345272135924093,-6.0859455989601246e-15,2.2563738767458157e-09
112.0999999999979,7.19995523763516e-06,7.19995523763516e-06,0.44342954088203396,0.45942136003017064,0.8963092336203776,1267,6.3431437190549484,-5.725257497773265e-15,2.2583884962786245e-09
112.1999999999979,8.278640047620174e-06,8.278640047620174e-06,0.44142599756842943,0.45718726683101796,0.8972976589018368,1268,6.333450104314144,-5.310041646053636e-15,2.2604031158114333e-09
112.2999999999979,9.275040532644351e-06,9.275040532644351e-06,0.4386712697073072,0.45411955006165083,0.898647604533267,1269,6.316624151966417,-4.8444207890457566e-15,2.2624177353442416e-09
112.39999999999789,1.017916445070615e-05,1.017916445070615e-05,0.4359923554874056,0.4511406606390023,0.8999503686073714,1269,6.293352059913511,-4.333023738295615e-15,2.2644323548770504e-09
112.49999999999788,1.0981937580106582e-05,1.0981937580106582e-05,0.43427140985445734,0.44922927717138006,0.9007820727473554,1270,6.2645544273826355,-3.78093960264961e-15,2.266446974409859e-09
112.59999999999788,1.1675294789805145e-05,1.1675294789805145e-05,0.43180981119392503,0.44649833659458854,0.9019646816570296,1271,6.231359772177911,-3.1936673508276344e-15,2.268461593942668e-09
112.69999999999787,1.2252261063145989e-05,1.2252261063145989e-05,0.4510412477569447,0.46793165568242046,0.8925031052169278,1254,6.1950702033780845,-2.577061186724666e-15,2.2704762134754768e-09
112.79999999999787,1.2707021661006475e-05,1.2707021661006475e-05,0.47130842786908383,0.49077372233004934,0.8819684607850626,1254,6.157119124048924,-1.937272260936744e-15,2.272490833008285e-09
112.89999999999786,1.303498071861897e-05,1.303498071861897e-05,0.4870385107193542,0.5086956993338028,0.8733804950170764,1254,6.119021196626049,-1.2806872820382375e-15,2.274505452541094e-09
112.99999999999785,1.3232807685614131e-05,1.3232807685614131e-05,0.49806490617892707,0.5213657593035785,0.8671397518468269,1254,6.08231536875054,-6.138646290473255e-16,2.2765200720739027e-09
113.09999999999785,1.3298471140080532e-05,1.3298471140080532e-05,0.5042481194002654,0.5285110670051334,0.8635588191207915,1254,6.0485025179380845,5.653139793356378e-17,2.2785346916067115e-09
113.19999999999784,1.3231259633422167e-05,1.3231259633422167e-05,0.5054762195145712,0.5299337968076203,0.8628405365449963,1254,6.018980167360156,7.237975195564616e-16,2.28054931113952e-09
113.29999999999784,1.303178935226485e-05,1.303178935226485e-05,0.5016686813292033,0.525526676970261,0.8650598442728793,1254,5.994977628689495,1.3812589146376171e-15,2.2825639306723286e-09
113.39999999999783,1.2701998515322667e-05,1.2701998515322667e-05,0.4994223150872482,0.5229318508684936,0.866358673525517,1255,5.9774956622735544,2.022336435952843e-15,2.2845785502051374e-09
113.49999999999783,1.2245128555671163e-05,1.2245128555671163e-05,0.4955322360966972,0.5184474836427918,0.8685895480542044,1256,5.967255105235863,2.640612877473721e-15,2.286593169737946e-09
113.59999999999782,1.1665692270960906e-05,1.1665692270960906e-05,0.49261119235220846,0.5150877236007787,0.870249512019016,1256,5.96465872854739,3.2298975703127423e-15,2.2886077892707546e-09
113.69999999999781,1.0969429254423278e-05,1.0969429254423278e-05,0.48996669013091154,0.5120515417901902,0.8717411557120378,1257,5.969769761924544,3.784288605561695e-15,2.2906224088035634e-09
113.79999999999781,1.0163249046766268e-05,1.0163249046766268e-05,0.4859535205885994,0.507453840994368,0.8739846542288633,1258,5.982309130273218,4.298232020688588e-15,2.292637028336372e-09
113.8999999999978,9.255162571959242e-06,9.255162571959242e-06,0.48352650719769613,0.5046790260487021,0.8753297189272145,1258,6.001671686592231,4.766577340298148e-15,2.294651647869181e-09
113.9999999999978,8.25420253723149e-06,8.25420253723149e-06,0.4807336739230003,0.5014912202211904,0.876866657341066,1259,6.026959915744783,5.184628927061313e-15,2.2966662674019897e-09
114.09999999999779,7.170333588185489e-06,7.170333588185489e-06,0.4767966843774495,0.4970068792016093,0.8790136072704852,1260,6.0570320481907665,5.5481926677467784e-15,2.298680886934798e-09
114.19999999999779,6.014353112643631e-06,6.014353112643631e-06,0.47456922432379356,0.4944745706400205,0.8802181839320936,1260,6.0905605104883636,5.853617585708699e-15,2.300695506467607e-09
114.29999999999778,4.7977836806776434e-06,4.7977836806776434e-06,0.47182772077250734,0.4913626035394745,0.8816907631991053,1261,6.126096256845963,6.09783202999625e-15,2.3027101260004156e-09
114.39999999999777,3.532758192270742e-06,3.532758192270742e-06,0.468102080967052,0.4871417948862726,0.883674398064307,1262,6.16213472978767,6.278374140854476e-15,2.3047247455332244e-09
114.49999999999777,2.2318988773907713e-06,2.2318988773907713e-06,0.4658732357584875,0.48462122782445555,0.8848514723974396,1262,6.197179833567544,6.393416333631491e-15,2.306739365066033e-09
114.59999999999776,9.081913551704526e-07,9.081913551704526e-07,0.46331208982703875,0.48172898991058244,0.8861951858479609,1263,6.229803168915237,6.441783582246935e-15,2.3087539845988416e-09
114.69999999999776,-4.251449912250204e-07,-4.251449912250204e-07,0.45987363708541784,0.4778528901899358,0.887984368057135,1264,6.258696681293249,6.422965324333748e-15,2.3107686041316504e-09
114.79999999999775,-1.7547890301160591e-06,-1.7547890301160591e-06,0.45751213578531863,0.475195320761118,0.8892033769667973,1264,6.282717675991279,6.33712085687746e-15,2.312783223664459e-09
114.89999999999775,-3.0674509688546167e-06,-3.0674509688546167e-06,0.45520340569058737,0.4726006470537972,0.8903874771399756,1265,6.300925772811887,6.185078145539799e-15,2.3147978431972675e-09
114.99999999999774,-4.350005183774776e-06,-4.350005183774776e-06,0.4520843164244086,0.4691007016060617,0.8919752075271348,1266,6.3126117861738384,5.9683260325004804e-15,2.3168124627300763e-09
115.09999999999773,-5.589621464942952e-06,-5.589621464942952e-06,0.4495083599307665,0.46621488417528356,0.8932761243604088,1266,6.317318736599712,5.688999894433406e-15,2.318827082262885e-09
115.19999999999773,-6.7738933633898285e-06,-6.7738933633898285e-06,0.44748290216467423,0.46394872567771933,0.8942924869807867,1267,6.314855260974902,5.349860871107781e-15,2.320841701795694e-09
115.29999999999772,-7.890962356914987e-06,-7.890962356914987e-06,0.44468524553098904,0.4608228189017883,0.895686905345302,1268,6.305301633663049,4.95426885303804e-15,2.3228563213285022e-09
115.39999999999772,-8.929636591807445e-06,-8.929636591807445e-06,0.4418469395067467,0.4576564428444441,0.8970904536603437,1268,6.289008481096599,4.506149481271082e-15,2.324870940861311e-09
115.49999999999771,-9.879503011513864e-06,-9.879503011513864e-06,0.4401071155109201,0.45571795948408905,0.8979452805581516,1269,6.26658810978979,4.009955472473952e-15,2.32688556039412e-09
115.5999999999977,-1.0731031748879963e-05,-1.0731031748879963e-05,0.43761347171343246,0.4529427878876854,0.8991631939614282,1270,6.2388982123626455,3.470622637624652e-15,2.3289001799269286e-09
115.6999999999977,-1.1475671735438755e-05,-1.1475671735438755e-05,0.4344874001853647,0.4494690719287878,0.9006779108428067,1270,6.2070176106686485,2.8935210131705574e-15,2.3309147994597374e-09
115.7999999999977,-1.2105936568558723e-05,-1.2105936568558723e-05,0.4440358926006121,0.46009797167697425,0.8960089988847085,1254,6.172213685820005,2.2844015702187124e-15,2.3329294189925457e-09
115.89999999999769,-1.2615479774227042e-05,-1.2615479774227042e-05,0.4662623384170674,0.48506101657601436,0.8846465010239107,1254,6.135901280919156,1.6493390109347289e-15,2.3349440385253545e-09
115.99999999999768,-1.2999158708862816e-05,-1.2999158708862816e-05,0.4840045215914467,0.5052252048518293,0.8750654964509998,1254,6.099593189811741,9.94671202480338e-16,2.3369586580581633e-09
116.09999999999768,-1.325308645678074e-05,-1.325308645678074e-05,0.4970834484990019,0.5202342933869227,0.8677027401295562,1254,6.064842895595824,3.269358378676718e-16,2.338973277590972e-09
116.19999999999767,-1.3374671199628566e-05,-1.3374671199628566e-05,0.5053476274858021,0.5297847699472249,0.8629158564973013,1254,6.033180994982526,-3.471950499736981e-16,2.3409878971237805e-09
116.29999999999767,-1.3362642659108269e-05,-1.3362642659108269e-05,0.5086722682249774,0.5336419342024619,0.8609602334247829,1254,6.006047685533832,-1.0209820603847954e-15,2.3430025166565892e-09
116.39999999999766,-1.3217065343314238e-05,-1.3217065343314238e-05,0.506961606286946,0.5316561744812281,0.8619686361759108,1254,5.984724681811033,-1.6876861926031058e-15,2.345017136189398e-09
116.49999999999766,-1.2939338458794282e-05,-1.2939338458794282e-05,0.503425714464197,0.5275589876528599,0.8640385118825508,1255,5.970270777476194,-2.3406366938294246e-15,2.347031755722207e-09
116.59999999999765,-1.2532182483644931e-05,-1.2532182483644931e-05,0.4996912410730996,0.5232422881774099,0.8662035924624334,1255,5.9634657596475105,-2.9732982577020126e-15,2.349046375255015e-09
116.69999999999764,-1.1999612530260635e-05,-1.1999612530260635e-05,0.4974234121938205,0.5206261347962138,0.8675078956421414,1256,5.964767304205068,-3.579336840819174e-15,2.351060994787824e-09
116.79999999999764,-1.1346898758435179e-05,-1.1346898758435179e-05,0.49361765913837563,0.5162446293615335,0.8696790250355302,1257,5.974284721882324,-4.1526833786366035e-15,2.3530756143206328e-09
116.89999999999763,-1.0580514229041761e-05,-1.0580514229041761e-05,0.4906010442079892,0.5127793770052828,0.871384309832367,1257,5.991772021616324,-4.687594713641344e-15,2.3550902338534415e-09
116.99999999999763,-9.708070714200806e-06,-9.708070714200806e-06,0.48803022444466077,0.5098315480517139,0.8728267296711839,1258,6.0166409149240305,-5.178711097510837e-15,2.3571048533862503e-09
117.09999999999762,-8.738243100423518e-06,-8.738243100423518e-06,0.48418452616935886,0.5054309206767655,0.8749659105463214,1259,6.047992433146892,-5.621109691263843e-15,2.3591194729190587e-09
117.19999999999762,-7.680683135487463e-06,-7.680683135487463e-06,0.4815294856387541,0.5023990092220808,0.8764298913549656,1259,6.084664129886353,-6.0103535568896e-15,2.3611340924518675e-09
117.29999999999761,-6.5459233766133505e-06,-6.5459233766133505e-06,0.47889892874825307,0.49940002955583873,0.8778700450771604,1260,6.125288680489782,-6.3425357033032224e-15,2.3631487119846763e-09
117.3999999999976,-5.34527229579907e-06,-5.34527229579907e-06,0.47519121777579,0.4951813408982891,0.8798825527016443,1261,6.168359205399815,-6.6143178125804715e-15,2.365163331517485e-09
117.4999999999976,-4.090701586942017e-06,-4.090701586942017e-06,0.4726459148963898,0.49229081730148255,0.8812524264543926,1261,6.212296803636487,-6.8229633261099195e-15,2.3671779510502934e-09
117.59999999999759,-2.7947267977527576e-06,-2.7947267977527576e-06,0.47012688216717724,0.48943453223633565,0.882598841299811,1262,6.255516427438083,-6.966364615098997e-15,2.369192570583102e-09
117.69999999999759,-1.4702824766442885e-06,-1.4702824766442885e-06,0.4666666581453155,0.485518112660776,0.8844332819243537,1263,6.2964881407746525,-7.043063999385845e-15,2.371207190115911e-09
117.79999999999758,-1.3059308009562466e-07,-1.3059308009562466e-07,0.46406206728500693,0.48257546656306294,0.8858026855384701,1263,6.333791773064469,-7.052268417817702e-15,2.3732218096487198e-09
117.89999999999758,1.2109590711216077e-06,1.2109590711216077e-06,0.46175742488261884,0.4799754784165367,0.8870062460691991,1264,6.366163847591459,-6.9938575972554386e-15,2.375236429181528e-09
117.99999999999757,2.540967468433422e-06,2.540967468433422e-06,0.45859967095235216,0.47641875047823967,0.8886429776926132,1265,6.39253634234553,-6.868385618473763e-15,2.377251048714337e-09
118.09999999999756,3.846135389382842e-06,3.846135389382842e-06,0.4558268074570943,0.47330091906457433,0.8900684926473204,1265,6.41206730048318,-6.6770758364012875e-15,2.3792656682471457e-09
118.19999999999756,5.11340883016108e-06,5.11340883016108e-06,0.4537883171023886,0.4710119962743539,0.8911095124962936,1266,6.424163561892491,-6.4218091777167165e-15,2.3812802877799545e-09
118.29999999999755,6.3301070677825205e-06,6.3301070677825205e-06,0.45094973307059183,0.46782912123182946,0.8925493477917968,1267,6.428495972814447,-6.105105907890839e-15,2.3832949073127633e-09
118.39999999999755,7.484049546070759e-06,7.484049546070759e-06,0.44794183617001465,0.46446197270898537,0.8940626999314063,1267,6.425007391295755,-5.7301010290936804e-15,2.3853095268455716e-09
118.49999999999754,8.563677815818634e-06,8.563677815818634e-06,0.44618557239343004,0.46249857404394284,0.894940464493559,1268,6.413913685789602,-5.300513537211757e-15,2.3873241463783804e-09
118.59999999999754,9.55817130838479e-06,9.55817130838479e-06,0.4436576752424765,0.4596759024577815,0.8961963329530206,1269,6.395697762062217,-4.820609828754027e-15,2.389338765911189e-09
118.69999999999753,1.0457555783109732e-05,1.0457555783109732e-05,0.4404072960780189,0.4560522840528785,0.897798091756297,1270,6.371096486387469,-4.2951616059388745e-15,2.391353385443998e-09
118.79999999999752,1.1252803361669477e-05,1.1252803361669477e-05,0.4388956054032174,0.4543692022806878,0.8985380612738356,1270,6.341080237318043,-3.7293986808840256e-15,2.3933680049768064e-09
118.89999999999752,1.1935923146112938e-05,1.1935923146112938e-05,0.43665523731112976,0.4518773681526825,0.8996289255736284,1271,6.306824753124068,-3.1289571282144784e-15,2.395382624509615e-09
118.99999999999751,1.2500041511018883e-05,1.2500041511018883e-05,0.4603226575815879,0.4783586190523952,0.887751683139505,1254,6.269674989769013,-2.499823280379448e-15,2.397397244042424e-09
119.09999999999751,1.2939471263027221e-05,1.2939471263027221e-05,0.4800677242560815,0.5007319130420921,0.8772314290582542,1254,6.231100908506488,-1.8482741022692168e-15,2.3994118635752327e-09
119.1999999999975,1.3249768971924063e-05,1.3249768971924063e-05,0.4951951408988518,0.518059431659709,0.8687817749182855,1254,6.192645509847764,-1.180814521852285e-15,2.401426483108041e-09
119.2999999999975,1.3427779895385089e-05,1.3427779895385089e-05,0.505541462571046,0.5300094127515546,0.8628023120167955,1254,6.1558660393224915,-5.041123316822e-16,2.40344110264085e-09
119.39999999999749,1.3471670043231535e-05,1.3471670043231535e-05,0.510969687781612,0.5363124828309803,0.8595987309020191,1254,6.1222700908837595,1.7506868804510778e-16,2.4054557221736586e-09
119.49999999999748,1.3380945055393345e-05,1.3380945055393345e-05,0.5113700913552962,0.5367783502436148,0.8593605935038423,1254,6.093249252792737,8.499367416119555e-16,2.4074703417064674e-09
119.59999999999748,1.3156455699423907e-05,1.3156455699423907e-05,0.506664760756103,0.5313118284482392,0.8621431552868474,1254,6.070013842423836,1.5137403742487251e-15,2.409484961239276e-09
119.69999999999747,1.2800389927055999e-05,1.2800389927055999e-05,0.5048740827416729,0.529236085280415,0.8631930030854944,1255,6.0535329715944,2.1598364823482834e-15,2.4114995807720846e-09
119.79999999999747,1.2316251563594127e-05,1.2316251563594127e-05,0.5013628784531388,0.5251732083111958,0.8652371143849431,1256,6.044484465646631,2.7817572383466814e-15,2.4135142003048934e-09
119.89999999999746,1.170882583756258e-05,1.170882583756258e-05,0.49763067420704205,0.5208650677384098,0.8673890200413219,1256,6.043218860611001,3.373275197688967e-15,2.415528819837702e-09
119.99999999999746,1.0984132089635162e-05,1.0984132089635162e-05,0.49536877943582874,0.5182593074337524,0.8686827800527976,1257,6.049740761368926,3.928465879515245e-15,2.417543439370511e-09
120.09999999999745,1.0149364128145934e-05,1.0149364128145934e-05,0.49167698418116984,0.514014554734388,0.8707776657830113,1258,6.063709347219316,4.441767155213952e-15,2.4195580589033193e-09
120.19999999999744,9.212818822136615e-06,9.212818822136615e-06,0.48850382848067037,0.5103742398702881,0.8725617511441398,1258,6.084457994613539,4.908034837304145e-15,2.421572678436128e-09
120.29999999999744,8.183813640698125e-06,8.183813640698125e-06,0.4860430550842623,0.507556287925808,0.8739348651955458,1259,6.111031176180193,5.322593929684365e-15,2.423587297968937e-09
120.39999999999743,7.0725939581310175e-06,7.0725939581310175e-06,0.48239120233976734,0.5033824874479947,0.8759558938126929,1260,6.142235314739145,5.681285071739996e-15,2.4256019175017457e-09
120.49999999999743,5.890231047072608e-06,5.890231047072608e-06,0.4794663683726643,0.500046525864511,0.8775602552528964,1260,6.176699350802755,5.980505776003651e-15,2.427616537034554e-09
120.59999999999742,4.648511775188002e-06,4.648511775188002e-06,0.477025223341425,0.4972668923368061,0.8788896041574639,1261,6.212940503266522,6.21724611729248e-15,2.429631156567363e-09
120.69999999999742,3.359821104360645e-06,3.359821104360645e-06,0.47356334064299294,0.49333215591255075,0.8807597642939013,1262,6.249430998252467,6.389118579491604e-15,2.4316457761001716e-09
120.79999999999741,2.037018563707908e-06,2.037018563707908e-06,0.47067288958446385,0.49005327023766737,0.882307787005312,1262,6.284662240464058,6.494381807021417e-15,2.4336603956329804e-09
120.8999999999974,6.933099284608859e-07,6.933099284608859e-07,0.46839208241454894,0.4874700002354654,0.8835207168659728,1263,6.317203797812285,6.531958046420518e-15,2.4356750151657887e-09
120.9999999999974,-6.578846148268975e-07,-6.578846148268975e-07,0.4652041757837362,0.4838652513290151,0.8852034087334812,1264,6.345755476736558,6.501444104664504e-15,2.4376896346985975e-09
121.0999999999974,-2.003064500628701e-06,-2.003064500628701e-06,0.46220620750993496,0.4804814971352259,0.8867724746175215,1264,6.369191550118548,6.403115698747298e-15,2.4397042542314063e-09
121.19999999999739,-3.3287836757288257e-06,-3.3287836757288257e-06,0.4601638432059418,0.478179732304852,0.8878340145578663,1265,6.386596792119727,6.237925127270638e-15,2.441718873764215e-09
121.29999999999738,-4.621785001678498e-06,-4.621785001678498e-06,0.4572856440740128,0.4749406243888824,0.8893198748053567,1266,6.397294357690225,6.007492258517929e-15,2.443733493297024e-09
121.39999999999738,-5.8691328249854795e-06,-5.8691328249854795e-06,0.454089986044001,0.47135055730480385,0.8909558263879074,1266,6.400865737318611,5.714088898169728e-15,2.4457481128298322e-09
121.49999999999737,-7.0583423893535085e-06,-7.0583423893535085e-06,0.4523196615098014,0.469364566368485,0.8918558873560564,1267,6.397163056609556,5.360616670117011e-15,2.447762732362641e-09
121.59999999999737,-8.177504795298257e-06,-8.177504795298257e-06,0.449754572253994,0.46649053175704525,0.8931521845333117,1268,6.386313918452256,4.950578612608147e-15,2.44977735189545e-09
121.69999999999736,-9.215406256429277e-06,-9.215406256429277e-06,0.44645329437057996,0.4627977469605333,0.8948069378059472,1269,6.368718845693514,4.488044756943788e-15,2.4517919714282586e-09
121.79999999999735,-1.0161640458168407e-05,-1.0161640458168407e-05,0.4448130036280956,0.46096546095754287,0.8956234654157693,1269,6.34504121556964,3.977612015941037e-15,2.453806590961067e-09
121.89999999999735,-1.1006712893114965e-05,-1.1006712893114965e-05,0.44254475887915273,0.458434461569137,0.896746416992336,1270,6.316189424861433,3.4243587642589966e-15,2.4558212104938758e-09
121.99999999999734,-1.174213612698787e-05,-1.174213612698787e-05,0.4395468748235538,0.4550941407481075,0.898219652887225,1271,6.283290930493582,2.83379454293044e-15,2.4578358300266845e-09
122.09999999999734,-1.236051503928242e-05,-1.236051503928242e-05,0.4536158624420998,0.4708184777876856,0.8911973122383785,1254,6.247657821721632,2.2118053669044234e-15,2.4598504495594933e-09
122.19999999999733,-1.2855621182577615e-05,-1.2855621182577615e-05,0.47535490170566946,0.49536737953900817,0.8797941335473847,1254,6.210743746999525,1.5645951579065118e-15,2.4618650690923017e-09
122.29999999999733,-1.3222455512825362e-05,-1.3222455512825362e-05,0.4925273003833105,0.5149913263272489,0.8702969943514273,1254,6.174092386428693,8.986238661139654e-16,2.4638796886251105e-09
122.39999999999732,-1.3457298858865673e-05,-1.3457298858865673e-05,0.5049574952043083,0.5293327204707086,0.8631442104521069,1254,6.1392782571004325,2.2054288336923822e-16,2.4658943081579193e-09
122.49999999999731,-1.355774962168681e-05,-1.355774962168681e-05,0.5124966713288587,0.5380898137516428,0.8586892114594429,1254,6.107841455190334,-4.628716121483254e-16,2.467908927690728e-09
122.59999999999731,-1.3522748321366882e-05,-1.3522748321366882e-05,0.5150221833120442,0.5410335285525301,0.857176849137035,1254,6.081218910638968,-1.1447867053428287e-15,2.4699235472235364e-09
122.6999999999973,-1.3352588740922198e-05,-1.3352588740922198e-05,0.5124404516447661,0.5380243435151336,0.8587227628973789,1254,6.060675723723839,-1.818381482826146e-15,2.471938166756345e-09
122.7999999999973,-1.3048915550137315e-05,-1.3048915550137315e-05,0.5093229196019395,0.5343978306261217,0.8605754839455725,1255,6.047240970067032,-2.476915731904522e-15,2.473952786289154e-09
122.89999999999729,-1.261470842752544e-05,-1.261470842752544e-05,0.504730186538214,0.5290693911701042,0.863277150628406,1255,6.041652773393603,-3.1137978569499003e-15,2.4759674058219628e-09
122.99999999999729,-1.2054252833516249e-05,-1.2054252833516249e-05,0.5028827712154789,0.5269307240719026,0.8643546253793291,1256,6.044317255995002,-3.722651269704426e-15,2.4779820253547715e-09
123.09999999999728,-1.1373097721442303e-05,-1.1373097721442303e-05,0.4994272686517685,0.5229375685612174,0.8663558179680184,1257,6.055285091584528,-4.297378526680807e-15,2.47999664488758e-09
123.19999999999727,-1.0578000603560832e-05,-1.0578000603560832e-05,0.4956293641019021,0.5185593098833527,0.8685341291163774,1257,6.07424787018753,-4.832222522255643e-15,2.4820112644203887e-09
123.29999999999727,-9.676860515897268e-06,-9.676860515897268e-06,0.49341657175706777,0.5160134243031697,0.8697931286895191,1258,6.100554573706434,-5.3218240991673914e-15,2.4840258839531975e-09
123.39999999999726,-8.678639546864146e-06,-8.678639546864146e-06,0.48987451540503807,0.5119458085841263,0.8717929565881335,1259,6.133246501240535,-5.761275504454762e-15,2.4860405034860063e-09
123.49999999999726,-7.593273709180917e-06,-7.593273709180917e-06,0.48649587862529226,0.5080745059792976,0.8736828715733215,1259,6.17110733604542,-6.146169191339698e-15,2.4880551230188146e-09
123.59999999999725,-6.431574041448453e-06,-6.431574041448453e-06,0.4841825528221356,0.5054286653363368,0.874967002545033,1260,6.212723980062843,-6.472641538379039e-15,2.4900697425516234e-09
123.69999999999725,-5.2051189237463145e-06,-5.2051189237463145e-06,0.48074988335106006,0.5015097059397013,0.8768577704838694,1261,6.2565534064640085,-6.737411120214906e-15,2.492084362084432e-09
123.79999999999724,-3.926138679837386e-06,-3.926138679837386e-06,0.47752370325860877,0.49783414980622714,0.8786188666459331,1261,6.300991038484123,-6.9378112167374894e-15,2.494098981617241e-09
123.89999999999723,-2.607393616097956e-06,-2.607393616097956e-06,0.4752957982075841,0.4953002019763495,0.8798260647458767,1262,6.344436877354626,-7.071816290718619e-15,2.4961136011500494e-09
123.99999999999723,-1.262046713362094e-06,-1.262046713362094e-06,0.4720928384172737,0.4916633200646105,0.8815488369427538,1263,6.385356549178263,-7.13806220234305e-15,2.498128220682858e-09
124.09999999999722,9.646775818759613e-08,9.646775818759613e-08,0.4688378570125934,0.4879746112109805,0.8832842486039468,1263,6.422335414001432,-7.135859968136815e-15,2.500142840215667e-09
124.19999999999722,1.4545783896794537e-06,1.4545783896794537e-06,0.46680644764185447,0.48567617469833896,0.8843595085936446,1264,6.454124731921051,-7.065202916408737e-15,2.5021574597484757e-09
124.29999999999721,2.79871221017722e-06,2.79871221017722e-06,0.46389348469106556,0.4823851598566981,0.8858909836211113,1265,6.479679531485866,-6.926767144192148e-15,2.5041720792812845e-09
124.3999999999972,4.11543033487906e-06,4.11543033487906e-06,0.4604909107159606,0.4785481556164102,0.887664419219327,1265,6.498188254414162,-6.721905241943578e-15,2.506186698814093e-09
124.4999999999972,5.3915623292256515e-06,5.3915623292256515e-06,0.4587118051753244,0.47654494049767077,0.888585099916038,1266,6.509094476682002,-6.452633319894163e-15,2.5082013183469016e-09
124.5999999999972,6.614337945525286e-06,6.614337945525286e-06,0.4561077859295625,0.47361662644647645,0.8899245404046527,1267,6.512111068368997,-6.121611440705344e-15,2.5102159378797104e-09
124.69999999999719,7.771514914408726e-06,7.771514914408726e-06,0.4527487050392373,0.469845693313163,0.8916381609628952,1268,6.507227098274182,-5.732117633513581e-15,2.5122305574125192e-09
124.79999999999718,8.851501512311516e-06,8.851501512311516e-06,0.4509750118361981,0.4678574434153994,0.8925365755527003,1268,6.494707657536172,-5.2880157317940364e-15,2.5142451769453276e-09
124.89999999999718,9.843472677863207e-06,9.843472677863207e-06,0.4486728511476542,0.465279773127662,0.8936960739776331,1269,6.475086608743222,-4.793717340058606e-15,2.5162597964781364e-09
124.99999999999717,1.073747851403041e-05,1.073747851403041e-05,0.4456294888613454,0.46187730650488085,0.8952174923766716,1270,6.449152100224646,-4.2541382916870655e-15,2.518274416010945e-09
125.09999999999717,1.1524544088479498e-05,1.1524544088479498e-05,0.4435411985379972,0.45954593879500744,0.8962539847607245,1270,6.417924556671662,-3.674650012487498e-15,2.520289035543754e-09
125.19999999999716,1.2196759531144049e-05,1.2196759531144049e-05,0.44592951705381073,0.4622124800598426,0.8950680788745374,1254,6.382626807161306,-3.0610262526765138e-15,2.5223036550765623e-09
125.29999999999715,1.2747359524541718e-05,1.2747359524541718e-05,0.46964906979823096,0.48889324043185767,0.8828531878164435,1254,6.344646083662895,-2.4193856947635323e-15,2.524318274609371e-09
125.39999999999715,1.3170791388024202e-05,1.3170791388024202e-05,0.4888584222108601,0.5107806685110741,0.8723631371358538,1254,6.305487860904915,-1.7561309870916807e-15,2.52633289414218e-09
125.49999999999714,1.3462771070810108e-05,1.3462771070810108e-05,0.5033695000290289,0.5274939287821955,0.864071262362385,1254,6.266721947387923,-1.0778847930407188e-15,2.5283475136749887e-09
125.59999999999714,1.3620326489211328e-05,1.3620326489211328e-05,0.5130218183686053,0.5387014936719191,0.8583755669156536,1254,6.229921890140315,-3.9142348427895e-16,2.530362133207797e-09
125.69999999999713,1.3641827769716853e-05,1.3641827769716853e-05,0.5176806253475283,0.5441378212662774,0.8555739419476215,1254,6.196599594816108,2.963908573976364e-16,2.532376752740606e-09
125.79999999999713,1.3527004090284133e-05,1.3527004090284133e-05,0.5172381663605822,0.5436207533874722,0.8558415035857648,1254,6.168138003085348,9.786794322479553e-16,2.5343913722734146e-09
125.89999999999712,1.3276946946003071e-05,1.3276946946003071e-05,0.5128004358265763,0.5384436048254377,0.8585078409753014,1255,6.14572556255297,1.648615983846259e-15,2.5364059918062234e-09
125.99999999999712,1.289409980090524e-05,1.289409980090524e-05,0.5102987255636229,0.5355321109240353,0.859997215511854,1255,6.130296872500653,2.2994955852585117e-15,2.538420611339032e-09
126.09999999999711,1.238223422373638e-05,1.238223422373638e-05,0.5071790094996558,0.5319084102738926,0.8618407348941846,1256,6.1224840838058885,2.9248021989199505e-15,2.5404352308718405e-09
126.1999999999971,1.174641274063412e-05,1.174641274063412e-05,0.502623590381873,0.5266308954760851,0.8645053651607,1256,6.122583217804164,3.51827426800044e-15,2.5424498504046493e-09
126.2999999999971,1.0992938770504449e-05,1.0992938770504449e-05,0.500757474242046,0.5244736525797479,0.8655876339174021,1257,6.130538507490858,4.073967624833229e-15,2.544464469937458e-09
126.39999999999709,1.0129294138140721e-05,1.0129294138140721e-05,0.4973985048206832,0.5205974236245403,0.8675221768935644,1258,6.145946271289506,4.586315048788209e-15,2.546479089470267e-09
126.49999999999709,9.164064784484927e-06,9.164064784484927e-06,0.49346997843002083,0.5160748269532777,0.8697628299647409,1258,6.168077964280944,5.050181868631374e-15,2.5484937090030752e-09
126.59999999999708,8.10685541164759e-06,8.10685541164759e-06,0.49135323781417006,0.513642803812649,0.8709603869806776,1259,6.195920251952981,5.460917076576916e-15,2.550508328535884e-09
126.69999999999708,6.96819391119582e-06,6.96819391119582e-06,0.4879968466590063,0.5097933074391229,0.8728453916077384,1260,6.2282285355999,5.81439949486164e-15,2.552522948068693e-09
126.79999999999707,5.75942652667763e-06,5.75942652667763e-06,0.48436740042917786,0.5056399400633957,0.8748646874811444,1260,6.263589536219906,6.1070786033755446e-15,2.5545375676015016e-09
126.89999999999706,4.492604794346869e-06,4.492604794346869e-06,0.482237155857571,0.5032066349589346,0.8760407099618149,1261,6.300488369926924,6.336009694222966e-15,2.55655218713431e-09
126.99999999999706,3.1803653886538975e-06,3.1803653886538975e-06,0.4790478968220373,0.49956973003834304,0.8777887630577089,1262,6.3373759319888565,6.49888306573825e-15,2.5585668066671187e-09
127.09999999999705,1.8358040704424983e-06,1.8358040704424983e-06,0.47548988079650945,0.49552080712070606,0.8797211906394669,1262,6.372733164969037,6.5940470078701226e-15,2.5605814261999275e-09
127.19999999999705,4.723449952254014e-07,4.723449952254014e-07,0.4734982286761776,0.49325823033658256,0.8807947703299119,1263,6.405129709009725,6.620524368539032e-15,2.5625960457327363e-09
127.29999999999704,-8.963933141994517e-07,-8.963933141994517e-07,0.47056810177503555,0.48993450840427444,0.8823636787582769,1264,6.433275337581771,6.5780225321376986e-15,2.564610665265545e-09
127.39999999999704,-2.256733992656276e-06,-2.256733992656276e-06,0.4669284996887975,0.4858141915253867,0.8842950730261753,1264,6.456063346817369,6.466936690629929e-15,2.5666252847983535e-09
127.49999999999703,-3.595078496373221e-06,-3.595078496373221e-06,0.46515966964571814,0.4838149741276094,0.8852267967787047,1265,6.472605630414939,6.288346345938814e-15,2.5686399043311623e-09
127.59999999999702,-4.8980425400463125e-06,-4.8980425400463125e-06,0.46252822257418563,0.480844663066306,0.8866045585955243,1266,6.482259525426756,6.044005048226568e-15,2.570654523863971e-09
127.69999999999702,-6.152589948295782e-06,-6.152589948295782e-06,0.45911741586220145,0.47700146233398166,0.8883755953716954,1267,6.484646680026313,5.73632344526197e-15,2.57266914339678e-09
127.79999999999701,-7.346163082911563e-06,-7.346163082911563e-06,0.4571991146034122,0.47484332834418974,0.8893643626803673,1267,6.479664211633803,5.368345789744965e-15,2.574683762929588e-09
127.89999999999701,-8.466808540958317e-06,-8.466808540958317e-06,0.45487169791616344,0.47222813934435104,0.8905569821380699,1268,6.4674883362896205,4.943720120990201e-15,2.576698382462397e-09
127.999999999997,-9.503296865539721e-06,-9.503296865539721e-06,0.45178824234301174,0.46876879867464555,0.8921252065044526,1269,6.448570500917974,4.466662402559015e-15,2.5787130019952058e-09
128.099999999997,-1.0445235070345616e-05,-1.0445235070345616e-05,0.4495682403468639,0.46628191991541745,0.8932459892277291,1269,6.4236258806299285,3.9419149572765675e-15,2.5807276215280145e-09
128.199999999997,-1.1283170850434762e-05,-1.1283170850434762e-05,0.4475303679740221,0.46400180276422126,0.8942687346324014,1270,6.393613955409056,3.3746995956065207e-15,2.5827422410608233e-09
128.299999999997,-1.2008687434337452e-05,-1.2008687434337452e-05,0.4447452367244059,0.46088979787688933,0.8956571187742284,1271,6.359710799278951,2.77066588326083e-15,2.584756860593632e-09
128.399999999997,-1.2614488125663404e-05,-1.2614488125663404e-05,0.46318137333951076,0.4815814925529991,0.8862635135169025,1254,6.32327274925608,2.1358350401298813e-15,2.586771480126441e-09
128.499999999997,-1.3094469685062225e-05,-1.3094469685062225e-05,0.4844160652354405,0.505695566443534,0.874837742522471,1254,6.285791321461817,1.4765400060144319e-15,2.5887860996592493e-09
128.59999999999698,-1.344378381456665e-05,-1.344378381456665e-05,0.5010016780105448,0.5247558004457457,0.8654463118129387,1254,6.24883965176577,7.993622498911071e-16,2.590800719192058e-09
128.69999999999698,-1.3658886124957057e-05,-1.3658886124957057e-05,0.5127659291814237,0.5384034115630109,0.8585284514043267,1254,6.2140113816538936,1.1106593887934044e-16,2.592815338724867e-09
128.79999999999697,-1.3737572091631447e-05,-1.3737572091631447e-05,0.5195624525222314,0.5463387795715478,0.8544324771034186,1254,6.182853769882982,-5.81469879406822e-16,2.5948299582576756e-09
128.89999999999696,-1.3678999634304695e-05,-1.3678999634304695e-05,0.5212705017463474,0.5483390426790324,0.8533915068765984,1254,6.156797810142744,-1.2713203925773983e-15,2.596844577790484e-09
128.99999999999696,-1.3483698089398416e-05,-1.3483698089398416e-05,0.5177985028182335,0.544275602910933,0.855502606938866,1254,6.137089126818122,-1.9515847181034936e-15,2.5988591973232928e-09
129.09999999999695,-1.3153563479884967e-05,-1.3153563479884967e-05,0.5151139355089673,0.5411405719798331,0.8571217144866087,1255,6.124724196347794,-2.6154554340254146e-15,2.6008738168561016e-09
129.19999999999695,-1.2691840124259032e-05,-1.2691840124259032e-05,0.5107238015604577,0.5360264594637801,0.8597448450090494,1256,6.1203967696455335,-3.256287189758572e-15,2.6028884363889103e-09
129.29999999999694,-1.2103088762859461e-05,-1.2103088762859461e-05,0.508231233595403,0.5331297526733288,0.8612206530257475,1256,6.1244590638625045,-3.867663642599914e-15,2.604903055921719e-09
129.39999999999694,-1.1393141514588016e-05,-1.1393141514588016e-05,0.5051365557099302,0.5295401844978748,0.8630394313619214,1257,6.136901278606329,-4.443461985353654e-15,2.6069176754545275e-09
129.49999999999693,-1.0569044108822055e-05,-1.0569044108822055e-05,0.5006388635935387,0.5243366289633604,0.8656562413913332,1258,6.157351369206729,-4.9779143700793236e-15,2.6089322949873363e-09
129.59999999999692,-9.63898596467691e-06,-9.63898596467691e-06,0.4986963312780894,0.5220940816458154,0.8667767700912238,1258,6.185095039369033,-5.465665590613749e-15,2.610946914520145e-09
129.69999999999692,-8.612218811466091e-06,-8.612218811466091e-06,0.49546536860991647,0.5183705013458407,0.8686276926901649,1259,6.219113959649477,-5.9018264569488065e-15,2.612961534052954e-09
129.7999999999969,-7.498964659014858e-06,-7.498964659014858e-06,0.4913485134599557,0.5136373795166002,0.870963052213291,1259,6.2581386335117095,-6.28202236989842e-15,2.6149761535857622e-09
129.8999999999969,-6.310314033255128e-06,-6.310314033255128e-06,0.48935952843419794,0.5113551849115269,0.8720821360001931,1260,6.300711367721249,-6.602436676501624e-15,2.616990773118571e-09
129.9999999999969,-5.058115490196047e-06,-5.058115490196047e-06,0.48620711503604397,0.5077440233331842,0.8738436023043982,1261,6.345254539551322,-6.8598484491803616e-15,2.6190053926513798e-09
130.0999999999969,-3.7548575089459184e-06,-3.7548575089459184e-06,0.4822865773517257,0.5032630504440013,0.8760135029246741,1261,6.390139706994816,-7.0516643826557175e-15,2.6210200121841886e-09
130.1999999999969,-2.4135439410771637e-06,-2.4135439410771637e-06,0.480355142150347,0.5010595844660494,0.877074077492728,1262,6.4337538875625935,-7.175944544148946e-15,2.623034631716997e-09
130.29999999999688,-1.0475642585069993e-06,-1.0475642585069993e-06,0.47741348147800583,0.4977087051705217,0.8786787625196422,1263,6.474560308178714,-7.23142174960168e-15,2.6250492512498057e-09
130.39999999999688,3.2944010544098846e-07,3.2944010544098846e-07,0.47359444504857506,0.49336747167306155,0.8807430394951369,1264,6.511151902266555,-7.217514377612004e-15,2.6270638707826145e-09
130.49999999999687,1.703711987554892e-06,1.703711987554892e-06,0.4717423344002648,0.49126576214850215,0.8817364515174524,1264,6.54229666198493,-7.134332478407578e-15,2.6290784903154233e-09
130.59999999999687,3.061515938337291e-06,3.061515938337291e-06,0.46907840311911847,0.4882469623798602,0.8831565273082783,1265,6.56697457457222,-6.9826770899022955e-15,2.631093109848232e-09
130.69999999999686,4.389275504529431e-06,4.389275504529431e-06,0.46560313499709316,0.48431600251483264,0.8849936274803784,1266,6.584406269356334,-6.764032736377767e-15,2.6331077293810404e-09
130.79999999999686,5.673708978443823e-06,5.673708978443823e-06,0.4635210065574642,0.4819647501717668,0.8860859306410159,1266,6.5940737000561,-6.4805531550884686e-15,2.6351223489138492e-09
130.89999999999685,6.9019622567568405e-06,6.9019622567568405e-06,0.4611575350781267,0.47929928894472756,0.8873182787707387,1267,6.595733226860872,-6.1350403684916076e-15,2.637136968446658e-09
130.99999999999685,8.061737479749525e-06,8.061737479749525e-06,0.45801854582027024,0.47576491405358456,0.8889426368921028,1268,6.589421390012708,-5.730917291252883e-15,2.6391515879794668e-09
131.09999999999684,9.141416163615885e-06,9.141416163615885e-06,0.4556546937262569,0.4731075573042944,0.8901566154813607,1268,6.575453524392615,-5.272194128928215e-15,2.641166207512275e-09
131.19999999999683,1.0130175592972803e-05,1.0130175592972803e-05,0.4535872738332226,0.4707863991726633,0.8912118631484576,1269,6.554415192240991,-4.763428887750492e-15,2.643180827045084e-09
131.29999999999683,1.1018097307564645e-05,1.1018097307564645e-05,0.45076086093835327,0.4676175228045522,0.8926447480639286,1270,6.527146245877102,-4.209682371919235e-15,2.6451954465778927e-09
131.39999999999682,1.179626659569563e-05,1.179626659569563e-05,0.4480896779959968,0.4646273391328259,0.8939886131676644,1270,6.494717212313076,-3.616468096701609e-15,2.6472100661107015e-09
131.49999999999682,1.2456861996363635e-05,1.2456861996363635e-05,0.455829639899349,0.4733041013416531,0.8900670420756123,1254,6.458397658442879,-2.9896975934237483e-15,2.64922468564351e-09
131.5999999999968,1.2993233911521111e-05,1.2993233911521111e-05,0.4790819209541059,0.4996084916326861,0.8777701937380443,1254,6.419616293687784,-2.3356216270395044e-15,2.6512393051763187e-09
131.6999999999968,1.3399971538361911e-05,1.3399971538361911e-05,0.4977397808856161,0.5209908597573345,0.8673264152116773,1254,6.37991284029009,-1.6607678892145233e-15,2.6532539247091274e-09
131.7999999999968,1.3672957447947001e-05,1.3672957447947001e-05,0.5116188075455911,0.5370677952292613,0.8592125439992292,1254,6.34088218298286,-9.718757702672394e-16,2.6552685442419362e-09
131.8999999999968,1.3809409259676573e-05,1.3809409259676573e-05,0.5205612777405524,0.5475081881882674,0.8538243122078004,1254,6.304112006860201,-2.758288519808666e-16,2.6572831637747446e-09
131.9999999999968,1.3807907989862778e-05,1.3807907989862778e-05,0.5244344245512466,0.5520507280167598,0.8514508408273509,1254,6.271116008003733,4.2041420018498906e-16,2.6592977833075534e-09
132.09999999999678,1.366841278567139e-05,1.366841278567139e-05,0.5231322079997563,0.5505220381351538,0.852251543239025,1254,6.24326571879396,1.1098896338051282e-15,2.661312402840362e-09
132.19999999999678,1.3392261891654588e-05,1.3392261891654588e-05,0.5190978398717789,0.5457951018694019,0.8547148253309129,1255,6.221724868073862,1.78569875589453e-15,2.663327022373171e-09
132.29999999999677,1.2982159833633249e-05,1.2982159833633249e-05,0.5157507981497224,0.5418837627609269,0.8567386498856722,1255,6.2073907892359275,2.4410774711838774e-15,2.6653416419059797e-09
132.39999999999677,1.24421509424312e-05,1.24421509424312e-05,0.5130372030965903,0.5387194168409611,0.8583663718010089,1256,6.200847490418058,3.0694644489591698e-15,2.667356261438788e-09
132.49999999999676,1.1777579476539841e-05,1.1777579476539841e-05,0.5087357060145378,0.5337156184076526,0.8609227499757977,1257,6.20233446841631,3.664567166906071e-15,2.669370880971597e-09
132.59999999999675,1.0995036736833301e-05,1.0995036736833301e-05,0.5061846258500632,0.5307550109600001,0.8624251414198403,1257,6.211734167281299,4.220425112058349e-15,2.6713855005044057e-09
132.69999999999675,1.0102295696621334e-05,1.0102295696621334e-05,0.5031661090237812,0.5272585580751625,0.86418971686191,1258,6.228579298833789,4.731469470324532e-15,2.6734001200372145e-09
132.79999999999674,9.108233795317167e-06,9.108233795317167e-06,0.49884785031498496,0.5222688978881918,0.8666895766282864,1259,6.252079338348283,5.192578703240984e-15,2.675414739570023e-09
132.89999999999674,8.022744662558615e-06,8.022744662558615e-06,0.4967000880429737,0.5197925384534737,0.8679222445231498,1259,6.281163730711194,5.599129486343159e-15,2.6774293591028316e-09
132.99999999999673,6.8566396505658716e-06,6.8566396505658716e-06,0.49364045941549073,0.5162708464440453,0.8696660835217521,1260,6.31453799991339,5.947042559145646e-15,2.6794439786356404e-09
133.09999999999673,5.621540154736268e-06,5.621540154736268e-06,0.48949449767651365,0.5115099582964383,0.8720063857245642,1261,6.350748235141745,6.232823104610888e-15,2.681458598168449e-09
133.19999999999672,4.329761794939885e-06,4.329761794939885e-06,0.4874721943711363,0.5091923256417082,0.8731385111853611,1261,6.388249357948303,6.453595332104109e-15,2.6834732177012575e-09
133.29999999999671,2.994191611761937e-06,2.994191611761937e-06,0.48455168618687194,0.505850597218661,0.8747626326115326,1262,6.4254730443588395,6.607130982643795e-15,2.6854878372340663e-09
133.3999999999967,1.6281595022169346e-06,1.6281595022169346e-06,0.4806877902167012,0.5014388940803736,0.8768918110785302,1263,6.460891987761414,6.691871513074367e-15,2.687502456766875e-09
133.4999999999967,2.453051775283391e-07,2.453051775283391e-07,0.47860461276777977,0.4990647987567249,0.8780305374173518,1263,6.493078131736633,6.706943752833145e-15,2.689517076299684e-09
133.5999999999967,-1.1405580291594036e-06,-1.1405580291594036e-06,0.4759249732882534,0.496015453247583,0.879485883798356,1264,6.520753401612601,6.652168869089086e-15,2.6915316958324927e-09
133.6999999999967,-2.51558114524954e-06,-2.51558114524954e-06,0.47239136566075196,0.4920019902671103,0.8813889026128986,1265,6.542832205918906,6.528064526887845e-15,2.693546315365301e-09
133.7999999999967,-3.8660179530141905e-06,-3.8660179530141905e-06,0.47012751311333917,0.4894352471095629,0.8825985052184641,1265,6.5584555129664395,6.3358401913530976e-15,2.69556093489811e-09
133.89999999999668,-5.178362412766905e-06,-5.178362412766905e-06,0.4677342978196468,0.4867256431619066,0.8838691230284956,1266,6.567016630828768,6.077385587171032e-15,2.6975755544309186e-09
133.99999999999667,-6.439483741033277e-06,-6.439483741033277e-06,0.46453883956083175,0.4831137800553557,0.8855527463338793,1267,6.568178958230143,5.755252403095345e-15,2.6995901739637274e-09
134.09999999999667,-7.636757792748964e-06,-7.636757792748964e-06,0.46202184478528263,0.48027360532169916,0.8868685443408195,1267,6.5618859702040995,5.372629402190925e-15,2.7016047934965358e-09
134.19999999999666,-8.758193432908872e-06,-8.758193432908872e-06,0.4599245506146298,0.4779102271059826,0.8879579988613937,1268,6.5483636002044,4.933311168713561e-15,2.7036194130293446e-09
134.29999999999666,-9.792552632639053e-06,-9.792552632639053e-06,0.4570517741577847,0.4746776660141078,0.8894400911467963,1269,6.528115022798467,4.4416607878071595e-15,2.7056340325621533e-09
134.39999999999665,-1.0729463086874191e-05,-1.0729463086874191e-05,0.4542420917541666,0.4715212866770404,0.8908782869050066,1269,6.501907670023011,3.902566813788888e-15,2.707648652094962e-09
134.49999999999665,-1.1559522225081759e-05,-1.1559522225081759e-05,0.4524297087184896,0.4694879614753817,0.8918000665333585,1270,6.47075217270761,3.321394936925864e-15,2.7096632716277705e-09
134.59999999999664,-1.2274391572041508e-05,-1.2274391572041508e-05,0.44985338582497997,0.4666011694798829,0.8931024192452967,1271,6.435872851708549,2.7039348081247254e-15,2.7116778911605793e-09
134.69999999999663,-1.2866880511715611e-05,-1.2866880511715611e-05,0.4727213104073499,0.49237637421873975,0.8812119851016315,1254,6.398669443137469,2.056342526896895e-15,2.713692510693388e-09
134.79999999999663,-1.3331018612774477e-05,-1.3331018612774477e-05,0.4934395490328258,0.5160398414444093,0.8697800937307554,1254,6.360669977046683,1.3850793412594962e-15,2.715707130226197e-09
134.89999999999662,-1.366211578832553e-05,-1.366211578832553e-05,0.5094266495905418,0.5345183705334121,0.8605140839561868,1254,6.323475182937774,6.968471495611129e-16,2.7177217497590052e-09
134.99999999999662,-1.385680968369099e-05,-1.385680968369099e-05,0.520513471375016,0.5474521982744973,0.8538534570505236,1254,6.288695486205355,-1.4785660998255676e-18,2.719736369291814e-09
135.0999999999966,-1.3913099813486671e-05,-1.3913099813486671e-05,0.5265558824282875,0.5545442253716185,0.8501405193732195,1254,6.257882561282063,-7.029177073228847e-16,2.7217509888246228e-09
135.1999999999966,-1.3830368101495831e-05,-1.3830368101495831e-05,0.5274348095815338,0.5555784178137966,0.8495955047207413,1254,6.2324584303657975,-1.400455724950707e-15,2.7237656083574316e-09
135.2999999999966,-1.3609385612590856e-05,-1.3609385612590856e-05,0.5230605320259641,0.5504379384060891,0.8522955355020436,1254,6.2136460799285,-2.0871142491548493e-15,2.7257802278902403e-09
135.3999999999966,-1.3252305403875034e-05,-1.3252305403875034e-05,0.5208391423756504,0.5478336558604243,0.8536548411210452,1255,6.20240629206704,-2.7560214271105223e-15,2.7277948474230487e-09
135.4999999999966,-1.2762641560919493e-05,-1.2762641560919493e-05,0.5168304871753777,0.5431444729862825,0.8560877569070018,1256,6.199385622520269,-3.4004811993139827e-15,2.7298094669558575e-09
135.59999999999658,-1.21452346230709e-05,-1.21452346230709e-05,0.5135312378022561,0.5392950681629316,0.8580708990528013,1256,6.204880026709006,-4.014040749434935e-15,2.7318240864886663e-09
135.69999999999658,-1.140620373792235e-05,-1.140620373792235e-05,0.5108219634812915,0.5361406389796682,0.859686525208531,1257,6.218817493875924,-4.590555385896095e-15,2.733838706021475e-09
135.79999999999657,-1.0552886017812766e-05,-1.0552886017812766e-05,0.5066443087424967,0.531288106319353,0.862155174211022,1258,6.240761325175292,-5.124250157394514e-15,2.7358533255542834e-09
135.89999999999657,-9.593763699319929e-06,-9.593763699319929e-06,0.5039652242209535,0.5281835060722094,0.8637239447739793,1258,6.269933672532263,-5.609777566967606e-15,2.7378679450870922e-09
135.99999999999656,-8.538379828857094e-06,-8.538379828857094e-06,0.5010640688097231,0.524827892845138,0.8654101911509046,1259,6.305257014957455,-6.0422708237874294e-15,2.739882564619901e-09
136.09999999999656,-7.39724331244981e-06,-7.39724331244981e-06,0.49695450631340937,0.520085697915052,0.8677765948991685,1260,6.345409737124184,-6.417392149952963e-15,2.7418971841527098e-09
136.19999999999655,-6.181724274405933e-06,-6.181724274405933e-06,0.4945522510523164,0.51731959756087,0.8691478993698867,1260,6.388891116852223,-6.7313757324598546e-15,2.743911803685518e-09
136.29999999999654,-4.903940766828942e-06,-4.903940766828942e-06,0.4916931828412419,0.5140331573533845,0.8707685191527361,1261,6.434090875823866,-6.9810649723135734e-15,2.745926423218327e-09
136.39999999999654,-3.5766379587867166e-06,-3.5766379587867166e-06,0.4878075996103302,0.5095765043452666,0.8729511703196278,1262,6.479358894085358,-7.163943731955067e-15,2.7479410427511357e-09
136.49999999999653,-2.2130610095627246e-06,-2.2130610095627246e-06,0.4854461652722854,0.5068734263520153,0.8742665615374026,1262,6.523071527541494,-7.278161321824468e-15,2.7499556622839445e-09
136.59999999999653,-8.268228940236853e-07,-8.268228940236853e-07,0.48277404963852133,0.5038196023744015,0.8757449497402897,1263,6.563691968630743,-7.322551002962796e-15,2.7519702818167533e-09
136.69999999999652,5.682315009031747e-07,5.682315009031747e-07,0.4791934507298877,0.4997355563751141,0.8777093122313233,1264,6.599823059372285,-7.296641821548983e-15,2.7539849013495617e-09
136.79999999999652,1.958163651853742e-06,1.958163651853742e-06,0.476716885747818,0.49691609941794307,0.8790568871483243,1264,6.630251775020132,-7.200663638107306e-15,2.7559995208823704e-09
136.8999999999965,3.32908066571111e-06,3.32908066571111e-06,0.47430670896519606,0.49417635564623646,0.880359668448416,1265,6.653985186614995,-7.0355452708822255e-15,2.7580141404151792e-09
136.9999999999965,4.667274145852303e-06,4.667274145852303e-06,0.47105969285179006,0.4904917209985887,0.8821013353183279,1266,6.670278076834432,-6.8029057387125245e-15,2.760028759947988e-09
137.0999999999965,5.959357269905799e-06,5.959357269905799e-06,0.4683698661672331,0.487444855268495,0.8835324942901015,1266,6.678652554044551,-6.50503866063375e-15,2.7620433794807964e-09
137.1999999999965,7.192398708288594e-06,7.192398708288594e-06,0.4662497176423231,0.4850467501687196,0.8846531528223104,1267,6.678910027602494,-6.144889943433047e-15,2.764057999013605e-09
137.2999999999965,8.354052043819175e-06,8.354052043819175e-06,0.4633326798274365,0.4817522242113143,0.8861844208763355,1268,6.671135819203614,-5.726028960739487e-15,2.766072618546414e-09
137.39999999999648,9.432679397132681e-06,9.432679397132681e-06,0.46037241122387784,0.47841466441532343,0.8877258827948595,1268,6.655696533364334,-5.252613495263831e-15,2.7680872380792227e-09
137.49999999999648,1.0417468020018274e-05,1.0417468020018274e-05,0.4585419736381399,0.47635382412524596,0.8886727510237047,1269,6.633230134210009,-4.729348778164211e-15,2.770101857612031e-09
137.59999999999647,1.129853868858748e-05,1.129853868858748e-05,0.45593435431581064,0.4734217526718479,0.8900134069521789,1270,6.604628513276912,-4.161441016088893e-15,2.77211647714484e-09
137.69999999999646,1.206704480967381e-05,1.206704480967381e-05,0.4526747526494869,0.46976275514844246,0.8916757080428545,1270,6.571012223210533,-3.5545458479225325e-15,2.7741310966776487e-09
137.79999999999646,1.2715261246248226e-05,1.2715261246248226e-05,0.46559819060896374,0.4843104156035721,0.8849962287499643,1254,6.533697037771999,-2.914712220690837e-15,2.7761457162104575e-09
137.89999999999645,1.323666196999312e-05,1.323666196999312e-05,0.48836331279570205,0.5102132090301078,0.8726404040125619,1254,6.494152125042526,-2.248322218503896e-15,2.778160335743266e-09
137.99999999999645,1.3625985760490177e-05,1.3625985760490177e-05,0.5064504887679072,0.5310633124758838,0.862269042948167,1254,6.453949931496317,-1.5620274206702789e-15,2.7801749552760746e-09
138.09999999999644,1.3879289289636112e-05,1.3879289289636112e-05,0.5196788455596473,0.5464750078423027,0.8543616900808417,1254,6.41470840004906,-8.626824056982615e-16,2.7821895748088834e-09
138.19999999999644,1.3993987055716553e-05,1.3993987055716553e-05,0.527893209484002,0.5561180589959872,0.8493107554839274,1254,6.378026886408723,-1.5727605690319323e-16,2.784204194341692e-09
138.29999999999643,1.3968877762787816e-05,1.3968877762787816e-05,0.5309625584950312,0.559736064234052,0.8473952805370175,1254,6.345418048156204,5.471386377447846e-16,2.786218813874501e-09
138.39999999999642,1.3804156876329298e-05,1.3804156876329298e-05,0.5287823849629746,0.557165337781221,0.8487574384668852,1254,6.31823895037843,1.2435155654327154e-15,2.7882334334073093e-09
138.49999999999642,1.3501415224185152e-05,1.3501415224185152e-05,0.5251709986745144,0.5529160399277534,0.8509967227617349,1255,6.2976254875015645,1.9248864943559206e-15,2.790248052940118e-09
138.5999999999964,1.3063623651233754e-05,1.3063623651233754e-05,0.5209618592653125,0.5479774168588079,0.8535799559448598,1255,6.2844347502661915,2.5844313341115504e-15,2.792262672472927e-09
138.6999999999964,1.249510387561466e-05,1.249510387561466e-05,0.5186730508521289,0.545298181804083,0.854972669925621,1256,6.279199966603934,3.215546875426355e-15,2.7942772920057357e-09
138.7999999999964,1.1801485832311619e-05,1.1801485832311619e-05,0.5147209568123917,0.5406821486572166,0.8573577646572846,1257,6.282101989858541,3.811913248784015e-15,2.796291911538544e-09
138.8999999999964,1.0989651925057574e-05,1.0989651925057574e-05,0.5113907446830681,0.5368023837815924,0.8593483032231443,1257,6.292960009517119,4.367557377359021e-15,2.798306531071353e-09
138.9999999999964,1.0067668738541221e-05,1.0067668738541221e-05,0.5087278487817415,0.5337064919074996,0.8609273929164419,1258,6.3112423924776415,4.876912755865867e-15,2.8003211506041616e-09
139.09999999999638,9.044706888443315e-06,9.044706888443315e-06,0.5047066829387936,0.5290421653685851,0.8632908919923342,1259,6.336096631090903,5.334874958724412e-15,2.8023357701369704e-09
139.19999999999638,7.930949805657849e-06,7.930949805657849e-06,0.5018402894747472,0.5257250655790421,0.8649603018982442,1259,6.366395629586282,5.736852360163852e-15,2.8043503896697788e-09
139.29999999999637,6.7374923619677606e-06,6.7374923619677606e-06,0.49908944810826944,0.5225476795742356,0.8665504733060753,1260,6.400796300348852,6.078811626171338e-15,2.8063650092025875e-09
139.39999999999637,5.476230346335547e-06,5.476230346335547e-06,0.49520714038289426,0.5180732435646351,0.8687749352472114,1261,6.437805828862515,6.357317605878948e-15,2.8083796287353963e-09
139.49999999999636,4.159741892813806e-06,4.159741892813806e-06,0.49250981416843653,0.5149712342028665,0.8703068900955411,1261,6.475851001880122,6.569567304522715e-15,2.810394248268205e-09
139.59999999999636,2.8011620419576773e-06,2.8011620419576773e-06,0.48986753504635283,0.5119378017025272,0.8717968789274313,1262,6.51334654402963,6.713417662863477e-15,2.812408867801014e-09
139.69999999999635,1.4140516867173012e-06,1.4140516867173012e-06,0.4862464377124443,0.5077890235696108,0.8738217219845007,1263,6.548759268044306,6.787406904173622e-15,2.8144234873338223e-09
139.79999999999634,1.2262210408789557e-08,1.2262210408789557e-08,0.48351884819130964,0.5046702762168254,0.8753339496693529,1263,6.580665802423445,6.790769246425086e-15,2.816438106866631e-09
139.89999999999634,-1.3902028320641972e-06,-1.3902028320641972e-06,0.4810975705156539,0.5019062639521367,0.8766670563240845,1264,6.607802550068817,6.723442820180939e-15,2.81845272639944e-09
139.99999999999633,-2.7793276084800326e-06,-2.7793276084800326e-06,0.4777938632345891,0.49814165806507865,0.8784719826240145,1265,6.629107248823327,6.5860706853477236e-15,2.8204673459322486e-09
140.09999999999633,-4.141224081508971e-06,-4.141224081508971e-06,0.4749065268546995,0.4948578135637995,0.8800362439983972,1265,6.643752007911746,6.379994902701314e-15,2.822481965465057e-09
140.19999999999632,-5.462270858981493e-06,-5.462270858981493e-06,0.47275895527468514,0.49241909413101875,0.8811917896846226,1266,6.651167986945839,6.107243686606567e-15,2.8244965849978658e-09
140.29999999999632,-6.72924943399316e-06,-6.72924943399316e-06,0.4697857788948343,0.4890480959958251,0.8827804494596456,1267,6.651061997337073,5.770511739741488e-15,2.8265112045306746e-09
140.3999999999963,-7.929476452163352e-06,-7.929476452163352e-06,0.46665947950813663,0.4855099960261426,0.8844370696579803,1267,6.643425282220347,5.373133944822264e-15,2.8285258240634833e-09
140.4999999999963,-9.050930682534513e-06,-9.050930682534513e-06,0.46480029781753407,0.4834090515815943,0.8854155426401389,1268,6.628534615098157,4.919052659014153e-15,2.8305404435962917e-09
140.5999999999963,-1.0082373421011463e-05,-1.0082373421011463e-05,0.46214611420085383,0.48041373200990256,0.8868037940429954,1269,6.60694569268014,4.412778921963057e-15,2.8325550631291005e-09
140.6999999999963,-1.1013461120378468e-05,-1.1013461120378468e-05,0.4587508322593268,0.47658886147547935,0.8885649519879653,1270,6.579478626110197,3.859347947612174e-15,2.8345696826619093e-09
140.7999999999963,-1.1834849118148848e-05,-1.1834849118148848e-05,0.4571593241424647,0.474798588522072,0.8893848167973214,1270,6.547195200653042,3.264269323631176e-15,2.836584302194718e-09
140.89999999999628,-1.2538285422031188e-05,-1.2538285422031188e-05,0.4574773527474296,0.4751562040767061,0.8892212726443312,1254,6.511367524387712,2.633472391386832e-15,2.8385989217275264e-09
140.99999999999628,-1.3116693611757134e-05,-1.3116693611757134e-05,0.48227614223226767,0.5032511384298529,0.8760192478670554,1254,6.4734377727463785,1.9732473250537592e-15,2.8406135412603352e-09
141.09999999999627,-1.356424402442333e-05,-1.356424402442333e-05,0.5024557545027225,0.5264367654961928,0.8646029231775126,1254,6.434969008589901,1.2901824716751155e-15,2.842628160793144e-09
141.19999999999627,-1.3876412507274625e-05,-1.3876412507274625e-05,0.5178230337098015,0.5443042774050215,0.8554877589770514,1254,6.397587556903349,5.910985554180852e-16,2.8446427803259528e-09
141.29999999999626,-1.4050026145833134e-05,-1.4050026145833134e-05,0.5282118126478282,0.5564932341853078,0.8491126432807933,1254,6.362918151578233,-1.1701961077282262e-16,2.8466573998587616e-09
141.39999999999625,-1.4083295505222065e-05,-1.4083295505222065e-05,0.5334799467559028,0.5627095753618164,0.8458127135538452,1254,6.332514013197191,-8.270932246483482e-16,2.84867201939157e-09
141.49999999999625,-1.3975833057147666e-05,-1.3975833057147666e-05,0.5335097888477052,0.56274485790532,0.845793890497961,1254,6.307785058534897,-1.5320206881471991e-15,2.8506866389243787e-09
141.59999999999624,-1.3728657602943897e-05,-1.3728657602943897e-05,0.5285269961443831,0.5568644686782313,0.8489164943306233,1255,6.28992840982742,-2.2247491468307563e-15,2.8527012584571875e-09
141.69999999999624,-1.3344184642974761e-05,-1.3344184642974761e-05,0.5264757605708947,0.5544499826936912,0.8501901396342455,1255,6.2798660372822095,-2.8983456041443067e-15,2.8547158779899963e-09
141.79999999999623,-1.2826202783131433e-05,-1.2826202783131433e-05,0.5228656840604903,0.5502093389448913,0.8524150845872893,1256,6.2781945017137115,-3.546066828675778e-15,2.8567304975228047e-09
141.89999999999623,-1.217983640875187e-05,-1.217983640875187e-05,0.5187424018643686,0.5453792986879044,0.8549305939712217,1256,6.285151205752303,-4.1614272789340225e-15,2.8587451170556134e-09
141.99999999999622,-1.1411494993633706e-05,-1.1411494993633706e-05,0.5164335761175017,0.5426809042265521,0.856327251381438,1257,6.300600293539886,-4.73826429726821e-15,2.8607597365884222e-09
142.09999999999621,-1.0528809545533695e-05,-1.0528809545533695e-05,0.5125878136511058,0.5381959583360489,0.8586348078760722,1258,6.32403951973963,-5.270799873318708e-15,2.862774356121231e-09
142.1999999999962,-9.5405568183104e-06,-9.5405568183104e-06,0.5091563249990817,0.5342042565996581,0.8606740595100038,1258,6.354627352005337,-5.753698344714757e-15,2.8647889756540394e-09
142.2999999999962,-8.456572043382532e-06,-8.456572043382532e-06,0.5065951523311965,0.5312310915390366,0.8621840590236703,1259,6.391227658861366,-6.182119481468584e-15,2.866803595186848e-09
142.3999999999962,-7.287651048216229e-06,-7.287651048216229e-06,0.502772614973793,0.5268032854544757,0.8644187050454277,1260,6.432467905602867,-6.551766481125387e-15,2.868818214719657e-09
142.4999999999962,-6.045442735967925e-06,-6.045442735967925e-06,0.49967002272070465,0.5232177925476695,0.8662158324541814,1260,6.476806034534164,-6.858928475169966e-15,2.8708328342524657e-09
142.5999999999962,-4.742332997128177e-06,-4.742332997128177e-06,0.49711048436588906,0.5202654516476205,0.8676872514526828,1261,6.522601165427265,-7.100517207795603e-15,2.8728474537852745e-09
142.69999999999618,-3.391321210065567e-06,-3.391321210065567e-06,0.4934831570641379,0.5160899790042853,0.8697553527826152,1262,6.568183786853582,-7.274097595256893e-15,2.874862073318083e-09
142.79999999999617,-2.0058905618941353e-06,-2.0058905618941353e-06,0.49045852099191806,0.512615824995577,0.8714645369643106,1262,6.61192200114637,-7.377911911692285e-15,2.8768766928508917e-09
142.89999999999617,-5.998734833334136e-07,-5.998734833334136e-07,0.4880591820792202,0.5098647252015118,0.8728105377389543,1263,6.652281405001602,-7.41089738229499e-15,2.8788913123837004e-09
142.99999999999616,8.126864594299813e-07,8.126864594299813e-07,0.48471855766239413,0.506041369306651,0.8746701777571294,1264,6.68787714762937,-7.372697003930772e-15,2.8809059319165092e-09
143.09999999999616,2.217674836934187e-06,2.217674836934187e-06,0.4816045749560186,0.5024846875923633,0.8763886314766027,1264,6.717517491761069,-7.263663461581378e-15,2.8829205514493176e-09
143.19999999999615,3.6010473915747305e-06,3.6010473915747305e-06,0.47944958575664903,0.500027401789283,0.8775694244433186,1265,6.740238760645187,-7.084856067988167e-15,2.8849351709821264e-09
143.29999999999615,4.948970426392905e-06,4.948970426392905e-06,0.47643113259770703,0.4965910601893891,0.8792117923979785,1266,6.755331888613824,-6.838030722154968e-15,2.886949790514935e-09
143.39999999999614,6.247959144144912e-06,6.247959144144912e-06,0.47312146654469456,0.4928305270314359,0.8809972065191793,1266,6.762360936222618,-6.5256229564159035e-15,2.888964410047744e-09
143.49999999999613,7.4850125532156915e-06,7.4850125532156915e-06,0.47124533636069355,0.4907021888167817,0.8820021728761765,1267,6.76117392818434,-6.150724217285356e-15,2.8909790295805523e-09
143.59999999999613,8.647743590715368e-06,8.647743590715368e-06,0.4685502766972619,0.4876490586200732,0.8834368331731021,1268,6.751906269469068,-5.71705159845001e-15,2.892993649113361e-09
143.69999999999612,9.724503160373144e-06,9.724503160373144e-06,0.4651005819933157,0.4837482266946724,0.8852578430205965,1269,6.734976834729993,-5.2289113124387246e-15,2.89500826864617e-09
143.79999999999612,1.0704496843155921e-05,1.0704496843155921e-05,0.46338946622791816,0.4818163049494584,0.8861547283567386,1269,6.71107664783711,-4.691156249586996e-15,2.8970228881789787e-09
143.8999999999961,1.1577893111289406e-05,1.1577893111289406e-05,0.4610009270282282,0.47912280112474,0.8873996536392801,1270,6.6811499099686635,-4.109138029007465e-15,2.899037507711787e-09
143.9999999999961,1.2335921960825416e-05,1.2335921960825416e-05,0.4578653884926957,0.47559263012368885,0.8890215329340638,1271,6.646367036663929,-3.4886539972749e-15,2.901052127244596e-09
144.0999999999961,1.2970962973240959e-05,1.2970962973240959e-05,0.4752672007175857,0.4952676986895262,0.8798415129567768,1254,6.608089370474633,-2.835889677603641e-15,2.9030667467774046e-09
144.1999999999961,1.3476621921823942e-05,1.3476621921823942e-05,0.4975235169859842,0.5207415321371137,0.8674504885270957,1254,6.567825392739888,-2.1573572165448805e-15,2.9050813663102134e-09
144.2999999999961,1.3847795152748173e-05,1.3847795152748173e-05,0.515019255752946,0.5410301132058635,0.8571786081113326,1254,6.527178608196631,-1.4598304175063174e-15,2.907095985843022e-09
144.39999999999608,1.4080721092629995e-05,1.4080721092629995e-05,0.5275769689655001,0.5557457524667707,0.849507234705612,1254,6.487787846608263,-7.502769911955365e-16,2.9091106053758305e-09
144.49999999999608,1.4173018362774366e-05,1.4173018362774366e-05,0.5350438270827289,0.5645596234388077,0.8448243030954229,1254,6.451261510480369,-3.578869246148925e-17,2.9111252249086393e-09
144.59999999999607,1.4123710113979112e-05,1.4123710113979112e-05,0.5372903256746053,0.5672210005739635,0.8433973594554802,1254,6.419108239604475,6.764899496366949e-16,2.913139844441448e-09
144.69999999999607,1.3933234333338092e-05,1.3933234333338092e-05,0.5342133341697984,0.563576892850047,0.8453496989975139,1254,6.392667439082198,1.379433567907235e-15,2.915154463974257e-09
144.79999999999606,1.3603440014593844e-05,1.3603440014593844e-05,0.5310522148261608,0.5598418699959931,0.8473390968958231,1255,6.3730439431074,2.06600779116804e-15,2.9171690835070653e-09
144.89999999999606,1.3137569224838431e-05,1.3137569224838431e-05,0.5261256534044401,0.5540382365065576,0.8504068419466949,1256,6.361051543867096,2.7293401913397014e-15,2.919183703039874e-09
144.99999999999605,1.254022524133632e-05,1.254022524133632e-05,0.524124724754762,0.5516870368854959,0.8516415166610567,1256,6.35717000636541,3.3627895566562017e-15,2.921198322572683e-09
145.09999999999604,1.1817327071535993e-05,1.1817327071535993e-05,0.520544312534155,0.5474883186396994,0.853834655356846,1257,6.361519408863838,3.960012722269531e-15,2.9232129421054916e-09
145.19999999999604,1.0976050805554882e-05,1.0976050805554882e-05,0.5164190913660696,0.5426639893408817,0.8563359866738307,1257,6.373854235285095,4.5150282298774456e-15,2.9252275616383e-09
145.29999999999603,1.0024758382202243e-05,1.0024758382202243e-05,0.5141325533527076,0.5399959913006022,0.8577107423735727,1258,6.3935778033886885,5.02227614928202e-15,2.9272421811711088e-09
145.39999999999603,8.972914475627928e-06,8.972914475627928e-06,0.5104266341849149,0.5356808489247218,0.8599213051870845,1259,6.4197756642640265,5.476673471266951e-15,2.9292568007039176e-09
145.49999999999602,7.830992328689892e-06,7.830992328689892e-06,0.5068270659657564,0.5315000967062045,0.862047751116226,1259,6.451264908741553,5.87366456372668e-15,2.9312714202367263e-09
145.59999999999602,6.610369469927481e-06,6.610369469927481e-06,0.5044022023201175,0.5286895041246892,0.8634688287915292,1260,6.486655146810207,6.209266261603558e-15,2.933286039769535e-09
145.699999999996,5.323214352500362e-06,5.323214352500362e-06,0.5007986385942118,0.5245212097730886,0.8655638183185478,1261,6.524416423978498,6.48010722825143e-15,2.9353006593023435e-09
145.799999999996,3.9823650445868e-06,3.9823650445868e-06,0.49741296168143606,0.520614088247307,0.8675138878146575,1261,6.562949477652291,6.683461278441018e-15,2.9373152788351523e-09
145.899999999996,2.6012011806147276e-06,2.6012011806147276e-06,0.4950635745481892,0.5179080004520088,0.8688567529550366,1262,6.600654364110386,6.817274393725707e-15,2.939329898367961e-09
145.999999999996,1.193510450522111e-06,1.193510450522111e-06,0.4916983498127648,0.5140390911693936,0.8707656015205263,1263,6.635994388923789,6.8801851954992404e-15,2.94134451790077e-09
146.099999999996,-2.2664904067325558e-07,-2.2664904067325558e-07,0.48831417334437976,0.5101568986909831,0.8726679025327991,1263,6.667553242231349,6.871538677260299e-15,2.9433591374335782e-09
146.19999999999598,-1.6450891689254288e-06,-1.6450891689254288e-06,0.4861643952478915,0.5076951367737763,0.8738673702532049,1264,6.694084116137443,6.791393041467906e-15,2.945373756966387e-09
146.29999999999598,-3.0476335406931656e-06,-3.0476335406931656e-06,0.48310261488280687,0.5041948249063074,0.8755637403943783,1265,6.7145502714781475,6.640519541054879e-15,2.9473883764991958e-09
146.39999999999597,-4.42025917974584e-06,-4.42025917974584e-06,0.47958073005525026,0.5001768482598519,0.877497762595252,1265,6.72815699230595,6.420395290912734e-15,2.9494029960320046e-09
146.49999999999596,-5.749236735116072e-06,-5.749236735116072e-06,0.4776912647132942,0.49802486974954874,0.8785277773733813,1266,6.734375128704897,6.13318908753734e-15,2.951417615564813e-09
146.59999999999596,-7.021267808308598e-06,-7.021267808308598e-06,0.4749520741994674,0.49490957050129386,0.8800116631122702,1267,6.732956516236184,5.781740351239777e-15,2.9534322350976217e-09
146.69999999999595,-8.223618026128084e-06,-8.223618026128084e-06,0.4714401139714236,0.4909230375976658,0.8818980774095219,1268,6.723941517310865,5.369531380589479e-15,2.9554468546304305e-09
146.79999999999595,-9.344244527482107e-06,-9.344244527482107e-06,0.46959767686077825,0.48883502900727244,0.8828805252620312,1268,6.707658801165334,4.900653179809598e-15,2.9574614741632393e-09
146.89999999999594,-1.0371916587834884e-05,-1.0371916587834884e-05,0.4671737961984884,0.4860916039945802,0.8841655072131536,1269,6.6847173083216855,4.3797651849233305e-15,2.959476093696048e-09
146.99999999999594,-1.1296328173084809e-05,-1.1296328173084809e-05,0.4639924908173163,0.4824969219419652,0.8858391323853009,1270,6.655990175236066,3.8120492732202425e-15,2.9614907132288564e-09
147.09999999999593,-1.2108201294838625e-05,-1.2108201294838625e-05,0.46182535986848255,0.4800520690162009,0.8869708771895201,1270,6.622590269999001,3.2031584937455834e-15,2.9635053327616652e-09
147.19999999999592,-1.279937913056028e-05,-1.279937913056028e-05,0.4674211705602661,0.4863714075500373,0.8840347557149948,1254,6.58583695920764,2.559161005175784e-15,2.965519952294474e-09
147.29999999999592,-1.33629079739728e-05,-1.33629079739728e-05,0.49174064539794915,0.514087664706498,0.8707417169652597,1254,6.547213841706022,1.8864797528426957e-15,2.9675345718272828e-09
147.3999999999959,-1.3793107192372535e-05,-1.3793107192372535e-05,0.5113568698795455,0.536762965066159,0.8593684609217361,1254,6.508317497221264,1.1918284598136905e-15,2.969549191360091e-09
147.4999999999959,-1.4085626487067872e-05,-1.4085626487067872e-05,0.5260805950268961,0.5539852528793622,0.8504347167985012,1254,6.470797844093853,4.821445485062218e-16,2.9715638108929e-09
147.5999999999959,-1.4237489879787747e-05,-1.4237489879787747e-05,0.5357484331345828,0.5653938706518843,0.844377650340083,1254,6.436291486123578,-2.35480350406549e-16,2.9735784304257087e-09
147.6999999999959,-1.4247125980355313e-05,-1.4247125980355313e-05,0.5402199728297297,0.5706984856881887,0.8415238445557238,1254,6.406350407322286,-9.538716063259819e-16,2.9755930499585175e-09
147.7999999999959,-1.4114384227868074e-05,-1.4114384227868074e-05,0.5393787679416764,0.5696991850727883,0.842063266443632,1254,6.382369428645389,-1.6658437827593648e-15,2.977607669491326e-09
147.89999999999588,-1.3840536937699865e-05,-1.3840536937699865e-05,0.5348073219465385,0.5642797023043093,0.8449740400700909,1255,6.365516784522311,-2.364273054370166e-15,2.9796222890241347e-09
147.99999999999588,-1.342826712844399e-05,-1.342826712844399e-05,0.5319028545111454,0.5608460814131145,0.8468053810427135,1255,6.356672774340339,-3.0421690617691133e-15,2.9816369085569434e-09
148.09999999999587,-1.2881642245033556e-05,-1.2881642245033556e-05,0.5287062561501182,0.5570756458591523,0.8488048625613107,1256,6.356381468748307,-3.692745409521452e-15,2.9836515280897522e-09
148.19999999999587,-1.2206074035284259e-05,-1.2206074035284259e-05,0.5238735896800352,0.5513921800829431,0.8517960213782136,1257,6.36481976078342,-4.3094880219975024e-15,2.9856661476225606e-09
148.29999999999586,-1.1408264975596984e-05,-1.1408264975596984e-05,0.5218437003785621,0.5490108519279127,0.8530411199791073,1257,6.38178665825516,-4.88622060293825e-15,2.9876807671553694e-09
148.39999999999586,-1.0496141776147021e-05,-1.0496141776147021e-05,0.5183400474560668,0.544908737692625,0.8551745992504937,1258,6.4067138077516015,-5.417166498431397e-15,2.989695386688178e-09
148.49999999999585,-9.478776625226962e-06,-9.478776625226962e-06,0.5141375716926188,0.5400018421643763,0.8577077342393604,1258,6.43869615775899,-5.897006335417737e-15,2.991710006220987e-09
148.59999999999584,-8.366296955206655e-06,-8.366296955206655e-06,0.5119254315556063,0.5374246994712116,0.8590298903569108,1259,6.476539795802494,-6.32093089067141e-15,2.9937246257537957e-09
148.69999999999584,-7.1697846275958265e-06,-7.1697846275958265e-06,0.5083968152430117,0.5333220274900105,0.8611229170395844,1260,6.518822656331919,-6.684688728040736e-15,2.995739245286604e-09
148.79999999999583,-5.901165540791001e-06,-5.901165540791001e-06,0.5045764860975771,0.5288913574501436,0.8633669959393986,1260,6.563963165349935,-6.984628215276646e-15,2.997753864819413e-09
148.89999999999583,-4.573090760193565e-06,-4.573090760193565e-06,0.502322964429442,0.5262831873105112,0.8646800792239968,1261,6.610291958010527,-7.217733590771087e-15,2.9997684843522217e-09
148.99999999999582,-3.1988103555367505e-06,-3.1988103555367505e-06,0.4989588268067467,0.5223969490207829,0.8666256914906428,1262,6.656122424104241,-7.381654795263685e-15,3.0017831038850305e-09
149.09999999999582,-1.792041203599743e-06,-1.792041203599743e-06,0.49525479599897937,0.5181280982332302,0.8687477695165665,1262,6.699816775931862,-7.474730819160116e-15,3.003797723417839e-09
149.1999999999958,-3.668300752802759e-07,-3.668300752802759e-07,0.49313344289930966,0.5156879414758485,0.8699536812349685,1263,6.739845365052782,-7.496006350127542e-15,3.0058123429506476e-09
149.2999999999958,1.0625866263699581e-06,1.0625866263699581e-06,0.4900370398918821,0.5121322439070068,0.8717016115242658,1264,6.774837921122577,-7.445241545305826e-15,3.0078269624834564e-09
149.3999999999958,2.481925076550837e-06,2.481925076550837e-06,0.4862706603094919,0.5078167440797144,0.873808242649479,1264,6.803626141423288,-7.322914802453564e-15,3.009841582016265e-09
149.4999999999958,3.876996766958193e-06,3.876996766958193e-06,0.48437593649501076,0.505649697102411,0.8748599614478773,1265,6.825277584401614,-7.130218465773276e-15,3.0118562015490735e-09
149.5999999999958,5.2338503454504815e-06,5.2338503454504815e-06,0.48159064990239064,0.5024687985308957,0.8763962836106695,1266,6.83912112342779,-6.869047472986853e-15,3.0138708210818823e-09
149.69999999999578,6.538911139161494e-06,6.538911139161494e-06,0.47800702996113453,0.49838433034314233,0.8783560094333818,1267,6.844764333977591,-6.541981026405881e-15,3.015885440614691e-09
149.79999999999578,7.77911696569916e-06,7.77911696569916e-06,0.4760210064415775,0.49612464885000546,0.8794339096409391,1267,6.84210316460445,-6.15225744766211e-15,3.0179000601475e-09
149.89999999999577,8.942048873641914e-06,8.942048873641914e-06,0.4735535386273485,0.49332102690017365,0.8807650345316373,1268,6.831324125576052,-5.703742449539647e-15,3.0199146796803087e-09
149.99999999999577,1.0016055503710582e-05,1.0016055503710582e-05,0.47031359250234045,0.4896460902494493,0.8824993624403037,1269,6.812899061329572,-5.200891126520591e-15,3.021929299213117e-09
150.09999999999576,1.0990369825258884e-05,1.0990369825258884e-05,0.468016750523476,0.4870452341376431,0.8837195942319297,1269,6.7875723932042265,-4.648704027331681e-15,3.023943918745926e-09
150.19999999999575,1.185521707846214e-05,1.185521707846214e-05,0.4658541093363728,0.48459961254338285,0.8848615421716636,1270,6.756340566078612,-4.052677728316778e-15,3.0259585382787346e-09
150.29999999999575,1.2601912840039259e-05,1.2601912840039259e-05,0.4629292644905502,0.48129705106215986,0.8863952256630437,1271,6.7204233479575,-3.418750376936272e-15,3.0279731578115434e-09
150.39999999999574,1.322295022864794e-05,1.322295022864794e-05,0.48489666564181544,0.506245009530888,0.8745714514260395,1254,6.681226660452466,-2.7532427213970195e-15,3.0299877773443518e-09
150.49999999999574,1.3712075374268815e-05,1.3712075374268815e-05,0.5066209256155431,0.5312609848204415,0.8621689148469982,1254,6.640296807439965,-2.0627951865013254e-15,3.0320023968771606e-09
150.59999999999573,1.4064350392863197e-05,1.4064350392863197e-05,0.5235032449420786,0.5509574571698737,0.8520236807361131,1254,6.5992663604698105,-1.3543015981270869e-15,3.0340170164099693e-09
150.69999999999573,1.4276203232185855e-05,1.4276203232185855e-05,0.535369469791442,0.5649451266407692,0.8446179792161841,1254,6.559792575693913,-6.348401998007833e-16,3.036031635942778e-09
150.79999999999572,1.4345463885615866e-05,1.4345463885615866e-05,0.5420688893225382,0.5728971443877048,0.8403340521653456,1254,6.523490044534,8.839735538892026e-17,3.0380462554755865e-09
150.8999999999957,1.4271386606928511e-05,1.4271386606928511e-05,0.5434732738716813,0.5745692687201542,0.8394264712213908,1254,6.491860249972904,8.081783164568403e-16,3.0400608750083953e-09
150.9999999999957,1.4054657898711454e-05,1.4054657898711454e-05,0.5394807115822856,0.569820253878346,0.8419979583292769,1254,6.466221676535131,1.5173016945450546e-15,3.042075494541204e-09
151.0999999999957,1.3697390189233111e-05,1.3697390189233111e-05,0.5367952225550098,0.5666340760365883,0.8437125630462767,1255,6.447644909220769,2.2086708887409846e-15,3.044090114074013e-09
151.1999999999957,1.3203101255580779e-05,1.3203101255580779e-05,0.5322575196206195,0.5612649637115243,0.8465825020677582,1256,6.436897533054067,2.8753652790761734e-15,3.0461047336068212e-09
151.2999999999957,1.2576679593371859e-05,1.2576679593371859e-05,0.5294431808828823,0.5579440718348305,0.8483454003038005,1256,6.434403421741812,3.510709988612974e-15,3.04811935313963e-09
151.39999999999569,1.182433607387862e-05,1.182433607387862e-05,0.5262534515428482,0.5541885223157444,0.8503277631238669,1257,6.4402200954414575,4.108343038301182e-15,3.0501339726724388e-09
151.49999999999568,1.0953542366590341e-05,1.0953542366590341e-05,0.5215584928871394,0.5486765440862652,0.853215528748332,1258,6.454036303524318,4.662279163489619e-15,3.0521485922052476e-09
151.59999999999567,9.972956737693632e-06,9.972956737693632e-06,0.5194235108179096,0.5461761747549511,0.8545169491646125,1258,6.475190079767499,5.166969627567698e-15,3.0541632117380563e-09
151.69999999999567,8.892337961356777e-06,8.892337961356777e-06,0.5160466311313898,0.5422290999781032,0.8565604908574428,1259,6.502705564767145,5.617357449415748e-15,3.0561778312708647e-09
151.79999999999566,7.722448199791093e-06,7.722448199791093e-06,0.5116986750444986,0.5371607521000894,0.8591649818036723,1259,6.535345246336453,6.00892754700386e-15,3.0581924508036735e-09
151.89999999999566,6.474945818638737e-06,6.474945818638737e-06,0.5096120588520365,0.5347338476450881,0.8604042941969713,1260,6.571673197195799,6.33775137904799e-15,3.0602070703364823e-09
151.99999999999565,5.1622692051934645e-06,5.1622692051934645e-06,0.5062971192080272,0.5308854543566119,0.8623591056408303,1261,6.610124499891221,6.600525732616537e-15,3.062221689869291e-09
152.09999999999565,3.797512747286129e-06,3.797512747286129e-06,0.5022089375200943,0.5261513205715729,0.8647463113971277,1261,6.649076289022026,6.794605354870977e-15,3.0642363094020994e-09
152.19999999999564,2.3942962094530256e-06,2.3942962094530256e-06,0.5001614570252524,0.523785220148164,0.8659321664578449,1262,6.686916539923828,6.918029165199692e-15,3.0662509289349082e-09
152.29999999999563,9.66628809461082e-07,9.66628809461082e-07,0.49705927651023374,0.5202064361556629,0.867716587161455,1263,6.722107671337712,6.969539817055063e-15,3.068265548467717e-09
152.39999999999563,-4.71230648279748e-07,-4.71230648279748e-07,0.49305124532829997,0.5155934590087707,0.8700002698161723,1264,6.753243002699057,6.948596414831886e-15,3.0702801680005258e-09
152.49999999999562,-1.9049161859687428e-06,-1.9049161859687428e-06,0.49113398294476635,0.51339108248521,0.8710840434750312,1264,6.779094964827964,6.855380236255639e-15,3.072294787533334e-09
152.59999999999562,-3.3200981899081124e-06,-3.3200981899081124e-06,0.48831962079138597,0.5101631409928993,0.8726648543112969,1265,6.798654623286138,6.690793367688015e-15,3.074309407066143e-09
152.6999999999956,-4.702626638047352e-06,-4.702626638047352e-06,0.4846726938966819,0.5059889345711854,0.8746955926440543,1266,6.811162512104042,6.456450227623291e-15,3.0763240265989517e-09
152.7999999999956,-6.038672585950347e-06,-6.038672585950347e-06,0.48252526226791237,0.5035355380519106,0.8758820532887304,1266,6.816131007679324,6.154662028914857e-15,3.0783386461317605e-09
152.8999999999956,-7.31486649643042e-06,-7.31486649643042e-06,0.4800245904093053,0.5006827432733821,0.8772550328167851,1267,6.813358535587163,5.788414308226305e-15,3.0803532656645693e-09
152.9999999999956,-8.518432029118439e-06,-8.518432029118439e-06,0.4767309581977054,0.4969321080644589,0.8790492554435717,1268,6.8029358417559225,5.361337727400704e-15,3.0823678851973777e-09
153.0999999999956,-9.637313951091191e-06,-9.637313951091191e-06,0.47429476896395406,0.4941627930558005,0.8803661011950821,1268,6.785244419215171,4.8776724227009065e-15,3.0843825047301864e-09
153.19999999999558,-1.0660298887948143e-05,-1.0660298887948143e-05,0.4721051043456396,0.4916772341820723,0.8815422681022123,1269,6.760947006011573,4.3422262426454555e-15,3.0863971242629952e-09
153.29999999999558,-1.157712770580715e-05,-1.157712770580715e-05,0.46914098452923714,0.4883178247762414,0.8831232850711944,1270,6.730969902273596,3.760327273378488e-15,3.088411743795804e-09
153.39999999999557,-1.2378598397887933e-05,-1.2378598397887933e-05,0.466388489956123,0.48520362300743203,0.8845800000206016,1270,6.6964767406121934,3.1377711030633732e-15,3.0904263633286124e-09
153.49999999999557,-1.3056658443839128e-05,-1.3056658443839128e-05,0.4771886373332064,0.49745283405048846,0.8788008900769717,1254,6.658833334149398,2.4807633249900745e-15,3.092440982861421e-09
153.59999999999556,-1.3604485714800151e-05,-1.3604485714800151e-05,0.5010030556245463,0.524757392242507,0.8654455143189939,1254,6.619563373547245,1.7958578242218443e-15,3.09445560239423e-09
153.69999999999555,-1.4016557111329197e-05,-1.4016557111329197e-05,0.5200315378661232,0.5468878735083493,0.8541470597178187,1254,6.580295098200618,1.0898914357067641e-15,3.0964702219270387e-09
153.79999999999555,-1.428870424363563e-05,-1.428870424363563e-05,0.5340886413796551,0.5634293953354684,0.8454284849407632,1254,6.542699660807664,3.699156035217268e-16,3.098484841459847e-09
153.89999999999554,-1.4418155592809822e-05,-1.4418155592809822e-05,0.5430135525885792,0.5740217045820312,0.8397239318401795,1254,6.508422737190143,-3.568742884444031e-16,3.100499460992656e-09
153.99999999999554,-1.4403564726656342e-05,-1.4403564726656342e-05,0.5466673543178314,0.5783790512242142,0.837349869363543,1254,6.479011946232733,-1.083211204861857e-15,3.1025140805254647e-09
154.09999999999553,-1.4245024282961357e-05,-1.4245024282961357e-05,0.5449346268798667,0.5763111463996528,0.8384785342674554,1254,6.455843707634614,-1.8018296203642187e-15,3.1045287000582735e-09
154.19999999999553,-1.3944065575171638e-05,-1.3944065575171638e-05,0.5407999055199192,0.5713877841291795,0.8411512718825589,1255,6.44005407704756,-2.5055387766710096e-15,3.106543319591082e-09
154.29999999999552,-1.3503643819111553e-05,-1.3503643819111553e-05,0.5370230974342913,0.5669041851638427,0.843567538980774,1255,6.432478618432625,-3.1872952360741477e-15,3.1085579391238906e-09
154.39999999999552,-1.2928109123080103e-05,-1.2928109123080103e-05,0.534263276275003,0.5636359725866412,0.8453181363391535,1256,6.43360628230917,-3.840273924377961e-15,3.1105725586566994e-09
154.4999999999955,-1.2223163526016277e-05,-1.2223163526016277e-05,0.5297875839226346,0.5583500935913192,0.8481303649330199,1257,6.44355143458072,-4.457936868657493e-15,3.112587178189508e-09
154.5999999999955,-1.139580450797426e-05,-1.139580450797426e-05,0.5269731571507044,0.5550351303178056,0.8498819280597859,1257,6.462046665386874,-5.034098870949151e-15,3.114601797722317e-09
154.6999999999955,-1.0454255532514706e-05,-1.0454255532514706e-05,0.5238307229870727,0.5513418557933939,0.8518223838658154,1258,6.48845702343801,-5.56298941815611e-15,3.1166164172551253e-09
154.7999999999955,-9.407884310439277e-06,-9.407884310439277e-06,0.5193038693865859,0.5460361701112241,0.8545896624931287,1259,6.521814224518832,-6.0393102060793864e-15,3.118631036787934e-09
154.8999999999955,-8.267109597274118e-06,-8.267109597274118e-06,0.516994701117756,0.5433363031478918,0.8559885974802247,1259,6.5608675618120325,-6.458287742250794e-15,3.120645656320743e-09
154.99999999999548,-7.043297451811168e-06,-7.043297451811168e-06,0.5137762555929266,0.5395806374946353,0.857924215294633,1260,6.604147006999735,-6.8157205769442764e-15,3.1226602758535517e-09
155.09999999999548,-5.748647988693716e-06,-5.748647988693716e-06,0.5094177405431327,0.5345080173965218,0.8605193580739073,1261,6.650033479012968,-7.108020784895892e-15,3.12467489538636e-09
155.19999999999547,-4.396073753423793e-06,-4.396073753423793e-06,0.5072902435609042,0.5320374808569548,0.861775265825098,1261,6.696831436306619,-7.332249377210836e-15,3.126689514919169e-09
155.29999999999546,-2.9990709323174267e-06,-2.9990709323174267e-06,0.5042038595800974,0.5284598149572881,0.8635846617353353,1262,6.742839645998147,-7.486145365035365e-15,3.1287041344519776e-09
155.39999999999546,-1.5715846819935177e-06,-1.5715846819935177e-06,0.5001393159706803,0.5237596512965405,0.8659449547288673,1263,6.786416964023027,-7.56814823005694e-15,3.1307187539847864e-09
155.49999999999545,-1.2786992222893048e-07,-1.2786992222893048e-07,0.49797674587542073,0.5212640943418124,0.8671903831151073,1263,6.826040999566772,-7.577413590119697e-15,3.1327333735175948e-09
155.59999999999545,1.3176510181508387e-06,1.3176510181508387e-06,0.49513840631695955,0.5179941292699549,0.8688141104919404,1264,6.860358466560524,-7.51382188864819e-15,3.1347479930504036e-09
155.69999999999544,2.75053248071238e-06,2.75053248071238e-06,0.49142206985551345,0.5137218356227597,0.8709215517249087,1265,6.888226750155341,-7.37797998852289e-15,3.1367626125832123e-09
155.79999999999544,4.1564498427874085e-06,4.1564498427874085e-06,0.4890857496171235,0.5110412755906552,0.8722357075478259,1265,6.908746706890801,-7.171215615090237e-15,3.138777232116021e-09
155.89999999999543,5.521342725993514e-06,5.521342725993514e-06,0.48654740909787547,0.5081334876996806,0.8736541756897547,1266,6.921286988793533,-6.8955646664168584e-15,3.14079185164883e-09
155.99999999999542,6.83155561615204e-06,6.83155561615204e-06,0.48318857378241,0.5042930030560824,0.8755163060538168,1267,6.925500272891434,-6.553751487136805e-15,3.1428064711816383e-09
156.09999999999542,8.073974488201146e-06,8.073974488201146e-06,0.4805957454157952,0.501333929987959,0.8769422612055119,1267,6.921331735644463,-6.149162280428548e-15,3.144821090714447e-09
156.1999999999954,9.236158069117173e-06,9.236158069117173e-06,0.47836986472094223,0.4987974607351115,0.8781584552498868,1268,6.9090199826313485,-5.68581190689479e-15,3.146835710247256e-09
156.2999999999954,1.0306462424950202e-05,1.0306462424950202e-05,0.47535321475215536,0.49536546209880716,0.8797950450103657,1269,6.8890904696505375,-5.168304387122829e-15,3.1488503297800646e-09
156.3999999999954,1.1274157624324398e-05,1.1274157624324398e-05,0.4724600628140798,0.49207993382656445,0.8813520800711346,1269,6.862341271571158,-4.601787485853032e-15,3.150864949312873e-09
156.4999999999954,1.2129535309493125e-05,1.2129535309493125e-05,0.4705374410095753,0.48989976028157284,0.8823800295837165,1270,6.8298209093750115,-3.991901810590339e-15,3.1528795688456818e-09
156.5999999999954,1.2864006096490423e-05,1.2864006096490423e-05,0.4685487826977811,0.4876473674988128,0.8834376255471732,1254,6.7927978764450465,-3.3447249074203392e-15,3.1548941883784906e-09
156.69999999999538,1.3470185827184364e-05,1.3470185827184364e-05,0.4944376683417635,0.5171877691187592,0.8692130878701495,1254,6.75272155869282,-2.6667108831262153e-15,3.1569088079112993e-09
156.79999999999538,1.3941969807105994e-05,1.3941969807105994e-05,0.515602350464679,0.5417105011198294,0.8568279968554356,1254,6.711174466879083,-1.964626126641184e-15,3.1589234274441077e-09
156.89999999999537,1.4274594282693229e-05,1.4274594282693229e-05,0.531845339582082,0.5607781629709508,0.8468415051028261,1254,6.669816133375798,-1.245481745274172e-15,3.1609380469769165e-09
156.99999999999537,1.4464684538858488e-05,1.4464684538858488e-05,0.542995599981005,0.5740003255516152,0.8397355407515323,1254,6.630319687890899,-5.164633724852303e-16,3.1629526665097253e-09
157.09999999999536,1.4510289131292506e-05,1.4510289131292506e-05,0.5489042805299419,0.5810528236090104,0.8358852138995562,1254,6.594302995109333,2.1514095576999003e-16,3.164967286042534e-09
157.19999999999536,1.4410899906322452e-05,1.4410899906322452e-05,0.5494441748958919,0.5816988560298443,0.835530429531428,1254,6.563257230752983,9.420141207626744e-16,3.1669819055753424e-09
157.29999999999535,1.4167457603068953e-05,1.4167457603068953e-05,0.5445144589155658,0.5758101203530336,0.8387514554573892,1254,6.538476742338938,1.6568836669303426e-15,3.1689965251081512e-09
157.39999999999534,1.3782342976675919e-05,1.3782342976675919e-05,0.5423235413372229,0.5732002106649969,0.840169730775546,1255,6.520994781338445,2.352595177022755e-15,3.17101114464096e-09
157.49999999999534,1.3259353526080974e-05,1.3259353526080974e-05,0.5381903065460442,0.5682884537046643,0.8428233468170391,1256,6.511529981044037,3.0221844645492655e-15,3.1730257641737688e-09
157.59999999999533,1.2603666053706308e-05,1.2603666053706308e-05,0.5345427187822965,0.5639665838664404,0.8451414566786029,1256,6.510448111339366,3.658947774669646e-15,3.1750403837065776e-09
157.69999999999533,1.1821785426141418e-05,1.1821785426141418e-05,0.5317569383701273,0.5606737770687739,0.8468970176445473,1257,6.517742605360091,4.256509210472508e-15,3.177055003239386e-09
157.79999999999532,1.0921480042943312e-05,1.0921480042943312e-05,0.5273937086023389,0.5555300414254903,0.8496210191177425,1258,6.533035723709029,4.808884651983666e-15,3.1790696227721947e-09
157.89999999999532,9.911704653715083e-06,9.911704653715083e-06,0.524500601689978,0.5521284526717968,0.8514100767707949,1258,6.555600257841525,5.310541507355861e-15,3.1810842423050035e-09
157.9999999999953,8.80251129030879e-06,8.80251129030879e-06,0.5214617480613775,0.5485631595191588,0.853274659947647,1259,6.58439972942428,5.75645372158762e-15,3.1830988618378123e-09
158.0999999999953,7.604949200064805e-06,7.604949200064805e-06,0.5171441031037936,0.54351084970464,0.8558983447962573,1260,6.618143464974823,6.142151556605643e-15,3.1851134813706207e-09
158.1999999999953,6.330954776254164e-06,6.330954776254164e-06,0.5146063094770419,0.5405484323268848,0.8574265835897666,1260,6.65535195803474,6.463765736592669e-15,3.1871281009034294e-09
158.2999999999953,4.99323258222787e-06,4.99323258222787e-06,0.5115860699014694,0.5370296937455319,0.8592320368112265,1261,6.694427655667497,6.718065616857414e-15,3.1891427204362382e-09
158.3999999999953,3.6051286551911185e-06,3.6051286551911185e-06,0.50749441044788,0.5322744116852818,0.8616550489402117,1262,6.733726643967926,6.9024910821682454e-15,3.191157339969047e-09
158.49999999999528,2.1804973531131583e-06,2.1804973531131583e-06,0.5050379595127235,0.5294259453360539,0.8630971321069401,1262,6.771627472153554,7.015177915987546e-15,3.1931719595018554e-09
158.59999999999528,7.335630732753194e-07,7.335630732753194e-07,0.5022031854277896,0.5261446688158862,0.864749651949153,1263,6.806594323128465,7.054976413626194e-15,3.195186579034664e-09
158.69999999999527,-7.212217773036449e-07,-7.212217773036449e-07,0.4984302076806119,0.5217870820698124,0.8669298288047667,1264,6.837232710898996,7.021463048457312e-15,3.197201198567473e-09
158.79999999999526,-2.169321141366227e-06,-2.169321141366227e-06,0.4958746762280323,0.5188417765057403,0.8683940957167685,1264,6.862336722224216,6.914945047007349e-15,3.1992158181002817e-09
158.89999999999526,-3.596260558842106e-06,-3.596260558842106e-06,0.49331134956412676,0.5158924546386805,0.8698528107623841,1265,6.880927449136198,6.736457788165723e-15,3.2012304376330905e-09
158.99999999999525,-4.987771850811028e-06,-4.987771850811028e-06,0.4898899640649811,0.5119635292329829,0.8717842755569818,1266,6.892282664327169,6.4877550123597295e-15,3.203245057165899e-09
159.09999999999525,-6.3299357937222395e-06,-6.3299357937222395e-06,0.4871228048363514,0.5087922167006749,0.8733334832744969,1266,6.895957993754198,6.171291904180495e-15,3.2052596766987077e-09
159.19999999999524,-7.609321357157692e-06,-7.609321357157692e-06,0.48486417810749644,0.5062078631093697,0.8745894629985785,1267,6.891799879854318,5.7902011915291925e-15,3.2072742962315165e-09
159.29999999999524,-8.81312011226118e-06,-8.81312011226118e-06,0.4817919185474736,0.5026984678620975,0.8762856538950895,1268,6.879950550232765,5.348262481321284e-15,3.2092889157643252e-09
159.39999999999523,-9.929274465724743e-06,-9.929274465724743e-06,0.47874876103089414,0.4992289783700748,0.8779519484638005,1268,6.860845055966073,4.8498651230785085e-15,3.2113035352971336e-09
159.49999999999523,-1.0946598435454533e-05,-1.0946598435454533e-05,0.476797064100884,0.49700731118977864,0.8790134012998764,1269,6.8352002645303065,4.2999649560640334e-15,3.2133181548299424e-09
159.59999999999522,-1.1854889758123992e-05,-1.1854889758123992e-05,0.47405352593205424,0.49388878746904763,0.8804960275613894,1270,6.803995528852025,3.70403535317726e-15,3.215332774362751e-09
159.6999999999952,-1.2645032205026191e-05,-1.2645032205026191e-05,0.4707030462070361,0.49008744980397334,0.8822916990947024,1270,6.768444653078536,3.0680130267470443e-15,3.21734739389556e-09
159.7999999999952,-1.3309087080102929e-05,-1.3309087080102929e-05,0.48682063820802185,0.5084462578099709,0.8735019554727592,1254,6.729958788751249,2.398239109089864e-15,3.2193620134283683e-09
159.8999999999952,-1.3840372981784802e-05,-1.3840372981784802e-05,0.5101041100590807,0.5353058282825718,0.8601126652368475,1254,6.690100075861019,1.7013960655825323e-15,3.221376632961177e-09
159.9999999999952,-1.423353302725115e-05,-1.423353302725115e-05,0.5285207091148325,0.5568570627494993,0.848920408540609,1254,6.650526240358117,9.844410410798527e-16,3.223391252493986e-09
160.0999999999952,-1.4484588862745157e-05,-1.4484588862745157e-05,0.541888685989078,0.5726827167176338,0.8404502674144558,1254,6.612927002387692,2.545362824550012e-16,3.2254058720267947e-09
160.19999999999519,-1.4590980915411042e-05,-1.4590980915411042e-05,0.5500495848794212,0.5824236104111395,0.8351319980541857,1254,6.578954027860206,-4.810226789178032e-16,3.227420491559603e-09
160.29999999999518,-1.4551594479441604e-05,-1.4551594479441604e-05,0.5528657422127119,0.5857994803470864,0.8332703469388474,1254,6.55014719937029,-1.2148803611976122e-15,3.229435111092412e-09
160.39999999999517,-1.4366771370764919e-05,-1.4366771370764919e-05,0.5502226050785912,0.5826308016181935,0.8350180146922153,1254,6.527861046151916,-1.9396954221057387e-15,3.2314497306252206e-09
160.49999999999517,-1.4038307028646527e-05,-1.4038307028646527e-05,0.5465534848444484,0.5782430693322161,0.837424198482698,1255,6.513196043950867,-2.6482147130292764e-15,3.2334643501580294e-09
160.59999999999516,-1.3569433087997783e-05,-1.3569433087997783e-05,0.5418868003344361,0.5726804730949578,0.8404514832060842,1255,6.506939929820888,-3.3333464839306173e-15,3.235478969690838e-09
160.69999999999516,-1.2964785591409705e-05,-1.2964785591409705e-05,0.5395899132186625,0.5699499527370183,0.8419279812149472,1256,6.509523963235023,-3.988231920178754e-15,3.2374935892236466e-09
160.79999999999515,-1.2230359153522326e-05,-1.2230359153522326e-05,0.5354943365675123,0.5650929717384315,0.8445388182340228,1257,6.520998105270863,-4.60631420816066e-15,3.2395082087564553e-09
160.89999999999515,-1.137344753085697e-05,-1.137344753085697e-05,0.5318789432729402,0.5608178446698239,0.8468203999094852,1257,6.541027455574414,-5.181404367151196e-15,3.241522828289264e-09
160.99999999999514,-1.0402571186276899e-05,-1.0402571186276899e-05,0.5291188294490585,0.5575617832599309,0.8485477383874511,1258,6.568910235261443,-5.70774314970208e-15,3.243537447822073e-09
161.09999999999513,-9.327392567439561e-06,-9.327392567439561e-06,0.5249103044044304,0.5526097289517736,0.8511575484773944,1259,6.603615506270096,-6.18005839569971e-15,3.2455520673548813e-09
161.19999999999513,-8.158619941657189e-06,-8.158619941657189e-06,0.5218646375809459,0.5490353963010757,0.8530283113956464,1259,6.643837060091498,-6.593617315735904e-15,3.24756668688769e-09
161.29999999999512,-6.9079007442598575e-06,-6.9079007442598575e-06,0.5189736637184776,0.5456498245533327,0.8547902294520103,1260,6.688058777256011,-6.94427326555977e-15,3.249581306420499e-09
161.39999999999512,-5.587705502706484e-06,-5.587705502706484e-06,0.5148939664665042,0.5408839548851633,0.8572538733049798,1261,6.734626367588641,-7.22850664562909e-15,3.2515959259533076e-09
161.4999999999951,-4.211203493260678e-06,-4.211203493260678e-06,0.5120765462559727,0.5376006218978414,0.8589398179002733,1261,6.781820686197832,-7.443459614250378e-15,3.253610545486116e-09
161.5999999999951,-2.792131370090577e-06,-2.792131370090577e-06,0.5092824373415168,0.5343507903633191,0.8605994416774182,1262,6.827928590592499,-7.586964342043244e-15,3.2556251650189248e-09
161.6999999999951,-1.344656077330677e-06,-1.344656077330677e-06,0.5054728765528866,0.5299299224441091,0.862842494937141,1263,6.871308319808435,-7.65756456687443e-15,3.2576397845517336e-09
161.7999999999951,1.1676658775147409e-07,1.1676658775147409e-07,0.5026534197370509,0.5266654003566729,0.8644880216791023,1263,6.910447417025858,-7.654530241052693e-15,3.2596544040845423e-09
161.8999999999951,1.5775363483906659e-06,1.5775363483906659e-06,0.5000856780291716,0.5236977108904797,0.8659759319000174,1264,6.944012125610463,-7.577865104008092e-15,3.261669023617351e-09
161.99999999999508,3.0230543168168385e-06,3.0230543168168385e-06,0.49661085677919464,0.5196897312727509,0.8679733042721038,1265,6.97088788132711,-7.428307067867974e-15,3.2636836431501595e-09
162.09999999999508,4.43886890021115e-06,4.43886890021115e-06,0.4936406527590288,0.51627106876334,0.8696659737759319,1265,6.990210979758012,-7.207321370156088e-15,3.2656982626829683e-09
162.19999999999507,5.810820285843151e-06,5.810820285843151e-06,0.4913603328932596,0.5136509501020776,0.8709563842460913,1266,7.001391738416801,-6.9170865238930865e-15,3.267712882215777e-09
162.29999999999507,7.12518206079451e-06,7.12518206079451e-06,0.4882362347335056,0.5100675901884559,0.872711509660122,1267,7.004129539349055,-6.560473175591153e-15,3.269727501748586e-09
162.39999999999506,8.368798549806213e-06,8.368798549806213e-06,0.4850254094875136,0.5063922234609555,0.8745000584056412,1267,6.998420077845943,-6.141016060926779e-15,3.2717421212813942e-09
162.49999999999505,9.529216497085457e-06,9.529216497085457e-06,0.4830509728214027,0.5041358443675229,0.8755922325239623,1268,6.984555002100602,-5.662879322387897e-15,3.273756740814203e-09
162.59999999999505,1.0594809773957665e-05,1.0594809773957665e-05,0.4802664576203835,0.5009584731951344,0.87712264232818,1269,6.963113949102699,-5.13081552087068e-15,3.2757713603470118e-09
162.69999999999504,1.1554895863492979e-05,1.1554895863492979e-05,0.4767663808470284,0.4969724050514393,0.8790300439086404,1269,6.934948803384998,-4.55011873371178e-15,3.2777859798798206e-09
162.79999999999504,1.2399842954987382e-05,1.2399842954987382e-05,0.47509242337868585,0.4950690629564226,0.8799359006474093,1270,6.901159867801826,-3.926572185857076e-15,3.279800599412629e-09
162.89999999999503,1.3121166574624059e-05,1.3121166574624059e-05,0.4783642679130045,0.49879108739987943,0.8781615040435644,1254,6.863063583148413,-3.266390910223431e-15,3.2818152189454377e-09
162.99999999999503,1.3711614782850162e-05,1.3711614782850162e-05,0.5037474150549965,0.5279313501051726,0.8638509951521784,1254,6.822151513630672,-2.5761599792843143e-15,3.2838298384782465e-09
163.09999999999502,1.4165241082940479e-05,1.4165241082940479e-05,0.524324170545999,0.5519212436074672,0.8515187397710341,1254,6.78004057532956,-1.8627688937256424e-15,3.2858444580110553e-09
163.19999999999501,1.4477464307747017e-05,1.4477464307747017e-05,0.5399013082703081,0.570319856079502,0.8417283275071653,1254,6.738414962666057,-1.133342756533941e-15,3.2878590775438637e-09
163.299999999995,1.4645114881530204e-05,1.4645114881530204e-05,0.5503107009992151,0.5827363071062348,0.8349599585403796,1254,6.698960936273072,-3.951709025485584e-16,3.2898736970766724e-09
163.399999999995,1.4666466989737978e-05,1.4666466989737978e-05,0.5554050969121473,0.5888500282154335,0.8315799290050285,1254,6.663296543060846,3.4436630575010534e-16,3.2918883166094812e-09
163.499999999995,1.454125633028621e-05,1.454125633028621e-05,0.5550581041267478,0.5884328170189876,0.8318115778487459,1254,6.6328993520353725,1.0778717665617696e-15,3.29390293614229e-09
163.599999999995,1.4270683263892961e-05,1.4270683263892961e-05,0.5499226288731103,0.5822715989303641,0.8352156022568589,1255,6.609036245628477,1.798006226732385e-15,3.295917555675099e-09
163.699999999995,1.3857401326892284e-05,1.3857401326892284e-05,0.5474963808358376,0.5793694314512269,0.8368080502550507,1255,6.59269999135212,2.4975623580257414e-15,3.297932175207907e-09
163.79999999999498,1.330549121624276e-05,1.330549121624276e-05,0.5437878899607745,0.5749441130793687,0.839222694361877,1256,6.584557509481483,3.169537496841089e-15,3.299946794740716e-09
163.89999999999498,1.2620420501689856e-05,1.2620420501689856e-05,0.5392868812492632,0.569590067996684,0.8421221168645573,1256,6.584914284756718,3.807204228421386e-15,3.3019614142735247e-09
163.99999999999497,1.1808989462787348e-05,1.1808989462787348e-05,0.5369234963680641,0.566786118359625,0.843630937701963,1257,6.593698206887669,4.40417802681317e-15,3.3039760338063335e-09
164.09999999999496,1.0879263587303692e-05,1.0879263587303692e-05,0.5329083797693849,0.5620339585671881,0.846172948499046,1258,6.610464396749354,4.954481217765313e-15,3.305990653339142e-09
164.19999999999496,9.840493401045382e-06,9.840493401045382e-06,0.5292378884363281,0.557702098519778,0.8484734865883887,1258,6.6344205665816025,5.452602609528988e-15,3.3080052728719507e-09
164.29999999999495,8.70302242598495e-06,8.70302242598495e-06,0.5265525482262723,0.5545403034341392,0.8501425844859315,1259,6.664470537901262,5.893552226980507e-15,3.3100198924047595e-09
164.39999999999495,7.478184182515554e-06,7.478184182515554e-06,0.5225317696598988,0.5498176585208536,0.8526198154488872,1260,6.699272040074069,6.27291067540652e-15,3.3120345119375682e-09
164.49999999999494,6.178189261476062e-06,6.178189261476062e-06,0.519272000683878,0.5459988793001592,0.8546090271614046,1260,6.737304055404641,6.5868727402728386e-15,3.3140491314703766e-09
164.59999999999494,4.816003591198813e-06,4.816003591198813e-06,0.5165601412377806,0.5428287107593216,0.8562509097714316,1261,6.776938815347037,6.8322848916274735e-15,3.3160637510031854e-09
164.69999999999493,3.4052191132279817e-06,3.4052191132279817e-06,0.5127337073149313,0.5383658804767543,0.8585476954619856,1262,6.816513984213836,7.006676406426214e-15,3.318078370535994e-09
164.79999999999492,1.9599181566519073e-06,1.9599181566519073e-06,0.5095952155742252,0.5347142717546836,0.8604142701419235,1262,6.854401391438622,7.108283854963745e-15,3.320092990068803e-09
164.89999999999492,4.945328644215211e-07,4.945328644215211e-07,0.5070406188351716,0.5317478421765605,0.8619221605523588,1263,6.889069665534759,7.136068727884618e-15,3.3221076096016117e-09
164.9999999999949,-9.762989250499219e-07,-9.762989250499219e-07,0.5035145727166817,0.5276618313499201,0.8639867331515788,1264,6.9191390898191,7.089728016766732e-15,3.32412222913442e-09
165.0999999999949,-2.4378799017963455e-06,-2.4378799017963455e-06,0.5003052213027129,0.5239512506727816,0.8658491124539214,1264,6.9434278126485305,6.969697609812237e-15,3.326136848667229e-09
165.1999999999949,-3.875600152966922e-06,-3.875600152966922e-06,0.49800543887232385,0.5212971819660034,0.8671739057729909,1265,6.96098914143708,6.777148426312673e-15,3.3281514682000377e-09
165.2999999999949,-5.275083208553963e-06,-5.275083208553963e-06,0.49482146568795515,0.5176293703493149,0.8689946588411368,1266,6.9711400217559225,6.513975286977401e-15,3.3301660877328465e-09
165.3999999999949,-6.622329804201472e-06,-6.622329804201472e-06,0.4914201461846335,0.5137196268478392,0.8709226371635276,1266,6.973480975942454,6.1827785971729774e-15,3.332180707265655e-09
165.49999999999488,-7.903857923430403e-06,-7.903857923430403e-06,0.48941617259574477,0.5114201388780818,0.8720503483181072,1267,6.96790779168427,5.7868390011744334e-15,3.3341953267984636e-09
165.59999999999488,-9.106837718309345e-06,-9.106837718309345e-06,0.4865773978318211,0.5081678136623194,0.8736374739668702,1268,6.954615156333738,5.330085243071026e-15,3.3362099463312724e-09
165.69999999999487,-1.0219219958307876e-05,-1.0219219958307876e-05,0.4829738719384955,0.5040477908107504,0.8756347634857456,1269,6.9340922726867955,4.8170555411081415e-15,3.338224565864081e-09
165.79999999999487,-1.1229856721291938e-05,-1.1229856721291938e-05,0.48121283102507967,0.502037744503762,0.8766037937727786,1269,6.907110310640933,4.252852845982993e-15,3.3402391853968896e-09
165.89999999999486,-1.2128613117719248e-05,-1.2128613117719248e-05,0.4787022254732547,0.49917597446110135,0.877977322786274,1270,6.874701391316105,3.643094410436943e-15,3.3422538049296983e-09
165.99999999999486,-1.29064689283015e-05,-1.29064689283015e-05,0.47543441962084376,0.49545776415732695,0.8797511651824006,1271,6.838128714094666,2.993856148742539e-15,3.344268424462507e-09
166.09999999999485,-1.3555609135831646e-05,-1.3555609135831646e-05,0.4963415759426456,0.5193795178773303,0.8681273178461618,1254,6.798847475224485,2.311612311937369e-15,3.346283043995316e-09
166.19999999999484,-1.4069502442528682e-05,-1.4069502442528682e-05,0.5190649576741623,0.545756630776458,0.8547347949596531,1254,6.7584564432466285,1.603171049306006e-15,3.3482976635281243e-09
166.29999999999484,-1.4442966984026583e-05,-1.4442966984026583e-05,0.5368426588050178,0.5666903002775916,0.8436823808087729,1254,6.71864049849921,8.756064697015929e-16,3.350312283060933e-09
166.39999999999483,-1.4672222578834383e-05,-1.4672222578834383e-05,0.5494964692889757,0.5817614455747367,0.835496038434025,1254,6.681105135646055,1.3618785848981044e-16,3.352326902593742e-09
166.49999999999483,-1.4754928986446991e-05,-1.4754928986446991e-05,0.5568700375488886,0.5906127020987171,0.8305996395859436,1254,6.647504850464884,-6.076932526170087e-16,3.3543415221265506e-09
166.59999999999482,-1.4690209786950646e-05,-1.4690209786950646e-05,0.5588266912103127,0.5929702796500245,0.8292844681958862,1254,6.6193684014833885,-1.3485974252894366e-15,3.3563561416593594e-09
166.69999999999482,-1.4478661638548588e-05,-1.4478661638548588e-05,0.5552525883124919,0.5886666432441985,0.8316817679691424,1254,6.598024994368087,-2.0791122888729635e-15,3.3583707611921678e-09
166.7999999999948,-1.4122348815497955e-05,-1.4122348815497955e-05,0.5520714536403475,0.5848465631092966,0.8337968038289867,1255,6.58453625850771,-2.7919273427984084e-15,3.3603853807249766e-09
166.8999999999948,-1.3624783076038682e-05,-1.3624783076038682e-05,0.5469784259065616,0.5787505916505957,0.8371467025514584,1256,6.579639224599736,-3.479907760171051e-15,3.3624000002577853e-09
166.9999999999948,-1.2990889056539605e-05,-1.2990889056539605e-05,0.544681167215081,0.5760088908664369,0.8386432054701314,1256,6.58370517045041,-4.136166362205387e-15,3.364414619790594e-09
167.0999999999948,-1.2226955532819952e-05,-1.2226955532819952e-05,0.5409823473277895,0.571604694615748,0.8410339469246856,1257,6.596718106894976,-4.754132952754811e-15,3.3664292393234025e-09
167.1999999999948,-1.1340573030978672e-05,-1.1340573030978672e-05,0.5365474548963441,0.566340439872751,0.8438701491605539,1257,6.618274933212805,-5.3276202480504095e-15,3.3684438588562113e-09
167.29999999999478,-1.0340558406665406e-05,-1.0340558406665406e-05,0.5341841792733794,0.5635424046627875,0.8453681225442713,1258,6.647607183681962,-5.850885707404545e-15,3.37045847838902e-09
167.39999999999478,-9.236867142188147e-06,-9.236867142188147e-06,0.5303061130811983,0.5589615894925736,0.8478062434475883,1259,6.683622201589208,-6.318688658783659e-15,3.372473097921829e-09
167.49999999999477,-8.040494233867849e-06,-8.040494233867849e-06,0.526506259932831,0.5544858566697499,0.8501712523083466,1259,6.724959894092961,-6.726342207090806e-15,3.3744877174546372e-09
167.59999999999476,-6.763364656387038e-06,-6.763364656387038e-06,0.5239535804085563,0.5514860911094392,0.8517468201156106,1260,6.7700602033638315,-7.069759500044907e-15,3.376502336987446e-09
167.69999999999476,-5.418214495392431e-06,-5.418214495392431e-06,0.5201615217860526,0.5470400603491684,0.8540679078698706,1261,6.817236159550506,-7.345493997339032e-15,3.3785169565202548e-09
167.79999999999475,-4.018463933252128e-06,-4.018463933252128e-06,0.5166375388916616,0.5429191045487112,0.8562042124446521,1261,6.86474776815483,-7.5507734403306e-15,3.3805315760530636e-09
167.89999999999475,-2.5780833546970563e-06,-2.5780833546970563e-06,0.5141438254269828,0.540009133398652,0.8577039855190766,1262,6.9108728214563335,-7.68352725573144e-15,3.3825461955858724e-09
167.99999999999474,-1.1114539082715333e-06,-1.1114539082715333e-06,0.5105957414801834,0.5358775147897749,0.8598209050623866,1263,6.953971767155749,-7.742407156183904e-15,3.3845608151186807e-09
168.09999999999474,3.6677608461644293e-07,3.6677608461644293e-07,0.5071038424518743,0.5318211956460241,0.8618849650449557,1263,6.9925448041194445,-7.726800732935308e-15,3.3865754346514895e-09
168.19999999999473,1.8418374392814717e-06,1.8418374392814717e-06,0.5048129219418555,0.5291652326062269,0.8632287725976968,1264,7.025280258993926,-7.636837878604242e-15,3.3885900541842983e-09
168.29999999999472,3.298987674563473e-06,3.298987674563473e-06,0.5015845520007809,0.5254294271015532,0.8651086273955289,1265,7.051093956300361,-7.473389934723252e-15,3.390604673717107e-09
168.39999999999472,4.723658362368413e-06,4.723658362368413e-06,0.49796589484440457,0.5212515815277367,0.8671966141376541,1265,7.069159716084594,-7.238061528469955e-15,3.3926192932499154e-09
168.4999999999947,6.101600787143741e-06,6.101600787143741e-06,0.4959485284449817,0.5189268231576197,0.8683519200953362,1266,7.078931323121651,-6.933175141670979e-15,3.3946339127827242e-09
168.5999999999947,7.419028458882125e-06,7.419028458882125e-06,0.4930630840439746,0.5156070667761878,0.8699935604089518,1267,7.080156353934415,-6.561748537230189e-15,3.396648532315533e-09
168.6999999999947,8.662755054206735e-06,8.662755054206735e-06,0.4893937808343524,0.5113944619202084,0.872062914749078,1268,7.0728821705859914,-6.1274652483417026e-15,3.398663151848342e-09
168.7999999999947,9.82032640530919e-06,9.82032640530919e-06,0.48750155080632995,0.5092259476963453,0.8731221208750946,1268,7.057454238859252,-5.634638410441756e-15,3.40067777138115e-09
168.8999999999947,1.0880145215540213e-05,1.0880145215540213e-05,0.4849523966825859,0.5063087344847136,0.8745405496326719,1269,7.034506744716734,-5.0881682830452306e-15,3.402692390913959e-09
168.99999999999469,1.1831587252707628e-05,1.1831587252707628e-05,0.48163540926979104,0.5025198713119587,0.876371686293847,1270,7.004945306739291,-4.493493868376447e-15,3.4047070104467677e-09
169.09999999999468,1.2665107855898734e-05,1.2665107855898734e-05,0.4794103280855005,0.4999826677883623,0.8775908712634566,1270,6.969921454885864,-3.8565390871722274e-15,3.4067216299795765e-09
169.19999999999467,1.3372337688071357e-05,1.3372337688071357e-05,0.4879491976042695,0.5097387177854501,0.8728720298860249,1254,6.9307985124690665,-3.1836540208062096e-15,3.4087362495123853e-09
169.29999999999467,1.3946166773790056e-05,1.3946166773790056e-05,0.5127975892887915,0.5384402891481309,0.8585095412513503,1254,6.88910862717808,-2.481551774509323e-15,3.4107508690451937e-09
169.39999999999466,1.4380815978253595e-05,1.4380815978253595e-05,0.5327596022057984,0.5618581442394704,0.8462666283491979,1254,6.846500995391062,-1.7572415601809233e-15,3.4127654885780025e-09
169.49999999999466,1.4671895209003251e-05,1.4671895209003251e-05,0.5476461639879207,0.5795484353749912,0.8367100328484866,1254,6.804681847004733,-1.0179586399483278e-15,3.4147801081108112e-09
169.59999999999465,1.4816447754169577e-05,1.4816447754169577e-05,0.5572918354292505,0.5911206119351091,0.8303166926925516,1254,6.765347512181771,-2.7109181367331153e-16,3.41679472764362e-09
169.69999999999465,1.481298030948597e-05,1.481298030948597e-05,0.5615507152228421,0.5962587175214714,0.827442320789017,1254,6.7301128351006545,4.758908251208304e-16,3.4188093471764284e-09
169.79999999999464,1.4661478389190335e-05,1.4661478389190335e-05,0.5602970584362157,0.5947443963791376,0.8282917398524048,1254,6.700438226408942,1.215517100992472e-15,3.420823966709237e-09
169.89999999999463,1.4363406961923673e-05,1.4363406961923673e-05,0.5556159366952885,0.5891035909009475,0.8314390722658018,1255,6.677559580873954,1.9403861369911897e-15,3.422838586242046e-09
169.99999999999463,1.3921696300358959e-05,1.3921696300358959e-05,0.5523056204798791,0.5851274332415041,0.8336417105605596,1255,6.662425907472824,2.643243078273598e-15,3.4248532057748547e-09
170.09999999999462,1.3340713181079994e-05,1.3340713181079994e-05,0.5490491486710509,0.5812261445195918,0.8357900647552555,1256,6.655649605611582,3.3170523215724176e-15,3.426867825307663e-09
170.19999999999462,1.2626217717700658e-05,1.2626217717700658e-05,0.5440303591283688,0.5752330612611909,0.8390655328081699,1257,6.657473724983555,3.9550684222868006e-15,3.428882444840472e-09
170.2999999999946,1.1785306253905899e-05,1.1785306253905899e-05,0.5417610278132535,0.5725308315546186,0.8405325625713302,1257,6.667759258325531,4.550903885987456e-15,3.4308970643732807e-09
170.3999999999946,1.0826340882569675e-05,1.0826340882569675e-05,0.5381170220228315,0.5682015048924409,0.8428701386389718,1258,6.68599369782509,5.0985931128886305e-15,3.4329116839060895e-09
170.4999999999946,9.758866290966018e-06,9.758866290966018e-06,0.5336518941157068,0.5629128808731089,0.8457042366612092,1258,6.71132004488267,5.592651847361456e-15,3.434926303438898e-09
170.5999999999946,8.593514758998152e-06,8.593514758998152e-06,0.5313417499428343,0.5601836058280892,0.8471575678512744,1259,6.7425835712633395,6.0281315793690976e-15,3.4369409229717066e-09
170.6999999999946,7.341900256055668e-06,7.341900256055668e-06,0.5276376873003439,0.5558172288239762,0.8494695232557461,1260,6.778392215534884,6.400668437577339e-15,3.4389555425045154e-09
170.79999999999458,6.016502691382617e-06,6.016502691382617e-06,0.5236395966827403,0.5511174978454743,0.8519398880120223,1260,6.81718575636692,6.70652619322198e-15,3.440970162037324e-09
170.89999999999458,4.630543471604288e-06,4.630543471604288e-06,0.5212552471075981,0.548321167465431,0.8534008245618215,1261,6.857308856635539,6.94263305355625e-15,3.442984781570133e-09
170.99999999999457,3.1978536063269644e-06,3.1978536063269644e-06,0.5177115706753233,0.5441739907484314,0.8555552171478412,1262,6.897083593342543,7.106611965078734e-15,3.4449994011029413e-09
171.09999999999457,1.7327356776168235e-06,1.7327356776168235e-06,0.5138757542847835,0.5396966176078056,0.8578646216963635,1262,6.934877966389654,7.1968041770344e-15,3.44701402063575e-09
171.19999999999456,2.4982105092877125e-07,2.4982105092877125e-07,0.511618514041163,0.5370674536322951,0.8592127187666115,1263,6.969167888811461,7.212285844918968e-15,3.449028640168559e-09
171.29999999999455,-1.236076246928291e-06,-1.236076246928291e-06,0.5083551985714939,0.5332736998041324,0.861147485675559,1264,6.998591117561009,7.15287749097887e-15,3.4510432597013677e-09
171.39999999999455,-2.7101075234210757e-06,-2.7101075234210757e-06,0.5044777758362299,0.5287770295172968,0.86342467748341,1264,7.021992369281831,7.019146189417945e-15,3.453057879234176e-09
171.49999999999454,-4.157537810941263e-06,-4.157537810941263e-06,0.5024571774708576,0.5264384113023513,0.8646020962315666,1265,7.038459427956921,6.812400409057356e-15,3.455072498766985e-09
171.59999999999454,-5.563893169465658e-06,-5.563893169465658e-06,0.4995250467888272,0.523050433640694,0.8662994445517208,1266,7.04735038991698,6.534677522473966e-15,3.4570871182997936e-09
171.69999999999453,-6.915105428606131e-06,-6.915105428606131e-06,0.495782745407275,0.5187359166859628,0.8684465840547853,1267,7.048312336188303,6.188724072817408e-15,3.4591017378326024e-09
171.79999999999453,-8.197652921539061e-06,-8.197652921539061e-06,0.4937412146625424,0.5163867053493478,0.8696088850417509,1267,7.041291716153769,5.777968971843175e-15,3.4611163573654108e-09
171.89999999999452,-9.398695802891406e-06,-9.398695802891406e-06,0.4911491550787805,0.5134085001025193,0.8710754889591372,1268,7.026536616720579,5.306489880598595e-15,3.4631309768982196e-09
171.99999999999451,-1.0506204596333543e-05,-1.0506204596333543e-05,0.4877745907284161,0.5095386917684435,0.8729696149578897,1269,7.004590923089866,4.778973094997758e-15,3.4651455964310283e-09
172.0999999999945,-1.1509080684855933e-05,-1.1509080684855933e-05,0.4854153097767894,0.5068381336912516,0.8742836936797481,1269,6.976280195111228,4.200667321534864e-15,3.467160215963837e-09
172.1999999999945,-1.239726753681976e-05,-1.239726753681976e-05,0.48314970269851476,0.5042486057017137,0.8755377574852707,1270,6.942688932701807,3.577331784402286e-15,3.469174835496646e-09
172.2999999999945,-1.3161851553074604e-05,-1.3161851553074604e-05,0.4801115217192957,0.5007818406440107,0.8772074593346675,1271,6.9051288343904105,2.915179155844013e-15,3.4711894550294543e-09
172.3999999999945,-1.3795151523810996e-05,-1.3795151523810996e-05,0.505636409669115,0.5301194613202308,0.8627466726779808,1254,6.8650977184677355,2.2208138483646657e-15,3.473204074562263e-09
172.4999999999945,-1.4290795797333015e-05,-1.4290795797333015e-05,0.5277686073215202,0.5559713559411609,0.8493881898907608,1254,6.824229030697377,1.5011662518530449e-15,3.475218694095072e-09
172.59999999999448,-1.4643786385464337e-05,-1.4643786385464337e-05,0.5448786963302994,0.5762444430375228,0.838514881373845,1254,6.7842323508254045,7.634235418142895e-16,3.4772333136278806e-09
172.69999999999447,-1.4850549360618585e-05,-1.4850549360618585e-05,0.556791799104988,0.5905185099392617,0.8306520886926311,1254,6.746826050820335,1.4957727377758438e-17,3.479247933160689e-09
172.79999999999447,-1.490897103637143e-05,-1.490897103637143e-05,0.5633533906857476,0.598438943840727,0.8262160475341007,1254,6.713664221790288,-7.367483502828602e-16,3.4812625526934978e-09
172.89999999999446,-1.4818419565302278e-05,-1.4818419565302278e-05,0.5644275462706476,0.5997396114005906,0.8254826133910368,1254,6.686261076838103,-1.4841763176174033e-15,3.4832771722263066e-09
172.99999999999446,-1.4579751733510454e-05,-1.4579751733510454e-05,0.5599010501984127,0.5942663712852537,0.8285594812605276,1254,6.66591708045699,-2.2198480770392054e-15,3.4852917917591154e-09
173.09999999999445,-1.419530487910011e-05,-1.419530487910011e-05,0.557229223261321,0.5910452062686264,0.8303587132941913,1255,6.6536518179081,-2.9364013031251055e-15,3.4873064112919237e-09
173.19999999999445,-1.3668874010592136e-05,-1.3668874010592136e-05,0.5525526240564611,0.58542375698038,0.8334780126963873,1256,6.65014885443225,-3.626663786428229e-15,3.4893210308247325e-09
173.29999999999444,-1.30056743491743e-05,-1.30056743491743e-05,0.5494107996733286,0.5816589116028578,0.835552376097581,1256,6.655717359983839,-4.283725783815085e-15,3.4913356503575413e-09
173.39999999999444,-1.2212289664463603e-05,-1.2212289664463603e-05,0.5461257360127071,0.5777323633185898,0.8377032174132907,1257,6.670274045422601,-4.901009558066506e-15,3.49335026989035e-09
173.49999999999443,-1.1296606915569847e-05,-1.1296606915569847e-05,0.5412299202839206,0.5718990898701785,0.8408746478455995,1258,6.693347110591739,-5.472335340961386e-15,3.4953648894231584e-09
173.59999999999442,-1.026773784629458e-05,-1.026773784629458e-05,0.5389003125291587,0.5691310942639113,0.842369546669379,1258,6.724101752828203,-5.991983030754709e-15,3.4973795089559672e-09
173.69999999999442,-9.135928313904027e-06,-9.135928313904027e-06,0.5353665937140841,0.564941721463133,0.8446198022394329,1259,6.761384724560043,-6.454749028270296e-15,3.499394128488776e-09
173.7999999999944,-7.912456253770014e-06,-7.912456253770014e-06,0.5307930881480225,0.5595360870389924,0.8475014439953985,1259,6.803783830879376,-6.855997712806324e-15,3.501408748021585e-09
173.8999999999944,-6.609519296049404e-06,-6.609519296049404e-06,0.528591910288692,0.5569409375536549,0.8488760759836216,1260,6.849697358921326,-7.191707146430473e-15,3.5034233675543936e-09
173.9999999999944,-5.240113154328619e-06,-5.240113154328619e-06,0.5250992739544315,0.5528317589275693,0.8510409816762815,1261,6.897408282205751,-7.458508663996146e-15,3.505437987087202e-09
174.0999999999944,-3.817901998755174e-06,-3.817901998755174e-06,0.5208502851854994,0.5478467089747321,0.8536480424754596,1261,6.9451585676529595,-7.653720054488174e-15,3.5074526066200107e-09
174.1999999999944,-2.3570821066836047e-06,-2.3570821066836047e-06,0.5186686013123456,0.5452929775058455,0.8549753692432871,1262,6.991219810060639,-7.775372072387676e-15,3.5094672261528195e-09
174.29999999999438,-8.722401514702581e-07,-8.722401514702581e-07,0.515392434091795,0.5414655267440213,0.8569542805079713,1263,7.033957483883534,-7.822228045339796e-15,3.5114818456856283e-09
174.39999999999438,6.217924559199961e-07,6.217924559199961e-07,0.5112107837568514,0.5365929812439222,0.8594553709010758,1263,7.07188712992698,-7.793796376747278e-15,3.5134964652184367e-09
174.49999999999437,2.1100877179261858e-06,2.1100877179261858e-06,0.5092073114423914,0.5342634977679288,0.8606438949842213,1264,7.1037216507827665,-7.690335786394875e-15,3.5155110847512455e-09
174.59999999999437,3.577770214074239e-06,3.577770214074239e-06,0.5062350451309827,0.530813474174467,0.8623955467656543,1265,7.128409512362863,-7.512853191664869e-15,3.5175257042840542e-09
174.69999999999436,5.010165786786931e-06,5.010165786786931e-06,0.5024158442173089,0.5263906058672303,0.8646261154275927,1266,7.145164035462367,-7.26309420465005e-15,3.519540323816863e-09
174.79999999999436,6.3929482630772745e-06,6.3929482630772745e-06,0.5002072889513277,0.5238381488052332,0.8659056923706894,1266,7.153484141323361,-6.943526301710522e-15,3.5215549433496714e-09
174.89999999999435,7.712282745038952e-06,7.712282745038952e-06,0.4975697095240015,0.520794783872026,0.8674239933067339,1267,7.153166934365289,-6.557314805775898e-15,3.52356956288248e-09
174.99999999999434,8.954964035874774e-06,8.954964035874774e-06,0.4941283782039025,0.5168319773643318,0.8693889496960385,1268,7.144312411879172,-6.108291902601235e-15,3.525584182415289e-09
175.09999999999434,1.0108548816368253e-05,1.0108548816368253e-05,0.49162616615713606,0.5139561963395798,0.8708063577797511,1268,7.127320429694539,-5.600918986649568e-15,3.5275988019480977e-09
175.19999999999433,1.1161480248727562e-05,1.1161480248727562e-05,0.4893213047523658,0.5113113550814874,0.8721035837074873,1269,7.102879866123342,-5.0402426988163185e-15,3.5296134214809065e-09
175.29999999999433,1.2103203759999554e-05,1.2103203759999554e-05,0.48623185389140694,0.507772333948661,0.8738298371315353,1270,7.071949754173248,-4.431845077128589e-15,3.531628041013715e-09
175.39999999999432,1.2924272845016375e-05,1.2924272845016375e-05,0.4834058239673378,0.5045411595591996,0.8753963727103621,1270,7.035732036417011,-3.781788294231552e-15,3.5336426605465237e-09
175.49999999999432,1.3616443828224728e-05,1.3616443828224728e-05,0.49734611834129566,0.520537038341072,0.8675522108615976,1254,6.9956355843150515,-3.0965545036581277e-15,3.5356572800793325e-09
175.5999999999943,1.4172758633769007e-05,1.4172758633769007e-05,0.5216289000205594,0.5487590659192556,0.8531724858804,1254,6.9532312634898,-2.3829813621756994e-15,3.5376718996121412e-09
175.6999999999943,1.4587614732756968e-05,1.4587614732756968e-05,0.5409478600613349,0.5715636893605165,0.841056129336837,1254,6.910198164867127,-1.648193839157103e-15,3.5396865191449496e-09
175.7999999999943,1.4856821564539415e-05,1.4856821564539415e-05,0.5551179349720262,0.5885047471084952,0.831771650317798,1254,6.8682616905183815,-8.995329667712873e-16,3.5417011386777584e-09
175.8999999999943,1.4977642863806743e-05,1.4977642863806743e-05,0.5639761221051562,0.599192852675169,0.8257910956744628,1254,6.8291249820856175,-1.444822272402007e-16,3.543715758210567e-09
175.9999999999943,1.4948824465998934e-05,1.4948824465998934e-05,0.5673776057015976,0.6033177351018909,0.8234577418109095,1254,6.794396156333974,6.094076847476047e-16,3.545730377743376e-09
176.09999999999428,1.4770607308536633e-05,1.4770607308536633e-05,0.5651971279438274,0.6006721897665778,0.824955881586433,1254,6.765514846766578,1.3545949463809208e-15,3.5477449972761843e-09
176.19999999999428,1.4444725493261704e-05,1.4444725493261704e-05,0.5609973265473276,0.5955900749188695,0.8278176125250967,1255,6.743682455336084,2.08362272441799e-15,3.549759616808993e-09
176.29999999999427,1.3974389424748355e-05,1.3974389424748355e-05,0.5567840976557582,0.5905092383977782,0.830657250975192,1255,6.729801065810984,2.7891944869386665e-15,3.551774236341802e-09
176.39999999999426,1.3364254188319267e-05,1.3364254188319267e-05,0.5540037733333405,0.587165840691896,0.83251415551474,1256,6.7244259452948585,3.464247659886291e-15,3.5537888558746107e-09
176.49999999999426,1.2620373479183897e-05,1.2620373479183897e-05,0.5493757179718249,0.5816169259437082,0.8355754427356885,1257,6.727735833168345,4.102024791852704e-15,3.555803475407419e-09
176.59999999999425,1.1750139538632562e-05,1.1750139538632562e-05,0.5462951987257791,0.5779346711129774,0.8375927147779889,1257,6.739523806964385,4.6961414307944835e-15,3.557818094940228e-09
176.69999999999425,1.0762209693224429e-05,1.0762209693224429e-05,0.5430418833646411,0.574055443152586,0.8397056108612015,1258,6.759209614954544,5.240649984236073e-15,3.5598327144730366e-09
176.79999999999424,9.666420226999627e-06,9.666420226999627e-06,0.5383187244612351,0.5684408274659755,0.8427413309518104,1259,6.785872304535259,5.73009892380363e-15,3.5618473340058454e-09
176.89999999999424,8.473688443582618e-06,8.473688443582618e-06,0.5358469943697102,0.5655106014599386,0.8443151062399321,1259,6.818300129426184,6.159586793790947e-15,3.563861953538654e-09
176.99999999999423,7.195903893356184e-06,7.195903893356184e-06,0.5324758004301012,0.5615228222268358,0.8464452267904421,1260,6.855053400232834,6.5248105777411184e-15,3.5658765730714626e-09
177.09999999999422,5.845809849487034e-06,5.845809849487034e-06,0.5279131665441069,0.5561415571157498,0.8492983507515919,1261,6.894535318941983,6.822108055083797e-15,3.5678911926042713e-09
177.19999999999422,4.436876214387183e-06,4.436876214387183e-06,0.5256803088769075,0.5535146372060764,0.8506822043860321,1261,6.935065902130995,7.0484938365316985e-15,3.56990581213708e-09
177.2999999999942,2.983165124218122e-06,2.983165124218122e-06,0.5224329695236885,0.5497017843332388,0.8526803576690745,1262,6.97495470257795,7.201688804840838e-15,3.571920431669889e-09
177.3999999999942,1.4991905924246713e-06,1.4991905924246713e-06,0.5181773899367368,0.5447185447830051,0.8552731683844356,1263,7.012568963502201,7.280142715304269e-15,3.5739350512026973e-09
177.4999999999942,-2.2640671592780584e-10,-2.2640671592780584e-10,0.5159365875422127,0.5421006334747683,0.8566267784953355,1263,7.046394860403969,7.283049738825233e-15,3.575949670735506e-09
177.5999999999942,-1.500105967529928e-06,-1.500105967529928e-06,0.5129476910705869,0.5386151382488394,0.8584198659312083,1264,7.075090426889263,7.210356768782476e-15,3.577964290268315e-09
177.6999999999942,-2.9854589168032973e-06,-2.9854589168032973e-06,0.5090627024972086,0.5340954819841396,0.8607294377016731,1265,7.097529516178431,7.06276436610576e-15,3.5799789098011236e-09
177.79999999999418,-4.441436616697586e-06,-4.441436616697586e-06,0.5066569090595199,0.5313027212883394,0.8621477695280858,1265,7.112836677365566,6.8417202850803165e-15,3.581993529333932e-09
177.89999999999418,-5.853479409510405e-06,-5.853479409510405e-06,0.5039869408313358,0.5282086492557628,0.8637112732108292,1266,7.120413130766175,6.549405601534837e-15,3.5840081488667408e-09
177.99999999999417,-7.207462220175869e-06,-7.207462220175869e-06,0.5004841929453043,0.5241579637482894,0.8657456743246756,1267,7.119954143327435,6.188713549323305e-15,3.5860227683995496e-09
178.09999999999417,-8.489835860349064e-06,-8.489835860349064e-06,0.49782050481976436,0.5210839343931128,0.8672800845061501,1267,7.11145807807873,5.7632212544194445e-15,3.5880373879323584e-09
178.19999999999416,-9.68776262043098e-06,-9.68776262043098e-06,0.4954844696996838,0.5183924914455398,0.8686167971472939,1268,7.095227267936398,5.2771546339780466e-15,3.590052007465167e-09
178.29999999999416,-1.0789244792545719e-05,-1.0789244792545719e-05,0.49234730054279985,0.5147845126650163,0.8703988371133189,1269,7.071860689294902,4.73534679799059e-15,3.5920666269979755e-09
178.39999999999415,-1.1783244837718656e-05,-1.1783244837718656e-05,0.48937720051405403,0.511375449264624,0.8720722192668606,1269,7.042238229406471,4.143190353330827e-15,3.5940812465307843e-09
178.49999999999415,-1.2659795993624203e-05,-1.2659795993624203e-05,0.48736510137976047,0.5090696769166536,0.8731982924611659,1270,7.007496200118131,3.506584065132359e-15,3.596095866063593e-09
178.59999999999414,-1.3410102214448464e-05,-1.3410102214448464e-05,0.48823467629127404,0.5100658044420371,0.8727123815248382,1254,6.968993699854621,2.8318743803017977e-15,3.598110485596402e-09
178.69999999999413,-1.4026626440697592e-05,-1.4026626440697592e-05,0.5146467986695867,0.540595654756315,0.8574022816736294,1254,6.928269520584963,2.1257923643078354e-15,3.6001251051292102e-09
178.79999999999413,-1.4503166313117968e-05,-1.4503166313117968e-05,0.5361593168737576,0.5658805571539761,0.844116808818226,1254,6.88698959086153,1.3953866466453824e-15,3.602139724662019e-09
178.89999999999412,-1.483491657011984e-05,-1.483491657011984e-05,0.5525759694527245,0.5854517668530631,0.833462535440785,1254,6.84688548184584,6.479530135866659e-16,3.604154344194828e-09
178.99999999999412,-1.5018517500962809e-05,-1.5018517500962809e-05,0.5637249906418607,0.5988887740833848,0.8259625505589427,1254,6.809685292600145,-1.090386703752439e-16,3.6061689637276366e-09
179.0999999999941,-1.5052088966143533e-05,-1.5052088966143533e-05,0.5694534204914028,0.6058407824724431,0.8220236017844267,1254,6.777039233946503,-8.680194884960817e-16,3.608183583260445e-09
179.1999999999941,-1.4935249640534302e-05,-1.4935249640534302e-05,0.569625891675412,0.6060506106584105,0.8219040963111157,1254,6.750443335869874,-1.6213976798046091e-15,3.6101982027932537e-09
179.2999999999941,-1.4669121282416383e-05,-1.4669121282416383e-05,0.564129823440745,0.5993789906795898,0.8256861039794202,1254,6.731165724636382,-2.3616352254794865e-15,3.6122128223260625e-09
179.3999999999941,-1.4256317981160514e-05,-1.4256317981160514e-05,0.5619921271390588,0.5967922796315944,0.8271425808370139,1255,6.720180610614192,-3.0813239786515628e-15,3.6142274418588713e-09
179.4999999999941,-1.3700920486432994e-05,-1.3700920486432994e-05,0.5577547315074184,0.5916782097065422,0.830005818944113,1256,6.718115253224834,-3.773260484576083e-15,3.6162420613916797e-09
179.59999999999408,-1.300843587095003e-05,-1.300843587095003e-05,0.5537513311557668,0.5868626425838073,0.8326820901419799,1256,6.725214558842032,-4.4305186401947314e-15,3.6182566809244885e-09
179.69999999999408,-1.2185742925473257e-05,-1.2185742925473257e-05,0.5509004970251044,0.5834428480924562,0.8345709331012512,1257,6.741326605537752,-5.046519370596571e-15,3.6202713004572972e-09
179.79999999999407,-1.1241023827469613e-05,-1.1241023827469613e-05,0.5463627957970023,0.5780153772237688,0.8375486226893835,1258,6.76591044867707,-5.6150965573210125e-15,3.622285919990106e-09
179.89999999999407,-1.0183682762220486e-05,-1.0183682762220486e-05,0.5432496787159081,0.5743029251041526,0.8395711920826384,1258,6.7980653780856555,-6.130558536305225e-15,3.624300539522915e-09
179.99999999999406,-9.024252305784184e-06,-9.024252305784184e-06,0.5400774756602533,0.5705291625882652,0.8416153042123512,1259,6.836578776323712,-6.58774458154664e-15,3.626315159055723e-09
180.09999999999405,-7.774288501783971e-06,-7.774288501783971e-06,0.5355586009409385,0.5651690676176414,0.8444980668765231,1260,6.879988225053092,-6.982075890070913e-15,3.628329778588532e-09
180.19999999999405,-6.446255677284125e-06,-6.446255677284125e-06,0.5328801207265682,0.5620005626217155,0.8461907450063716,1260,6.9266527309465316,-7.3096006708622e-15,3.6303443981213407e-09
180.29999999999404,-5.053402145893235e-06,-5.053402145893235e-06,0.5297015921413557,0.5582487069860593,0.8481840739385011,1261,6.974827914094888,-7.567033006550141e-15,3.6323590176541495e-09
180.39999999999404,-3.609628037665478e-06,-3.609628037665478e-06,0.525411598093717,0.5531987912113175,0.8508481959718822,1262,7.022740578862192,-7.751785201300864e-15,3.634373637186958e-09
180.49999999999403,-2.129346574440156e-06,-2.129346574440156e-06,0.5228561551353033,0.5501981602448777,0.8524209294926584,1262,7.068659037422112,-7.861993358294525e-15,3.6363882567197667e-09
180.59999999999403,-6.273401751725129e-07,-6.273401751725129e-07,0.5198647888328872,0.5466926622459988,0.8542485594554653,1263,7.110956636318824,-7.896535956192607e-15,3.6384028762525755e-09
180.69999999999402,8.813871720975101e-07,8.813871720975101e-07,0.5159118182436417,0.5420717188021015,0.8566416962747841,1264,7.148166950351575,-7.855045226727084e-15,3.6404174957853842e-09
180.79999999999401,2.381759797242606e-06,2.381759797242606e-06,0.5132751041262351,0.538996595384185,0.858224135924994,1264,7.179029933735234,-7.737911182087362e-15,3.6424321153181926e-09
180.899999999994,3.8587809965920645e-06,3.8587809965920645e-06,0.5105706419839325,0.5358483235028925,0.8598358096428149,1265,7.202528905535243,-7.546278203225668e-15,3.6444467348510014e-09
180.999999999994,5.297682937539913e-06,5.297682937539913e-06,0.5069936206696419,0.5316933158933776,0.8619498063114158,1266,7.217918598095335,-7.282034176022956e-15,3.64646135438381e-09
181.099999999994,6.684074320717341e-06,6.684074320717341e-06,0.504149024098636,0.5283963186175463,0.8636166750939869,1266,7.2247446480391995,-6.947792245960578e-15,3.648475973916619e-09
181.199999999994,8.004084323192455e-06,8.004084323192455e-06,0.5017703734056146,0.5256442359390159,0.8650008626425699,1267,7.222854906549771,-6.546865347178133e-15,3.6504905934494278e-09
181.299999999994,9.244501382888525e-06,9.244501382888525e-06,0.4985674521480411,0.5219454002057528,0.8668509073990813,1268,7.212402837276638,-6.083233743163113e-15,3.652505212982236e-09
181.39999999999398,1.0392905435542777e-05,1.0392905435542777e-05,0.4954432922709895,0.5183450863388142,0.8686402846654551,1268,7.193843101124256,-5.561505890440602e-15,3.654519832515045e-09
181.49999999999397,1.1437792280554338e-05,1.1437792280554338e-05,0.49339362139546644,0.5159870385005161,0.8698061475790264,1269,7.167919238722739,-4.986873002371581e-15,3.6565344520478537e-09
181.59999999999397,1.2368688830346703e-05,1.2368688830346703e-05,0.49054222696801375,0.5127118796659411,0.8714174221125383,1270,7.135643194388842,-4.3650577481592006e-15,3.6585490715806625e-09
181.69999999999396,1.3176258088618235e-05,1.3176258088618235e-05,0.4871041922948609,0.5087709047605935,0.8733438646081916,1270,7.098266323212618,-3.702257574025621e-15,3.660563691113471e-09
181.79999999999396,1.3852392805170759e-05,1.3852392805170759e-05,0.5064037300688194,0.5310090858341215,0.8622965047896148,1254,7.057241533061328,-3.005083181131102e-15,3.6625783106462796e-09
181.89999999999395,1.4390296867871582e-05,1.4390296867871582e-05,0.5300845340941384,0.5587002551576379,0.8479448016906527,1254,7.01417638562767,-2.2804927398060684e-15,3.6645929301790884e-09
181.99999999999395,1.4784553614593602e-05,1.4784553614593602e-05,0.5487266635527056,0.580840348755618,0.8360018233869564,1254,6.9707773604953,-1.5357224632929446e-15,3.666607549711897e-09
182.09999999999394,1.5031180378471788e-05,1.5031180378471788e-05,0.5621488284124526,0.5969817407528821,0.8270360903337333,1254,6.9287861013735155,-7.782142072700667e-16,3.6686221692447056e-09
182.19999999999393,1.512766871721036e-05,1.512766871721036e-05,0.5701901541735971,0.6067373049434751,0.8215127437133825,1254,6.889909306056604,-1.5540804333724153e-17,3.6706367887775143e-09
182.29999999999393,1.5073009920102011e-05,1.5073009920102011e-05,0.5727066424820829,0.6098038101831916,0.819760392832503,1254,6.855744927309337,7.446701149434344e-16,3.672651408310323e-09
182.39999999999392,1.4867705533451864e-05,1.4867705533451864e-05,0.5695734295342538,0.6059867820668802,0.8219404530552006,1254,6.827708387466435,1.4948130222157905e-15,3.674666027843132e-09
182.49999999999392,1.4513762794765408e-05,1.4513762794765408e-05,0.5658845725620819,0.6015057386432598,0.8244844756186922,1255,6.806963376539569,2.2273812852085548e-15,3.6766806473759403e-09
182.5999999999939,1.4014675016866928e-05,1.4014675016866928e-05,0.5607431383506561,0.5952830486420968,0.8279898144256709,1255,6.794362269525322,2.9350430024942164e-15,3.678695266908749e-09
182.6999999999939,1.3375387113555116e-05,1.3375387113555116e-05,0.5584655226271118,0.5925348251999011,0.8295277331330321,1256,6.790401056185495,3.610715018772396e-15,3.680709886441558e-09
182.7999999999939,1.2602246606972324e-05,1.2602246606972324e-05,0.5542525752079749,0.5874647264489921,0.8323485344946119,1257,6.795192817420804,4.247634276989221e-15,3.6827245059743666e-09
182.8999999999939,1.17029406020773e-05,1.17029406020773e-05,0.55033481549649,0.5827651884035315,0.8349440645051884,1257,6.8084622563969965,4.839425709489737e-15,3.6847391255071754e-09
182.9999999999939,1.0686419354015764e-05,1.0686419354015764e-05,0.5474943210965824,0.5793669700294036,0.8368093978720557,1258,6.829561822262656,5.380165944601585e-15,3.6867537450399838e-09
183.09999999999388,9.562807188374295e-06,9.562807188374295e-06,0.5431162363959365,0.5741439922338477,0.8396575217093653,1259,6.857507897135346,5.864442200011725e-15,3.6887683645727926e-09
183.19999999999388,8.343301660936874e-06,8.343301660936874e-06,0.5398734875962662,0.5702868045850431,0.8417461715925082,1259,6.891033728506888,6.287405836769249e-15,3.6907829841056014e-09
183.29999999999387,7.040061961372832e-06,7.040061961372832e-06,0.5368535352060776,0.5667031919130193,0.8436754599588261,1260,6.928654574052134,6.644820142771614e-15,3.69279760363841e-09
183.39999999999387,5.666087673088847e-06,5.666087673088847e-06,0.5325906893395407,0.5616585590842892,0.846372942401181,1261,6.9687400220758775,6.933101990692934e-15,3.6948122231712185e-09
183.49999999999386,4.2350890981963e-06,4.2350890981963e-06,0.5296350638381973,0.558170272745277,0.8482256180716948,1261,7.009588623691263,7.149357068425926e-15,3.6968268427040273e-09
183.59999999999386,2.761350441207999e-06,2.761350441207999e-06,0.5266990897744719,0.5547126855439288,0.8500518036159578,1262,7.049500655271303,7.29140841439567e-15,3.698841462236836e-09
183.69999999999385,1.2595872168356348e-06,1.2595872168356348e-06,0.5227155673421218,0.5500332409209453,0.8525071469836507,1263,7.0868457936849225,7.357818015524975e-15,3.700856081769645e-09
183.79999999999384,-2.552006946098139e-07,-2.552006946098139e-07,0.519786446757937,0.5466009560462581,0.8542962306874345,1263,7.120123512669511,7.347901253730773e-15,3.7028707013024532e-09
183.89999999999384,-1.7678788767933837e-06,-1.7678788767933837e-06,0.5170840299252559,0.5434406639107143,0.8559346388575807,1264,7.148014930873013,7.261734026724718e-15,3.704885320835262e-09
183.99999999999383,-3.263329595221306e-06,-3.263329595221306e-06,0.5134550186489633,0.5392062443516576,0.8581165094695433,1265,7.169425565218663,7.100152424896495e-15,3.706899940368071e-09
184.09999999999383,-4.72660289239741e-06,-4.72660289239741e-06,0.5103849244896496,0.5356323455388645,0.8599460615955484,1265,7.183518934952967,6.86474491736293e-15,3.7089145599008796e-09
184.19999999999382,-6.1430660500582276e-06,-6.1430660500582276e-06,0.5079866107949887,0.5328457345134378,0.8613649651878237,1266,7.189741234133213,6.55783708220696e-15,3.7109291794336884e-09
184.29999999999382,-7.498549924156026e-06,-7.498549924156026e-06,0.5047312270611081,0.5290705964878402,0.8632765422675334,1267,7.187837380059628,6.1824690020775526e-15,3.7129437989664967e-09
184.3999999999938,-8.779490689081896e-06,-8.779490689081896e-06,0.5014197014740119,0.5252388829120617,0.8652041857120853,1267,7.177858698358099,5.742365530546516e-15,3.7149584184993055e-09
184.4999999999938,-9.973065573081462e-06,-9.973065573081462e-06,0.49934705699211607,0.5228449859090655,0.8664020525560361,1268,7.16016236914932,5.241899712540799e-15,3.7169730380321143e-09
184.5999999999938,-1.1067321226463436e-05,-1.1067321226463436e-05,0.4964532429701001,0.5195081523896979,0.8680634640073678,1269,7.13540257847066,4.686049711723296e-15,3.718987657564923e-09
184.6999999999938,-1.2051293437444198e-05,-1.2051293437444198e-05,0.4928465597989323,0.5153582040388353,0.8701162384959594,1269,7.104513139976806,4.080349658900974e-15,3.7210022770977315e-09
184.7999999999938,-1.2915116996581501e-05,-1.2915116996581501e-05,0.4910937244532867,0.5133448665462478,0.8711067407629213,1270,7.068681221496071,3.430834889764377e-15,3.7230168966305402e-09
184.89999999999378,-1.3650124608870344e-05,-1.3650124608870344e-05,0.4977757294822501,0.5210323078483396,0.867305784102939,1254,7.029311781299261,2.743982089415308e-15,3.725031516163349e-09
184.99999999999378,-1.4248933861726755e-05,-1.4248933861726755e-05,0.5236185647006217,0.5510928108659686,0.8519528148324066,1254,6.987982445574973,2.026644907043681e-15,3.727046135696158e-09
185.09999999999377,-1.470552137618269e-05,-1.470552137618269e-05,0.544486598085306,0.5757769036835548,0.838769541951477,1254,6.946388894911856,1.2859856482177451e-15,3.729060755228966e-09
185.19999999999376,-1.5015283396470004e-05,-1.5015283396470004e-05,0.5601881618213195,0.594612930896488,0.8283653924176523,1254,6.906281412064399,5.294036955717066e-16,3.731075374761775e-09
185.29999999999376,-1.5175082208507872e-05,-1.5175082208507872e-05,0.570554368070933,0.6071807185925236,0.8212598328636184,1254,6.869394080563429,-2.35538648180863e-16,3.733089994294584e-09
185.39999999999375,-1.5183277919275641e-05,-1.5183277919275641e-05,0.5754335261312361,0.6131341304460091,0.8178485538314364,1254,6.837369162299901,-1.001192157942067e-15,3.735104613827392e-09
185.49999999999375,-1.5039745275239374e-05,-1.5039745275239374e-05,0.5746905796034283,0.6122260046706507,0.8183707825399656,1254,6.811680296661668,-1.759897745588412e-15,3.737119233360201e-09
185.59999999999374,-1.4745875347445636e-05,-1.4745875347445636e-05,0.5694453315017105,0.6058309421684612,0.8220292053393887,1255,6.793559153650486,-2.5040637632103795e-15,3.73913385289301e-09
185.69999999999374,-1.4304562062107181e-05,-1.4304562062107181e-05,0.566636808702312,0.6024183961182179,0.8239676735307396,1255,6.783930790114638,-3.226242701514515e-15,3.741148472425819e-09
185.79999999999373,-1.3720173706971496e-05,-1.3720173706971496e-05,0.5628638684345412,0.5978465764554786,0.8265496147303582,1256,6.783362964501771,-3.919206418086549e-15,3.743163091958627e-09
185.89999999999372,-1.299850969397038e-05,-1.299850969397038e-05,0.557989253956036,0.5919607917264124,0.8298481743485289,1256,6.7920339151504,-4.576019035556655e-15,3.745177711491436e-09
185.99999999999372,-1.2146743006095269e-05,-1.2146743006095269e-05,0.5555964291389845,0.589080128684617,0.8314521080182605,1257,6.8097216165351755,-5.1901066832540316e-15,3.747192331024245e-09
186.0999999999937,-1.1173348899654129e-05,-1.1173348899654129e-05,0.5514391201915686,0.5840883749901679,0.8342151381522327,1258,6.835815503665654,-5.755323319639014e-15,3.749206950557053e-09
186.1999999999937,-1.0088020570608731e-05,-1.0088020570608731e-05,0.5475344097328577,0.5794148773123188,0.8367831679464466,1258,6.8693494542485904,-6.266011961913218e-15,3.7512215700898616e-09
186.2999999999937,-8.901572624189536e-06,-8.901572624189536e-06,0.5447450129995203,0.5760850226022952,0.8386017355170168,1259,6.909052849799166,-6.717060752208053e-15,3.753236189622671e-09
186.3999999999937,-7.6258333091327296e-06,-7.6258333091327296e-06,0.5405497612838303,0.5710904293733675,0.8413120441168034,1260,6.953415139786996,-7.103953391314716e-15,3.755250809155479e-09
186.4999999999937,-6.273526590456967e-06,-6.273526590456967e-06,0.5371385215687099,0.5670410196874238,0.8434940477839666,1260,7.000758685140619,-7.422813557049815e-15,3.757265428688288e-09
186.59999999999368,-4.858145236567852e-06,-4.858145236567852e-06,0.5342930826106956,0.5636712334742885,0.8452992972162939,1261,7.049314747497882,-7.670442987341174e-15,3.759280048221097e-09
186.69999999999368,-3.3938161866251676e-06,-3.3938161866251676e-06,0.5302911024299773,0.5589438843055461,0.8478156324836192,1262,7.097298154337871,-7.84435294886516e-15,3.761294667753905e-09
186.79999999999367,-1.8951595416265233e-06,-1.8951595416265233e-06,0.5270460113039878,0.5551208552723774,0.8498367501870914,1262,7.1429771663397315,-7.942788838876646e-15,3.763309287286714e-09
186.89999999999367,-3.771425867732738e-07,-3.771425867732738e-07,0.5243560667760429,0.5519587020877226,0.8514990987870499,1263,7.18473616170699,-7.964747692568019e-15,3.765323906819523e-09
186.99999999999366,1.145069697254478e-06,1.145069697254478e-06,0.5206697837724663,0.5476352754994334,0.8537581485797563,1264,7.2211297473024985,-7.909988401764838e-15,3.767338526352331e-09
187.09999999999366,2.65626614098167e-06,2.65626614098167e-06,0.517374345926951,0.5437798787802446,0.8557591870243987,1264,7.250927698548497,-7.779034499678372e-15,3.76935314588514e-09
187.19999999999365,4.141341397058029e-06,4.141341397058029e-06,0.5149517728181512,0.5409513882607004,0.8572191503177254,1265,7.2731506793996825,-7.57316943205309e-15,3.7713677654179486e-09
187.29999999999364,5.5854469362248855e-06,5.5854469362248855e-06,0.5116292729095427,0.5370799754540221,0.8592063123034261,1266,7.28709701056992,-7.294424313959219e-15,3.773382384950758e-09
187.39999999999364,6.974139518857683e-06,6.974139518857683e-06,0.5081477103246885,0.5330327730194142,0.8612699370648998,1266,7.292360876571921,-6.945558257526408e-15,3.775397004483566e-09
187.49999999999363,8.29352565742099e-06,8.29352565742099e-06,0.5060392764318421,0.5305864836018158,0.8625104351301135,1267,7.288842338170311,-6.530031442423385e-15,3.7774116240163745e-09
187.59999999999363,9.53040062482805e-06,9.53040062482805e-06,0.5030842783007338,0.5271638699923012,0.8642373568219728,1268,7.27674939459989,-6.051971182489202e-15,3.779426243549184e-09
187.69999999999362,1.0672380617806741e-05,1.0672380617806741e-05,0.49935776588558994,0.5228573461425005,0.8663958804436643,1269,7.256592163632398,-5.516131315509606e-15,3.781440863081992e-09
187.79999999999362,1.1708026752401801e-05,1.1708026752401801e-05,0.49755201700466734,0.5207743873693087,0.8674341418082339,1269,7.2291690586166935,-4.927845307941131e-15,3.783455482614801e-09
187.8999999999936,1.2626959650012693e-05,1.2626959650012693e-05,0.49494509605414977,0.5177716443822071,0.8689242498008376,1270,7.195544681358694,-4.292973523379098e-15,3.78547010214761e-09
187.9999999999936,1.341996346606955e-05,1.341996346606955e-05,0.49157296487883884,0.5138951031236346,0.8708363911781752,1271,7.157019062612179,-3.617845154598045e-15,3.787484721680418e-09
188.0999999999936,1.4079078318652365e-05,1.4079078318652365e-05,0.5148911695243987,0.5408806922118152,0.8572555532312386,1254,7.115087916663364,-2.90919536603932e-15,3.789499341213227e-09
188.1999999999936,1.4597680190013249e-05,1.4597680190013249e-05,0.5379483857694999,0.5680014438417352,0.8429777780273863,1254,7.071393783222624,-2.1740982383496607e-15,3.7915139607460356e-09
188.2999999999936,1.4970547498914519e-05,1.4970547498914519e-05,0.5558955761636405,0.5894399605946724,0.8312521328704632,1254,7.027668352397201,-1.4198961502068273e-15,3.793528580278844e-09
188.39999999999358,1.5193913674700468e-05,1.5193913674700468e-05,0.5685550550292555,0.6047483249955917,0.8226452147801507,1254,6.985666930148434,-6.541262760038318e-16,3.795543199811653e-09
188.49999999999358,1.526550520375065e-05,1.526550520375065e-05,0.5757679113921549,0.6135430489175691,0.8176131800620118,1254,6.947096885785678,1.1555507865679487e-16,3.7975578193444615e-09
188.59999999999357,1.5184564764022197e-05,1.5184564764022197e-05,0.5773909184221219,0.6155294944857607,0.8164678360619348,1254,6.913542953725312,8.814495386702308e-16,3.799572438877271e-09
188.69999999999357,1.4951859212330075e-05,1.4951859212330075e-05,0.5732998009038319,0.6105275685863886,0.8193456769176406,1254,6.886393292207126,1.6358943123195744e-15,3.801587058410079e-09
188.79999999999356,1.4569672340349167e-05,1.4569672340349167e-05,0.5701338017751519,0.6066687106855052,0.8215518535511995,1255,6.86677102273763,2.3713395938922623e-15,3.8036016779428874e-09
188.89999999999355,1.4041782467538628e-05,1.4041782467538628e-05,0.564912925722479,0.6003277244428016,0.825150523451127,1256,6.855476350763984,3.0804248505522014e-15,3.805616297475697e-09
188.99999999999355,1.3373425090766051e-05,1.3373425090766051e-05,0.562293927409525,0.5971571957931641,0.8269374457589714,1256,6.852944103463757,3.756053122927039e-15,3.807630917008505e-09
189.09999999999354,1.257124095983092e-05,1.257124095983092e-05,0.5585057725522162,0.5925833474866693,0.8295006341322785,1257,6.859220529481478,4.3914624901039026e-15,3.809645536541314e-09
189.19999999999354,1.1643210093859734e-05,1.1643210093859734e-05,0.5537441068896826,0.5868539667093899,0.8326868943876491,1257,6.8739615689947495,4.98029390153193e-15,3.8116601560741226e-09
189.29999999999353,1.059857239421078e-05,1.059857239421078e-05,0.5513250744999577,0.5839516709984653,0.8342905142860106,1258,6.896452771891588,5.516654658940603e-15,3.813674775606931e-09
189.39999999999353,9.447735643677242e-06,9.447735643677242e-06,0.5473009867708841,0.5791359500170135,0.8369358576854122,1259,6.925648980268207,5.995176931741011e-15,3.81568939513974e-09
189.49999999999352,8.202171808070631e-06,8.202171808070631e-06,0.5432801194591411,0.5743391830184482,0.8395514944304854,1259,6.960230170850651,6.4110707948657715e-15,3.8177040146725485e-09
189.5999999999935,6.8743026734377215e-06,6.8743026734377215e-06,0.5406203136262783,0.5711742915310888,0.841266709489104,1260,6.998668747086846,6.760171373035308e-15,3.819718634205357e-09
189.6999999999935,5.477375959039406e-06,5.477375959039406e-06,0.5366665317688251,0.5664815542553386,0.8437944261958719,1261,7.039303187891829,7.038979748956702e-15,3.821733253738166e-09
189.7999999999935,4.025333141728352e-06,4.025333141728352e-06,0.5329815237792256,0.5621204018895923,0.8461268789667273,1261,7.080413237915593,7.244697342200254e-15,3.8237478732709745e-09
189.8999999999935,2.53267031054587e-06,2.53267031054587e-06,0.5303668007236313,0.5590331730668316,0.8477682800684276,1262,7.120292578184236,7.37525349621841e-15,3.825762492803784e-09
189.9999999999935,1.0142934403823965e-06,1.0142934403823965e-06,0.5266657208408622,0.5546734308447766,0.8500724783753295,1263,7.157315913054145,7.429326034392073e-15,3.827777112336592e-09
190.09999999999349,-5.146304702932104e-07,-5.146304702932104e-07,0.5230426035925957,0.5504169030763242,0.8523065380642569,1263,7.189998435244632,7.40635457417921e-15,3.8297917318694e-09
190.19999999999348,-2.038824910897905e-06,-2.038824910897905e-06,0.5206380046942296,0.5475980533451198,0.8537775284393536,1264,7.217046530376051,7.306546430277483e-15,3.83180635140221e-09
190.29999999999347,-3.5430565057715226e-06,-3.5430565057715226e-06,0.5172769082757503,0.5436660216351383,0.8558180882434544,1265,7.2373992718579006,7.13087499676353e-15,3.833820970935018e-09
190.39999999999347,-5.012287271405107e-06,-5.012287271405107e-06,0.5135379267529085,0.5393028635167456,0.8580668958690367,1265,7.250260712835177,6.8810705727089944e-15,3.835835590467827e-09
190.49999999999346,-6.43182496196189e-06,-6.43182496196189e-06,0.5114242553600006,0.5368413796877299,0.8593283604242727,1266,7.255123222043641,6.5596036803638065e-15,3.8378502100006355e-09
190.59999999999346,-7.78746999988848e-06,-7.78746999988848e-06,0.5084298369120399,0.5333603751430487,0.8611034205817536,1267,7.251782174294796,6.1696610127690635e-15,3.839864829533444e-09
190.69999999999345,-9.065657522140307e-06,-9.065657522140307e-06,0.5046452707428297,0.5289710295329126,0.8633267925397057,1268,7.240342240875832,5.715114232412112e-15,3.841879449066253e-09
190.79999999999345,-1.0253593120969316e-05,-1.0253593120969316e-05,0.5026722304231771,0.5266871598312437,0.8644770840001419,1268,7.221215377530557,5.2004819200983805e-15,3.8438940685990615e-09
190.89999999999344,-1.1339380920863041e-05,-1.1339380920863041e-05,0.5000368286961601,0.5236413022356688,0.8660041396826501,1269,7.195110423427025,4.630885041890135e-15,3.84590868813187e-09
190.99999999999343,-1.231214270946031e-05,-1.231214270946031e-05,0.4966268797486178,0.519708191580186,0.8679641365351174,1270,7.16301404928542,4.011996362128497e-15,3.847923307664679e-09
191.09999999999343,-1.3162126929341551e-05,-1.3162126929341551e-05,0.4943130911006681,0.5170444530947448,0.869283939784063,1270,7.126162675255477,3.3499842838553384e-15,3.849937927197487e-09
191.19999999999342,-1.388080643861411e-05,-1.388080643861411e-05,0.5065348575959202,0.5311611604193671,0.8622194836816672,1254,7.08600497243707,2.6514516464333652e-15,3.851952546730297e-09
191.29999999999342,-1.446096406017836e-05,-1.446096406017836e-05,0.5317406820370375,0.5606545820134258,0.8469072245923908,1254,7.044154722335698,1.9233700556921926e-15,3.853967166263105e-09
191.3999999999934,-1.4896765061352763e-05,-1.4896765061352763e-05,0.5518988004066446,0.5846395085846727,0.8339110948474703,1254,7.002334188174971,1.1730103659434712e-15,3.855981785795913e-09
191.4999999999934,-1.518381583594041e-05,-1.518381583594041e-05,0.566821683866557,0.6026427852987166,0.8238405056190676,1254,6.962308785132708,4.078699767053848e-16,3.8579964053287225e-09
191.5999999999934,-1.5319208198534588e-05,-1.5319208198534588e-05,0.57634281554825,0.6142463724736923,0.8172080267385508,1254,6.925814719595943,-3.64402349459407e-16,3.860011024861531e-09
191.6999999999934,-1.5301548844512554e-05,-1.5301548844512554e-05,0.5803113773896692,0.6191109807306723,0.8143946864218264,1254,6.894482336621093,-1.1360833979532368e-15,3.86202564439434e-09
191.7999999999934,-1.5130973677319665e-05,-1.5130973677319665e-05,0.5785925257740165,0.6170019759272625,0.8156167538240273,1254,6.869759030120237,-1.8994533492757436e-15,3.8640402639271485e-09
191.89999999999338,-1.4809146855821715e-05,-1.4809146855821715e-05,0.5738682013991014,0.6112214619886575,0.818947670747625,1255,6.852836519051079,-2.646873730541485e-15,3.866054883459957e-09
191.99999999999338,-1.433924456719027e-05,-1.433924456719027e-05,0.5701095718455472,0.6066392181080752,0.8215686679091936,1255,6.844587822107315,-3.3708646092864706e-15,3.868069502992766e-09
192.09999999999337,-1.3725923683459233e-05,-1.3725923683459233e-05,0.5668486808671666,0.6026755553613424,0.8238219303946412,1256,6.845519144478262,-4.064180152900143e-15,3.870084122525574e-09
192.19999999999337,-1.2975275611023653e-05,-1.2975275611023653e-05,0.5617018201499502,0.5964413457106124,0.8273397520004904,1257,6.855741000146253,-4.7198816862284885e-15,3.872098742058383e-09
192.29999999999336,-1.2094765790433888e-05,-1.2094765790433888e-05,0.5591469871119616,0.5933565615764405,0.829068541680129,1257,6.874961281212176,-5.3314074190709404e-15,3.874113361591192e-09
192.39999999999336,-1.109315944738745e-05,-1.109315944738745e-05,0.555411194821911,0.5888573611541971,0.8315758562311061,1258,6.902500890486033,-5.892638085592134e-15,3.876127981124e-09
192.49999999999335,-9.980434333402166e-06,-9.980434333402166e-06,0.5506464212684749,0.5831384398917173,0.8347385930602594,1258,6.93733035139142,-6.397957832930684e-15,3.8781426006568095e-09
192.59999999999334,-8.767681324890118e-06,-8.767681324890118e-06,0.5482786211371118,0.5803045082252399,0.8362957333407767,1259,6.978123907268079,-6.8423098034261505e-15,3.880157220189618e-09
192.69999999999334,-7.466993870938709e-06,-7.466993870938709e-06,0.544443181764146,0.5757251426340508,0.8387977240256038,1260,7.023326338621464,-7.221245957550872e-15,3.882171839722426e-09
192.79999999999333,-6.091347391825531e-06,-6.091347391825531e-06,0.5402285240062286,0.5707086472593018,0.8415183550286065,1260,7.07122720806594,-7.530970768847887e-15,3.8841864592552355e-09
192.89999999999333,-4.6544698310279305e-06,-4.6544698310279305e-06,0.5377512426490716,0.567767596143044,0.8431035529692538,1261,7.120037446604958,-7.7683784813086e-15,3.886201078788044e-09
192.99999999999332,-3.170704652226669e-06,-3.170704652226669e-06,0.5340698021887034,0.5634071118914072,0.8454403860652265,1262,7.167963937306876,-7.931083656236439e-15,3.888215698320853e-09
193.09999999999332,-1.6548676486555239e-06,-1.6548676486555239e-06,0.5300633145542739,0.5586752306821667,0.8479580665125704,1262,7.213278785917541,-8.01744475957053e-15,3.8902303178536614e-09
193.1999999999933,-1.2209899435361197e-07,-1.2209899435361197e-07,0.5277072000812156,0.5558990617158474,0.8494263422936941,1263,7.254381057479956,-8.026580564578808e-15,3.89224493738647e-09
193.2999999999933,1.4122879851909083e-06,1.4122879851909083e-06,0.5243177631026364,0.551913718901058,0.8515226851323737,1264,7.289849729600112,-7.958379179683432e-15,3.894259556919279e-09
193.3999999999933,2.9329598123409355e-06,2.9329598123409355e-06,0.5202914252043987,0.5471921670317795,0.8539887779466283,1264,7.318487369323044,-7.813499562973614e-15,3.896274176452087e-09
193.4999999999933,4.424716097804727e-06,4.424716097804727e-06,0.5181816389362326,0.5447235127932823,0.8552705940632823,1265,7.339354551874881,-7.593365454006258e-15,3.898288795984896e-09
193.5999999999933,5.872641490765996e-06,5.872641490765996e-06,0.5151427112264207,0.5411741448170091,0.8571044201672818,1266,7.351795322318986,-7.300151735473381e-15,3.900303415517705e-09
193.69999999999328,7.262254819590725e-06,7.262254819590725e-06,0.5112844455273117,0.5366786909279385,0.8594115520295439,1267,7.3554540963511705,-6.936763325462717e-15,3.902318035050513e-09
193.79999999999328,8.579653931737956e-06,8.579653931737956e-06,0.509144232930291,0.5341902071248228,0.8606812128040356,1267,7.350284352827698,-6.506806788467953e-15,3.9043326545833225e-09
193.89999999999327,9.811654784102692e-06,9.811654784102692e-06,0.5064662004833101,0.5310815339342656,0.8622598145385181,1268,7.336549335857948,-6.014554934780769e-15,3.906347274116131e-09
193.99999999999326,1.0945923392111942e-05,1.0945923392111942e-05,0.5029976721179749,0.5270636618072297,0.8642877656451573,1269,7.314814802234,-5.464904750667613e-15,3.908361893648939e-09
194.09999999999326,1.1971099316913745e-05,1.1971099316913745e-05,0.5005344555331066,0.5242160217124455,0.865716615772261,1269,7.285933662000428,-4.863329065429656e-15,3.9103765131817484e-09
194.19999999999325,1.2876909454236388e-05,1.2876909454236388e-05,0.4982018938593872,0.5215237429461197,0.8670610549176568,1270,7.25102220819717,-4.215822417366248e-15,3.912391132714557e-09
194.29999999999325,1.3654270985113428e-05,1.3654270985113428e-05,0.49701974892371703,0.520160883182033,0.8677392287892748,1254,7.2114275618665555,-3.5288416308474718e-15,3.914405752247365e-09
194.39999999999324,1.429538245670619e-05,1.429538245670619e-05,0.5244053156688625,0.5520165409861917,0.8514687691854826,1254,7.168686020013293,-2.8092416632042993e-15,3.916420371780174e-09
194.49999999999324,1.4793802079832379e-05,1.4793802079832379e-05,0.5468112533531918,0.578550911416109,0.8372559066416381,1254,7.124472237624991,-2.064207324624241e-15,3.918434991312983e-09
194.59999999999323,1.5144512457347091e-05,1.5144512457347091e-05,0.5640392243592918,0.5992692689760748,0.825747996294371,1254,7.080539641835736,-1.3011815178955801e-15,3.920449610845792e-09
194.69999999999322,1.5343971092947468e-05,1.5343971092947468e-05,0.575914976031596,0.613722930992667,0.8175095965079102,1254,7.038653184702694,-5.277906884566145e-16,3.9224642303786e-09
194.79999999999322,1.539014617193388e-05,1.539014617193388e-05,0.5822811206086463,0.6215317301496668,0.8129875131776251,1254,7.000516464971422,2.4823178090355075e-16,3.924478849911409e-09
194.8999999999932,1.528253725254055e-05,1.528253725254055e-05,0.582994575614931,0.6224095781414968,0.8124760456798505,1254,6.967696299946926,1.0191234526597696e-15,3.926493469444218e-09
194.9999999999932,1.5022180657178742e-05,1.5022180657178742e-05,0.5779309633627655,0.61619108986114,0.8160856582409629,1254,6.941548845963125,1.7771711748686415e-15,3.928508088977026e-09
195.0999999999932,1.4611639505809822e-05,1.4611639505809822e-05,0.5753118148851321,0.6129853194288882,0.8179341756239162,1255,6.923152131177978,2.5147890241278967e-15,3.9305227085098354e-09
195.1999999999932,1.405497848715638e-05,1.405497848715638e-05,0.5705409947818761,0.6071644348137757,0.821269123535828,1256,6.913250142356853,3.2245949732296956e-15,3.932537328042644e-09
195.2999999999932,1.3357723616032824e-05,1.3357723616032824e-05,0.567064250945938,0.6029372496465779,0.8236735611266894,1256,6.912213214078855,3.899485403331235e-15,3.934551947575452e-09
195.39999999999318,1.2526807375207345e-05,1.2526807375207345e-05,0.5637191514818072,0.5988817045788865,0.82596653579466,1257,6.920018345264832,4.532706606494491e-15,3.936566567108261e-09
195.49999999999318,1.1570499786393118e-05,1.1570499786393118e-05,0.5586624884620063,0.5927722875225624,0.8293950952262972,1258,6.93625132731206,5.117922482593087e-15,3.93858118664107e-09
195.59999999999317,1.0498326095746555e-05,1.0498326095746555e-05,0.5561285109123192,0.5897202083945997,0.8310963117175088,1258,6.96013048923037,5.649277721926365e-15,3.940595806173878e-09
195.69999999999317,9.320971893214768e-06,9.320971893214768e-06,0.552470269962331,0.5853249524577553,0.8335326033261982,1259,6.990549823613562,6.121455870749153e-15,3.942610425706687e-09
195.79999999999316,8.050176610883252e-06,8.050176610883252e-06,0.5476725184502126,0.5795799334244097,0.8366927826474909,1259,7.026137617445311,6.529731785265656e-15,3.944625045239496e-09
195.89999999999316,6.698616461867832e-06,6.698616461867832e-06,0.5453823463044896,0.5768452055800828,0.8381873873659814,1260,7.065325723312143,6.870018074265829e-15,3.946639664772305e-09
195.99999999999315,5.279777987106689e-06,5.279777987106689e-06,0.541743021672582,0.5725094094025626,0.8405441680655813,1261,7.106424346968879,7.138905201011678e-15,3.948654284305113e-09
196.09999999999314,3.8078234715782714e-06,3.8078234715782714e-06,0.5373343002565384,0.5672731412545245,0.8433693436258021,1261,7.147697607076069,7.333694959903547e-15,3.950668903837922e-09
196.19999999999314,2.297449573054819e-06,2.297449573054819e-06,0.5350439925214853,0.5645598192650475,0.8448241983197858,1262,7.187435942258802,7.452427070353878e-15,3.952683523370731e-09
196.29999999999313,7.637405746805569e-07,7.637405746805569e-07,0.5316246509383309,0.5605175822269136,0.8469800650043057,1263,7.224022463804748,7.493898651670927e-15,3.954698142903539e-09
196.39999999999313,-7.77982273246673e-07,-7.77982273246673e-07,0.5273173976983123,0.5554402263488432,0.8496683835972008,1263,7.255991371970358,7.457676371147705e-15,3.956712762436348e-09
196.49999999999312,-2.3123138174556384e-06,-2.3123138174556384e-06,0.5252079590390686,0.5529594723628172,0.8509739125037947,1264,7.282077426607977,7.3441011015162e-15,3.958727381969157e-09
196.59999999999312,-3.823918942585029e-06,-3.823918942585029e-06,0.5221086766383287,0.5493215068758114,0.8528789654921577,1265,7.301256116026262,7.154284986192173e-15,3.960742001501965e-09
196.6999999999931,-5.297685850366727e-06,-5.297685850366727e-06,0.5181521704833688,0.5446890580306617,0.8552884473809838,1266,7.312774587049433,6.890100888601891e-15,3.962756621034774e-09
196.7999999999931,-6.718877144936574e-06,-6.718877144936574e-06,0.5158778054056293,0.5420320144175055,0.8566621795608066,1266,7.316173607214333,6.554164289126113e-15,3.964771240567583e-09
196.8999999999931,-8.073277213647342e-06,-8.073277213647342e-06,0.5131337776623334,0.538831930350883,0.8583086427515355,1267,7.311300868725521,6.1498077825159946e-15,3.966785860100391e-09
196.9999999999931,-9.347334429410792e-06,-9.347334429410792e-06,0.5095787154686541,0.5346950949320264,0.8604240424007901,1268,7.298315860702279,5.681048413783433e-15,3.9688004796332e-09
197.0999999999931,-1.0528296751990168e-05,-1.0528296751990168e-05,0.5070081429717213,0.531710164176111,0.8619412642172126,1268,7.277686378417142,5.1525481676291464e-15,3.970815099166009e-09
197.19999999999308,-1.1604339371291275e-05,-1.1604339371291275e-05,0.5046171265663905,0.5289384301643544,0.863343243198138,1269,7.250176551218206,4.569567994137097e-15,3.972829718698818e-09
197.29999999999308,-1.2564683114906903e-05,-1.2564683114906903e-05,0.5014343198830713,0.5252557789013237,0.8651957136066971,1270,7.216826100890695,3.9379158124952884e-15,3.974844338231626e-09
197.39999999999307,-1.3399702434167307e-05,-1.3399702434167307e-05,0.4985345484609612,0.5219074428965434,0.8668698310535587,1270,7.178920439045854,3.2638889868121717e-15,3.9768589577644346e-09
197.49999999999307,-1.4101021886822483e-05,-1.4101021886822483e-05,0.5145155585806306,0.5404425946772149,0.857481043509687,1254,7.137951230127177,2.55421181587331e-15,3.978873577297244e-09
197.59999999999306,-1.46616001491946e-05,-1.46616001491946e-05,0.5391149075649943,0.569385866683857,0.8422322223954554,1254,7.095567242394758,1.8159686238228192e-15,3.980888196830052e-09
197.69999999999305,-1.5075800715047095e-05,-1.5075800715047095e-05,0.5585975187232204,0.5926939557054525,0.8294388537295931,1254,7.053515733386828,1.0565330826773484e-15,3.982902816362861e-09
197.79999999999305,-1.5339448571279622e-05,-1.5339448571279622e-05,0.5727800266350319,0.6098933320100197,0.8197091198028554,1254,7.0135752983775905,2.8349444125460965e-16,3.98491743589567e-09
197.89999999999304,-1.5449872280549048e-05,-1.5449872280549048e-05,0.581498375332191,0.6205692606316864,0.8135475643661054,1254,6.977482037720674,-4.954186209297406e-16,3.986932055428478e-09
197.99999999999304,-1.5405931046638626e-05,-1.5405931046638626e-05,0.5846028378449775,0.6243904452425568,0.8113196176499117,1254,6.946851995078644,-1.2724157520488347e-15,3.988946674961287e-09
198.09999999999303,-1.5208026488394795e-05,-1.5208026488394795e-05,0.5819591899574332,0.6211358015340774,0.8132179912078238,1254,6.923103929143044,-2.0397234926844583e-15,3.990961294494096e-09
198.19999999999303,-1.4858099000825945e-05,-1.4858099000825945e-05,0.5777441523524889,0.6159621973783366,0.8162179209148155,1255,6.907387382186319,-2.7896638018067385e-15,3.992975914026904e-09
198.29999999999302,-1.4359608735982836e-05,-1.4359608735982836e-05,0.5730865473474247,0.6102673192800098,0.8194948500444698,1255,6.900521443962722,-3.5147316694079803e-15,3.994990533559713e-09
198.399999999993,-1.3717501389977563e-05,-1.3717501389977563e-05,0.5703236856721434,0.6068998575433254,0.8214200469682622,1256,6.902949361389155,-4.207670928947048e-15,3.9970051530925216e-09
198.499999999993,-1.2938159134409504e-05,-1.2938159134409504e-05,0.565589007780496,0.60114729837617,0.824687258467035,1257,6.914713115170615,-4.8615473961393344e-15,3.999019772625331e-09
198.599999999993,-1.2029337179034154e-05,-1.2029337179034154e-05,0.5622235507366021,0.5970720930599781,0.8269852955144531,1257,6.9354503568715336,-5.469818505614057e-15,4.001034392158139e-09
198.699999999993,-1.1000086596247991e-05,-1.1000086596247991e-05,0.5588955032171056,0.5930532595362477,0.8292380939655982,1258,6.9644139432552254,-6.026398693793826e-15,4.0030490116909475e-09
198.799999999993,-9.860664175431555e-06,-9.860664175431555e-06,0.5540187759027362,0.5871838615979122,0.8325041717296279,1259,7.000512111697102,-6.5257198774047296e-15,4.005063631223757e-09
198.89999999999299,-8.622430205018276e-06,-8.622430205018276e-06,0.5513588541382254,0.5839921605996555,0.8342681906697529,1259,7.042365513712083,-6.962786487716974e-15,4.007078250756565e-09
198.99999999999298,-7.297735201038455e-06,-7.297735201038455e-06,0.5478701885618524,0.5798162034198969,0.8365633607116679,1260,7.088376158106429,-7.333224623748858e-15,4.009092870289374e-09
199.09999999999297,-5.8997967116158525e-06,-5.8997967116158525e-06,0.5431446279906597,0.5741778059072614,0.8396391564743082,1261,7.13680292504198,-7.63332496949964e-15,4.011107489822183e-09
199.19999999999297,-4.442567426359305e-06,-4.442567426359305e-06,0.5407768451885879,0.5713603691696142,0.8411660975740035,1261,7.185838625959124,-7.860079175410897e-15,4.013122109354991e-09
199.29999999999296,-2.9405959067964562e-06,-2.9405959067964562e-06,0.5374037640740335,0.56735550806192,0.8433250822542044,1262,7.233684399619519,-8.01120943693325e-15,4.0151367288878e-09
199.39999999999296,-1.408881328066764e-06,-1.408881328066764e-06,0.5329977174429765,0.5621395405811613,0.8461166782427687,1263,7.278618299734411,-8.085191024542264e-15,4.0171513484206086e-09
199.49999999999295,1.3727631771734858e-07,1.3727631771734858e-07,0.5306470134855368,0.5593637371500614,0.8475929135374366,1263,7.3190560161871305,-8.081267543184864e-15,4.019165967953417e-09
199.59999999999295,1.682429060324007e-06,1.682429060324007e-06,0.5275429767196285,0.555705738889318,0.8495283442674492,1264,7.353602617571757,-7.999458735708662e-15,4.021180587486226e-09
199.69999999999294,3.211135305588161e-06,3.211135305588161e-06,0.5235295076536381,0.5509882813838669,0.8520075437552999,1265,7.381094922555508,-7.840560699623816e-15,4.0231952070190345e-09
199.79999999999293,4.7081141625388334e-06,4.7081141625388334e-06,0.5210215514524358,0.5480473499221055,0.8535435213989365,1265,7.40063458109199,-7.60613845892142e-15,4.025209826551844e-09
199.89999999999293,6.1583982009791375e-06,6.1583982009791375e-06,0.5182552562710999,0.5448095899426016,0.8552259872965604,1266,7.411612196046603,-7.2985109174649e-15,4.027224446084652e-09
199.99999999999292,7.547483112352503e-06,7.547483112352503e-06,0.5146479926155086,0.5405970472723444,0.8574015650188815,1267,7.413722884772699,-6.920728310399533e-15,4.0292390656174605e-09
200.09999999999292,8.861472777318868e-06,8.861472777318868e-06,0.5118803095252162,0.5373721735641114,0.8590567785195393,1267,7.406973617898563,-6.476542358076366e-15,4.03125368515027e-09
200.1999999999929,1.0087218289021346e-05,1.0087218289021346e-05,0.5094685716709968,0.5345670887192099,0.8604892645928329,1268,7.39168252635892,-5.970369408120897e-15,4.033268304683078e-09
200.2999999999929,1.1212449541095204e-05,1.1212449541095204e-05,0.5062487985989672,0.5308294222303385,0.8623874731911998,1269,7.368470181019634,-5.40724692311305e-15,4.035282924215886e-09
200.3999999999929,1.2225898063460044e-05,1.2225898063460044e-05,0.5031684452385187,0.5272612614359299,0.8641883566192337,1269,7.3382426636619424,-4.792783733905965e-15,4.037297543748696e-09
200.4999999999929,1.3117409876106261e-05,1.3117409876106261e-05,0.5010996501290964,0.5248690083106906,0.8653895889369696,1270,7.302166106500737,-4.133104533494129e-15,4.039312163281504e-09
200.5999999999929,1.3878047230570224e-05,1.3878047230570224e-05,0.5052653000392897,0.5296893665006126,0.8629640644755763,1254,7.261632326561412,-3.434789135751619e-15,4.041326782814313e-09
200.69999999999288,1.450017821959744e-05,1.450017821959744e-05,0.5320052572526396,0.5609670143140076,0.8467410502955155,1254,7.218215271681954,-2.704807069395781e-15,4.0433414023471215e-09
200.79999999999288,1.4977553356514347e-05,1.4977553356514347e-05,0.5536968473930272,0.5867972123576897,0.8327183204343608,1254,7.173618276543858,-1.9504481218393013e-15,4.04535602187993e-09
200.89999999999287,1.5305368355860086e-05,1.5305368355860086e-05,0.5701463438158231,0.606683977046424,0.8215431495870739,1254,7.129612638943045,-1.1792494913437901e-15,4.047370641412739e-09
200.99999999999287,1.5480312484571863e-05,1.5480312484571863e-05,0.5811823060194969,0.6201808070715676,0.8137733880939212,1254,7.087968780131983,-3.989202498401899e-16,4.0493852609455475e-09
201.09999999999286,1.5500601997096114e-05,1.5500601997096114e-05,0.5866485511667879,0.6269142068113817,0.8098416372439173,1254,7.0503822125073015,3.827361367979382e-16,4.051399880478357e-09
201.19999999999285,1.5365998316774516e-05,1.5365998316774516e-05,0.586402347393985,0.6266102255627514,0.810019929983716,1254,7.0183976015172,1.157900439972899e-15,4.053414500011165e-09
201.29999999999285,1.5077810778239886e-05,1.5077810778239886e-05,0.5806232239323977,0.6194939511891419,0.8141723845908486,1255,6.993335203366157,1.918816618107275e-15,4.055429119543973e-09
201.39999999999284,1.4638883899830823e-05,1.4638883899830823e-05,0.5783014794214656,0.6166451790262895,0.8158231419241209,1255,6.97622465932198,2.6578702169151802e-15,4.057443739076783e-09
201.49999999999284,1.4053569309653056e-05,1.4053569309653056e-05,0.5740360976434995,0.611426491337211,0.8188299937118955,1256,6.967751298639502,3.3676653310782784e-15,4.059458358609591e-09
201.59999999999283,1.3327682602334933e-05,1.3327682602334933e-05,0.56964369497814,0.6060722718673591,0.8218917573328325,1256,6.968219577631542,4.041099239566326e-15,4.061472978142399e-09
201.69999999999283,1.2468445554209967e-05,1.2468445554209967e-05,0.5667934867721589,0.6026085593020359,0.8238599051736032,1257,6.977537031041349,4.67143385831912e-15,4.0634875976752085e-09
201.79999999999282,1.1484414271104519e-05,1.1484414271104519e-05,0.5621546145487308,0.5969887370014181,0.8270321573805748,1258,6.995220278822996,5.2523632187749876e-15,4.065502217208017e-09
201.89999999999281,1.0385393983648106e-05,1.0385393983648106e-05,0.5587797832193517,0.5929137163128022,0.8293160759718421,1258,7.020422520343294,5.778076274491799e-15,4.067516836740826e-09
201.9999999999928,9.182341338649873e-06,9.182341338649873e-06,0.5555387294986845,0.5890107340652262,0.8314906614189888,1259,7.051979942501684,6.243314448546008e-15,4.0695314562736345e-09
202.0999999999928,7.887255160259654e-06,7.887255160259654e-06,0.5508886885852232,0.5834286990438023,0.834578727735648,1260,7.08847292083258,6.643423444250835e-15,4.071546075806443e-09
202.1999999999928,6.51305677010284e-06,6.51305677010284e-06,0.548023623198066,0.5799996250953117,0.8364628553718714,1260,7.1282970263026115,6.974398934658769e-15,4.073560695339252e-09
202.2999999999928,5.073461060188426e-06,5.073461060188426e-06,0.5447494848245436,0.5760903550891945,0.8385988306594485,1261,7.169738711629914,7.23292581280217e-15,4.07557531487206e-09
202.3999999999928,3.5828396050909174e-06,3.5828396050909174e-06,0.5403279505738418,0.570826803135837,0.8414545179798323,1262,7.21105102543858,7.416410725087532e-15,4.07758993440487e-09
202.49999999999278,2.0560771797698335e-06,2.0560771797698335e-06,0.5376263624937401,0.5676194835453305,0.8431831914547097,1262,7.250525577862059,7.52300763384591e-15,4.079604553937678e-09
202.59999999999278,5.084231156142967e-07,5.084231156142967e-07,0.5345387516829441,0.5639618898670724,0.8451439658124762,1263,7.28655802173598,7.551636175284087e-15,4.081619173470486e-09
202.69999999999277,-1.044661020780742e-06,-1.044661020780742e-06,0.5304691953995068,0.5591539590732927,0.8477042129966088,1264,7.31770532054827,7.501992608639847e-15,4.0836337930032955e-09
202.79999999999276,-2.587655904507689e-06,-2.587655904507689e-06,0.527704611002024,0.5558960136861226,0.8494279507569801,1264,7.342733916427326,7.374553199153975e-15,4.085648412536104e-09
202.89999999999276,-4.1051395414185334e-06,-4.1051395414185334e-06,0.5249164186346387,0.5526169123971444,0.8511537777909376,1265,7.360658527090987,7.170569943266584e-15,4.087663032068912e-09
202.99999999999275,-5.5819414194174994e-06,-5.5819414194174994e-06,0.5212433879069661,0.5483072711227492,0.8534080680209604,1266,7.370771683216931,6.8920586255475946e-15,4.0896776516017215e-09
203.09999999999275,-7.0032941810386665e-06,-7.0032941810386665e-06,0.5182759655457442,0.5448338050938009,0.8552134374164303,1266,7.372664294690889,6.54177928637495e-15,4.09169227113453e-09
203.19999999999274,-8.35498130080084e-06,-8.35498130080084e-06,0.5158309549861093,0.5419773258258919,0.8566903909103443,1267,7.366237549231656,6.12320926971301e-15,4.093706890667339e-09
203.29999999999274,-9.623479290423823e-06,-9.623479290423823e-06,0.512552574848393,0.5381549183377535,0.8586558437559734,1268,7.351706347792055,5.640509105380048e-15,4.0957215102001474e-09
203.39999999999273,-1.0796093009353518e-05,-1.0796093009353518e-05,0.5093035784562552,0.5343753561106186,0.8605869305140842,1268,7.3295943147541305,5.0984815563767616e-15,4.097736129732956e-09
203.49999999999272,-1.1861082726638391e-05,-1.1861082726638391e-05,0.5072049830515695,0.531938547840144,0.8618254493617934,1269,7.300720232967888,4.502524228298991e-15,4.099750749265765e-09
203.59999999999272,-1.2807781662343692e-05,-1.2807781662343692e-05,0.5042958239307093,0.5285663096809446,0.8635309617877329,1270,7.266175591056071,3.858576195700756e-15,4.101765368798573e-09
203.6999999999927,-1.3626702831564987e-05,-1.3626702831564987e-05,0.5007278964671769,0.5244394821718429,0.8656047444992179,1270,7.227292843963121,3.1730591516395106e-15,4.1037799883313825e-09
203.7999999999927,-1.4309634120762916e-05,-1.4309634120762916e-05,0.5232528244039831,0.5506635710489571,0.8521774942776031,1254,7.185604032923684,2.4528136337915486e-15,4.105794607864191e-09
203.8999999999927,-1.484972064352368e-05,-1.484972064352368e-05,0.5471594383832916,0.5789668324432388,0.83702840393148,1254,7.142789644532572,1.705030925361682e-15,4.107809227396999e-09
203.9999999999927,-1.524153354978299e-05,-1.524153354978299e-05,0.5658847221195036,0.6015059200383442,0.8244843729699989,1254,7.100618058859858,9.371812729101615e-16,4.1098238469298085e-09
204.0999999999927,-1.5481124597769032e-05,-1.5481124597769032e-05,0.5792491301495888,0.6178072463445878,0.8151505659821041,1254,7.0608766674592065,1.569391071243534e-16,4.111838466462617e-09
204.19999999999268,-1.5566065940072063e-05,-1.5566065940072063e-05,0.5870904780540126,0.6274600101765431,0.8095213218799805,1254,7.02529671128921,-6.27894003006832e-16,4.113853085995425e-09
204.29999999999268,-1.5495474722915546e-05,-1.5495474722915546e-05,0.5892594537288965,0.6301419527449711,0.8079438694557453,1254,6.995475005944399,-1.4094678873545033e-15,4.1158677055282344e-09
204.39999999999267,-1.5270022249411075e-05,-1.5270022249411075e-05,0.5856218840203593,0.6256470498919955,0.810584362639969,1254,6.972796818589893,-2.179962984141066e-15,4.117882325061043e-09
204.49999999999267,-1.4891927611811463e-05,-1.4891927611811463e-05,0.5819672443047632,0.6211457058598068,0.8132122272545588,1255,6.958365002998256,-2.9316693635692358e-15,4.119896944593852e-09
204.59999999999266,-1.4364935852991786e-05,-1.4364935852991786e-05,0.5763457864363934,0.6142500078906912,0.8172059314866817,1255,6.952940830213757,-3.657064678874197e-15,4.12191156412666e-09
204.69999999999266,-1.3694280872036004e-05,-1.3694280872036004e-05,0.574130616663072,0.6115419278077726,0.818763723555264,1256,6.956901569061032,-4.348890148533574e-15,4.123926183659469e-09
204.79999999999265,-1.2886633441340432e-05,-1.2886633441340432e-05,0.5698545500669058,0.6063288431721423,0.821745576056266,1257,6.970218702894046,-5.0002236914252326e-15,4.125940803192278e-09
204.89999999999264,-1.19500348515403e-05,-1.19500348515403e-05,0.5656172708152789,0.6011815699944747,0.8246678743321311,1257,6.992458833811015,-5.604549388050213e-15,4.127955422725086e-09
204.99999999999264,-1.0893816844332167e-05,-1.0893816844332167e-05,0.5627414088054978,0.5976984263017441,0.8266329940279444,1258,7.022807121510456,-6.155822524669545e-15,4.1299700422578955e-09
205.09999999999263,-9.728508630465203e-06,-9.728508630465203e-06,0.5582470771241459,0.5922715113450541,0.82967475608358,1259,7.06011093620726,-6.648529584055791e-15,4.131984661790704e-09
205.19999999999263,-8.465731919435263e-06,-8.465731919435263e-06,0.5547838358997268,0.588103129294567,0.8319945284822401,1259,7.102939667102087,-7.077742660387958e-15,4.133999281323512e-09
205.29999999999262,-7.118085007443426e-06,-7.118085007443426e-06,0.5516806360473309,0.58437791537689,0.8340554392907059,1260,7.149655588237753,-7.439167878679063e-15,4.1360139008563214e-09
205.39999999999262,-5.699017079773551e-06,-5.699017079773551e-06,0.5472867646030442,0.5791189569718599,0.8369451578749543,1261,7.198490422977219,-7.729187477756631e-15,4.13802852038913e-09
205.4999999999926,-4.222693981803467e-06,-4.222693981803467e-06,0.5441673972540156,0.5753963922257551,0.838976664613379,1261,7.24762266718988,-7.944895266316548e-15,4.140043139921938e-09
205.5999999999926,-2.7038567984091523e-06,-2.7038567984091523e-06,0.5411353765540154,0.5717866589512764,0.8409354935081191,1262,7.295251611779372,-8.084125190024205e-15,4.142057759454747e-09
205.6999999999926,-1.157674653692653e-06,-1.157674653692653e-06,0.5370288389668701,0.5669109914297935,0.8435638838392119,1263,7.339665093964497,-8.145472766722776e-15,4.144072378987556e-09
205.7999999999926,4.004067989616294e-07,4.004067989616294e-07,0.5339650210733121,0.5632831800140472,0.8455065678456776,1263,7.379299083518274,-8.128309170478519e-15,4.146086998520365e-09
205.8999999999926,1.954819683104909e-06,1.954819683104909e-06,0.5311734018509103,0.5599848970997919,0.8472631333689266,1264,7.4127881254868395,-8.032787783897528e-15,4.148101618053173e-09
205.99999999999258,3.4900294600442233e-06,3.4900294600442233e-06,0.527439938817438,0.5555844550932878,0.8495923204338992,1265,7.439006341821008,-7.859843096298791e-15,4.150116237585982e-09
206.09999999999258,4.990690189722099e-06,4.990690189722099e-06,0.5242469056213792,0.5518305083567127,0.8515663109508318,1265,7.45709912947337,-7.611181901219423e-15,4.152130857118791e-09
206.19999999999257,6.441797939778078e-06,6.441797939778078e-06,0.5217752578661522,0.5489306203525539,0.8530829855756767,1266,7.46650590924318,-7.289266834337412e-15,4.154145476651599e-09
206.29999999999256,7.828840809092298e-06,7.828840809092298e-06,0.5184368815785148,0.5450219747391659,0.8551158984717481,1267,7.466974323430845,-6.897292384457217e-15,4.156160096184408e-09
206.39999999999256,9.137944065623276e-06,9.137944065623276e-06,0.5150042687205356,0.5410126291558058,0.8571876126027641,1267,7.458566200645539,-6.439153598643959e-15,4.158174715717217e-09
206.49999999999255,1.0356008946866613e-05,1.0356008946866613e-05,0.5128766740246105,0.5385324103279324,0.8584622980897026,1268,7.441655449678629,-5.919407783135839e-15,4.160189335250025e-09
206.59999999999255,1.1470843734296519e-05,1.1470843734296519e-05,0.5099199762297764,0.5350917608116206,0.8602218422254949,1269,7.416917854345041,-5.343229572358505e-15,4.162203954782834e-09
206.69999999999254,1.247128579008115e-05,1.247128579008115e-05,0.5061995492222652,0.5307723150102527,0.86241638224652,1270,7.38531255939736,-4.716359799647995e-15,4.164218574315643e-09
206.79999999999254,1.3347313334419401e-05,1.3347313334419401e-05,0.5043986197940724,0.5286853551368111,0.8634709215427204,1270,7.348054907766921,-4.045048657057535e-15,4.166233193848451e-09
206.89999999999253,1.4090145844133849e-05,1.4090145844133849e-05,0.5135352750191986,0.5392997731618204,0.8580684828794005,1254,7.306580259350797,-3.3359936802301456e-15,4.16824781338126e-09
206.99999999999253,1.4692332066651948e-05,1.4692332066651948e-05,0.5396239476188356,0.569990377621133,0.8419061676673145,1254,7.26249854260493,-2.5962731398896925e-15,4.170262432914069e-09
207.09999999999252,1.514782476708329e-05,1.514782476708329e-05,0.5605978614415552,0.5951076017017822,0.8280881823496546,1254,7.217539611530139,-1.8332754656570455e-15,4.172277052446878e-09
207.1999999999925,1.5452041458521485e-05,1.5452041458521485e-05,0.5762679517174542,0.6141547661626939,0.8172608199487909,1254,7.173490037951712,-1.0546253717682096e-15,4.174291671979686e-09
207.2999999999925,1.5601910505643427e-05,1.5601910505643427e-05,0.5864655340548979,0.6266882340695338,0.8099741831476504,1254,7.132122767064748,-2.681073985879043e-16,4.176306291512495e-09
207.3999999999925,1.5595902137748584e-05,1.5595902137748584e-05,0.5910355393987601,0.6323419981158225,0.8066455176641203,1254,7.095122056341088,5.184123712177047e-16,4.178320911045304e-09
207.4999999999925,1.5434044058118507e-05,1.5434044058118507e-05,0.5898355548800363,0.6308551843192232,0.8075233855433289,1254,7.064007189142558,1.297065618140932e-15,4.180335530578112e-09
207.5999999999925,1.5117921490474967e-05,1.5117921490474967e-05,0.5845787536512468,0.624360760349407,0.8113369711652212,1255,7.040059419286778,2.0600612670401753e-15,4.1823501501109206e-09
207.69999999999249,1.4650661658837651e-05,1.4650661658837651e-05,0.5813323668636013,0.6203652204840282,0.8136661964446865,1255,7.024257228352239,2.799764263748267e-15,4.18436476964373e-09
207.79999999999248,1.4036902852673755e-05,1.4036902852673755e-05,0.5775783007232635,0.6157590167071105,0.8163352905109685,1256,7.017225035930793,3.5087727476392784e-15,4.186379389176538e-09
207.89999999999247,1.3282748383337564e-05,1.3282748383337564e-05,0.5722790715751082,0.6092823248111665,0.820058939489798,1256,7.0191998451750015,4.179992726009728e-15,4.188394008709347e-09
207.99999999999247,1.2395705888876964e-05,1.2395705888876964e-05,0.5699274573924062,0.6064175684062241,0.8216950123435258,1257,7.030018930063949,4.806709393393624e-15,4.190408628242156e-09
208.09999999999246,1.1384612590825458e-05,1.1384612590825458e-05,0.5657083767977895,0.6012920501495235,0.824605379815588,1258,7.04912975379775,5.382654310516632e-15,4.192423247774964e-09
208.19999999999246,1.0259547247136327e-05,1.0259547247136327e-05,0.5615026716544007,0.5962006559252421,0.8274749239251726,1258,7.075621175939216,5.902067757704551e-15,4.194437867307773e-09
208.29999999999245,9.031729678544455e-06,9.031729678544455e-06,0.5586794281120002,0.5927927117650199,0.8293836847951908,1259,7.108273047699707,6.359755692203303e-15,4.196452486840582e-09
208.39999999999245,7.713408870028526e-06,7.713408870028526e-06,0.5543865505999934,0.5876256957637649,0.8322593060542134,1260,7.145619847650398,6.7511408496683946e-15,4.198467106373391e-09
208.49999999999244,6.3177407634467305e-06,6.3177407634467305e-06,0.5507478391531773,0.5832599413417309,0.8346716825603382,1260,7.186023268763178,7.0723076207168146e-15,4.200481725906199e-09
208.59999999999243,4.858656960686913e-06,4.858656960686913e-06,0.547837328116997,0.579776923642952,0.8365848802850968,1261,7.227748647614383,7.320040395591452e-15,4.2024963454390076e-09
208.69999999999243,3.350725647773256e-06,3.350725647773256e-06,0.5437329531928129,0.5748786529776607,0.8392582889743909,1262,7.269040690537938,7.491855105886225e-15,4.204510964971817e-09
208.79999999999242,1.8090061283922111e-06,1.8090061283922111e-06,0.5403003578917457,0.5707940118310043,0.8414722355859707,1262,7.308194876535952,7.586023712728145e-15,4.206525584504625e-09
208.89999999999242,2.4889841945867543e-07,2.4889841945867543e-07,0.5375413454895778,0.5675186581582995,0.8432373935548959,1263,7.343621969041418,7.60159141023632e-15,4.2085402040374335e-09
208.9999999999924,-1.3140105890054261e-06,-1.3140105890054261e-06,0.5337645890984305,0.563046142262406,0.845633113959348,1264,7.373904059053018,7.538386344116726e-15,4.210554823570243e-09
209.0999999999924,-2.8641028727628134e-06,-2.8641028727628134e-06,0.530299976120572,0.5589543508731598,0.8478100821095021,1264,7.397841371470246,7.397021695104681e-15,4.212569443103051e-09
209.1999999999924,-4.3858853548158035e-06,-4.3858853548158035e-06,0.527818623823703,0.5560302423465225,0.8493571100219579,1265,7.414489643852432,7.178890046323604e-15,4.21458406263586e-09
209.2999999999924,-5.864144769479365e-06,-5.864144769479365e-06,0.5244244533598831,0.5520390172344991,0.8514569823063216,1266,7.423188233135802,6.886150037846805e-15,4.216598682168669e-09
209.3999999999924,-7.2840997609807916e-06,-7.2840997609807916e-06,0.5207790160797106,0.5477632234078427,0.8536915229818371,1266,7.423579252667391,6.5217054032961836e-15,4.218613301701477e-09
209.49999999999238,-8.631548695824901e-06,-8.631548695824901e-06,0.5186280236171993,0.5452455175292381,0.8549999842800687,1267,7.41561803434721,6.089176574418942e-15,4.220627921234286e-09
209.59999999999238,-9.893011710700431e-06,-9.893011710700431e-06,0.5156212260948023,0.5417325309266382,0.8568166380273511,1268,7.3995750966850204,5.59286512429132e-15,4.2226425407670946e-09
209.69999999999237,-1.1055865575024594e-05,-1.1055865575024594e-05,0.511837957129218,0.5373228732442649,0.8590820133385338,1269,7.376029625888537,5.037711394948192e-15,4.224657160299904e-09
209.79999999999237,-1.2108470018758348e-05,-1.2108470018758348e-05,0.5098980351166227,0.5350662546616819,0.8602348480410494,1269,7.345854289590406,4.429245720389753e-15,4.226671779832712e-09
209.89999999999236,-1.3040284261162625e-05,-1.3040284261162625e-05,0.507257208953404,0.5319991480849295,0.8617947110332035,1270,7.310191049176775,3.773533712544896e-15,4.2286863993655205e-09
209.99999999999235,-1.3841972573858305e-05,-1.3841972573858305e-05,0.5038450421282779,0.5280443676176944,0.8637940573555446,1271,7.270417568867998,3.0771161282019388e-15,4.23070101889833e-09
210.09999999999235,-1.4505497820926049e-05,-1.4505497820926049e-05,0.5310392778959638,0.5598266023559768,0.8473472047111109,1254,7.228103894076179,2.3469438814790187e-15,4.232715638431138e-09
210.19999999999234,-1.5024202038745138e-05,-1.5024202038745138e-05,0.5542371764067973,0.5874462261384963,0.8323587881969053,1254,7.184959344483249,1.5903088109684272e-15,4.2347302579639465e-09
210.29999999999234,-1.539287324762637e-05,-1.539287324762637e-05,0.5721925567607333,0.6091768304059444,0.8201193071667164,1254,7.142770084428695,8.147708545945713e-16,4.236744877496756e-09
210.39999999999233,-1.5607797824751415e-05,-1.5607797824751415e-05,0.5847293434465861,0.6245463797310656,0.8112284480419337,1254,7.103328612037658,2.808232938655495e-17,4.238759497029564e-09
210.49999999999233,-1.5666797912117545e-05,-1.5666797912117545e-05,0.5916869905575938,0.6331498425456973,0.806167789734183,1254,7.068357416075934,-7.618899417321907e-16,4.240774116562373e-09
210.59999999999232,-1.5569253482662438e-05,-1.5569253482662438e-05,0.5929166237329423,0.6346759798040408,0.8052638557026688,1254,7.039430181887714,-1.5472438686546707e-15,4.2427887360951816e-09
210.69999999999231,-1.5316108841015248e-05,-1.5316108841015248e-05,0.5882845300772841,0.6289358104576404,0.8086540123388674,1254,7.017895002470754,-2.3201218666471782e-15,4.24480335562799e-09
210.7999999999923,-1.4909863490856797e-05,-1.4909863490856797e-05,0.585211893129526,0.6251413455573884,0.8108804105043828,1255,7.004804824479009,-3.0727902920945933e-15,4.246817975160799e-09
210.8999999999923,-1.4354547457118072e-05,-1.4354547457118072e-05,0.5799538262044714,0.6186720101786197,0.8146493475543902,1256,7.000860578242208,-3.797717643655429e-15,4.2488325946936075e-09
210.9999999999923,-1.3655681306641983e-05,-1.3655681306641983e-05,0.5769746744754358,0.6150197757443265,0.816762036956888,1256,7.0063719192584,-4.487650624681976e-15,4.250847214226417e-09
211.0999999999923,-1.2820221263923442e-05,-1.2820221263923442e-05,0.5731761039389319,0.6103766061340317,0.8194322143248864,1257,7.021239205829954,-5.135687185967915e-15,4.252861833759225e-09
211.1999999999923,-1.185648996759888e-05,-1.185648996759888e-05,0.5680590821849328,0.6041455504618545,0.822987775818822,1257,7.044958405094967,-5.73534572582127e-15,4.2548764532920335e-09
211.29999999999228,-1.0774093556986589e-05,-1.0774093556986589e-05,0.5656523176313892,0.6012240687118421,0.8246438355788746,1258,7.076648382764616,-6.280629714965456e-15,4.256891072824843e-09
211.39999999999227,-9.583825914747647e-06,-9.583825914747647e-06,0.5615576521617878,0.5962671011374719,0.8274376129343775,1259,7.1150979040139815,-6.766087125848947e-15,4.258905692357651e-09
211.49999999999227,-8.297561020274618e-06,-8.297561020274618e-06,0.5572798295674605,0.591106152628631,0.8303247506591998,1259,7.158828034617678,-7.18686416200751e-15,4.260920311890459e-09
211.59999999999226,-6.928134487435786e-06,-6.928134487435786e-06,0.5545781933911128,0.5878559815549923,0.8321316166418925,1260,7.2061647220402225,-7.538752884771883e-15,4.262934931423269e-09
211.69999999999226,-5.489215468614307e-06,-5.489215468614307e-06,0.5505320785392214,0.5830014657959055,0.8348140095250466,1261,7.255316203244387,-7.818232409384508e-15,4.264949550956077e-09
211.79999999999225,-3.995170203500006e-06,-3.995170203500006e-06,0.546647794307402,0.5783556919785736,0.8373626388721033,1261,7.304450403573201,-8.02250338827668e-15,4.266964170488886e-09
211.89999999999225,-2.460918574849221e-06,-2.460918574849221e-06,0.5439721726843276,0.5751637160983172,0.8391032566645729,1262,7.3517684286188505,-8.149515523786967e-15,4.2689787900216945e-09
211.99999999999224,-9.01785103585627e-07,-9.01785103585627e-07,0.5401802962732681,0.5706513379379464,0.8415493137767532,1263,7.39557135574726,-8.197987869907684e-15,4.270993409554503e-09
212.09999999999224,6.666541285316998e-07,6.666541285316998e-07,0.5363886321838472,0.5661522436059226,0.8439711104439188,1263,7.434318593431059,-8.167421706992676e-15,4.273008029087312e-09
212.19999999999223,2.228727099458552e-06,2.228727099458552e-06,0.5339241516524319,0.5632348435508324,0.8455323768385401,1264,7.466676958311511,-8.058105814679319e-15,4.2750226486201205e-09
212.29999999999222,3.768822455709346e-06,3.768822455709346e-06,0.5304851967931744,0.5591728353368878,0.8476941995692238,1265,7.4915602608454,-7.871114029972526e-15,4.27703726815293e-09
212.39999999999222,5.27154554439676e-06,5.27154554439676e-06,0.526591324841513,0.5545859159745637,0.8501185662021857,1265,7.508159587396402,-7.60829505675257e-15,4.279051887685738e-09
212.4999999999922,6.721872308839188e-06,6.721872308839188e-06,0.5244285972136656,0.5520438840217582,0.8514544300339901,1266,7.515964651574416,-7.272254583087265e-15,4.281066507218546e-09
212.5999999999922,8.105299509168043e-06,8.105299509168043e-06,0.5213731707303407,0.548459354114133,0.8533287858982556,1267,7.514776607501952,-6.8663298555221475e-15,4.283081126751356e-09
212.6999999999922,9.407989765810118e-06,9.407989765810118e-06,0.517521462488202,0.5439518012209353,0.8556702261175578,1268,7.5047126218680145,-6.394556947970707e-15,4.285095746284164e-09
212.7999999999922,1.0616909975184893e-05,1.0616909975184893e-05,0.5154295741316091,0.5415088668903032,0.8569319425196543,1268,7.486202336333091,-5.86163104250016e-15,4.287110365816972e-09
212.8999999999922,1.1719961712931499e-05,1.1719961712931499e-05,0.5127497167019048,0.5383845276366058,0.858538134285319,1269,7.459976159917587,-5.272860108701986e-15,4.2891249853497815e-09
212.99999999999218,1.2706102319808027e-05,1.2706102319808027e-05,0.5092891488343203,0.5343585890068756,0.8605954699390496,1270,7.427045154561574,-4.634112428298278e-15,4.29113960488259e-09
213.09999999999218,1.356545545829173e-05,1.356545545829173e-05,0.506852687774834,0.5315298189958543,0.8620326866745985,1270,7.3886721607160935,-3.9517584643166015e-15,4.293154224415399e-09
213.19999999999217,1.4289410032926335e-05,1.4289410032926335e-05,0.5214323379013167,0.5485286924809296,0.8532926326828136,1254,7.346333802541263,-3.2326076220286173e-15,4.2951688439482075e-09
213.29999999999217,1.4870706483564724e-05,1.4870706483564724e-05,0.5468267204654497,0.5785693851055068,0.8372458048775169,1254,7.301673165776279,-2.483840494014405e-15,4.297183463481016e-09
213.39999999999216,1.530350958668299e-05,1.530350958668299e-05,0.5670447642179886,0.6029135915249917,0.8236869765711765,1254,7.256443303672614,-1.7129372257617445e-15,4.299198083013825e-09
213.49999999999216,1.5583467034637512e-05,1.5583467034637512e-05,0.5819017002732146,0.6210651092587622,0.8132591291950813,1254,7.212442329307735,-9.276026822335512e-16,4.3012127025466334e-09
213.59999999999215,1.5707753204755507e-05,1.5707753204755507e-05,0.5912311986083235,0.6325845787749246,0.806502120141147,1254,7.171441693256774,-1.3568914053624982e-16,4.303227322079442e-09
213.69999999999214,1.567509767807282e-05,1.567509767807282e-05,0.5948790157305424,0.6371151277829429,0.8038152503177961,1254,7.135110265954975,6.548827206656011e-16,4.305241941612251e-09
213.79999999999214,1.548579821988354e-05,1.548579821988354e-05,0.5927030408955177,0.6344107723356812,0.805421073298437,1254,7.104937915861154,1.4362037189848296e-15,4.307256561145059e-09
213.89999999999213,1.5141718089521557e-05,1.5141718089521557e-05,0.5880002742522666,0.6285843381464672,0.8088607281103831,1255,7.0821632006697355,2.2004560951101027e-15,4.3092711806778685e-09
213.99999999999213,1.4646267703403834e-05,1.4646267703403834e-05,0.5838076351482776,0.6234106560188338,0.8118920156908649,1255,7.067710331794521,2.939992576685328e-15,4.311285800210677e-09
214.09999999999212,1.4004370831762867e-05,1.4004370831762867e-05,0.5805939379513213,0.6194579814043341,0.814193268956565,1256,7.062140511889017,3.6474136707531626e-15,4.313300419743485e-09
214.19999999999212,1.32224156641187e-05,1.32224156641187e-05,0.575385371247195,0.6130752517130038,0.8178824332107443,1257,7.065621953223972,4.3156422859763255e-15,4.3153150392762945e-09
214.2999999999921,1.2308191229842948e-05,1.2308191229842948e-05,0.5725397196304023,0.6096002007102336,0.8198769843370042,1257,7.077921390261263,4.937994829305321e-15,4.317329658809103e-09
214.3999999999921,1.1270809806635148e-05,1.1270809806635148e-05,0.568767391802506,0.6050064626649571,0.8224984218964646,1258,7.0984179106011736,5.5082480002842304e-15,4.319344278341912e-09
214.4999999999921,1.0120616089900941e-05,1.0120616089900941e-05,0.5637064319135026,0.5988663050428131,0.8259752167101309,1258,7.126137790615919,6.020700612342751e-15,4.3213588978747204e-09
214.5999999999921,8.869084028489375e-06,8.869084028489375e-06,0.561326288320236,0.595987512812537,0.8275945855554078,1259,7.159807124513594,6.47022988855851e-15,4.323373517407529e-09
214.6999999999921,7.528702355687635e-06,7.528702355687635e-06,0.557414998188737,0.59126895158976,0.830234015079032,1260,7.1979176973661625,6.852341790203076e-15,4.325388136940338e-09
214.79999999999208,6.112849957550365e-06,6.112849957550365e-06,0.5529776343831417,0.5859337670837633,0.8331960968895764,1260,7.238800938450172,7.163215023914875e-15,4.327402756473146e-09
214.89999999999208,4.635662322423715e-06,4.635662322423715e-06,0.5504538595804566,0.5829077724204015,0.8348655870695468,1261,7.280704886459927,7.399738430715107e-15,4.329417376005955e-09
214.99999999999207,3.1118904048925658e-06,3.1118904048925658e-06,0.5466882534012735,0.5784040100311357,0.8373362249377875,1262,7.32186974447255,7.559541491434883e-15,4.331431995538764e-09
215.09999999999206,1.5567533134368738e-06,1.5567533134368738e-06,0.5425001785976292,0.573410464905829,0.84005568638129,1262,7.360598569217946,7.641017700830622e-15,4.333446615071572e-09
215.19999999999206,-1.4213706932547871e-08,-1.4213706932547871e-08,0.5400903959369114,0.5705445144244741,0.8416070129322297,1263,7.395320696272654,7.643340581848158e-15,4.3354612346043815e-09
215.29999999999205,-1.5853144784995202e-06,-1.5853144784995202e-06,0.53662534006393,0.5664327377851397,0.8438206233562151,1264,7.424646471785063,7.566472144543738e-15,4.33747585413719e-09
215.39999999999205,-3.1408487304516426e-06,-3.1408487304516426e-06,0.5324373593378299,0.56147740813273,0.8464694078236724,1264,7.447412635290628,7.411163647388071e-15,4.339490473669998e-09
215.49999999999204,-4.6652690069715684e-06,-4.6652690069715684e-06,0.5302810863251741,0.5589320703363134,0.8478218972672228,1265,7.462718236608402,7.17894859165416e-15,4.3415050932028074e-09
215.59999999999204,-6.143336075548304e-06,-6.143336075548304e-06,0.5271823088556595,0.5552812441132282,0.849752206957779,1266,7.469951280371071,6.8721279667472365e-15,4.343519712735616e-09
215.69999999999203,-7.560271281961605e-06,-7.560271281961605e-06,0.5232580569676507,0.5506697112880115,0.8521742813641109,1267,7.4688064094949915,6.493747857602948e-15,4.345534332268425e-09
215.79999999999202,-8.90190432863898e-06,-8.90190432863898e-06,0.5209960380219547,0.5480174590060743,0.8535590948290727,1267,7.459293910068451,6.04756961679798e-15,4.347548951801233e-09
215.89999999999202,-1.015481499856317e-05,-1.015481499856317e-05,0.518275406105483,0.5448331509411345,0.8552137764478521,1268,7.44174019270126,5.538032888089685e-15,4.349563571334042e-09
215.999999999992,-1.1306467407165945e-05,-1.1306467407165945e-05,0.5147591837802384,0.5407267362040734,0.8573348136602775,1269,7.416779725891679,4.970211842010665e-15,4.351578190866851e-09
216.099999999992,-1.234533543908228e-05,-1.234533543908228e-05,0.5121703854143679,0.5377098754366635,0.8588838665992614,1269,7.385338211572868,4.349765047899555e-15,4.353592810399659e-09
216.199999999992,-1.326101811451557e-05,-1.326101811451557e-05,0.509810929306813,0.5349649995262199,0.8602864734257558,1270,7.3486066502038145,3.682879462147669e-15,4.355607429932468e-09
216.299999999992,-1.4044343730403329e-05,-1.4044343730403329e-05,0.510803464364866,0.5361191206731466,0.8596975170330847,1254,7.30800589563644,2.9762090619716964e-15,4.357622049465277e-09
216.399999999992,-1.468746173357253e-05,-1.468746173357253e-05,0.5383638965824941,0.5684944297908795,0.8427124746059677,1254,7.265141405587617,2.236808700039371e-15,4.359636668998085e-09
216.49999999999199,-1.5183921405515932e-05,-1.5183921405515932e-05,0.5608197568483312,0.5953755870977321,0.827937920576524,1254,7.2217482075124835,1.4720637996115963e-15,4.3616512885308944e-09
216.59999999999198,-1.552873657008422e-05,-1.552873657008422e-05,0.5779759617684125,0.6162462302545586,0.8160537896596514,1254,7.17962666429016,6.896165538155373e-16,4.363665908063703e-09
216.69999999999197,-1.5718435674958307e-05,-1.5718435674958307e-05,0.5896595762123624,0.6306372777315591,0.8076518954234287,1254,7.140570449650625,-1.0271066288936073e-16,4.365680527596511e-09
216.79999999999197,-1.575109674384812e-05,-1.575109674384812e-05,0.5957114257478525,0.6381510989078297,0.803198541603171,1254,7.106289185375102,-8.969939176104674e-16,4.36769514712932e-09
216.89999999999196,-1.562636684749991e-05,-1.562636684749991e-05,0.5959830204308777,0.6384892827308621,0.8029970357094028,1254,7.078329332975228,-1.6852875769224985e-15,4.369709766662129e-09
216.99999999999196,-1.5345465896272695e-05,-1.5345465896272695e-05,0.5903414111010455,0.6314817569311075,0.8071536522492023,1254,7.0579979760213645,-2.459704555928074e-15,4.371724386194938e-09
217.09999999999195,-1.4911174713721628e-05,-1.4911174713721628e-05,0.5878775941330603,0.628432676243474,0.8089498960481575,1255,7.046294825331522,-3.2124960760639493e-15,4.373739005727746e-09
217.19999999999195,-1.4327807507734548e-05,-1.4327807507734548e-05,0.5831347658589594,0.6225821357512016,0.8123754334337152,1256,7.043857879500006,-3.9361300239115916e-15,4.375753625260555e-09
217.29999999999194,-1.360116901173881e-05,-1.360116901173881e-05,0.5792483285285339,0.6178062629424923,0.8151511356165184,1256,7.050927511146876,-4.623367000580488e-15,4.377768244793364e-09
217.39999999999193,-1.2738496721768115e-05,-1.2738496721768115e-05,0.5759516024683448,0.6137677341545396,0.8174837928755198,1257,7.067332316191269,-5.2673331800525876e-15,4.379782864326172e-09
217.49999999999193,-1.1748388804221818e-05,-1.1748388804221818e-05,0.5708552022719579,0.6075470734103723,0.821050752413663,1258,7.092498044847344,-5.8615891596587214e-15,4.381797483858981e-09
217.59999999999192,-1.0640718392470912e-05,-1.0640718392470912e-05,0.5680206510727897,0.6040988541512323,0.8230143011848847,1258,7.125478677897192,-6.40019408298676e-15,4.38381210339179e-09
217.69999999999192,-9.426535126632408e-06,-9.426535126632408e-06,0.5643477425097413,0.599642939317727,0.825537173920205,1259,7.165006637980229,-6.8777644322354724e-15,4.385826722924598e-09
217.7999999999919,-8.1179549184843e-06,-8.1179549184843e-06,0.5592717300794569,0.5935070307976374,0.8289843978832963,1260,7.209557596630683,-7.289527004442266e-15,4.387841342457407e-09
217.8999999999919,-6.7280390413498935e-06,-6.7280390413498935e-06,0.5569554006051948,0.59071547844666,0.8305424021305036,1260,7.257424562054438,-7.631365685557732e-15,4.389855961990216e-09
217.9999999999919,-5.270663751662572e-06,-5.270663751662572e-06,0.5532767742661889,0.586292836861696,0.8329974856250171,1261,7.306795924596494,-7.899861706645476e-15,4.391870581523024e-09
218.0999999999919,-3.760381743760478e-06,-3.760381743760478e-06,0.5486067149882794,0.5806968766794544,0.8360805417361229,1261,7.355832746406293,-8.092327107222879e-15,4.393885201055833e-09
218.1999999999919,-2.2122768213045635e-06,-2.2122768213045635e-06,0.5463062038766325,0.5779478101933615,0.8375855368891605,1262,7.402741568259417,-8.206831151661109e-15,4.395899820588642e-09
218.29999999999188,-6.418132367430946e-07,-6.418132367430946e-07,0.5428464011226035,0.5738226621298465,0.8398319979544941,1263,7.445840119992596,-8.242219460639388e-15,4.397914440121451e-09
218.39999999999188,9.353187962215417e-07,9.353187962215417e-07,0.5384231322460427,0.5685647230349552,0.8426746291792345,1264,7.483614362052746,-8.198125645247622e-15,4.399929059654259e-09
218.49999999999187,2.5033598737094088e-06,2.5033598737094088e-06,0.5361858671142365,0.5659120107459729,0.8440999442642763,1264,7.514766131083732,-8.074975275665805e-15,4.401943679187068e-09
218.59999999999187,4.046638889751774e-06,4.046638889751774e-06,0.5330567651759205,0.5622093288650558,0.8460794791863135,1265,7.53825126255373,-7.87398208172961e-15,4.403958298719877e-09
218.69999999999186,5.549729667438818e-06,5.549729667438818e-06,0.5290607484304655,0.5574933371648144,0.8485839525174841,1266,7.5533084226912734,-7.597136365309722e-15,4.405972918252685e-09
218.79999999999185,6.997605167482604e-06,6.997605167482604e-06,0.5266035920494471,0.5546003460355545,0.8501109673687427,1266,7.559479036181684,-7.247185696764168e-15,4.4079875377854936e-09
218.89999999999185,8.375787732512204e-06,8.375787732512204e-06,0.523844756853697,0.5513583309858554,0.8518137535382315,1267,7.556618693310447,-6.827608061380274e-15,4.410002157318303e-09
218.99999999999184,9.670493864792596e-06,9.670493864792596e-06,0.5202678791643177,0.5471645954255349,0.8540031228923363,1268,7.544900309625896,-6.342577709842277e-15,4.412016776851111e-09
219.09999999999184,1.0868772089456644e-05,1.0868772089456644e-05,0.5175125539049952,0.543941390019415,0.8556756140914205,1268,7.52480913835372,-5.796924045315286e-15,4.41403139638392e-09
219.19999999999183,1.19586325242189e-05,1.19586325242189e-05,0.515121860531229,0.5411498180928956,0.8571169516482829,1269,7.497129543352488,-5.196083947699158e-15,4.416046015916729e-09
219.29999999999183,1.2929166859214738e-05,1.2929166859214738e-05,0.5119325092615252,0.5374329386761267,0.8590256724692216,1270,7.462923270889099,-4.5460479942093596e-15,4.418060635449537e-09
219.39999999999182,1.377065754625458e-05,1.377065754625458e-05,0.5088436635535555,0.5338410205292881,0.8608589466697759,1270,7.423498857489733,-3.8533010870621135e-15,4.420075254982346e-09
219.49999999999181,1.4474675104446276e-05,1.4474675104446276e-05,0.528858024266947,0.5572544579474146,0.8487103099223323,1254,7.380371828475785,-3.1247580462093812e-15,4.422089874515155e-09
219.5999999999918,1.5034162567745007e-05,1.5034162567745007e-05,0.5535236893605977,0.586589283625891,0.8328334319157898,1254,7.335215529458024,-2.367694769883203e-15,4.424104494047963e-09
219.6999999999918,1.5443506228355693e-05,1.5443506228355693e-05,0.5729557208703235,0.6101076853595884,0.8195863236547861,1254,7.2898028374612105,-1.5896756096923918e-15,4.426119113580772e-09
219.7999999999918,1.5698591966755587e-05,1.5698591966755587e-05,0.5869733144526758,0.627315285818786,0.809606279694297,1254,7.245939646635637,-7.984776512230436e-16,4.4281337331135806e-09
219.8999999999918,1.5796846603058836e-05,1.5796846603058836e-05,0.5954121819339431,0.6377785851731271,0.8034203965575315,1254,7.205391904438899,-2.0126361913892645e-18,4.43014835264639e-09
219.9999999999918,1.5737263854071518e-05,1.5737263854071518e-05,0.5981187608484971,0.64115162771441,0.8014074793268767,1254,7.169809017842999,7.917526917665818e-16,4.432162972179198e-09
220.09999999999178,1.55204146341911e-05,1.55204146341911e-05,0.5949514163795296,0.6372052020410438,0.8037616637710407,1254,7.140647513983903,1.5748769898012167e-15,4.4341775917120065e-09
220.19999999999177,1.5148441594750782e-05,1.5148441594750782e-05,0.590831090716136,0.6320885662180418,0.8067952790164188,1255,7.119099718102629,2.3395245969957086e-15,4.436192211244816e-09
220.29999999999177,1.4625037953934008e-05,1.4625037953934008e-05,0.5856767574228298,0.6257147476505387,0.8105447154936487,1255,7.106032663675516,3.078044791517154e-15,4.438206830777624e-09
220.39999999999176,1.3955410826412734e-05,1.3955410826412734e-05,0.5830288122460162,0.6224517174130415,0.8124514779917626,1256,7.101942265229577,3.783049107632367e-15,4.440221450310433e-09
220.49999999999176,1.3146229416824961e-05,1.3146229416824961e-05,0.5783000281366104,0.6166434001064899,0.8158241706747819,1257,7.106926858938319,4.447485811106792e-15,4.442236069843242e-09
220.59999999999175,1.2205558592553805e-05,1.2205558592553805e-05,0.5745780355115885,0.6120884891816455,0.8184498036578931,1257,7.120682610280148,5.06471068149177e-15,4.44425068937605e-09
220.69999999999175,1.1142778497487626e-05,1.1142778497487626e-05,0.5712759691682652,0.608059638439837,0.8207580441584836,1258,7.142521239241966,5.628553335261023e-15,4.446265308908859e-09
220.79999999999174,9.968491008067128e-06,9.968491008067128e-06,0.5663544029677982,0.602075697641612,0.8241618107137633,1259,7.171408384112866,6.1333784355071734e-15,4.4482799284416676e-09
220.89999999999173,8.694413964563146e-06,8.694413964563146e-06,0.563425363629056,0.5985260579572126,0.8261669683662414,1259,7.206019100441521,6.574141254710218e-15,4.450294547974476e-09
220.99999999999173,7.333264232861616e-06,7.333264232861616e-06,0.5599170633971177,0.5942856979644305,0.8285486600778182,1260,7.244805769661397,6.946437166998686e-15,4.452309167507285e-09
221.09999999999172,5.898630763835514e-06,5.898630763835514e-06,0.5551294316151405,0.5885185690464475,0.8317639774326916,1261,7.286073205793197,7.246544729999107e-15,4.4543237870400935e-09
221.19999999999172,4.404838917537884e-06,4.404838917537884e-06,0.5525437985656215,0.5854131682669058,0.8334838634710776,1261,7.328055954696129,7.471462068644684e-15,4.456338406572903e-09
221.2999999999917,2.8668074069529313e-06,2.8668074069529313e-06,0.5491360504627165,0.5813301236927785,0.8357329705606982,1262,7.368993501605264,7.618936300289506e-15,4.458353026105711e-09
221.3999999999917,1.2998992900166071e-06,1.2998992900166071e-06,0.5446708027066824,0.5759965322534591,0.8386499369098279,1263,7.407200103137535,7.687485755951941e-15,4.4603676456385195e-09
221.4999999999917,-2.80231501677219e-07,-2.80231501677219e-07,0.5421297285432563,0.5729695449304809,0.8402948038811232,1263,7.441127015298367,7.676414772065538e-15,4.462382265171329e-09
221.5999999999917,-1.85779656423304e-06,-1.85779656423304e-06,0.5389932342294581,0.5692414080565098,0.8423100934067386,1264,7.469415832299362,7.585820862664257e-15,4.464396884704137e-09
221.6999999999917,-3.4170307901038256e-06,-3.4170307901038256e-06,0.5349329239202081,0.5644283552536089,0.8448945300486782,1265,7.490942387515988,7.416594138751775e-15,4.466411504236946e-09
221.79999999999168,-4.94234992736627e-06,-4.94234992736627e-06,0.5322471208306293,0.56125268050249,0.8465890398342666,1265,7.504851166992018,7.17040891815919e-15,4.468426123769755e-09
221.89999999999168,-6.4185063548102755e-06,-6.4185063548102755e-06,0.5294586510241731,0.5579623076021458,0.848335745360092,1266,7.510580461359004,6.849707559033789e-15,4.470440743302563e-09
221.99999999999167,-7.830741515631188e-06,-7.830741515631188e-06,0.5258197641332768,0.5536785789467192,0.8505960120097115,1267,7.507878571887101,6.457676644722991e-15,4.472455362835372e-09
222.09999999999167,-9.164933485680838e-06,-9.164933485680838e-06,0.5228780981370943,0.5502239024272575,0.8524074697517233,1267,7.496811337652843,5.998215739375518e-15,4.4744699823681805e-09
222.19999999999166,-1.040773820063977e-05,-1.040773820063977e-05,0.520456956145986,0.5473860111688653,0.8538879064603593,1268,7.47776111135364,5.475899016726739e-15,4.476484601900989e-09
222.29999999999166,-1.1546722929636585e-05,-1.1546722929636585e-05,0.5172199955294724,0.5435995219860309,0.8558524850840199,1269,7.451417127533769,4.895930137029393e-15,4.478499221433798e-09
222.39999999999165,-1.2570490660131972e-05,-1.2570490660131972e-05,0.5139651430040557,0.5398008199574981,0.8578110699780113,1269,7.418757025389277,4.264090809382392e-15,4.4805138409666065e-09
222.49999999999164,-1.3468794149533874e-05,-1.3468794149533874e-05,0.511899143530414,0.5373940977589878,0.8590455557494192,1270,7.381019158257882,3.586683530890137e-15,4.482528460499416e-09
222.59999999999164,-1.4232638502112777e-05,-1.4232638502112777e-05,0.5183260482883192,0.5448923678211274,0.8551830842958805,1254,7.339665297484995,2.8704690427619985e-15,4.484543080032224e-09
222.69999999999163,-1.4854371244312654e-05,-1.4854371244312654e-05,0.5451701910892554,0.5765921145011215,0.8383253919258946,1254,7.296333477132613,2.1225990889900087e-15,4.486557699565032e-09
222.79999999999163,-1.5327758996361414e-05,-1.5327758996361414e-05,0.5668520297027387,0.6026796203663296,0.82381962614512,1254,7.252781082427975,1.3505451074004125e-15,4.488572319097842e-09
222.89999999999162,-1.5648049971927922e-05,-1.5648049971927922e-05,0.5831812766101016,0.6226393897067198,0.8123420453302982,1254,7.210818897121077,5.620235269072015e-16,4.49058693863065e-09
222.99999999999162,-1.58120216791146e-05,-1.58120216791146e-05,0.5939877930104597,0.6360068413234266,0.804474052878378,1254,7.172237695277934,-2.3508161045064e-16,4.492601558163459e-09
223.0999999999916,-1.581801334390141e-05,-1.581801334390141e-05,0.5991135524211312,0.6423935091345648,0.8006640689486025,1254,7.138730035167567,-1.0327979382539989e-15,4.4946161776962675e-09
223.1999999999916,-1.5665942729791732e-05,-1.5665942729791732e-05,0.5984105018137558,0.641515712929432,0.8011896600175323,1254,7.111811054559286,-1.8231451543961346e-15,4.496630797229076e-09
223.2999999999916,-1.5357307183328598e-05,-1.5357307183328598e-05,0.5926742468865989,0.6343750225507198,0.8054422617900074,1255,7.092743069710292,-2.59821565426694e-15,4.498645416761885e-09
223.3999999999916,-1.4895168892792113e-05,-1.4895168892792113e-05,0.5899175808906839,0.6309567653451436,0.8074634652763452,1255,7.082469389458072,-3.3502545151311047e-15,4.5006600362946935e-09
223.4999999999916,-1.4284124505181097e-05,-1.4284124505181097e-05,0.5857166320466702,0.6257639433726591,0.8105159017218019,1256,7.0815627307513545,-4.071737915311128e-15,4.502674655827502e-09
223.59999999999158,-1.3530259402945585e-05,-1.3530259402945585e-05,0.5809058295579201,0.6198411020174851,0.8139707717022919,1256,7.090192818705314,-4.755449073281715e-15,4.504689275360311e-09
223.69999999999158,-1.2641087095309693e-05,-1.2641087095309693e-05,0.5781351247187292,0.6164412835073142,0.8159410380453108,1257,7.108116197208241,-5.394550826638826e-15,4.506703894893119e-09
223.79999999999157,-1.1625474327872059e-05,-1.1625474327872059e-05,0.5734880408922981,0.6107573313445739,0.8192139323482688,1258,7.134689183682314,-5.982654042671643e-15,4.508718514425929e-09
223.89999999999156,-1.0493552657005484e-05,-1.0493552657005484e-05,0.5698015014853439,0.6062642886484907,0.821782361033046,1258,7.168902643455774,-6.513881155713415e-15,4.510733133958737e-09
223.99999999999156,-9.256617370969943e-06,-9.256617370969943e-06,0.5665729848281061,0.6023409389842542,0.8240115611221548,1259,7.20943525317752,-6.982924247060637e-15,4.512747753491545e-09
224.09999999999155,-7.927014766249008e-06,-7.927014766249008e-06,0.5618812432353616,0.5966582291580352,0.8272179087158863,1260,7.254720511691504,-7.385097201045335e-15,4.5147623730243545e-09
224.19999999999155,-6.5180189041525736e-06,-6.5180189041525736e-06,0.5587688813728277,0.5929005707841427,0.8293234213558416,1260,7.303022116657234,-7.716381567403965e-15,4.516776992557163e-09
224.29999999999154,-5.043699078032085e-06,-5.043699078032085e-06,0.555478386686605,0.5889381639786541,0.8315309747231588,1261,7.352512438124388,-7.973465825435116e-15,4.518791612089972e-09
224.39999999999154,-3.5187793144742413e-06,-3.5187793144742413e-06,0.5510088939033636,0.583572737022711,0.8344993701851379,1262,7.401349514292143,-8.153777781231898e-15,4.5208062316227805e-09
224.49999999999153,-1.9584913116435726e-06,-1.9584913116435726e-06,0.5480959112920896,0.5800860487066587,0.8364154900675226,1262,7.447749021709703,-8.255509846982405e-15,4.522820851155589e-09
224.59999999999152,-3.7842228373414097e-07,-3.7842228373414097e-07,0.5449866645412276,0.5763732096591999,0.8384447122334469,1263,7.490048787368119,-8.277636966804706e-15,4.524835470688398e-09
224.69999999999152,1.2056407683939891e-06,1.2056407683939891e-06,0.5408774726039097,0.5714800022428808,0.8411013967588016,1264,7.526764425984549,-8.21992698100763e-15,4.5268500902212064e-09
224.7999999999915,2.7778688043896907e-06,2.7778688043896907e-06,0.5379188722769556,0.5679664332357305,0.8429966114097306,1264,7.556635492459885,-8.082943268367202e-15,4.528864709754015e-09
224.8999999999915,4.322548933013661e-06,4.322548933013661e-06,0.5351160807846063,0.5646451508775996,0.8447785390773861,1265,7.578662098158614,-7.868039575130685e-15,4.530879329286824e-09
224.9999999999915,5.824241461160504e-06,5.824241461160504e-06,0.5314177101822742,0.5602732731798079,0.8471099204380907,1266,7.592132261780262,-7.577347025184543e-15,4.532893948819632e-09
225.0999999999915,7.2679342334686696e-06,7.2679342334686696e-06,0.5282624053021997,0.556552818261045,0.8490811687608756,1266,7.596640390167626,-7.213753400010995e-15,4.5349085683524416e-09
225.1999999999915,8.63919271955747e-06,8.63919271955747e-06,0.5258148902163812,0.5536728489548138,0.8505990249387398,1267,7.592097260323675,-6.780874871186499e-15,4.53692318788525e-09
225.29999999999148,9.924304348227569e-06,9.924304348227569e-06,0.5225263749290595,0.5498113312923726,0.8526231216097157,1268,7.578731749851921,-6.283020455627314e-15,4.538937807418058e-09
225.39999999999148,1.1110415645264416e-05,1.1110415645264416e-05,0.5190895136753135,0.545785360407585,0.8547198820621447,1268,7.5570843840233906,-5.7251495410019e-15,4.5409524269508675e-09
225.49999999999147,1.2185660803222302e-05,1.2185660803222302e-05,0.5170013273027403,0.5433440441394118,0.8559845954029808,1269,7.527992576183307,-5.11282289515736e-15,4.542967046483676e-09
225.59999999999147,1.3139280397024771e-05,1.3139280397024771e-05,0.5140955485106462,0.5399528481268505,0.8577329228854037,1270,7.492567277268198,-4.452147630642949e-15,4.544981666016484e-09
225.69999999999146,1.3961729057542678e-05,1.3961729057542678e-05,0.5104283159037805,0.5356828045918642,0.8599203069608431,1271,7.452160666293871,-3.749716646014071e-15,4.5469962855492934e-09
225.79999999999146,1.464477102552314e-05,1.464477102552314e-05,0.5357699048626188,0.5654192999147857,0.844364026379322,1254,7.408324557520609,-3.012543112133518e-15,4.549010905082102e-09
225.89999999999145,1.5181562629240539e-05,1.5181562629240539e-05,0.5596728916679934,0.5939910291830918,0.828713614182841,1254,7.362759423419868,-2.247990616200681e-15,4.551025524614911e-09
225.99999999999145,1.5566720859816988e-05,1.5566720859816988e-05,0.5782894115908348,0.6166303868896819,0.8158316961493505,1254,7.317254379820655,-1.463699620198311e-15,4.553040144147719e-09
226.09999999999144,1.5796377357009758e-05,1.5796377357009758e-05,0.5914422680761233,0.6328463136372711,0.8063473467017617,1254,7.273619172542196,-6.675109348654249e-16,4.555054763680528e-09
226.19999999999143,1.58682172640006e-05,1.58682172640006e-05,0.5989689275754981,0.642212890221428,0.8007722671265893,1254,7.2336101230983765,1.326130441978594e-16,4.557069383213337e-09
226.29999999999143,1.5781502560890452e-05,1.5781502560890452e-05,0.600716447987594,0.6443969698602324,0.799462162404931,1254,7.19885305250906,9.286685451700013e-16,4.559084002746145e-09
226.39999999999142,1.553707964169247e-05,1.553707964169247e-05,0.5965439838566634,0.6391880511558794,0.8025803855841612,1254,7.170767252298207,1.7126912341862097e-15,4.5610986222789545e-09
226.49999999999142,1.513737105707691e-05,1.513737105707691e-05,0.5930333066675954,0.6348208877858936,0.805177928897022,1255,7.15049539348109,2.47683675401006e-15,4.563113241811763e-09
226.5999999999914,1.4586351503379122e-05,1.4586351503379122e-05,0.5873216838964987,0.6277456478607026,0.8093535936937459,1256,7.138844617630531,3.2134600753869354e-15,4.565127861344571e-09
226.6999999999914,1.3889508295855315e-05,1.3889508295855315e-05,0.5848450705681415,0.6246890437028827,0.8111450199761727,1256,7.136243741839967,3.9151927389999365e-15,4.5671424808773804e-09
226.7999999999914,1.3053786719285241e-05,1.3053786719285241e-05,0.5806212522930263,0.6194915295426868,0.8141737906526333,1257,7.142720452694132,4.575017086015261e-15,4.569157100410189e-09
226.8999999999914,1.2087520800226019e-05,1.2087520800226019e-05,0.5760044121037506,0.6138323358478514,0.8174465837209258,1257,7.157900655906821,5.186336631983382e-15,4.571171719942997e-09
226.9999999999914,1.1000350191004424e-05,1.1000350191004424e-05,0.57319577508021,0.6104006121544122,0.8194184544115402,1258,7.1810300532775395,5.7430418311068365e-15,4.573186339475806e-09
227.09999999999138,9.80312399443903e-06,9.80312399443903e-06,0.5686996100412686,0.604924055418605,0.8225452896582103,1259,7.211015912160789,6.2395705946168065e-15,4.575200959008615e-09
227.19999999999138,8.507792488918193e-06,8.507792488918193e-06,0.5649381956944028,0.6003583494452986,0.8251332226044183,1259,7.24648525292168,6.670963049526275e-15,4.577215578541424e-09
227.29999999999137,7.127287834519088e-06,7.127287834519088e-06,0.5618544647910666,0.5966258578207867,0.8272360971296793,1260,7.285854579855148,7.0329101320440925e-15,4.579230198074232e-09
227.39999999999137,5.675394951124725e-06,5.675394951124725e-06,0.557437898122541,0.5912965343500831,0.8302186397189139,1261,7.327405922595165,7.321795689083715e-15,4.581244817607041e-09
227.49999999999136,4.166613857877009e-06,4.166613857877009e-06,0.5540687090214257,0.5872438422166344,0.8324709398431459,1261,7.369364266529391,7.534731808306936e-15,4.58325943713985e-09
227.59999999999135,2.6160148488092427e-06,2.6160148488092427e-06,0.5510383372740568,0.5836080201094641,0.834479928371104,1262,7.40997223905789,7.669587120053436e-15,4.585274056672658e-09
227.69999999999135,1.0390879512747618e-06,1.0390879512747618e-06,0.5469085027972086,0.5786670684146745,0.8371923850394936,1263,7.447558944883143,7.725007828355526e-15,4.5872886762054674e-09
227.79999999999134,-5.484118288894853e-07,-5.484118288894853e-07,0.5436211220881804,0.5747454088027597,0.8393307307727912,1263,7.480600890973692,7.700431248796559e-15,4.589303295738276e-09
227.89999999999134,-2.130621929229489e-06,-2.130621929229489e-06,0.540830570378043,0.5714242403749618,0.8411315557893192,1264,7.507773855566163,7.596091669473038e-15,4.591317915271084e-09
227.99999999999133,-3.691730746490388e-06,-3.691730746490388e-06,0.537083211126746,0.5669754480483615,0.8435292670238438,1265,7.527995252974457,7.413018411909691e-15,4.593332534803893e-09
228.09999999999133,-5.216135662177215e-06,-5.216135662177215e-06,0.5336787577088787,0.5629446459527251,0.8456872847396417,1265,7.540457005596759,7.153026048787219e-15,4.595347154336702e-09
228.19999999999132,-6.688598998364367e-06,-6.688598998364367e-06,0.5312160357254198,0.5600352174139298,0.847236403483803,1266,7.544649175705405,6.818696827540371e-15,4.59736177386951e-09
228.29999999999131,-8.094400344756062e-06,-8.094400344756062e-06,0.5278766560259298,0.5560985686531416,0.8493210441422502,1267,7.540374672812379,6.413355444450371e-15,4.599376393402319e-09
228.3999999999913,-9.419483734084015e-06,-9.419483734084015e-06,0.5242364589631355,0.5518182408225676,0.8515727421035696,1267,7.527755285185786,5.9410364050813014e-15,4.601391012935128e-09
228.4999999999913,-1.0650598194239409e-05,-1.0650598194239409e-05,0.5221286243132788,0.5493448956784025,0.852866753762112,1268,7.507229134093726,5.406444288853516e-15,4.603405632467937e-09
228.5999999999913,-1.1775430271563057e-05,-1.1775430271563057e-05,0.519183633801705,0.5458954821866684,0.8546627138189996,1269,7.4795394628799015,4.814907306479236e-15,4.605420252000745e-09
228.6999999999913,-1.278272719980202e-05,-1.278272719980202e-05,0.5154696337209023,0.5415556152381381,0.8569078461022742,1270,7.445714496909847,4.172324599777388e-15,4.607434871533554e-09
228.7999999999913,-1.3662409482584156e-05,-1.3662409482584156e-05,0.5134847410473993,0.5392408814972178,0.8580987243385725,1270,7.407037995027026,3.4851077863755146e-15,4.609449491066363e-09
228.89999999999128,-1.4405671762932373e-05,-1.4405671762932373e-05,0.5253277966167935,0.5531003025159154,0.8508999389480203,1254,7.3650101134848125,2.7601172996902814e-15,4.611464110599171e-09
228.99999999999127,-1.5005070970283239e-05,-1.5005070970283239e-05,0.5514197741840906,0.584065184498515,0.8342279260722255,1254,7.321298377115387,2.0045941196760812e-15,4.61347873013198e-09
229.09999999999127,-1.545460086252199e-05,-1.545460086252199e-05,0.5722964095898162,0.6093034673678548,0.8200468398638003,1254,7.277678952540208,1.2260875338564396e-15,4.615493349664789e-09
229.19999999999126,-1.5749752216429554e-05,-1.5749752216429554e-05,0.5877718576243519,0.6283019740972046,0.8090267260015694,1254,7.235969077904595,4.3237961229679166e-16,4.617507969197597e-09
229.29999999999126,-1.5887558063298967e-05,-1.5887558063298967e-05,0.5976784434594054,0.6406023101930494,0.8017359155132957,1254,7.19795241637566,-3.6859287475186495e-16,4.619522588730406e-09
229.39999999999125,-1.5866623515887352e-05,-1.5866623515887352e-05,0.601859133680303,0.645827056752707,0.7986022684701034,1254,7.165300197608831,-1.1688183215084924e-15,4.621537208263215e-09
229.49999999999125,-1.5687139886831266e-05,-1.5687139886831266e-05,0.6001664910887219,0.6437092388999923,0.7998751046096204,1254,7.139492146152994,-1.9602911118021554e-15,4.623551827796023e-09
229.59999999999124,-1.5350882955630645e-05,-1.5350882955630645e-05,0.5950156519673186,0.6372851231057601,0.8037141120534756,1255,7.121742148762832,-2.7350925383254632e-15,4.625566447328832e-09
229.69999999999123,-1.4861195399729656e-05,-1.4861195399729656e-05,0.5913002130107967,0.6326701539589942,0.8064515224695075,1255,7.112934125999194,-3.4854709128740033e-15,4.627581066861641e-09
229.79999999999123,-1.4222953563509052e-05,-1.4222953563509052e-05,0.5876674043532031,0.628172870361002,0.8091026028018751,1256,7.113573417817493,-4.203919944073346e-15,4.62959568639445e-09
229.89999999999122,-1.3442518895571e-05,-1.3442518895571e-05,0.5820344120012692,0.6212283038330605,0.813164155165694,1257,7.123758049314447,-4.883254465291995e-15,4.631610305927258e-09
229.99999999999122,-1.2527674537979425e-05,-1.2527674537979425e-05,0.5796953073993335,0.618354708488916,0.8148333268707119,1257,7.143172569683761,-5.516682636697098e-15,4.6336249254600666e-09
230.0999999999912,-1.1487547699583051e-05,-1.1487547699583051e-05,0.5755222034716906,0.613242562163623,0.8177861537780461,1258,7.171105004677897,-6.097873824167036e-15,4.635639544992876e-09
230.1999999999912,-1.0332518587710938e-05,-1.0332518587710938e-05,0.5709640646432956,0.6076796686117999,0.8209750525357068,1258,7.206485217183458,-6.6210214670777864e-15,4.637654164525684e-09
230.2999999999912,-9.074116806968808e-06,-9.074116806968808e-06,0.568202918324863,0.6043203341242621,0.8228884758016174,1259,7.247941045347626,-7.0809003706174086e-15,4.639668784058493e-09
230.3999999999912,-7.724906259234506e-06,-7.724906259234506e-06,0.5639180820756925,0.5991225702067575,0.8258307312688675,1260,7.293867302022928,-7.472917975433354e-15,4.641683403591302e-09
230.4999999999912,-6.298359693998297e-06,-6.298359693998297e-06,0.5599886956887027,0.5943721556316693,0.8285002478580592,1260,7.342502215313419,-7.793159250164326e-15,4.64369802312411e-09
230.59999999999118,-4.8087241617669656e-06,-4.8087241617669656e-06,0.5571076455080582,0.5908987975184068,0.8304402876284771,1261,7.392006118821753,-8.038424912433662e-15,4.645712642656919e-09
230.69999999999118,-3.2708787143134873e-06,-3.2708787143134873e-06,0.5529997398433188,0.5859602982387739,0.8331814254609986,1262,7.440537970602398,-8.206262714899306e-15,4.647727262189728e-09
230.79999999999117,-1.7001857731946238e-06,-1.7001857731946238e-06,0.5493124506181424,0.5815412107230612,0.8356170364442619,1262,7.4863263390445125,-8.294991548013671e-15,4.649741881722536e-09
230.89999999999117,-1.123376513995719e-07,-1.123376513995719e-07,0.5465730250805645,0.5782664032470285,0.8374114450222666,1263,7.527732604037909,-8.303718126689048e-15,4.651756501255345e-09
230.99999999999116,1.4768002384018816e-06,1.4768002384018816e-06,0.5427958541498776,0.573762476295425,0.8398646680970124,1264,7.563305108113876,-8.232346057864533e-15,4.6537711207881536e-09
231.09999999999116,3.0513479222609203e-06,3.0513479222609203e-06,0.5390954248281038,0.5693627345925696,0.8422446930253739,1264,7.59182375820877,-8.081577137307967e-15,4.655785740320963e-09
231.19999999999115,4.5955695656251325e-06,4.5955695656251325e-06,0.5366361769187351,0.5664455804424051,0.8438137315913057,1265,7.6123350957139735,-7.85290479681664e-15,4.657800359853771e-09
231.29999999999114,6.094030750122097e-06,6.094030750122097e-06,0.5332513529388546,0.5624393331014284,0.8459568514935506,1266,7.624178138245635,-7.548599711534842e-15,4.6598149793865795e-09
231.39999999999114,7.531752754350282e-06,7.531752754350282e-06,0.5293783021492452,0.5578675968690041,0.8483858869721858,1266,7.627001392795729,-7.171687672747828e-15,4.661829598919389e-09
231.49999999999113,8.89436229635706e-06,8.89436229635706e-06,0.527257547253393,0.5553697881190939,0.8497055247933463,1267,7.620771395932215,-6.725919925702268e-15,4.663844218452197e-09
231.59999999999113,1.0168235240684156e-05,1.0168235240684156e-05,0.5242716381209189,0.5518595521555776,0.8515510844699854,1268,7.6057730006064235,-6.215736258465899e-15,4.6658588379850055e-09
231.69999999999112,1.1340632833030844e-05,1.1340632833030844e-05,0.5205035696386782,0.5474406017865316,0.8538594931213178,1269,7.582601445352785,-5.646221203516896e-15,4.667873457517815e-09
231.79999999999112,1.2399829100125009e-05,1.2399829100125009e-05,0.5183629049129743,0.5449354663186698,0.855160744427726,1269,7.552146052641179,-5.023053778575883e-15,4.669888077050623e-09
231.8999999999911,1.3335228140557847e-05,1.3335228140557847e-05,0.5157536784908684,0.5418871247477606,0.8567369159334375,1270,7.515565252444326,-4.352451249073491e-15,4.671902696583432e-09
231.9999999999911,1.4137470133249924e-05,1.4137470133249924e-05,0.5138773973166803,0.5396985328666911,0.8578636374896856,1254,7.474252562105687,-3.64110744428597e-15,4.673917316116241e-09
232.0999999999911,1.4798525002866938e-05,1.4798525002866938e-05,0.5421228500423321,0.5729613591333902,0.8402992416169249,1254,7.429793225728875,-2.896126205131706e-15,4.675931935649049e-09
232.1999999999911,1.5311772804767912e-05,1.5311772804767912e-05,0.5652299586893477,0.6007119872804245,0.8249333874926135,1254,7.383911476897521,-2.124950585888199e-15,4.677946555181858e-09
232.2999999999911,1.567207002471572e-05,1.567207002471572e-05,0.5830023644428874,0.6224191647068944,0.8124704567268909,1254,7.338408879111688,-1.3352884760598837e-15,4.6799611747146665e-09
232.39999999999108,1.5875801129284754e-05,1.5875801129284754e-05,0.5952661151226095,0.6375967912158633,0.8035286256175546,1254,7.295094934714525,-5.350353532727281e-16,4.681975794247476e-09
232.49999999999108,1.5920914850257443e-05,1.5920914850257443e-05,0.6018601941534633,0.6458283846649016,0.7986014692533163,1254,7.255712105208135,2.678050760411991e-16,4.683990413780284e-09
232.59999999999107,1.5806944838837812e-05,1.5806944838837812e-05,0.602632329473693,0.6467955967102411,0.7980189693692188,1254,7.221858458957625,1.0652015444754639e-15,4.6860050333130925e-09
232.69999999999106,1.5535014481702332e-05,1.5535014481702332e-05,0.5974429414030966,0.6403086021578361,0.801911423891452,1254,7.194912189216796,1.849176350088581e-15,4.688019652845902e-09
232.79999999999106,1.5107825829194643e-05,1.5107825829194643e-05,0.5945678381435405,0.636728057456473,0.804045450111694,1255,7.1759630014556,2.6118860503587367e-15,4.69003427237871e-09
232.89999999999105,1.4529632744769433e-05,1.4529632744769433e-05,0.5894029450199728,0.6303195648188533,0.8078391971189458,1256,7.165755616289403,3.3457008038602046e-15,4.692048891911518e-09
232.99999999999105,1.3806198542514604e-05,1.3806198542514604e-05,0.5860039110706813,0.6261184284973887,0.8103082229681895,1256,7.164650191440271,4.043281433563168e-15,4.694063511444328e-09
233.09999999999104,1.294473853465283e-05,1.294473853465283e-05,0.5823098402333302,0.6215670566307704,0.8129669427273372,1257,7.172603281800948,4.6976533115788415e-15,4.696078130977136e-09
233.19999999999104,1.195384806179358e-05,1.195384806179358e-05,0.5768194220906542,0.6148297057403064,0.8168716877815044,1258,7.1891711556256475,5.3022762288993976e-15,4.698092750509945e-09
233.29999999999103,1.0843416723865843e-05,1.0843416723865843e-05,0.5744878262817222,0.6119782738210653,0.8185131260121011,1258,7.213535157819063,5.851109512412811e-15,4.7001073700427535e-09
233.39999999999102,9.624529667658886e-06,9.624529667658886e-06,0.5704403815346599,0.607041930553666,0.8213390110755677,1259,7.244546742236865,6.338671772418754e-15,4.702121989575562e-09
233.49999999999102,8.309356916352792e-06,8.309356916352792e-06,0.5658259658683674,0.6014346575423726,0.8245246972341879,1259,7.280788150686671,6.760094787086674e-15,4.704136609108371e-09
233.599999999991,6.91103184603796e-06,6.91103184603796e-06,0.563188620206922,0.598239529560118,0.826328371816812,1260,7.3206437430153875,7.111171135465201e-15,4.7061512286411795e-09
233.699999999991,5.443520022805897e-06,5.443520022805897e-06,0.5591643415791131,0.5933774942120217,0.8290568370783736,1261,7.362376750162749,7.388395264716386e-15,4.708165848173989e-09
233.799999999991,3.92147971045665e-06,3.92147971045665e-06,0.5549901141624674,0.5883510820298341,0.8318569427383121,1261,7.40420663270323,7.5889977189741e-15,4.710180467706797e-09
233.899999999991,2.3601154422451804e-06,2.3601154422451804e-06,0.5523571251615503,0.5851892172611854,0.8336075853081397,1262,7.444383074563313,7.71097227652305e-15,4.712195087239605e-09
233.999999999991,7.750261195455544e-07,7.750261195455544e-07,0.5485815665079103,0.5806667979598249,0.8360970427454741,1263,7.481253686093633,7.753095754894121e-15,4.714209706772415e-09
234.09999999999098,-8.179508448478748e-07,-8.179508448478748e-07,0.5445265699178451,0.5758245597426351,0.8387435929135353,1263,7.513323524415628,7.714940265668077e-15,4.716224326305223e-09
234.19999999999098,-2.4028977813883733e-06,-2.4028977813883733e-06,0.5420998959883652,0.5729340428506037,0.8403140500844929,1264,7.53930541970301,7.596877742624366e-15,4.718238945838031e-09
234.29999999999097,-3.963975834908975e-06,-3.963975834908975e-06,0.5386821009660744,0.5688720707888529,0.842509106240862,1265,7.558160753024722,7.400076631300369e-15,4.7202535653708405e-09
234.39999999999097,-5.485583262409188e-06,-5.485583262409188e-06,0.5345383826995189,0.5639614532747412,0.8451441991879153,1265,7.569130751690159,7.12649071128421e-15,4.722268184903649e-09
234.49999999999096,-6.95251137527236e-06,-6.95251137527236e-06,0.5324173634148843,0.5614537855727109,0.846481985120973,1266,7.571758575943525,6.778840116734271e-15,4.724282804436458e-09
234.59999999999096,-8.350096567091852e-06,-8.350096567091852e-06,0.5293921709816336,0.5578839442686213,0.8483772329001721,1267,7.565902508764839,6.360584716702111e-15,4.7262974239692665e-09
234.69999999999095,-9.664366907269916e-06,-9.664366907269916e-06,0.5255638796870097,0.5533777773229144,0.8507541409645553,1268,7.551740476295386,5.875890107355193e-15,4.728312043502075e-09
234.79999999999094,-1.0882181834734363e-05,-1.0882181834734363e-05,0.523253441400954,0.550664295073133,0.8521771154296849,1268,7.52976596738703,5.3295865486927405e-15,4.730326663034884e-09
234.89999999999094,-1.1991363554954512e-05,-1.1991363554954512e-05,0.5206135568399362,0.5475694186715248,0.8537924363886521,1269,7.500775233219994,4.727121247604561e-15,4.7323412825676924e-09
234.99999999999093,-1.298081882624263e-05,-1.298081882624263e-05,0.5171866315515792,0.5435605391175076,0.855872647152794,1270,7.46584547918953,4.074504448404676e-15,4.734355902100502e-09
235.09999999999093,-1.3840649917273729e-05,-1.3840649917273729e-05,0.514530682227592,0.5404602320665237,0.8574719686651038,1270,7.4263036624771654,3.378249843823431e-15,4.73637052163331e-09
235.19999999999092,-1.4562253625887143e-05,-1.4562253625887143e-05,0.5317707293764021,0.5606900613117135,0.8468883582730897,1254,7.383685535775803,2.6453098665991327e-15,4.738385141166118e-09
235.29999999999092,-1.5138407368468012e-05,-1.5138407368468012e-05,0.5570754639313203,0.590860045594978,0.8304618759977511,1254,7.339684788140099,1.8830064665370928e-15,4.7403997606989276e-09
235.3999999999909,-1.5563341478354602e-05,-1.5563341478354602e-05,0.5771166776898962,0.6151936476067947,0.8166617049502055,1254,7.296092578428771,1.0989580218379672e-15,4.742414380231736e-09
235.4999999999909,-1.583279698948828e-05,-1.583279698948828e-05,0.5917125935620695,0.6331816018186539,0.8061489977789771,1254,7.254728463142634,3.010030777768553e-16,4.744428999764544e-09
235.5999999999909,-1.594406832654041e-05,-1.594406832654041e-05,0.6006977003299657,0.6443735197292043,0.7994762490645302,1254,7.21736467253588,-5.028783487989928e-16,4.7464436192973535e-09
235.6999999999909,-1.589603047356544e-05,-1.589603047356544e-05,0.6039158944209344,0.6484050145658841,0.7970480490320284,1254,7.1856468048094255,-1.3046451139850765e-15,4.748458238830162e-09
235.7999999999909,-1.568915034833499e-05,-1.568915034833499e-05,0.6012206808193349,0.6450278344946512,0.7990830325786773,1254,7.161015127688321,-2.096276108140658e-15,4.750472858362971e-09
235.89999999999088,-1.532548226735354e-05,-1.532548226735354e-05,0.5966837041849155,0.6393621513112651,0.8024765150209495,1255,7.1446315701871805,-2.8698513575764123e-15,4.7524874778957794e-09
235.99999999999088,-1.480864754556495e-05,-1.480864754556495e-05,0.5919959094687905,0.6335330907676553,0.8059409675480081,1255,7.137317896814066,-3.617632154908171e-15,4.754502097428588e-09
236.09999999999087,-1.4143798433340966e-05,-1.4143798433340966e-05,0.5889566761085162,0.6297672531241765,0.8081646080268601,1256,7.1395102661682435,-4.3321392892431664e-15,4.756516716961397e-09
236.19999999999087,-1.3337566749912749e-05,-1.3337566749912749e-05,0.5838352852561717,0.6234447128218745,0.8118721325983819,1257,7.151234294598261,-5.006228458764303e-15,4.758531336494205e-09
236.29999999999086,-1.2397997725399391e-05,-1.2397997725399391e-05,0.5806023965705148,0.6194683704002252,0.8141872371245908,1257,7.172102965913803,-5.63316199621864e-15,4.7605459560270146e-09
236.39999999999085,-1.1334469711473074e-05,-1.1334469711473074e-05,0.5769280147688564,0.6149626492337481,0.8167949961739888,1258,7.201337529535763,-6.206676123429635e-15,4.762560575559823e-09
236.49999999999085,-1.0157600562001037e-05,-1.0157600562001037e-05,0.5716442615183047,0.6085084307443006,0.820501577252105,1259,7.237809311731675,-6.7210430654804544e-15,4.764575195092631e-09
236.59999999999084,-8.879141618306004e-06,-8.879141618306004e-06,0.5692086075520696,0.6055429957741868,0.8221931409885599,1259,7.280098532460956,-7.171127480882715e-15,4.7665898146254405e-09
236.69999999999084,-7.511860357656814e-06,-7.511860357656814e-06,0.5653539280747321,0.6008622730741889,0.8248484321440338,1260,7.3265650659568715,-7.552436779502959e-15,4.768604434158249e-09
236.79999999999083,-6.069412876999084e-06,-6.069412876999084e-06,0.5605866761578046,0.5950940944052772,0.8280957544356479,1260,7.37542571442284,-7.86116498821396e-15,4.770619053691057e-09
236.89999999999083,-4.566207485627728e-06,-4.566207485627728e-06,0.5581369651242423,0.592138800203216,0.829748834384177,1261,7.424832902807636,-8.094229878731702e-15,4.7726336732238664e-09
236.99999999999082,-3.017260769471545e-06,-3.017260769471545e-06,0.5544117679165755,0.5876559959008654,0.8322425076836782,1262,7.472950540844649,-8.249303098661644e-15,4.774648292756675e-09
237.0999999999908,-1.4380475650145053e-06,-1.4380475650145053e-06,0.5499289789831031,0.5822792019084094,0.835211421183045,1262,7.518023881597476,-8.324833059836566e-15,4.776662912289484e-09
237.1999999999908,1.5565365813565236e-07,1.5565365813565236e-07,0.5475793851488336,0.5794686262506575,0.836753737344522,1263,7.5584413044114065,-8.320060354333236e-15,4.778677531822292e-09
237.2999999999908,1.7479184610138187e-06,1.7479184610138187e-06,0.544153050950185,0.5753792925555503,0.83898596957375,1264,7.592786903135172,-8.235025501232904e-15,4.780692151355101e-09
237.3999999999908,3.3228355698143946e-06,3.3228355698143946e-06,0.5398216304673751,0.5702251991911567,0.8417794291140315,1265,7.619883484145246,-8.07056888235254e-15,4.78270677088791e-09
237.4999999999908,4.864665890754116e-06,4.864665890754116e-06,0.5375923081691159,0.5675790962528554,0.843204904040176,1265,7.638826054132231,-7.828322801589246e-15,4.784721390420718e-09
237.59999999999079,6.357999815952513e-06,6.357999815952513e-06,0.5345376817891427,0.5639606239367501,0.8451446425006132,1266,7.649006128007189,-7.510695693551798e-15,4.7867360099535275e-09
237.69999999999078,7.78791124796454e-06,7.78791124796454e-06,0.5306489222723413,0.5593659891605721,0.8475917185126355,1267,7.650127256525113,-7.120848603809082e-15,4.788750629486336e-09
237.79999999999077,9.140106803281118e-06,9.140106803281118e-06,0.5281489974928641,0.5564192584764031,0.8491517158007058,1267,7.642212110748357,-6.6626641569239585e-15,4.790765249019144e-09
237.89999999999077,1.0401068703187254e-05,1.0401068703187254e-05,0.5254804664909438,0.5532797341090183,0.8508056648474198,1268,7.625601313738631,-6.140708313615168e-15,4.7927798685519534e-09
237.99999999999076,1.1558189923354699e-05,1.1558189923354699e-05,0.5220092685616444,0.5492049551320253,0.8529398123758423,1269,7.6009440227843434,-5.560185292369935e-15,4.794794488084762e-09
238.09999999999076,1.2599900250818295e-05,1.2599900250818295e-05,0.5191833797974376,0.5458951849884399,0.854662868119418,1269,7.569180080467853,-4.926886094006562e-15,4.79680910761757e-09
238.19999999999075,1.351578198777068e-05,1.351578198777068e-05,0.5168839181343781,0.5432068871082769,0.8560554977184911,1270,7.531513414134852,-4.247131122248365e-15,4.798823727150379e-09
238.29999999999075,1.4296674145002524e-05,1.4296674145002524e-05,0.5204015167229694,0.5473210865742901,0.8539216951175518,1254,7.489376319099119,-3.5277074421162594e-15,4.800838346683188e-09
238.39999999999074,1.4934764082782229e-05,1.4934764082782229e-05,0.5478670916158933,0.5798125014382535,0.8365653889113166,1254,7.44438436305349,-2.7758012634018866e-15,4.802852966215997e-09
238.49999999999073,1.542366568236168e-05,1.542366568236168e-05,0.57014590215308,0.6066834394451295,0.8215434560983677,1254,7.398281948124724,-1.998926280551502e-15,4.804867585748805e-09
238.59999999999073,1.5758483265860283e-05,1.5758483265860283e-05,0.5870464924962326,0.6274056759792749,0.8095532197748773,1254,7.35287910101834,-1.2048485443043173e-15,4.806882205281614e-09
238.69999999999072,1.5935860624674125e-05,1.5935860624674125e-05,0.5983978032492628,0.641499863387227,0.8011991444494038,1254,7.309980839845896,-4.0150858530893277e-16,4.808896824814423e-09
238.79999999999072,1.5954014665357125e-05,1.5954014665357125e-05,0.6040401702416511,0.6485609438892955,0.7969538711459008,1254,7.27131144808375,4.0305844381193354e-16,4.810911444347231e-09
238.8999999999907,1.581275333564008e-05,1.581275333564008e-05,0.603822176287263,0.6482874382670921,0.7971190497182422,1254,7.238437064173155,1.2008037942342052e-15,4.81292606388004e-09
238.9999999999907,1.5513477650354923e-05,1.5513477650354923e-05,0.5976714831367266,0.6405936286558737,0.8017411042507087,1255,7.212690990498911,1.983746454696526e-15,4.814940683412849e-09
239.0999999999907,1.5059167795945364e-05,1.5059167795945364e-05,0.5953908376100336,0.6377520186160821,0.8034362143257064,1255,7.195106807071872,2.7440538932446904e-15,4.816955302945657e-09
239.1999999999907,1.4454353451382516e-05,1.4454353451382516e-05,0.5907992642719978,0.632049118807678,0.8068185851451776,1256,7.186364510185869,3.474121280806454e-15,4.818969922478466e-09
239.2999999999907,1.3705068621075031e-05,1.3705068621075031e-05,0.5864615809810481,0.6266833535845164,0.8099770453742561,1256,7.186754321465533,4.166648268639743e-15,4.820984542011275e-09
239.39999999999068,1.2818791430189767e-05,1.2818791430189767e-05,0.5833214680146908,0.622811977216551,0.8122413834280953,1257,7.196161505916239,4.81471242385885e-15,4.822999161544083e-09
239.49999999999068,1.1804369483133578e-05,1.1804369483133578e-05,0.578311545815343,0.6166575180215739,0.8158160062027886,1258,7.2140736552664135,5.411838497943977e-15,4.825013781076892e-09
239.59999999999067,1.0671931530286437e-05,1.0671931530286437e-05,0.5751081138476071,0.6127362979212104,0.8180774152772143,1258,7.239609748514332,5.952062807884171e-15,4.827028400609701e-09
239.69999999999067,9.432786324977164e-06,9.432786324977164e-06,0.5715330786316302,0.6083729311397149,0.8205790272910043,1259,7.271568284005558,6.4299921338461235e-15,4.82904302014251e-09
239.79999999999066,8.099309680786865e-06,8.099309680786865e-06,0.5665097018587303,0.6022641423691588,0.8240550695796566,1260,7.308490238298454,6.840856660068786e-15,4.831057639675318e-09
239.89999999999065,6.684820857270712e-06,6.684820857270712e-06,0.5638765038729934,0.5990722239475934,0.8258591213881277,1260,7.348731763688255,7.180556587094357e-15,4.833072259208127e-09
239.99999999999065,5.203449508925405e-06,5.203449508925405e-06,0.5602667625469231,0.5947078204807432,0.8283122326666374,1261,7.390541426760209,7.445702112010125e-15,4.835086878740936e-09
240.09999999999064,3.669994526630188e-06,3.669994526630188e-06,0.555496831267244,0.5889603456145232,0.8315186530992862,1262,7.432137293092619,7.63364650997467e-15,4.837101498273744e-09
240.19999999999064,2.099776181909025e-06,2.099776181909025e-06,0.5530513384849524,0.5860222291707275,0.833147176073953,1262,7.47178006079052,7.74251206657044e-15,4.8391161178065526e-09
240.29999999999063,5.084830513886814e-07,5.084830513886814e-07,0.5496504199038491,0.5819457192735122,0.8353947665023539,1263,7.507839500596581,7.771208623206345e-15,4.841130737339362e-09
240.39999999999063,-1.0879847489086308e-06,-1.0879847489086308e-06,0.5452687545957491,0.576709690893228,0.8382612869872977,1264,7.5388524749375705,7.719444522235857e-15,4.84314535687217e-09
240.49999999999062,-2.6736744528224207e-06,-2.6736744528224207e-06,0.5427629137756993,0.5737232557424482,0.8398859562045986,1264,7.563571653036954,7.587729783957454e-15,4.845159976404979e-09
240.59999999999062,-4.232740068925461e-06,-4.232740068925461e-06,0.539693170019802,0.5700726008281943,0.8418617952098653,1265,7.58100465479042,7.377371415906499e-15,4.847174595937788e-09
240.6999999999906,-5.74960074762599e-06,-5.74960074762599e-06,0.535745286134751,0.5653901436511642,0.8443796470690147,1266,7.590443737498445,7.090460841059172e-15,4.849189215470596e-09
240.7999999999906,-7.209096507595276e-06,-7.209096507595276e-06,0.533027889927824,0.5621752009392726,0.8460976708153093,1266,7.5914863152867005,6.72985352727429e-15,4.851203835003405e-09
240.8999999999906,-8.596639764916791e-06,-8.596639764916791e-06,0.5303337483376639,0.558994186018511,0.8477889568602103,1267,7.584046615077296,6.299140996450162e-15,4.853218454536214e-09
240.9999999999906,-9.898361150215715e-06,-9.898361150215715e-06,0.5268132553177582,0.5548469953515655,0.8499810550956454,1268,7.5683586732234565,5.802615481333706e-15,4.855233074069023e-09
241.0999999999906,-1.1101248156033565e-05,-1.1101248156033565e-05,0.5238009602970645,0.551306916150063,0.8518406858044953,1268,7.544970710449064,5.245227576752929e-15,4.857247693601831e-09
241.19999999999058,-1.2193275228293174e-05,-1.2193275228293174e-05,0.5214817603269132,0.5485866131735309,0.8532624295293587,1269,7.514730735770569,4.632537299546265e-15,4.8592623131346396e-09
241.29999999999058,-1.3163524001139679e-05,-1.3163524001139679e-05,0.5183565553933631,0.5449280413925794,0.8551645932104107,1270,7.478763070483978,3.970659029251238e-15,4.861276932667449e-09
241.39999999999057,-1.4002292472889885e-05,-1.4002292472889885e-05,0.5150115052731249,0.5410210713810963,0.8571832647901556,1270,7.438435403089406,3.2662008523941845e-15,4.863291552200257e-09
241.49999999999056,-1.4701192031292501e-05,-1.4701192031292501e-05,0.5376196940432241,0.567611574903685,0.8431874433225807,1254,7.395316041720836,2.52619887972451e-15,4.8653061717330655e-09
241.59999999999056,-1.5253231357691136e-05,-1.5253231357691136e-05,0.5621027441272404,0.5969260195901888,0.8270674126361321,1254,7.35112127935548,1.7580471501507323e-15,4.867320791265875e-09
241.69999999999055,-1.565288637077818e-05,-1.565288637077818e-05,0.5812790945720772,0.62029975009102,0.8137042547593482,1254,7.307653276511908,9.694237790154036e-16,4.869335410798683e-09
241.79999999999055,-1.5896155510120675e-05,-1.5896155510120675e-05,0.5949706567625094,0.6372291401738419,0.8037474215147369,1254,7.2667296178742715,1.682140527747462e-16,4.871350030331492e-09
241.89999999999054,-1.598059980613491e-05,-1.598059980613491e-05,0.6030138333741074,0.6472737467527203,0.797730729481737,1254,7.230106686944305,-6.375687821661675e-16,4.873364649864301e-09
241.99999999999054,-1.5905367335221e-05,-1.5905367335221e-05,0.605253497881774,0.650084280442981,0.7960327903433863,1254,7.199400131217226,-1.4398642416844799e-15,4.875379269397109e-09
242.09999999999053,-1.567120181482248e-05,-1.567120181482248e-05,0.601544585031629,0.645433241210416,0.7988392280172057,1254,7.176006785816646,-2.2306459953410506e-15,4.877393888929918e-09
242.19999999999052,-1.528043525168901e-05,-1.528043525168901e-05,0.5976472770796337,0.6405634371332349,0.8017591484974148,1255,7.161033248073279,-3.0020030414595348e-15,4.879408508462727e-09
242.29999999999052,-1.4736964716008805e-05,-1.4736964716008805e-05,0.5919749333978884,0.6335070642083346,0.805956374891697,1255,7.155236593499442,-3.746219747082056e-15,4.881423127995536e-09
242.3999999999905,-1.40462134727474e-05,-1.40462134727474e-05,0.5895519446513385,0.6305040194225887,0.8077304652901394,1256,7.158982296039279,-4.455853820645224e-15,4.883437747528344e-09
242.4999999999905,-1.32150768578953e-05,-1.32150768578953e-05,0.5849669551998801,0.6248393142863929,0.8110571258081526,1257,7.172223200617682,-5.123811302285118e-15,4.8854523670611525e-09
242.5999999999905,-1.2251853439825283e-05,-1.2251853439825283e-05,0.5808221438009944,0.6197382940420072,0.814030489152843,1257,7.194501520762719,-5.743417711475122e-15,4.887466986593962e-09
242.6999999999905,-1.1166162153066437e-05,-1.1166162153066437e-05,0.5776691402491968,0.6158702983133634,0.8162710116154768,1258,7.22497360485146,-6.3084845838726305e-15,4.88948160612677e-09
242.7999999999905,-9.968846232045109e-06,-9.968846232045109e-06,0.5728410910981249,0.6099678292323779,0.8196664470072628,1259,7.2624550400361505,-6.8133707482115336e-15,4.8914962256595785e-09
242.89999999999048,-8.671864904321152e-06,-8.671864904321152e-06,0.569551624923637,0.6059602540986745,0.821955562391815,1259,7.305481934969283,-7.25303782068558e-15,4.893510845192388e-09
242.99999999999048,-7.28817392524096e-06,-7.28817392524096e-06,0.5661485936394614,0.6018259994974627,0.8243032026627459,1260,7.35238320377094,-7.623099507004468e-15,4.895525464725196e-09
243.09999999999047,-5.831596147513191e-06,-5.831596147513191e-06,0.5614303729530904,0.5961132858356025,0.8275239793055871,1261,7.401358437868432,-7.919864385325931e-15,4.897540084258005e-09
243.19999999999047,-4.316683418872642e-06,-4.316683418872642e-06,0.5585236783875448,0.5926049339264113,0.8294885777878116,1261,7.4505563936497765,-8.14037189219082e-15,4.899554703790814e-09
243.29999999999046,-2.7585711877357366e-06,-2.7585711877357366e-06,0.5552006466490861,0.5886041907742622,0.8317164432427897,1262,7.49815002100171,-8.282421256163902e-15,4.901569323323622e-09
243.39999999999046,-1.1728272696999215e-06,-1.1728272696999215e-06,0.5507972998782195,0.5833192002013652,0.8346390444059413,1263,7.542405056487815,-8.344593135668594e-15,4.903583942856431e-09
243.49999999999045,4.2470371383114627e-07,4.2470371383114627e-07,0.5479585964928425,0.5799218869758495,0.8365054551702542,1263,7.581740286105778,-8.32626373525967e-15,4.9055985623892395e-09
243.59999999999044,2.0180586702888226e-06,2.0180586702888226e-06,0.5449002667516033,0.5762701678064873,0.8385008642178203,1264,7.614778498761981,-8.227611210564507e-15,4.907613181922049e-09
243.69999999999044,3.591315561451152e-06,3.591315561451152e-06,0.540903268779261,0.5715106720644263,0.8410848077476555,1265,7.640387831813988,-8.049614231201621e-15,4.909627801454857e-09
243.79999999999043,5.128752525456909e-06,5.128752525456909e-06,0.5379326687470263,0.5679827993063943,0.8429878076785583,1265,7.657713644204669,-7.794042650763209e-15,4.9116424209876655e-09
243.89999999999043,6.61500500491831e-06,6.61500500491831e-06,0.5352232942737806,0.564772069110475,0.8447106162862653,1266,7.66620126887606,-7.463440326049887e-15,4.913657040520475e-09
243.99999999999042,8.035219310590567e-06,8.035219310590567e-06,0.5316530416286719,0.5605511024833968,0.8469622443338202,1267,7.665610039840411,-7.061100224945261e-15,4.915671660053283e-09
244.09999999999042,9.375201085618127e-06,9.375201085618127e-06,0.5284328486543658,0.5567535693839498,0.8489751023811194,1267,7.656018909816216,-6.591032055404458e-15,4.917686279586091e-09
244.1999999999904,1.0621557186283795e-05,1.0621557186283795e-05,0.526095037994819,0.5540022360098792,0.8504257821804498,1268,7.63782381844675,-6.057922731644161e-15,4.919700899118901e-09
244.2999999999904,1.1761829560930175e-05,1.1761829560930175e-05,0.5229329840507226,0.5502882929911346,0.8523737995690662,1269,7.611726782229707,-5.46709006578139e-15,4.921715518651709e-09
244.3999999999904,1.2784619788645845e-05,1.2784619788645845e-05,0.5194022143059966,0.546151252662269,0.8545298940201141,1269,7.578716497915409,-4.824430134687702e-15,4.923730138184518e-09
244.4999999999904,1.3679703032613732e-05,1.3679703032613732e-05,0.5174246312842002,0.543838640931192,0.8557287835175403,1270,7.540040126088115,-4.136358825127963e-15,4.9257447577173265e-09
244.5999999999904,1.4438130268773383e-05,1.4438130268773383e-05,0.5263203555337316,0.5542672044696624,0.8502863537366964,1254,7.497165899956599,-3.40974810817892e-15,4.927759377250135e-09
244.69999999999038,1.5052317767596237e-05,1.5052317767596237e-05,0.5529701318611492,0.5859247626013818,0.8332010761331645,1254,7.451736338112771,-2.651857638936643e-15,4.929773996782944e-09
244.79999999999038,1.551612293414246e-05,1.551612293414246e-05,0.574389985746338,0.611858744361402,0.8185817883842283,1254,7.405512178311145,-1.870262321437529e-15,4.9317886163157525e-09
244.89999999999037,1.5824905747887048e-05,1.5824905747887048e-05,0.5903929758456486,0.6315456430935705,0.8071159359547545,1254,7.3603077264406584,-1.0727765227928065e-15,4.933803235848561e-09
244.99999999999037,1.597557518770884e-05,1.597557518770884e-05,0.6008106259380558,0.6445147767104079,0.7993913883448592,1254,7.3179191324805295,-2.673756656456222e-16,4.93581785538137e-09
245.09999999999036,1.5966620177491338e-05,1.5966620177491338e-05,0.6054845624376975,0.6503745826339856,0.7958570503863304,1254,7.280048112048948,5.378840253888614e-16,4.9378324749141784e-09
245.19999999999035,1.5798124742488014e-05,1.5798124742488014e-05,0.6042645652757966,0.6488425398439752,0.7967837442820056,1254,7.248224707924264,1.3349468002211237e-15,4.939847094446988e-09
245.29999999999035,1.5471767224411814e-05,1.5471767224411814e-05,0.5987358630900929,0.6419218722448018,0.8009465439402068,1255,7.223733640613506,2.1158388138602012e-15,4.941861713979796e-09
245.39999999999034,1.4990803562540834e-05,1.4990803562540834e-05,0.5954842592133052,0.6378683011872999,0.8033669753164995,1255,7.207549395715747,2.872748803469697e-15,4.943876333512604e-09
245.49999999999034,1.4360034807396973e-05,1.4360034807396973e-05,0.5914934256136919,0.6329097586627553,0.806309821009133,1256,7.200285212976506,3.5981070812675616e-15,4.9458909530454136e-09
245.59999999999033,1.3585759191160189e-05,1.3585759191160189e-05,0.5862031364211866,0.6263643140279486,0.8101641085915642,1256,7.2021604352098825,4.284661915836015e-15,4.947905572578222e-09
245.69999999999033,1.2675709233351528e-05,1.2675709233351528e-05,0.5836420518438202,0.6232067235221791,0.812011056155971,1257,7.212989252858242,4.9255524131075165e-15,4.949920192111031e-09
245.79999999999032,1.1638974509910865e-05,1.1638974509910865e-05,0.5791394997091298,0.6176727617386968,0.8152284587013992,1258,7.232191928929816,5.5143770858362e-15,4.9519348116438395e-09
245.8999999999903,1.0485910857114023e-05,1.0485910857114023e-05,0.5750455506087849,0.6126598240374124,0.8181213936360785,1258,7.258827442494133,6.0452574104766625e-15,4.953949431176648e-09
245.9999999999903,9.228036917386442e-06,9.228036917386442e-06,0.5719679724719985,0.6089030131219818,0.820275952631961,1259,7.291644536350968,6.51289579688817e-15,4.955964050709457e-09
246.0999999999903,7.87791906062037e-06,7.87791906062037e-06,0.5673832718615764,0.6033246160541524,0.823453837693196,1260,7.329146729001121,6.912627517567581e-15,4.9579786702422654e-09
246.1999999999903,6.449045830824732e-06,6.449045830824732e-06,0.5639109761671034,0.5991139656738377,0.8258355834899974,1260,7.3696661393271405,7.240466239960332e-15,4.959993289775074e-09
246.2999999999903,4.955693172669057e-06,4.955693172669057e-06,0.5607393348661311,0.5952784550123896,0.8279923902632734,1261,7.411440981717445,7.493142868215755e-15,4.962007909307883e-09
246.39999999999029,3.4127817846779946e-06,3.4127817846779946e-06,0.5563598264560622,0.5899985601184597,0.8309414801932687,1262,7.452692176454623,7.668137432554626e-15,4.964022528840691e-09
246.49999999999028,1.8357280245686688e-06,1.8357280245686688e-06,0.5531169971781247,0.5861010392689138,0.8331035874563585,1262,7.491695459521203,7.763703778345852e-15,4.9660371483735006e-09
246.59999999999027,2.402898567125342e-07,2.402898567125342e-07,0.5501119393375535,0.5824982764419026,0.8350909257070609,1263,7.526846434275358,7.778886820206738e-15,4.968051767906309e-09
246.69999999999027,-1.3575906186992587e-06,-1.3575906186992587e-06,0.5460878235879291,0.5776871064009623,0.8377279325228442,1264,7.556716997941494,7.713532153677857e-15,4.970066387439117e-09
246.79999999999026,-2.94194648099836e-06,-2.94194648099836e-06,0.5428173465181404,0.5737880667825745,0.8398507774116811,1264,7.580102382118135,7.568287866392615e-15,4.9720810069719265e-09
246.89999999999026,-4.496945556621809e-06,-4.496945556621809e-06,0.540114251524488,0.5705728599636465,0.8415917034406543,1265,7.596058620060176,7.344598462591263e-15,4.974095626504735e-09
246.99999999999025,-6.007048644103306e-06,-6.007048644103306e-06,0.5365023339244969,0.566286971688149,0.8438988361726586,1266,7.603930596599335,7.044690903618601e-15,4.976110246037544e-09
247.09999999999025,-7.457164815019643e-06,-7.457164815019643e-06,0.5330451253341253,0.5621955715388972,0.8460868125420267,1266,7.603370981390163,6.671552863808675e-15,4.9781248655703524e-09
247.19999999999024,-8.832802238625087e-06,-8.832802238625087e-06,0.5306980886734648,0.5594239973889231,0.8475609350827416,1267,7.594350337817179,6.228903396931494e-15,4.980139485103161e-09
247.29999999999023,-1.0120213022609541e-05,-1.0120213022609541e-05,0.5274999789754055,0.5556551260182608,0.849555043643993,1268,7.577158586199758,5.721156296448109e-15,4.98215410463597e-09
247.39999999999023,-1.1306530622190028e-05,-1.1306530622190028e-05,0.5237663116784906,0.5512662416602564,0.8518619904366612,1268,7.552397827621367,5.153376509816803e-15,4.984168724168778e-09
247.49999999999022,-1.2379898443991946e-05,-1.2379898443991946e-05,0.521781582821795,0.5489380346019189,0.853079116980355,1269,7.520966350055667,4.5312300327978996e-15,4.986183343701587e-09
247.59999999999022,-1.3329588359154983e-05,-1.3329588359154983e-05,0.5189706125469008,0.5456462550597124,0.8547920819197465,1270,7.4840334898798755,3.8609277660435145e-15,4.988197963234396e-09
247.6999999999902,-1.4146107940929339e-05,-1.4146107940929339e-05,0.5153915175969072,0.5414644572650374,0.8569548317088579,1271,7.443004962184863,3.1491638660418882e-15,4.990212582767204e-09
247.7999999999902,-1.4821295354703456e-05,-1.4821295354703456e-05,0.5428025391798027,0.5737704359672315,0.8398603475935501,1254,7.399478359463021,2.4030491684064296e-15,4.9922272023000135e-09
247.8999999999902,-1.5348400951798424e-05,-1.5348400951798424e-05,0.5664303606154215,0.6021678640732944,0.8241096083489644,1254,7.355188806466028,1.6300403056536672e-15,4.994241821832822e-09
247.9999999999902,-1.5722154751243944e-05,-1.5722154751243944e-05,0.5847134281414202,0.6245267610987594,0.8112399194758035,1254,7.3119452935366045,8.37865185469675e-16,4.99625644136563e-09
248.0999999999902,-1.5938819134787295e-05,-1.5938819134787295e-05,0.5974769729294466,0.640351040840409,0.801886068477976,1254,7.271559006067988,3.444554004585108e-17,4.9982710608984394e-09
248.19999999999018,-1.5996226228171247e-05,-1.5996226228171247e-05,0.6045591401484874,0.6492122966180878,0.7965602589025651,1254,7.235765986673635,-7.721826969875246e-16,5.000285680431248e-09
248.29999999999018,-1.589379959477163e-05,-1.589379959477163e-05,0.6058059740279976,0.650778500638121,0.7956124193550457,1254,7.206147600451463,-1.573950382255578e-15,5.002300299964057e-09
248.39999999999017,-1.563256002448054e-05,-1.563256002448054e-05,0.60107452672609,0.644844944815987,0.7991929762710674,1254,7.184053336033715,-2.36283667221151e-15,5.004314919496865e-09
248.49999999999017,-1.521511535968984e-05,-1.521511535968984e-05,0.5978414875283786,0.6408056894203759,0.8016143435529678,1255,7.170531221448294,-3.1309501572488284e-15,5.006329539029674e-09
248.59999999999016,-1.464563445978223e-05,-1.464563445978223e-05,0.5923308591357973,0.6339487549809203,0.8056948264172038,1256,7.1662713136055425,-3.870608696168215e-15,5.008344158562483e-09
248.69999999999015,-1.3929805564079167e-05,-1.3929805564079167e-05,0.5893896099008202,0.6303030577727732,0.8078489263104575,1256,7.171567154063939,-4.5744170177871336e-15,5.010358778095291e-09
248.79999999999015,-1.307477946914121e-05,-1.307477946914121e-05,0.5853665293562572,0.6253320603266255,0.8107687872071853,1257,7.186298741039769,-5.235341179615634e-15,5.0123733976281e-09
248.89999999999014,-1.2089098088108083e-05,-1.2089098088108083e-05,0.5802927542007361,0.6190881133943322,0.8144079563843444,1257,7.209938609020535,-5.846779035210507e-15,5.014388017160909e-09
248.99999999999014,-1.0982609105885503e-05,-1.0982609105885503e-05,0.5776851180698214,0.6158898726104609,0.8162597039917238,1258,7.241580363223341,-6.402625960070625e-15,5.016402636693717e-09
249.09999999999013,-9.766367582972647e-06,-9.766367582972647e-06,0.5733383743396445,0.6105746477036119,0.819318685561103,1259,7.279986899744328,-6.897335208374843e-15,5.0184172562265265e-09
249.19999999999013,-8.452525491188886e-06,-8.452525491188886e-06,0.5691745840031365,0.6055016149113491,0.8222166946279165,1259,7.323653928464584,-7.325972399247753e-15,5.020431875759335e-09
249.29999999999012,-7.054210285196492e-06,-7.054210285196492e-06,0.5662475600631642,0.6019460651533435,0.8242352217192087,1260,7.3708835358451825,-7.684263740272358e-15,5.022446495292143e-09
249.39999999999011,-5.585393723321413e-06,-5.585393723321413e-06,0.5619525542462072,0.5967444375175254,0.8271694667818461,1261,7.419862418351615,-7.968637673342576e-15,5.024461114824952e-09
249.4999999999901,-4.060752248651246e-06,-4.060752248651246e-06,0.5582174388225448,0.5922357889789052,0.8296946974606975,1261,7.4687399535376535,-8.176259671446789e-15,5.026475734357761e-09
249.5999999999901,-2.4955203257634173e-06,-2.4955203257634173e-06,0.5553199985252938,0.5887476983297569,0.8316367591910953,1262,7.5157022228107655,-8.305059934177119e-15,5.02849035389057e-09
249.6999999999901,-9.053381988638363e-07,-9.053381988638363e-07,0.5512992658366709,0.5839207364510208,0.8343075688784968,1263,7.559039206273268,-8.353753741060155e-15,5.030504973423378e-09
249.7999999999901,6.939044071072884e-07,6.939044071072884e-07,0.5476693085968088,0.579576097070804,0.8366948837067748,1263,7.597203428204273,-8.321854241679214e-15,5.032519592956187e-09
249.8999999999901,2.286227080278013e-06,2.286227080278013e-06,0.5450008299593804,0.5763901046264258,0.8384355045819485,1264,7.628859208250446,-8.209677501204316e-15,5.034534212488996e-09
249.99999999999008,3.8557184234776036e-06,3.8557184234776036e-06,0.541359021002182,0.5720526289245925,0.8407915380042541,1265,7.652922309336596,-8.018339682925443e-15,5.036548832021804e-09
250.09999999999008,5.386695067532294e-06,5.386695067532294e-06,0.537626177295355,0.567619263903414,0.843183309539974,1265,7.668590166782444,-7.749746332216548e-15,5.038563451554613e-09
250.19999999999007,6.8638584069216275e-06,6.8638584069216275e-06,0.5352821213398835,0.56484171232672,0.8446733395661747,1266,7.67536306628865,-7.406573821056296e-15,5.040578071087422e-09
250.29999999999006,8.272447491245012e-06,8.272447491245012e-06,0.5320492598154342,0.5610189821277566,0.8467134020020285,1267,7.673056658078509,-6.992243109490536e-15,5.04259269062023e-09
250.39999999999006,9.598386544359091e-06,9.598386544359091e-06,0.5280888440044385,0.5563484205304541,0.849189126660284,1267,7.661806099521862,-6.510886072365398e-15,5.044607310153039e-09
250.49999999999005,1.0828425636732911e-05,1.0828425636732911e-05,0.5261000734390383,0.5540081571067544,0.8504226671058566,1268,7.642061955011946,-5.967304721477591e-15,5.046621929685848e-09
250.59999999999005,1.1950273104993077e-05,1.1950273104993077e-05,0.5232643546990976,0.5506771014966502,0.8521704143546273,1269,7.614577792699928,-5.366923723539907e-15,5.048636549218656e-09
250.69999999999004,1.29527183951111e-05,1.29527183951111e-05,0.5196523039442286,0.546443942118072,0.8543778338682805,1270,7.580389245586902,-4.715736674242987e-15,5.050651168751465e-09
250.79999999999004,1.3825744101395776e-05,1.3825744101395776e-05,0.5173707892061516,0.5437757225685619,0.8557613373343083,1270,7.5407841948677135,-4.020246640810305e-15,5.052665788284274e-09
250.89999999999003,1.4560626081437912e-05,1.4560626081437912e-05,0.531601620418551,0.5604903911226548,0.8469945201525042,1254,7.497263735994864,-3.2874015326307733e-15,5.054680407817082e-09
250.99999999999002,1.515002064633348e-05,1.515002064633348e-05,0.5573994213156283,0.5912501896808053,0.8302444731023524,1254,7.45149375467279,-2.5245249041901413e-15,5.056695027349891e-09
251.09999999999002,1.5588037954693462e-05,1.5588037954693462e-05,0.5779295590403045,0.6161893690594189,0.8160866527443511,1254,7.405247318239716,-1.7392428383219859e-15,5.0587096468827e-09
251.19999999999,1.5870300876842465e-05,1.5870300876842465e-05,0.5930092115975248,0.6347909629659498,0.8051956749514257,1254,7.360338707324585,-9.394076019486206e-16,5.060724266415509e-09
251.29999999999,1.59939887408355e-05,1.59939887408355e-05,0.6024722258190126,0.6465949855274543,0.7981398480947337,1254,7.318550766879351,-1.3301881179646693e-16,5.062738885948317e-09
251.39999999999,1.595786669641822e-05,1.595786669641822e-05,0.6061615696871369,0.6512255225686653,0.7953415313149605,1254,7.281558282058689,6.71857164457664e-16,5.0647535054811256e-09
251.49999999999,1.576229875526323e-05,1.576229875526323e-05,0.6039287370043445,0.6484211273483206,0.7970383181631466,1254,7.250851151844051,1.467168715769359e-15,5.066768125013935e-09
251.59999999999,1.540923913526891e-05,1.540923913526891e-05,0.5990467641355437,0.6423100956232126,0.8007140403282149,1255,7.227662037329814,2.2449602398499867e-15,5.068782744546743e-09
251.69999999998998,1.4902215491452248e-05,1.4902215491452248e-05,0.5948122141376657,0.6370320246833531,0.803864683832203,1255,7.212903666671395,2.997452616626184e-15,5.070797364079552e-09
251.79999999998998,1.4246293836462524e-05,1.4246293836462524e-05,0.591443799368857,0.6328482126871117,0.8063462235219628,1256,7.207120875780294,3.717121841558708e-15,5.072811983612361e-09
251.89999999998997,1.3448027922657519e-05,1.3448027922657519e-05,0.5860114687874908,0.6261277554943073,0.8103027572762712,1257,7.210461627217906,4.3967748863871825e-15,5.074826603145169e-09
251.99999999998997,1.2515393759176347e-05,1.2515393759176347e-05,0.5832247482282334,0.6226929046681511,0.8123108352435745,1257,7.222669720398083,5.029621908707756e-15,5.076841222677978e-09
252.09999999998996,1.1457709918292647e-05,1.1457709918292647e-05,0.5792518459277318,0.6178105779761552,0.8151486361328928,1258,7.243099900325282,5.609344015845801e-15,5.078855842210787e-09
252.19999999998996,1.0285544427320726e-05,1.0285544427320726e-05,0.57424818739924,0.6116855304772264,0.8186812684242185,1258,7.270753938834572,6.130155903116579e-15,5.080870461743595e-09
252.29999999998995,9.010609176379982e-06,9.010609176379982e-06,0.5716887596172178,0.6085626645701206,0.8204705735901361,1259,7.304334387632634,6.586862814139093e-15,5.082885081276404e-09
252.39999999998994,7.645642897060253e-06,7.645642897060253e-06,0.5675643728888862,0.6035445612949423,0.8233290245261886,1260,7.342311397586809,6.9749113894878274e-15,5.084899700809213e-09
252.49999999998994,6.204283881226633e-06,6.204283881226633e-06,0.5632311701520093,0.5982910232437827,0.8262993700646264,1260,7.382997418852276,7.29043406152197e-15,5.086914320342022e-09
252.59999999998993,4.700933711715386e-06,4.700933711715386e-06,0.5605179147348265,0.5950110611446909,0.8281422989204945,1261,7.4246247191454975,7.53028671018849e-15,5.08892893987483e-09
252.69999999998993,3.15061336647877e-06,3.15061336647877e-06,0.5565489024575655,0.5902261217614815,0.8308148525232799,1262,7.465421320429942,7.692079322038295e-15,5.0909435594076385e-09
252.79999999998992,1.5688131339386165e-06,1.5688131339386165e-06,0.5524861780772932,0.585344037752701,0.8335220591163413,1262,7.50368192663087,7.774199407013818e-15,5.092958178940448e-09
252.89999999998992,-2.866216085517475e-08,-2.866216085517475e-08,0.5498959847819918,0.5822396984112185,0.8352331446492312,1263,7.537831469446482,7.775827942017753e-15,5.094972798473256e-09
252.9999999999899,-1.6258510728121519e-06,-1.6258510728121519e-06,0.5462476456542098,0.5778778986621539,0.8376237279454498,1264,7.566479861139075,7.696947640738024e-15,5.096987418006065e-09
253.0999999999899,-3.206795018284503e-06,-3.206795018284503e-06,0.5421903173387086,0.5730416508206537,0.8402557109500359,1264,7.588467308811137,7.53834340250395e-15,5.099002037538874e-09
253.1999999999899,-4.755697727959658e-06,-4.755697727959658e-06,0.5398713455002316,0.5702842597629117,0.8417475454717819,1265,7.6029000759251755,7.30159486829313e-15,5.101016657071682e-09
253.2999999999899,-6.2570830779617095e-06,-6.2570830779617095e-06,0.5366119166664778,0.566416829985327,0.843829159777931,1266,7.609176882455033,6.989061102896677e-15,5.103031276604491e-09
253.3999999999899,-7.69594972216545e-06,-7.69594972216545e-06,0.5325331382721665,0.5615905632477772,0.8464091543940185,1267,7.607006250287312,6.603857519527684e-15,5.1050458961373e-09
253.49999999998988,-9.057920980688075e-06,-9.057920980688075e-06,0.530409712867401,0.5590837916429927,0.8477414325700503,1267,7.596415071220044,6.149825258076369e-15,5.107060515670108e-09
253.59999999998988,-1.032938848692227e-05,-1.032938848692227e-05,0.527549136831171,0.5557129901193133,0.8495245189096583,1268,7.577748548714898,5.631493314569949e-15,5.109075135202917e-09
253.69999999998987,-1.1497648157837023e-05,-1.1497648157837023e-05,0.5238978201294666,0.5514206266367981,0.8517811186352942,1269,7.551661487850486,5.054033794390686e-15,5.1110897547357255e-09
253.79999999998986,-1.2551027128975858e-05,-1.2551027128975858e-05,0.5214385583335718,0.5485359824139164,0.8532888314533399,1269,7.5191007270472525,4.423210725680885e-15,5.113104374268535e-09
253.89999999998986,-1.3479000385859951e-05,-1.3479000385859951e-05,0.518955969236882,0.54562912430455,0.8548009721528212,1270,7.481278369083467,3.745322924301531e-15,5.115118993801343e-09
253.99999999998985,-1.427229592645369e-05,-1.427229592645369e-05,0.5194026520907316,0.5461517649729631,0.8545296279246931,1254,7.439635431268923,3.027141450573832e-15,5.1171336133341515e-09
254.09999999998985,-1.4922987403944112e-05,-1.4922987403944112e-05,0.5473316451691264,0.5791725821736874,0.8369158083083732,1254,7.395795652567341,2.27584224344353e-15,5.119148232866961e-09
254.19999999998984,-1.5424573324178134e-05,-1.5424573324178134e-05,0.570076065497515,0.6065984353041094,0.821591917892863,1254,7.351509523845509,1.4989345616541335e-15,5.121162852399769e-09
254.29999999998984,-1.577204200644304e-05,-1.577204200644304e-05,0.5874429976885138,0.6278955457443847,0.8092655463237841,1254,7.308589186553303,7.041859053769226e-16,5.123177471932578e-09
254.39999999998983,-1.5961921658523513e-05,-1.5961921658523513e-05,0.5992606379670894,0.6425772262053305,0.8005539880503232,1254,7.268835681920064,-1.004558635141328e-16,5.125192091465387e-09
254.49999999998983,-1.599231506570184e-05,-1.599231506570184e-05,0.6053687609115684,0.6502290852515319,0.7959451383810271,1254,7.233961078607444,-9.069424381609795e-16,5.127206710998195e-09
254.59999999998982,-1.586291854710021e-05,-1.586291854710021e-05,0.6056148617748048,0.6505383148690841,0.7957579023782824,1254,7.2055091395476785,-1.7072062087187038e-15,5.129221330531004e-09
254.6999999999898,-1.5575024989959696e-05,-1.5575024989959696e-05,0.5998588804501664,0.64332472102232,0.8001058202169716,1254,7.18477921026572,-2.4932417713108414e-15,5.1312359500638125e-09
254.7999999999898,-1.5131510931538285e-05,-1.5131510931538285e-05,0.5973103180901579,0.6401432283521896,0.8020102143383426,1255,7.172758672152743,-3.257186904404019e-15,5.133250569596621e-09
254.8999999999898,-1.4536807817701469e-05,-1.4536807817701469e-05,0.5924063529447989,0.6340424584615317,0.8056393194169723,1256,7.170069361919361,-3.991402085141595e-15,5.13526518912943e-09
254.9999999999898,-1.3796857725379987e-05,-1.3796857725379987e-05,0.5885153357164153,0.6292212596186106,0.8084860540705665,1256,7.176932655169922,-4.688547613918055e-15,5.1372798086622385e-09
255.0999999999898,-1.2919053991301341e-05,-1.2919053991301341e-05,0.5850758593118944,0.624973595069758,0.8109785686751828,1257,7.193156449147812,-5.341657444904499e-15,5.139294428195048e-09
255.19999999998979,-1.1912167340213101e-05,-1.1912167340213101e-05,0.5797889114950348,0.6184695883275887,0.8147667261906335,1258,7.218145250271643,-5.944208888611297e-15,5.141309047727856e-09
255.29999999998978,-1.078625825070047e-05,-1.078625825070047e-05,0.5770185864380948,0.6150735402370436,0.8167310150257445,1258,7.2509323272776545,-6.490187456185008e-15,5.1433236672606644e-09
255.39999999998977,-9.552576434209787e-06,-9.552576434209787e-06,0.5731750181908952,0.6103752811342152,0.8194329737823997,1259,7.290230844353533,-6.974146239931824e-15,5.145338286793474e-09
255.49999999998977,-8.223448431650439e-06,-8.223448431650439e-06,0.5681202938137285,0.6042199296956401,0.8229455217430877,1259,7.3344993953953095,-7.391259349521347e-15,5.147352906326282e-09
255.59999999998976,-6.812154450672694e-06,-6.812154450672694e-06,0.5656894168479308,0.601269057575389,0.8246183866894116,1260,7.382016619125661,-7.737369027763798e-15,5.149367525859091e-09
255.69999999998976,-5.332795674222713e-06,-5.332795674222713e-06,0.561838111312479,0.5966060891370231,0.827247204091272,1261,7.43095959222866,-8.00902614126774e-15,5.1513821453918996e-09
255.79999999998975,-3.800153366183785e-06,-3.800153366183785e-06,0.5572558934879126,0.5910773255366022,0.8303408150711298,1261,7.4794813204677855,-8.203523779635115e-15,5.153396764924708e-09
255.89999999998975,-2.2295411818736457e-06,-2.2295411818736457e-06,0.554802928855291,0.5881260778849691,0.8319817967561496,1262,7.525783636037701,-8.318923713341925e-15,5.155411384457517e-09
255.99999999998974,-6.366521590625571e-07,-6.366521590625571e-07,0.5511830944696686,0.5837815000018386,0.8343843217431883,1263,7.568182916710467,-8.354075471997322e-15,5.1574260039903255e-09
256.09999999998973,9.6259808167266e-07,9.6259808167266e-07,0.5467426245733195,0.5784689449079878,0.8373007240380712,1263,7.605167073359057,-8.308627827186946e-15,5.159440623523134e-09
256.19999999998976,2.552230360568875e-06,2.552230360568875e-06,0.5444809364828291,0.5757701538079453,0.8387732171491775,1264,7.635443087561971,-8.183032507587825e-15,5.161455243055944e-09
256.2999999999898,4.116361597357465e-06,4.116361597357465e-06,0.5412102439120711,0.5718756901592613,0.8408873122390637,1265,7.65797497273953,-7.978540040750417e-15,5.163469862588753e-09
256.3999999999898,5.639363509753476e-06,5.639363509753476e-06,0.5370772770683748,0.5669684132656769,0.8435330452666453,1266,7.67201238608887,-7.69718770141026e-15,5.165484482121562e-09
256.4999999999898,7.10601876608574e-06,7.10601876608574e-06,0.5347323420520032,0.5641909684667906,0.8450214922495046,1266,7.67711027014235,-7.341779641972957e-15,5.1674991016543715e-09
256.59999999998985,8.501673031844749e-06,8.501673031844749e-06,0.5318506797629495,0.5607844689814734,0.8468381512636807,1267,7.673139899643157,-6.915859377659733e-15,5.169513721187181e-09
256.69999999998987,9.812381390948996e-06,9.812381390948996e-06,0.5281556675724449,0.5564271134871749,0.8491475671584445,1268,7.660291600080691,-6.4236748892647355e-15,5.17152834071999e-09
256.7999999999899,1.1025047678736881e-05,1.1025047678736881e-05,0.5255051437203015,0.5533087389116642,0.8507904230323149,1268,7.639069233888035,-5.870136686325706e-15,5.173542960252799e-09
256.8999999999899,1.2127555334515011e-05,1.2127555334515011e-05,0.5230078698375411,0.5503761509300074,0.852327852465234,1269,7.610276361587996,-5.260769241828776e-15,5.175557579785608e-09
256.99999999998994,1.3108888466227415e-05,1.3108888466227415e-05,0.51971499977808,0.5465173256149536,0.8543396976646176,1270,7.574993820974879,-4.601656267889661e-15,5.1775721993184175e-09
257.09999999998996,1.3959241917607626e-05,1.3959241917607626e-05,0.5167233748623983,0.5430193593313908,0.8561524127576896,1270,7.534548373827296,-3.899380352893447e-15,5.179586818851227e-09
257.19999999999,1.4670119238058932e-05,1.4670119238058932e-05,0.5363341411256457,0.5660876798553357,0.8440057399467233,1254,7.490472096950629,-3.1609575271393096e-15,5.181601438384036e-09
257.29999999999,1.5234417576380175e-05,1.5234417576380175e-05,0.5612598661995479,0.5959072557469252,0.8276396332907612,1254,7.444452394329026,-2.3937673683900417e-15,5.183616057916845e-09
257.39999999999003,1.564649865010708e-05,1.564649865010708e-05,0.5808851151284313,0.6198156536327175,0.8139855545537826,1254,7.398272925149224,-1.6054793024818449e-15,5.185630677449654e-09
257.49999999999005,1.5902245081366857e-05,1.5902245081366857e-05,0.5950306876689843,0.6373038310089367,0.8037029804176266,1254,7.353746403277624,-8.039757984260951e-16,5.1876452969824634e-09
257.5999999999901,1.5999101536356892e-05,1.5999101536356892e-05,0.6035324170999127,0.6479239802480493,0.797338461075055,1254,7.312641112727156,2.7267970234356172e-18,5.1896599165152735e-09
257.6999999999901,1.5936100257395404e-05,1.5936100257395404e-05,0.6062345706731362,0.6513173114879477,0.7952858890491885,1254,7.276604026824895,8.065589933921925e-16,5.191674536048083e-09
257.7999999999901,1.571387073243633e-05,1.571387073243633e-05,0.6029906960226823,0.6472447431090818,0.7977482187445367,1254,7.247084471213172,1.5994796198508934e-15,5.193689155580892e-09
257.89999999999014,1.5334633405433744e-05,1.5334633405433744e-05,0.5987706324824427,0.6419652833273383,0.8009205514135441,1255,7.225263123606336,2.3735571344536e-15,5.195703775113701e-09
257.99999999999017,1.4802177490399863e-05,1.4802177490399863e-05,0.5935529308161062,0.6354663944722739,0.8047949542085926,1255,7.211991558720706,3.1210498611668926e-15,5.19771839464651e-09
258.0999999999902,1.4121823110831187e-05,1.4121823110831187e-05,0.5908204834767282,0.6320754189071676,0.8068030467867143,1256,7.207747321210905,3.834484221185167e-15,5.1997330141793195e-09
258.1999999999902,1.3300368142793107e-05,1.3300368142793107e-05,0.585951712338384,0.6260540116310251,0.8103459698225911,1257,7.212608547347049,4.506730039421954e-15,5.201747633712129e-09
258.29999999999023,1.2346020292789355e-05,1.2346020292789355e-05,0.5822439843491919,0.6214860521393576,0.8130141097725045,1257,7.226250527351381,5.131072059104055e-15,5.203762253244938e-09
258.39999999999026,1.1268315089071718e-05,1.1268315089071718e-05,0.5788169436957962,0.6172771539810843,0.8154575069803807,1258,7.2479645481753305,5.701276887482661e-15,5.205776872777747e-09
258.4999999999903,1.0078020605793766e-05,1.0078020605793766e-05,0.5737393744935374,0.6110641627971756,0.8190379296197242,1259,7.276697243727055,6.2116547139440385e-15,5.207791492310556e-09
258.5999999999903,8.787029871973378e-06,8.787029871973378e-06,0.5708693253849931,0.6075642747800183,0.8210409328008457,1259,7.31110688630157,6.657115269416443e-15,5.2098061118433654e-09
258.6999999999903,7.408242040278092e-06,7.408242040278092e-06,0.5672220646691323,0.6031288596985739,0.8235648907964003,1260,7.349631867593238,7.033217611083598e-15,5.211820731376175e-09
258.79999999999035,5.955433502955549e-06,5.955433502955549e-06,0.5622822923722801,0.5971431258273547,0.8269453571334527,1261,7.390566164516059,7.336213402316672e-15,5.213835350908984e-09
258.89999999999037,4.4431202426760325e-06,4.4431202426760325e-06,0.5597774013602848,0.5941171453004759,0.8286430238204667,1261,7.432136813886255,7.563083409031034e-15,5.215849970441794e-09
258.9999999999904,2.8864127936319596e-06,2.8864127936319596e-06,0.5562347342622299,0.5898480249803072,0.8310252224813796,1262,7.472579151650505,7.711566957372736e-15,5.217864589974603e-09
259.0999999999904,1.3008652620751196e-06,1.3008652620751196e-06,0.5516318930889712,0.5843194755969434,0.8340876779614226,1263,7.510206572260271,7.780184109110101e-15,5.219879209507412e-09
259.19999999999044,-2.9768008517149595e-07,-2.9768008517149595e-07,0.549178778619375,0.5813812511173349,0.8357048935564105,1263,7.543472611403618,7.768250327425037e-15,5.2218938290402215e-09
259.29999999999046,-1.8932511114070304e-06,-1.8932511114070304e-06,0.545920335740571,0.5774871883498103,0.8378370885947352,1264,7.57102408774797,7.675883439836713e-15,5.223908448573031e-09
259.3999999999905,-3.469905398362989e-06,-3.469905398362989e-06,0.5417404321031419,0.5725063285806765,0.8405458370753501,1265,7.5917447652396595,7.504002762243973e-15,5.22592306810584e-09
259.4999999999905,-5.011889537576717e-06,-5.011889537576717e-06,0.5391414310953057,0.5694173589456674,0.842215244029996,1265,7.604789488160361,7.254320326608872e-15,5.227937687638649e-09
259.59999999999053,-6.503796533241371e-06,-6.503796533241371e-06,0.5362466798880579,0.565984056912856,0.8440613119371334,1266,7.6096090111284385,6.9293242474427705e-15,5.229952307171458e-09
259.69999999999055,-7.930719743815151e-06,-7.930719743815151e-06,0.5325053105856768,0.5615576862419659,0.8464266620316564,1267,7.605965833451881,6.53225435971315e-15,5.2319669267042674e-09
259.7999999999906,-9.278401824256096e-06,-9.278401824256096e-06,0.5296452312633939,0.5581822594891689,0.8482192694108912,1267,7.593941298229143,6.067070354622733e-15,5.233981546237077e-09
259.8999999999906,-1.0533377180700907e-05,-1.0533377180700907e-05,0.5271325760216742,0.5552227188975783,0.8497830589607879,1268,7.573934078721553,5.5384127242698346e-15,5.235996165769886e-09
259.9999999999906,-1.1683106514227673e-05,-1.1683106514227673e-05,0.5238072522685662,0.5513143024910717,0.8518368168087446,1269,7.546649993964696,4.951556899241599e-15,5.238010785302695e-09
260.09999999999064,-1.2716102109385785e-05,-1.2716102109385785e-05,0.5206275323143932,0.5475857874557958,0.8537839144632706,1269,7.513082918904068,4.312361025382994e-15,5.240025404835504e-09
260.19999999999067,-1.3622042615651358e-05,-1.3622042615651358e-05,0.5184822026638826,0.5450749755237801,0.8550884197092186,1270,7.474486431189332,3.6272078796975085e-15,5.242040024368314e-09
260.2999999999907,-1.4391876174949905e-05,-1.4391876174949905e-05,0.5244501730233352,0.5520692241659687,0.8514411406643407,1254,7.432335821486928,2.902941473448005e-15,5.2440546439011235e-09
260.3999999999907,-1.5017910864830048e-05,-1.5017910864830048e-05,0.5515219830757319,0.5841877086045806,0.8341603575957156,1254,7.388280244126312,2.1467989355675897e-15,5.246069263433933e-09
260.49999999999073,-1.5493891553610058e-05,-1.5493891553610058e-05,0.5733748067548301,0.6106191151162136,0.819293189877019,1254,7.3440851535392015,1.366338313334571e-15,5.248083882966742e-09
260.59999999999076,-1.5815062399585943e-05,-1.5815062399585943e-05,0.5898201016965887,0.6308360479378801,0.8075346727135781,1254,7.301565795378097,5.693629712122982e-16,5.250098502499551e-09
260.6999999999908,-1.5978214369829673e-05,-1.5978214369829673e-05,0.6006885712286499,0.6443621009257509,0.7994831082613836,1254,7.262513398501316,-2.361566862951407e-16,5.25211312203236e-09
260.7999999999908,-1.5981717303785446e-05,-1.5981717303785446e-05,0.605821364432434,0.650797844878368,0.7956007003498828,1254,7.228616785174307,-1.0421633955041438e-15,5.2541277415651694e-09
260.8999999999908,-1.582553620129509e-05,-1.582553620129509e-05,0.6050674749262602,0.6498506136443389,0.7961741962575524,1254,7.201383246447424,-1.8405942984451743e-15,5.256142361097979e-09
260.99999999999085,-1.551123157230808e-05,-1.551123157230808e-05,0.5992293280367076,0.6425381164481492,0.8005774243761036,1255,7.182063508351654,-2.623462425998286e-15,5.258156980630788e-09
261.09999999999087,-1.5041943844781964e-05,-1.5041943844781964e-05,0.5964312305960238,0.6390475700568443,0.802664180818923,1255,7.171586189382203,-3.3829374938621563e-15,5.260171600163597e-09
261.1999999999909,-1.442236198656428e-05,-1.442236198656428e-05,0.5921423354054269,0.633714786096688,0.8058333913537009,1256,7.1705070863646565,-4.111425081247039e-15,5.262186219696406e-09
261.2999999999909,-1.3658676654775816e-05,-1.3658676654775816e-05,0.5872989636942798,0.6277175761118559,0.8093700805216517,1256,7.178977789020257,-4.801643262958211e-15,5.2642008392292154e-09
261.39999999999094,-1.275851834081099e-05,-1.275851834081099e-05,0.5844511831516133,0.624203534339384,0.8114288721216909,1257,7.196736546534668,-5.446695801344788e-15,5.266215458762025e-09
261.49999999999096,-1.1730881128990171e-05,-1.1730881128990171e-05,0.5796894117274499,0.6183474730746107,0.8148375211851029,1258,7.223122216220924,-6.0401410794344516e-15,5.268230078294835e-09
261.599999999991,-1.0586032830642176e-05,-1.0586032830642176e-05,0.57602188178792,0.6138537070494164,0.8174342736278578,1258,7.257109884618095,-6.5760560649831725e-15,5.270244697827644e-09
261.699999999991,-9.33541239152757e-06,-9.33541239152757e-06,0.5726915243900743,0.6097853682155739,0.8197709545304547,1259,7.297364777261408,-7.049094721554063e-15,5.272259317360453e-09
261.79999999999103,-7.991515597673836e-06,-7.991515597673836e-06,0.5678788221095968,0.6039265357232415,0.823112169390914,1260,7.34230969868923,-7.454540405555782e-15,5.274273936893262e-09
261.89999999999105,-6.567770221611953e-06,-6.567770221611953e-06,0.5648134796624171,0.6002072107241478,0.8252185972162965,1260,7.390200635800439,-7.788351887615159e-15,5.2762885564260714e-09
261.9999999999911,-5.078401856511884e-06,-5.078401856511884e-06,0.5614162957070841,0.5960962746490682,0.8275335297826524,1261,7.439205291509492,-8.047202702161373e-15,5.278303175958881e-09
262.0999999999911,-3.5382917787579917e-06,-3.5382917787579917e-06,0.5568330673774705,0.5905681925443415,0.8306244248004012,1262,7.487480017971909,-8.22851356274948e-15,5.28031779549169e-09
262.1999999999911,-1.9628282591544927e-06,-1.9628282591544927e-06,0.5539794723106605,0.5871366510540896,0.8325303263295591,1262,7.533241643235092,-8.330477595076636e-15,5.282332415024499e-09
262.29999999999114,-3.67752808410272e-07,-3.67752808410272e-07,0.5507702992402597,0.5832868504689397,0.8346568621144829,1263,7.574831791087922,-8.352078152034346e-15,5.284347034557308e-09
262.39999999999117,1.2309971068326692e-06,1.2309971068326692e-06,0.546560729103884,0.5782517200016131,0.837419470397859,1264,7.610772297828767,-8.29309900068697e-15,5.2863616540901174e-09
262.4999999999912,2.817447305897676e-06,2.817447305897676e-06,0.54366424887454,0.5747967920089748,0.8393027966685696,1264,7.639811125093274,-8.154126718503684e-15,5.288376273622927e-09
262.5999999999912,4.375746502806397e-06,4.375746502806397e-06,0.5407732718795375,0.5713561211332497,0.8411683948061172,1265,7.660958717832479,-7.93654520649443e-15,5.290390893155736e-09
262.69999999999123,5.890324687088543e-06,5.890324687088543e-06,0.5369890306604309,0.5668638015141687,0.8435892252455403,1266,7.673515073095743,-7.642522314753437e-15,5.292405512688545e-09
262.79999999999126,7.346048694179745e-06,7.346048694179745e-06,0.533893301950344,0.5631983584349817,0.8455518565602933,1266,7.677087907220907,-7.274988672499548e-15,5.294420132221354e-09
262.8999999999913,8.72837341099952e-06,8.72837341099952e-06,0.5313701376797726,0.5602171155744972,0.8471397622483432,1267,7.671602284638096,-6.837608910917385e-15,5.296434751754164e-09
262.9999999999913,1.0023487105913199e-05,1.0023487105913199e-05,0.5280086520240923,0.5562539897100206,0.849238990736825,1268,7.657301948790592,-6.3347455559861564e-15,5.2984493712869734e-09
263.0999999999913,1.121844943098887e-05,1.121844943098887e-05,0.5246265469775013,0.5522763849437927,0.8513324768892959,1268,7.634742419304993,-5.771415946377823e-15,5.300463990819783e-09
263.19999999999135,1.2301320717676395e-05,1.2301320717676395e-05,0.5224737971169418,0.5497496665106497,0.8526553414634807,1269,7.604775731921459,-5.153242597991598e-15,5.302478610352592e-09
263.29999999999137,1.3261281274028847e-05,1.3261281274028847e-05,0.5195051813703773,0.5462717526427545,0.8544672998595858,1270,7.568526542068656,-4.486397493585841e-15,5.304493229885401e-09
263.3999999999914,1.408873949148792e-05,1.408873949148792e-05,0.5157962471545672,0.5419368124635444,0.856711288253671,1270,7.527359236137294,-3.777540826070208e-15,5.30650784941821e-09
263.4999999999914,1.4775427681066079e-05,1.4775427681066079e-05,0.5408858668613755,0.5714899823528112,0.8410959987002782,1254,7.482835747318419,-3.0337547700732544e-15,5.3085224689510194e-09
263.59999999999144,1.531448468136199e-05,1.531448468136199e-05,0.5649337185697872,0.6003529235138528,0.825136287908193,1254,7.436664006737885,-2.2624729005561226e-15,5.310537088483829e-09
263.69999999999146,1.5700524413017252e-05,1.5700524413017252e-05,0.5836494825262323,0.6232158745143893,0.8120057152181019,1254,7.390637418554591,-1.4714059210172447e-15,5.312551708016638e-09
263.7999999999915,1.5929689694640933e-05,1.5929689694640933e-05,0.5968571718709528,0.6395783341242823,0.8023475035084286,1254,7.346566449302854,-6.684644082780145e-16,5.314566327549447e-09
263.8999999999915,1.5999690782491013e-05,1.5999690782491013e-05,0.6043943320550986,0.6490054131401297,0.7966853151525206,1254,7.306204343676189,1.3832067336816963e-16,5.316580947082256e-09
263.99999999999153,1.5909828248836983e-05,1.5909828248836983e-05,0.6061064860026955,0.6511562664961241,0.7953835097771794,1254,7.271170035755589,9.408788887104838e-16,5.318595566615065e-09
264.09999999999155,1.566099997041051e-05,1.566099997041051e-05,0.6018495012034911,0.6458149951377925,0.7986095278051152,1254,7.242872359484451,1.7311818318502834e-15,5.320610186147875e-09
264.1999999999916,1.5255692157117936e-05,1.5255692157117936e-05,0.598298807546943,0.6413763096667442,0.8012730726087743,1255,7.222440457989041,2.501324319918773e-15,5.322624805680685e-09
264.2999999999916,1.4697954510652733e-05,1.4697954510652733e-05,0.5925037054696061,0.6341633026758702,0.8055677246543498,1256,7.2106656112003105,3.2436043579812782e-15,5.324639425213494e-09
264.3999999999916,1.3993359761214828e-05,1.3993359761214828e-05,0.5900048412966555,0.6310648369234321,0.8073997072370712,1256,7.207959354456337,3.950600941693785e-15,5.326654044746303e-09
264.49999999999164,1.3148947986632555e-05,1.3148947986632555e-05,0.5857076972671184,0.6257529198456124,0.8105223583356905,1257,7.214331676722843,4.6152487846019775e-15,5.328668664279112e-09
264.59999999999167,1.2173156270232116e-05,1.2173156270232116e-05,0.5810725189407174,0.6200459024504831,0.8138517848674226,1257,7.229391365844996,5.23090911564112e-15,5.330683283811921e-09
264.6999999999917,1.1075734400289933e-05,1.1075734400289933e-05,0.5781992749966086,0.6165199069149698,0.8158955805698399,1258,7.252368478734044,5.791435788198052e-15,5.332697903344731e-09
264.7999999999917,9.867647453371036e-06,9.867647453371036e-06,0.5736143483639685,0.6109115209699719,0.8191254967042473,1259,7.2821568301139905,6.291236063429863e-15,5.33471252287754e-09
264.89999999999173,8.56096623490859e-06,8.56096623490859e-06,0.5698674806508232,0.6063445787657923,0.8217366089548911,1259,7.317372686225981,6.725325557533102e-15,5.336727142410349e-09
264.99999999999176,7.1687466717060935e-06,7.1687466717060935e-06,0.5667058894160157,0.6025022376420575,0.8239201629412904,1260,7.356424783998398,7.089376953771975e-15,5.338741761943158e-09
265.0999999999918,5.704899361432471e-06,5.704899361432471e-06,0.5622001991934765,0.59704385638017,0.8270011705111519,1261,7.397590465579857,7.379762160176652e-15,5.340756381475967e-09
265.1999999999918,4.184050582528399e-06,4.184050582528399e-06,0.5588624222104859,0.5930133668176811,0.8292603891667735,1261,7.439093046506268,7.593587639683e-15,5.342771001008777e-09
265.2999999999918,2.621396153266922e-06,2.621396153266922e-06,0.5557544674743431,0.5892702158495964,0.8313464812473252,1262,7.4791763292537246,7.728722659920204e-15,5.344785620541586e-09
265.39999999999185,1.0325496001603529e-06,1.0325496001603529e-06,0.5515435805839324,0.5842136001407446,0.8341460775647483,1263,7.5161731960381655,7.783820220996291e-15,5.346800240074395e-09
265.49999999999187,-5.666138472355044e-07,-5.666138472355044e-07,0.5482940844698888,0.5803229986059606,0.8362855953173691,1263,7.548566252369754,7.758330438209077e-15,5.348814859607205e-09
265.5999999999919,-2.1601158763674178e-06,-2.1601158763674178e-06,0.5454332335854697,0.5769059178825031,0.8381542744032857,1264,7.575039395012811,7.652506194385474e-15,5.350829479140014e-09
265.6999999999919,-3.7320347417020333e-06,-3.7320347417020333e-06,0.5416160346739963,0.5723583396289055,0.8406259994694528,1265,7.594519864861928,7.467400937697622e-15,5.352844098672823e-09
265.79999999999194,-5.2666643495442145e-06,-5.2666643495442145e-06,0.538249737925879,0.5683589699263545,0.8427853935746172,1265,7.60621079688627,7.204858582312998e-15,5.354858718205633e-09
265.89999999999196,-6.748671188133497e-06,-6.748671188133497e-06,0.5357264671337427,0.5653678564394609,0.8443915871279147,1266,7.60961451550695,6.867495563344275e-15,5.356873337738442e-09
265.999999999992,-8.163247535025019e-06,-8.163247535025019e-06,0.5323283408743651,0.5613486213777119,0.8465379716834596,1267,7.604546884744176,6.458675194943681e-15,5.358887957271251e-09
266.099999999992,-9.496259410957408e-06,-9.496259410957408e-06,0.5287233931474028,0.5570958355467921,0.8487941879741502,1267,7.59114295524398,5.982474572964527e-15,5.36090257680406e-09
266.19999999999203,-1.0734387801901483e-05,-1.0734387801901483e-05,0.5265645374797978,0.5545544061342118,0.8501351585887309,1268,7.569854002045655,5.443644346298163e-15,5.362917196336869e-09
266.29999999999205,-1.1865261738245758e-05,-1.1865261738245758e-05,0.5235701234582835,0.5510359527922193,0.851982585398245,1269,7.541435863750102,4.847561752106011e-15,5.364931815869679e-09
266.3999999999921,-1.2877581901435495e-05,-1.2877581901435495e-05,0.5198086477364505,0.5466269436992989,0.8542827223691245,1270,7.506928322486008,4.2001773707365145e-15,5.366946435402488e-09
266.4999999999921,-1.376123352302866e-05,-1.376123352302866e-05,0.5178594019043891,0.5443467896001338,0.8554657444101595,1270,7.467625155141704,3.507956108689725e-15,5.368961054935297e-09
266.5999999999921,-1.4507387448118675e-05,-1.4507387448118675e-05,0.5293604175510139,0.5578465162724482,0.8483970463940903,1254,7.425034494821888,2.7778129654282232e-15,5.370975674468106e-09
266.69999999999214,-1.5108588353331737e-05,-1.5108588353331737e-05,0.5555689580543347,0.5890470891611824,0.8314704642056872,1254,7.380829324748476,2.017044184559635e-15,5.372990294000915e-09
266.79999999999217,-1.555882923795355e-05,-1.555882923795355e-05,0.5765249750986643,0.6144692947486218,0.8170795267827267,1254,7.33678833651992,1.2332544336987979e-15,5.375004913533725e-09
266.8999999999922,-1.585361144389482e-05,-1.585361144389482e-05,0.5920439473698695,0.6335926968116301,0.8059056795821103,1254,7.294728052155068,4.34280701379061e-16,5.377019533066535e-09
266.9999999999922,-1.598998960479582e-05,-1.598998960479582e-05,0.6019588201363263,0.645951888786893,0.7985271309480236,1254,7.256428025344808,-3.718863554377288e-16,5.379034152599344e-09
267.09999999999224,-1.596660107515346e-05,-1.596660107515346e-05,0.6061120288001426,0.6511632352251665,0.7953792859659945,1254,7.223552029946038,-1.1771828330495004e-15,5.381048772132153e-09
267.19999999999226,-1.5783679545424696e-05,-1.5783679545424696e-05,0.6043542350401591,0.6489550842979498,0.7967157326104614,1254,7.1975692643576075,-1.9735529442727587e-15,5.383063391664962e-09
267.2999999999923,-1.544305270706877e-05,-1.544305270706877e-05,0.59916340661711,0.6424557766439972,0.8006267620876657,1255,7.179680529292411,-2.753030450177929e-15,5.385078011197771e-09
267.3999999999923,-1.4948123990858269e-05,-1.4948123990858269e-05,0.5953905834348375,0.6377517022559755,0.8034364026835751,1255,7.170754818696723,-3.5078192494256103e-15,5.3870926307305806e-09
267.4999999999923,-1.4303838560923887e-05,-1.4303838560923887e-05,0.5917248716711727,0.6331968324742376,0.806139985514758,1256,7.171281575719928,-4.230372193149729e-15,5.38910725026339e-09
267.59999999999235,-1.3516633904309087e-05,-1.3516633904309087e-05,0.5860289027184489,0.6261492709913732,0.8102901487606836,1257,7.181342896830927,-4.913467199423158e-15,5.391121869796199e-09
267.6999999999924,-1.25943755097275e-05,-1.25943755097275e-05,0.5836745450574212,0.6232467398257229,0.8119877003083312,1257,7.200608282818276,-5.550279783654392e-15,5.393136489329008e-09
267.7999999999924,-1.1546278278199702e-05,-1.1546278278199702e-05,0.5794461838520225,0.6180490061378033,0.8150105030116656,1258,7.228352389066491,-6.1344512024278e-15,5.395151108861817e-09
267.8999999999924,-1.0382814450808234e-05,-1.0382814450808234e-05,0.5748733302310928,0.6124493324879672,0.8182424177400075,1258,7.263494004299502,-6.660151521062294e-15,5.3971657283946266e-09
267.99999999999244,-9.115608973526393e-06,-9.115608973526393e-06,0.5720642602502997,0.6090204025433731,0.8202088039909577,1259,7.304652594087232,-7.122137042513679e-15,5.399180347927436e-09
268.09999999999246,-7.757323344600746e-06,-7.757323344600746e-06,0.567716592948371,0.6037294567101219,0.8232240704031276,1260,7.350217493205728,-7.515801655345764e-15,5.401194967460246e-09
268.1999999999925,-6.3215291050459875e-06,-6.3215291050459875e-06,0.5637927923085518,0.5989708644470996,0.8259162713864682,1260,7.3984243538485615,-7.83722175263839e-15,5.403209586993055e-09
268.2999999999925,-4.822572236293281e-06,-4.822572236293281e-06,0.5608577766925703,0.5954215089411944,0.8279121658264643,1261,7.447433701276928,-8.083194433358673e-15,5.405224206525864e-09
268.39999999999253,-3.2754298198859468e-06,-3.2754298198859468e-06,0.5566894630724405,0.5903953153924548,0.8307206761024538,1262,7.495407222940973,-8.251268727044996e-15,5.407238826058673e-09
268.49999999999255,-1.695560391431446e-06,-1.695560391431446e-06,0.5530174999466901,0.585981614399295,0.833169637440487,1262,7.540578471096661,-8.339769595511007e-15,5.4092534455914826e-09
268.5999999999926,-9.874948402350262e-08,-9.874948402350262e-08,0.5502265870051845,0.5826355702971673,0.8350153908477532,1263,7.581315758497258,-8.347814478953399e-15,5.411268065124292e-09
268.6999999999926,1.4990480955865644e-06,1.4990480955865644e-06,0.5463962873855819,0.5780553653802921,0.8375267739787502,1264,7.616176000973814,-8.275322182675174e-15,5.413282684657101e-09
268.7999999999926,3.081867682144944e-06,3.081867682144944e-06,0.5427141961384768,0.5736652517672209,0.839917437198304,1264,7.643949015819438,-8.123013952053056e-15,5.41529730418991e-09
268.89999999999264,4.633894265553329e-06,4.633894265553329e-06,0.5402098628867755,0.5706864718824785,0.8415303345927888,1265,7.6636922937645755,-7.89240665715817e-15,5.417311923722719e-09
268.99999999999267,6.139620509222075e-06,6.139620509222075e-06,0.5367804969829467,0.5666166228292391,0.8437219317160961,1266,7.674756543028168,-7.58579809842148e-15,5.4193265432555286e-09
269.0999999999927,7.5840016942513606e-06,7.5840016942513606e-06,0.5329249350380626,0.5620535235635684,0.8461625219865725,1266,7.67680239782302,-7.206244541862117e-15,5.421341162788338e-09
269.1999999999927,8.952606041289306e-06,8.952606041289306e-06,0.5307664554005281,0.5595046623309814,0.847518123594746,1267,7.669808639495493,-6.757530687783091e-15,5.423355782321147e-09
269.29999999999274,1.0231758908100754e-05,1.0231758908100754e-05,0.5277438666685688,0.5559422285888275,0.8494035620326229,1268,7.654072143724991,-6.244132364034542e-15,5.425370401853956e-09
269.39999999999276,1.1408679422072237e-05,1.1408679422072237e-05,0.5239408643331346,0.5514711617704253,0.851754642301319,1269,7.630199586001386,-5.6711723108746714e-15,5.427385021386765e-09
269.4999999999928,1.2471608182466343e-05,1.2471608182466343e-05,0.5218189060026653,0.5489817863238166,0.8530562873211718,1269,7.59909075226444,-5.0443694891614295e-15,5.429399640919575e-09
269.5999999999928,1.3409924756466749e-05,1.3409924756466749e-05,0.5191792325327648,0.5458903324802582,0.854665387450954,1270,7.561913155820517,-4.369982399154673e-15,5.4314142604523846e-09
269.6999999999928,1.4214253795032255e-05,1.4214253795032255e-05,0.5169610313973496,0.543296969305619,0.8560089322060772,1254,7.520067602981204,-3.654746946451319e-15,5.433428879985194e-09
269.79999999999285,1.4876558708285345e-05,1.4876558708285345e-05,0.5452934084748855,0.5767391019078525,0.8382452497174331,1254,7.475144429615961,-2.905809437176526e-15,5.435443499518003e-09
269.8999999999929,1.539022196446169e-05,1.539022196446169e-05,0.5684578405368235,0.6046301567727207,0.8227123941768542,1254,7.42887039976558,-2.1306553285551486e-15,5.437458119050812e-09
269.9999999999929,1.575011121010006e-05,1.575011121010006e-05,0.5862592353547911,0.62643355967641,0.8101235146329328,1254,7.383046755915935,-1.3370344048109467e-15,5.439472738583621e-09
270.0999999999929,1.595263055082162e-05,1.595263055082162e-05,0.5985245191546134,0.6416580305442574,0.801104487548746,1254,7.339479652300065,-5.328830929779032e-16,5.4414873581164306e-09
270.19999999999294,1.5995756480317863e-05,1.5995756480317863e-05,0.6050927876268323,0.6498824069459815,0.796154958762419,1254,7.299905155080294,2.7375532074541576e-16,5.44350197764924e-09
270.29999999999296,1.58790580985568e-05,1.58790580985568e-05,0.6058108827877957,0.6507846704404132,0.7956086816368154,1254,7.265912059258583,1.0748117661729923e-15,5.445516597182049e-09
270.399999999993,1.560370141719363e-05,1.560370141719363e-05,0.6005373456002197,0.6441729601131699,0.7995967086847233,1254,7.238866783152021,1.8622729011272503e-15,5.447531216714858e-09
270.499999999993,1.5172437709167724e-05,1.5172437709167724e-05,0.5976646259074051,0.6405850757608995,0.8017462160428084,1255,7.219845333273395,2.628262163651822e-15,5.449545836247667e-09
270.59999999999303,1.4589576018892846e-05,1.4589576018892846e-05,0.5924720738489828,0.6341240369966429,0.8055909890937741,1256,7.209577551159709,3.3651194385032333e-15,5.4515604557804765e-09
270.69999999999305,1.3860940107709764e-05,1.3860940107709764e-05,0.5890298135030355,0.6298577542495708,0.8081113034753191,1256,7.208408383637858,4.065478405446434e-15,5.453575075313286e-09
270.7999999999931,1.2993810264788017e-05,1.2993810264788017e-05,0.585312676683963,0.6252656401807448,0.8108076655490218,1257,7.216279714864823,4.722340663338752e-15,5.455589694846096e-09
270.8999999999931,1.1996850564883064e-05,1.1996850564883064e-05,0.5797797921233788,0.6184583957554735,0.8147732154688025,1258,7.2327344925616215,5.329145789257985e-15,5.457604314378905e-09
270.9999999999931,1.0880022299765298e-05,1.0880022299765298e-05,0.5774315430038122,0.6155792518609614,0.8164391055946773,1258,7.256942764714963,5.8798365931168655e-15,5.459618933911714e-09
271.09999999999314,9.654484448285442e-06,9.654484448285442e-06,0.5733477445167443,0.6105860842969183,0.8193121284697072,1259,7.287747197899407,6.368918952027351e-15,5.461633553444523e-09
271.19999999999317,8.332482179546532e-06,8.332482179546532e-06,0.5687154278307902,0.604943285842603,0.8225343531714899,1259,7.323724034695267,6.79151573443631e-15,5.4636481729773326e-09
271.2999999999932,6.927224503221964e-06,6.927224503221964e-06,0.5660478535380442,0.6017037921910569,0.824372384001898,1260,7.363254503844342,7.143414430730071e-15,5.465662792510142e-09
271.3999999999932,5.45275228949715e-06,5.45275228949715e-06,0.561984453024864,0.5967830017994709,0.8271477948700247,1261,7.404601486392519,7.421108181218478e-15,5.467677412042951e-09
271.49999999999324,3.9237979773359225e-06,3.9237979773359225e-06,0.557804499660705,0.5917381721247347,0.8299723731295341,1261,7.44598666332599,7.621829933099712e-15,5.46969203157576e-09
271.59999999999326,2.3556383728203034e-06,2.3556383728203034e-06,0.5551393482686993,0.5885304915308092,0.8317573588516087,1262,7.485664218733413,7.743579475650774e-15,5.471706651108569e-09
271.6999999999933,7.639420083539723e-07,7.639420083539723e-07,0.5513280276700139,0.5839552107408686,0.8342885627320397,1263,7.5219882107672715,7.785143114191894e-15,5.4737212706413785e-09
271.7999999999933,-8.353874121341811e-07,-8.353874121341811e-07,0.5472727178426045,0.5791021736937337,0.8369543430230643,1263,7.553471746130107,7.74610576454852e-15,5.475735890174188e-09
271.8999999999933,-2.4263699177426503e-06,-2.4263699177426503e-06,0.5448169946897973,0.5761708603655509,0.8385549727341538,1264,7.578836963479865,7.626855291362853e-15,5.477750509706997e-09
271.99999999999335,-3.993108937184284e-06,-3.993108937184284e-06,0.5413693687419838,0.5720649361141078,0.8407848753325109,1265,7.5970554784991275,7.428578978553548e-15,5.479765129239806e-09
272.0999999999934,-5.519950132071877e-06,-5.519950132071877e-06,0.537226533455548,0.5671453651909955,0.8434379952025726,1265,7.607379356631447,7.153252104476403e-15,5.481779748772616e-09
272.1999999999934,-6.991637809892704e-06,-6.991637809892704e-06,0.5350815915409634,0.5646043250325943,0.8448003849395368,1266,7.609362883104513,6.803618689644702e-15,5.483794368305425e-09
272.2999999999934,-8.393467353845239e-06,-8.393467353845239e-06,0.532032809034323,0.5609995532623884,0.846723738955657,1267,7.602875435932583,6.383164581939026e-15,5.4858089878382346e-09
272.39999999999344,-9.711432146509541e-06,-9.711432146509541e-06,0.528182248700666,0.5564584171003838,0.8491310335616687,1268,7.5881056834790925,5.896083135410113e-15,5.487823607371044e-09
272.49999999999346,-1.0932363519338542e-05,-1.0932363519338542e-05,0.5258752173430339,0.5537437736178336,0.8505617295554844,1268,7.565557170825206,5.3472338195505465e-15,5.489838226903853e-09
272.5999999999935,-1.2044062329641182e-05,-1.2044062329641182e-05,0.5232170978576496,0.5506216477562639,0.8521994300100292,1269,7.536035174653371,4.742094165118142e-15,5.491852846436662e-09
272.6999999999935,-1.3035420850383678e-05,-1.3035420850383678e-05,0.5197726982490674,0.5465848627509051,0.8543045956536135,1270,7.500624541922921,4.086705511621168e-15,5.493867465969471e-09
272.79999999999353,-1.3896533754926329e-05,-1.3896533754926329e-05,0.5171178005784647,0.5434801190912382,0.8559142365476177,1270,7.46065813446123,3.38761307308968e-15,5.4958820855022805e-09
272.89999999999355,-1.4618797087773022e-05,-1.4618797087773022e-05,0.5341262438549288,0.563473873377371,0.845404728887546,1254,7.4176755354849,2.6518008855850777e-15,5.49789670503509e-09
272.9999999999936,-1.5194994232450462e-05,-1.5194994232450462e-05,0.5594654857851795,0.5937407758311678,0.8288536482486839,1254,7.373371892122623,1.886622244362577e-15,5.499911324567899e-09
273.0999999999936,-1.5619368017554484e-05,-1.5619368017554484e-05,0.5795194838754956,0.6181389465336028,0.8149583840961937,1254,7.329537219695734,1.0997262823570632e-15,5.501925944100708e-09
273.1999999999936,-1.5887678240503652e-05,-1.5887678240503652e-05,0.5941074036950442,0.6361555313287183,0.8043857239376726,1254,7.28798720490499,2.989813858629189e-16,5.503940563633517e-09
273.29999999999364,-1.5997244034241822e-05,-1.5997244034241822e-05,0.6030641994162252,0.6473368849047619,0.7976926547126201,1254,7.250487497781427,-5.076038112989028e-16,5.5059551831663265e-09
273.39999999999367,-1.59469706535756e-05,-1.59469706535756e-05,0.6062335508685459,0.6513160291766356,0.7952866664299825,1254,7.2186745921208955,-1.3119610669597618e-15,5.5079698026991366e-09
273.4999999999937,-1.5737360413506428e-05,-1.5737360413506428e-05,0.6034680145330453,0.6478432107863371,0.7973872054626562,1254,7.1939774994385,-2.106043967603479e-15,5.509984422231946e-09
273.5999999999937,-1.537050767026515e-05,-1.537050767026515e-05,0.5989335613319186,0.6421687257805513,0.8007987194734173,1255,7.177545293188688,-2.8819092829972558e-15,5.511999041764755e-09
273.69999999999374,-1.4850077895196839e-05,-1.4850077895196839e-05,0.5941811959383555,0.6362472718225102,0.8043312168461856,1255,7.170185983125264,-3.6317973225727334e-15,5.514013661297564e-09
273.79999999999376,-1.4181271050582768e-05,-1.4181271050582768e-05,0.5911466893136599,0.6324797978361882,0.8065640654737225,1256,7.172321864049098,-4.3482103603310364e-15,5.516028280830373e-09
273.8999999999938,-1.3370769633336173e-05,-1.3370769633336173e-05,0.5860098378531643,0.626125742748917,0.8103039367665124,1257,7.183965384148732,-5.023988206713588e-15,5.5180429003631825e-09
273.9999999999938,-1.2426671905702039e-05,-1.2426671905702039e-05,0.5827386285187552,0.6220945926344019,0.8126596402135892,1257,7.204717793707837,-5.652380054781191e-15,5.520057519895992e-09
274.0999999999938,-1.1358410980097671e-05,-1.1358410980097671e-05,0.5790519682513399,0.6175653953691869,0.815290634108015,1258,7.23379064660492,-6.227111815322485e-15,5.522072139428801e-09
274.19999999999385,-1.0176660566571601e-05,-1.0176660566571601e-05,0.5737439549171788,0.6110697552519908,0.8190347209953888,1259,7.270048032157272,-6.742448272134424e-15,5.52408675896161e-09
274.2999999999939,-8.893228324621038e-06,-8.893228324621038e-06,0.5712860139345424,0.6080718768932177,0.8207510525627012,1259,7.312065612135825,-7.193249516397327e-15,5.526101378494419e-09
274.3999999999939,-7.52093788496126e-06,-7.52093788496126e-06,0.5674117093061741,0.6033591508169363,0.8234342427554526,1260,7.358201411867683,-7.575021235902206e-15,5.5281159980272285e-09
274.4999999999939,-6.073500720046446e-06,-6.073500720046446e-06,0.5626202535748173,0.5975518688954858,0.8267154590712625,1260,7.406672966990997,-7.883958523483685e-15,5.530130617560038e-09
274.59999999999394,-4.565379143569317e-06,-4.565379143569317e-06,0.5601556407115859,0.594573672040019,0.8283873841259249,1261,7.455635777175108,-8.116982922950815e-15,5.532145237092847e-09
274.69999999999396,-3.0116418078033267e-06,-3.0116418078033267e-06,0.5564101976386657,0.5900591807591522,0.8309077517773564,1262,7.503258857448516,-8.271772456211046e-15,5.534159856625656e-09
274.799999999994,-1.4278131426101764e-06,-1.4278131426101764e-06,0.5519102888135012,0.5846532851842426,0.8339034914795582,1262,7.547794254471293,-8.346784387079705e-15,5.536174476158466e-09
274.899999999994,1.7028175953166642e-07,1.7028175953166642e-07,0.5495455244827424,0.5818201605640594,0.835463773314551,1263,7.58763848342995,-8.341270492645032e-15,5.538189095691275e-09
274.99999999999403,1.766675262619934e-06,1.766675262619934e-06,0.546101840275995,0.577703838282475,0.8377187953288213,1264,7.6213847831367225,-8.25528464537973e-15,5.5402037152240845e-09
275.09999999999405,3.345416730469295e-06,3.345416730469295e-06,0.5417529989406319,0.5725212794584078,0.8405377374864449,1265,7.647865800981159,-8.089682564578174e-15,5.542218334756894e-09
275.1999999999941,4.890731900195536e-06,4.890731900195536e-06,0.5395142419384091,0.5698600767586411,0.8419764739858375,1265,7.6661867877364225,-7.846113672753631e-15,5.544232954289703e-09
275.2999999999941,6.387180493436028e-06,6.387180493436028e-06,0.5364464015551519,0.5662206945603074,0.8439343921529261,1266,7.6757496282559385,-7.52700508447844e-15,5.546247573822512e-09
275.3999999999941,7.81981049050724e-06,7.81981049050724e-06,0.5325450161454842,0.561604596562154,0.8464016811057301,1267,7.676268101327115,-7.135537852560502e-15,5.548262193355321e-09
275.49999999999415,9.174307526042951e-06,9.174307526042951e-06,0.5300346739427817,0.5586414550624957,0.8479759692458089,1267,7.667774699292688,-6.67561569082314e-15,5.5502768128881305e-09
275.59999999999417,1.0437137913401268e-05,1.0437137913401268e-05,0.5273569524492289,0.5554867801845645,0.8496438340289781,1268,7.650619192484514,-6.151826478176463e-15,5.55229143242094e-09
275.6999999999942,1.1595683868787931e-05,1.1595683868787931e-05,0.5238770583440412,0.5513962522648536,0.8517938880625958,1269,7.625458938658042,-5.569396922637693e-15,5.554306051953749e-09
275.7999999999942,1.2638369583981088e-05,1.2638369583981088e-05,0.5210391726367405,0.5480679947924567,0.8535327647946627,1269,7.59324075579756,-4.9341408269396165e-15,5.556320671486558e-09
275.89999999999424,1.3554776887980596e-05,1.3554776887980596e-05,0.5187337999497743,0.5453692371830314,0.8549358132571518,1270,7.555174042092569,-4.252401451649001e-15,5.558335291019367e-09
275.99999999999426,1.4335749341928867e-05,1.4335749341928867e-05,0.5220784842172367,0.5492861066664344,0.852897447714221,1254,7.5126947878328,-3.5309885201755867e-15,5.5603499105521765e-09
276.0999999999943,1.4973483727221218e-05,1.4973483727221218e-05,0.5495567967135687,0.5818336528077765,0.8354563586363571,1254,7.467420232104307,-2.777110455259903e-15,5.5623645300849865e-09
276.1999999999943,1.5461608012686764e-05,1.5461608012686764e-05,0.5718323078092908,0.6087376336041272,0.820370533201614,1254,7.421094222381933,-1.9983024804141473e-15,5.564379149617796e-09
276.2999999999943,1.579524502181757e-05,1.579524502181757e-05,0.588714452705059,0.6294675654655179,0.8083410747798128,1254,7.375523874509812,-1.2023512636903306e-15,5.566393769150605e-09
276.39999999999435,1.5971061163904128e-05,1.5971061163904128e-05,0.6000327849442869,0.6435420906034702,0.7999754102420918,1254,7.33250891159873,-3.9721682599594104e-16,5.568408388683414e-09
276.4999999999944,1.5987299742171806e-05,1.5987299742171806e-05,0.6056278180253992,0.6505545966186327,0.7957480418033047,1254,7.2937660406827485,4.090475175242215e-16,5.570423008216223e-09
276.5999999999944,1.5843798506114302e-05,1.5843798506114302e-05,0.6053478190942425,0.6502027748856667,0.7959610655791175,1254,7.260851796365336,1.2083763671303593e-15,5.5724376277490325e-09
276.6999999999944,1.5541991272647112e-05,1.5541991272647112e-05,0.5992059459595107,0.6425089102515761,0.8005949252442011,1255,7.235088261434414,1.9927737368878818e-15,5.574452247281842e-09
276.79999999999444,1.5084893599882829e-05,1.5084893599882829e-05,0.5968676019996706,0.6395913337025245,0.8023397445491298,1255,7.21749673586451,2.7543939391568456e-15,5.576466866814651e-09
276.89999999999446,1.4477072656671312e-05,1.4477072656671312e-05,0.5922860622124618,0.6338931557560509,0.8057277583085094,1256,7.208744538064482,3.4856209262398648e-15,5.57848148634746e-09
276.9999999999945,1.3724601588958246e-05,1.3724601588958246e-05,0.5878943211501443,0.6284533538439586,0.8089377399771944,1256,7.20910952756682,4.179145158615219e-15,5.580496105880269e-09
277.0999999999945,1.2834998838918358e-05,1.2834998838918358e-05,0.5847650836224567,0.6245904372878096,0.8112026855083884,1257,7.218465619831679,4.828037101951147e-15,5.5825107254130785e-09
277.19999999999453,1.1817153023166476e-05,1.1817153023166476e-05,0.5797533396111088,0.618425930026088,0.8147920380132383,1258,7.236290681688962,5.4258165268952455e-15,5.584525344945888e-09
277.29999999999455,1.0681234120638503e-05,1.0681234120638503e-05,0.5765116356357775,0.6144529690598484,0.8170889388411525,1258,7.2616960642048785,5.966516891819946e-15,5.586539964478697e-09
277.3999999999946,9.43859185752364e-06,9.43859185752364e-06,0.5729370997517202,0.6100849653968602,0.8195993409758742,1259,7.293475034212056,6.444744214413833e-15,5.588554584011507e-09
277.4999999999946,8.101642304552013e-06,8.101642304552013e-06,0.5679069748467669,0.6039607389222604,0.8230927456370841,1260,7.330165852451535,6.85572996191041e-15,5.590569203544316e-09
277.5999999999946,6.683743819720159e-06,6.683743819720159e-06,0.5652449930389274,0.6007302123197789,0.824923086017371,1260,7.370124426234442,7.195377591596007e-15,5.592583823077125e-09
277.69999999999465,5.199063575993596e-06,5.199063575993596e-06,0.5616318256451024,0.5963567462522967,0.8273872687094898,1261,7.411601371332026,7.460302441532401e-15,5.5945984426099345e-09
277.79999999999467,3.662436007597609e-06,3.662436007597609e-06,0.5568549497593066,0.5905945372729802,0.8306097548961006,1262,7.452818827908391,7.647864707261593e-15,5.596613062142744e-09
277.8999999999947,2.0892145892540753e-06,2.0892145892540753e-06,0.5543856797371101,0.5876246493800554,0.8322598861548131,1262,7.4920432720374155,7.756195255598574e-15,5.598627681675553e-09
277.9999999999947,4.951184293372311e-07,4.951184293372311e-07,0.5509813343449284,0.5835397121230553,0.8345175667434942,1263,7.527651612862653,7.784214038552489e-15,5.600642301208362e-09
278.09999999999474,-1.10392479026116e-06,-1.10392479026116e-06,0.5465948851221216,0.5782925077717751,0.8373971767078837,1264,7.55818887078796,7.731640894492079e-15,5.602656920741171e-09
278.19999999999476,-2.6919379582642767e-06,-2.6919379582642767e-06,0.5440672808239876,0.5752770652405031,0.839041592495147,1264,7.58241656739009,7.59899856923076e-15,5.6046715402739805e-09
278.2999999999948,-4.253054172024787e-06,-4.253054172024787e-06,0.5409959427375002,0.5716208598138878,0.8410252017279646,1265,7.599351565315018,7.387607858335736e-15,5.60668615980679e-09
278.3999999999948,-5.7716752743711995e-06,-5.7716752743711995e-06,0.5370461137691576,0.5669314699201913,0.8435528861224085,1266,7.608295472039687,7.099574858722245e-15,5.608700779339599e-09
278.4999999999948,-7.2326277052382585e-06,-7.2326277052382585e-06,0.5343071569458366,0.5636878836823851,0.8452904010081134,1266,7.608854893627477,6.7377704138308156e-15,5.610715398872408e-09
278.59999999999485,-8.621314110863402e-06,-8.621314110863402e-06,0.5316137108340839,0.5605046656774553,0.8469869316897487,1267,7.60095283713475,6.3058019332261016e-15,5.612730018405217e-09
278.6999999999949,-9.92385919572031e-06,-9.92385919572031e-06,0.5280938188289381,0.5563542788644877,0.8491860329248643,1268,7.584831460659674,5.807977857101197e-15,5.614744637938027e-09
278.7999999999949,-1.1127248359885245e-05,-1.1127248359885245e-05,0.5250592450363766,0.5527847243685925,0.8510656785476843,1268,7.561046204898109,5.249265114996233e-15,5.6167592574708365e-09
278.8999999999949,-1.221945773661744e-05,-1.221945773661744e-05,0.5227427402564299,0.5500651153514917,0.852490485289542,1269,7.530451155529048,4.6352399953877496e-15,5.618773877003646e-09
278.99999999999494,-1.3189574330861e-05,-1.3189574330861e-05,0.5196199813340496,0.5464061108014813,0.854397492387707,1270,7.494175329594064,3.972032900365782e-15,5.620788496536455e-09
279.09999999999496,-1.402790505828415e-05,-1.402790505828415e-05,0.5162516399829672,0.5424684568458555,0.8564369470164729,1270,7.453589503240549,3.2662675101530573e-15,5.622803116069264e-09
279.199999999995,-1.4726073595373766e-05,-1.4726073595373766e-05,0.5387473169001712,0.5689494795047942,0.8424674050269639,1254,7.410263259124678,2.5249949285070487e-15,5.624817735602073e-09
279.299999999995,-1.5277104072891086e-05,-1.5277104072891086e-05,0.5632114565895437,0.5982671657861928,0.8263128070932245,1254,7.36591218606121,1.7556234242893609e-15,5.6268323551348825e-09
279.39999999999503,-1.5675490776451208e-05,-1.5675490776451208e-05,0.5823583895222693,0.6216267765588652,0.8129321657758591,1254,7.3223356579712755,9.658444282485844e-16,5.628846974667692e-09
279.49999999999505,-1.5917253157801295e-05,-1.5917253157801295e-05,0.5960106452686718,0.6385236853366697,0.8029765318652977,1254,7.281346373988813,1.6355548842420891e-16,5.630861594200501e-09
279.5999999999951,-1.599997560714291e-05,-1.599997560714291e-05,0.6040049803381747,0.6485167891195776,0.7969805416236215,1254,7.24469382866259,-6.432190667481047e-16,5.63287621373331e-09
279.6999999999951,-1.592283158910665e-05,-1.592283158910665e-05,0.6061863179134374,0.6512566394144359,0.7953226690938395,1254,7.213985003713206,-1.4464089614801902e-15,5.634890833266119e-09
279.7999999999951,-1.56865919012203e-05,-1.56865919012203e-05,0.6024093866382769,0.6465162558239081,0.7981872780808368,1254,7.190606656259502,-2.2379794584710178e-15,5.6369054527989285e-09
279.89999999999515,-1.5293616972354764e-05,-1.5293616972354764e-05,0.598540360818626,0.641677805469109,0.8010926516147236,1255,7.175654385591303,-3.0100126105011548e-15,5.638920072331738e-09
279.99999999999517,-1.4747833278099033e-05,-1.4747833278099033e-05,0.5928037641681945,0.634535834755075,0.8053469421237158,1255,7.169873938437735,-3.754787357411726e-15,5.640934691864548e-09
280.0999999999952,-1.4054694108714005e-05,-1.4054694108714005e-05,0.5904084564671228,0.6315648233988819,0.8071046118887623,1256,7.173619766728067,-4.464857534894953e-15,5.642949311397357e-09
280.1999999999952,-1.3221125081658833e-05,-1.3221125081658833e-05,0.5858393949818057,0.6259154143734481,0.810427173339685,1257,7.186834625317495,-5.1331268790138375e-15,5.644963930930166e-09
280.29999999999524,-1.225545494311057e-05,-1.225545494311057e-05,0.5816441929619596,0.6207485088756598,0.8134433187343976,1257,7.209052120757959,-5.752920165897155e-15,5.646978550462975e-09
280.39999999999526,-1.1167332349885487e-05,-1.1167332349885487e-05,0.5785076140823342,0.616897872429905,0.8156769829097577,1258,7.2394219033522855,-6.3180497191912435e-15,5.6489931699957845e-09
280.4999999999953,-9.967629463249585e-06,-9.967629463249585e-06,0.5736883642881649,0.6110018835169655,0.819073660106568,1259,7.2767550397395215,-6.822876637800697e-15,5.651007789528594e-09
280.5999999999953,-8.668333317877084e-06,-8.668333317877084e-06,0.5703577455594575,0.6069413227811743,0.821396397654831,1259,7.319585398925567,-7.26236622381873e-15,5.653022409061403e-09
280.6999999999953,-7.2824260513623544e-06,-7.2824260513623544e-06,0.5669652892203432,0.6028171078355681,0.8237416833081185,1260,7.366241887943635,-7.632137203611583e-15,5.655037028594212e-09
280.79999999999535,-5.823755190992378e-06,-5.823755190992378e-06,0.5622532831135718,0.5971080462268735,0.8269650812628122,1261,7.414926153283683,-7.928504417884138e-15,5.657051648127021e-09
280.8999999999954,-4.306895293831501e-06,-4.306895293831501e-06,0.5593111135601964,0.5935545396675498,0.8289578265798889,1261,7.463790813080466,-8.148514704956307e-15,5.6590662676598305e-09
280.9999999999954,-2.747002322564943e-06,-2.747002322564943e-06,0.5559966843242331,0.5895615991076326,0.831184508409811,1262,7.511014181969122,-8.289975723401792e-15,5.66108088719264e-09
281.0999999999954,-1.1596622121295446e-06,-1.1596622121295446e-06,0.551599704595633,0.5842808848307224,0.8341089652377622,1263,7.554868543438527,-8.351477471438573e-15,5.663095506725449e-09
281.19999999999544,4.3926485979609564e-07,4.3926485979609564e-07,0.5487286099779477,0.5808426770121778,0.8360005458082366,1263,7.59378009715201,-8.332406277923522e-15,5.665110126258258e-09
281.29999999999546,2.033802942444309e-06,2.033802942444309e-06,0.5456790748134478,0.5771992585071696,0.8379942406190747,1264,7.626379616007514,-8.232951075794166e-15,5.667124745791067e-09
281.3999999999955,3.6080199383774795e-06,3.6080199383774795e-06,0.5416898162894765,0.572446111958005,0.8405784573305892,1265,7.651543520285391,-8.05410182811242e-15,5.669139365323877e-09
281.4999999999955,5.14618679173919e-06,5.14618679173919e-06,0.5386881455091953,0.5688792452596568,0.8425052414601728,1265,7.668425504776068,-7.797640056995004e-15,5.6711539848566865e-09
281.59999999999553,6.632934647781007e-06,6.632934647781007e-06,0.5359886492892801,0.5656783853378026,0.8442251878693582,1266,7.6764790674099315,-7.466121519160071e-15,5.673168604389496e-09
281.69999999999555,8.053408413378851e-06,8.053408413378851e-06,0.5324277224014574,0.5614660233127023,0.8464754694723271,1267,7.675471329877343,-7.062851169267509e-15,5.675183223922305e-09
281.7999999999956,9.393415184213067e-06,9.393415184213067e-06,0.5291767039495979,0.5576299888878508,0.848511647531747,1267,7.665488460941485,-6.591850645419573e-15,5.677197843455114e-09
281.8999999999956,1.0639566055576814e-05,1.0639566055576814e-05,0.526849952662143,0.5548901702378581,0.8499583092010441,1268,7.6469328579963145,-6.057818594769009e-15,5.679212462987923e-09
281.9999999999956,1.1779409899886135e-05,1.1779409899886135e-05,0.5236984884333461,0.5511866259642992,0.851903687756209,1269,7.620512055104164,-5.466084229203255e-15,5.6812270825207325e-09
282.09999999999565,1.2801557774230967e-05,1.2801557774230967e-05,0.5201365980294428,0.5470108782022929,0.8540830869361351,1269,7.5872191486890905,-4.822554562402584e-15,5.683241702053542e-09
282.19999999999567,1.3695796714928016e-05,1.3695796714928016e-05,0.5181709715046344,0.5447110402595986,0.8552770570347035,1270,7.548304410057127,-4.133655832672961e-15,5.685256321586351e-09
282.2999999999957,1.4453191782077927e-05,1.4453191782077927e-05,0.5270547551230172,0.5551311441271773,0.8498313274422262,1254,7.505237735952166,-3.406269663701604e-15,5.68727094111916e-09
282.3999999999957,1.5066175334531256e-05,1.5066175334531256e-05,0.5536726933681644,0.5867682064005151,0.8327343805910998,1254,7.459661726317628,-2.6476645602530185e-15,5.689285560651969e-09
282.49999999999574,1.5528622643257314e-05,1.5528622643257314e-05,0.5750538815921804,0.6126700071389365,0.818115537846438,1254,7.413335520996216,-1.865423379630368e-15,5.6913001801847785e-09
282.59999999999576,1.5835913087612058e-05,1.5835913087612058e-05,0.5910119369343714,0.6323127384089581,0.8066628108454502,1254,7.3680701077059405,-1.0673674637314023e-15,5.693314799717588e-09
282.6999999999958,1.5984976323052215e-05,1.5984976323052215e-05,0.6013787734223334,0.6452256917456812,0.7989640610672359,1254,7.325656632787352,-2.61478161597527e-16,5.695329419250398e-09
282.7999999999958,1.5974322959003016e-05,1.5974322959003016e-05,0.6059962244380516,0.6510176468989681,0.7954675203720304,1254,7.287790251292633,5.441834811025825e-16,5.697344038783207e-09
282.8999999999958,1.5804059440356513e-05,1.5804059440356513e-05,0.6047141358646463,0.6494068922710428,0.7964425992408204,1254,7.255993122644911,1.3415580417836593e-15,5.699358658316016e-09
282.99999999999585,1.547588698390938e-05,1.547588698390938e-05,0.5992151375444625,0.6425203912442151,0.8005880457123818,1255,7.2315411019977045,2.1226691801894796e-15,5.701373277848825e-09
283.0999999999959,1.499308458036705e-05,1.499308458036705e-05,0.5959043230482804,0.6383912817205791,0.8030554387913519,1255,7.215399261628053,2.879704328832023e-15,5.7033878973816345e-09
283.1999999999959,1.4360476231752463e-05,1.4360476231752463e-05,0.5919420250470339,0.6334662333911444,0.8059805450401496,1256,7.208171378223106,3.605093683398039e-15,5.705402516914444e-09
283.2999999999959,1.3584382751572464e-05,1.3584382751572464e-05,0.5865946683339912,0.6268476733906472,0.8098806671863052,1256,7.210067802068556,4.2915865654365065e-15,5.707417136447253e-09
283.39999999999594,1.2672558609338616e-05,1.2672558609338616e-05,0.5840610364099813,0.6237228030812507,0.811709742301827,1257,7.220894694818196,4.932324268861556e-15,5.709431755980062e-09
283.49999999999596,1.1634114450471133e-05,1.1634114450471133e-05,0.5795787134896498,0.6182116264961414,0.8149162624893936,1258,7.240065673204187,5.520908579999879e-15,5.711446375512871e-09
283.599999999996,1.0479426065741428e-05,1.0479426065741428e-05,0.575435484412796,0.6131365248785727,0.8178471759923187,1258,7.266634759887999,6.051465271672317e-15,5.7134609950456805e-09
283.699999999996,9.220030719800486e-06,9.220030719800486e-06,0.5723783306385177,0.6094033688621386,0.8199896625052439,1259,7.299347606695192,6.5187019987715776e-15,5.71547561457849e-09
283.79999999999603,7.86851187464421e-06,7.86851187464421e-06,0.5678092978520681,0.6038420730769699,0.8231601310029182,1260,7.336706548647923,6.9179601442541455e-15,5.717490234111299e-09
283.89999999999606,6.438373459820668e-06,6.438373459820668e-06,0.5642931333895438,0.5995767910117719,0.8255745027612048,1260,7.377044351873627,7.24526026115076e-15,5.719504853644108e-09
283.9999999999961,4.943904945629878e-06,4.943904945629878e-06,0.5611382549326215,0.5957603256047442,0.8277220903486703,1261,7.4186015388294155,7.497340818612992e-15,5.721519473176918e-09
284.0999999999961,3.4000385674600294e-06,3.4000385674600294e-06,0.5567725803015984,0.590495373111432,0.8306649708662935,1262,7.459602765942539,7.671689991335463e-15,5.723534092709727e-09
284.1999999999961,1.822200127827429e-06,1.822200127827429e-06,0.5534893876705524,0.58654809745436,0.8328562287310319,1262,7.498328666929239,7.766570245228405e-15,5.7255487122425365e-09
284.29999999999615,2.2615486685684812e-07,2.2615486685684812e-07,0.5504996376156797,0.5829626062325657,0.8348354023309058,1263,7.5331806282757645,7.781035485230737e-15,5.727563331775346e-09
284.39999999999617,-1.3721500587865079e-06,-1.3721500587865079e-06,0.5464890819337852,0.5781661653036222,0.8374662281711237,1264,7.562736946984676,7.714940558397109e-15,5.729577951308155e-09
284.4999999999962,-2.956744914614968e-06,-2.956744914614968e-06,0.5431802842482705,0.5742202726587307,0.8396160901292733,1264,7.585799620032927,7.568942954925609e-15,5.731592570840964e-09
284.5999999999962,-4.511796952626507e-06,-4.511796952626507e-06,0.5404922364972975,0.5710220557853998,0.8413490014768839,1265,7.601431582703157,7.344496621957238e-15,5.733607190373773e-09
284.69999999999624,-6.021768606889167e-06,-6.021768606889167e-06,0.5368942770426481,0.5667514835423403,0.8436495334431544,1266,7.608984551775859,7.043837893985794e-15,5.7356218099065824e-09
284.79999999999626,-7.471572739763816e-06,-7.471572739763816e-06,0.5333997567619354,0.5626147699807579,0.8458632865223009,1266,7.608117771702032,6.6699636406194185e-15,5.737636429439392e-09
284.8999999999963,-8.846723387596297e-06,-8.846723387596297e-06,0.5310679843026855,0.5598604806898115,0.8473292134989107,1267,7.598807952211851,6.226601828238768e-15,5.739651048972201e-09
284.9999999999963,-1.0133480499677826e-05,-1.0133480499677826e-05,0.5278843427868934,0.5561076191560537,0.8493162665582531,1268,7.581350571913267,5.718174780102072e-15,5.74166566850501e-09
285.0999999999963,-1.131898722428983e-05,-1.131898722428983e-05,0.5241137230348758,0.5516741186846587,0.8516482873384538,1268,7.5563525508119795,5.149755496309385e-15,5.743680288037819e-09
285.19999999999635,-1.2391398370116404e-05,-1.2391398370116404e-05,0.5221445381413536,0.5493635550046108,0.8528570110453173,1269,7.524716111481782,4.5270174605771295e-15,5.7456949075706284e-09
285.2999999999964,-1.3339998759480436e-05,-1.3339998759480436e-05,0.5193483971477324,0.5460882751951729,0.854562602961352,1270,7.487613502199265,3.856178416948428e-15,5.7477095271034385e-09
285.3999999999964,-1.4155310290856996e-05,-1.4155310290856996e-05,0.5157835591124469,0.5419220023568871,0.8567189271571494,1271,7.446452198521624,3.143938649205515e-15,5.749724146636248e-09
285.4999999999964,-1.4829186640930727e-05,-1.4829186640930727e-05,0.5432251855951716,0.5742737520098404,0.8395870399994817,1254,7.402830289368729,2.397414341556872e-15,5.751738766169057e-09
285.59999999999644,-1.5354894659965597e-05,-1.5354894659965597e-05,0.5668085526904506,0.6026268464076117,0.8238495400235146,1254,7.358482045550996,1.6240666432417298e-15,5.753753385701866e-09
285.69999999999646,-1.572718164721137e-05,-1.572718164721137e-05,0.5850434534260072,0.6249336366540125,0.8110019467321712,1254,7.315214206540648,8.316271034910734e-16,5.755768005234675e-09
285.7999999999965,-1.59423278341532e-05,-1.59423278341532e-05,0.5977554719784872,0.6406983908056793,0.8016784865017746,1254,7.274834318755331,2.802018782824465e-17,5.7577826247674844e-09
285.8999999999965,-1.599818355120904e-05,-1.599818355120904e-05,0.6047829888529604,0.6494933457685641,0.796390316612451,1254,7.239073477343799,-7.787163673810896e-16,5.759797244300294e-09
285.99999999999653,-1.5894190706517517e-05,-1.5894190706517517e-05,0.6059722111789734,0.6509874596413446,0.7954858133737306,1254,7.209506953675514,-1.5805125579879559e-15,5.761811863833103e-09
286.09999999999656,-1.5631388362207315e-05,-1.5631388362207315e-05,0.6011803669714024,0.644977385315759,0.7991133626514638,1254,7.1874772455174085,-2.3693476216386185e-15,5.763826483365912e-09
286.1999999999966,-1.521240235243189e-05,-1.521240235243189e-05,0.5979853434885637,0.6409851592492006,0.8015070361343465,1255,7.174024822180465,-3.1373311602665867e-15,5.765841102898721e-09
286.2999999999966,-1.4641419046902549e-05,-1.4641419046902549e-05,0.5925061559874217,0.6341663446554358,0.805565922266458,1256,7.1698320038663415,-3.8767829512042925e-15,5.7678557224315304e-09
286.3999999999966,-1.392414352206616e-05,-1.392414352206616e-05,0.5895112972523178,0.6304536973729435,0.8077601317296426,1256,7.175184836468467,-4.580310513869456e-15,5.76987034196434e-09
286.49999999999665,-1.306774255786713e-05,-1.306774255786713e-05,0.5855183261458565,0.6255192987278017,0.8106591699027123,1257,7.189956472823496,-5.240883522512483e-15,5.771884961497149e-09
286.59999999999667,-1.208077302965121e-05,-1.208077302965121e-05,0.5803919458291048,0.6192099146762551,0.814337269942071,1257,7.213613611955654,-5.851904217662655e-15,5.773899581029958e-09
286.6999999999967,-1.0973096410695594e-05,-1.0973096410695594e-05,0.577813467351335,0.6160471221031667,0.8161688532083466,1258,7.2452453103021845,-6.407273067593806e-15,5.775914200562768e-09
286.7999999999967,-9.755780239627682e-06,-9.755780239627682e-06,0.5734913322653706,0.6107613490712888,0.8192116282234343,1259,7.283611374993341,-6.901449053846479e-15,5.777928820095577e-09
286.89999999999674,-8.44098753723756e-06,-8.44098753723756e-06,0.5692794083791958,0.6056291105010523,0.8221441206962639,1259,7.32720595069604,-7.329504081267543e-15,5.7799434396283864e-09
286.99999999999676,-7.041855277594833e-06,-7.041855277594833e-06,0.5663770031529382,0.6021031199242184,0.8241462796733944,1260,7.374331045871729,-7.68717112185744e-15,5.781958059161196e-09
287.0999999999968,-5.572363127746223e-06,-5.572363127746223e-06,0.5621033660123658,0.5969267715062657,0.8270669899818082,1261,7.423174648324584,-7.970885778723556e-15,5.783972678694005e-09
287.1999999999968,-4.047193767503502e-06,-4.047193767503502e-06,0.5583234781282853,0.5923635996853681,0.8296233445189053,1261,7.471888621404827,-8.177820999540284e-15,5.785987298226814e-09
287.2999999999968,-2.4815861849602575e-06,-2.4815861849602575e-06,0.555447969783015,0.5889015850262148,0.8315512929843395,1262,7.518662519443888,-8.305914687821534e-15,5.788001917759623e-09
287.39999999999685,-8.911834135602098e-07,-8.911834135602098e-07,0.5514468830370893,0.58409768058658,0.8342100066462154,1263,7.561790563949419,-8.353889971478864e-15,5.7900165372924324e-09
287.4999999999969,7.081237679220649e-07,7.081237679220649e-07,0.5477744974495503,0.5797018217327886,0.8366260215555649,1263,7.599730074924006,-8.321267908043355e-15,5.792031156825242e-09
287.5999999999969,2.300355610789856e-06,2.300355610789856e-06,0.5451264367469899,0.5765399228340277,0.8383538441252179,1264,7.631150522461077,-8.208372445721537e-15,5.794045776358051e-09
287.6999999999969,3.869603060791091e-06,3.869603060791091e-06,0.5415033983721138,0.5722243544312836,0.8406985604552037,1265,7.654972994660672,-8.01632752261629e-15,5.79606039589086e-09
287.79999999999694,5.400186716129594e-06,5.400186716129594e-06,0.5377296183024984,0.5677419478467896,0.8431173450951234,1265,7.670400267494515,-7.747046269426227e-15,5.798075015423669e-09
287.89999999999696,6.876813490864904e-06,6.876813490864904e-06,0.535405092934035,0.5649873038376427,0.8445953980814112,1266,7.676937842795157,-7.403212375710652e-15,5.800089634956478e-09
287.999999999997,8.284729418371775e-06,8.284729418371775e-06,0.532190491955797,0.5611857912781694,0.8466246395374084,1267,7.674406338645325,-6.988253777052287e-15,5.8021042544892884e-09
288.099999999997,9.609867068097682e-06,9.609867068097682e-06,0.5281899894734702,0.5564675332372876,0.8491262185446964,1267,7.662945520844791,-6.506308912305169e-15,5.804118874022098e-09
288.19999999999703,1.0838986102678827e-05,1.0838986102678827e-05,0.5262201286340761,0.5541493344800115,0.8503483852047562,1268,7.643010100611749,-5.962185881798958e-15,5.806133493554907e-09
288.29999999999706,1.1959805571014404e-05,1.1959805571014404e-05,0.5234022556420548,0.5508389327374594,0.8520857226763098,1269,7.615357235088686,-5.361314907473709e-15,5.808148113087716e-09
288.3999999999971,1.296112661547046e-05,1.296112661547046e-05,0.5198071912320102,0.5466252387559041,0.8542836086122034,1270,7.581025496184346,-4.709694555668534e-15,5.810162732620525e-09
288.4999999999971,1.383294436716351e-05,1.383294436716351e-05,0.5174874185175854,0.5439120153782232,0.8556908154678332,1270,7.541304965230745,-4.013832235292854e-15,5.8121773521533344e-09
288.5999999999971,1.4566547911303273e-05,1.4566547911303273e-05,0.5318871040209533,0.5608274816279228,0.8468152741750727,1254,7.497698115545643,-3.280679531215926e-15,5.814191971686144e-09
288.69999999999715,1.515460732377379e-05,1.515460732377379e-05,0.5576385872745468,0.591538284454889,0.8300838547896517,1254,7.451871314186043,-2.5175629772926208e-15,5.816206591218953e-09
288.79999999999717,1.559124690931225e-05,1.559124690931225e-05,0.5781202169662057,0.6164230130008252,0.8159516007306727,1254,7.405597155085418,-1.7321109172080218e-15,5.818221210751762e-09
288.8999999999972,1.5872103909513806e-05,1.5872103909513806e-05,0.5931494538699605,0.6349651458054226,0.8050923707089563,1254,7.360688457653508,-9.321771454554059e-16,5.820235830284571e-09
288.9999999999972,1.599437209407143e-05,1.599437209407143e-05,0.6025603282382083,0.6467053748162318,0.7980733367513682,1254,7.318925620753783,-1.2576206606885828e-16,5.82225044981738e-09
289.09999999999724,1.59568297997015e-05,1.59568297997015e-05,0.6061959332890371,0.6512687293752479,0.7953153402668863,1254,7.2819800483894594,6.790678464956564e-16,5.82426506935019e-09
289.19999999999726,1.5759852136599536e-05,1.5759852136599536e-05,0.6039078970814131,0.6483949809058912,0.7970541084786561,1254,7.2513374269169955,1.4742614525372868e-15,5.826279688882999e-09
289.2999999999973,1.5405407240463095e-05,1.5405407240463095e-05,0.5990611140090716,0.642328017089562,0.8007033044032041,1255,7.228225533906132,2.2518643414857614e-15,5.828294308415809e-09
289.3999999999973,1.4897036607530465e-05,1.4897036607530465e-05,0.5947730205040533,0.6369832690563815,0.8038936833191843,1255,7.213551759233938,3.0040993019026893e-15,5.830308927948618e-09
289.4999999999973,1.4239819709120922e-05,1.4239819709120922e-05,0.5914382679532882,0.6328413528525993,0.8063502807095775,1256,7.207855405501234,3.723444934337332e-15,5.832323547481427e-09
289.59999999999735,1.3440323239236357e-05,1.3440323239236357e-05,0.5860352800964834,0.626157141500715,0.8102855363896335,1257,7.211278990059279,4.4027114832608345e-15,5.8343381670142364e-09
289.6999999999974,1.2506535502325461e-05,1.2506535502325461e-05,0.5831989926370515,0.6226611984580213,0.8123293266816902,1257,7.223561236214206,5.035113010077155e-15,5.836352786547046e-09
289.7999999999974,1.144778659678627e-05,1.144778659678627e-05,0.5792545836060353,0.6178139364821368,0.8151466907075061,1258,7.244052434314029,5.614335113621651e-15,5.838367406079855e-09
289.8999999999974,1.0274655191707072e-05,1.0274655191707072e-05,0.5742017319942458,0.611628787416971,0.8187138517057154,1258,7.271750724061868,6.134597519416485e-15,5.840382025612664e-09
289.99999999999744,8.998862828301743e-06,8.998862828301743e-06,0.5716703111084657,0.6085401794684847,0.8204834278625925,1259,7.3053559825658105,6.590710986554867e-15,5.842396645145473e-09
290.09999999999746,7.633156802144544e-06,7.633156802144544e-06,0.5675708415699067,0.6035524180549318,0.8233245652837208,1260,7.343336707526187,6.978128099532539e-15,5.844411264678282e-09
290.1999999999975,6.191182796406458e-06,6.191182796406458e-06,0.5631913831277904,0.5982428731752121,0.8263264887262216,1260,7.384004714402447,7.29298760359257e-15,5.846425884211092e-09
290.2999999999975,4.68734853869959e-06,4.68734853869959e-06,0.5605031621315358,0.5949932471598555,0.8281522838467267,1261,7.4255925960972755,7.532151998777041e-15,5.848440503743901e-09
290.39999999999753,3.1366798438254376e-06,3.1366798438254376e-06,0.5565567436056105,0.5902355596919765,0.8308095998164192,1262,7.466329560391809,7.69323813508413e-15,5.85045512327671e-09
290.49999999999756,1.554670480800273e-06,1.554670480800273e-06,0.5524501550901298,0.5853008205746617,0.8335459352314614,1262,7.504512233298368,7.774640563366382e-15,5.852469742809519e-09
290.5999999999976,-4.287263576332008e-08,-4.287263576332008e-08,0.5498829817983131,0.5822241304023035,0.8352417053336094,1263,7.538568069145403,7.77554741112809e-15,5.854484362342329e-09
290.6999999999976,-1.6399873831221748e-06,-1.6399873831221748e-06,0.5462557279819337,0.5778875478075683,0.8376184570834908,1264,7.567109966878869,7.695948583023393e-15,5.8564989818751384e-09
290.7999999999976,-3.22071591865662e-06,-3.22071591865662e-06,0.5421563224361201,0.5730011935426744,0.8402776458067546,1264,7.588981454139462,7.536636139368321e-15,5.858513601407948e-09
290.89999999999765,-4.76926412535897e-06,-4.76926412535897e-06,0.5398589516330387,0.5702695358605495,0.8417554943935183,1265,7.603292328652384,7.299196781508929e-15,5.860528220940757e-09
290.99999999999767,-6.27015942142983e-06,-6.27015942142983e-06,0.5366195468333684,0.5664258723237436,0.8438243075168849,1266,7.609444949439029,6.985996463886882e-15,5.862542840473566e-09
291.0999999999977,-7.708405357200874e-06,-7.708405357200874e-06,0.532559500477503,0.5616217094889373,0.8463925675779251,1267,7.607151483664046,6.600157249950003e-15,5.864557460006375e-09
291.1999999999977,-9.069631454702772e-06,-9.069631454702772e-06,0.5303969897987778,0.5590687835185822,0.847749392929535,1267,7.596442384423179,6.145526623931248e-15,5.866572079539184e-09
291.29999999999774,-1.03402367927308e-05,-1.03402367927308e-05,0.5275555816505813,0.5557205765214099,0.849520516685334,1268,7.5776662479515835,5.6266395567906176e-15,5.868586699071994e-09
291.39999999999776,-1.1507525902753662e-05,-1.1507525902753662e-05,0.5239223273544348,0.5514493986314855,0.8517660446974348,1269,7.551481021911844,5.048673699510284e-15,5.870601318604803e-09
291.4999999999978,-1.2559835617838483e-05,-1.2559835617838483e-05,0.5214244867047005,0.5485194914469074,0.8532974303633755,1269,7.518836355921086,4.417398140721842e-15,5.872615938137612e-09
291.5999999999978,-1.3486651607159475e-05,-1.3486651607159475e-05,0.5189603173513968,0.5456342110105439,0.8547983323653232,1270,7.480946750297744,3.739116220516385e-15,5.874630557670421e-09
291.69999999999783,-1.4278713431715971e-05,-1.4278713431715971e-05,0.5196750404732823,0.5464705541299523,0.8543640045724611,1254,7.439255122751016,3.0206029411076274e-15,5.87664517720323e-09
291.79999999999785,-1.4928107071577827e-05,-1.4928107071577827e-05,0.5475584596640113,0.5794436185181956,0.8367674308016387,1254,7.395386532578609,2.2690375604060606e-15,5.8786597967360396e-09
291.8999999999979,-1.5428344000156545e-05,-1.5428344000156545e-05,0.5702554631035118,0.6068168055140766,0.8214674106747019,1254,7.3510921326827665,1.491931998497797e-15,5.88067441626885e-09
291.9999999999979,-1.5774426015418097e-05,-1.5774426015418097e-05,0.5875733864666743,0.6280566750610934,0.8091708815300289,1254,7.308184001397285,6.970557308822753e-16,5.882689035801659e-09
292.0999999999979,-1.5962895180265503e-05,-1.5962895180265503e-05,0.5993405740713409,0.642677080922415,0.8004941450578109,1254,7.268462345212394,-1.076421129321006e-16,5.884703655334468e-09
292.19999999999794,-1.5991868373103225e-05,-1.5991868373103225e-05,0.6053968822395656,0.6502644164628004,0.7959237494726574,1254,7.233637610761763,-9.141126806949288e-16,5.886718274867277e-09
292.29999999999797,-1.5861056103365693e-05,-1.5861056103365693e-05,0.6055898863972743,0.6505069295957693,0.7957769093743148,1254,7.205251177010922,-1.71428854641212e-15,5.888732894400086e-09
292.399999999998,-1.5571765404011334e-05,-1.5571765404011334e-05,0.5997796925619564,0.6432257529250703,0.8001651831904992,1254,7.184599317676417,-2.5001652183671603e-15,5.890747513932896e-09
292.499999999998,-1.5126886772081315e-05,-1.5126886772081315e-05,0.5972666780433772,0.6400888161242696,0.8020427141362415,1255,7.172665780127977,-3.2638821063221625e-15,5.892762133465705e-09
292.59999999999803,-1.4530865287808552e-05,-1.4530865287808552e-05,0.5923943291408842,0.6340275339939081,0.8056481606766827,1256,7.170068377878964,-3.99780202030028e-15,5.894776752998514e-09
292.69999999999806,-1.3789656200845395e-05,-1.3789656200845395e-05,0.5884528467138784,0.6291439704130634,0.8085315375384764,1256,7.177024282903417,-4.694588269354223e-15,5.896791372531323e-09
292.7999999999981,-1.2910665427377635e-05,-1.2910665427377635e-05,0.5850438624098837,0.6249341409486724,0.8110016516977786,1257,7.193337234694567,-5.347278458488143e-15,5.898805992064132e-09
292.8999999999981,-1.1902675552658043e-05,-1.1902675552658043e-05,0.5797839768878721,0.6184635318744095,0.8147702376400867,1258,7.218407850039574,-5.9493541506204505e-15,5.9008206115969416e-09
292.9999999999981,-1.0775758078317674e-05,-1.0775758078317674e-05,0.576966288724644,0.6150095087142705,0.816767960730164,1258,7.251265973149458,-6.494805664346642e-15,5.902835231129751e-09
293.09999999999815,-9.541172791250748e-06,-9.541172791250748e-06,0.5731493602173071,0.6103439696133959,0.8194509203622213,1259,7.290621963697841,-6.97819140315291e-15,5.90484985066256e-09
293.19999999999817,-8.211255259546003e-06,-8.211255259546003e-06,0.5680473334545708,0.6041312748276054,0.822995885138651,1259,7.334932334060481,-7.394691236587747e-15,5.906864470195369e-09
293.2999999999982,-6.7992935795679576e-06,-6.7992935795679576e-06,0.5656429477291164,0.6012127063935232,0.8246502626473335,1260,7.382474413432231,-7.74015355807904e-15,5.908879089728179e-09
293.3999999999982,-5.319395605690475e-06,-5.319395605690475e-06,0.5618155538000453,0.5965788212255081,0.8272625239356297,1261,7.431424740677525,-8.011135715179703e-15,5.910893709260988e-09
293.49999999999824,-3.7863479892793184e-06,-3.7863479892793184e-06,0.5571884617502053,0.5909961180383055,0.8303860656901946,1261,7.479936515144812,-8.204937546114327e-15,5.912908328793798e-09
293.59999999999826,-2.215468435359506e-06,-2.215468435359506e-06,0.5547596438119198,0.588074052356611,0.8320106595457007,1262,7.526212424964512,-8.31962777286734e-15,5.914922948326607e-09
293.6999999999983,-6.224526531700696e-07,-6.224526531700696e-07,0.5511617769986834,0.583755951473965,0.8343984033875266,1263,7.568570279446372,-8.354063012629494e-15,5.916937567859416e-09
293.7999999999983,9.767824701743537e-07,9.767824701743537e-07,0.5466784567839259,0.5783923103343594,0.8373426209672747,1263,7.605499901501754,-8.307899192086756e-15,5.918952187392225e-09
293.89999999999833,2.5662579059581467e-06,2.5662579059581467e-06,0.544439134682206,0.5757203177811846,0.8388003508740866,1264,7.635710568705556,-8.181595192725017e-15,5.920966806925034e-09
293.99999999999835,4.130092141037675e-06,4.130092141037675e-06,0.5411889469337715,0.5718503635733847,0.8409010189770942,1265,7.658168880833806,-7.976408622227908e-15,5.9229814264578436e-09
294.0999999999984,5.652659860670887e-06,5.652659860670887e-06,0.5370748809640811,0.5669655727105376,0.8435345708608617,1266,7.672127283302758,-7.694383692646322e-15,5.924996045990653e-09
294.1999999999984,7.118748071497173e-06,7.118748071497173e-06,0.5346906662820534,0.5641416500529604,0.8450478633727523,1266,7.677143625742769,-7.338331281849327e-15,5.927010665523462e-09
294.2999999999984,8.513708104738283e-06,8.513708104738283e-06,0.5318283050696111,0.5607580477489509,0.8468522031185753,1267,7.67309213056857,-6.911801351583747e-15,5.929025285056271e-09
294.39999999999844,9.823601980854544e-06,9.823601980854544e-06,0.5281512079204629,0.556421861579414,0.8491503409715832,1268,7.66016603628845,-6.419047985855165e-15,5.93103990458908e-09
294.49999999999847,1.1035341673229143e-05,1.1035341673229143e-05,0.5254622343007722,0.5532583049269226,0.8508169252686739,1268,7.638872009611286,-5.864987393091851e-15,5.9330545241218896e-09
294.5999999999985,1.2136819879403757e-05,1.2136819879403757e-05,0.5229832057582224,0.5503472138721843,0.8523429864173535,1269,7.610016231750675,-5.255149283775746e-15,5.9350691436546996e-09
294.6999999999985,1.3117030993242574e-05,1.3117030993242574e-05,0.5197073746207128,0.5465084004336841,0.8543443361811712,1270,7.574681900588779,-4.595622093470432e-15,5.937083763187509e-09
294.79999999999853,1.3966181069310822e-05,1.3966181069310822e-05,0.5166778049608377,0.5429661337970404,0.8561799144226934,1270,7.5341977976706005,-3.892992572164706e-15,5.939098382720318e-09
294.89999999999856,1.4675785680740122e-05,1.4675785680740122e-05,0.5365768453114326,0.5663752683834482,0.8438514614999674,1254,7.4900975976662165,-3.154280307386453e-15,5.941113002253127e-09
294.9999999999986,1.5238754692817168e-05,1.5238754692817168e-05,0.5614560134302042,0.5961442707342443,0.8275065830451516,1254,7.444069799727866,-2.386867792882673e-15,5.943127621785936e-09
295.0999999999986,1.56494631052661e-05,1.56494631052661e-05,0.5810330133634625,0.6199973618028551,0.8138799895450032,1254,7.397898580285937,-1.5984266984170382e-15,5.9451422413187456e-09
295.1999999999986,1.590380725539187e-05,1.590380725539187e-05,0.5951288217774714,0.6374259389856177,0.8036303164327232,1254,7.3533965298382755,-7.968410405192579e-16,5.947156860851555e-09
295.29999999999865,1.5999245820521427e-05,1.5999245820521427e-05,0.6035793662651486,0.6479828639139764,0.7973029214915506,1254,7.312331127038349,9.872000425920692e-18,5.949171480384364e-09
295.39999999999867,1.5934825210059787e-05,1.5934825210059787e-05,0.6062289793360821,0.6513102809066833,0.7952901512109478,1254,7.276347847358911,8.136428243814142e-16,5.951186099917173e-09
295.4999999999987,1.571118909345206e-05,1.571118909345206e-05,0.6029313240627897,0.6471703207679663,0.7977930925145261,1254,7.246893855191538,1.6064308774952493e-15,5.953200719449982e-09
295.5999999999987,1.5330571968851118e-05,1.5330571968851118e-05,0.5987459459866007,0.641934461029943,0.8009390065196043,1255,7.2251470781137455,2.380305955741405e-15,5.9552153389827916e-09
295.69999999999874,1.4796776836750685e-05,1.4796776836750685e-05,0.593475898636838,0.6353706813217235,0.8048517613431665,1255,7.211955872562941,3.1275284280512785e-15,5.957229958515601e-09
295.79999999999876,1.4115137201661498e-05,1.4115137201661498e-05,0.5907768219006553,0.632021303207981,0.8068350182688908,1256,7.2077942581770005,3.840627445420578e-15,5.95924457804841e-09
295.8999999999988,1.3292463781497268e-05,1.3292463781497268e-05,0.5859377593266748,0.62603679315229,0.8103560588995653,1257,7.212736729452311,4.512476217180928e-15,5.96125919758122e-09
295.9999999999988,1.2336976457132596e-05,1.2336976457132596e-05,0.5821809381210197,0.6214085080021354,0.8130592569355136,1257,7.226455019538268,5.1363634880147896e-15,5.963273817114029e-09
296.09999999999883,1.1258222142070428e-05,1.1258222142070428e-05,0.5787828763614707,0.6172353776420967,0.8154816871216315,1258,7.248237136712364,5.706060439689069e-15,5.965288436646838e-09
296.19999999999885,1.0066979392838097e-05,1.0066979392838097e-05,0.573731228117259,0.6110542165570753,0.8190436361287852,1259,7.277026882676015,6.215882359926564e-15,5.9673030561796476e-09
296.2999999999989,8.775150713213443e-06,8.775150713213443e-06,0.5708149419148483,0.6074980390836451,0.8210787429271009,1259,7.311480273031697,6.660744548428336e-15,5.969317675712457e-09
296.3999999999989,7.395643628341491e-06,7.395643628341491e-06,0.5671935114120532,0.6030941897939887,0.8235845558362936,1260,7.350034101265636,7.036212044971088e-15,5.971332295245266e-09
296.4999999999989,5.942241717009875e-06,5.942241717009875e-06,0.5622770407657709,0.597136775232209,0.8269489279439738,1261,7.390981440978756,7.338542850098095e-15,5.973346914778075e-09
296.59999999999894,4.429466890685826e-06,4.429466890685826e-06,0.5597284215514017,0.5940580380254915,0.8286761092897371,1261,7.432549115331476,7.564724359919933e-15,5.975361534310884e-09
296.69999999999897,2.8724342953771116e-06,2.8724342953771116e-06,0.5562093440766487,0.5898174724467768,0.831042216473883,1262,7.472972897691876,7.712502760055433e-15,5.9773761538436936e-09
296.799999999999,1.2867012860895146e-06,1.2867012860895146e-06,0.5516279858441117,0.5843147911507991,0.8340902620421656,1263,7.510567208655255,7.780405135182459e-15,5.979390773376503e-09
296.899999999999,-3.118880171217981e-07,-3.118880171217981e-07,0.5491332130017325,0.5813267285200151,0.8357348349676432,1263,7.543787121727588,7.767754067099676e-15,5.981405392909312e-09
296.99999999999903,-1.9073610383624997e-06,-1.9073610383624997e-06,0.5458966965272958,0.5774589740390439,0.8378524910272604,1264,7.571281420803324,7.674674528432722e-15,5.983420012442121e-09
297.09999999999906,-3.4837763385976084e-06,-3.4837763385976084e-06,0.5417369312574283,0.5725021636192187,0.8405480933960795,1265,7.591936176366992,7.502092936581632e-15,5.98543463197493e-09
297.1999999999991,-5.025382897240785e-06,-5.025382897240785e-06,0.5390978592811663,0.5693656250296772,0.8422431348004351,1265,7.604908795897598,7.25172831120528e-15,5.98744925150774e-09
297.2999999999991,-6.516777491145436e-06,-6.516777491145436e-06,0.5362236953600239,0.5659568262734508,0.8440759139641648,1266,7.609652772115996,6.926075571263191e-15,5.9894638710405496e-09
297.3999999999991,-7.94305859851877e-06,-7.94305859851877e-06,0.5325013602659211,0.5615530191938521,0.8464291472503436,1267,7.605933438510998,6.528381105093575e-15,5.991478490573359e-09
297.49999999999915,-9.289975290001754e-06,-9.289975290001754e-06,0.5296023396973427,0.5581316936856189,0.8482460502631889,1267,7.5938349915791985,6.062610840777277e-15,5.993493110106168e-09
297.59999999999917,-1.054406961924455e-05,-1.054406961924455e-05,0.5271091038980141,0.5551950978214291,0.8497976186056493,1268,7.5737589007705655,5.533411128497286e-15,5.995507729638977e-09
297.6999999999992,-1.1692811090257826e-05,-1.1692811090257826e-05,0.5238018338057203,0.5513079415870323,0.8518401486791783,1269,7.5464136464156715,4.946062819543643e-15,5.997522349171786e-09
297.7999999999992,-1.272472185798666e-05,-1.272472185798666e-05,0.520583924705887,0.547534712554149,0.8538105043496569,1269,7.512795549492855,4.306428988716713e-15,5.9995369687045955e-09
297.89999999999924,-1.3629491411144247e-05,-1.3629491411144247e-05,0.5184569767893552,0.5450454748916405,0.8551037148898618,1270,7.474160334668771,3.620896800533634e-15,6.001551588237405e-09
297.99999999999926,-1.4398079591432484e-05,-1.4398079591432484e-05,0.5247163157823523,0.5523818334309776,0.8512771510805366,1254,7.431985053997035,2.896314067717554e-15,6.003566207770214e-09
298.0999999999993,-1.5022806919815401e-05,-1.5022806919815401e-05,0.5517422677634496,0.5844518112110558,0.83401467011273,1254,7.387920150345965,2.1399210954724433e-15,6.005580827303023e-09
298.1999999999993,-1.549743132733519e-05,-1.549743132733519e-05,0.5735474303448646,0.6108298288417081,0.8191723537478561,1254,7.343731810418079,1.3592784488876477e-15,6.007595446835832e-09
298.29999999999933,-1.581721052380189e-05,-1.581721052380189e-05,0.5899434829927683,0.6309888440790166,0.8074445410518057,1254,7.301235382980494,5.621913247670849e-16,6.0096100663686415e-09
298.39999999999935,-1.5978949381189344e-05,-1.5978949381189344e-05,0.6007612534788657,0.6444530155830499,0.7994284935618083,1254,7.262221517306038,-2.4336874585916155e-16,6.011624685901451e-09
298.4999999999994,-1.5981031858298295e-05,-1.5981031858298295e-05,0.6058419595174022,0.6508237313411936,0.7955850175110857,1254,7.22837774920377,-1.0493440918542541e-15,6.01363930543426e-09
298.5999999999994,-1.582343714770585e-05,-1.582343714770585e-05,0.6050346767446538,0.6498094195584412,0.7961991207835464,1254,7.2012093912809565,-1.847672172619091e-15,6.01565392496707e-09
298.6999999999994,-1.5507739883666357e-05,-1.5507739883666357e-05,0.5992295444324441,0.6425383867477502,0.800577262404626,1255,7.181964560285838,-2.6303670590802346e-15,6.017668544499879e-09
298.79999999999944,-1.5037094408886469e-05,-1.5037094408886469e-05,0.5963796207530789,0.6389832734165144,0.8027025276840816,1255,7.171568744462175,-3.3896002193127807e-15,6.019683164032688e-09
298.89999999999947,-1.4416203257375471e-05,-1.4416203257375471e-05,0.5921225324511341,0.6336902118165559,0.8058479425820083,1256,7.170574243976416,-4.117779678568069e-15,6.0216977835654975e-09
298.9999999999995,-1.3651270168279938e-05,-1.3651270168279938e-05,0.5872282496115685,0.6276302095991768,0.8094213876950209,1256,7.17912897369896,-4.807626624527549e-15,6.023712403098307e-09
299.0999999999995,-1.2749938100172856e-05,-1.2749938100172856e-05,0.5844111493270135,0.6241541977743615,0.8114577059479311,1257,7.196967534791545,-5.452248564755487e-15,6.025727022631116e-09
299.19999999999953,-1.1721212865137983e-05,-1.1721212865137983e-05,0.5796766916384476,0.6183318625779894,0.8148465703254228,1258,7.223425365298401,-6.045208218509123e-15,6.027741642163925e-09
299.29999999999956,-1.0575373145672445e-05,-1.0575373145672445e-05,0.5759612176134699,0.6137794960818689,0.81747701851808,1258,7.257474540810868,-6.580587433717026e-15,6.029756261696734e-09
299.3999999999996,-9.323867793488888e-06,-9.323867793488888e-06,0.572657771533521,0.6097441952867697,0.8197945332229666,1259,7.297777826264968,-7.053045546387487e-15,6.0317708812295435e-09
299.4999999999996,-7.979201436373672e-06,-7.979201436373672e-06,0.567869190546719,0.6039148343727345,0.823118814283706,1260,7.342756211646824,-7.457871722395809e-15,6.033785500762353e-09
299.5999999999996,-6.554809536079494e-06,-6.554809536079494e-06,0.5647585599095843,0.6001406604763743,0.8252561838658662,1260,7.390664562904752,-7.79103092076636e-15,6.035800120295162e-09
299.69999999999965,-5.06492414563274e-06,-5.06492414563274e-06,0.56138561557957,0.5960592009347174,0.8275543430013205,1261,7.439670159175739,-8.04920318275444e-15,6.037814739827971e-09
299.79999999999967,-3.524431707364126e-06,-3.524431707364126e-06,0.5568243108686115,0.5905576505019261,0.8306302949120601,1262,7.487929593728897,-8.22981598444165e-15,6.03982935936078e-09
299.8999999999997,-1.948724312497744e-06,-1.948724312497744e-06,0.553927703666472,0.587074470048053,0.8325647717209689,1262,7.533660542310639,-8.331069404885887e-15,6.04184397889359e-09
299.9999999999997,-3.535459084634894e-07,-3.535459084634894e-07,0.5507408421717775,0.583251558450356,0.8346762993903213,1263,7.575206008262086,-8.351953874314691e-15,6.0438585984263995e-09
300.09999999999974,1.2451650094213944e-06,1.2451650094213944e-06,0.5465516385114448,0.578240864557529,0.8374254035079512,1264,7.611089656208009,-8.292260292564395e-15,6.045873217959209e-09
300.19999999999976,2.8314346501289627e-06,2.8314346501289627e-06,0.5436139660935999,0.5747368829921817,0.8393353655529989,1264,7.640061639418558,-8.152582355616028e-15,6.047887837492018e-09
300.2999999999998,4.389413531760288e-06,4.389413531760288e-06,0.5407438273589104,0.5713211172154644,0.8411873234739317,1265,7.661134873706737,-7.93431099859045e-15,6.049902457024827e-09
300.3999999999998,5.90353484432945e-06,5.90353484432945e-06,0.5369787577676394,0.5668516239606053,0.8435957643956747,1266,7.673612025364009,-7.63962095153881e-15,6.051917076557636e-09
300.49999999999983,7.3586699881832136e-06,7.3586699881832136e-06,0.5338431908680847,0.5631390951924639,0.8455834953236621,1266,7.677103601069631,-7.271449500985484e-15,6.0539316960904455e-09
300.59999999999985,8.740279733967912e-06,8.740279733967912e-06,0.5313396455067599,0.5601811217159065,0.8471588877611748,1267,7.671537502237618,-6.8334676463567925e-15,6.055946315623255e-09
300.6999999999999,1.0034559493803124e-05,1.0034559493803124e-05,0.5279963268241636,0.5562394765465227,0.8492466537232813,1268,7.65716028289917,-6.330043929224851e-15,6.057960935156064e-09
300.7999999999999,1.1228577252160572e-05,1.1228577252160572e-05,0.5245753241444704,0.5522162182229531,0.8513640404073476,1268,7.634530173567321,-5.766201291087286e-15,6.059975554688873e-09
300.8999999999999,1.2310402778288543e-05,1.2310402778288543e-05,0.522441135034852,0.5497113606475579,0.8526753546476499,1269,7.604501746004007,-5.147567381792114e-15,6.061990174221682e-09
300.99999999999994,1.3269226829133934e-05,1.3269226829133934e-05,0.519489817062767,0.5462537715876212,0.8544766409727611,1270,7.56820193867598,-4.4803187975381935e-15,6.0640047937544915e-09
301.09999999999997,1.4095469151725786e-05,1.4095469151725786e-05,0.5157776915412705,0.5419151534839446,0.8567224596731184,1271,7.526997086781277,-3.7711197774365236e-15,6.066019413287301e-09
301.2,1.4780874205896157e-05,1.4780874205896157e-05,0.5411262040995043,0.5717757515482802,0.8409413958397229,1254,7.482450654928137,-3.027055933644251e-15,6.068034032820111e-09
301.3,1.531859365090856e-05,1.531859365090856e-05,0.5651272771929998,0.6005875201175271,0.8250037336718097,1254,7.436271606236298,-2.2555636342306165e-15,6.07004865235292e-09
301.40000000000003,1.570325477181485e-05,1.570325477181485e-05,0.5837946008152135,0.6233946018421965,0.8119013881371342,1254,7.390253801689168,-1.4643557017099408e-15,6.072063271885729e-09
301.50000000000006,1.593101416184699e-05,1.593101416184699e-05,0.5969523514889405,0.6396969657866494,0.8022766917041928,1254,7.34620752731093,-6.61344134632569e-16,6.074077891418538e-09
301.6000000000001,1.5999596124467017e-05,1.5999596124467017e-05,0.604438161426141,0.6490604289473786,0.7966520627047835,1254,7.305885170326483,1.4543939456919854e-16,6.0760925109513475e-09
301.7000000000001,1.590831541137462e-05,1.590831541137462e-05,0.6060976214871309,0.6511451215857584,0.7953902647302409,1254,7.270904122857207,9.479244651232972e-16,6.078107130484157e-09
301.8000000000001,1.5658084069281625e-05,1.5658084069281625e-05,0.6017867308491489,0.6457363979094207,0.7986568290410431,1254,7.2426710253938404,1.7380834094085334e-15,6.080121750016966e-09
301.90000000000015,1.525140232704274e-05,1.525140232704274e-05,0.5982712170485056,0.6413418767814928,0.8012936732879524,1255,7.222312254879222,2.5080124998571218e-15,6.082136369549775e-09
302.00000000000017,1.4692333614195308e-05,1.4692333614195308e-05,0.5925072944683176,0.6341677579246123,0.8055650848949664,1256,7.210615876883073,3.2500118987575687e-15,6.084150989082584e-09
302.1000000000002,1.3986463960514559e-05,1.3986463960514559e-05,0.5899584934640344,0.6310074343009389,0.8074335737320111,1256,7.207989928117494,3.956663437549132e-15,6.0861656086153935e-09
302.2000000000002,1.3140846182250586e-05,1.3140846182250586e-05,0.5856914347722709,0.62573285577608,0.8105341098525087,1257,7.21444080514634,4.620905312844065e-15,6.088180228148203e-09
302.30000000000024,1.216392941271973e-05,1.216392941271973e-05,0.5810068629405912,0.6199652316076212,0.8138986578290525,1257,7.229573809263901,5.2361028454337815e-15,6.090194847681012e-09
302.40000000000026,1.1065474681357406e-05,1.1065474681357406e-05,0.5781629034922103,0.6164753289925246,0.8159213546815999,1258,7.252615806349896,5.796114544633284e-15,6.092209467213821e-09
302.5000000000003,9.856457384738526e-06,9.856457384738526e-06,0.5736041709017412,0.6108990962340883,0.8191326236477986,1259,7.282457878046304,6.295352841798921e-15,6.094224086746631e-09
302.6000000000003,8.548957624042926e-06,8.548957624042926e-06,0.5698106778663312,0.6062754551287499,0.821775998304594,1259,7.317714138137887,6.728838983804761e-15,6.09623870627944e-09
302.70000000000033,7.156039504677531e-06,7.156039504677531e-06,0.5666751217483675,0.6024648951009797,0.823941324604776,1260,7.356791828514196,7.092251688153262e-15,6.0982533258122495e-09
302.80000000000035,5.691620604053528e-06,5.691620604053528e-06,0.5621928846355336,0.5970350117301091,0.8270061429428306,1261,7.397967484882843,7.381969241186297e-15,6.100267945345059e-09
302.9000000000004,4.170332911753429e-06,4.170332911753429e-06,0.5588109305946751,0.5929512746941594,0.8292950885227243,1261,7.4394642958670545,7.595104766441696e-15,6.102282564877868e-09
303.0000000000004,2.607376631527853e-06,2.607376631527853e-06,0.5557266485565255,0.5892367537404668,0.8313650774985271,1262,7.479526575664872,7.729534410473784e-15,6.104297184410677e-09
303.1000000000004,1.0183683058841622e-06,1.0183683058841622e-06,0.5515372601594706,0.5842060230402832,0.8341502566419221,1263,7.516488293547301,7.78391820459406e-15,6.106311803943486e-09
303.20000000000044,-5.808152192441216e-07,-5.808152192441216e-07,0.5482456164182538,0.580265043367791,0.8363173704271417,1263,7.548833640466203,7.757713379695664e-15,6.1083264234762955e-09
303.30000000000047,-2.1741954306937005e-06,-2.1741954306937005e-06,0.5454066431136277,0.5768741931771821,0.8381715776901075,1264,7.575248513520043,7.651179949300433e-15,6.110341043009105e-09
303.4000000000005,-3.7458518000932355e-06,-3.7458518000932355e-06,0.5416094598638433,0.5723505183224136,0.8406302355887492,1265,7.594662483809341,7.46537843731888e-15,6.112355662541914e-09
303.5000000000005,-5.280080856520203e-06,-5.280080856520203e-06,0.5382025788496331,0.5683030147163994,0.842815510132321,1265,7.606281262814056,7.202159708672061e-15,6.114370282074723e-09
303.60000000000053,-6.761553090391475e-06,-6.761553090391475e-06,0.5356997172118616,0.5653361772357912,0.8444085580920716,1266,7.60960991689029,6.864146955104992e-15,6.116384901607532e-09
303.70000000000056,-8.175466120855818e-06,-8.175466120855818e-06,0.5323203742790652,0.5613392106105706,0.8465429812640324,1267,7.604467139110249,6.454709985889722e-15,6.1183995211403415e-09
303.8000000000006,-9.507692596290331e-06,-9.507692596290331e-06,0.5286759605160957,0.5570399541488354,0.8488237324511985,1267,7.590990819520792,5.977932065623287e-15,6.1204141406731515e-09
303.9000000000006,-1.0744921350127993e-05,-1.0744921350127993e-05,0.5265362309217669,0.554521109939053,0.8501526907130857,1268,7.5696350061376965,5.438569623912291e-15,6.122428760205961e-09
304.0000000000006,-1.1874790401633904e-05,-1.1874790401633904e-05,0.5235595120735049,0.5510234979083384,0.8519891063372544,1269,7.541158165690513,4.842005232743694e-15,6.12444337973877e-09
304.10000000000065,-1.288601047273046e-05,-1.288601047273046e-05,0.5198145157512962,0.5466338126514092,0.8542791518082631,1270,7.5066024821986055,4.194194307829878e-15,6.126457999271579e-09
304.20000000000067,-1.3768477786732178e-05,-1.3768477786732178e-05,0.5178280695310025,0.5443101639067506,0.8554847107960465,1270,7.467263823328376,3.5016060427300232e-15,6.128472618804388e-09
304.3000000000007,-1.451337502194246e-05,-1.451337502194246e-05,0.5296145964141663,0.558146143233728,0.8482383976601505,1254,7.42465201428075,2.7711591319519413e-15,6.1304872383371975e-09
304.4000000000007,-1.5113259411417366e-05,-1.5113259411417366e-05,0.5557770569409268,0.5892973882407277,0.8313313797626563,1254,7.380441244028652,2.0101528839508075e-15,6.132501857870007e-09
304.50000000000074,-1.556213710863268e-05,-1.556213710863268e-05,0.5766852299937947,0.6146654396539543,0.816966428629111,1254,7.336410840625465,1.2261943687221174e-15,6.134516477402816e-09
304.60000000000076,-1.585552307601706e-05,-1.585552307601706e-05,0.5921547980996652,0.6337302517812686,0.8058242333707425,1254,7.294377322152287,4.271222887548913e-16,6.136531096935625e-09
304.7000000000008,-1.599048589796491e-05,-1.599048589796491e-05,0.6020188188540823,0.6460270276453878,0.7984818981952788,1254,7.25611954786634,-3.7907169269545154e-16,6.138545716468434e-09
304.8000000000008,-1.59656770705721e-05,-1.59656770705721e-05,0.6061197949077165,0.6511729992919502,0.7953733678097524,1254,7.223299887741256,-1.1843233853888213e-15,6.1405603360012435e-09
304.90000000000083,-1.5781344475441238e-05,-1.5781344475441238e-05,0.6043084835303515,0.648897660411951,0.7967504356655519,1254,7.197385448532452,-1.980577439887665e-15,6.142574955534053e-09
305.00000000000085,-1.543932990293061e-05,-1.543932990293061e-05,0.5991516539529335,0.6424410973949645,0.8006355572702628,1255,7.179574320513572,-2.759868775872472e-15,6.144589575066862e-09
305.1000000000009,-1.4943050649593761e-05,-1.4943050649593761e-05,0.5953268362922209,0.6376723614786709,0.8034836389064155,1255,7.170732286154518,-3.514403159831375e-15,6.146604194599671e-09
305.2000000000009,-1.4297465373681925e-05,-1.4297465373681925e-05,0.5916938965088413,0.6331584089670375,0.8061627210645408,1256,7.171345237451551,-4.236635999987567e-15,6.148618814132481e-09
305.3000000000009,-1.3509024549869892e-05,-1.3509024549869892e-05,0.5860269766284757,0.6261468939560353,0.8102915417698052,1257,7.181491572848308,-4.9193484327080404e-15,6.15063343366529e-09
305.40000000000094,-1.2585606018245317e-05,-1.2585606018245317e-05,0.5836240882200026,0.6231846013098422,0.8120239674106736,1257,7.200837154837904,-5.555719817298613e-15,6.1526480531980995e-09
305.50000000000097,-1.1536436271534606e-05,-1.1536436271534606e-05,0.579424075977658,0.6180218805227252,0.8150262205459633,1258,7.228653260499294,-6.139395837584387e-15,6.154662672730909e-09
305.600000000001,-1.0371998267037494e-05,-1.0371998267037494e-05,0.5748029683561302,0.6123633436071759,0.8182918474291319,1258,7.263855735253332,-6.664551521653994e-15,6.156677292263718e-09
305.700000000001,-9.103926684382888e-06,-9.103926684382888e-06,0.5720218680782334,0.6089687188649865,0.8202383692807159,1259,7.305061671818424,-7.12594861852864e-15,6.158691911796527e-09
305.80000000000103,-7.744891675655945e-06,-7.744891675655945e-06,0.5676994029286406,0.6037085755228722,0.8232359248201362,1260,7.350658690769855,-7.518986890455425e-15,6.160706531329336e-09
305.90000000000106,-6.308472269426625e-06,-6.308472269426625e-06,0.5637299729476714,0.5988948062165165,0.8259591500797225,1260,7.398881428953259,-7.839748973376526e-15,6.1627211508621455e-09
306.0000000000011,-4.8090206935848504e-06,-4.8090206935848504e-06,0.5608202925379075,0.5953762341144714,0.8279375577165803,1261,7.447890092313475,-8.085038517476964e-15,6.164735770394955e-09
306.1000000000011,-3.261518972623646e-06,-3.261518972623646e-06,0.5566749905100637,0.5903778937989964,0.8307303743938947,1262,7.495846707759603,-8.252411348816602e-15,6.166750389927764e-09
306.2000000000011,-1.681429232202805e-06,-1.681429232202805e-06,0.5529596729012262,0.5859122099095322,0.8332080173311878,1262,7.540985764035703,-8.340199405842073e-15,6.168765009460573e-09
306.30000000000115,-8.45392067003939e-08,-8.45392067003939e-08,0.5501921632567051,0.5825943455708719,0.8350380730786514,1263,7.581677030630761,-8.347527218331819e-15,6.170779628993382e-09
306.40000000000117,1.5131955066104215e-06,1.5131955066104215e-06,0.5463832919444487,0.5780398490102333,0.8375352519649232,1264,7.616479316332446,-8.274320725335343e-15,6.1727942485261915e-09
306.5000000000012,3.0958108706151106e-06,3.0958108706151106e-06,0.5426596826728269,0.5736003497658521,0.8399526586668006,1264,7.644184681959633,-8.12130828029824e-15,6.1748088680590015e-09
306.6000000000012,4.647493915739617e-06,4.647493915739617e-06,0.5401772423348353,0.5706477089944895,0.8415512740549638,1265,7.663853128511927,-7.89001376552284e-15,6.176823487591811e-09
306.70000000000124,6.15274073791527e-06,6.15274073791527e-06,0.5367680557705219,0.5666018772672227,0.8437298467544774,1266,7.67483806080035,-7.582741828202847e-15,6.17883810712462e-09
306.80000000000126,7.596511408463331e-06,7.596511408463331e-06,0.5328723558996152,0.5619913864347104,0.846195634778385,1266,7.676802919068891,-7.202555347417676e-15,6.180852726657429e-09
306.9000000000013,8.964380248090807e-06,8.964380248090807e-06,0.5307344843070705,0.5594669395791803,0.8475381449629911,1267,7.669729325907667,-6.753245336810014e-15,6.182867346190238e-09
307.0000000000013,1.0242679963509461e-05,1.0242679963509461e-05,0.5277309909131578,0.555927070076014,0.8494115617471996,1268,7.6539169604030715,-6.239293574771862e-15,6.1848819657230475e-09
307.10000000000133,1.1418638206512525e-05,1.1418638206512525e-05,0.5239457866792713,0.5514769408465131,0.8517516143929752,1269,7.629975190042752,-5.66582832979147e-15,6.186896585255857e-09
307.20000000000135,1.2480505191056025e-05,1.2480505191056025e-05,0.5217863200951505,0.5489435877579,0.8530762194326842,1269,7.598806305717526,-5.038573613222929e-15,6.188911204788666e-09
307.3000000000014,1.3417671093236954e-05,1.3417671093236954e-05,0.5191647688680701,0.5458734093772947,0.8546741734521779,1270,7.5615800599543155,-4.363792447218306e-15,6.190925824321475e-09
307.4000000000014,1.4220772061146573e-05,1.4220772061146573e-05,0.5172386076055568,0.5436212689561161,0.8558412369138712,1254,7.519699150845199,-3.648224684761683e-15,6.192940443854284e-09
307.5000000000014,1.4881783775383415e-05,1.4881783775383415e-05,0.545525604326133,0.5770161291601051,0.8380941564195561,1254,7.474755375347827,-2.8990199643236546e-15,6.1949550633870935e-09
307.60000000000144,1.5394101625400243e-05,1.5394101625400243e-05,0.5686427787348597,0.6048549650598961,0.8225845793550335,1254,7.428476446471234,-2.1236664256491263e-15,6.196969682919903e-09
307.70000000000147,1.5752606700589454e-05,1.5752606700589454e-05,0.5863952879419699,0.6266015104318217,0.8100250405261891,1254,7.38266396946131,-1.3299158570186222e-15,6.198984302452712e-09
307.8000000000015,1.5953716936745774e-05,1.5953716936745774e-05,0.5986102041129252,0.6417649933483347,0.8010404631052555,1254,7.339123815960119,-5.257059889710238e-16,6.200998921985522e-09
307.9000000000015,1.5995422906867734e-05,1.5995422906867734e-05,0.6051266999696013,0.6499250027890998,0.796129183602699,1254,7.2995910891306695,2.8091930446329095e-16,6.203013541518331e-09
308.00000000000153,1.587730789868804e-05,1.587730789868804e-05,0.6057916883203277,0.6507605451491576,0.7956232967692732,1254,7.265652939084629,1.0818910886688147e-15,6.20502816105114e-09
308.10000000000156,1.560055207832479e-05,1.560055207832479e-05,0.600463860857176,0.6440810610264837,0.7996518941417534,1254,7.238673497503202,1.8691968803724124e-15,6.2070427805839495e-09
308.2000000000016,1.5167920698451744e-05,1.5167920698451744e-05,0.5976261284700629,0.6405370596335836,0.8017749126593348,1255,7.2197259287917595,2.6349616916572873e-15,6.209057400116759e-09
308.3000000000016,1.4583736468807677e-05,1.4583736468807677e-05,0.5924646084738879,0.6341147700736551,0.8055964794522644,1256,7.20953680833518,3.3715276799480778e-15,6.211072019649568e-09
308.4000000000016,1.385383636510956e-05,1.385383636510956e-05,0.5889718793037467,0.6297860652563773,0.8081535283530059,1256,7.208447561830391,4.07153147156726e-15,6.213086639182377e-09
308.50000000000165,1.2985513307920654e-05,1.2985513307920654e-05,0.5852846765594539,0.6252311069903229,0.8108278777796774,1257,7.216396490345251,4.7279782532540476e-15,6.215101258715186e-09
308.60000000000167,1.1987443294198951e-05,1.1987443294198951e-05,0.5797783072863674,0.6184565733636466,0.8147742720534041,1258,7.232923095607607,5.334311791658135e-15,6.2171158782479955e-09
308.7000000000017,1.0869598709603481e-05,1.0869598709603481e-05,0.57738269933235,0.6155194278791492,0.8164736483878026,1258,7.257194302790478,5.8844796422833735e-15,6.219130497780805e-09
308.8000000000017,9.643148687713235e-06,9.643148687713235e-06,0.5733250187496762,0.6105583469478352,0.8193280313010677,1259,7.2880501352979685,6.372992933294262e-15,6.221145117313614e-09
308.90000000000174,8.32034751173647e-06,8.32034751173647e-06,0.5686453933961441,0.6048581436560219,0.8225827718651446,1259,7.324064787506342,6.794980235272392e-15,6.223159736846423e-09
309.00000000000176,6.914412173763616e-06,6.914412173763616e-06,0.566003818526158,0.6016503767622584,0.8244026185146479,1260,7.363618104067778,7.146235134438932e-15,6.225174356379232e-09
309.1000000000018,5.439390314951272e-06,5.439390314951272e-06,0.561963869625978,0.596758117220181,0.8271617793606018,1261,7.404972270244056,7.423257200755724e-15,6.227188975912042e-09
309.2000000000018,3.910019866135295e-06,3.910019866135295e-06,0.5577390306874204,0.5916592933087895,0.8300163695059615,1261,7.4463489447737565,7.623286082741069e-15,6.2292035954448515e-09
309.30000000000183,2.3415817912976053e-06,2.3415817912976053e-06,0.5550976079475355,0.5884803090806758,0.8317852160569603,1262,7.486002918008069,7.744328478342903e-15,6.231218214977661e-09
309.40000000000185,7.497474052252903e-07,7.497474052252903e-07,0.5513078676956512,0.5839310466634688,0.8343018848216001,1263,7.522289416974473,7.785177742536219e-15,6.23323283451047e-09
309.5000000000019,-8.495782090864972e-07,-8.495782090864972e-07,0.5472097153126052,0.5790268996001007,0.8369955361096603,1263,7.55372320161867,7.745425913633705e-15,6.235247454043279e-09
309.6000000000019,-2.4404151187663073e-06,-2.4404151187663073e-06,0.5447760276108762,0.5761220067660624,0.8385815880047176,1264,7.579028464378098,7.625467982133031e-15,6.237262073576088e-09
309.7000000000019,-4.006868207273378e-06,-4.006868207273378e-06,0.5413486018533175,0.5720402369025184,0.8407982464726353,1265,7.597179190501059,7.426498291071517e-15,6.2392766931088975e-09
309.80000000000194,-5.533285993147889e-06,-5.533285993147889e-06,0.5371645282578842,0.5670718520857775,0.843477486114173,1265,7.607430047782642,7.150499041251857e-15,6.241291312641707e-09
309.90000000000197,-7.004417014440012e-06,-7.004417014440012e-06,0.5350402733795072,0.5645554170038424,0.8448265537150109,1266,7.60933807632274,6.800220970065667e-15,6.243305932174516e-09
310.000000000002,-8.40556221627625e-06,-8.40556221627625e-06,0.5320105835556778,0.5609733046829011,0.8467377037694419,1267,7.602775483710732,6.379156369689521e-15,6.245320551707325e-09
310.100000000002,-9.722721818956873e-06,-9.722721818956873e-06,0.5281777508565693,0.5564531201126292,0.8491338313246598,1268,7.5879337660771595,5.891504701525713e-15,6.247335171240134e-09
310.20000000000203,-1.0942735199126972e-05,-1.0942735199126972e-05,0.5258324722733211,0.5536935192927243,0.8505881559855669,1268,7.565319217675119,5.342131144427782e-15,6.2493497907729434e-09
310.30000000000206,-1.2053412386374682e-05,-1.2053412386374682e-05,0.5231924992918217,0.5505927832123522,0.8522145320779135,1269,7.535739707083866,4.736518483358984e-15,6.251364410305753e-09
310.4000000000021,-1.304365586138609e-05,-1.304365586138609e-05,0.5197650647033697,0.5465759273840733,0.8543092399792372,1270,7.500282434096267,4.080712804079418e-15,6.253379029838562e-09
310.5000000000021,-1.3903571438689848e-05,-1.3903571438689848e-05,0.5170725180230739,0.5434272144545377,0.8559415932791664,1270,7.460282289076656,3.3812635109173105e-15,6.255393649371372e-09
310.6000000000021,-1.4624567126087829e-05,-1.4624567126087829e-05,0.5343785749042954,0.5637723751963296,0.845245253570379,1254,7.417280471855686,2.6451582314784627e-15,6.257408268904181e-09
310.70000000000215,-1.519943897300104e-05,-1.519943897300104e-05,0.559671507876482,0.5939893593773743,0.82871454872668,1254,7.372973247167877,1.8797532165976414e-15,6.25942288843699e-09
310.80000000000217,-1.5622443049962488e-05,-1.5622443049962488e-05,0.5796774774245613,0.6183328269146043,0.8148460113215853,1254,7.329151167567048,1.0926998875911389e-15,6.2614375079697995e-09
310.9000000000022,-1.588935284006173e-05,-1.588935284006173e-05,0.5942158373592885,0.6362903411095282,0.8043056251397224,1254,7.2876298084581235,2.9186822707908406e-16,6.263452127502609e-09
311.0000000000022,-1.5997501468904737e-05,-1.5997501468904737e-05,0.6031216433956245,0.6474088995370734,0.7976492231976167,1254,7.25017401447156,-5.147322449183189e-16,6.265466747035418e-09
311.10000000000224,-1.5945808351141297e-05,-1.5945808351141297e-05,0.606238641015292,0.6513224295846622,0.7952827862716079,1254,7.218418767053122,-1.319033121020781e-15,6.267481366568227e-09
311.20000000000226,-1.5734789987316627e-05,-1.5734789987316627e-05,0.603419493559323,0.6477823622346728,0.7974239241411121,1254,7.193790887462975,-2.112988546721792e-15,6.269495986101036e-09
311.3000000000023,-1.536655480316867e-05,-1.536655480316867e-05,0.5989196246871337,0.6421513224634061,0.8008091427828624,1255,7.177436657851034,-2.8886565702544523e-15,6.2715106056338454e-09
311.4000000000023,-1.4844782082935059e-05,-1.4844782082935059e-05,0.5941151126133425,0.6361651149716798,0.804380030187495,1255,7.170160820778308,-3.638279485954855e-15,6.273525225166655e-09
311.50000000000233,-1.4174685207161247e-05,-1.4174685207161247e-05,0.5911138267387865,0.6324390545330428,0.806588150073027,1256,7.172382095084569,-4.3543622378541765e-15,6.275539844699464e-09
311.60000000000235,-1.336295956232539e-05,-1.336295956232539e-05,0.5860064347307197,0.626121542945458,0.8103063978855102,1257,7.184109240137007,-5.02974796220109e-15,6.277554464232273e-09
311.7000000000024,-1.2417715642749867e-05,-1.2417715642749867e-05,0.5826863891735062,0.6220303121671948,0.8126970972459181,1257,7.204939910990976,-5.6576897968684935e-15,6.279569083765082e-09
311.8000000000024,-1.1348398013222983e-05,-1.1348398013222983e-05,0.5790283781800792,0.6175364611120171,0.8153073882052996,1258,7.234082356749343,-6.231918173194602e-15,6.281583703297892e-09
311.9000000000024,-1.0165690942029562e-05,-1.0165690942029562e-05,0.5737458766208863,0.6110721015570222,0.8190333748148062,1259,7.270397821367351,-6.746702922622858e-15,6.2835983228307014e-09
312.00000000000244,-8.881411647273992e-06,-8.881411647273992e-06,0.5712419641439084,0.6080182077961639,0.8207817117851797,1259,7.312459708442097,-7.196909658184802e-15,6.285612942363511e-09
312.10000000000247,-7.508392223143188e-06,-7.508392223143188e-06,0.5673929974652343,0.6033364268476499,0.8234471363891046,1260,7.3586244523948645,-7.578050007519212e-15,6.28762756189632e-09
312.2000000000025,-6.060351425863188e-06,-6.060351425863188e-06,0.5625554417963956,0.597473474268986,0.8267595629354777,1260,7.407108697910492,-7.886325362416032e-15,6.289642181429129e-09
312.3000000000025,-4.5517576004217755e-06,-4.5517576004217755e-06,0.5601161990298089,0.5945260602008688,0.8284140532272491,1261,7.45606774464407,-8.118663863513022e-15,6.291656800961938e-09
312.40000000000254,-2.9976841176479476e-06,-2.9976841176479476e-06,0.5563937249962483,0.5900393560156196,0.8309187823035409,1262,7.50367105676141,-8.27275036397911e-15,6.2936714204947474e-09
312.50000000000256,-1.4136587660731936e-06,-1.4136587660731936e-06,0.5518499255360486,0.5845809005111434,0.8339434391407234,1262,7.548171714586039,-8.347049127770843e-15,6.295686040027557e-09
312.6000000000026,1.8449139659871046e-07,1.8449139659871046e-07,0.5495084326571557,0.5817757645229571,0.8354881701368825,1263,7.587967773238612,-8.340819033526315e-15,6.297700659560366e-09
312.7000000000026,1.7807981822205472e-06,1.7807981822205472e-06,0.5460859639831761,0.5776848865831249,0.8377291447362717,1264,7.621654433276152,-8.25412108767201e-15,6.299715279093175e-09
312.8000000000026,3.3593118210592434e-06,3.3593118210592434e-06,0.5417565371989557,0.5725254889816285,0.8405354569571688,1265,7.648066640214198,-8.087818105914717e-15,6.301729898625984e-09
312.90000000000265,4.904260326622752e-06,4.904260326622752e-06,0.5394778846788927,0.5698168965063661,0.8419997695619562,1265,7.666312196041797,-7.843566499514899e-15,6.3037445181587934e-09
313.0000000000027,6.400207084135553e-06,6.400207084135553e-06,0.536429869415207,0.5662011053159632,0.843944900570638,1266,7.675795710071918,-7.52380019467859e-15,6.305759137691603e-09
313.1000000000027,7.832205088090826e-06,7.832205088090826e-06,0.5325467599049186,0.5616066567666687,0.8464005839522873,1267,7.676233782329912,-7.131706810823942e-15,6.307773757224413e-09
313.2000000000027,9.185946287788646e-06,9.185946287788646e-06,0.5299976253021436,0.558597764986217,0.8479991256918186,1267,7.667661749087594,-6.671196317793772e-15,6.309788376757222e-09
313.30000000000274,1.0447904548648978e-05,1.0447904548648978e-05,0.5273385464881026,0.5554651171810213,0.8496552579651439,1268,7.650432174049075,-6.146862477412036e-15,6.311802996290031e-09
313.40000000000276,1.1605470800877235e-05,1.1605470800877235e-05,0.5238759469369169,0.5513949474812739,0.8517945716080543,1269,7.625205083679565,-5.563937448646401e-15,6.31381761582284e-09
313.5000000000028,1.2647079025121678e-05,1.2647079025121678e-05,0.5210000020320018,0.5480221031082688,0.8535566752610245,1269,7.592929763573429,-4.928239998532196e-15,6.3158322353556494e-09
313.6000000000028,1.3562321816315555e-05,1.3562321816315555e-05,0.5187122500715313,0.5453440309475209,0.8549488883118856,1270,7.554817798821427,-4.246117815231829e-15,6.317846854888459e-09
313.70000000000283,1.4342054371028293e-05,1.4342054371028293e-05,0.5223436002403219,0.5495969778680477,0.8527351073387203,1254,7.5123070033668045,-3.5243844680221682e-15,6.319861474421268e-09
313.80000000000285,1.4978485859318516e-05,1.4978485859318516e-05,0.5497763507034257,0.582096470811334,0.8353118963640013,1254,7.467015993021994,-2.770251604191516e-15,6.321876093954077e-09
313.9000000000029,1.5465257268131503e-05,1.5465257268131503e-05,0.5720044667459316,0.6089475040520366,0.8202505044330679,1254,7.420689463984442,-1.9912570167089134e-15,6.323890713486886e-09
314.0000000000029,1.5797504938455626e-05,1.5797504938455626e-05,0.5888376140081065,0.6296199369600268,0.8082513620955056,1254,7.375134780266516,-1.1951892604344262e-15,6.3259053330196954e-09
314.1000000000029,1.5971909161395487e-05,1.5971909161395487e-05,0.6001054779418813,0.6436329627405668,0.7999208806776744,1254,7.332151256541564,-3.900095394964375e-16,6.327919952552505e-09
314.20000000000294,1.5986727347605843e-05,1.5986727347605843e-05,0.6056486447503282,0.6505807693910041,0.7957321905717343,1254,7.293454504610178,4.16228365225368e-16,6.329934572085314e-09
314.30000000000297,1.5841811438668316e-05,1.5841811438668316e-05,0.6053154621879266,0.6501621241458747,0.7959856727581324,1254,7.260599282163733,1.2154593121778335e-15,6.331949191618123e-09
314.400000000003,1.553860938644218e-05,1.553860938644218e-05,0.5992069277466944,0.642510136574156,0.8005941904238175,1255,7.234905261475879,1.999688296109371e-15,6.333963811150933e-09
314.500000000003,1.5080150685608009e-05,1.5080150685608009e-05,0.5968169915927921,0.6395282566583257,0.802377391597077,1255,7.21739079315293,2.7610713229616227e-15,6.335978430683742e-09
314.60000000000304,1.447101610395824e-05,1.447101610395824e-05,0.5922676250649304,0.6338702733466004,0.8057413110297542,1256,7.208719846738951,3.4919947336072504e-15,6.3379930502165514e-09
314.70000000000306,1.3717291912879602e-05,1.3717291912879602e-05,0.5878252401992377,0.6283679593765592,0.8089879399501012,1256,7.209166708677406,4.185152045989123e-15,6.340007669749361e-09
314.8000000000031,1.282650907534126e-05,1.282650907534126e-05,0.5847270740584356,0.6245435822627717,0.8112300838005583,1257,7.218601693616764,4.833617418325628e-15,6.34202228928217e-09
314.9000000000031,1.1807567999002245e-05,1.1807567999002245e-05,0.579743020070886,0.618413264838846,0.8147993806324894,1258,7.236499239116436,5.430914908187234e-15,6.344036908814979e-09
315.0000000000031,1.0670649606280202e-05,1.0670649606280202e-05,0.5764536947953783,0.6143820595317705,0.8171298169549052,1258,7.261967621573988,5.971082808691051e-15,6.346051528347788e-09
315.10000000000315,9.42711360993996e-06,9.42711360993996e-06,0.5729064491624528,0.6100475688457462,0.8196207662742995,1259,7.2937975385768254,6.4487324688492465e-15,6.3480661478805974e-09
315.2000000000032,8.089385010598606e-06,8.089385010598606e-06,0.5679008150460818,0.6039532552154548,0.8230969956633276,1260,7.330525295103598,6.859101128893194e-15,6.350080767413407e-09
315.3000000000032,6.670829950226484e-06,6.670829950226484e-06,0.5651938931103875,0.6006682685519202,0.8249580978393533,1260,7.370505517563476,7.198098402977183e-15,6.352095386946216e-09
315.4000000000032,5.185622162074877e-06,5.185622162074877e-06,0.5616053256066459,0.5963247180215031,0.8274052563588494,1261,7.4119882325791195,7.462346109645286e-15,6.354110006479025e-09
315.50000000000324,3.6486013514185813e-06,3.6486013514185813e-06,0.5568507308004392,0.5905894579301731,0.8306125833425694,1262,7.453195662002607,7.649211186026584e-15,6.356124626011834e-09
315.60000000000326,2.0751249221261506e-06,2.0751249221261506e-06,0.5543388006577739,0.5875683229840565,0.8322911113818896,1262,7.492394984736619,7.756831436956074e-15,6.358139245544643e-09
315.7000000000033,4.809145305569269e-07,4.809145305569269e-07,0.5509571072917431,0.5835106811931241,0.8345335618923392,1263,7.5279643648267385,7.784133882198066e-15,6.3601538650774534e-09
315.8000000000033,-1.118101000032416e-06,-1.118101000032416e-06,0.5465913661838377,0.5782883055442591,0.8373994736165564,1264,7.558450549546293,7.73084548918802e-15,6.362168484610263e-09
315.90000000000333,-2.7059448350244813e-06,-2.7059448350244813e-06,0.5440229134468305,0.5752241875083935,0.8390703603660555,1264,7.582617174623201,7.597496124478598e-15,6.364183104143072e-09
316.00000000000335,-4.266751763691409e-06,-4.266751763691409e-06,0.5409727322739892,0.5715932622372065,0.8410401315847031,1265,7.599483519211802,7.38541362589643e-15,6.366197723675881e-09
316.1000000000034,-5.78492671913613e-06,-5.78492671913613e-06,0.5370423948715336,0.5669270613140847,0.8435552537389875,1266,7.608353826858537,7.096710984298729e-15,6.36821234320869e-09
316.2000000000034,-7.245300599045752e-06,-7.245300599045752e-06,0.5342639295594321,0.5636367454135339,0.8453177234458734,1266,7.60883747932903,6.7342657200976314e-15,6.370226962741499e-09
316.3000000000034,-8.633281830347632e-06,-8.633281830347632e-06,0.5315903927843486,0.5604771353255626,0.8470015668813028,1267,7.600860321484052,6.301691636226277e-15,6.372241582274309e-09
316.40000000000344,-9.935002163384195e-06,-9.935002163384195e-06,0.5280889548739393,0.5563485510897157,0.8491890577133873,1268,7.584667334940551,5.803303218781326e-15,6.374256201807118e-09
316.50000000000347,-1.1137455238879263e-05,-1.1137455238879263e-05,0.525015796054428,0.552733672729642,0.8510924825736245,1268,7.560816692752648,5.244073035297867e-15,6.376270821339927e-09
316.6000000000035,-1.222862654318063e-05,-1.222862654318063e-05,0.5227181002716365,0.5500362120770592,0.8525055939103341,1269,7.530165042843689,4.629582547862684e-15,6.378285440872736e-09
316.7000000000035,-1.3197613453308983e-05,-1.3197613453308983e-05,0.5196128747089682,0.5463977931189387,0.8544018143921993,1270,7.4938437122415475,3.965966815757755e-15,6.380300060405545e-09
316.80000000000354,-1.4034734172362807e-05,-1.4034734172362807e-05,0.5162065523946509,0.5424158121379089,0.8564641237464816,1270,7.4532254493364665,3.25985361281361e-15,6.382314679938355e-09
316.90000000000356,-1.4731624466832631e-05,-1.4731624466832631e-05,0.53899102116952,0.5692387806891127,0.8423115095370821,1254,7.409881383778448,2.5182975309122068e-15,6.384329299471164e-09
317.0000000000036,-1.5281321239257412e-05,-1.5281321239257412e-05,0.5634083791761048,0.5985054999652542,0.8261785510857532,1254,7.365528139870947,1.7487096853131833e-15,6.386343919003973e-09
317.1000000000036,-1.5678332101192674e-05,-1.5678332101192674e-05,0.5825068531612648,0.6218094158478097,0.8128257906957436,1254,7.321965536054331,9.587836812401569e-16,6.388358538536783e-09
317.2000000000036,-1.5918690251340303e-05,-1.5918690251340303e-05,0.5961091423820323,0.6386463559180678,0.8029034128514824,1254,7.281006060149899,1.5641854553527965e-16,6.390373158069592e-09
317.30000000000365,-1.599999411051586e-05,-1.599999411051586e-05,0.6040520929795761,0.6485759043606024,0.7969448343310807,1254,7.244398298848699,-6.503606271233294e-16,6.392387777602401e-09
317.4000000000037,-1.592143131743395e-05,-1.592143131743395e-05,0.6061806935269005,0.6512495676037136,0.795326955908855,1254,7.2137476229832656,-1.453483516867188e-15,6.394402397135211e-09
317.5000000000037,-1.5683786845553637e-05,-1.5683786845553637e-05,0.60234979495357,0.6464415991517228,0.7982322497364988,1254,7.190438512237011,-2.2449160663789467e-15,6.39641701666802e-09
317.6000000000037,-1.5289435159883136e-05,-1.5289435159883136e-05,0.598515286943354,0.6416465062404267,0.8011113850739575,1255,7.175563706505925,-3.01674172633125e-15,6.398431636200829e-09
317.70000000000374,-1.4742316492110328e-05,-1.4742316492110328e-05,0.5927261395674057,0.6344394516394725,0.8054040746566411,1255,7.169865643295509,-3.761241537927726e-15,6.400446255733638e-09
317.80000000000376,-1.4047897471110218e-05,-1.4047897471110218e-05,0.5903639920355237,0.6315097332221647,0.8071371363701958,1256,7.17369518766596,-4.470972118977056e-15,6.402460875266447e-09
317.9000000000038,-1.321311650219623e-05,-1.321311650219623e-05,0.5858244221310178,0.625896939239224,0.8104379966628287,1257,7.186991428095542,-5.138840637736893e-15,6.404475494799257e-09
318.0000000000038,-1.2246314440867857e-05,-1.2246314440867857e-05,0.581579863994626,0.6206694288128973,0.813489312650137,1257,7.209284430635417,-5.758175914646239e-15,6.406490114332066e-09
318.10000000000383,-1.1157151253739626e-05,-1.1157151253739626e-05,0.578472018190771,0.6168542334141232,0.8157022276359777,1258,7.239720623603393,-6.322794885503413e-15,6.408504733864875e-09
318.20000000000385,-9.95650949934784e-06,-9.95650949934784e-06,0.5736784309563322,0.6109897560489134,0.8190806174336448,1259,7.277108332484859,-6.827063779759932e-15,6.410519353397684e-09
318.3000000000039,-8.656385593222994e-06,-8.656385593222994e-06,0.5703012697955201,0.606872568625368,0.8214356101786782,1259,7.319979285766133,-7.26595349493453e-15,6.412533972930493e-09
318.4000000000039,-7.269769943671266e-06,-7.269769943671266e-06,0.5669343640080609,0.6027795659539591,0.82376296767139,1260,7.3666609225581015,-7.635088761002119e-15,6.414548592463303e-09
318.5000000000039,-5.81051715590879e-06,-5.81051715590879e-06,0.5622453642411183,0.5970984704335843,0.8269704652461127,1261,7.415354119443701,-7.930790771165343e-15,6.416563211996113e-09
318.60000000000394,-4.2932076014260565e-06,-4.2932076014260565e-06,0.5592591348954181,0.5934918373639371,0.8289928950455658,1261,7.46421140787728,-8.150113003529019e-15,6.418577831528922e-09
318.70000000000397,-2.733001735735606e-06,-2.733001735735606e-06,0.5559679910554497,0.5895270785683093,0.8312037012199641,1262,7.511411653215499,-8.290869979947665e-15,6.420592451061731e-09
318.800000000004,-1.1454886201119363e-06,-1.1454886201119363e-06,0.5515921781854112,0.584271861563883,0.8341139424351289,1263,7.555228260063881,-8.351658719534753e-15,6.42260707059454e-09
318.900000000004,4.5346983915570196e-07,4.5346983915570196e-07,0.5486790839909422,0.5807834365913179,0.8360330512550689,1263,7.59408904032103,-8.331872661907986e-15,6.424621690127349e-09
319.00000000000404,2.047897377687694e-06,2.047897377687694e-06,0.5456511678137151,0.5771659567303747,0.8380124122371511,1264,7.626626785729856,-8.231707871432234e-15,6.4266363096601586e-09
319.10000000000406,3.6218630025666924e-06,3.6218630025666924e-06,0.5416817365726039,0.5724364998964794,0.8405836640475998,1265,7.651720257130654,-8.052161393241887e-15,6.428650929192968e-09
319.2000000000041,5.15964016955276e-06,5.15964016955276e-06,0.5386396603727132,0.5688216975529771,0.8425362403324668,1265,7.668525729082376,-7.795021712110578e-15,6.430665548725777e-09
319.3000000000041,6.645863917514917e-06,6.645863917514917e-06,0.5359604676193056,0.5656450039938734,0.8442430794204329,1266,7.6764994394261,-7.462851358760228e-15,6.432680168258586e-09
319.4000000000041,8.065684390043769e-06,8.065684390043769e-06,0.5324182964321488,0.5614548878024148,0.8464813982742259,1267,7.675411334038459,-7.0589618056434615e-15,6.434694787791395e-09
319.50000000000415,9.404915210308052e-06,9.404915210308052e-06,0.5291280219438327,0.5575726165052594,0.8485420062635715,1267,7.665350416370953,-6.587380887357094e-15,6.4367094073242046e-09
319.6000000000042,1.065017522664253e-05,1.065017522664253e-05,0.5268204531024971,0.5548554635445737,0.8499765939088438,1268,7.646721855748818,-6.05281306432428e-15,6.438724026857014e-09
319.7000000000042,1.1789022212592222e-05,1.1789022212592222e-05,0.5236868170512545,0.5511729256679968,0.8519108625007231,1269,7.620235820988244,-5.4605929203026356e-15,6.440738646389824e-09
319.8000000000042,1.281007718552627e-05,1.281007718552627e-05,0.520086448503953,0.5469521618669947,0.8541136259787365,1269,7.586887829118962,-4.816632345518815e-15,6.442753265922633e-09
319.90000000000424,1.3703138101671016e-05,1.3703138101671016e-05,0.5181390252013229,0.5446736886884374,0.8552964109379992,1270,7.547930277698475,-4.127361910272826e-15,6.444767885455442e-09
320.00000000000426,1.4459281791559029e-05,1.4459281791559029e-05,0.5273162042452646,0.5554388217390559,0.8496691242715404,1254,7.504834812401916,-3.3996669815673747e-15,6.446782504988251e-09
320.1000000000043,1.5070953117388814e-05,1.5070953117388814e-05,0.5538882325022871,0.5870270616744955,0.8325910315968412,1254,7.459245321154875,-2.6408191801705887e-15,6.4487971245210606e-09
320.2000000000043,1.5532040461464338e-05,1.5532040461464338e-05,0.5752217249227957,0.6128751804033247,0.8179975349454567,1254,7.4129216906501325,-1.8584038193257516e-15,6.45081174405387e-09
320.30000000000433,1.5837936791458805e-05,1.5837936791458805e-05,0.5911305119692081,0.6324597408732741,0.8065759219187131,1254,7.36767504388531,-1.0602440103320719e-15,6.452826363586679e-09
320.40000000000435,1.59855856923588e-05,1.59855856923588e-05,0.6014466263607897,0.6453106206063025,0.7989129837718403,1254,7.325295998498597,-2.5432216530319624e-16,6.454840983119488e-09
320.5000000000044,1.5973511905152756e-05,1.5973511905152756e-05,0.6060119694936893,0.651037440509576,0.7954555253629079,1254,7.287478491971669,5.513003260338504e-16,6.456855602652297e-09
320.6000000000044,1.5801836067131376e-05,1.5801836067131376e-05,0.6046764758806396,0.6493596078740976,0.7964711918936995,1254,7.255742789230233,1.3485644212059245e-15,6.4588702221851066e-09
320.7000000000044,1.5472273506519686e-05,1.5472273506519686e-05,0.5992112223133461,0.6425155008090258,0.8005909761256029,1255,7.231362229919027,2.1294948814792993e-15,6.460884841717916e-09
320.80000000000445,1.4988117103484422e-05,1.4988117103484422e-05,0.5958485377148105,0.6383218171567346,0.8030968310877101,1255,7.215298852537654,2.8862809513310587e-15,6.462899461250725e-09
320.90000000000447,1.435420438876388e-05,1.435420438876388e-05,0.591918712176933,0.6334373088437351,0.8059976663581607,1256,7.208153028133805,3.61135532957667e-15,6.464914080783534e-09
321.0000000000045,1.3576869208659874e-05,1.3576869208659874e-05,0.5865203598925334,0.6267559241050846,0.8099344834192043,1256,7.210131509751911,4.297470504646734e-15,6.466928700316344e-09
321.1000000000045,1.2663878439339151e-05,1.2663878439339151e-05,0.5840180209560141,0.6236698104514224,0.8117406920923829,1257,7.221036868775055,4.937771566072453e-15,6.468943319849153e-09
321.20000000000454,1.1624354382774147e-05,1.1624354382774147e-05,0.5795636076277464,0.6181930899138854,0.8149270057578848,1258,7.2402793366927005,5.52586468276976e-15,6.4709579393819626e-09
321.30000000000456,1.0468683619717101e-05,1.0468683619717101e-05,0.575372283492744,0.6130592498033733,0.8178916403707434,1258,7.266909934766443,6.055880549703201e-15,6.472972558914772e-09
321.4000000000046,9.208413230418514e-06,9.208413230418514e-06,0.5723425915082081,0.6093597846703916,0.8200146083733316,1259,7.299671841564185,6.522532231532393e-15,6.474987178447581e-09
321.5000000000046,7.856135420018263e-06,7.856135420018263e-06,0.5677982017193962,0.6038285932196894,0.8231677849164287,1260,7.337065547325431,6.921166953154678e-15,6.47700179798039e-09
321.6000000000046,6.4253617013942585e-06,6.4253617013942585e-06,0.5642365573801668,0.5995082633570773,0.8256131705077008,1260,7.377422655421778,7.247811483460659e-15,6.479016417513199e-09
321.70000000000465,4.930387892592087e-06,4.930387892592087e-06,0.5611064008679503,0.5957218420973772,0.8277436843039124,1261,7.418983217451896,7.499210820721893e-15,6.4810310370460086e-09
321.8000000000047,3.3861512777366663e-06,3.3861512777366663e-06,0.5567631000363409,0.5904839602923898,0.8306713251569019,1262,7.459972084311373,7.672859919121643e-15,6.483045656578818e-09
321.9000000000047,1.8080813586268821e-06,1.8080813586268821e-06,0.5534366848888471,0.5864848192176136,0.8328912508960836,1262,7.498670695739717,7.767028209393172e-15,6.485060276111627e-09
322.0000000000047,2.119456882539248e-07,2.119456882539248e-07,0.5504696698985069,0.5829267100997146,0.8348551626011717,1263,7.533481784154412,7.780776679612961e-15,6.487074895644436e-09
322.10000000000474,-1.386307673376137e-06,-1.386307673376137e-06,0.5464798762281062,0.5781551730124072,0.8374722352876623,1264,7.562985450943885,7.713967309615657e-15,6.489089515177245e-09
322.20000000000476,-2.9707095069862087e-06,-2.9707095069862087e-06,0.5431296781961258,0.5741600009867466,0.839648826988148,1264,7.585985870777942,7.567264702241427e-15,6.4911041347100545e-09
322.3000000000048,-4.525428993188465e-06,-4.525428993188465e-06,0.5404628542240062,0.570987133364787,0.8413678762610566,1265,7.601548445090572,7.34212982697406e-15,6.493118754242864e-09
322.4000000000048,-6.034931888798702e-06,-6.034931888798702e-06,0.5368844311147004,0.5667398129481013,0.8436557992609572,1266,7.609027562786589,7.040805880649094e-15,6.495133373775674e-09
322.50000000000483,-7.484135739859291e-06,-7.484135739859291e-06,0.5333498847381297,0.5625558111660858,0.8458947336695174,1266,7.608085266793523,6.666296366841856e-15,6.497147993308483e-09
322.60000000000485,-8.858560580533532e-06,-8.858560580533532e-06,0.5310381003360671,0.5598252126548279,0.8473479426961873,1267,7.598701114277831,6.222335591303959e-15,6.499162612841292e-09
322.7000000000049,-1.0144473612137848e-05,-1.0144473612137848e-05,0.5278729791495514,0.5560942394640122,0.8493233294121723,1268,7.581173403727237,5.713351858734104e-15,6.501177232374101e-09
322.8000000000049,-1.132902641672678e-05,-1.132902641672678e-05,0.5240633058533097,0.5516149202291718,0.8516793125690563,1268,7.556111770172737,5.144423732925047e-15,6.5031918519069106e-09
322.9000000000049,-1.2400383334237967e-05,-1.2400383334237967e-05,0.5221130455563836,0.5493266294372554,0.8528762909471911,1269,7.524420966732811,4.521229787774093e-15,6.50520647143972e-09
323.00000000000495,-1.3347839720495142e-05,-1.3347839720495142e-05,0.5193345492238052,0.5460720705827875,0.8545710186886207,1270,7.487275504806504,3.8499923327478136e-15,6.507221090972529e-09
323.10000000000497,-1.4161928904474265e-05,-1.4161928904474265e-05,0.5157862824366933,0.5419251811437285,0.8567172875868302,1271,7.44608476945659,3.1374156459866287e-15,6.509235710505338e-09
323.200000000005,-1.4834516776151118e-05,-1.4834516776151118e-05,0.5434597954646849,0.5745532121179366,0.8394351974473567,1254,7.402448317667981,2.390619294018491e-15,6.511250330038147e-09
323.300000000005,-1.5358883059839893e-05,-1.5358883059839893e-05,0.5669961791969288,0.6028546079109774,0.8237204214878275,1254,7.358101361071262,1.6170671611127443e-15,6.5132649495709565e-09
323.40000000000504,-1.572978846096642e-05,-1.572978846096642e-05,0.5851824490295909,0.6251050347601774,0.8109016594801925,1254,7.31485097488472,8.244928551049912e-16,6.515279569103766e-09
323.50000000000506,-1.5943527015367662e-05,-1.5943527015367662e-05,0.5978443431817226,0.6408092518031606,0.8016122138076581,1254,7.274504374527647,2.0822201078426894e-17,6.517294188636575e-09
323.6000000000051,-1.5997963118060615e-05,-1.5997963118060615e-05,0.604820323832703,0.649540226856373,0.7963619628528877,1254,7.2387916216669606,-7.859064197722263e-16,6.519308808169384e-09
323.7000000000051,-1.5892552861501357e-05,-1.5892552861501357e-05,0.6059566677803045,0.6509679202822103,0.7954976535305366,1254,7.209286251930996,-1.5876230815282537e-15,6.521323427702194e-09
323.8000000000051,-1.5628349470129427e-05,-1.5628349470129427e-05,0.6011107451771504,0.6448902643688488,0.799165735021573,1254,7.187328369594933,-2.3763078236882854e-15,6.523338047235003e-09
323.90000000000515,-1.5207992776897386e-05,-1.5207992776897386e-05,0.5979509747904682,0.6409422798397687,0.8015326766558734,1255,7.173955485840039,-3.144071766116827e-15,6.5253526667678126e-09
324.0000000000052,-1.463568284693256e-05,-1.463568284693256e-05,0.5925030548408894,0.6341624950112834,0.8055682031983474,1256,7.169846538124783,-3.883236904313418e-15,6.527367286300622e-09
324.1000000000052,-1.3917138011874651e-05,-1.3917138011874651e-05,0.5894579999735104,0.6303877173950073,0.8077990259137658,1256,7.175283943221119,-4.5864136520095526e-15,6.529381905833431e-09
324.2000000000052,-1.305953773419622e-05,-1.305953773419622e-05,0.5854951818878096,0.6254907490977145,0.810675885903954,1257,7.190137179794319,-5.246575221958286e-15,6.53139652536624e-09
324.30000000000524,-1.2071450872386865e-05,-1.2071450872386865e-05,0.5803191011339855,0.6191204647935524,0.8143891826756069,1257,7.213869432824837,-5.857127998283941e-15,6.533411144899049e-09
324.40000000000526,-1.0962750063751704e-05,-1.0962750063751704e-05,0.5777699611052152,0.615993817661224,0.8161996520732401,1258,7.245566593961176,-6.411977152726805e-15,6.5354257644318585e-09
324.5000000000053,-9.744513080282862e-06,-9.744513080282862e-06,0.5734740809504543,0.6107402907913942,0.8192237047827852,1259,7.283985810983451,-6.90558687996612e-15,6.537440383964668e-09
324.6000000000053,-8.428912143223555e-06,-8.428912143223555e-06,0.5692151658267914,0.6055509723584017,0.8221886006220096,1259,7.327619186774433,-7.333034753560012e-15,6.539455003497477e-09
324.70000000000533,-7.02909230225704e-06,-7.02909230225704e-06,0.5663388504451676,0.6020568270489807,0.8241724980102442,1260,7.374767369498795,-7.69005981263311e-15,6.541469623030286e-09
324.80000000000535,-5.559040094515337e-06,-5.559040094515337e-06,0.5620887196344515,0.5969090627959012,0.8270769439778278,1261,7.423617686170712,-7.97310406613706e-15,6.543484242563095e-09
324.9000000000054,-4.033443795723554e-06,-4.033443795723554e-06,0.5582642589658867,0.5922922206185675,0.8296631950142596,1261,7.472322017987489,-8.17934714433645e-15,6.5454988620959045e-09
325.0000000000054,-2.46754665980414e-06,-2.46754665980414e-06,0.5554124866293821,0.5888589146001415,0.8315749934288346,1262,7.519070565473595,-8.30673384592935e-15,6.5475134816287146e-09
325.1000000000054,-8.76994613322432e-07,-8.76994613322432e-07,0.5514329651879428,0.5840809968111648,0.8342192067460645,1263,7.562158754793017,-8.353994340388635e-15,6.549528101161524e-09
325.20000000000545,7.223200734397212e-07,7.223200734397212e-07,0.5477180331542925,0.5796343327396732,0.8366629883995068,1263,7.600045588269112,-8.320656805153503e-15,6.551542720694333e-09
325.30000000000547,2.314417576795333e-06,2.314417576795333e-06,0.5450919517197323,0.5764987891691226,0.8383762664641533,1264,7.631402610963886,-8.207052317296718e-15,6.553557340227142e-09
325.4000000000055,3.883390184768331e-06,3.883390184768331e-06,0.5414890473985119,0.5722072842287368,0.8407078039054069,1265,7.655153293853382,-8.014311882656731e-15,6.555571959759951e-09
325.5000000000055,5.413561241693232e-06,5.413561241693232e-06,0.5376743059242121,0.5676763446166914,0.8431526200806808,1265,7.67050302169008,-7.744355568550939e-15,6.5575865792927605e-09
325.60000000000554,6.889641784176539e-06,6.889641784176539e-06,0.5353703695450216,0.5649461919198724,0.8446174088977961,1266,7.676960052530569,-7.399873801023647e-15,6.55960119882557e-09
325.70000000000556,8.296883303365106e-06,8.296883303365106e-06,0.5321747627641487,0.5611672126790261,0.8466345267451134,1267,7.674347832786329,-6.98430098481008e-15,6.561615818358379e-09
325.8000000000056,9.621225107171398e-06,9.621225107171398e-06,0.528187351168466,0.5564644261580373,0.8491278596687543,1268,7.662808955257315,-6.5017816959792574e-15,6.563630437891188e-09
325.9000000000056,1.0849434810060972e-05,1.0849434810060972e-05,0.5261840169338643,0.5541068680905178,0.8503707311069347,1268,7.6428008836802865,-5.957129778799548e-15,6.565645057423997e-09
326.0000000000056,1.1969240546674698e-05,1.1969240546674698e-05,0.5233841717182032,0.5508177097483898,0.8520968306447633,1269,7.615083378702869,-5.35578074837414e-15,6.5676596769568065e-09
326.10000000000565,1.2969453588250892e-05,1.2969453588250892e-05,0.5198059588029226,0.5466237961102366,0.8542843585089067,1270,7.580697389510652,-4.703737960260806e-15,6.569674296489616e-09
326.2000000000057,1.3840080136704592e-05,1.3840080136704592e-05,0.5174487548550275,0.5438668318450668,0.8557141965042894,1270,7.540935068058811,-4.007513060239466e-15,6.571688916022425e-09
326.3000000000057,1.4572421179354521e-05,1.4572421179354521e-05,0.5321412749591613,0.5611276591436467,0.8466555754761427,1254,7.497300568704951,-3.2740612744673654e-15,6.573703535555235e-09
326.4000000000057,1.515915940658228e-05,1.515915940658228e-05,0.5578465674035307,0.5917888587026757,0.8299440988621452,1254,7.451461466923182,-2.5107121448295675e-15,6.575718155088044e-09
326.50000000000574,1.5594432323971276e-05,1.5594432323971276e-05,0.5782802678231679,0.616619179024887,0.8158381774876469,1254,7.405191013735563,-1.7250963580567364e-15,6.577732774620853e-09
326.60000000000576,1.5873890828413056e-05,1.5873890828413056e-05,0.5932600325840668,0.6351025018577953,0.8050108904470499,1254,7.3603020665587096,-9.250693613215968e-16,6.5797473941536625e-09
326.7000000000058,1.5994742662907937e-05,1.5994742662907937e-05,0.6026199983316857,0.6467801446088041,0.7980282812098323,1254,7.318574394886693,-1.1863250234610865e-16,6.581762013686472e-09
326.8000000000058,1.5955780315873947e-05,1.5955780315873947e-05,0.6062033241667311,0.6512780224235467,0.7953097068244579,1254,7.281678086667601,6.861475211644253e-16,6.583776633219281e-09
326.90000000000583,1.5757393086203414e-05,1.5757393086203414e-05,0.6038617388507721,0.6483370711384603,0.7970890793080294,1254,7.25109684423169,1.4812200705472555e-15,6.58579125275209e-09
327.00000000000585,1.5401563193517105e-05,1.5401563193517105e-05,0.5990492307824825,0.6423131761858817,0.800712194923317,1255,7.228055856433847,2.2586319564313797e-15,6.587805872284899e-09
327.1000000000059,1.4891845972481019e-05,1.4891845972481019e-05,0.5947090813263229,0.6369037345384037,0.8039409857620153,1255,7.213459429542218,3.0106078963714866e-15,6.5898204918177085e-09
327.2000000000059,1.4233334349077642e-05,1.4233334349077642e-05,0.5914072962228437,0.632802943621614,0.8063729968038275,1256,7.207843439731343,3.72962910703332e-15,6.591835111350518e-09
327.3000000000059,1.3432607953773019e-05,1.3432607953773019e-05,0.5860335195718737,0.6261549687811643,0.8102868096780315,1257,7.211346818667484,4.408509107388812e-15,6.593849730883327e-09
327.40000000000595,1.2497667380024078e-05,1.2497667380024078e-05,0.5831485512081117,0.6225991050397158,0.8123655379346666,1257,7.223704743562061,5.04046585550441e-15,6.595864350416136e-09
327.50000000000597,1.1437854244993467e-05,1.1437854244993467e-05,0.5792325718698069,0.6177869333362067,0.8151623321063658,1258,7.244264193452882,5.619189426242111e-15,6.597878969948945e-09
327.600000000006,1.0263757851198764e-05,1.0263757851198764e-05,0.5741312743329793,0.6115427310554906,0.8187632623858921,1258,7.272020404788034,6.138904552255955e-15,6.599893589481755e-09
327.700000000006,8.987109381702108e-06,8.987109381702108e-06,0.5716278216505207,0.6084883945207302,0.8205130306796354,1259,7.305670896462127,6.594427478285231e-15,6.6019082090145645e-09
327.80000000000604,7.620664686006833e-06,7.620664686006833e-06,0.567553500933225,0.6035313564814894,0.8233365190360742,1260,7.343682445373716,6.9812166970176475e-15,6.603922828547374e-09
327.90000000000606,6.1780768278257725e-06,6.1780768278257725e-06,0.5631281535237393,0.5981663562581363,0.826369579975536,1260,7.384365829586181,7.295417225748137e-15,6.605937448080183e-09
328.0000000000061,4.673759668181732e-06,4.673759668181732e-06,0.5604651363097695,0.5949473314126198,0.8281780188952563,1261,7.425953291509996,7.533898139381868e-15,6.607952067612992e-09
328.1000000000061,3.1227438468727393e-06,3.1227438468727393e-06,0.5565415426406473,0.5902172632353505,0.830819782693677,1262,7.466674343992924,7.69428310232805e-15,6.609966687145801e-09
328.2000000000061,1.5405266012876561e-06,1.5405266012876561e-06,0.5523912937297786,0.5852302066101969,0.8335849438488807,1262,7.50482651678586,7.774973654011541e-15,6.6119813066786105e-09
328.30000000000615,-5.708307686710975e-08,-5.708307686710975e-08,0.5498472770536366,0.582181383204633,0.8352652105269927,1263,7.538838693327028,7.775165017342592e-15,6.61399592621142e-09
328.4000000000062,-1.6541223997869756e-06,-1.6541223997869756e-06,0.5462411591618225,0.5778701547602176,0.8376279580085353,1264,7.567325645053627,7.694854230314025e-15,6.616010545744229e-09
328.5000000000062,-3.2346342784683317e-06,-3.2346342784683317e-06,0.542099906072341,0.5729340548508504,0.8403140435791604,1264,7.589133130527539,7.534840454617736e-15,6.618025165277038e-09
328.6000000000062,-4.7828267606671535e-06,-4.7828267606671535e-06,0.5398241038924313,0.5702281375231009,0.8417778429352566,1265,7.603373452547356,7.296717390874469e-15,6.620039784809847e-09
328.70000000000624,-6.283230818865696e-06,-6.283230818865696e-06,0.5366045257698692,0.5664080712502919,0.8438338597871584,1266,7.609451667528208,6.9828578211682435e-15,6.6220544043426565e-09
328.80000000000626,-7.720854911682073e-06,-7.720854911682073e-06,0.5325628053737467,0.5616256141785934,0.8463904880919001,1267,7.607082753249565,6.596390396898312e-15,6.624069023875466e-09
328.9000000000063,-9.081334774396203e-06,-9.081334774396203e-06,0.5303617523870758,0.5590272182236619,0.8477714383045174,1267,7.596300009500601,6.141168884783079e-15,6.626083643408275e-09
329.0000000000063,-1.035107694193469e-05,-1.035107694193469e-05,0.5275390748513675,0.5557011459140242,0.849530767250347,1268,7.577454838680871,5.621734170027261e-15,6.628098262941085e-09
329.10000000000633,-1.1517394570280442e-05,-1.1517394570280442e-05,0.5239232488501041,0.5514504804966075,0.8517654778836437,1269,7.551207876355144,5.04326939045539e-15,6.630112882473894e-09
329.20000000000636,-1.2568634199224373e-05,-1.2568634199224373e-05,0.5213876086438006,0.5484762737215888,0.8533199643467267,1269,7.518511261442966,4.411548639112595e-15,6.632127502006703e-09
329.3000000000064,-1.349429218988769e-05,-1.349429218988769e-05,0.5189412216313259,0.5456118717173359,0.8548099253587238,1270,7.48058170118238,3.732879727638367e-15,6.6341421215395125e-09
329.4000000000064,-1.4285119673609535e-05,-1.4285119673609535e-05,0.5199452447007025,0.5467868481511431,0.8541995917308358,1254,7.438863950886139,3.0140415514979298e-15,6.636156741072322e-09
329.5000000000064,-1.4933214963585361e-05,-1.4933214963585361e-05,0.5477832095309034,0.5797122351204059,0.8366203173220349,1254,7.394984450002397,2.2622166435229385e-15,6.638171360605131e-09
329.60000000000645,-1.543210250590955e-05,-1.543210250590955e-05,0.5704329028487174,0.6070328251024523,0.8213442051585838,1254,7.350695188833474,1.4849195461433257e-15,6.64018598013794e-09
329.70000000000647,-1.577679758116949e-05,-1.577679758116949e-05,0.5877018994507319,0.6282155047951514,0.8090775471992792,1254,7.307808464286227,6.899216765577773e-16,6.642200599670749e-09
329.8000000000065,-1.596385611011423e-05,-1.596385611011423e-05,0.5994186820017894,0.6427746591300351,0.8004356586679767,1254,7.26812402429798,-1.1482659615353255e-16,6.6442152192035585e-09
329.9000000000065,-1.599140906575588e-05,-1.599140906575588e-05,0.6054231814379583,0.6502974592371975,0.7959037450455558,1254,7.233351149283464,-9.212758967755232e-16,6.646229838736368e-09
330.00000000000654,-1.5859181148069464e-05,-1.5859181148069464e-05,0.605563049093904,0.6504732053714503,0.7957973319709573,1254,7.205029351492203,-1.7213590000085053e-15,6.648244458269177e-09
330.10000000000656,-1.5568493534699762e-05,-1.5568493534699762e-05,0.5996985558586435,0.6431243568359393,0.8002259943922451,1254,7.1844523901581345,-2.507072337712226e-15,6.650259077801986e-09
330.2000000000066,-1.5122250680191024e-05,-1.5122250680191024e-05,0.5972212835181376,0.6400322186789462,0.8020765166197975,1255,7.172600952143988,-3.2705569571782345e-15,6.652273697334795e-09
330.3000000000066,-1.4524911295637223e-05,-1.4524911295637223e-05,0.5923807379755553,0.6340106642464196,0.8056581541047892,1256,7.170089392331911,-4.0041780026740214e-15,6.654288316867605e-09
330.4000000000066,-1.3782443798714678e-05,-1.3782443798714678e-05,0.5883886939971631,0.6290646279736117,0.8085782242778449,1256,7.177131210076289,-4.7006017887666795e-15,6.6563029364004145e-09
330.50000000000665,-1.2902266679225512e-05,-1.2902266679225512e-05,0.5850103910583442,0.6248928699435794,0.811025796355309,1257,7.19352646253577,-5.352869564032151e-15,6.658317555933224e-09
330.6000000000067,-1.1893174375999796e-05,-1.1893174375999796e-05,0.5797777674162541,0.6184559107629674,0.8147746562147254,1258,7.2186722791412565,-5.954467132823336e-15,6.660332175466033e-09
330.7000000000067,-1.07652494057698e-05,-1.07652494057698e-05,0.5769125677072884,0.6149437375625555,0.8168059067008413,1258,7.251595397102677,-6.499389606906013e-15,6.662346794998842e-09
330.8000000000067,-9.52976162199564e-06,-9.52976162199564e-06,0.5731224762077173,0.610311162644135,0.819469723214674,1259,7.2910035993547515,-6.982200683761363e-15,6.664361414531651e-09
330.90000000000674,-8.199055610214828e-06,-8.199055610214828e-06,0.5679729576890689,0.6040409056684847,0.8230472157379133,1259,7.335351456218542,-7.398085973109186e-15,6.6663760340644605e-09
331.00000000000676,-6.7864273450241645e-06,-6.7864273450241645e-06,0.5655952604948074,0.6011548803176926,0.8246829701805481,1260,7.382915045467789,-7.74289999712711e-15,6.66839065359727e-09
331.1000000000068,-5.305991341096614e-06,-5.305991341096614e-06,0.5617919840276289,0.596550330216047,0.8272785302921262,1261,7.4318703559297115,-8.013206560621563e-15,6.670405273130079e-09
331.2000000000068,-3.772539625616349e-06,-3.772539625616349e-06,0.5571197921085419,0.5909134242896023,0.830432138853582,1261,7.480370711490665,-8.20631222523744e-15,6.672419892662888e-09
331.30000000000683,-2.2013939412327114e-06,-2.2013939412327114e-06,0.5547153391216129,0.588020803154434,0.832040198874546,1262,7.5266195447499085,-8.320292638040364e-15,6.674434512195697e-09
331.40000000000686,-6.082526562723561e-07,-6.082526562723561e-07,0.5511396601593876,0.5837294453761671,0.8344130122423755,1263,7.568935956717653,-8.354011476416386e-15,6.6764491317285065e-09
331.5000000000069,9.909660881678791e-07,9.909660881678791e-07,0.5466132718553459,0.5783144649332016,0.8373851748338955,1263,7.605811526911521,-8.307131794056848e-15,6.678463751261316e-09
331.6000000000069,2.5802834270249737e-06,2.5802834270249737e-06,0.5443965732150556,0.575669577737644,0.8388279746597062,1264,7.635957668828383,-8.180119596695086e-15,6.680478370794126e-09
331.7000000000069,4.143819426807525e-06,4.143819426807525e-06,0.5411671478437554,0.5718244402986083,0.8409150480843205,1265,7.65834341277844,-7.974239543360278e-15,6.682492990326935e-09
331.80000000000695,5.665951752641984e-06,5.665951752641984e-06,0.5370722328665704,0.5669624334262027,0.8435362568874656,1266,7.672223847667532,-7.691542754648571e-15,6.684507609859744e-09
331.90000000000697,7.131471761478658e-06,7.131471761478658e-06,0.5346486559681347,0.564091937302889,0.845074443271992,1266,7.677159601526575,-7.33484680539058e-15,6.686522229392553e-09
332.000000000007,8.525736461825753e-06,8.525736461825753e-06,0.5318059242515194,0.5607316197225649,0.8468662579953149,1267,7.673027735061447,-6.907708075883785e-15,6.6885368489253625e-09
332.100000000007,9.834814821680026e-06,9.834814821680026e-06,0.52814707056056,0.5564169892341599,0.8491529142965352,1268,7.660024311643871,-6.4143867261615995e-15,6.690551468458172e-09
332.20000000000704,1.1045626962793583e-05,1.1045626962793583e-05,0.5254196850339758,0.5532082958021828,0.8508432021111749,1268,7.638658736135051,-5.859804637416257e-15,6.692566087990981e-09
332.30000000000706,1.2146074850493693e-05,1.2146074850493693e-05,0.5229593281957415,0.5503192000823683,0.8523576368245073,1269,7.609739766305117,-5.24949673281717e-15,6.69458070752379e-09
332.4000000000071,1.3125163173246159e-05,1.3125163173246159e-05,0.519700966929331,0.5465009003233734,0.854348234019781,1270,7.57435293729776,-4.589556148134262e-15,6.696595327056599e-09
332.5000000000071,1.3973109204173602e-05,1.3973109204173602e-05,0.5166336197513748,0.5429145272121161,0.8562065772595956,1270,7.533829047749826,-3.886573773513521e-15,6.6986099465894085e-09
332.6000000000071,1.4681440546828686e-05,1.4681440546828686e-05,0.5368253229857998,0.5666697526090799,0.843693411495664,1254,7.489703386153939,-3.147572734259635e-15,6.700624566122218e-09
332.70000000000715,1.5243079788578811e-05,1.5243079788578811e-05,0.5616579333010489,0.5963883009263241,0.8273695461883973,1254,7.443665579598103,-2.3799384228109414e-15,6.702639185655027e-09
332.8000000000072,1.5652415215773655e-05,1.5652415215773655e-05,0.5811866781496776,0.6201861797448852,0.813770265579508,1254,7.397500369222371,-1.591344737847827e-15,6.704653805187836e-09
332.9000000000072,1.5905356884132985e-05,1.5905356884132985e-05,0.5952327124418753,0.6375552218611873,0.8035533697515603,1254,7.3530202819017125,-7.89677230767899e-16,6.706668424720646e-09
333.0000000000072,1.599937748411796e-05,1.599937748411796e-05,0.6036320585615492,0.6480489537440716,0.7972630292925582,1254,7.311992060200356,1.7046094671552084e-17,6.708683044253455e-09
333.10000000000724,1.59335375929726e-05,1.59335375929726e-05,0.6062291137716291,0.6513104499463168,0.7952900487342119,1254,7.27605975742655,8.207555367517411e-16,6.7106976637862645e-09
333.20000000000726,1.5708495061125462e-05,1.5708495061125462e-05,0.6028776550989261,0.6471030506948153,0.7978336499436586,1254,7.246668455409011,1.6134111641585352e-15,6.712712283319074e-09
333.3000000000073,1.5326498439165588e-05,1.5326498439165588e-05,0.5987267684031496,0.6419105173692315,0.8009533424597972,1255,7.224993409639748,2.387084114121224e-15,6.714726902851883e-09
333.4000000000073,1.4791364511068312e-05,1.4791364511068312e-05,0.593404351223318,0.6352817890905349,0.8049045135599832,1255,7.211879832027964,3.1340368017723702e-15,6.716741522384692e-09
333.50000000000733,1.4108440158151424e-05,1.4108440158151424e-05,0.5907383821104668,0.6319736613495146,0.8068631630589589,1256,7.207798283203087,3.8468011071949454e-15,6.718756141917501e-09
333.60000000000736,1.3284548934804493e-05,1.3284548934804493e-05,0.5859286900110652,0.6260256014312996,0.8103626165007348,1257,7.212819671218867,4.518253621637175e-15,6.7207707614503105e-09
333.7000000000074,1.2327922889788978e-05,1.2327922889788978e-05,0.5821227296199466,0.6213369178827863,0.8131009332547975,1257,7.226612214643387,5.1416870871168505e-15,6.72278538098312e-09
333.8000000000074,1.124812031432815e-05,1.124812031432815e-05,0.5787532176897918,0.6171990085986544,0.8155027363618791,1258,7.248460671533139,5.710877254345105e-15,6.724800000515929e-09
333.9000000000074,1.005593023882074e-05,1.005593023882074e-05,0.5737269870058376,0.6110490384401317,0.819046606965198,1259,7.277306025636235,6.220144502519597e-15,6.726814620048738e-09
334.00000000000745,8.763264632415584e-06,8.763264632415584e-06,0.570764373464856,0.607436452581816,0.8211138958654094,1259,7.311802036737451,6.664409692114299e-15,6.728829239581547e-09
334.10000000000747,7.383039382553447e-06,7.383039382553447e-06,0.5671681799473756,0.6030634325436042,0.8236020007595789,1260,7.350383889241657,7.03924383650241e-15,6.7308438591143565e-09
334.2000000000075,5.929045243689149e-06,5.929045243689149e-06,0.5622743577936927,0.5971335308128402,0.8269507522021431,1261,7.3913437330070035,7.340911263538117e-15,6.732858478647166e-09
334.3000000000075,4.415810044631667e-06,4.415810044631667e-06,0.5596818708674557,0.5940018643282634,0.8287075499971656,1261,7.432908150029265,7.566405988926045e-15,6.734873098179976e-09
334.40000000000754,2.858453531280938e-06,2.858453531280938e-06,0.5561856625098542,0.5897889764925378,0.8310580658524858,1262,7.473313319017128,7.713481046536114e-15,6.736887717712785e-09
334.50000000000756,1.2725362951247493e-06,1.2725362951247493e-06,0.5516250322450043,0.5843112500524513,0.8340922154058854,1263,7.5108746523899335,7.780670532230241e-15,6.738902337245594e-09
334.6000000000076,-3.260957030477581e-07,-3.260957030477581e-07,0.5490884237622208,0.5812731368195324,0.8357642627501608,1263,7.544048726934151,7.767304134309374e-15,6.740916956778403e-09
334.7000000000076,-1.9214694607483188e-06,-1.9214694607483188e-06,0.5458730499076484,0.5774307514073805,0.8378678973349689,1264,7.571486258654435,7.67351395811685e-15,6.7429315763112125e-09
334.8000000000076,-3.497644530750432e-06,-3.497644530750432e-06,0.5417326364451163,0.5724970540897651,0.8405508614059136,1265,7.5920755941153,7.500233510004282e-15,6.744946195844022e-09
334.90000000000765,-5.038872292768836e-06,-5.038872292768836e-06,0.5390533006052581,0.5693127211594419,0.8422716539849701,1265,7.6049766770542915,7.249188784729928e-15,6.746960815376831e-09
335.0000000000077,-6.5297533084676005e-06,-6.5297533084676005e-06,0.5361989533089625,0.5659275139565244,0.8440916315604444,1266,7.60964571540388,6.922881493166572e-15,6.74897543490964e-09
335.1000000000077,-7.9553911875576e-06,-7.9553911875576e-06,0.532494909837292,0.5615453984577428,0.8464332052781095,1267,7.605850858242176,6.524564564658843e-15,6.750990054442449e-09
335.2000000000077,-9.301541427604185e-06,-9.301541427604185e-06,0.5295567632034678,0.5580779643114088,0.8482745042410896,1267,7.593679141200525,6.05821015207621e-15,6.7530046739752585e-09
335.30000000000774,-1.0554753740386914e-05,-1.0554753740386914e-05,0.5270822587871813,0.5551635081261344,0.8498142693976154,1268,7.573534819836063,5.528470451970819e-15,6.755019293508068e-09
335.40000000000776,-1.1702506442733371e-05,-1.1702506442733371e-05,0.5237924048286512,0.5512968726734626,0.8518459465442201,1269,7.54612902959121,4.940631725086352e-15,6.757033913040877e-09
335.5000000000078,-1.2733331569038306e-05,-1.2733331569038306e-05,0.5205361461738996,0.5474787543330791,0.8538396339632077,1269,7.512460534798977,4.300561964480514e-15,6.759048532573686e-09
335.6000000000078,-1.3636929455385159e-05,-1.3636929455385159e-05,0.518427018982267,0.5450104411426283,0.8551218778566949,1270,7.473787207484813,3.6146527121120204e-15,6.761063152106496e-09
335.70000000000783,-1.4404271650383297e-05,-1.4404271650383297e-05,0.5249802403762236,0.5526918967525237,0.8511144148788238,1254,7.431587863888669,2.889755572781364e-15,6.763077771639305e-09
335.80000000000786,-1.5027691124469903e-05,-1.5027691124469903e-05,0.5519605300885995,0.5847135346943599,0.8338702376415124,1254,7.3875142400461495,2.1331140193202537e-15,6.7650923911721145e-09
335.9000000000079,-1.550095887633498e-05,-1.550095887633498e-05,0.573718223286398,0.6110383385769944,0.8190527457185519,1254,7.343333260711637,1.3522911267616904e-15,6.767107010704924e-09
336.0000000000079,-1.5819346171043405e-05,-1.5819346171043405e-05,0.5900652213669652,0.6311396223360738,0.8073555812237594,1254,7.300860384000007,5.550939171803076e-16,6.769121630237733e-09
336.1000000000079,-1.59796717879913e-05,-1.59796717879913e-05,0.60083247747366,0.6445421122063829,0.7993749645897499,1254,7.261885685594915,-2.505049581325587e-16,6.771136249770542e-09
336.20000000000795,-1.5980333806610726e-05,-1.5980333806610726e-05,0.6058612797569146,0.6508480158836794,0.7955703046816878,1254,7.228095419975375,-1.0564474260522816e-15,6.773150869303351e-09
336.30000000000797,-1.5821325612230473e-05,-1.5821325612230473e-05,0.6050007885272213,0.6497668577563166,0.7962248714285686,1254,7.200992925034775,-1.854671268034041e-15,6.7751654888361604e-09
336.400000000008,-1.5504235962167665e-05,-1.5504235962167665e-05,0.5992294628624203,0.6425382848587451,0.800577323459524,1255,7.181823710196065,-2.6371915989811888e-15,6.77718010836897e-09
336.500000000008,-1.5032233111389827e-05,-1.5032233111389827e-05,0.596327893171342,0.6389188331765223,0.8027409568633137,1255,7.171510133450119,-3.3961816425592872e-15,6.779194727901779e-09
336.60000000000804,-1.4410033156358536e-05,-1.4410033156358536e-05,0.5921033685596943,0.633666430997622,0.8058620235128733,1256,7.1706009963592745,-4.124051872604108e-15,6.781209347434588e-09
336.70000000000806,-1.3643852913352509e-05,-1.3643852913352509e-05,0.5871583474566978,0.6275438516571508,0.8094720964998854,1256,7.179240535262743,-4.813526591599064e-15,6.783223966967397e-09
336.8000000000081,-1.274134780209435e-05,-1.274134780209435e-05,0.58437263482405,0.6241067352332502,0.8114854426721391,1257,7.197159698251255,-5.457717053691981e-15,6.7852385865002064e-09
336.9000000000081,-1.1711535355327225e-05,-1.1711535355327225e-05,0.5796661497052982,0.6183189253146781,0.8148540696872262,1258,7.223690498166282,-6.0501903152458806e-15,6.7872532060330165e-09
337.00000000000813,-1.0564705118608502e-05,-1.0564705118608502e-05,0.5759028812898704,0.6137081364523337,0.8175181168157837,1258,7.257801993365343,-6.585033104812466e-15,6.789267825565826e-09
337.10000000000815,-9.312315840571804e-06,-9.312315840571804e-06,0.5726269356719987,0.6097065816467833,0.8198160723862985,1259,7.298154482081882,-7.0569101309339195e-15,6.791282445098635e-09
337.2000000000082,-7.966880980898426e-06,-7.966880980898426e-06,0.5678630088277855,0.6039073242747852,0.8231230790137368,1260,7.343167134318643,-7.461116368733618e-15,6.793297064631444e-09
337.3000000000082,-6.541843679964595e-06,-6.541843679964595e-06,0.5647072094790707,0.6000784381770605,0.8252913228444613,1260,7.391093690725671,-7.793622965148619e-15,6.795311684164253e-09
337.4000000000082,-5.0514424394265445e-06,-5.0514424394265445e-06,0.5613589637413192,0.5960269957419667,0.8275724221041155,1261,7.440101003711877,-8.051116467533237e-15,6.7973263036970624e-09
337.50000000000824,-3.510568855818588e-06,-3.510568855818588e-06,0.5568199909650395,0.5905524497573011,0.8306331908018685,1262,7.488345906315928,-8.23103111353305e-15,6.799340923229872e-09
337.60000000000827,-1.934618828643056e-06,-1.934618828643056e-06,0.5538804640576274,0.5870177312586548,0.8325961995681385,1262,7.534046922354058,-8.331573934361257e-15,6.801355542762681e-09
337.7000000000083,-3.39338729631675e-07,-3.39338729631675e-07,0.5507162613895727,0.5832221092574056,0.8346925179017072,1263,7.575548436822052,-8.351742436114843e-15,6.80337016229549e-09
337.8000000000083,1.2593319297957166e-06,1.2593319297957166e-06,0.5465477356748468,0.5782362040461019,0.8374279507090134,1264,7.6113759464440705,-8.291334649650615e-15,6.805384781828299e-09
337.90000000000833,2.8454197608603737e-06,2.8454197608603737e-06,0.5435689498154693,0.5746832506800367,0.8393645196197583,1264,7.640281801443918,-8.150951387400244e-15,6.8073994013611084e-09
338.00000000000836,4.403077098245223e-06,4.403077098245223e-06,0.5407199225468434,0.5712926995336232,0.8412026898203165,1265,7.661281395187513,-7.931990616202467e-15,6.809414020893918e-09
338.1000000000084,5.916740344728166e-06,5.916740344728166e-06,0.5369742788331437,0.5668463146322323,0.843598615380339,1266,7.6736800710574,-7.636633943323005e-15,6.811428640426727e-09
338.2000000000084,7.371285477500883e-06,7.371285477500883e-06,0.5337989560513852,0.5630867832841497,0.8456114205227194,1266,7.677091134835261,-7.26782530948783e-15,6.813443259959537e-09
338.3000000000084,8.752179162405401e-06,8.752179162405401e-06,0.5313152666841827,0.5601523448206522,0.8471741777157256,1267,7.671445334317297,-6.8292420788933174e-15,6.815457879492346e-09
338.40000000000845,1.0045623966204912e-05,1.0045623966204912e-05,0.5279903433923095,0.5562324309859391,0.8492503737323116,1268,7.656992043854735,-6.325258804864229e-15,6.817472499025155e-09
338.50000000000847,1.123869621597585e-05,1.123869621597585e-05,0.5245305413670572,0.5521636178668051,0.8513916320784354,1268,7.634292214578052,-5.760904027518644e-15,6.8194871185579644e-09
338.6000000000085,1.231947512817575e-05,1.231947512817575e-05,0.5224151317480554,0.5496808648161434,0.8526912865279332,1269,7.60420296363119,-5.141810526091514e-15,6.821501738090774e-09
338.7000000000085,1.3277161917171921e-05,1.3277161917171921e-05,0.5194813185654258,0.5462438257667058,0.8544818076831868,1270,7.5678535211007025,-4.474159505316809e-15,6.823516357623583e-09
338.80000000000854,1.4102187693137867e-05,1.4102187693137867e-05,0.5157856272125299,0.5419244163359883,0.8567176820639207,1271,7.526612178350566,-3.764619245275748e-15,6.825530977156392e-09
338.90000000000856,1.4786309071237396e-05,1.4786309071237396e-05,0.5413626498970587,0.5720569449764972,0.8407892014627891,1254,7.482043937068313,-3.0202787901204564e-15,6.827545596689201e-09
339.0000000000086,1.5322690536801e-05,1.5322690536801e-05,0.5653168316792888,0.6008173001770134,0.824873856913947,1254,7.435858795849036,-2.2485772952209856e-15,6.8295602162220104e-09
339.1000000000086,1.5705972743528898e-05,1.5705972743528898e-05,0.5839355994085696,0.6235682773657,0.811799985059962,1254,7.389851073338909,-1.4572296960621068e-15,6.83157483575482e-09
339.20000000000863,1.593232606230772e-05,1.593232606230772e-05,0.5970432902843185,0.6398103214802481,0.8022090186020567,1254,7.345830872850014,-6.541494066821144e-16,6.833589455287629e-09
339.30000000000865,1.599948884559869e-05,1.599948884559869e-05,0.604477621569296,0.6491099623466258,0.7966221218507097,1254,7.30554971862001,1.5263119873375418e-16,6.835604074820438e-09
339.4000000000087,1.590679002507222e-05,1.590679002507222e-05,0.6060842518788649,0.6511283128275455,0.7954004523662509,1254,7.27062345187459,9.550417203236928e-16,6.837618694353247e-09
339.5000000000087,1.5655155816700862e-05,1.5655155816700862e-05,0.6017193138517286,0.6456519876206025,0.7987076231874871,1254,7.242456507417549,1.7450552352327387e-15,6.839633313886057e-09
339.6000000000087,1.5247100466315451e-05,1.5247100466315451e-05,0.5982388078182107,0.6413014312594001,0.8013178700242781,1255,7.222172480835179,2.514769477624017e-15,6.8416479334188664e-09
339.70000000000874,1.4686701128091874e-05,1.4686701128091874e-05,0.5925059153950342,0.6341660459928998,0.8055660992258132,1256,7.2105562058081345,3.256486773298579e-15,6.843662552951676e-09
339.80000000000877,1.397955712697427e-05,1.397955712697427e-05,0.5899070178630478,0.6309436836670067,0.8074711823191747,1256,7.208012201295972,3.9627917955450125e-15,6.845677172484485e-09
339.9000000000088,1.3132734012071082e-05,1.3132734012071082e-05,0.585669908675198,0.6257062981145738,0.81054966416154,1257,7.214543251579061,4.62662622980673e-15,6.847691792017294e-09
340.0000000000088,1.2154692960023922e-05,1.2154692960023922e-05,0.5809357633409854,0.6198778775098392,0.8139494080539813,1257,7.229751151597257,5.2413594941268214e-15,6.849706411550103e-09
340.10000000000883,1.1055206233727458e-05,1.1055206233727458e-05,0.5781209632869985,0.6164239276641874,0.81595107194495,1258,7.2528595572033865,5.800854758722308e-15,6.8517210310829124e-09
340.20000000000886,9.845259541108863e-06,9.845259541108863e-06,0.5735883097905182,0.6108797330647618,0.8191437302889258,1259,7.282756799329196,6.299529629665731e-15,6.853735650615722e-09
340.3000000000089,8.536942269565582e-06,8.536942269565582e-06,0.5697479938523302,0.6061991784346463,0.821819459188723,1259,7.3180548233964435,6.732410988548728e-15,6.855750270148531e-09
340.4000000000089,7.143326692802693e-06,7.143326692802693e-06,0.5666383769905892,0.6024202994566059,0.823966595027657,1260,7.357159362222603,7.0951835906658905e-15,6.85776488968134e-09
340.5000000000089,5.678337356995153e-06,5.678337356995153e-06,0.5621795166689976,0.5970188475296307,0.8270152302332843,1261,7.398346132893409,7.384232103734503e-15,6.859779509214149e-09
340.60000000000895,4.156611951325267e-06,4.156611951325267e-06,0.558753187095261,0.592881646710482,0.8293339953908125,1261,7.439838186643175,7.596676314463466e-15,6.861794128746958e-09
340.70000000000897,2.593355053030955e-06,2.593355053030955e-06,0.5556925492997756,0.5891957383186711,0.8313878701621262,1262,7.479880340397168,7.730399250398149e-15,6.863808748279768e-09
340.800000000009,1.0041862082959527e-06,1.0041862082959527e-06,0.55152467569816,0.584190936551434,0.8341585773077199,1263,7.516807642716868,7.784067975603392e-15,6.865823367812577e-09
340.900000000009,-5.950161330925195e-07,-5.950161330925195e-07,0.5481907109982206,0.5801993933638979,0.8363533609517363,1263,7.5491058632207135,7.757146837585408e-15,6.867837987345387e-09
341.00000000000904,-2.1882732699653124e-06,-2.1882732699653124e-06,0.5453737225149213,0.5768349169968464,0.8381929985332838,1264,7.575462893353218,7.649902981030761e-15,6.869852606878196e-09
341.10000000000906,-3.7596659036715733e-06,-3.7596659036715733e-06,0.541596739332925,0.5723353862603349,0.8406384311604744,1265,7.59481062907335,7.463404005496942e-15,6.871867226411005e-09
341.2000000000091,-5.293493198448647e-06,-5.293493198448647e-06,0.538149157411428,0.5682396315008529,0.8428496214493841,1265,7.606357353583236,7.1995077259997e-15,6.8738818459438144e-09
341.3000000000091,-6.7744296589830085e-06,-6.7744296589830085e-06,0.5356670248607852,0.565297461439643,0.8444292975002673,1266,7.609610870929198,6.860844089691209e-15,6.875896465476624e-09
341.40000000000913,-8.1876782576935e-06,-8.1876782576935e-06,0.5323068905094825,0.5613232826513803,0.8465514599338458,1267,7.604392699584256,6.450789399181843e-15,6.877911085009433e-09
341.50000000000915,-9.519118281739676e-06,-9.519118281739676e-06,0.5286229801697482,0.5569775391684414,0.8488567280975359,1267,7.590843566048652,5.9734330854932155e-15,6.879925704542242e-09
341.6000000000092,-1.0755446422516822e-05,-1.0755446422516822e-05,0.5265029685261876,0.5544819852112777,0.850173290649096,1268,7.569420289236931,5.4335373561154596e-15,6.881940324075051e-09
341.7000000000092,-1.1884309697918032e-05,-1.1884309697918032e-05,0.5235446551798719,0.5510060601102232,0.8519982359327918,1269,7.540883963018482,4.836490114549299e-15,6.88395494360786e-09
341.8000000000092,-1.289442887924808e-05,-1.289442887924808e-05,0.5198169657849296,0.5466366806082896,0.8542776609991328,1270,7.506279173672953,4.188251608116547e-15,6.88596956314067e-09
341.90000000000924,-1.3775711189548117e-05,-1.3775711189548117e-05,0.5177934482790605,0.5442696946529167,0.8555056662110894,1270,7.466903881690764,3.4952953132800413e-15,6.887984182673479e-09
342.00000000000927,-1.4519351147286828e-05,-1.4519351147286828e-05,0.5298746251157075,0.5584527240204987,0.8480759881393226,1254,7.424269608452286,2.76454361508255e-15,6.889998802206288e-09
342.1000000000093,-1.5117918547821168e-05,-1.5117918547821168e-05,0.5559909986316044,0.5895547586533615,0.8311883116602586,1254,7.380051755192986,2.003298882011497e-15,6.892013421739097e-09
342.2000000000093,-1.5565432703545074e-05,-1.5565432703545074e-05,0.5768513249763327,0.6148687612322328,0.8168491591922277,1254,7.336030295758453,1.2191705813755641e-15,6.894028041271907e-09
342.30000000000933,-1.585742220094306e-05,-1.585742220094306e-05,0.592271490498804,0.6338750707184568,0.8057384696924462,1254,7.294021756820023,4.1999912435516457e-16,6.8960426608047164e-09
342.40000000000936,-1.5990969577476023e-05,-1.5990969577476023e-05,0.602084664256496,0.6461094934466592,0.7984322495159765,1254,7.255804319199004,-3.8622282490478047e-16,6.898057280337526e-09
342.5000000000094,-1.5964740471902535e-05,-1.5964740471902535e-05,0.6061334143682936,0.651190122758727,0.7953629888209751,1254,7.223038968582152,-1.1914307951122628e-15,6.900071899870335e-09
342.6000000000094,-1.5778996956775296e-05,-1.5778996956775296e-05,0.6042685909776001,0.6488475922933318,0.7967806912557217,1254,7.1971907431899185,-1.987569880086057e-15,6.902086519403144e-09
342.7000000000094,-1.5435594919898823e-05,-1.5435594919898823e-05,0.5991455508152375,0.6424334745505467,0.800640124486842,1255,7.179455049123152,-2.7666761635940536e-15,6.904101138935953e-09
342.80000000000945,-1.4937965520911958e-05,-1.4937965520911958e-05,0.595268720084854,0.6376000331232323,0.8035266958157269,1255,7.170694486156402,-3.520957285339362e-15,6.906115758468762e-09
342.90000000000947,-1.4291080908274974e-05,-1.4291080908274974e-05,0.5916682234881229,0.6331265633854676,0.8061815634920019,1256,7.17139142551664,-4.2428712158751505e-15,6.908130378001572e-09
343.0000000000095,-1.3501404539205718e-05,-1.3501404539205718e-05,0.5860299216152993,0.6261505284388632,0.8102894118594702,1257,7.181620598500429,-4.92520231489857e-15,6.910144997534381e-09
343.1000000000095,-1.2576826598951633e-05,-1.2576826598951633e-05,0.5835784079715414,0.6231283476438341,0.8120567971203746,1257,7.201044259486162,-5.561133790384465e-15,6.91215961706719e-09
343.20000000000954,-1.1526585164666908e-05,-1.1526585164666908e-05,0.5794061611698366,0.617999900042344,0.8150389563686102,1258,7.228930335592635,-6.144315757843884e-15,6.914174236599999e-09
343.30000000000956,-1.0361173901599256e-05,-1.0361173901599256e-05,0.5747366552869573,0.6122823075047983,0.8183384245344717,1258,7.264191754496301,-6.668928212189133e-15,6.916188856132808e-09
343.4000000000096,-9.092237213855513e-06,-9.092237213855513e-06,0.5719827822662409,0.6089210678844299,0.8202656257523961,1259,7.305443258171474,-7.129738352103692e-15,6.9182034756656176e-09
343.5000000000096,-7.732453897364918e-06,-7.732453897364918e-06,0.5676846662619511,0.6036906747300501,0.8232460869576345,1260,7.351070771321189,-7.522151816592414e-15,6.920218095198428e-09
343.60000000000963,-6.295410457541246e-06,-6.295410457541246e-06,0.5636693627358396,0.5988214264444627,0.8260005142328741,1260,7.399307929995555,-7.842257486951214e-15,6.922232714731237e-09
343.70000000000965,-4.795465357411816e-06,-4.795465357411816e-06,0.5607840197773506,0.5953324237787443,0.827962126647322,1261,7.448314631879225,-8.086865566437308e-15,6.924247334264046e-09
343.8000000000097,-3.2476055526012e-06,-3.2476055526012e-06,0.5566606421065038,0.5903606218646007,0.8307399891238985,1262,7.4962532513738305,-8.253538678806163e-15,6.926261953796855e-09
343.9000000000097,-1.6672967466246465e-06,-1.6672967466246465e-06,0.5529016365493691,0.585842557422562,0.833246530326427,1262,7.541359219296945,-8.340615739600688e-15,6.928276573329664e-09
344.0000000000097,-7.032886269084139e-08,-7.032886269084139e-08,0.5501563405683401,0.5825514467100077,0.8350616749273388,1263,7.582003765600001,-8.347228367915892e-15,6.930291192862474e-09
344.10000000000974,1.52734172399134e-06,1.52734172399134e-06,0.5463676566552206,0.5780211809076244,0.8375454517583407,1264,7.616747594431241,-8.27330963555001e-15,6.932305812395283e-09
344.20000000000977,3.1097516170394425e-06,3.1097516170394425e-06,0.5426021315868731,0.5735318342231249,0.8399898373179177,1264,7.644385011653153,-8.119595002295074e-15,6.934320431928092e-09
344.3000000000098,4.661089899877288e-06,4.661089899877288e-06,0.5401403011541164,0.5706038130829163,0.8415749848166475,1265,7.663978529477915,-7.88761536025528e-15,6.936335051460901e-09
344.4000000000098,6.165856113187013e-06,6.165856113187013e-06,0.536750006037797,0.5665804846259985,0.8437413294478497,1266,7.674884249856614,-7.579682200277182e-15,6.93834967099371e-09
344.50000000000983,7.609015130374795e-06,7.609015130374795e-06,0.532813736756607,0.561922114197755,0.846232546008165,1266,7.676768419266629,-7.198865010743848e-15,6.9403642905265196e-09
344.60000000000986,8.976147383585835e-06,8.976147383585835e-06,0.5306952058748488,0.5594205961048065,0.8475627401328186,1267,7.6696155013290115,-6.7489611142735275e-15,6.942378910059329e-09
344.7000000000099,1.0253592939259883e-05,1.0253592939259883e-05,0.5277095783611516,0.5559018615842833,0.8494248647796316,1268,7.653727977733826,-6.234458234873871e-15,6.944393529592138e-09
344.8000000000099,1.1428587983671995e-05,1.1428587983671995e-05,0.5239409949653149,0.5514713151387546,0.851754561945374,1269,7.629717906303849,-5.6604901638255626e-15,6.946408149124948e-09
344.9000000000099,1.2489392354740123e-05,1.2489392354740123e-05,0.5217435987015945,0.5488935093026349,0.8531023486158678,1269,7.598490080009368,-5.0327859570852885e-15,6.948422768657757e-09
345.00000000000995,1.3425406845843855e-05,1.3425406845843855e-05,0.5191390762866483,0.5458433483930638,0.854689779669937,1270,7.5612164861004665,-4.357613152408028e-15,6.950437388190566e-09
345.10000000000997,1.422727910959333e-05,1.422727910959333e-05,0.5175148049892124,0.5439440207897338,0.855674252631793,1254,7.519301707860718,-3.641715543544537e-15,6.952452007723376e-09
345.20000000001,1.488699710339289e-05,1.488699710339289e-05,0.5457567507978599,0.5772919540474512,0.8379436550022696,1254,7.474338994168434,-2.892246094426879e-15,6.954466627256185e-09
345.30000000001,1.5397969143122262e-05,1.5397969143122262e-05,0.5688269992040371,0.6050789356249937,0.8224571994800278,1254,7.428056994788365,-2.1166956202427335e-15,6.956481246788994e-09
345.40000000001004,1.575508976506537e-05,1.575508976506537e-05,0.5865309572705808,0.6267690084081617,0.8099268091397247,1254,7.382257662080576,-1.3228179061303786e-15,6.958495866321803e-09
345.50000000001006,1.595479073801614e-05,1.595479073801614e-05,0.5986958446842982,0.6418719092868457,0.8009764575552485,1254,7.33874656577866,-5.185519788847279e-16,6.960510485854612e-09
345.6000000000101,1.5995076715865203e-05,1.5995076715865203e-05,0.6051609136435623,0.6499679785190247,0.7961031771058881,1254,7.299257823046042,2.8805770686000085e-16,6.9625251053874216e-09
345.7000000000101,1.5875545174438674e-05,1.5875545174438674e-05,0.6057731508343336,0.6507372460305366,0.795637410965726,1254,7.265376912705336,1.088942359197685e-15,6.964539724920231e-09
345.80000000001013,1.5597390433386613e-05,1.5597390433386613e-05,0.6003914020224226,0.6439904511368135,0.7997062988232304,1254,7.238465650625012,1.876090360745557e-15,6.96655434445304e-09
345.90000000001015,1.5163391722935876e-05,1.5163391722935876e-05,0.5975899363080663,0.6404919203400125,0.8018018882637538,1255,7.219594328098969,2.641628304402074e-15,6.968568963985849e-09
346.0000000000102,1.4577885414740391e-05,1.4577885414740391e-05,0.5924607144247331,0.6341099363357571,0.8055993432614843,1256,7.209486222748407,3.377900626777044e-15,6.970583583518658e-09
346.1000000000102,1.3846721694288997e-05,1.3846721694288997e-05,0.5889179009855703,0.6297192747238506,0.8081928642958622,1256,7.2084792082935705,4.077546906971425e-15,6.9725982030514676e-09
346.2000000000102,1.2977206107785852e-05,1.2977206107785852e-05,0.5852618638332212,0.6252029721725465,0.8108443443364849,1257,7.216507974004691,4.7335759255057275e-15,6.9746128225842776e-09
346.30000000001024,1.1978026567547664e-05,1.1978026567547664e-05,0.5797831959973885,0.6184625734567093,0.8147707933149383,1258,7.233108550261841,5.3394356441648415e-15,6.976627442117087e-09
346.40000000001027,1.0859166545255653e-05,1.0859166545255653e-05,0.5773406142129093,0.6154678838366063,0.8165034079416085,1258,7.257444718349219,5.889078369264552e-15,6.978642061649896e-09
346.5000000000103,9.631805320406614e-06,9.631805320406614e-06,0.5733101665046257,0.6105402197139465,0.819338423963162,1259,7.288353842259505,6.3770204848971384e-15,6.980656681182705e-09
346.6000000000103,8.308206280647566e-06,8.308206280647566e-06,0.5685836256249674,0.6047830555672933,0.8226254680419072,1259,7.3244080569233585,6.798396268303171e-15,6.982671300715514e-09
346.70000000001033,6.901594390060111e-06,6.901594390060111e-06,0.5659690813176896,0.6016082411536926,0.8244264666981589,1260,7.363985816475677,7.149005405699495e-15,6.9846859202483236e-09
346.80000000001036,5.4260240496909355e-06,5.4260240496909355e-06,0.5619535481095996,0.5967456390413218,0.8271687915818826,1261,7.40534860832332,7.42535390047561e-15,6.986700539781133e-09
346.9000000000104,3.896238670622309e-06,3.896238670622309e-06,0.5576842064257558,0.5915932427499075,0.8300532066700754,1261,7.446718070611645,7.624688105829037e-15,6.988715159313942e-09
347.0000000000104,2.327523362682078e-06,2.327523362682078e-06,0.5550673888050573,0.5884439790575245,0.8318053822169794,1262,7.486349604623483,7.745021631283777e-15,6.990729778846751e-09
347.1000000000104,7.35552210678849e-07,7.35552210678849e-07,0.5513000455939358,0.5839216710673838,0.8343070536248176,1263,7.522599613234825,7.785154883881004e-15,6.99274439837956e-09
347.20000000001045,-8.637683358722518e-07,-8.637683358722518e-07,0.5471594317720465,0.5789668245447672,0.8370284082532032,1263,7.553984518259144,7.744687026300748e-15,6.9947590179123696e-09
347.30000000001047,-2.454458394735163e-06,-2.454458394735163e-06,0.5447485246320387,0.576089210093384,0.8385994543947767,1264,7.579230575624969,7.624020176213496e-15,6.996773637445179e-09
347.4000000000105,-4.0206243166539465e-06,-4.0206243166539465e-06,0.541342000707884,0.57203238587669,0.8408024965885778,1265,7.597314150481629,7.424355736506073e-15,6.998788256977988e-09
347.5000000000105,-5.5466174894424025e-06,-5.5466174894424025e-06,0.5371170878901529,0.5670156093063976,0.8435076964061453,1265,7.607492523567701,7.147682830556766e-15,7.000802876510798e-09
347.60000000001054,-7.017190693744303e-06,-7.017190693744303e-06,0.5350141750895343,0.5645245254148287,0.8448430815561344,1266,7.609325500417964,6.7967589121541494e-15,7.002817496043607e-09
347.70000000001056,-8.417650448209126e-06,-8.417650448209126e-06,0.5320042058331773,0.5609657725895728,0.8467417108987901,1267,7.602688128504888,6.375082716678418e-15,7.004832115576416e-09
347.8000000000106,-9.7340038219007e-06,-9.7340038219007e-06,0.5281897057535876,0.5564671991057453,0.8491263950295849,1268,7.587774741593286,5.88685981118368e-15,7.0068467351092256e-09
347.9000000000106,-1.0953098247037669e-05,-1.0953098247037669e-05,0.5258066140584066,0.553663119184566,0.850604140956552,1268,7.565094392368968,5.336961081585314e-15,7.008861354642035e-09
348.00000000001063,-1.2062752935103094e-05,-1.2062752935103094e-05,0.5231853680919794,0.5505844153879876,0.8522189100310201,1269,7.535457549804391,4.730874564165811e-15,7.010875974174844e-09
348.10000000001065,-1.3051880583256897e-05,-1.3051880583256897e-05,0.519775457068051,0.5465880920694736,0.854302917137533,1270,7.49995377410189,4.074651087479883e-15,7.012890593707653e-09
348.2000000000107,-1.391059815500085e-05,-1.391059815500085e-05,0.5170457478840499,0.5433959390890786,0.8559577644925148,1270,7.459919990666604,3.3748442421469168e-15,7.014905213240462e-09
348.3000000000107,-1.4630325628212368e-05,-1.4630325628212368e-05,0.5346205940964803,0.5640587312615513,0.8450921963714529,1254,7.416899021238652,2.638445242787237e-15,7.0169198327732716e-09
348.4000000000107,-1.5203871723889396e-05,-1.5203871723889396e-05,0.5598669606501381,0.5942252287056566,0.8285825163327891,1254,7.372588252141786,1.8728132907961914e-15,7.018934452306081e-09
348.50000000001074,-1.5625505759033056e-05,-1.5625505759033056e-05,0.5798246329878238,0.6185134316129085,0.8147413055568837,1254,7.328778775784695,1.0856020904063974e-15,7.02094907183889e-09
348.60000000001077,-1.5891014905737876e-05,-1.5891014905737876e-05,0.5943131477018309,0.6364113332910236,0.8042337237822982,1254,7.287286057564651,2.8468321470596535e-16,7.022963691371699e-09
348.7000000000108,-1.5997746284375632e-05,-1.5997746284375632e-05,0.6031676584039304,0.6474665890710345,0.7976144280637855,1254,7.249874136784028,-5.219329362695815e-16,7.024978310904508e-09
348.8000000000108,-1.594463347029168e-05,-1.594463347029168e-05,0.6062319754047661,0.6513140481770077,0.7952878673768606,1254,7.218176481609118,-1.326177796356788e-15,7.026992930437318e-09
348.90000000001083,-1.573220714916758e-05,-1.573220714916758e-05,0.6033588717928421,0.6477063424149514,0.7974697936780231,1254,7.193617721409222,-2.1200060766335994e-15,7.0290075499701276e-09
349.00000000001086,-1.5362589814585206e-05,-1.5362589814585206e-05,0.598893023450141,0.6421181049273528,0.8008290369752766,1255,7.177341345029887,-2.8954771104058177e-15,7.031022169502937e-09
349.1000000000109,-1.4839474560772458e-05,-1.4839474560772458e-05,0.5940359789072663,0.6360667400389095,0.8044384723294168,1255,7.170148825815123,-3.644835183425577e-15,7.033036789035746e-09
349.2000000000109,-1.4168088182426522e-05,-1.4168088182426522e-05,0.5910673741071647,0.6323814642357063,0.8066221911564676,1256,7.172455304873574,-4.3605879160373865e-15,7.035051408568555e-09
349.3000000000109,-1.3355138950309002e-05,-1.3355138950309002e-05,0.5859889348051096,0.6260999464370288,0.8103190533894492,1257,7.184265851401465,-5.035581776223356e-15,7.037066028101364e-09
349.40000000001095,-1.2408749584421935e-05,-1.2408749584421935e-05,0.5826196031606906,0.6219481363532096,0.812744977230176,1257,7.205174524321132,-5.6630738521241185e-15,7.0390806476341735e-09
349.50000000001097,-1.1338376094474532e-05,-1.1338376094474532e-05,0.5789897538083933,0.6174890879095595,0.815334817719013,1258,7.234386267382541,-6.2367991005257924e-15,7.041095267166983e-09
349.600000000011,-1.0154713298559922e-05,-1.0154713298559922e-05,0.5737322947880632,0.6110555188946355,0.8190428889363627,1259,7.2707594786997864,-6.751032404804394e-15,7.043109886699792e-09
349.700000000011,-8.86958796406799e-06,-8.86958796406799e-06,0.5711819059318766,0.6079450376925332,0.8208235074216801,1259,7.312865303024453,-7.200644903493323e-15,7.045124506232601e-09
349.80000000001104,-7.495840638535022e-06,-7.495840638535022e-06,0.5673578337143262,0.6032937243691983,0.8234713647255665,1260,7.359058582711891,-7.581154167096433e-15,7.04713912576541e-09
349.90000000001106,-6.047197351137265e-06,-6.047197351137265e-06,0.5624736174722083,0.5973745076854146,0.8268152330767304,1260,7.407555069591868,-7.888767888759195e-15,7.0491537452982195e-09
350.0000000000111,-4.538132466744595e-06,-4.538132466744595e-06,0.5600593396693098,0.5944574253907251,0.8284524947449774,1261,7.4565098604827105,-8.12042080775112e-15,7.051168364831029e-09
350.1000000000111,-2.983724062851343e-06,-2.983724062851343e-06,0.5563594679204492,0.589998128637339,0.8309417202519528,1262,7.50409286485088,-8.273804609721865e-15,7.053182984363839e-09
350.20000000001113,-1.399503274410111e-06,-1.399503274410111e-06,0.5517711846821105,0.5844864835631708,0.8339955394092347,1262,7.548558191821222,-8.34739055940889e-15,7.055197603896648e-09
350.30000000001115,1.9870088813475616e-07,1.9870088813475616e-07,0.5494526722552848,0.5817090260817145,0.8355248416124601,1263,7.588305430619053,-8.340444637054983e-15,7.057212223429457e-09
350.4000000000112,1.794919697087161e-06,1.794919697087161e-06,0.54605119629807,0.5776433848459024,0.8377518075309934,1264,7.621931736861689,-8.253034982499598e-15,7.059226842962266e-09
350.5000000000112,3.373204261747831e-06,3.373204261747831e-06,0.5417410423411592,0.5725070545829158,0.8405454437703618,1265,7.648274346804625,-8.086031506715742e-15,7.0612414624950755e-09
350.6000000000112,4.9177848844581825e-06,4.9177848844581825e-06,0.5394219384123174,0.5697504534052797,0.8420356122869732,1265,7.66644360575139,-7.841097607956341e-15,7.063256082027885e-09
350.70000000001124,6.413228626206559e-06,6.413228626206559e-06,0.536393748934998,0.566158306326489,0.8439678584540162,1266,7.675846839273873,-7.520674021705862e-15,7.065270701560694e-09
350.80000000001127,7.844593507453383e-06,7.844593507453383e-06,0.5325290269027335,0.5615857058296725,0.8464117411201405,1267,7.6762034603825935,-7.1279549310579e-15,7.067285321093503e-09
350.9000000000113,9.197577803451554e-06,9.197577803451554e-06,0.5299405809365707,0.5585304970318361,0.848034775629284,1267,7.667551641256146,-6.666856558394879e-15,7.069299940626312e-09
351.0000000000113,1.0458662942352595e-05,1.0458662942352595e-05,0.5273004321768946,0.555420259245642,0.8496789124287246,1268,7.650246731502794,-6.1419785444750035e-15,7.0713145601591215e-09
351.10000000001133,1.161524857830793e-05,1.161524857830793e-05,0.523855539912273,0.5513709899744013,0.8518071221252033,1269,7.624951419754143,-5.558558494791879e-15,7.073329179691931e-09
351.20000000001136,1.2655778489959467e-05,1.2655778489959467e-05,0.5209410713634373,0.5479530632557953,0.8535926429900355,1269,7.59261745401694,-4.922420135876084e-15,7.07534379922474e-09
351.3000000000114,1.3569856046383438e-05,1.3569856046383438e-05,0.518671535644565,0.5452964095757971,0.8549735891313303,1270,7.554458602902071,-4.239915578361737e-15,7.077358418757549e-09
351.4000000000114,1.434834808678992e-05,1.434834808678992e-05,0.5226257051313559,0.5499278349927275,0.8525622395672664,1254,7.511914502955767,-3.5178622320212753e-15,7.079373038290359e-09
351.5000000000114,1.4983476176046419e-05,1.4983476176046419e-05,0.5500130143035182,0.5823798208681293,0.83515608367344,1254,7.466605148537376,-2.763474963141807e-15,7.081387657823168e-09
351.60000000001145,1.546889432423052e-05,1.546889432423052e-05,0.5721938811340546,0.6091784452613145,0.8201183831574241,1254,7.420276089796607,-1.9842941284924338e-15,7.0834022773559775e-09
351.70000000001147,1.5799752393663464e-05,1.5799752393663464e-05,0.588978205634633,0.6297938934087153,0.8081489177666502,1254,7.374734948044533,-1.188110164042745e-15,7.085416896888787e-09
351.8000000000115,1.5972744559882623e-05,1.5972744559882623e-05,0.6001958067855905,0.6437458897468601,0.7998531074622353,1254,7.331780642935918,-3.8288545146182816e-16,7.087431516421596e-09
351.9000000000115,1.5986142342346734e-05,1.5986142342346734e-05,0.6056873421098289,0.6506294014259735,0.7957027357046921,1254,7.293127708961071,4.2332576824707853e-16,7.089446135954405e-09
352.00000000001154,1.5839811874842134e-05,1.5839811874842134e-05,0.6053012349165667,0.6501442504891516,0.7959964918317664,1254,7.260329149302563,1.2224586172218887e-15,7.091460755487214e-09
352.10000000001156,1.553521524302971e-05,1.553521524302971e-05,0.5992261060555566,0.6425340918826292,0.8005798360073122,1255,7.234702252283434,2.0065190762676382e-15,7.0934753750200235e-09
352.2000000000116,1.5075395875768275e-05,1.5075395875768275e-05,0.5967848624977524,0.6394882148813099,0.8024012885667238,1255,7.217262449224363,2.7676648501399806e-15,7.095489994552833e-09
352.3000000000116,1.446494813617943e-05,1.446494813617943e-05,0.5922676440069243,0.633870296855379,0.8057412971062655,1256,7.208670393460154,3.4982846733719584e-15,7.097504614085642e-09
352.40000000001163,1.3709971416289958e-05,1.3709971416289958e-05,0.587774920185997,0.6283057595912531,0.8090245009889039,1256,7.209196832391468,4.191075126321088e-15,7.099519233618451e-09
352.50000000001165,1.281800919392287e-05,1.281800919392287e-05,0.5847076701012252,0.6245196632904191,0.8112440696392158,1257,7.2187085139877905,4.839114064560412e-15,7.10153385315126e-09
352.6000000000117,1.1797973660760554e-05,1.1797973660760554e-05,0.5797510352753339,0.6184231019014269,0.814793677624697,1258,7.2366764794742116,5.435929837221436e-15,7.1035484726840695e-09
352.7000000000117,1.0660056674671456e-05,1.0660056674671456e-05,0.5764143687804563,0.614333933338661,0.8171575585304391,1258,7.262205961202046,5.9755655765939915e-15,7.105563092216879e-09
352.8000000000117,9.415627926035235e-06,9.415627926035235e-06,0.5728939819393067,0.610032357961173,0.8196294805933504,1259,7.294085114988095,6.4526379671645115e-15,7.107577711749689e-09
352.90000000001174,8.077121335554818e-06,8.077121335554818e-06,0.567912290133014,0.6039671966369187,0.8230890782387258,1260,7.330848313892313,6.8623900259495115e-15,7.109592331282498e-09
353.00000000001177,6.657910818630835e-06,6.657910818630835e-06,0.5651606694994118,0.600627996018401,0.8249808589603619,1260,7.370848923511482,7.200737527299647e-15,7.111606950815307e-09
353.1000000000118,5.172176657619775e-06,5.172176657619775e-06,0.5615960004404834,0.5963134476912467,0.8274115857837939,1261,7.412336397847832,7.464308773018109e-15,7.113621570348116e-09
353.2000000000118,3.6347638171400495e-06,3.6347638171400495e-06,0.5568628870628645,0.5906040932996661,0.8306044335374159,1262,7.453533053835072,7.650477443968318e-15,7.1156361898809255e-09
353.30000000001183,2.061033618092619e-06,2.061033618092619e-06,0.5543085116978795,0.5875319311586322,0.8323112842316159,1262,7.492706784026175,7.757388284466313e-15,7.117650809413735e-09
353.40000000001186,4.667102524203327e-07,4.667102524203327e-07,0.5509485572060111,0.5835004358810042,0.834539206576069,1263,7.528237016218077,7.783975382774624e-15,7.119665428946544e-09
353.5000000000119,-1.1322763278202414e-06,-1.1322763278202414e-06,0.5466025496606036,0.5783016606105841,0.8373921737779303,1264,7.558672231984625,7.729972835411733e-15,7.121680048479353e-09
353.6000000000119,-2.719949577274023e-06,-2.719949577274023e-06,0.5439934638028516,0.5751890899643709,0.8390894537174064,1264,7.582778187661742,7.595917628967791e-15,7.123694668012162e-09
353.7000000000119,-4.280445989647463e-06,-4.280445989647463e-06,0.5409634094179427,0.5715821773644868,0.8410461281469139,1265,7.599576584686323,7.383144642128958e-15,7.1257092875449715e-09
353.80000000001195,-5.79817360061965e-06,-5.79817360061965e-06,0.5370515166707591,0.5669378748684835,0.8435494463525166,1266,7.608374307880045,7.0937737576219624e-15,7.127723907077781e-09
353.90000000001197,-7.257967777595792e-06,-7.257967777595792e-06,0.534233788887347,0.5636010897876735,0.8453367724233163,1266,7.6087835192734,6.730689170111795e-15,7.12973852661059e-09
354.000000000012,-8.645242739703334e-06,-8.645242739703334e-06,0.5315791165727481,0.5604638222870361,0.847008643889622,1267,7.6007329051858665,6.297511072560437e-15,7.131753146143399e-09
354.100000000012,-9.946137294093025e-06,-9.946137294093025e-06,0.5280951096568384,0.5563557989419035,0.8491852301803958,1268,7.58447027304715,5.7985599930325305e-15,7.133767765676209e-09
354.20000000001204,-1.1147653332395966e-05,-1.1147653332395966e-05,0.5249836642538741,0.552695919574648,0.8511123029698111,1268,7.560556528573272,5.238814132551325e-15,7.135782385209018e-09
354.30000000001206,-1.2237785703525826e-05,-1.2237785703525826e-05,0.5227037946517022,0.5500194314876514,0.8525143653081226,1269,7.529850879452432,4.623860121763183e-15,7.1377970047418275e-09
354.4000000000121,-1.3205642165180121e-05,-1.3205642165180121e-05,0.5196151615273668,0.5464004696350944,0.8544004236368851,1270,7.493486956505136,3.959837671578346e-15,7.139811624274637e-09
354.5000000000121,-1.404155221552481e-05,-1.404155221552481e-05,0.5161712126324064,0.5423745502544945,0.8564854226719747,1270,7.452839469427933,3.2533786433942408e-15,7.141826243807446e-09
354.60000000001213,-1.4737163717651967e-05,-1.4737163717651967e-05,0.539216748037927,0.5695067886955989,0.8421670253788157,1254,7.409481078122913,2.5115411107406264e-15,7.143840863340255e-09
354.70000000001215,-1.528552635137093e-05,-1.528552635137093e-05,0.5635875032020043,0.5987223263050487,0.8260563698892047,1254,7.365129418832594,1.74173902841042e-15,7.145855482873064e-09
354.8000000000122,-1.5681161058510158e-05,-1.5681161058510158e-05,0.582637666526295,0.621970361663742,0.8127320281278411,1254,7.321584723340369,9.516681689046322e-16,7.1478701024058735e-09
354.9000000000122,-1.592011478785537e-05,-1.592011478785537e-05,0.5961901043576526,0.638747196200109,0.8028432969552721,1254,7.280659228866895,1.4922903040166886e-16,7.149884721938683e-09
355.0000000000122,-1.599999999273054e-05,-1.599999999273054e-05,0.6040817535919057,0.6486131227845492,0.7969223519122349,1254,7.244100566850425,-6.575525338380561e-16,7.151899341471492e-09
355.10000000001224,-1.5920018486575094e-05,-1.5920018486575094e-05,0.6061576737339125,0.6512206241120921,0.7953445005615438,1254,7.213512442362103,-1.4606061676318401e-15,7.153913961004301e-09
355.20000000001227,-1.568096941816017e-05,-1.568096941816017e-05,0.6022728483286445,0.6463452063704452,0.7982903082000318,1254,7.190276996625632,-2.2518985014170463e-15,7.15592858053711e-09
355.3000000000123,-1.5285241286758254e-05,-1.5285241286758254e-05,0.5984739033954122,0.641594849566725,0.8011423013139793,1255,7.175484044972811,-3.023514391422179e-15,7.1579432000699195e-09
355.4000000000123,-1.4736788077047985e-05,-1.4736788077047985e-05,0.592632180112075,0.6343227953853143,0.805473214387424,1255,7.169872648914754,-3.767736987652377e-15,7.1599578196027295e-09
355.50000000001234,-1.4041089752206265e-05,-1.4041089752206265e-05,0.5903041948654593,0.6314356497147187,0.8071808703904236,1256,7.1737900211111265,-4.477125697133562e-15,7.161972439135539e-09
355.60000000001236,-1.3205097499927626e-05,-1.3205097499927626e-05,0.5857950989952585,0.6258607578750263,0.8104591920591285,1257,7.187171522185178,-5.144591126983512e-15,7.163987058668348e-09
355.7000000000124,-1.223716427845454e-05,-1.223716427845454e-05,0.5815010704768396,0.6205725734654501,0.8135456379541898,1257,7.209543622720141,-5.763466148112302e-15,7.166001678201157e-09
355.8000000000124,-1.1146961356579783e-05,-1.1146961356579783e-05,0.5784228915538137,0.6167940085106567,0.8157370645781183,1258,7.240049482420169,-6.327572314092564e-15,7.168016297733966e-09
355.9000000000124,-9.945381681525565e-06,-9.945381681525565e-06,0.5736558659737993,0.6109622071552375,0.8190964213289242,1259,7.277494648361754,-6.831280990007862e-15,7.1700309172667755e-09
356.00000000001245,-8.6444310402156e-06,-8.6444310402156e-06,0.5702319710292644,0.6067882081031939,0.8214837181685831,1259,7.32040868084355,-7.269568673379708e-15,7.172045536799585e-09
356.10000000001247,-7.257108101420751e-06,-7.257108101420751e-06,0.5668914685148068,0.6027274942702989,0.8237924877814351,1260,7.367117532459829,-7.63806610190347e-15,7.174060156332394e-09
356.2000000000125,-5.797274537357474e-06,-5.797274537357474e-06,0.562226301795724,0.5970754196756358,0.8269834252082102,1261,7.415821299305117,-7.933100824965732e-15,7.176074775865203e-09
356.3000000000125,-4.279516522441075e-06,-4.279516522441075e-06,0.5591957552629258,0.5934153855649743,0.8290356489897923,1261,7.464672422193504,-8.151732963741361e-15,7.178089395398012e-09
356.40000000001254,-2.7189989930525095e-06,-2.7189989930525095e-06,0.5559287019684891,0.5894798116157495,0.8312299792040894,1262,7.511850318354435,-8.291783906250345e-15,7.1801040149308215e-09
356.50000000001256,-1.131314124506922e-06,-1.131314124506922e-06,0.5515748622171561,0.584251101990738,0.8341253930735626,1263,7.555629518318499,-8.351857694964239e-15,7.182118634463631e-09
356.6000000000126,4.676744608080134e-07,4.676744608080134e-07,0.5486194729337146,0.5807121359860276,0.8360721702807319,1263,7.594439453414199,-8.331354882262305e-15,7.18413325399644e-09
356.7000000000126,2.0619901975031764e-06,2.0619901975031764e-06,0.5456140073492333,0.5771216137976262,0.8380366071862916,1264,7.6269149427983445,-8.230478665428411e-15,7.18614787352925e-09
356.80000000001263,3.6357032097482163e-06,3.6357032097482163e-06,0.5416652733952966,0.5724169146081584,0.8405942728793712,1265,7.651937097095526,-8.050233172606284e-15,7.188162493062059e-09
356.90000000001265,5.173089477325133e-06,5.173089477325133e-06,0.5385825010027574,0.5687538569928188,0.8425727800099021,1265,7.668664780090195,-7.792413851572903e-15,7.190177112594868e-09
357.0000000000127,6.658787944840625e-06,6.658787944840625e-06,0.5359245631888098,0.5656024760221255,0.8442658719685898,1266,7.676556979080204,-7.459590006788735e-15,7.1921917321276775e-09
357.1000000000127,8.077954004313892e-06,8.077954004313892e-06,0.5324021728662361,0.5614358401666811,0.8464915394304366,1267,7.675386473872114,-7.0550796276177256e-15,7.194206351660487e-09
357.2000000000127,9.416407817592595e-06,9.416407817592595e-06,0.5290724027449224,0.5575070710615238,0.8485766863717825,1267,7.665245112876791,-6.582916743663922e-15,7.196220971193296e-09
357.30000000001274,1.066077599660846e-05,1.066077599660846e-05,0.5267851694825805,0.5548139527944116,0.8499984618887313,1268,7.646540848669395,-6.047811626550275e-15,7.198235590726105e-09
357.40000000001277,1.1798625225850184e-05,1.1798625225850184e-05,0.523670608650466,0.5511538998441455,0.8519208259196687,1269,7.619986497867,-5.455104229283211e-15,7.200250210258914e-09
357.5000000000128,1.2818586491942127e-05,1.2818586491942127e-05,0.520031610006475,0.5468879579672875,0.8541470157965041,1269,7.586580013691335,-4.810711315503214e-15,7.2022648297917235e-09
357.6000000000128,1.3710468679067865e-05,1.3710468679067865e-05,0.5181037842519989,0.5446324860023614,0.8553177589315905,1270,7.54757593898167,-4.1210677839061585e-15,7.204279449324533e-09
357.70000000001284,1.4465360395230684e-05,1.4465360395230684e-05,0.527589926258273,0.5557610052552271,0.8494991875868924,1254,7.504447691769126,-3.3930627407965103e-15,7.206294068857342e-09
357.80000000001286,1.5075719011936707e-05,1.5075719011936707e-05,0.5541158700448345,0.5873004951402784,0.8324395488949669,1254,7.458840476710464,-2.6339709185715345e-15,7.208308688390151e-09
357.9000000000129,1.5535446027645546e-05,1.5535446027645546e-05,0.575401517543563,0.613094993436065,0.8178710739527134,1254,7.412514962240778,-1.8513800817377258e-15,7.21032330792296e-09
358.0000000000129,1.5839948001981774e-05,1.5839948001981774e-05,0.5912609118921789,0.6326214214370618,0.806480337062491,1254,7.367282448266905,-1.0531151060775001e-15,7.2123379274557695e-09
358.1000000000129,1.5986182451872796e-05,1.5986182451872796e-05,0.6015262018499278,0.645410229042534,0.7988530706506671,1254,7.324933072330144,-2.4715946167925886e-16,7.2143525469885795e-09
358.20000000001295,1.5972688251033983e-05,1.5972688251033983e-05,0.606039352091888,0.6510718647563148,0.7954346633860286,1254,7.287159609675654,5.584251228871474e-16,7.216367166521389e-09
358.300000000013,1.579960022905953e-05,1.579960022905953e-05,0.6046503789269908,0.6493268425596217,0.7964910038810522,1254,7.255480491956073,1.3555799905355806e-15,7.218381786054198e-09
358.400000000013,1.5468647824249704e-05,1.5468647824249704e-05,0.5992180695754344,0.6425240535959155,0.8005858511704349,1255,7.231166608946275,2.136331009333928e-15,7.220396405587007e-09
358.500000000013,1.4983137803635055e-05,1.4983137803635055e-05,0.5958034561780651,0.6382656837039862,0.8031302768581648,1255,7.2151770333463086,2.892869240955819e-15,7.222411025119816e-09
358.60000000001304,1.434792122285329e-05,1.434792122285329e-05,0.5919052672873432,0.6334206278931569,0.8060075400128084,1256,7.208108798345636,3.617629892478583e-15,7.2244256446526255e-09
358.70000000001306,1.3569344956004896e-05,1.3569344956004896e-05,0.5864558565159875,0.626676286161499,0.8099811901261037,1256,7.21016512456986,4.303368624196768e-15,7.226440264185435e-09
358.8000000000131,1.265518827978513e-05,1.265518827978513e-05,0.5839838914197645,0.6236277662119227,0.8117652459684566,1257,7.221145052302189,4.943234326032151e-15,7.228454883718244e-09
358.9000000000131,1.1614585145522762e-05,1.1614585145522762e-05,0.5795563890281104,0.618184231970968,0.8149321394672673,1258,7.240455478989667,5.530837553988873e-15,7.230469503251053e-09
359.00000000001313,1.0457932915757681e-05,1.0457932915757681e-05,0.5753168500775212,0.6129914754295058,0.8179306339885302,1258,7.267144466031959,6.0603139293252164e-15,7.232484122783862e-09
359.10000000001315,9.196788477231319e-06,9.196788477231319e-06,0.5723134921162636,0.6093242986786902,0.820034918001476,1259,7.29995274970412,6.526381930188864e-15,7.2344987423166715e-09
359.2000000000132,7.843752768294502e-06,7.843752768294502e-06,0.5677925196525995,0.6038216905524884,0.8231717042188419,1260,7.337378995754706,6.9243946266292964e-15,7.236513361849481e-09
359.3000000000132,6.412344874496796e-06,6.412344874496796e-06,0.5641852010717177,0.5994460608405019,0.8256482658442792,1260,7.377753655041932,7.250385006023623e-15,7.23852798138229e-09
359.4000000000132,4.916866950352493e-06,4.916866950352493e-06,0.5610784111279253,0.5956880279834456,0.8277626571464569,1261,7.419316309674027,7.501104597743258e-15,7.2405426009151e-09
359.50000000001324,3.3722613169403694e-06,3.3722613169403694e-06,0.5567560434172749,0.5904754652369296,0.8306760548603418,1262,7.46029199901946,7.674055136748635e-15,7.242557220447909e-09
359.60000000001327,1.793961163170748e-06,1.793961163170748e-06,0.553386144157421,0.5864241393719392,0.8329248318153217,1262,7.498962957114945,7.767513019167825e-15,7.244571839980718e-09
359.7000000000133,1.977363424634352e-07,1.977363424634352e-07,0.5504403337792196,0.5828915713346139,0.8348745049101818,1263,7.53373324642486,7.780546316063947e-15,7.2465864595135275e-09
359.8000000000133,-1.4004641944148286e-06,-1.4004641944148286e-06,0.5464697263374889,0.5781430533861617,0.8374788583580065,1264,7.5631847540588435,7.713024139187635e-15,7.248601079046337e-09
359.90000000001334,-2.9846717559944075e-06,-2.9846717559944075e-06,0.5430778231708359,0.5740982442285213,0.8396823673151809,1264,7.586123812036216,7.565618202465534e-15,7.250615698579146e-09
360.00000000001336,-4.539057463989388e-06,-4.539057463989388e-06,0.5404306239416874,0.5709488268324115,0.841388578901567,1265,7.601618266708178,7.339796495506442e-15,7.252630318111955e-09
360.1000000000134,-6.048090410217078e-06,-6.048090410217078e-06,0.5368701472852884,0.5667228821660503,0.843664889013329,1266,7.609025157450597,7.0378090746416805e-15,7.254644937644764e-09
360.2000000000134,-7.496692836298737e-06,-7.496692836298737e-06,0.5332952589120007,0.5624912349109875,0.8459291736439772,1266,7.608009303769834,6.662666073975434e-15,7.2566595571775735e-09
360.3000000000134,-8.870390785637248e-06,-8.870390785637248e-06,0.5310019225658286,0.5597825179311754,0.8473706144488335,1267,7.598553088037178,6.2181081346383175e-15,7.258674176710383e-09
360.40000000001345,-1.0155458722406987e-05,-1.0155458722406987e-05,0.5278538435744091,0.5560717092443604,0.8493352222907767,1268,7.58095760574012,5.7085695382639196e-15,7.260688796243192e-09
360.5000000000135,-1.1339056672570724e-05,-1.1339056672570724e-05,0.5240048189411551,0.5515462492215838,0.8517152985161457,1268,7.555835182908727,5.139134407361966e-15,7.262703415776001e-09
360.6000000000135,-1.2409358516655885e-05,-1.2409358516655885e-05,0.5220721138844657,0.5492786376345764,0.852901347111262,1269,7.524093077399699,4.515486400612152e-15,7.26471803530881e-09
360.7000000000135,-1.3355670152431117e-05,-1.3355670152431117e-05,0.5193099911794318,0.5460433335563705,0.8545859424664195,1270,7.486908035431263,3.8438523871347885e-15,7.26673265484162e-09
360.80000000001354,-1.416853634684079e-05,-1.416853634684079e-05,0.5157771324687725,0.5419145009127626,0.8567227962545938,1271,7.445691320038861,3.1309406333437047e-15,7.2687472743744295e-09
360.90000000001356,-1.4839835209568195e-05,-1.4839835209568195e-05,0.5436906031464139,0.5748281925237918,0.8392857249174971,1254,7.402043920843401,2.3838740817464717e-15,7.270761893907239e-09
361.0000000000136,-1.5362859344278858e-05,-1.5362859344278858e-05,0.5671804572488558,0.603078339457971,0.8235935459405803,1254,7.357701950471674,1.6101193451112347e-15,7.272776513440048e-09
361.1000000000136,-1.5732382866707543e-05,-1.5732382866707543e-05,0.5853185471335584,0.6252728804489197,0.8108034277070247,1254,7.314472775454223,8.174120832216796e-16,7.274791132972857e-09
361.20000000001363,-1.5944713619966378e-05,-1.5944713619966378e-05,0.5979307672678776,0.6409170689741907,0.8015477512627973,1254,7.2741632313561055,1.367947400719981e-17,7.276805752505666e-09
361.30000000001365,-1.599773006535601e-05,-1.599773006535601e-05,0.6048556651311526,0.6495846060403498,0.7963351206362501,1254,7.238502293775933,-7.930394632101786e-16,7.2788203720384755e-09
361.4000000000137,-1.589090248007902e-05,-1.589090248007902e-05,0.6059395919460309,0.6509464548578968,0.7955106604642566,1254,7.209061707534105,-1.5946748873631735e-15,7.280834991571285e-09
361.5000000000137,-1.5625298250054987e-05,-1.5625298250054987e-05,0.6010400653841615,0.644801825338994,0.7992188935473202,1254,7.187179127656553,-2.3832076462769583e-15,7.282849611104094e-09
361.6000000000137,-1.5203571204953225e-05,-1.5203571204953225e-05,0.5979170289369959,0.6408999293302525,0.8015579994655131,1255,7.17388905296289,-3.150750384012685e-15,7.284864230636903e-09
361.70000000001374,-1.462993510200397e-05,-1.462993510200397e-05,0.5925018205865883,0.6341609628584493,0.8055691110026366,1256,7.169866987898401,-3.8896273202405755e-15,7.286878850169712e-09
361.80000000001377,-1.3910121523529005e-05,-1.3910121523529005e-05,0.5894070281616782,0.6303246192272662,0.8078362180254229,1256,7.175391676187688,-4.5924517687054654e-15,7.2888934697025214e-09
361.9000000000138,-1.3051322608865722e-05,-1.3051322608865722e-05,0.5854757355425011,0.6254667614878695,0.8106899303007084,1257,7.190328886778973,-5.252200486029935e-15,7.290908089235331e-09
362.0000000000138,-1.2062119192888262e-05,-1.2062119192888262e-05,0.5802504093865973,0.6190361197596163,0.814438126813011,1257,7.214138264883182,-5.862284004952146e-15,7.292922708768141e-09
362.10000000001384,-1.0952395069141904e-05,-1.0952395069141904e-05,0.577731885134309,0.6159471681164005,0.8162266038908298,1258,7.245902522142645,-6.416612205345221e-15,7.29493732830095e-09
362.20000000001386,-9.733238234245096e-06,-9.733238234245096e-06,0.5734634534097504,0.6107273181535331,0.8192311441854265,1259,7.284376142183874,-6.909654499341382e-15,7.296951947833759e-09
362.3000000000139,-8.416830100292468e-06,-8.416830100292468e-06,0.5691579664324342,0.6054814043578933,0.8222281977933474,1259,7.328049190926201,-7.33649413317051e-15,7.298966567366568e-09
362.4000000000139,-7.0163237822118024e-06,-7.0163237822118024e-06,0.5663088100618513,0.602020378359898,0.8241931397714556,1260,7.375220969372636,-7.69287621667821e-15,7.3009811868993775e-09
362.5000000000139,-5.545712676187531e-06,-5.545712676187531e-06,0.5620831636989935,0.5969023452555124,0.8270807198128429,1261,7.424078163583321,-7.975249167870893e-15,7.302995806432187e-09
362.60000000001395,-4.019690642271655e-06,-4.019690642271655e-06,0.558214503945815,0.5922322516859146,0.8296966720341403,1261,7.472772697434459,-8.180799302392581e-15,7.305010425964996e-09
362.700000000014,-2.4535051881912483e-06,-2.4535051881912483e-06,0.5553873179020877,0.5888286485710891,0.8315918031784136,1262,7.519495445849524,-8.3074783164493e-15,7.307025045497805e-09
362.800000000014,-8.62805121291411e-07,-8.62805121291411e-07,0.5514301309184138,0.5840775993032633,0.8342210802391061,1263,7.562543069811592,-8.354023422885243e-15,7.309039665030614e-09
362.900000000014,7.365158091749198e-07,7.365158091749198e-07,0.547672990603945,0.5795804977340696,0.8366924735904652,1263,7.60037628493716,-8.31996992029742e-15,7.3110542845634234e-09
363.00000000001404,2.328477717135729e-06,2.328477717135729e-06,0.5450695517240512,0.5764720710927392,0.8383908299733137,1264,7.6316687421806755,-8.205656015275526e-15,7.313068904096233e-09
363.10000000001406,3.897174245439308e-06,3.897174245439308e-06,0.5414873857641896,0.572205307759318,0.8407088741403076,1265,7.65534632568589,-8.012219781416581e-15,7.315083523629042e-09
363.2000000000141,5.42693149691697e-06,5.42693149691697e-06,0.5376320111168854,0.5676261827244256,0.8431795897805006,1265,7.670617058300902,-7.741588222035097e-15,7.317098143161851e-09
363.3000000000141,6.902464642782461e-06,6.902464642782461e-06,0.5353491977814011,0.5649211254279847,0.8446308284894711,1266,7.676991982493215,-7.396458498387933e-15,7.319112762694661e-09
363.40000000001413,8.309030643588696e-06,8.309030643588696e-06,0.5321730843799709,0.5611652302614906,0.8466355817360315,1267,7.67429740005707,-6.980271482442995e-15,7.32112738222747e-09
363.50000000001415,9.632575556804518e-06,9.632575556804518e-06,0.5282037769325895,0.556483770550949,0.8491176420462286,1268,7.662678756809659,-6.497177884927601e-15,7.3231420017602794e-09
363.6000000000142,1.0859874959162847e-05,1.0859874959162847e-05,0.5261627635952093,0.5540818752567553,0.8503838816710085,1268,7.642596294141026,-5.951997290871788e-15,7.325156621293089e-09
363.7000000000142,1.1978666080726556e-05,1.1978666080726556e-05,0.5233813853579958,0.5508144397474827,0.8520985421069238,1269,7.614812400632633,-5.3501705047653965e-15,7.327171240825898e-09
363.8000000000142,1.2977770330432155e-05,1.2977770330432155e-05,0.5198204418546488,0.5466407496296174,0.8542755458457404,1270,7.580370426633218,-4.697705667033783e-15,7.329185860358707e-09
363.90000000001424,1.3847204988876535e-05,1.3847204988876535e-05,0.5174261848569548,0.5438404564288558,0.8557278441329208,1270,7.540564618183966,-4.001118655431266e-15,7.331200479891516e-09
364.00000000001427,1.4578282952349405e-05,1.4578282952349405e-05,0.532384923686079,0.5614154630349311,0.8465023880839131,1254,7.496900833767333,-3.2673683319963277e-15,7.3332150994243254e-09
364.1000000000143,1.5163699531501983e-05,1.5163699531501983e-05,0.5580437295158934,0.5920264383879383,0.8298115424287568,1254,7.451047879927861,-2.5037872407673346e-15,7.335229718957135e-09
364.2000000000143,1.5597605437388368e-05,1.5597605437388368e-05,0.5784291976371081,0.6168017390660674,0.8157325930235295,1254,7.404779686824902,-1.7180084052211912e-15,7.337244338489944e-09
364.30000000001434,1.5875665225627163e-05,1.5875665225627163e-05,0.5933591737844448,0.6352256625519603,0.8049378180243745,1254,7.359909171023258,-9.178889185454559e-16,7.339258958022753e-09
364.40000000001436,1.5995100614728634e-05,1.5995100614728634e-05,0.6026678965683414,0.6468401666948967,0.7979921092629243,1254,7.3182154924516105,-1.1143106518811978e-16,7.341273577555562e-09
364.5000000000144,1.5954718245764967e-05,1.5954718245764967e-05,0.606198589427477,0.6512720691094214,0.7953133157291767,1254,7.281367440931585,6.932982410737123e-16,7.3432881970883714e-09
364.6000000000144,1.575492160601821e-05,1.575492160601821e-05,0.603803084135158,0.6482634870405861,0.7971335117713163,1254,7.2508467502111404,1.4882488699123762e-15,7.345302816621181e-09
364.7000000000144,1.5397706997468726e-05,1.5397706997468726e-05,0.599024448832335,0.642282226659445,0.8007307348298286,1255,7.227876032761281,2.265468860461899e-15,7.347317436153991e-09
364.80000000001445,1.4886643590405691e-05,1.4886643590405691e-05,0.5946318415243725,0.636807661494678,0.8039981175633022,1255,7.213356519875911,3.0171848664624773e-15,7.3493320556868e-09
364.9000000000145,1.4226837761457382e-05,1.4226837761457382e-05,0.5913626683921754,0.6327476008395767,0.8064057256940118,1256,7.207820665768848,3.735880727648313e-15,7.351346675219609e-09
365.0000000000145,1.3424882072363842e-05,1.3424882072363842e-05,0.586017790776158,0.6261355575244081,0.8102981851724902,1257,7.211403816414044,4.414373244081862e-15,7.353361294752418e-09
365.1000000000145,1.2488789399279193e-05,1.2488789399279193e-05,0.5830836875825246,0.6225192619593963,0.8124120957218478,1257,7.223837598355285,5.045884276613645e-15,7.3553759142852274e-09
365.20000000001454,1.1427912870761798e-05,1.1427912870761798e-05,0.579195855232475,0.6177418919397318,0.8151884207234067,1258,7.244465670317648,5.6241083817072765e-15,7.357390533818037e-09
365.30000000001456,1.025285241440546e-05,1.025285241440546e-05,0.5740456048628261,0.6114381021210036,0.8188233286476834,1258,7.27228035241769,6.143275304131151e-15,7.359405153350846e-09
365.4000000000146,8.975348845866744e-06,8.975348845866744e-06,0.5715698639084057,0.6084177602784763,0.8205534051307852,1259,7.3059767887261815,6.598206778647194e-15,7.361419772883655e-09
365.5000000000146,7.608166558515963e-06,7.608166558515963e-06,0.5675204572745551,0.6034912231935312,0.8233592961610865,1260,7.344020015865631,6.984367209917715e-15,7.363434392416464e-09
365.60000000001463,6.164965985837953e-06,6.164965985837953e-06,0.5630486688442876,0.5980701740211026,0.8264237390786131,1260,7.384719752899485,7.297907890503928e-15,7.3654490119492734e-09
365.70000000001465,4.6601671108962364e-06,4.6601671108962364e-06,0.5604106606944322,0.5948815552126905,0.8282148823705295,1261,7.426307868745939,7.535704472847509e-15,7.367463631482083e-09
365.8000000000147,3.1088053866288627e-06,3.1088053866288627e-06,0.5565097329680346,0.5901789766353248,0.8308410901681782,1262,7.467014157599633,7.695387437920044e-15,7.369478251014892e-09
365.9000000000147,1.5263815065727134e-06,1.5263815065727134e-06,0.5523152494031239,0.5851389837193239,0.833635331111131,1262,7.5051370290906885,7.775365315353506e-15,7.371492870547701e-09
366.0000000000147,-7.129347294247362e-08,-7.129347294247362e-08,0.5497943111650561,0.5821179724669391,0.8353000750691583,1263,7.539106772229973,7.774840424574698e-15,7.373507490080511e-09
366.10000000001475,-1.668256111642508e-06,-1.668256111642508e-06,0.5462093209498097,0.577832145263122,0.8376487197552133,1264,7.567540008071633,7.693816937485058e-15,7.37552210961332e-09
366.20000000001477,-3.2485500867271563e-06,-3.2485500867271563e-06,0.5420256576040828,0.5728456993688507,0.840361937797555,1264,7.58928470411613,7.533101117162629e-15,7.3775367291461294e-09
366.3000000000148,-4.796385623173101e-06,-4.796385623173101e-06,0.5397715522808187,0.5701657094606739,0.8418115414677773,1265,7.603455647281331,7.294293662938275e-15,7.379551348678939e-09
366.4000000000148,-6.296297259946573e-06,-6.296297259946573e-06,0.5365720386939554,0.5663695723468921,0.8438545178476041,1266,7.609460571518635,6.979774183393657e-15,7.381565968211748e-09
366.50000000001484,-7.73329837577779e-06,-7.73329837577779e-06,0.5325490050521658,0.5616093093512289,0.8463991713239967,1267,7.607017246485714,6.592677916161332e-15,7.383580587744557e-09
366.60000000001486,-9.09303093052678e-06,-9.09303093052678e-06,0.5303089619289156,0.5589649497541113,0.8478044614755669,1267,7.59616180105333,6.1368649081736955e-15,7.385595207277366e-09
366.7000000000149,-1.0361908925974302e-05,-1.0361908925974302e-05,0.5275055793270007,0.5556617181315073,0.849551566285935,1268,7.577248427304,5.6168819560869465e-15,7.387609826810175e-09
366.8000000000149,-1.1527254152625145e-05,-1.1527254152625145e-05,0.5239078887123042,0.5514324473020127,0.851774925755047,1269,7.550940433382079,5.037917681295294e-15,7.389624446342985e-09
366.9000000000149,-1.2577422866186522e-05,-1.2577422866186522e-05,0.5213340899096428,0.5484135566740468,0.8533526625599082,1269,7.5181924334176,4.4057511775551994e-15,7.391639065875794e-09
367.00000000001495,-1.3501922128012149e-05,-1.3501922128012149e-05,0.5189064076295407,0.5455711450360141,0.8548310594035555,1270,7.480223328842051,3.7266947239794985e-15,7.393653685408603e-09
367.100000000015,-1.429151464707668e-05,-1.429151464707668e-05,0.5202330509724475,0.5471238136551833,0.854024339627331,1254,7.438479701428565,3.0075311048980456e-15,7.395668304941412e-09
367.200000000015,-1.4938311075934212e-05,-1.4938311075934212e-05,0.5480256824102786,0.5800020869068077,0.836461506238481,1254,7.3945893615281655,2.255446123429429e-15,7.397682924474221e-09
367.300000000015,-1.5435848838470068e-05,-1.5435848838470068e-05,0.5706282112306862,0.6072706358920166,0.8212085268357041,1254,7.350305129903865,1.4779569395318862e-15,7.3996975440070314e-09
367.40000000001504,-1.5779156701825102e-05,-1.5779156701825102e-05,0.5878484553565473,0.6283966562188803,0.8089710708887689,1254,7.3074395179059515,6.828369071718002e-16,7.401712163539841e-09
367.50000000001506,-1.5964804447311165e-05,-1.5964804447311165e-05,0.599515037398384,0.6428950432474494,0.8003634923790655,1254,7.267791814158261,-1.2196236998486337e-16,7.40372678307265e-09
367.6000000000151,-1.599093714402234e-05,-1.599093714402234e-05,0.6054679613708169,0.6503537234418119,0.7958696801320345,1254,7.233070136026879,-9.283909987444893e-16,7.405741402605459e-09
367.7000000000151,-1.585729368269142e-05,-1.585729368269142e-05,0.6055549491372235,0.6504630269943846,0.7958034955787858,1254,7.20481213663331,-1.728381959444433e-15,7.407756022138268e-09
367.80000000001513,-1.556520938460736e-05,-1.556520938460736e-05,0.5996364268156182,0.6430467197232047,0.8002725508448967,1254,7.184309073055246,-2.5139326123889017e-15,7.409770641671077e-09
367.90000000001515,-1.511760265952639e-05,-1.511760265952639e-05,0.5971947065761727,0.6399990839173982,0.8020963049643097,1255,7.172538588778225,-3.2771856471743447e-15,7.411785261203887e-09
368.0000000000152,-1.4518945845886406e-05,-1.4518945845886406e-05,0.5923856636870051,0.6340167781577556,0.8056545323264225,1256,7.17011160172894,-4.010508546986195e-15,7.413799880736696e-09
368.1000000000152,-1.3775220524679671e-05,-1.3775220524679671e-05,0.5883433421035984,0.629008540675247,0.8086112241382556,1256,7.177237964259932,-4.706570636471051e-15,7.415814500269505e-09
368.2000000000152,-1.2893857753472779e-05,-1.2893857753472779e-05,0.5849952680067518,0.6248742232495317,0.8110367047240886,1257,7.193714079836954,-5.3584168122199735e-15,7.417829119802314e-09
368.30000000001525,-1.1883663817735838e-05,-1.1883663817735838e-05,0.5797893221115332,0.6184700922958521,0.8147664339953191,1258,7.2189336210558475,-5.959537124312562e-15,7.419843739335123e-09
368.40000000001527,-1.0754732241349014e-05,-1.0754732241349014e-05,0.5768768455575858,0.6149000042867313,0.816831136196172,1258,7.251920249283116,-6.5039314817744634e-15,7.421858358867933e-09
368.5000000000153,-9.518342935448406e-06,-9.518342935448406e-06,0.5731128171600705,0.6102993757439468,0.8194764784951717,1259,7.291379201307621,-6.986168879893376e-15,7.423872978400742e-09
368.6000000000153,-8.186849493282615e-06,-8.186849493282615e-06,0.5679160288301834,0.6039717389193119,0.8230864986122384,1259,7.335763134388719,-7.401440671999951e-15,7.425887597933552e-09
368.70000000001534,-6.7735557571925485e-06,-6.7735557571925485e-06,0.5655640562159602,0.6011170429000302,0.8247043702543053,1260,7.383346901487009,-7.745607511986706e-15,7.427902217466361e-09
368.80000000001536,-5.29258289101643e-06,-5.29258289101643e-06,0.5617838062000473,0.5965404450324795,0.8272840836685954,1261,7.4323059651159,-8.01523966430632e-15,7.42991683699917e-09
368.9000000000154,-3.758728286088553e-06,-3.758728286088553e-06,0.5570666722404956,0.5908494591251322,0.8304677734138154,1261,7.480793794312447,-8.20765041576319e-15,7.431931456531979e-09
369.0000000000154,-2.187317710596444e-06,-2.187317710596444e-06,0.5546853369698459,0.5879847450514755,0.8320602003164486,1262,7.52701458364802,-8.320922339532572e-15,7.433946076064789e-09
369.1000000000154,-5.940521795711509e-07,-5.940521795711509e-07,0.5511305109371607,0.5837184805554345,0.834419055339788,1263,7.569288740389905,-8.353926173484691e-15,7.435960695597598e-09
369.20000000001545,1.005148924464877e-06,1.005148924464877e-06,0.5466078468992134,0.5783079864991131,0.8373887160143766,1264,7.606109612526912,-8.306332097861716e-15,7.437975315130407e-09
369.3000000000155,2.5943069127057067e-06,2.5943069127057067e-06,0.544365674892559,0.5756327430657922,0.8388480267597753,1264,7.636190758935037,-8.178613241462255e-15,7.439989934663216e-09
369.4000000000155,4.157543443838618e-06,4.157543443838618e-06,0.5411555586084613,0.571810658664033,0.840922506172337,1265,7.658503647770083,-7.972041312779936e-15,7.442004554196025e-09
369.5000000000155,5.679239175181822e-06,5.679239175181822e-06,0.5370783378614734,0.5669696708258036,0.8435323698590097,1266,7.67230601679672,-7.688674338410493e-15,7.444019173728835e-09
369.60000000001554,7.144189825993459e-06,7.144189825993459e-06,0.5346155163455186,0.5640527227558131,0.8450954086271055,1266,7.67716127599527,-7.331336586971315e-15,7.446033793261644e-09
369.70000000001556,8.537758093618918e-06,8.537758093618918e-06,0.5317909859544946,0.5607139803206532,0.8468756386020007,1267,7.672949326119616,-6.9035908535407806e-15,7.448048412794453e-09
369.8000000000156,9.846019904580502e-06,9.846019904580502e-06,0.5281490013786468,0.5564192630524789,0.8491517133838559,1268,7.659869055301839,-6.409703369847511e-15,7.450063032327262e-09
369.9000000000156,1.1055903539316937e-05,1.1055903539316937e-05,0.5253833790404611,0.5531656257601452,0.850865621016637,1268,7.638432604432461,-5.854601684984384e-15,7.452077651860071e-09
370.00000000001563,1.2155320240484285e-05,1.2155320240484285e-05,0.5229404109482345,0.5502970062075266,0.8523692431084615,1269,7.609451303453189,-5.243825929447465e-15,7.454092271392881e-09
370.10000000001565,1.3133284999823323e-05,1.3133284999823323e-05,0.5196983273195948,0.5464978107082133,0.8543498396916894,1270,7.57401301781577,-4.583473933390874e-15,7.45610689092569e-09
370.2000000000157,1.39800263167309e-05,1.39800263167309e-05,0.5165934515544055,0.5428676137340747,0.8562308133973608,1270,7.533450553381407,-3.880140720874803e-15,7.4581215104585e-09
370.3000000000157,1.468708383186394e-05,1.468708383186394e-05,0.5370570254610052,0.5669444053709002,0.8435459391183014,1254,7.489300799336316,-3.1408529483621567e-15,7.460136129991308e-09
370.4000000000157,1.5247392860253369e-05,1.5247392860253369e-05,0.5618433854518228,0.5966124646807981,0.827243622050986,1254,7.443254494014542,-2.3729989000390832e-15,7.462150749524118e-09
370.50000000001575,1.5655354979301055e-05,1.5655354979301055e-05,0.5813241564832583,0.6203551299201292,0.8136720623746573,1254,7.397096922827402,-1.5842546962911462e-15,7.464165369056927e-09
370.60000000001577,1.590689396636782e-05,1.590689396636782e-05,0.5953206697200869,0.6376646867055921,0.8034882078811283,1254,7.352640524835295,-7.825074159686032e-16,7.466179988589737e-09
370.7000000000158,1.599949652704263e-05,1.599949652704263e-05,0.6036690439369713,0.6480953449896569,0.7972350251915824,1254,7.311651278817173,2.4224121344601176e-17,7.468194608122547e-09
370.8000000000158,1.5932237407149555e-05,1.5932237407149555e-05,0.6062137468275313,0.6512911276488039,0.7953017623250472,1254,7.275771785273623,8.278701198412784e-16,7.470209227655355e-09
370.90000000001584,1.5705788637581657e-05,1.5705788637581657e-05,0.6028086792921273,0.6470165996482833,0.7978857663663897,1254,7.246445010765212,1.6203912782924225e-15,7.472223847188165e-09
371.00000000001586,1.5322412819590452e-05,1.5322412819590452e-05,0.5986936998104905,0.6418692314657426,0.8009780607527439,1255,7.224843505113188,2.393860082582359e-15,7.474238466720973e-09
371.1000000000159,1.4785940517622111e-05,1.4785940517622111e-05,0.5933190490183582,0.6351758151873226,0.8049673944154204,1255,7.211809302624403,3.1405410011928048e-15,7.476253086253783e-09
371.2000000000159,1.410173198558374e-05,1.410173198558374e-05,0.5906875404409893,0.6319106512888945,0.8069003839184703,1256,7.207809473817778,3.852968650091939e-15,7.478267705786592e-09
371.3000000000159,1.3276623608958193e-05,1.3276623608958193e-05,0.5859085258181547,0.6260007187292679,0.8103771957388712,1257,7.2129113125387265,4.524023008810431e-15,7.480282325319402e-09
371.40000000001595,1.2318859597900157e-05,1.2318859597900157e-05,0.5820534716346176,0.621251742880528,0.813150512610113,1257,7.226779499451251,5.147000822579095e-15,7.48229694485221e-09
371.500000000016,1.1238009613813433e-05,1.1238009613813433e-05,0.5787137252926059,0.6171505823741629,0.8155307622388958,1258,7.2486955242391105,5.7156824164184486e-15,7.48431156438502e-09
371.600000000016,1.0044873152457518e-05,1.0044873152457518e-05,0.5737140540797361,0.6110332483074716,0.8190556660883274,1259,7.277597540009994,6.224393265859642e-15,7.486326183917829e-09
371.700000000016,8.751371638955812e-06,8.751371638955812e-06,0.5707050633196082,0.6073642230692845,0.8211551197559216,1259,7.3121370433821715,6.668059796529701e-15,7.488340803450639e-09
371.80000000001604,7.370429312856473e-06,7.370429312856473e-06,0.5671351390558825,0.6030233155513205,0.8236247531783298,1260,7.350747607196715,7.04225899933618e-15,7.490355422983447e-09
371.90000000001606,5.91584409340305e-06,5.91584409340305e-06,0.5622649216077228,0.5971221200373625,0.8269571681347597,1261,7.39172045924496,7.343261532970127e-15,7.492370042516257e-09
372.0000000000161,4.402149715286383e-06,4.402149715286383e-06,0.5596284202483998,0.5939373669612731,0.8287436462804891,1261,7.433281945367182,7.568068035856565e-15,7.494384662049067e-09
372.1000000000161,2.844470512371782e-06,2.844470512371782e-06,0.5561559381311956,0.5897532100110625,0.8310779581251146,1262,7.4736686571185285,7.714438392832003e-15,7.496399281581875e-09
372.20000000001613,1.2583703003544906e-06,1.2583703003544906e-06,0.5516168374302719,0.5843014252537565,0.8340976349705261,1263,7.511197007977929,7.78091371321403e-15,7.498413901114685e-09
372.30000000001615,-3.403031317420309e-07,-3.403031317420309e-07,0.5490381703449337,0.5812130093087109,0.8357972765595061,1263,7.544325088330691,7.766830793585168e-15,7.500428520647494e-09
372.4000000000162,-1.935576367435444e-06,-1.935576367435444e-06,0.5458446823388843,0.5773968949295237,0.8378863781935845,1264,7.57170555719056,7.672328873238906e-15,7.502443140180304e-09
372.5000000000162,-3.5115099638819146e-06,-3.5115099638819146e-06,0.5417243441274792,0.5724871887839804,0.8405562057231226,1265,7.592229048327404,7.49834854811398e-15,7.504457759713112e-09
372.6000000000162,-5.05235771352013e-06,-5.05235771352013e-06,0.53900448535674,0.5692547655782287,0.8423028937177622,1265,7.605058052872266,7.246622788067251e-15,7.506472379245922e-09
372.70000000001625,-6.5427239749722464e-06,-6.5427239749722464e-06,0.5361706767682164,0.565894014939549,0.8441095932246669,1266,7.609651505015421,6.919660095225217e-15,7.50848699877873e-09
372.80000000001627,-7.967717501203413e-06,-7.967717501203413e-06,0.5324856649118204,0.5615344762802426,0.8464390212315455,1267,7.605780380378898,6.52071993861413e-15,7.51050161831154e-09
372.9000000000163,-9.313100227939757e-06,-9.313100227939757e-06,0.5295081433084264,0.5580206491085832,0.8483048545010591,1267,7.593534564661015,6.053780693911817e-15,7.512516237844349e-09
373.0000000000163,-1.0565429535700122e-05,-1.0565429535700122e-05,0.5270531602487355,0.5551292674331769,0.8498323165612266,1268,7.573321110554112,5.523500401426203e-15,7.514530857377159e-09
373.10000000001634,-1.1712192564006394e-05,-1.1712192564006394e-05,0.5237815545563788,0.5512841353588965,0.8518526181837461,1269,7.545853819882814,4.935170728141309e-15,7.516545476909967e-09
373.20000000001636,-1.274193123574919e-05,-1.274193123574919e-05,0.5204867437820518,0.5474208962545266,0.8538697497552871,1269,7.512133912002815,4.294664581599355e-15,7.518560096442777e-09
373.3000000000164,-1.36443567425068e-05,-1.36443567425068e-05,0.5183963436924783,0.544974569114286,0.8551404743352229,1270,7.473421418510929,3.608377876915312e-15,7.520574715975587e-09
373.4000000000164,-1.4410452346917911e-05,-1.4410452346917911e-05,0.5252521305908829,0.5530113802518287,0.8509466489209168,1254,7.431196932711809,2.883166006222041e-15,7.522589335508396e-09
373.5000000000164,-1.5032563474940782e-05,-1.5032563474940782e-05,0.5521865907038174,0.5849846570996965,0.8337205581289782,1254,7.387113497431659,2.1262756048321686e-15,7.524603955041206e-09
373.60000000001645,-1.5504474197826804e-05,-1.5504474197826804e-05,0.5738966725950613,0.6112562279984927,0.818927719145174,1254,7.342938789865399,1.345272252236452e-15,7.526618574574014e-09
373.7000000000165,-1.582146933962584e-05,-1.582146933962584e-05,0.5901944979487518,0.6312997551830225,0.807261082049061,1254,7.300488392575595,5.479647900219291e-16,7.528633194106824e-09
373.8000000000165,-1.5980381589665698e-05,-1.5980381589665698e-05,0.6009111424187503,0.6446405239132695,0.7993158317692654,1254,7.261551823325073,-2.576730162203043e-16,7.530647813639633e-09
373.9000000000165,-1.5979623149273384e-05,-1.5979623149273384e-05,0.6058879606457125,0.6508815531202577,0.7955499853212114,1254,7.227814071259051,-1.0635826974720315e-15,7.532662433172443e-09
374.00000000001654,-1.581920159653459e-05,-1.581920159653459e-05,0.6049741927091473,0.6497334557846676,0.7962450792035801,1254,7.200776515540424,-1.861702363399727e-15,7.534677052705251e-09
374.10000000001656,-1.550071981057597e-05,-1.550071981057597e-05,0.5992360604778532,0.6425465259562483,0.8005723851239079,1255,7.181682073804938,-2.6440481790354645e-15,7.536691672238061e-09
374.2000000000166,-1.5027359956126741e-05,-1.5027359956126741e-05,0.5962828045778629,0.6388626660500217,0.8027744496212857,1255,7.1714499883799725,-3.402795129716804e-15,7.53870629177087e-09
374.3000000000166,-1.4403851688380595e-05,-1.4403851688380595e-05,0.5920902651883361,0.6336501710266786,0.8058716509899115,1256,7.170625575324295,-4.130356143812558e-15,7.54072091130368e-09
374.40000000001663,-1.363642489584443e-05,-1.363642489584443e-05,0.5870944752602341,0.6274649479258901,0.8095184229644872,1256,7.179349403526704,-4.819458644363431e-15,7.542735530836488e-09
374.50000000001666,-1.2732747453351692e-05,-1.2732747453351692e-05,0.5843395603179243,0.6240659778529866,0.8115092594958204,1257,7.1973487765986395,-5.463217637603461e-15,7.544750150369298e-09
374.6000000000167,-1.1701848607191731e-05,-1.1701848607191731e-05,0.579660431565447,0.6183119079531755,0.8148581373940864,1258,7.223952287924703,-6.055204522192491e-15,7.546764769902108e-09
374.7000000000167,-1.0554028757865529e-05,-1.0554028757865529e-05,0.5758493164706676,0.6136426167017488,0.8175558480741636,1258,7.2581259813240715,-6.589510912126023e-15,7.548779389434916e-09
374.8000000000167,-9.300756541888761e-06,-9.300756541888761e-06,0.5726001957430978,0.6096739650328701,0.8198347491018942,1259,7.29852768794045,-7.06080689287301e-15,7.550794008967726e-09
374.90000000001675,-7.954554240966756e-06,-7.954554240966756e-06,0.5678601979253125,0.6039039093551534,0.8231250182154743,1260,7.343574754459459,-7.464393252715239e-15,7.552808628500535e-09
375.00000000001677,-6.528872663495017e-06,-6.528872663495017e-06,0.5646591450216648,0.6000201999544515,0.8253242089890509,1260,7.391519790230212,-7.796247329881517e-15,7.554823248033345e-09
375.1000000000168,-5.0379567485279735e-06,-5.0379567485279735e-06,0.5613348114495079,0.5959978115254442,0.8275888045732285,1261,7.440529212638229,-8.053062180632022e-15,7.556837867566153e-09
375.2000000000168,-3.4967032350567083e-06,-3.4967032350567083e-06,0.5568173462197585,0.5905492657496215,0.8306349637167855,1262,7.488760084328127,-8.23227880638059e-15,7.558852487098963e-09
375.30000000001684,-1.9205118187171544e-06,-1.9205118187171544e-06,0.5538347956732538,0.5869628816794086,0.8326265784261064,1262,7.534431765578572,-8.332111192077755e-15,7.560867106631771e-09
375.40000000001686,-3.2513128312177363e-07,-3.2513128312177363e-07,0.5506924073308498,0.583193531268111,0.83470825592428,1263,7.575890010374325,-8.351563920641184e-15,7.562881726164581e-09
375.5000000000169,1.2734978567804481e-06,1.2734978567804481e-06,0.5465437184419603,0.5782314069449369,0.8374305725441574,1264,7.611662134135149,-8.290442154269348e-15,7.56489634569739e-09
375.6000000000169,2.859402627060137e-06,2.859402627060137e-06,0.5435237280018494,0.5746293753687541,0.8393938033479706,1264,7.640502670137909,-8.149353821544351e-15,7.5669109652302e-09
375.7000000000169,4.416737191483071e-06,4.416737191483071e-06,0.5406950203880813,0.5712630967730229,0.8412186962541504,1265,7.661429475064059,-7.929703920115512e-15,7.568925584763008e-09
375.80000000001695,5.9299411778678915e-06,5.9299411778678915e-06,0.5369680699563694,0.5668389546601822,0.8436025674731743,1266,7.673750554897531,-7.633680932966877e-15,7.570940204295818e-09
375.900000000017,7.383895152181371e-06,7.383895152181371e-06,0.5337529542323851,0.5630323835586226,0.8456404577881793,1266,7.677081999801077,-7.264235452962267e-15,7.572954823828628e-09
376.000000000017,8.764071686925447e-06,8.764071686925447e-06,0.5312885121640087,0.5601207642367145,0.8471909565396422,1267,7.671357388971818,-6.825051206460609e-15,7.574969443361437e-09
376.100000000017,1.0056680514390656e-05,1.0056680514390656e-05,0.5279814858734058,0.5562220012110923,0.8492558805065236,1268,7.656828901780998,-6.320508755414898e-15,7.576984062894247e-09
376.20000000001704,1.1248806314452631e-05,1.1248806314452631e-05,0.5244829389948654,0.5521077075775889,0.8514209574019823,1268,7.634060194288735,-5.755642234952346e-15,7.578998682427055e-09
376.30000000001706,1.2328537760181545e-05,1.2328537760181545e-05,0.5223859892019942,0.549646688037955,0.8527091404960158,1269,7.603910912890166,-5.13608954963087e-15,7.581013301959865e-09
376.4000000000171,1.328508653188343e-05,1.328508653188343e-05,0.5194695004530541,0.5462299950887667,0.8544889923802731,1270,7.567512562703942,-4.4680365082414655e-15,7.583027921492673e-09
376.5000000000171,1.4108895110424425e-05,1.4108895110424425e-05,0.5157902061527329,0.541929761092687,0.856714925302998,1271,7.52623537427331,-3.758155426986509e-15,7.585042541025483e-09
376.60000000001713,1.4791732272802655e-05,1.4791732272802655e-05,0.5415961537033975,0.5723346896119611,0.8406388084627582,1254,7.481645869141891,-3.0135387768410056e-15,7.587057160558292e-09
376.70000000001716,1.5326775335807586e-05,1.5326775335807586e-05,0.5655036948236236,0.6010438531852921,0.8247457615173478,1254,7.435455064218131,-2.2416284950328485e-15,7.589071780091102e-09
376.8000000000172,1.57086783260154e-05,1.57086783260154e-05,0.58407415110741,0.6237389600558191,0.8117003055365682,1254,7.389457719165853,-1.4501416243598542e-15,7.59108639962391e-09
376.9000000000172,1.5933625394988276e-05,1.5933625394988276e-05,0.5971320205956228,0.6399209335051019,0.8021429735274059,1254,7.345463739078466,-6.469929885368228e-16,7.59310101915672e-09
377.0000000000172,1.5999368945970655e-05,1.5999368945970655e-05,0.6045151067504927,0.6491570183464779,0.7965936766698819,1254,7.305223771608134,1.5978434239945705e-16,7.595115638689529e-09
377.10000000001725,1.5905252091133048e-05,1.5905252091133048e-05,0.6060691380232868,0.6511093113973608,0.7954119686902569,1254,7.270352096264605,9.621199954218605e-16,7.597130258222339e-09
377.20000000001727,1.5652215214978097e-05,1.5652215214978097e-05,0.6016503833394093,0.6455656878662155,0.7987595484421716,1254,7.242250935009502,1.7519877983202468e-15,7.599144877755149e-09
377.3000000000173,1.5242786578329476e-05,1.5242786578329476e-05,0.5982055581799978,0.6412599382084144,0.8013426920878216,1255,7.2220410993761766,2.5214869527523803e-15,7.601159497287957e-09
377.4000000000173,1.468105705678546e-05,1.468105705678546e-05,0.5925042907850143,0.634164029263526,0.8055672941482587,1256,7.210504193498197,3.262921953614131e-15,7.603174116820767e-09
377.50000000001734,1.3972639266042231e-05,1.3972639266042231e-05,0.5898554535971618,0.6308798262015074,0.8075088506398468,1256,7.208041226219933,3.968880321382888e-15,7.605188736353575e-09
377.60000000001736,1.3124611482493109e-05,1.3124611482493109e-05,0.5856487524989454,0.625680197336674,0.8105649503256535,1257,7.2146513823377765,4.6323072353768975e-15,7.607203355886385e-09
377.7000000000174,1.2145446919430608e-05,1.2145446919430608e-05,0.5808651398607478,0.6197911137712079,0.8139998091489664,1257,7.229932967868531,5.246576215595469e-15,7.609217975419194e-09
377.8000000000174,1.1044929065500076e-05,1.1044929065500076e-05,0.5780797973481826,0.6163734770863104,0.8159802374432141,1258,7.253106449833287,5.805555097489784e-15,7.611232594952004e-09
377.9000000000174,9.834053931315161e-06,9.834053931315161e-06,0.5735733975003903,0.6108615284511739,0.8191541721067281,1259,7.28305743232075,6.303666665781773e-15,7.613247214484812e-09
378.00000000001745,8.524920180954537e-06,8.524920180954537e-06,0.5696862530767859,0.6061240534578026,0.8218622591744509,1259,7.318395717755831,6.7359434402921914e-15,7.615261834017622e-09
378.1000000000175,7.130608246109732e-06,7.130608246109732e-06,0.5666025688010702,0.6023768418034937,0.8239912190236183,1260,7.3575255556339085,7.0980762171729066e-15,7.61727645355043e-09
378.2000000000175,5.6650496307354726e-06,5.6650496307354726e-06,0.5621669553827725,0.5970036589080424,0.8270237688698335,1261,7.398721869605203,7.386456048106768e-15,7.61929107308324e-09
378.3000000000175,4.142887712067316e-06,4.142887712067316e-06,0.5586961259839519,0.5928128447691842,0.8293724367318486,1261,7.4402075974235915,7.598209385054627e-15,7.621305692616049e-09
378.40000000001754,2.5793314288367683e-06,2.5793314288367683e-06,0.5556588373796875,0.5891551899002017,0.8314104019326761,1262,7.480228080909904,7.731226138086251e-15,7.623320312148859e-09
378.50000000001756,9.900033185828849e-07,9.900033185828849e-07,0.5515120866074479,0.5841758446633373,0.8341669007614118,1263,7.51711946811588,7.784180404967218e-15,7.625334931681667e-09
378.6000000000176,-6.092165775786954e-07,-6.092165775786954e-07,0.5481355766006459,0.5801334724157822,0.8363894963859108,1263,7.549369125520283,7.756543650142974e-15,7.627349551214477e-09
378.7000000000176,-2.2023493830773326e-06,-2.2023493830773326e-06,0.5453400671848162,0.5767947652769465,0.8382148955505743,1264,7.575666955201789,7.648590149142413e-15,7.629364170747287e-09
378.80000000001763,-3.7734770415401677e-06,-3.7734770415401677e-06,0.541582727111721,0.57231871780283,0.8406474586259279,1265,7.594947192545282,7.461394576182354e-15,7.631378790280096e-09
378.90000000001766,-5.306901364749587e-06,-5.306901364749587e-06,0.5380941576452101,0.5681743783179082,0.8428847356003618,1265,7.606420705544919,7.19682169471448e-15,7.633393409812906e-09
379.0000000000177,-6.787300883750767e-06,-6.787300883750767e-06,0.5356321540720567,0.5652561668847037,0.8444514169116708,1266,7.6095980477331855,6.857508204974775e-15,7.635408029345714e-09
379.1000000000177,-8.199883935904858e-06,-8.199883935904858e-06,0.532290627590359,0.5613040719811843,0.846561685749752,1267,7.604303573701946,6.44683689994093e-15,7.637422648878524e-09
379.2000000000177,-9.530536458292609e-06,-9.530536458292609e-06,0.5285669143481514,0.5569114918994604,0.8488916403502121,1267,7.590680856192281,5.968903373466236e-15,7.639437268411333e-09
379.30000000001775,-1.0765963010765554e-05,-1.0765963010765554e-05,0.5264660424873103,0.5544385522515604,0.850196157429419,1268,7.569189493957735,5.428475606743961e-15,7.641451887944143e-09
379.40000000001777,-1.1893819619589107e-05,-1.1893819619589107e-05,0.5235255938912821,0.5509836878132333,0.852009948616083,1269,7.540593216107425,4.830946830060961e-15,7.643466507476951e-09
379.5000000000178,-1.2902837114347722e-05,-1.2902837114347722e-05,0.5198147157266138,0.5466340467380439,0.854279030126609,1270,7.505939018362877,4.182282117120067e-15,7.645481127009761e-09
379.6000000000178,-1.3782933725770608e-05,-1.3782933725770608e-05,0.5177538469794343,0.5442234053687343,0.855529633582611,1270,7.46652696013333,3.4889592216107975e-15,7.64749574654257e-09
379.70000000001784,-1.452531581943768e-05,-1.452531581943768e-05,0.5301335214674512,0.5587580280903536,0.8479141757374501,1254,7.423870263728741,2.7579042130424773e-15,7.64951036607538e-09
379.80000000001786,-1.512256575886791e-05,-1.512256575886791e-05,0.5562039242118275,0.5898109506926649,0.8310458439167864,1254,7.379645545716114,1.9964225135371156e-15,7.651524985608188e-09
379.9000000000179,-1.556871602009109e-05,-1.556871602009109e-05,0.5770165308216859,0.6150710233562794,0.8167324673101385,1254,7.335633426729616,1.2121259810563397e-15,7.653539605140998e-09
380.0000000000179,-1.5859308817174742e-05,-1.5859308817174742e-05,0.5923874300834567,0.6340189706581445,0.805653233518688,1254,7.2936504405478875,4.128567286198245e-16,7.655554224673808e-09
380.1000000000179,-1.5991440642947616e-05,-1.5991440642947616e-05,0.6021499018402565,0.6461912030641881,0.7983830507430437,1254,7.255474085226479,-3.9339158570795344e-16,7.657568844206616e-09
380.20000000001795,-1.5963791279883565e-05,-1.5963791279883565e-05,0.6061465798675787,0.6512066756817456,0.795352955432264,1254,7.222763954723431,-1.1985542165945622e-15,7.659583463739426e-09
380.300000000018,-1.5776636991278656e-05,-1.5776636991278656e-05,0.6042284082602005,0.6487971619183707,0.7968111637341336,1254,7.196983008070829,-1.9945767080910177e-15,7.661598083272235e-09
380.400000000018,-1.5431847760919646e-05,-1.5431847760919646e-05,0.5991397845174968,0.6424262724605871,0.8006444395662331,1255,7.179323953445441,-2.773496314917003e-15,7.663612702805045e-09
380.500000000018,-1.4932868608824124e-05,-1.4932868608824124e-05,0.5952111238235465,0.6375283556886004,0.8035693610863414,1255,7.170646191423663,-3.5275225566711633e-15,7.665627322337853e-09
380.60000000001804,-1.428468516973925e-05,-1.428468516973925e-05,0.5916437292225243,0.6330961806607512,0.8061995396126597,1256,7.171428553770847,-4.24911597266751e-15,7.667641941870663e-09
380.70000000001806,-1.34937738783274e-05,-1.34937738783274e-05,0.5860347068676062,0.6261564340603067,0.8102859509744686,1257,7.181742084477275,-4.931064152058599e-15,7.669656561403471e-09
380.8000000000181,-1.2568037258771857e-05,-1.2568037258771857e-05,0.5835347552231881,0.6230745928998518,0.8120881660550251,1257,7.201245408982566,-5.566554157263443e-15,7.671671180936281e-09
380.9000000000181,-1.151672496536738e-05,-1.151672496536738e-05,0.579390909218262,0.6179811870102749,0.8150497986719804,1258,7.2292030837459365,-6.149240540872018e-15,7.67368580046909e-09
381.00000000001813,-1.0350341363032031e-05,-1.0350341363032031e-05,0.5746731903975999,0.6122047562628803,0.8183829936149968,1258,7.264525098818619,-6.673308269610344e-15,7.6757004200019e-09
381.10000000001816,-9.080540571165192e-06,-9.080540571165192e-06,0.5719471328525992,0.6088776077266989,0.8202904834396723,1259,7.305823826907404,-7.133529996397203e-15,7.677715039534708e-09
381.2000000000182,-7.720010019538866e-06,-7.720010019538866e-06,0.5676739107332097,0.6036776100092285,0.823253503529055,1260,7.351483480031197,-7.525317241140639e-15,7.679729659067518e-09
381.3000000000182,-6.282343679693302e-06,-6.282343679693302e-06,0.5636129041036972,0.5987530762260892,0.8260390392274427,1260,7.399736678513478,-7.844765134195307e-15,7.681744278600328e-09
381.4000000000182,-4.781906238466936e-06,-4.781906238466936e-06,0.5607523892904556,0.5952942214544161,0.8279835492961471,1261,7.448742998734631,-8.088690435138374e-15,7.683758898133136e-09
381.50000000001825,-3.2336895707938318e-06,-3.2336895707938318e-06,0.5566513925507925,0.5903494877897655,0.8307461869736529,1262,7.496665151310424,-8.254662568188923e-15,7.685773517665947e-09
381.60000000001827,-1.6531629458449965e-06,-1.6531629458449965e-06,0.5528488691382689,0.5857792312632667,0.8332815417927708,1262,7.541739499410114,-8.341027428248772e-15,7.687788137198755e-09
381.7000000000183,-5.611846320428675e-08,-5.611846320428675e-08,0.5501262228420969,0.5825153806692067,0.8350815163452533,1263,7.582338725022695,-8.346923725459705e-15,7.689802756731565e-09
381.8000000000183,1.5414867365704629e-06,1.5414867365704629e-06,0.546358164021886,0.5780098470770569,0.8375516441429949,1264,7.617025420251084,-8.272291665542322e-15,7.691817376264373e-09
381.90000000001834,3.1236899104211624e-06,3.1236899104211624e-06,0.5425509292963542,0.5734708795778837,0.8400229098778571,1264,7.6445961293411955,-8.117873815231789e-15,7.693831995797183e-09
382.00000000001836,4.674682207241523e-06,4.674682207241523e-06,0.5401101873426618,0.570568030810137,0.8415943117254743,1265,7.664115869550814,-7.885208076441481e-15,7.695846615329992e-09
382.1000000000184,6.178966624691597e-06,6.178966624691597e-06,0.5367393119458451,0.5665678100674982,0.8437481324494299,1266,7.6749434340743825,-7.576612783083074e-15,7.697861234862802e-09
382.2000000000184,7.621512850122535e-06,7.621512850122535e-06,0.5327627639011373,0.5618618802949299,0.8462646379238713,1266,7.676747869806796,-7.195164031662037e-15,7.69987585439561e-09
382.30000000001843,8.987907438492207e-06,8.987907438492207e-06,0.5306642093809331,0.5593840251967537,0.847582147571614,1267,7.669516475510761,-6.744665452005529e-15,7.70189047392842e-09
382.40000000001845,1.0264497826743621e-05,1.0264497826743621e-05,0.5276971747012671,0.5558872592290452,0.8494325704917962,1268,7.653554529399813,-6.22961071139867e-15,7.703905093461228e-09
382.5000000000185,1.1438528745702037e-05,1.1438528745702037e-05,0.5239460414306555,0.5514772399377074,0.8517514576853661,1269,7.6294767732842566,-5.655139121023217e-15,7.705919712994038e-09
382.6000000000185,1.2498269666508246e-05,1.2498269666508246e-05,0.5217111860745574,0.548855515912358,0.8531221708083072,1269,7.598190495571171,-5.026984778017118e-15,7.707934332526849e-09
382.7000000000185,1.3433132008185318e-05,1.3433132008185318e-05,0.5191246814378598,0.5458265062878895,0.8546985229436403,1270,7.560869911330551,-4.3514197318150814e-15,7.709948952059657e-09
382.80000000001854,1.4233774935239617e-05,1.4233774935239617e-05,0.5177865697952198,0.5442616544173273,0.8555098293647478,1254,7.518921481986863,-3.635191712542138e-15,7.711963571592467e-09
382.90000000001857,1.4892198688201378e-05,1.4892198688201378e-05,0.5459833622937831,0.577562415501777,0.8377960181920033,1254,7.47393990135214,-2.8854570047684858e-15,7.713978191125275e-09
383.0000000000186,1.5401824514576962e-05,1.5401824514576962e-05,0.5690065787457094,0.6052972972668669,0.8223329698754045,1254,7.427654749347135,-2.1097090939145853e-15,7.715992810658085e-09
383.1000000000186,1.5757560401569122e-05,1.5757560401569122e-05,0.5866618722488477,0.6269306559056407,0.8098319872970422,1254,7.381868319676373,-1.3157037564306034e-15,7.718007430190894e-09
383.20000000001863,1.5955851953785675e-05,1.5955851953785675e-05,0.5987766066493967,0.641972742473693,0.8009160850734824,1254,7.338385875776976,-5.113813095440372e-16,7.720022049723704e-09
383.30000000001866,1.5994717907583353e-05,1.5994717907583353e-05,0.6051901113294005,0.6500046547862474,0.796080981527073,1254,7.298940546434534,2.95213217541546e-16,7.722036669256512e-09
383.4000000000187,1.5873769927199183e-05,1.5873769927199183e-05,0.6057494461337213,0.6507074530225156,0.795655458416952,1254,7.265116139459612,1.0960111817995613e-15,7.724051288789322e-09
383.5000000000187,1.5594216484873075e-05,1.5594216484873075e-05,0.6003136121306151,0.6438931816120081,0.7997646948263555,1254,7.23827215842042,1.883001837959254e-15,7.72606590832213e-09
383.6000000000187,1.5158850786192674e-05,1.5158850786192674e-05,0.5975479244676436,0.6404395245789518,0.8018331983426549,1255,7.219476028665964,2.648313365915653e-15,7.72808052785494e-09
383.70000000001875,1.4572022861306429e-05,1.4572022861306429e-05,0.5924504645076051,0.6340972130518322,0.8056068812421621,1256,7.209447741038752,3.3842924875082175e-15,7.730095147387749e-09
383.80000000001877,1.3839596100860283e-05,1.3839596100860283e-05,0.5888572988981441,0.6296442920871614,0.8082370206408401,1256,7.208521631929682,4.083581740427447e-15,7.732109766920559e-09
383.9000000000188,1.296888867093652e-05,1.296888867093652e-05,0.5852317776910053,0.6251658679619031,0.8108660594578033,1257,7.216628796625162,4.739193504461848e-15,7.734124386453369e-09
384.0000000000188,1.1968600392357332e-05,1.1968600392357332e-05,0.5797800737826503,0.6184587414459071,0.8147730150444261,1258,7.233301814340636,5.344579941614687e-15,7.736139005986177e-09
384.10000000001884,1.0848725814950944e-05,1.0848725814950944e-05,0.5772901166454519,0.6154060390691511,0.8165391118761431,1258,7.25770134401789,5.8936981136304206e-15,7.738153625518987e-09
384.20000000001886,9.620454355313485e-06,9.620454355313485e-06,0.573286017112705,0.6105107457600872,0.8193553213246688,1259,7.288662112059677,6.3810696646335254e-15,7.740168245051796e-09
384.3000000000189,8.296058495857097e-06,8.296058495857097e-06,0.5685120586785946,0.6046960599688632,0.8226749292017025,1259,7.324754215011509,6.8018345820858495e-15,7.742182864584606e-09
384.4000000000189,6.888771162222407e-06,6.888771162222407e-06,0.5659235095932819,0.6015529653205701,0.8244577498511507,1260,7.364354735918924,7.151798655200467e-15,7.744197484117414e-09
384.50000000001893,5.412653504259754e-06,5.412653504259754e-06,0.5619312606623623,0.5967186950324528,0.8271839325630111,1261,7.405724481495077,7.427474323219327e-15,7.746212103650224e-09
384.60000000001895,3.8824544016678835e-06,3.8824544016678835e-06,0.5576167648335196,0.5915119952454247,0.8300985143804314,1261,7.447085083815693,7.626114645854975e-15,7.748226723183032e-09
384.700000000019,2.313463098063328e-06,2.313463098063328e-06,0.55502330098101,0.5883909774235243,0.8318348005272099,1262,7.486692566858573,7.745740145438571e-15,7.750241342715842e-09
384.800000000019,7.213564359121397e-07,7.213564359121397e-07,0.5512770437480641,0.5838941013180264,0.8343222525118188,1263,7.522904518434451,7.785158281686368e-15,7.752255962248651e-09
384.900000000019,-8.779577812979505e-07,-8.779577812979505e-07,0.5470931927461523,0.5788876906562314,0.8370717044858352,1263,7.554239028866661,7.74397534161498e-15,7.754270581781461e-09
385.00000000001904,-2.4684997345715654e-06,-2.4684997345715654e-06,0.5447037062880983,0.576035766741169,0.8386285663844328,1264,7.579424422100257,7.622600569383234e-15,7.75628520131427e-09
385.10000000001907,-4.034377254474856e-06,-4.034377254474856e-06,0.5413167258121476,0.5720023257243225,0.8408187690317196,1265,7.597439445968688,7.42224242638192e-15,7.75829982084708e-09
385.2000000000191,-5.55994461043923e-06,-5.55994461043923e-06,0.5370771502806582,0.5669682629601124,0.8435331259923391,1266,7.607543995580598,7.144896956561021e-15,7.76031444037989e-09
385.3000000000191,-7.029958837729408e-06,-7.029958837729408e-06,0.5349672332198201,0.5644689635656085,0.8448728066289805,1266,7.609300642349937,6.7933283274572905e-15,7.762329059912698e-09
385.40000000001913,-8.429732040108398e-06,-8.429732040108398e-06,0.5319757398712962,0.5609321547095337,0.8467595952738811,1267,7.602587273443689,6.371041714386404e-15,7.764343679445508e-09
385.50000000001916,-9.745278146441523e-06,-9.745278146441523e-06,0.5281784218198905,0.556453910286641,0.8491334139720623,1268,7.587601059757937,5.882248786203499e-15,7.766358298978316e-09
385.6000000000192,-1.0963452654896027e-05,-1.0963452654896027e-05,0.525756670595556,0.5536044049670442,0.8506350118142775,1268,7.564853811878752,5.331826131499511e-15,7.768372918511126e-09
385.7000000000192,-1.207208396845838e-05,-1.207208396845838e-05,0.5231531633181142,0.5505466265054135,0.8522386800129707,1269,7.53515859885998,4.7252670330099044e-15,7.770387538043934e-09
385.8000000000192,-1.3060095009508253e-05,-1.3060095009508253e-05,0.5197599252242072,0.5465699114480207,0.8543123668371695,1270,7.499607341435342,4.0686270568011065e-15,7.772402157576744e-09
385.90000000001925,-1.39176138983165e-05,-1.39176138983165e-05,0.5169922329278828,0.5433334197126085,0.8559900881974287,1270,7.459539000778442,3.368463974153863e-15,7.774416777109553e-09
386.00000000001927,-1.4636072589604204e-05,-1.4636072589604204e-05,0.5348745429073388,0.5643592581842751,0.8449314903290475,1254,7.416498021997772,2.631772580800976e-15,7.776431396642363e-09
386.1000000000193,-1.5208292481618878e-05,-1.5208292481618878e-05,0.5600747672552807,0.5944760476812984,0.828442065013567,1254,7.3721829152692395,1.8659150226026165e-15,7.778446016175171e-09
386.2000000000193,-1.562855614235026e-05,-1.562855614235026e-05,0.5799845955287871,0.6187097807090942,0.8146274418096343,1254,7.328385315937448,1.0785472804977758e-15,7.780460635707981e-09
386.30000000001934,-1.589266443622102e-05,-1.589266443622102e-05,0.5944237507928226,0.6365488663350714,0.8041519784800584,1254,7.286920583243776,2.7754251179640427e-16,7.78247525524079e-09
386.40000000001936,-1.5997978480461392e-05,-1.5997978480461392e-05,0.6032274870218867,0.6475416006466029,0.797569181263456,1254,7.249551955676534,-5.290880096602651e-16,7.7844898747736e-09
386.5000000000194,-1.5943446011953515e-05,-1.5943446011953515e-05,0.6062396797539424,0.6513237357102134,0.7952819944471504,1254,7.217911393135054,-1.3332755650354183e-15,7.78650449430641e-09
386.6000000000194,-1.572961190109669e-05,-1.572961190109669e-05,0.6033132092628581,0.6476490843954995,0.7975043395047771,1254,7.193421338400496,-2.1269754369517895e-15,7.788519113839218e-09
386.70000000001943,-1.535861270764244e-05,-1.535861270764244e-05,0.5988826731534393,0.6421051805125222,0.8008367772502651,1255,7.177222492370039,-2.9022482495654557e-15,7.790533733372028e-09
386.80000000001945,-1.483415533289573e-05,-1.483415533289573e-05,0.5939737458532877,0.6359893801429557,0.8044844244837895,1255,7.170113064333997,-3.6513402856235116e-15,7.792548352904836e-09
386.9000000000195,-1.4161479981582473e-05,-1.4161479981582473e-05,0.5910390842846117,0.6323463927247073,0.8066429202862985,1256,7.172504622408024,-4.3667618471630555e-15,7.794562972437646e-09
387.0000000000195,-1.3347307803456086e-05,-1.3347307803456086e-05,0.5859907865376247,0.6261022316283217,0.8103177142905219,1257,7.18439854973486,-5.041362739087078e-15,7.796577591970455e-09
387.1000000000195,-1.2399773737790871e-05,-1.2399773737790871e-05,0.5825728586807707,0.621890623212345,0.8127784841692814,1257,7.205385312463866,-5.6684040048082915e-15,7.798592211503265e-09
387.20000000001954,-1.132834523175784e-05,-1.132834523175784e-05,0.5789722375197479,0.6174676045205838,0.8153472561929528,1258,7.234666551534078,-6.2416251313811595e-15,7.800606831036073e-09
387.30000000001957,-1.0143727644822103e-05,-1.0143727644822103e-05,0.5737407697902234,0.6110658663782529,0.819036952206994,1259,7.271097820966431,-6.755306058732958e-15,7.802621450568883e-09
387.4000000000196,-8.857757284329815e-06,-8.857757284329815e-06,0.5711445873914379,0.6078995736557413,0.820849474808545,1259,7.313248007727552,-7.20432345527709e-15,7.804636070101692e-09
387.5000000000196,-7.483283141037738e-06,-7.483283141037738e-06,0.5673461811821137,0.6032795739373681,0.8234793930014718,1260,7.359470362654987,-7.584200838461537e-15,7.806650689634502e-09
387.60000000001963,-6.034038506244905e-06,-6.034038506244905e-06,0.5624160141292933,0.5973048403937811,0.8268544170837564,1260,7.407979744979329,-7.891152206496261e-15,7.80866530916731e-09
387.70000000001966,-4.524503753285589e-06,-4.524503753285589e-06,0.5600272865125336,0.5944187354986566,0.8284741627603172,1261,7.456931048882261,-8.122118900546054e-15,7.81067992870012e-09
387.8000000000197,-2.969761654425519e-06,-2.969761654425519e-06,0.5563504681268282,0.5899872978404617,0.8309477460196032,1262,7.504494629499045,-8.274799441491947e-15,7.81269454823293e-09
387.9000000000197,-1.3853466787871016e-06,-1.3853466787871016e-06,0.5517183951662147,0.5844231877682411,0.8340304625343229,1262,7.548925625477817,-8.347672097035382e-15,7.814709167765738e-09
388.0000000000197,2.129102229310343e-07,2.129102229310343e-07,0.5494231471987177,0.5816736893543589,0.835544256950077,1263,7.588625161352738,-8.340009950603222e-15,7.816723787298548e-09
388.10000000001975,1.809039796080405e-06,1.809039796080405e-06,0.5460428438348494,0.5776334147855501,0.8377572516527387,1264,7.622192349545482,-8.251888276405295e-15,7.818738406831357e-09
388.20000000001977,3.3870940415763843e-06,3.3870940415763843e-06,0.5417520577914613,0.5725201597599231,0.84053834408593,1265,7.648466719314312,-8.084184081011974e-15,7.820753026364167e-09
388.3000000000198,4.93130556303335e-06,4.93130556303335e-06,0.5393931787062515,0.5697162988029991,0.8420540355376048,1265,7.66656116195418,-7.838567749378813e-15,7.822767645896975e-09
388.4000000000198,6.426245109377358e-06,6.426245109377358e-06,0.5363848240524576,0.566147731453928,0.843973530702364,1266,7.675885722195759,-7.517486825367617e-15,7.824782265429785e-09
388.50000000001984,7.85697573882265e-06,7.85697573882265e-06,0.5325384614872082,0.5615968524349226,0.8464058051767115,1267,7.676162628877485,-7.124142054245262e-15,7.826796884962594e-09
388.60000000001986,9.209202063856466e-06,9.209202063856466e-06,0.529911449480104,0.5584961456766318,0.8480529793060662,1267,7.66743289250044,-6.662455908839757e-15,7.828811504495404e-09
388.7000000000199,1.046941308602566e-05,1.046941308602566e-05,0.5272901787844443,0.5554081919177283,0.8496852754740832,1268,7.650054650106124,-6.137033906165575e-15,7.830826124028212e-09
388.8000000000199,1.1625017193367088e-05,1.1625017193367088e-05,0.5238629428728159,0.551379680885917,0.8518025693108896,1269,7.624693252589999,-5.553119094987863e-15,7.832840743561022e-09
388.90000000001993,1.2664467971632122e-05,1.2664467971632122e-05,0.5209107965591036,0.5479175961311213,0.8536111187350831,1269,7.592302908417496,-4.916540157510253e-15,7.83485536309383e-09
389.00000000001995,1.3577379572241079e-05,1.3577379572241079e-05,0.5186594373386664,0.5452822591340469,0.8549809284770847,1270,7.554099565041838,-4.233653622460791e-15,7.83686998262664e-09
389.10000000002,1.4354630484249122e-05,1.4354630484249122e-05,0.5228831453442286,0.5502298235582652,0.8524043737070607,1254,7.511524673519593,-3.511280735191454e-15,7.83888460215945e-09
389.20000000002,1.4988454673468456e-05,1.4988454673468456e-05,0.5502248986966942,0.5826335484094463,0.8350165033424265,1254,7.4661995945937925,-2.7566395755581106e-15,7.840899221692259e-09
389.30000000002,1.5472519178114823e-05,1.5472519178114823e-05,0.572358372467447,0.6093790295290399,0.8200035935692082,1254,7.419870715583921,-1.9772730582193967e-15,7.842913841225069e-09
389.40000000002004,1.5801987385668243e-05,1.5801987385668243e-05,0.5890936919178705,0.6299368030822842,0.808064738831347,1254,7.374345893344155,-1.180973493909518e-15,7.844928460757877e-09
389.50000000002007,1.5973567358706546e-05,1.5973567358706546e-05,0.6002608042715499,0.6438271540030527,0.7998043303554139,1254,7.331423625717387,-3.7570443512098983e-16,7.846943080290687e-09
389.6000000000201,1.598554472685594e-05,1.598554472685594e-05,0.6057004383650461,0.6506458602574797,0.7956927666910081,1254,7.292817338361958,4.304794240266412e-16,7.848957699823496e-09
389.7000000000201,1.5837799816213064e-05,1.5837799816213064e-05,0.60526109964551,0.6500938300387092,0.7960270103808714,1254,7.26007824443885,1.2295134765537299e-15,7.850972319356306e-09
389.80000000002013,1.5531808845087087e-05,1.5531808845087087e-05,0.5992193931749613,0.6425257068856206,0.8005848604882753,1255,7.234521209981333,2.013404696567286e-15,7.852986938889114e-09
389.90000000002016,1.5070629174114331e-05,1.5070629174114331e-05,0.5967264576518858,0.6394154292739792,0.8024447237898895,1255,7.2171587073803005,2.774312494785696e-15,7.855001558421924e-09
390.0000000000202,1.4458868758121432e-05,1.4458868758121432e-05,0.5922414083271399,0.6338377363227048,0.8057605812291179,1256,7.208648034547438,3.5046280062929958e-15,7.857016177954732e-09
390.1000000000202,1.3702640104963885e-05,1.3702640104963885e-05,0.5876978652384968,0.628210518616826,0.8090804775756943,1256,7.209256362808136,4.197050880336784e-15,7.859030797487542e-09
390.2000000000202,1.2809499201368086e-05,1.2809499201368086e-05,0.5846615528753211,0.6244628169196281,0.8112773068374451,1257,7.218846840152949,4.8446626757712555e-15,7.86104541702035e-09
390.30000000002025,1.1788370016009634e-05,1.1788370016009634e-05,0.5797323696687048,0.6184001937039031,0.8148069584621306,1258,7.236887083066651,5.440996038573107e-15,7.863060036553161e-09
390.40000000002027,1.064945533416821e-05,1.064945533416821e-05,0.5763477555944913,0.6142524175156036,0.8172045427071442,1258,7.262479256991708,5.980098944804568e-15,7.86507465608597e-09
390.5000000000203,9.404134814869634e-06,9.404134814869634e-06,0.5728542448957032,0.609983877066701,0.8196572540427941,1259,7.294408958758587,6.456593418350204e-15,7.86708927561878e-09
390.6000000000203,8.06485128909451e-06,8.06485128909451e-06,0.5678965058080764,0.6039480198297771,0.8230999688318409,1260,7.331208617551072,6.865728256307113e-15,7.86910389515159e-09
390.70000000002034,6.644986435124116e-06,6.644986435124116e-06,0.5650994591621958,0.600553801834299,0.8250227883244158,1260,7.371230330692092,7.203425395956413e-15,7.871118514684398e-09
390.80000000002036,5.158727073234409e-06,5.158727073234409e-06,0.5615586923770244,0.5962683582904755,0.8274369069698345,1261,7.412722975612435,7.466319624597444e-15,7.873133134217208e-09
390.9000000000204,3.6209234156773738e-06,3.6209234156773738e-06,0.5568470736867563,0.5905850550251861,0.830615035095378,1262,7.453908962828198,7.65179136861153e-15,7.875147753750016e-09
391.0000000000204,2.0469406882690203e-06,2.0469406882690203e-06,0.5542494234637335,0.587460939885867,0.832350633201008,1262,7.493056898489664,7.757992313139584e-15,7.877162373282826e-09
391.10000000002043,4.525056061321053e-07,4.525056061321053e-07,0.550911261717401,0.5834557466223441,0.8345638272253005,1263,7.5285474746776355,7.783863615830576e-15,7.879176992815634e-09
391.20000000002045,-1.1464507624428172e-06,-1.1464507624428172e-06,0.546585096790548,0.5782808188211731,0.8374035657712876,1264,7.558930907724931,7.729146502680775e-15,7.881191612348444e-09
391.3000000000205,-2.7339521739656434e-06,-2.7339521739656434e-06,0.5439344888437176,0.5751188070936425,0.839127685067251,1264,7.582975074528112,7.594385080171833e-15,7.883206231881253e-09
391.4000000000205,-4.294136839090628e-06,-4.294136839090628e-06,0.5409247901874256,0.5715362599540709,0.841070966899161,1265,7.599704098055663,7.380921267119503e-15,7.885220851414063e-09
391.5000000000205,-5.811415908372318e-06,-5.811415908372318e-06,0.5370316877044915,0.5669143684599606,0.843562070271812,1266,7.608427502979831,7.09088183677611e-15,7.887235470946871e-09
391.60000000002054,-7.270629230896222e-06,-7.270629230896222e-06,0.5341738106601194,0.5635301395053915,0.8453746743337223,1266,7.608760229743447,6.7271576560922275e-15,7.889250090479681e-09
391.70000000002057,-8.657196829495469e-06,-8.657196829495469e-06,0.5315385585031491,0.5604159391154706,0.8470340966126418,1267,7.600633804292442,6.293375305480482e-15,7.89126471001249e-09
391.8000000000206,-9.957264579063158e-06,-9.957264579063158e-06,0.5280727129270015,0.5563294247830357,0.8491991579493686,1268,7.584298858694814,5.793861351816192e-15,7.8932793295453e-09
391.9000000000206,-1.1157842632390867e-05,-1.1157842632390867e-05,0.5249221611680851,0.5526236591749221,0.8511502362771374,1268,7.560319031625709,5.233599625923515e-15,7.89529394907811e-09
392.00000000002063,-1.2246935210428079e-05,-1.2246935210428079e-05,0.5226611320509034,0.549969388992109,0.8525405216429705,1269,7.52955609328109,4.618181922852354e-15,7.897308568610918e-09
392.10000000002066,-1.3213660460141186e-05,-1.3213660460141186e-05,0.5195903155182234,0.5463713898397698,0.8544155335781723,1270,7.493145984573548,3.95375260058653e-15,7.899323188143728e-09
392.2000000000207,-1.4048359182391928e-05,-1.4048359182391928e-05,0.5161080382375182,0.5423007918586014,0.8565234923028209,1270,7.452465387571602,3.246947603213324e-15,7.901337807676536e-09
392.3000000000207,-1.474269134346229e-05,-1.474269134346229e-05,0.5394711083717407,0.5698088486541855,0.8420041111729595,1254,7.409088509509509,2.5048284807912705e-15,7.903352427209346e-09
392.4000000000207,-1.528971940591455e-05,-1.528971940591455e-05,0.5637953904508373,0.5989740102200611,0.8259144978182595,1254,7.3647340228613825,1.7348120223674111e-15,7.905367046742155e-09
392.50000000002075,-1.5683977646172116e-05,-1.5683977646172116e-05,0.5827974293596156,0.6221669505607901,0.8126174723274314,1254,7.321202605284934,9.44596162361025e-16,7.907381666274965e-09
392.60000000002077,-1.5921526766222783e-05,-1.5921526766222783e-05,0.5963002617675365,0.638884412296024,0.8027614825189158,1254,7.2803062848754525,1.4208286492150877e-16,7.909396285807773e-09
392.7000000000208,-1.5999993253782303e-05,-1.5999993253782303e-05,0.6041409138200708,0.6486873607485214,0.7968775039167875,1254,7.243791788458211,-6.647012634178066e-16,7.911410905340583e-09
392.8000000000208,-1.591859309764455e-05,-1.591859309764455e-05,0.6061645085506246,0.6512292176700906,0.7953392914810506,1254,7.2132612147313635,-1.4676858353692206e-15,7.913425524873392e-09
392.90000000002084,-1.567813962126234e-05,-1.567813962126234e-05,0.6022261479369653,0.6462867071494358,0.7983255393265358,1254,7.190094433439093,-2.258838174211728e-15,7.915440144406202e-09
393.00000000002086,-1.5281035356288337e-05,-1.5281035356288337e-05,0.5984624672539176,0.6415805748486113,0.8011508442786249,1255,7.175378408004033,-3.030244546695581e-15,7.91745476393901e-09
393.1000000000209,-1.4731248037272943e-05,-1.4731248037272943e-05,0.5925686359646821,0.6342439072208822,0.8055199635458801,1255,7.169848899690089,-3.774190216492961e-15,7.91946938347182e-09
393.2000000000209,-1.4034270957372233e-05,-1.4034270957372233e-05,0.5902744174044834,0.6313987595202077,0.8072026462777472,1256,7.17384954456251,-4.483237384642545e-15,7.92148400300463e-09
393.30000000002093,-1.3197068081178593e-05,-1.3197068081178593e-05,0.5857952593428127,0.6258609557228233,0.8104590761608428,1257,7.187312048083181,-5.15030010187282e-15,7.923498622537438e-09
393.40000000002095,-1.2228004463088469e-05,-1.2228004463088469e-05,0.5814522409968941,0.6205125541741876,0.8135805377709633,1257,7.2097593519960865,-5.768715294274192e-15,7.925513242070248e-09
393.500000000021,-1.1136762666443986e-05,-1.1136762666443986e-05,0.5784029712691539,0.6167695887397984,0.8157511892893655,1258,7.240331405553916,-6.332309137829946e-15,7.927527861603057e-09
393.600000000021,-9.934246018560636e-06,-9.934246018560636e-06,0.5736615580467695,0.6109691563820606,0.8190924348444154,1259,7.277831025510531,-6.835458137747007e-15,7.929542481135867e-09
393.700000000021,-8.632469668284924e-06,-8.632469668284924e-06,0.5701913412154498,0.6067387498905645,0.8215119198179212,1259,7.320785641277332,-7.273144395787267e-15,7.931557100668675e-09
393.80000000002104,-7.244440534598758e-06,-7.244440534598758e-06,0.5668760040353764,0.6027087220918974,0.8238031294240656,1260,7.367519745602523,-7.641004661220278e-15,7.933571720201485e-09
393.90000000002107,-5.784027345784506e-06,-5.784027345784506e-06,0.5622332174211605,0.5970837821710431,0.8269787235644277,1261,7.416232671004456,-7.935372842953868e-15,7.935586339734294e-09
394.0000000000211,-4.265822067676392e-06,-4.265822067676392e-06,0.5591586663807551,0.5933706488607703,0.8290606647352746,1261,7.465076776176792,-8.153315707938755e-15,7.937600959267104e-09
394.1000000000211,-2.7049941055613334e-06,-2.7049941055613334e-06,0.5559139558649091,0.5894620716202341,0.8312398412459715,1262,7.512232031967908,-8.292661512352466e-15,7.939615578799912e-09
394.20000000002113,-1.1171387364956657e-06,-1.1171387364956657e-06,0.5515801428928623,0.5842574327975968,0.8341219011429262,1263,7.555974091455774,-8.352021323258716e-15,7.941630198332722e-09
394.30000000002116,4.818787135481023e-07,4.818787135481023e-07,0.5485826743333246,0.5806681229566125,0.8360963158759267,1263,7.594733998401997,-8.330802806267703e-15,7.94364481786553e-09
394.4000000000212,2.0760813907740204e-06,2.0760813907740204e-06,0.5455974653860027,0.5771018749738106,0.8380473768017949,1264,7.627148589999001,-8.2292162913076e-15,7.94565943739834e-09
394.5000000000212,3.649540549004582e-06,3.649540549004582e-06,0.5416670872383592,0.5724190724200567,0.8405931040656422,1265,7.652101315795153,-8.048272988550203e-15,7.94767405693115e-09
394.6000000000212,5.1865347044471876e-06,5.1865347044471876e-06,0.5385437620311689,0.5687078806649725,0.842597541165007,1265,7.668753616987691,-7.789775307130837e-15,7.949688676463959e-09
394.70000000002125,6.671706719563365e-06,6.671706719563365e-06,0.5359045722436252,0.565578797705124,0.8442785615236106,1266,7.6765672177249975,-7.456299322979576e-15,7.951703295996769e-09
394.80000000002127,8.090217246510666e-06,8.090217246510666e-06,0.5323993779719778,0.5614325384309565,0.8464932972770967,1267,7.675317718146711,-7.051169539510761e-15,7.953717915529577e-09
394.9000000000213,9.427892997001065e-06,9.427892997001065e-06,0.5290302166142117,0.5574573578445219,0.8486029872143512,1267,7.665099796508735,-6.578426177906916e-15,7.955732535062387e-09
395.0000000000213,1.067136835711247e-05,1.067136835711247e-05,0.5267606594837936,0.554785117707187,0.850013651431669,1268,7.6463241711809395,-6.04278531701345e-15,7.957747154595196e-09
395.10000000002134,1.1808218932084948e-05,1.1808218932084948e-05,0.5236625042486815,0.5511443867792664,0.8519258075935953,1269,7.619706285706282,-5.4495922745764344e-15,7.959761774128006e-09
395.20000000002136,1.2827085686766204e-05,1.2827085686766204e-05,0.5199849682580594,0.5468333526449292,0.8541754110167682,1269,7.5862465039221325,-4.8047686826284976e-15,7.961776393660814e-09
395.3000000000214,1.371778844133603e-05,1.371778844133603e-05,0.5180740684541518,0.5445977439607463,0.8553357583986319,1270,7.547201482260836,-4.114753762750884e-15,7.963791013193624e-09
395.4000000000214,1.447142758829795e-05,1.447142758829795e-05,0.5278362079289854,0.556050945320797,0.8493461824245452,1254,7.504046371868747,-3.3864403545815225e-15,7.965805632726432e-09
395.50000000002143,1.5080473014415493e-05,1.5080473014415493e-05,0.5543165774646214,0.5875416219953696,0.8323059124792449,1254,7.458427646009631,-2.6271062957603997e-15,7.967820252259242e-09
395.60000000002145,1.5538839339114544e-05,1.5538839339114544e-05,0.575554858851,0.6132824941654318,0.8177631713723756,1254,7.412106696804601,-1.844341795302572e-15,7.96983487179205e-09
395.7000000000215,1.584194671759447e-05,1.584194671759447e-05,0.5913653041076533,0.6327508693166629,0.8064037928343732,1254,7.3668949325199184,-1.045973486413167e-15,7.97184949132486e-09
395.8000000000215,1.5986766601123475e-05,1.5986766601123475e-05,0.6015801797459136,0.6454778000030079,0.7988124231237733,1254,7.324581931696014,-2.3998588986636704e-16,7.97386411085767e-09
395.9000000000215,1.5971851997296424e-05,1.5971851997296424e-05,0.6060415217240614,0.6510745923649139,0.7954330103449215,1254,7.286859219107941,5.655589343476693e-16,7.97587873039048e-09
396.00000000002154,1.5797351927904646e-05,1.5797351927904646e-05,0.6045994428423167,0.6492628935029378,0.7965296690737641,1254,7.255243297591234,1.362602721972759e-15,7.97789334992329e-09
396.10000000002157,1.5465009939959454e-05,1.5465009939959454e-05,0.5992023979002319,0.6425044784805486,0.8005975807798897,1255,7.231002507192949,2.143172455212792e-15,7.979907969456098e-09
396.2000000000216,1.497814668474674e-05,1.497814668474674e-05,0.595736196316432,0.6381819391678618,0.80318016932593,1255,7.2150928544395585,2.8994610200260784e-15,7.981922588988908e-09
396.3000000000216,1.4341626738976993e-05,1.4341626738976993e-05,0.5918720096741859,0.6333793663569403,0.8060319622473047,1256,7.208107938033513,3.623906138459854e-15,7.983937208521716e-09
396.40000000002163,1.3561809999542833e-05,1.3561809999542833e-05,0.5863718508897937,0.626572576996979,0.8100420066169887,1256,7.2102473575651755,4.309266648886452e-15,7.985951828054526e-09
396.50000000002166,1.2646488137531542e-05,1.2646488137531542e-05,0.583932668129292,0.6235646665311042,0.8118020935495339,1257,7.221306545388858,4.948695247260475e-15,7.987966447587334e-09
396.6000000000217,1.1604806746423162e-05,1.1604806746423162e-05,0.5795345087610329,0.6181573830382416,0.8149476996440375,1258,7.24068900271205,5.535806881714887e-15,7.989981067120144e-09
396.7000000000217,1.044717396234357e-05,1.044717396234357e-05,0.5752470404343666,0.6129061288915165,0.8179797323109553,1258,7.267439785131695,6.06474210426027e-15,7.991995686652953e-09
396.8000000000217,9.185156469408767e-06,9.185156469408767e-06,0.5722724539931495,0.6092742551920123,0.8200635575372549,1259,7.300297157259861,6.530224810467988e-15,7.994010306185763e-09
396.90000000002175,7.831363929240644e-06,7.831363929240644e-06,0.5677773281468953,0.6038032358255601,0.8231821825345668,1260,7.3377579466687,6.927613919032169e-15,7.996024925718571e-09
397.00000000002177,6.3993229893962515e-06,6.3993229893962515e-06,0.5641245894698418,0.5993726517578807,0.8256896799376159,1260,7.378151451879354,7.252948638942653e-15,7.998039545251381e-09
397.1000000000218,4.903342129576723e-06,4.903342129576723e-06,0.5610435704094385,0.595645938356412,0.8277862719943049,1261,7.419716797132806,7.502987033483472e-15,8.000054164784191e-09
397.2000000000218,3.358368696027855e-06,3.358368696027855e-06,0.5567445214017682,0.5904615946529859,0.8306837773118697,1262,7.460679230687247,7.675237620908859e-15,8.002068784317e-09
397.30000000002184,1.779839552597357e-06,1.779839552597357e-06,0.553331361996149,0.5863583699743276,0.8329612258871878,1262,7.499321807500723,7.767983764941352e-15,8.00408340384981e-09
397.40000000002186,1.8352684069403352e-07,1.8352684069403352e-07,0.5504091131599373,0.5828541762120661,0.8348950881101717,1263,7.534049950623327,7.780300621462347e-15,8.006098023382618e-09
397.5000000000219,-1.4146196107355979e-06,-1.4146196107355979e-06,0.546460037852916,0.5781314847980011,0.8374851801851717,1264,7.563447365480893,7.712064435534033e-15,8.008112642915428e-09
397.6000000000219,-2.998631650625826e-06,-2.998631650625826e-06,0.5430266479247913,0.5740372994719071,0.8397154635015154,1264,7.586322574733786,7.563954033058489e-15,8.010127262448236e-09
397.70000000002193,-4.552682354278825e-06,-4.552682354278825e-06,0.5404014127002766,0.5709141093232164,0.8414073407996542,1265,7.601745902785328,7.337444424092288e-15,8.012141881981046e-09
397.80000000002195,-6.061244160764553e-06,-6.061244160764553e-06,0.5368612282139245,0.5667123103839609,0.8436705646403913,1266,7.609077072083011,7.034792524177508e-15,8.014156501513855e-09
397.900000000022,-7.509244019176831e-06,-7.509244019176831e-06,0.5332462523538963,0.562433303745136,0.8459600666405742,1266,7.6079837108252395,6.659015097034717e-15,8.016171121046665e-09
398.000000000022,-8.882213993575514e-06,-8.882213993575514e-06,0.5309737344945871,0.5597492529382981,0.8473882777551691,1267,7.598451058624812,6.213859117633214e-15,8.018185740579473e-09
398.100000000022,-1.0166435821819935e-05,-1.0166435821819935e-05,0.5278450877419695,0.5560614002354309,0.8493406638956317,1268,7.580783040641172,5.703764842389563e-15,8.020200360112283e-09
398.20000000002204,-1.1349077983909568e-05,-1.1349077983909568e-05,0.5239570451967542,0.551490158976147,0.8517446887352375,1268,7.555594708160162,5.133821949793876e-15,8.022214979645092e-09
398.30000000002207,-1.2418323910290334e-05,-1.2418323910290334e-05,0.5220443276947585,0.5492460595260296,0.8529183547806481,1269,7.523795860736236,4.50971918002102e-15,8.024229599177902e-09
398.4000000000221,-1.3363490049111539e-05,-1.3363490049111539e-05,0.5193010243955453,0.5460328410419785,0.8545913912869338,1270,7.486565520280066,3.837687958045428e-15,8.026244218710712e-09
398.5000000000221,-1.4175132612744468e-05,-1.4175132612744468e-05,0.5157860184668847,0.5419248730260005,0.8567174465096871,1271,7.445316873797137,3.1244405342833264e-15,8.02825883824352e-09
398.60000000002213,-1.4845141936986657e-05,-1.4845141936986657e-05,0.5439275568597396,0.5751105461751415,0.839132178437101,1254,7.401652395761205,2.3771032225234482e-15,8.03027345777633e-09
398.70000000002216,-1.5366823510145907e-05,-1.5366823510145907e-05,0.567370221495163,0.6033087678128028,0.8234628296168137,1254,7.3573091590722335,1.6031453589535623e-15,8.032288077309138e-09
398.8000000000222,-1.5734964862388217e-05,-1.5734964862388217e-05,0.5854594924510512,0.6254467254995996,0.8107016607229551,1254,7.314094888336621,8.103046498959598e-16,8.034302696841948e-09
398.9000000000222,-1.5945887647013327e-05,-1.5945887647013327e-05,0.5980214131761822,0.6410301623390648,0.8014801241345677,1254,7.2738161133627735,6.5096204409666184e-18,8.036317316374757e-09
399.0000000000222,-1.5997484393279068e-05,-1.5997484393279068e-05,0.6048946079448677,0.6496335094931702,0.7963055401535423,1254,7.238200804235716,-8.002000778640952e-16,8.038331935907567e-09
399.10000000002225,-1.5889239563552365e-05,-1.5889239563552365e-05,0.6059254935619721,0.6509287325449181,0.7955213989904235,1254,7.2088190002891235,-1.6017546948579468e-15,8.040346555440375e-09
399.20000000002227,-1.5622234704390868e-05,-1.5622234704390868e-05,0.6009717270452397,0.6447163216772411,0.7992702817522129,1254,7.187005994886521,-2.3901358928293042e-15,8.042361174973185e-09
399.3000000000223,-1.5199137640087246e-05,-1.5199137640087246e-05,0.5978833295789926,0.6408578876693544,0.8015831361821042,1255,7.1737933611533835,-3.1574578461781368e-15,8.044375794505994e-09
399.4000000000223,-1.4624175816650729e-05,-1.4624175816650729e-05,0.5924987778947656,0.6341571857925777,0.8055713489152958,1256,7.169853252657805,-3.896047004808104e-15,8.046390414038804e-09
399.50000000002234,-1.3903094062563987e-05,-1.3903094062563987e-05,0.5893535927720961,0.6302584745075019,0.8078752024209076,1256,7.1754608140066525,-4.598519588368374e-15,8.048405033571612e-09
399.60000000002236,-1.3043097188355918e-05,-1.3043097188355918e-05,0.5854517768093912,0.625437208293062,0.8107072326251485,1257,7.190478166832003,-5.257855902973497e-15,8.050419653104422e-09
399.7000000000224,-1.2052777998516445e-05,-1.2052777998516445e-05,0.5801764987324154,0.6189453722090843,0.8144907797627887,1257,7.214361464867391,-5.867470635231697e-15,8.052434272637232e-09
399.8000000000224,-1.0942031435034446e-05,-1.0942031435034446e-05,0.5776865219768595,0.6158915925384271,0.8162587104137262,1258,7.246190272380221,-6.421278377946449e-15,8.05444889217004e-09
399.90000000002243,-9.721955710408238e-06,-9.721955710408238e-06,0.5734434580580873,0.6107029109016886,0.8192451406083424,1259,7.2847164254159615,-6.913753764961136e-15,8.05646351170285e-09
400.00000000002245,-8.404741417974882e-06,-8.404741417974882e-06,0.5690906081550422,0.6053994850465597,0.8222748200630519,1259,7.328427954153223,-7.339985718831973e-15,8.058478131235659e-09
400.1000000000225,-7.00354972753122e-06,-7.00354972753122e-06,0.566266503277144,0.6019690481114032,0.8242222074575983,1260,7.375622799924161,-7.695725423131542e-15,8.060492750768469e-09
400.2000000000225,-5.532380883275778e-06,-5.532380883275778e-06,0.5620632216973768,0.5968782341406496,0.8270942720241541,1261,7.424486983828918,-7.977427707253273e-15,8.062507370301277e-09
400.3000000000225,-4.0059343179966e-06,-4.0059343179966e-06,0.5581495012340474,0.5921539085986571,0.8297404017354971,1261,7.4731724394506145,-8.182285573869924e-15,8.064521989834087e-09
400.40000000002254,-2.4394617811978125e-06,-2.4394617811978125e-06,0.5553447983637017,0.5887775191440189,0.8316201987267864,1262,7.519870676706199,-8.308257617664477e-15,8.066536609366896e-09
400.50000000002257,-8.486149486601398e-07,-8.486149486601398e-07,0.551407872298138,0.5840509176183711,0.8342357930271515,1263,7.562879547863298,-8.35408809515163e-15,8.068551228899706e-09
400.6000000000226,7.507109639297422e-07,7.507109639297422e-07,0.5476076259358831,0.5795023770397757,0.8367352556315922,1263,7.6006614360947635,-8.319319425729502e-15,8.070565848432514e-09
400.7000000000226,2.3425360207200867e-06,2.3425360207200867e-06,0.5450248582049995,0.5764187633238467,0.8384198852237584,1264,7.631892051783716,-8.204296944507256e-15,8.072580467965324e-09
400.80000000002264,3.910955231930843e-06,3.910955231930843e-06,0.5414615602513424,0.5721745893285198,0.840725507386437,1265,7.6554996460621325,-8.010165791218817e-15,8.074595087498132e-09
400.90000000002266,5.440297471254048e-06,5.440297471254048e-06,0.5375646680823134,0.5675463167969302,0.8432225255705355,1265,7.670694834555985,-7.738859902948051e-15,8.076609707030942e-09
401.0000000000227,6.91528205656771e-06,6.91528205656771e-06,0.5353013165267421,0.5648644374728559,0.844661174983636,1266,7.6769913998868295,-7.393083173352598e-15,8.078624326563752e-09
401.1000000000227,8.321171429460448e-06,8.321171429460448e-06,0.532143216584288,0.5611299524333647,0.8466543551198019,1267,7.674218455922528,-6.9762829382648855e-15,8.08063894609656e-09
401.2000000000227,9.643918408043548e-06,9.643918408043548e-06,0.5281907460397429,0.5564684242314248,0.8491257479301754,1268,7.6625242587808735,-6.492616039180881e-15,8.08265356562937e-09
401.30000000002275,1.0870306541749027e-05,1.0870306541749027e-05,0.5261113342960606,0.554021398643676,0.8504157006577541,1268,7.642371784853118,-5.946907797524857e-15,8.084668185162179e-09
401.40000000002277,1.1988082165734909e-05,1.1988082165734909e-05,0.5233474999030637,0.550774673171865,0.8521193545186101,1269,7.614526007435699,-5.344604302380777e-15,8.086682804694989e-09
401.5000000000228,1.2986076835453817e-05,1.2986076835453817e-05,0.5198031691574461,0.5466205306370047,0.8542860559167963,1270,7.580032633592764,-4.6917184738852984e-15,8.088697424227798e-09
401.6000000000228,1.3854318918059097e-05,1.3854318918059097e-05,0.5173712663238115,0.543776280104547,0.8557610488813426,1270,7.540187957162261,-3.994770416316546e-15,8.090712043760608e-09
401.70000000002284,1.4584133225664028e-05,1.4584133225664028e-05,0.532644447519921,0.5617220763023796,0.8463391120149169,1254,7.49649949214652,-3.260722621925164e-15,8.092726663293416e-09
401.80000000002286,1.5168227694951548e-05,1.5168227694951548e-05,0.558257503591247,0.5922840783312214,0.829667740534769,1254,7.450637225004071,-2.496910631095221e-15,8.094741282826226e-09
401.9000000000229,1.5600766247060502e-05,1.5600766247060502e-05,0.5785954973767774,0.6170056193131874,0.8156146457827493,1254,7.404375711429838,-1.7109697981849945e-15,8.096755902359034e-09
402.0000000000229,1.5877427099756444e-05,1.5877427099756444e-05,0.5934764714706675,0.6353713930477919,0.8048513389506946,1254,7.35952787163441,-9.107588565528605e-16,8.098770521891844e-09
402.10000000002293,1.599544594925116e-05,1.599544594925116e-05,0.60273477220097,0.6469239742268392,0.7979415983515615,1254,7.317872199629455,-1.0428102162017916e-16,8.100785141424653e-09
402.20000000002295,1.5953643590212344e-05,1.5953643590212344e-05,0.6062136898606015,0.6512910560194792,0.7953018057477265,1254,7.281076131484624,7.00396582368385e-16,8.102799760957463e-09
402.300000000023,1.5752437697993485e-05,1.5752437697993485e-05,0.6037651569945331,0.6482159084898678,0.7971622389447249,1254,7.250619379506711,1.495224338837695e-15,8.104814380490271e-09
402.400000000023,1.5393838655359812e-05,1.5393838655359812e-05,0.5990219201697893,0.6422790687195175,0.8007326265090605,1255,7.227721932047412,2.2722515206413987e-15,8.106829000023081e-09
402.500000000023,1.4881429465408235e-05,1.4881429465408235e-05,0.5945777713562315,0.6367404115566827,0.8040381046996821,1255,7.213281905252598,3.0237067227238142e-15,8.108843619555891e-09
402.60000000002304,1.4220329951384799e-05,1.4220329951384799e-05,0.5913425398777429,0.6327226402898494,0.8064204861800945,1256,7.207828300990356,3.742076412735917e-15,8.1108582390887e-09
402.70000000002307,1.3417145601103181e-05,1.3417145601103181e-05,0.5860276909334858,0.6261477754970622,0.8102910251626676,1257,7.211492860663194,4.4201806765438985e-15,8.11287285862151e-09
402.8000000000231,1.2479901567093952e-05,1.2479901567093952e-05,0.5830453333068623,0.6224720523891467,0.8124396219468188,1257,7.224003653736648,5.051245282392249e-15,8.114887478154318e-09
402.9000000000231,1.1417962481933247e-05,1.1417962481933247e-05,0.5791864848403662,0.617730397230525,0.8151950783574815,1258,7.24470102475446,5.628969272865966e-15,8.116902097687128e-09
403.00000000002314,1.024193888992961e-05,1.024193888992961e-05,0.5739881568958513,0.6113679446740103,0.8188636002065934,1258,7.272574395362782,6.147587409260794e-15,8.118916717219936e-09
403.10000000002316,8.963581230072629e-06,8.963581230072629e-06,0.5715406311373893,0.6083821350429538,0.8205737669210945,1259,7.306316562837314,6.601926920615819e-15,8.120931336752746e-09
403.2000000000232,7.595662429530741e-06,7.595662429530741e-06,0.5675163873625965,0.60348628014492,0.8233621014322359,1260,7.344390859640875,6.987458127580329e-15,8.122945956285555e-09
403.3000000000232,6.151850280785128e-06,6.151850280785128e-06,0.5629989151436886,0.5980099716358852,0.8264576344538356,1260,7.385105987716135,7.300338601647478e-15,8.124960575818365e-09
403.4000000000232,4.64657087756522e-06,4.64657087756522e-06,0.5603858007431332,0.594851539211556,0.8282317032844597,1261,7.4266934878215,7.537450576005213e-15,8.126975195351173e-09
403.50000000002325,3.0948644740887825e-06,3.0948644740887825e-06,0.5565071756553368,0.5901758986579693,0.8308428030885987,1262,7.467383482196936,7.696431350842365e-15,8.128989814883983e-09
403.6000000000233,1.5122352078134164e-06,1.5122352078134164e-06,0.5522690822933091,0.5850836042732132,0.8336659167453748,1262,7.505475306684301,7.775696448021432e-15,8.131004434416792e-09
403.7000000000233,-8.550381277992892e-08,-8.550381277992892e-08,0.5497705173895038,0.5820894874311838,0.8353157356408877,1263,7.539400700516986,7.774455284829655e-15,8.133019053949602e-09
403.8000000000233,-1.6823885075397797e-06,-1.6823885075397797e-06,0.5462057395607082,0.5778278697428177,0.8376510550765992,1264,7.567778176429602,7.69271916772053e-15,8.135033673482412e-09
403.90000000002334,-3.2624633324559876e-06,-3.2624633324559876e-06,0.5419801812510454,0.57279158511475,0.8403912678812673,1264,7.589457949802945,7.531301461102154e-15,8.13704829301522e-09
404.00000000002336,-4.809940702181278e-06,-4.809940702181278e-06,0.5397465853342139,0.5701360511488274,0.8418275498105631,1265,7.603557327258272,7.291809862275015e-15,8.13906291254803e-09
404.1000000000234,-6.309358734365357e-06,-6.309358734365357e-06,0.5365658020059026,0.5663621816494834,0.8438584834661333,1266,7.609486752496343,6.976630804913797e-15,8.141077532080838e-09
404.2000000000234,-7.745735739672341e-06,-7.745735739672341e-06,0.532560005029311,0.5616223056093689,0.8463922501081754,1267,7.60696681602984,6.588906110835954e-15,8.143092151613648e-09
404.30000000002343,-9.104719913868304e-06,-9.104719913868304e-06,0.5302813653034801,0.5589323993893087,0.8478217227765971,1267,7.596036501768971,6.132502104512027e-15,8.145106771146457e-09
404.40000000002345,-1.037273273630512e-05,-1.037273273630512e-05,0.5274956953170745,0.5556500837886168,0.8495577034092247,1268,7.577052814664707,5.611971490759446e-15,8.147121390679267e-09
404.5000000000235,-1.1537104642010306e-05,-1.1537104642010306e-05,0.5239145148139307,0.5514402264902449,0.8517708501511915,1269,7.5506817560885064,5.032508370647076e-15,8.149136010212075e-09
404.6000000000235,-1.2586201611792227e-05,-1.2586201611792227e-05,0.5213029664853259,0.5483770851436266,0.8533716758444699,1269,7.517880433682514,4.3998968341534696e-15,8.151150629744885e-09
404.7000000000235,-1.3509541415514174e-05,-1.3509541415514174e-05,0.5188923215038749,0.5455546668616872,0.8548396099177431,1270,7.479869959157337,3.7204536227940184e-15,8.153165249277693e-09
404.80000000002354,-1.4297898347072911e-05,-1.4297898347072911e-05,0.5204891398136354,0.5474237023424966,0.8538682892203351,1254,7.4380987546733675,3.000965404129544e-15,8.155179868810504e-09
404.90000000002357,-1.494339540460445e-05,-1.494339540460445e-05,0.5482365142259655,0.580254159748558,0.8363233372741447,1254,7.394196013235467,2.248621245395507e-15,8.157194488343312e-09
405.0000000000236,-1.54395829948829e-05,-1.54395829948829e-05,0.5707919284188584,0.6074700109901371,0.8210947414591576,1254,7.349915395558998,1.4709409174096013e-15,8.159209107876122e-09
405.1000000000236,-1.5781503375523993e-05,-1.5781503375523993e-05,0.5879634331576036,0.6285387920054486,0.8088875084148129,1254,7.307069634537709,6.756997037901493e-16,8.161223727408932e-09
405.20000000002364,-1.596574019110823e-05,-1.596574019110823e-05,0.5995797860193277,0.6429759447172918,0.8003149881121915,1254,7.26745756403553,-1.2914956470304275e-16,8.16323834694174e-09
405.30000000002366,-1.5990452608274875e-05,-1.5990452608274875e-05,0.6054810660201619,0.6503701893680206,0.7958597104333704,1254,7.232786140232108,-9.355564846720315e-16,8.16525296647455e-09
405.4000000000237,-1.585539370872044e-05,-1.585539370872044e-05,0.6055150757334671,0.6504129233646443,0.79583383508085,1254,7.2045911561910465,-1.7354542500272163e-15,8.167267586007359e-09
405.5000000000237,-1.556191295632474e-05,-1.556191295632474e-05,0.5995424154697199,0.6429292507323783,0.8003429840091895,1254,7.184161363085204,-2.5208411574680448e-15,8.169282205540169e-09
405.6000000000237,-1.5112942713753875e-05,-1.5112942713753875e-05,0.5971375362223724,0.639927809636974,0.8021388675499243,1255,7.172471354522812,-3.2838615466930862e-15,8.171296825072977e-09
405.70000000002375,-1.4512968943261781e-05,-1.4512968943261781e-05,0.5923614245697644,0.6339866922485112,0.8056723544231112,1256,7.170128602389805,-4.016885247272124e-15,8.173311444605787e-09
405.8000000000238,-1.3767986384438262e-05,-1.3767986384438262e-05,0.5882686324429377,0.6289161512209048,0.8086655774074447,1256,7.1773393006238155,-4.71258460089929e-15,8.175326064138595e-09
405.9000000000238,-1.2885438656752589e-05,-1.2885438656752589e-05,0.5849523137988842,0.6248212621600797,0.811067685573363,1257,7.193896185586845,-5.364008158514957e-15,8.177340683671406e-09
406.0000000000238,-1.1874143885368308e-05,-1.1874143885368308e-05,0.5797746345941567,0.618452065751604,0.8147768854608065,1258,7.219189458010979,-5.964650221541994e-15,8.179355303204214e-09
406.10000000002384,-1.0744206593351493e-05,-1.0744206593351493e-05,0.5768146297379381,0.6148238390382755,0.8168750717951219,1258,7.252239687181262,-6.5085155011434826e-15,8.181369922737024e-09
406.20000000002386,-9.50691674061637e-06,-9.50691674061637e-06,0.5730782945785243,0.6102572487593224,0.8195006212828457,1259,7.291749546712534,-6.9901782945913194e-15,8.183384542269832e-09
406.3000000000239,-8.174636918377824e-06,-8.174636918377824e-06,0.567904412297343,0.6039576256076489,0.8230945137061779,1260,7.336169763399639,-7.404835702386747e-15,8.185399161802642e-09
406.4000000000239,-6.760678826226512e-06,-6.760678826226512e-06,0.565509300007353,0.6010506494576114,0.824741918181193,1260,7.3837739480108935,-7.748354513179469e-15,8.187413781335452e-09
406.50000000002393,-5.279170266026813e-06,-5.279170266026813e-06,0.5617537061240625,0.5965040612741707,0.8273045229272473,1261,7.432737019758651,-8.01731145368374e-15,8.18942840086826e-09
406.60000000002395,-3.7449139815906286e-06,-3.7449139815906286e-06,0.55699122029996,0.5907586071450581,0.8305183805965775,1261,7.481212576561006,-8.209026538110248e-15,8.19144302040107e-09
406.700000000024,-2.1732397545543524e-06,-2.1732397545543524e-06,0.554634608493001,0.587923778974727,0.8320940157589258,1262,7.527405559683037,-8.321589267639527e-15,8.193457639933879e-09
406.800000000024,-5.798512342681118e-07,-5.798512342681118e-07,0.5511022182264019,0.5836845738585829,0.8344377418752936,1263,7.569637668579024,-8.353877442146088e-15,8.195472259466689e-09
406.900000000024,1.0193309678776038e-06,1.0193309678776038e-06,0.5465999909099412,0.5782986049955559,0.8373938439809862,1264,7.606404007010099,-8.305568369514593e-15,8.197486878999497e-09
407.00000000002404,2.608328351938302e-06,2.608328351938302e-06,0.5443167014506876,0.575574362390562,0.8388798057659054,1264,7.636420268021348,-8.17714230220561e-15,8.199501498532308e-09
407.10000000002407,4.1712641813051425e-06,4.1712641813051425e-06,0.5411274419387245,0.5717772235174479,0.8409405993177237,1265,7.658660347979141,-7.969877998215661e-15,8.201516118065116e-09
407.2000000000241,5.69252211780898e-06,5.69252211780898e-06,0.5370694571224301,0.566959142825224,0.8435380241733138,1266,7.672384625517649,-7.685840389572951e-15,8.203530737597926e-09
407.3000000000241,7.156902255009279e-06,7.156902255009279e-06,0.53456685035619,0.5639951374199478,0.845126193239958,1266,7.677159286294211,-7.327860437485294e-15,8.205545357130734e-09
407.40000000002414,8.549772990634841e-06,8.549772990634841e-06,0.5317620837653626,0.5606798526658564,0.8468937868880132,1267,7.672867066639519,-6.899507349987106e-15,8.207559976663544e-09
407.50000000002416,9.857217220717146e-06,9.857217220717146e-06,0.5281385459369098,0.5564069502919465,0.8491582162916677,1268,7.659709676881627,-6.405053428072653e-15,8.209574596196353e-09
407.6000000000242,1.1066171394692803e-05,1.1066171394692803e-05,0.5253341389138579,0.5531077561674752,0.850896023314033,1268,7.638201993412179,-5.8494318857419494e-15,8.211589215729163e-09
407.7000000000242,1.216455604208256e-05,1.216455604208256e-05,0.5229101922741376,0.5502615540302961,0.8523877819489345,1269,7.609157920002635,-5.23818805731389e-15,8.213603835261973e-09
407.8000000000242,1.3141396466567389e-05,1.3141396466567389e-05,0.5196860461464121,0.5464834358948542,0.854357310169878,1270,7.573667656418833,-4.577424463374544e-15,8.215618454794781e-09
407.90000000002425,1.3986932401526342e-05,1.3986932401526342e-05,0.5165431222433537,0.5428088347017336,0.8562611767814116,1270,7.5330660222578345,-3.873740257564505e-15,8.217633074327591e-09
408.0000000000243,1.4692715531394329e-05,1.4692715531394329e-05,0.5373129765220775,0.5672478574771693,0.8433829291970435,1254,7.488891516548957,-3.1341656228602166e-15,8.2196476938604e-09
408.1000000000243,1.525169390443859e-05,1.525169390443859e-05,0.5620528317512516,0.5968656722089213,0.8271013325587132,1254,7.44283600074108,-2.3660917303122633e-15,8.22166231339321e-09
408.2000000000243,1.5658282393529345e-05,1.5658282393529345e-05,0.5814854333330984,0.6205533526183366,0.8135568147470825,1254,7.396685319104634,-1.577196916961354e-15,8.223676932926018e-09
408.30000000002434,1.5908418500883888e-05,1.5908418500883888e-05,0.5954322886542112,0.6378036118052854,0.8034054951442691,1254,7.352251840079271,-7.753697839624849e-16,8.225691552458828e-09
408.40000000002436,1.5999602949201533e-05,1.5999602949201533e-05,0.6037296086956356,0.6481713156869555,0.7971891617327814,1254,7.311300798204391,3.137003845770819e-17,8.227706171991636e-09
408.5000000000244,1.593092465361626e-05,1.593092465361626e-05,0.6062219228252776,0.6513014080608039,0.7952955301559433,1254,7.275473362655035,8.349526655728425e-16,8.229720791524446e-09
408.6000000000244,1.5703069824955532e-05,1.5703069824955532e-05,0.602763242287243,0.6469596541186947,0.7979200923321648,1254,7.246210407559793,1.6273394313566824e-15,8.231735411057255e-09
408.70000000002443,1.5318315113348536e-05,1.5318315113348536e-05,0.5986826938298218,0.6418554908594882,0.8009862870915256,1255,7.224681800524622,2.4006041753926023e-15,8.233750030590065e-09
408.80000000002445,1.4780504860690652e-05,1.4780504860690652e-05,0.5932559004826493,0.6350973688917061,0.8050139356200742,1255,7.211726421479399,3.1470134244715007e-15,8.235764650122873e-09
408.9000000000245,1.4095012689250002e-05,1.4095012689250002e-05,0.5906574542270813,0.6318733656413451,0.8069224075250255,1256,7.207807872924204,3.8591045353173295e-15,8.237779269655683e-09
409.0000000000245,1.3268687810210048e-05,1.3268687810210048e-05,0.5859077360696584,0.6259997441852874,0.8103777667321134,1257,7.212989854572921,4.5297608805137436e-15,8.239793889188493e-09
409.1000000000245,1.2309786588615464e-05,1.2309786588615464e-05,0.5820037534866261,0.62119060160432,0.8131860985822855,1257,7.226933526470639,5.152283213149202e-15,8.241808508721301e-09
409.20000000002454,1.1227890048501829e-05,1.1227890048501829e-05,0.5786923816469438,0.6171244111388613,0.8155459076126788,1258,7.248917123822321,5.720456437023037e-15,8.243823128254112e-09
409.30000000002457,1.0033808142470514e-05,1.0033808142470514e-05,0.5737178537853972,0.6110378874449467,0.8190530045411455,1259,7.277875979225337,6.228611128219959e-15,8.24583774778692e-09
409.4000000000246,8.73947174221559e-06,8.73947174221559e-06,0.5706626766525075,0.6073126056515536,0.8211845769836374,1259,7.312459332370397,6.671679281396643e-15,8.24785236731973e-09
409.5000000000246,7.357813429197679e-06,7.357813429197679e-06,0.5671175499741118,0.6030019600100007,0.8236368644684141,1260,7.351099146984689,7.0452438684259655e-15,8.249866986852538e-09
409.60000000002464,5.902638276564946e-06,5.902638276564946e-06,0.5622694186356697,0.5971275580895784,0.8269541104965293,1261,7.392085727741633,7.345581881724425e-15,8.251881606385348e-09
409.70000000002466,4.388485913425553e-06,4.388485913425553e-06,0.5595891084521459,0.5938899323090135,0.8287701911276325,1261,7.4336451801863825,7.569700584706724e-15,8.253896225918157e-09
409.8000000000247,2.830485249679767e-06,2.830485249679767e-06,0.5561387781408886,0.5897325622829069,0.8310894413045803,1262,7.474014501963023,7.715366714776948e-15,8.255910845450967e-09
409.9000000000247,1.244203312953196e-06,1.244203312953196e-06,0.5516195973889164,0.5843047341729389,0.8340958097104252,1263,7.511511098702011,7.781128395621948e-15,8.257925464983775e-09
410.0000000000247,-3.5451029199747453e-07,-3.5451029199747453e-07,0.5489991003893379,0.5811662642942735,0.8358229404435473,1263,7.544594563744288,7.766329532340356e-15,8.259940084516585e-09
410.10000000002475,-1.949681747296027e-06,-1.949681747296027e-06,0.5458258715745722,0.5773744448369473,0.8378986322460842,1264,7.5719194870632895,7.671116497758268e-15,8.261954704049393e-09
410.2000000000248,-3.5253726270546888e-06,-3.5253726270546888e-06,0.5417239872118497,0.5724867641656405,0.8405564357491386,1265,7.592378776401866,7.496436976368648e-15,8.263969323582203e-09
410.3000000000248,-5.06583914885706e-06,-5.06583914885706e-06,0.5389638788886776,0.5692065574549378,0.8423288771336709,1265,7.605137455979434,7.244030911517493e-15,8.265983943115014e-09
410.4000000000248,-6.555689480427816e-06,-6.555689480427816e-06,0.5361490344107408,0.5658683758739316,0.8441233398623866,1266,7.609657170866331,6.916413594432917e-15,8.267998562647822e-09
410.50000000002484,-7.980037529732936e-06,-7.980037529732936e-06,0.5324815397034743,0.5615296026840132,0.8464416163416218,1267,7.605711706678692,6.516851031155747e-15,8.270013182180632e-09
410.60000000002486,-9.324651681890625e-06,-9.324651681890625e-06,0.5294649892370075,0.5579697789690506,0.8483317895565717,1267,7.593393781278494,6.0493278170109686e-15,8.27202780171344e-09
410.7000000000249,-1.0576096996762864e-05,-1.0576096996762864e-05,0.5270281281535245,0.5550998123676412,0.8498478405779426,1268,7.573113224997118,5.5185078324243094e-15,8.27404242124625e-09
410.8000000000249,-1.1721869446436262e-05,-1.1721869446436262e-05,0.5237734829248069,0.5512746600014385,0.8518575811629647,1269,7.5455864846865275,4.929688146521624e-15,8.276057040779059e-09
410.90000000002493,-1.2750520851335697e-05,-1.2750520851335697e-05,0.5204405630799456,0.5473668131336122,0.8538978980539941,1269,7.511817211259731,4.2887465767887705e-15,8.278071660311869e-09
411.00000000002495,-1.365177326665036e-05,-1.365177326665036e-05,0.5183677680646029,0.54494115315596,0.8551577965684006,1270,7.473067570121228,3.6020834065367394e-15,8.280086279844677e-09
411.100000000025,-1.4416621676160853e-05,-1.4416621676160853e-05,0.5255066443493566,0.5533105027183924,0.8507894961414832,1254,7.430819903513833,2.876557809879448e-15,8.282100899377487e-09
411.200000000025,-1.503742396738462e-05,-1.503742396738462e-05,0.5523956538993997,0.5852354372435113,0.8335820544811738,1254,7.386728530689647,2.1194195789034767e-15,8.284115518910295e-09
411.300000000025,-1.5507977289037703e-05,-1.5507977289037703e-05,0.5740584731737008,0.6114538178209781,0.8188143070180682,1254,7.342561849060904,1.3382367915379678e-15,8.286130138443105e-09
411.40000000002505,-1.582358002787439e-05,-1.582358002787439e-05,0.5903074417996675,0.6314396722815352,0.8071784958458272,1254,7.300135532244791,5.408201026028593e-16,8.288144757975914e-09
411.50000000002507,-1.5981078785652622e-05,-1.5981078785652622e-05,0.6009737589989468,0.6447188639407225,0.799268753921155,1254,7.261238506545718,-2.648556144872733e-16,8.290159377508724e-09
411.6000000000251,-1.597889988684684e-05,-1.597889988684684e-05,0.6058988507984817,0.650895242026974,0.7955416913029003,1254,7.227554463437233,-1.0707315014178888e-15,8.292173997041534e-09
411.7000000000251,-1.581706510229367e-05,-1.581706510229367e-05,0.6049320460324474,0.6496805250597516,0.796277099810736,1254,7.200582793800565,-1.8687460026957765e-15,8.294188616574342e-09
411.80000000002514,-1.5497191431664897e-05,-1.5497191431664897e-05,0.5992285777365358,0.6425371792497149,0.80057798597254,1255,7.181563798408872,-2.650916340041071e-15,8.296203236107152e-09
411.90000000002516,-1.5022474946941265e-05,-1.5022474946941265e-05,0.5962238012920625,0.6387891688486976,0.8028182725703514,1255,7.171413584924422,-3.4094192668435922e-15,8.29821785563996e-09
412.0000000000252,-1.4397658858317731e-05,-1.4397658858317731e-05,0.5920645871658275,0.6336183077368907,0.8058905165245204,1256,7.170673972264856,-4.13667017209684e-15,8.30023247517277e-09
412.1000000000252,-1.3628986121615083e-05,-1.3628986121615083e-05,0.5870181182182597,0.6273706271193419,0.8095737945879259,1256,7.179481858382088,-4.825399605102642e-15,8.302247094705579e-09
412.2000000000252,-1.2724137060729035e-05,-1.2724137060729035e-05,0.584295209486979,0.6240113266486914,0.8115411931446039,1257,7.197560907227812,-5.468726329419314e-15,8.304261714238389e-09
412.30000000002525,-1.1692152628372632e-05,-1.1692152628372632e-05,0.5796445484772038,0.6182924162436361,0.8148694358120561,1258,7.224236305350389,-6.0602260907273575e-15,8.306276333771197e-09
412.4000000000253,-1.0543344071865282e-05,-1.0543344071865282e-05,0.575785550697918,0.6135646232270231,0.8176007580766392,1258,7.25847110136775,-6.593995392659326e-15,8.308290953304007e-09
412.5000000000253,-9.289189906557993e-06,-9.289189906557993e-06,0.5725642127119235,0.6096300751151539,0.8198598796877277,1259,7.2989206838916125,-7.064709701283023e-15,8.310305572836816e-09
412.6000000000253,-7.942221226302271e-06,-7.942221226302271e-06,0.5678489905810795,0.6038902938151691,0.8231327498624077,1260,7.344000604376416,-7.467675621215348e-15,8.312320192369626e-09
412.70000000002534,-6.515896496902591e-06,-6.515896496902591e-06,0.5646025062777399,0.5999515755111433,0.825362956465151,1260,7.39196237080875,-7.798876684683998e-15,8.314334811902434e-09
412.80000000002536,-5.024467083574848e-06,-5.024467083574848e-06,0.561302763899708,0.5959590880328504,0.8276105407971485,1261,7.440971995855337,-8.05501245910737e-15,8.316349431435244e-09
412.9000000000254,-3.482834856016003e-06,-3.482834856016003e-06,0.5568073755601063,0.5905372621379593,0.8306416474761343,1262,7.489186801252352,-8.233530711459975e-15,8.318364050968054e-09
413.0000000000254,-1.9064032938479683e-06,-1.9064032938479683e-06,0.5537814792797733,0.5868988490632414,0.8326620402100159,1262,7.534827011570715,-8.332652381737114e-15,8.320378670500863e-09
413.10000000002543,-3.109235801409414e-07,-3.109235801409414e-07,0.5506613206795083,0.583156289190738,0.8347287642746593,1263,7.576239775464429,-8.351389130459022e-15,8.322393290033673e-09
413.20000000002545,1.2876627792011842e-06,1.2876627792011842e-06,0.5465327953026582,0.5782183633647675,0.8374377013597266,1264,7.61195425038791,-8.289553251375108e-15,8.324407909566481e-09
413.3000000000255,2.87338323769825e-06,2.87338323769825e-06,0.5434711563490077,0.5745667461395387,0.8394278421738658,1264,7.640727173720789,-8.147759788810661e-15,8.326422529099291e-09
413.4000000000255,4.430393800698439e-06,4.430393800698439e-06,0.5406629858441553,0.5712250161264136,0.8412392856601996,1265,7.661578884453302,-7.927420770168903e-15,8.3284371486321e-09
413.5000000000255,5.943137333335511e-06,5.943137333335511e-06,0.5369548951064544,0.5668233373719705,0.8436109533554057,1266,7.673820068463185,-7.630731552429318e-15,8.33045176816491e-09
413.60000000002555,7.396499002277878e-06,7.396499002277878e-06,0.533699462674912,0.5629691291468791,0.8456742183255384,1266,7.677069616314002,-7.260649378206045e-15,8.332466387697718e-09
413.70000000002557,8.775957298146955e-06,8.775957298146955e-06,0.5312543896510847,0.5600804875060227,0.8472123544167975,1267,7.671263953810607,-6.820864332986685e-15,8.334481007230528e-09
413.8000000000256,1.0067729129638702e-05,1.0067729129638702e-05,0.5279653753013548,0.5562030311015874,0.8492658962203178,1268,7.656658080194769,-6.3157629837043955e-15,8.336495626763336e-09
413.9000000000256,1.1258907539615843e-05,1.1258907539615843e-05,0.524427529227397,0.5520426297140485,0.8514550878281529,1268,7.633818371374968,-5.750385056276699e-15,8.338510246296146e-09
414.00000000002564,1.2337590667157111e-05,1.2337590667157111e-05,0.5223491748152502,0.5496035151690711,0.8527316926031465,1269,7.603607018349114,-5.130373575845547e-15,8.340524865828955e-09
414.10000000002566,1.3293000667017346e-05,1.3293000667017346e-05,0.519450176372629,0.5462073804643945,0.8545007397693957,1270,7.567157817330188,-4.461918950056742e-15,8.342539485361765e-09
414.2000000000257,1.4115591398294497e-05,1.4115591398294497e-05,0.5157874827629517,0.5419265822205854,0.8567165649297659,1271,7.525842954977442,-3.751697525629679e-15,8.344554104894573e-09
414.3000000000257,1.4797143806313983e-05,1.4797143806313983e-05,0.5418380541062906,0.572622474129252,0.8404829106664267,1254,7.481230490524468,-3.006805194421089e-15,8.346568724427383e-09
414.4000000000257,1.5330848044706145e-05,1.5330848044706145e-05,0.5656988957987553,0.601280552575199,0.824611884035192,1254,7.435032477781613,-2.234686669307305e-15,8.348583343960193e-09
414.50000000002575,1.5711371517140124e-05,1.5711371517140124e-05,0.5842210143934714,0.6239199047313844,0.8115946071414368,1254,7.389044136449549,-1.4430610939924795e-15,8.350597963493001e-09
414.6000000000258,1.5934912158863708e-05,1.5934912158863708e-05,0.5972290671809125,0.6400419231033193,0.8020707208932496,1254,7.345075192343727,-6.398446953361193e-16,8.352612583025811e-09
414.7000000000258,1.599923642567749e-05,1.599923642567749e-05,0.6045609411771697,0.649214557627481,0.7965588919866344,1254,7.304875434715495,1.669287673589579e-16,8.35462720255862e-09
414.8000000000258,1.5903701610770258e-05,1.5903701610770258e-05,0.6060624309591454,0.6511008792353375,0.7954170791351486,1254,7.2700575979811655,9.691889544708856e-16,8.35664182209143e-09
414.90000000002584,1.5649262266432942e-05,1.5649262266432942e-05,0.601589936943568,0.6454900146885206,0.7988050749514765,1254,7.242021705451235,1.7589104509262311e-15,8.358656441624238e-09
415.00000000002586,1.5238460666487704e-05,1.5238460666487704e-05,0.5981807356718726,0.6412289624206706,0.8013612215917721,1255,7.221885795519207,2.528193932233146e-15,8.360671061157048e-09
415.1000000000259,1.4675401404728239e-05,1.4675401404728239e-05,0.5925111080352258,0.6341724919599112,0.8055622799354927,1256,7.210428249678554,3.2693460685513347e-15,8.362685680689857e-09
415.2000000000259,1.3965710383175404e-05,1.3965710383175404e-05,0.5898124960584965,0.6308266296278192,0.8075402277863599,1256,7.208046569040634,3.974957233484987e-15,8.364700300222667e-09
415.30000000002593,1.3116478599923903e-05,1.3116478599923903e-05,0.5856362733741075,0.6256648018332938,0.8105739665869411,1257,7.214736336534897,4.6379761058938255e-15,8.366714919755475e-09
415.40000000002595,1.2136191298233277e-05,1.2136191298233277e-05,0.5808033927617547,0.6197152594193476,0.8140438679557969,1257,7.230092362178517,5.251780313090779e-15,8.368729539288285e-09
415.500000000026,1.1034643184782123e-05,1.1034643184782123e-05,0.5780475861908383,0.6163340022246974,0.8160030564274532,1258,7.253331912764854,5.810242360770614e-15,8.370744158821093e-09
415.600000000026,9.822840564196659e-06,9.822840564196659e-06,0.5735674958498209,0.6108543239030136,0.8191583044226346,1259,7.283337850450827,6.30779021692579e-15,8.372758778353903e-09
415.700000000026,8.512891367693087e-06,8.512891367693087e-06,0.5696337380862873,0.6060601573158222,0.8218986582504215,1259,7.318717816681238,6.7394620437958524e-15,8.374773397886713e-09
415.80000000002605,7.117884174631247e-06,7.117884174631247e-06,0.5665759889949062,0.6023445847711669,0.8240094955123053,1260,7.357874557625555,7.1009546821051285e-15,8.376788017419522e-09
415.90000000002607,5.651757435756146e-06,5.651757435756146e-06,0.5621635670904305,0.5969995619428141,0.8270260720413614,1261,7.399082182329783,7.388665570701044e-15,8.378802636952332e-09
416.0000000000261,4.1291602048055676e-06,4.1291602048055676e-06,0.558648448716744,0.5927553599264104,0.8294045519204578,1261,7.440563493492519,7.59972782944262e-15,8.38081725648514e-09
416.1000000000261,2.565305770007445e-06,2.565305770007445e-06,0.5556343756017865,0.58912576816414,0.8314267500204771,1262,7.480564336456989,7.73203825298867e-15,8.38283187601795e-09
416.20000000002614,9.758196479327438e-07,9.758196479327438e-07,0.5515085500776334,0.5841716050742878,0.834169238938518,1263,7.517421938022434,7.78427797426873e-15,8.384846495550759e-09
416.30000000002616,-6.234165415010164e-07,-6.234165415010164e-07,0.5480896979350819,0.5800786201714885,0.8364195615941982,1263,7.549625241660341,7.755925575519284e-15,8.386861115083569e-09
416.4000000000262,-2.216423758926206e-06,-2.216423758926206e-06,0.545315402497861,0.5767653403037039,0.8382309418045816,1264,7.575866141165016,7.647262463350085e-15,8.388875734616377e-09
416.5000000000262,-3.7872852028044814e-06,-3.7872852028044814e-06,0.5415773963608417,0.5723123765715139,0.8406508929103755,1265,7.595081193304279,7.45937038626711e-15,8.390890354149187e-09
416.6000000000262,-5.320305344846359e-06,-5.320305344846359e-06,0.5380480481525196,0.5681196748861672,0.8429141699362184,1265,7.606483833505078,7.194121055189009e-15,8.392904973681995e-09
416.70000000002625,-6.800166754541637e-06,-6.800166754541637e-06,0.5356058350397714,0.5652250001750321,0.8444681103933701,1266,7.609587347830233,6.854157921880182e-15,8.394919593214805e-09
416.8000000000263,-8.212083145861776e-06,-8.212083145861776e-06,0.5322825693124382,0.5612945531783118,0.8465667524809544,1267,7.604218910098293,6.442870267558629e-15,8.396934212747614e-09
416.9000000000263,-9.541947116942203e-06,-9.541947116942203e-06,0.5285192926860507,0.5568553942443817,0.8489212903789353,1267,7.590524922091965,5.964359846227776e-15,8.398948832280424e-09
417.0000000000263,-1.0776471106578468e-05,-1.0776471106578468e-05,0.5264372344546243,0.5544046686233859,0.8502139955209905,1268,7.5689677445242864,5.4234004095674136e-15,8.400963451813234e-09
417.10000000002634,-1.1903320159145488e-05,-1.1903320159145488e-05,0.5235143538706571,0.5509704955082759,0.8520168550512298,1269,7.540313722839745,4.8253905109215055e-15,8.402978071346042e-09
417.20000000002636,-1.2911235171396783e-05,-1.2911235171396783e-05,0.5198200344669045,0.5466402727487244,0.8542757937380797,1270,7.505612241992505,4.176300046159791e-15,8.404992690878852e-09
417.3000000000264,-1.3790145389702344e-05,-1.3790145389702344e-05,0.5177221333672215,0.54418633680295,0.8555488253873609,1270,7.466165438623109,3.4826110415310483e-15,8.40700731041166e-09
417.4000000000264,-1.4531269033689944e-05,-1.4531269033689944e-05,0.5303837697720727,0.5590531893319921,0.8477576639360832,1254,7.423488212786229,2.751253245928266e-15,8.40902192994447e-09
417.50000000002643,-1.5127201040891765e-05,-1.5127201040891765e-05,0.5564083329764102,0.590056936634157,0.8309090004292963,1254,7.379258371884456,1.9895351296534598e-15,8.411036549477279e-09
417.60000000002645,-1.5571987055680775e-05,-1.5571987055680775e-05,0.5771733436346271,0.6152630366007845,0.8166216574385133,1254,7.335257157971808,1.205070935545741e-15,8.413051169010089e-09
417.7000000000265,-1.5861182923223907e-05,-1.5861182923223907e-05,0.5924950907366604,0.6341526087282322,0.8055740608118886,1254,7.293301086414777,4.057044724260392e-16,8.415065788542897e-09
417.8000000000265,-1.5991899094008113e-05,-1.5991899094008113e-05,0.6022069644831829,0.6462626777541917,0.7983400102261883,1254,7.255166947841249,-4.0056961395534443e-16,8.417080408075707e-09
417.9000000000265,-1.5962829495263937e-05,-1.5962829495263937e-05,0.6061516660949273,0.6512130706284271,0.7953490791409416,1254,7.222512921929615,-1.2056863105789878e-15,8.419095027608516e-09
418.00000000002655,-1.57742645808129e-05,-1.57742645808129e-05,0.6041802378780011,0.648736709354023,0.7968476894348643,1254,7.196799869487086,-2.001591618116211e-15,8.421109647141326e-09
418.10000000002657,-1.542808842894893e-05,-1.542808842894893e-05,0.5991262506690092,0.6424093688736475,0.8006545670632845,1255,7.179217786649986,-2.7803239685683143e-15,8.423124266674134e-09
418.2000000000266,-1.492775991735082e-05,-1.492775991735082e-05,0.5951458257867493,0.6374470981456869,0.8036177238268256,1255,7.170622866823828,-3.534094767604089e-15,8.425138886206944e-09
418.3000000000266,-1.4278278163119852e-05,-1.4278278163119852e-05,0.5916117451905403,0.633056508638087,0.8062230106816619,1256,7.171490401335337,-4.25536712922227e-15,8.427153505739754e-09
418.40000000002664,-1.3486132573254177e-05,-1.3486132573254177e-05,0.5860322111031645,0.6261533539604249,0.8102877560160564,1257,7.181887753216181,-4.9369318776167005e-15,8.429168125272563e-09
418.50000000002666,-1.2559238004639219e-05,-1.2559238004639219e-05,0.5834838375007997,0.6230118945653743,0.8121247511160711,1257,7.201469932369418,-5.571979934827376e-15,8.431182744805373e-09
418.6000000000267,-1.1506855681413974e-05,-1.1506855681413974e-05,0.5793685659572648,0.6179537739082333,0.8150656812678487,1258,7.229498144204929,-6.154170295240598e-15,8.433197364338181e-09
418.7000000000267,-1.033950065988077e-05,-1.033950065988077e-05,0.5746026071916773,0.6121185117180691,0.8184325529990404,1258,7.264879465662155,-6.67769290162573e-15,8.435211983870991e-09
418.8000000000267,-9.0688367655385e-06,-9.0688367655385e-06,0.5719044838070922,0.6088256160562329,0.8203202188178367,1259,7.306223928018879,-7.13732586486949e-15,8.4372266034038e-09
418.90000000002675,-7.707560051993804e-06,-7.707560051993804e-06,0.5676562314906873,0.6036561353218411,0.8232656939589983,1260,7.351914060130721,-7.528486589020306e-15,8.43924122293661e-09
419.0000000000268,-6.2692719461901665e-06,-6.2692719461901665e-06,0.5635494162125285,0.5986762200200015,0.8260823539372563,1260,7.4001814962799175,-7.847276456237634e-15,8.441255842469418e-09
419.1000000000268,-4.7683433474459505e-06,-4.7683433474459505e-06,0.5607137254665109,0.5952475258254554,0.8280097330789453,1261,7.449185520138102,-8.09051878467258e-15,8.443270462002228e-09
419.2000000000268,-3.2197710381787814e-06,-3.2197710381787814e-06,0.5566350516224783,0.590329817737848,0.8307571361747312,1262,7.4970892051247375,-8.2557898007599e-15,8.445285081535036e-09
419.30000000002684,-1.639027841012917e-06,-1.639027841012917e-06,0.5527888167529841,0.585707165644712,0.8333213810246536,1262,7.542129870782037,-8.341442379989893e-15,8.447299701067846e-09
419.40000000002686,-4.190801945021545e-08,-4.190801945021545e-08,0.5500886795013825,0.5824704236392011,0.8351062475424461,1263,7.582681672352002,-8.346622324232328e-15,8.449314320600655e-09
419.5000000000269,1.5556305331898835e-06,1.5556305331898835e-06,0.5463410582773056,0.5779894237028635,0.8375628024455443,1264,7.617309108332929,-8.271276973234921e-15,8.451328940133465e-09
419.6000000000269,3.1376257397654286e-06,3.1376257397654286e-06,0.5424918382824665,0.5734005366492136,0.8400610724208747,1264,7.644810977254469,-8.116156000181593e-15,8.453343559666275e-09
419.70000000002693,4.6882708271103995e-06,4.6882708271103995e-06,0.5400719369074928,0.5705225815042031,0.8416188584893931,1265,7.664254815153436,-7.882804315686769e-15,8.455358179199083e-09
419.80000000002696,6.1920722620871545e-06,6.1920722620871545e-06,0.5367202091664636,0.5665451698493007,0.8437602841283226,1266,7.675002118491363,-7.573547095002599e-15,8.457372798731893e-09
419.900000000027,7.634004557848065e-06,7.634004557848065e-06,0.5327030448471186,0.5617913140383237,0.8463022308907195,1266,7.676724745390472,-7.191467040425106e-15,8.459387418264701e-09
420.000000000027,8.999660403533327e-06,8.999660403533327e-06,0.5306241735652064,0.5593367905730996,0.8476072123502971,1267,7.669412839850533,-6.7403740860719756e-15,8.461402037797511e-09
420.100000000027,1.027539461735865e-05,1.027539461735865e-05,0.527675444490277,0.5558616774005671,0.8494460696724593,1268,7.653374486465652,-6.2247678390307865e-15,8.46341665733032e-09
420.20000000002705,1.1448460484761153e-05,1.1448460484761153e-05,0.5239414907395497,0.551471897201177,0.851754256978865,1269,7.629227121083135,-5.649793126390448e-15,8.46543127686313e-09
420.30000000002707,1.2507137119357763e-05,1.2507137119357763e-05,0.521668809160337,0.5488058439285821,0.8531480841854103,1269,7.597880538154982,-5.021189082001487e-15,8.467445896395938e-09
420.4000000000271,1.3440846574167556e-05,1.3440846574167556e-05,0.5191000894803962,0.5457977338705661,0.8547134590618336,1270,7.560511192020757,-4.3452322620834095e-15,8.469460515928748e-09
420.5000000000271,1.424025953296138e-05,1.424025953296138e-05,0.5180630276073173,0.5445848358091046,0.8553424457060108,1254,7.518527434718018,-3.628674327867734e-15,8.471475135461557e-09
420.60000000002714,1.4897388525705752e-05,1.4897388525705752e-05,0.5462146634381319,0.5778385232343475,0.8376452360308441,1254,7.473525418546494,-2.8786748789795968e-15,8.473489754994367e-09
420.70000000002716,1.5405667736723132e-05,1.5405667736723132e-05,0.569190865125889,0.6055214165456968,0.8222054238797273,1254,7.427235668139073,-2.1027300652349557e-15,8.475504374527175e-09
420.8000000000272,1.5760018608151805e-05,1.5760018608151805e-05,0.5867975313100763,0.6270981811407972,0.8097336952655484,1254,7.381460833871155,-1.3085976483689812e-15,8.477518994059985e-09
420.9000000000272,1.5956900583217278e-05,1.5956900583217278e-05,0.5988621690412118,0.642079577397727,0.800852110249611,1254,7.338005888592316,-5.042192298924221e-16,8.479533613592795e-09
421.0000000000272,1.5994346482305222e-05,1.5994346482305222e-05,0.6052241835461306,0.6500474554206719,0.7960550782772003,1254,7.298602988268474,3.023595926253211e-16,8.481548233125603e-09
421.10000000002725,1.5871982158369917e-05,1.5871982158369917e-05,0.6057307061155588,0.650683900302614,0.7956697252432987,1254,7.264834284455524,1.103070331226807e-15,8.483562852658413e-09
421.2000000000273,1.5591030235287862e-05,1.5591030235287862e-05,0.6002408910027786,0.6438022565600507,0.7998192750666806,1254,7.23805698165932,1.889903118862745e-15,8.485577472191222e-09
421.3000000000273,1.5154297891804136e-05,1.5154297891804136e-05,0.5975112995596131,0.6403938488888006,0.8018604909200742,1255,7.219335650279827,2.654987728391189e-15,8.487592091724032e-09
421.4000000000273,1.4566148813130305e-05,1.4566148813130305e-05,0.592445952662539,0.6340916125090864,0.8056101992736789,1256,7.209387002483066,3.3906731726462364e-15,8.48960671125684e-09
421.50000000002734,1.3832459590444251e-05,1.3832459590444251e-05,0.5888025930285011,0.6295766083267259,0.8082768748658552,1256,7.208541842032249,4.08960495341832e-15,8.49162133078965e-09
421.60000000002736,1.2960561003933639e-05,1.2960561003933639e-05,0.5852079649738537,0.6251365012563611,0.8108832454374432,1257,7.216727671228902,4.744799054971773e-15,8.493635950322459e-09
421.7000000000274,1.1959164776063533e-05,1.1959164776063533e-05,0.5797836020198518,0.6184630717840164,0.8147705043930383,1258,7.233473615358042,5.349711844390401e-15,8.495650569855269e-09
421.8000000000274,1.0838276526925236e-05,1.0838276526925236e-05,0.5772464506681688,0.6153525631838701,0.8165699818086637,1258,7.257937204670289,5.8983051433239075e-15,8.497665189388077e-09
421.90000000002743,9.609095801387747e-06,9.609095801387747e-06,0.5732690550452012,0.6104900441862752,0.8193671890718972,1259,7.288950518443923,6.385105859982401e-15,8.499679808920887e-09
422.00000000002746,8.283904166947514e-06,8.283904166947514e-06,0.5684478748513658,0.6046180436165024,0.8227192799351222,1259,7.32508160267599,6.805259695642897e-15,8.501694428453695e-09
422.1000000000275,6.875942500365756e-06,6.875942500365756e-06,0.5658856360830418,0.60150702856619,0.8244837456705203,1260,7.364706155176296,7.154578545613368e-15,8.503709047986505e-09
422.2000000000275,5.399278689204717e-06,5.399278689204717e-06,0.5619169435559044,0.5967013868840161,0.8271936584287809,1261,7.406084286494317,7.429581287557762e-15,8.505723667519315e-09
422.3000000000275,3.868667070145364e-06,3.868667070145364e-06,0.5575574901238889,0.5914405901204953,0.830138328958945,1261,7.4474376064494345,7.627527689712968e-15,8.507738287052124e-09
422.40000000002755,2.2994010085324117e-06,2.2994010085324117e-06,0.5549875935593198,0.5883480519408005,0.831858624403952,1262,7.48702274531496,7.74644518864024e-15,8.509752906584934e-09
422.50000000002757,7.071600921231118e-07,7.071600921231118e-07,0.5512625872178645,0.5838767741433029,0.8343318044602317,1263,7.523198459594535,7.785148297548323e-15,8.511767526117742e-09
422.6000000000276,-8.921465341706374e-07,-8.921465341706374e-07,0.5470356960252103,0.578819004269945,0.8371092803656006,1263,7.554484492262838,7.743250427990242e-15,8.513782145650552e-09
422.7000000000276,-2.4825391271993853e-06,-2.4825391271993853e-06,0.5446677424014855,0.5759928831724352,0.8386519244521347,1264,7.579611219890832,7.621167950191729e-15,8.51579676518336e-09
422.80000000002764,-4.048127009887477e-06,-4.048127009887477e-06,0.541300380346709,0.5719828859071371,0.8408292919710327,1265,7.59755975803151,7.420116383008414e-15,8.51781138471617e-09
422.90000000002766,-5.5732673456256356e-06,-5.5732673456256356e-06,0.5370788032551607,0.5669702225459102,0.8435320735419635,1266,7.607592601477326,7.142098689315147e-15,8.519826004248979e-09
423.0000000000277,-7.042721436323526e-06,-7.042721436323526e-06,0.5349294774570789,0.5644242760951386,0.8448967121178166,1266,7.609275072882808,6.7898857481579604e-15,8.521840623781789e-09
423.1000000000277,-8.44180698244383e-06,-8.44180698244383e-06,0.5319564929812222,0.5609094248193015,0.8467716868053153,1267,7.60248788422882,6.366989171976601e-15,8.523855243314597e-09
423.2000000000277,-9.7565447836859e-06,-9.7565447836859e-06,0.5281763867007958,0.556451513587201,0.8491346798545514,1268,7.587431028095313,5.87762672806686e-15,8.525869862847407e-09
423.30000000002775,-1.0973798414534256e-05,-1.0973798414534256e-05,0.5257162275252097,0.5535568611020674,0.8506600073570297,1268,7.564619056619882,5.326680703812588e-15,8.527884482380216e-09
423.4000000000278,-1.2081405479080008e-05,-1.2081405479080008e-05,0.5231305092482439,0.5505200448850543,0.8522525859706576,1269,7.534867621371599,4.7196496240281046e-15,8.529899101913026e-09
423.5000000000278,-1.3068299133660434e-05,-1.3068299133660434e-05,0.5197540145969686,0.5465629928840052,0.8543159628090383,1270,7.4992709845673575,4.062593787460233e-15,8.531913721445836e-09
423.6000000000278,-1.3924618663102627e-05,-1.3924618663102627e-05,0.5169486515883087,0.5432825071259464,0.8560164084998777,1270,7.459170122445813,3.3620751408011297e-15,8.533928340978644e-09
423.70000000002784,-1.4641808005729998e-05,-1.4641808005729998e-05,0.5351218372791557,0.5646519650977851,0.8447748926589738,1254,7.416111081089537,2.6250920552706943e-15,8.535942960511454e-09
423.80000000002786,-1.521270124270229e-05,-1.521270124270229e-05,0.5602759749196758,0.5947189423826557,0.82830600138343,1254,7.371793470593345,1.859009615241122e-15,8.537957580044263e-09
423.9000000000279,-1.5631594197507888e-05,-1.5631594197507888e-05,0.5801380102891964,0.6188981183954809,0.8145181944055591,1254,7.328009444152954,1.0714860721311565e-15,8.539972199577073e-09
424.0000000000279,-1.5894301430209973e-05,-1.5894301430209973e-05,0.5945278507301953,0.6366783255935587,0.8040750180835956,1254,7.286574229275001,2.7039616103196867e-16,8.541986819109881e-09
424.10000000002793,-1.5998198056978853e-05,-1.5998198056978853e-05,0.603280849828997,0.6476085091463949,0.7975288184320384,1254,7.249250238496302,-5.362479769973264e-16,8.544001438642691e-09
424.20000000002796,-1.5942245977063507e-05,-1.5942245977063507e-05,0.6062409494583958,0.6513253322573941,0.7952810265558853,1254,7.217667899932743,-1.3403774771072478e-15,8.5460160581755e-09
424.300000000028,-1.5727004245151153e-05,-1.5727004245151153e-05,0.6032611403071698,0.6475837961364673,0.7975437270741292,1254,7.193247449219805,-2.1339482001169473e-15,8.54803067770831e-09
424.400000000028,-1.53546234854776e-05,-1.53546234854776e-05,0.5988657839116797,0.6420840911856315,0.8008494071046375,1255,7.1771267830664085,-2.9090220675872714e-15,8.550045297241118e-09
424.500000000028,-1.48288244035008e-05,-1.48288244035008e-05,0.5939049786338756,0.6359039029758234,0.8045351927379534,1255,7.170100835991792,-3.657847365626396e-15,8.552059916773928e-09
424.60000000002805,-1.4154860609841799e-05,-1.4154860609841799e-05,0.5910041304167963,0.6323030608958822,0.8066685303334241,1256,7.172577598793591,-4.372937084052172e-15,8.554074536306736e-09
424.70000000002807,-1.3339466127944024e-05,-1.3339466127944024e-05,0.5859858534894478,0.6260961438466636,0.8103212816594684,1257,7.184554771015457,-5.047144370417509e-15,8.556089155839546e-09
424.8000000000281,-1.2390788109937025e-05,-1.2390788109937025e-05,0.5825192888867547,0.6218247153053409,0.8128168785617519,1257,7.20561923509456,-5.673734228709797e-15,8.558103775372356e-09
424.9000000000281,-1.1318305432985474e-05,-1.1318305432985474e-05,0.5789477575247515,0.6174375808296164,0.8153646387090021,1258,7.2349693441075935,-6.246450681079643e-15,8.560118394905165e-09
425.00000000002814,-1.0132733989481833e-05,-1.0132733989481833e-05,0.573742129298593,0.6110675262657053,0.819035999860761,1259,7.271457827658674,-6.759578728329193e-15,8.562133014437975e-09
425.10000000002816,-8.845919617391781e-06,-8.845919617391781e-06,0.5711000573548884,0.6078453259555818,0.820880456881051,1259,7.313651337899326,-7.208000572558499e-15,8.564147633970783e-09
425.2000000000282,-7.470719740556974e-06,-7.470719740556974e-06,0.5673271255813519,0.6032564337725652,0.8234925212651303,1260,7.359901558895545,-7.587245681445893e-15,8.566162253503593e-09
425.3000000000282,-6.020874901566106e-06,-6.020874901566106e-06,0.5623508659807309,0.5972260521552946,0.8268987262843752,1260,7.408422482376032,-7.893534361030694e-15,8.568176873036401e-09
425.40000000002823,-4.5108714707953965e-06,-4.5108714707953965e-06,0.5599874487275713,0.594370650550047,0.8285010906858155,1261,7.4573688241309535,-8.123814556611835e-15,8.570191492569211e-09
425.50000000002825,-2.955796903384341e-06,-2.955796903384341e-06,0.5563334147756256,0.5899667752093767,0.8309591636200252,1262,7.504911407449796,-8.275791626002074e-15,8.57220611210202e-09
425.6000000000283,-1.371188990371209e-06,-1.371188990371209e-06,0.5516573406743261,0.5843499853895874,0.8340708473985471,1262,7.5493064206377385,-8.347950841009665e-15,8.57422073163483e-09
425.7000000000283,2.271193897788993e-07,2.271193897788993e-07,0.5493850408125398,0.581628083374185,0.8355693130623,1263,7.5889565410230535,-8.33957238880742e-15,8.576235351167638e-09
425.8000000000283,1.8231584680620247e-06,1.8231584680620247e-06,0.546025571915027,0.5776127980690225,0.8377685090852173,1264,7.622462852621584,-8.250738677932847e-15,8.578249970700448e-09
425.90000000002834,3.4009811495883303e-06,3.4009811495883303e-06,0.5417538001215153,0.5725222326352776,0.8405372210996354,1265,7.648667189936607,-8.082333809888138e-15,8.580264590233257e-09
426.00000000002836,4.944822351682834e-06,4.944822351682834e-06,0.5393548584133459,0.5696707913500574,0.8420785810753767,1265,7.666685000237265,-7.836035155033436e-15,8.582279209766067e-09
426.1000000000284,6.439256523380253e-06,6.439256523380253e-06,0.5363659714173312,0.5661253936665208,0.8439855121419696,1266,7.675929055516778,-7.514297063677713e-15,8.584293829298875e-09
426.2000000000284,7.869351772431238e-06,7.869351772431238e-06,0.532537609263707,0.5615958455618294,0.8464063413749304,1267,7.676124407101068,-7.120326840711297e-15,8.586308448831685e-09
426.30000000002843,9.220819059833904e-06,9.220819059833904e-06,0.5298717066639345,0.5584492827620781,0.8480778115698167,1267,7.667314909488367,-6.6580532062604084e-15,8.588323068364495e-09
426.40000000002846,1.0480154971188208e-05,1.0480154971188208e-05,0.5272689789353058,0.555383241873715,0.8496984311227838,1268,7.649861492305798,-6.132087549882025e-15,8.590337687897303e-09
426.5000000000285,1.1634776638349e-05,1.1634776638349e-05,0.5238590996193381,0.5513751689857608,0.8518049329195132,1269,7.62443217379301,-5.5476783593714725e-15,8.592352307430113e-09
426.6000000000285,1.267314746328518e-05,1.267314746328518e-05,0.520868938324866,0.5478685602094177,0.8536366610498444,1269,7.591983628307287,-4.910659267881333e-15,8.594366926962922e-09
426.7000000000285,1.3584892387953745e-05,1.3584892387953745e-05,0.5186355172878898,0.5452542820798207,0.8549954387056828,1270,7.553733988318393,-4.227391217076884e-15,8.596381546495732e-09
426.80000000002855,1.4360901558450202e-05,1.4360901558450202e-05,0.5231456413415604,0.5505378003909066,0.8522432973894999,1254,7.5111265266470335,-3.5046992823554165e-15,8.59839616602854e-09
426.90000000002857,1.4993421347657475e-05,1.4993421347657475e-05,0.5504419008368515,0.5828934483336027,0.8348734717327613,1254,7.465783979026839,-2.749804751289252e-15,8.60041078556135e-09
427.0000000000286,1.5476131826925046e-05,1.5476131826925046e-05,0.5725280631635716,0.6095859834444853,0.8198851242034882,1254,7.419453580096916,-1.97025309031996e-15,8.602425405094159e-09
427.1000000000286,1.580420991270694e-05,1.580420991270694e-05,0.5892144790592156,0.6300862882879651,0.807976669011536,1254,7.373943434032121,-1.1738384786522728e-15,8.604440024626969e-09
427.20000000002864,1.5974377557218223e-05,1.5974377557218223e-05,0.60033122381378,0.6439152028750585,0.7997514749684737,1254,7.3310516302270585,-3.6852563318994573e-16,8.606454644159777e-09
427.30000000002866,1.5984934501604878e-05,1.5984934501604878e-05,0.6057190969617339,0.6506693099657145,0.7956785629736808,1254,7.292490500271996,4.3763030529149975e-16,8.608469263692587e-09
427.4000000000287,1.583577526436826e-05,1.583577526436826e-05,0.605226684924989,0.6500505976427549,0.7960531765244757,1254,7.259809483132106,1.2365650071342401e-15,8.610483883225395e-09
427.5000000000287,1.5528390195301343e-05,1.5528390195301343e-05,0.5992187655777815,0.6425249229624831,0.800585330229976,1255,7.234321038953659,2.020286446099433e-15,8.612498502758205e-09
427.60000000002873,1.5065850584406258e-05,1.5065850584406258e-05,0.596674327207339,0.6393504663128062,0.8024834872143285,1255,7.217034697571235,2.7809557450712398e-15,8.614513122291015e-09
427.70000000002875,1.4452777974579797e-05,1.4452777974579797e-05,0.5922218352391923,0.6338134450956635,0.8057749672619043,1256,7.208604417135601,3.5109664456822493e-15,8.616527741823824e-09
427.8000000000288,1.3695297984684491e-05,1.3695297984684491e-05,0.5876276881576471,0.6281237845127233,0.8091314479801778,1256,7.209293807154028,4.203021271811688e-15,8.618542361356634e-09
427.9000000000288,1.2800979104389781e-05,1.2800979104389781e-05,0.5846226990717459,0.6244149256094937,0.8113053061148231,1257,7.218962427858317,4.850205491035412e-15,8.620556980889442e-09
428.0000000000288,1.1778757072325059e-05,1.1778757072325059e-05,0.5797213351880924,0.6183866513214555,0.8148148093448814,1258,7.237074480678084,5.446056051273602e-15,8.622571600422252e-09
428.10000000002884,1.0638845593133043e-05,1.0638845593133043e-05,0.5762890002599419,0.6141805213844108,0.8172459777688702,1258,7.262729070988929,5.984625777077893e-15,8.62458621995506e-09
428.20000000002887,9.392634285509184e-06,9.392634285509184e-06,0.5728226876372163,0.6099453770305191,0.8196793083444746,1259,7.294709240545096,6.4605420360278766e-15,8.62660083948787e-09
428.3000000000289,8.052574880896576e-06,8.052574880896576e-06,0.5678891765321741,0.6039391153787189,0.8231050256058514,1260,7.331545475759893,6.8690594091388784e-15,8.628615459020679e-09
428.4000000000289,6.632056809901372e-06,6.632056809901372e-06,0.5650469225099427,0.600490124191284,0.8250587708533513,1260,7.371588604293186,7.206105999960775e-15,8.630630078553489e-09
428.50000000002893,5.145273419528116e-06,5.145273419528116e-06,0.5615302545074847,0.5962339900653503,0.8274562062567175,1261,7.4130869235555314,7.468323084088953e-15,8.632644698086297e-09
428.60000000002896,3.6070801579481764e-06,3.6070801579481764e-06,0.5568402606212415,0.5905768526131241,0.8306196025565903,1262,7.454262932631551,7.653097835648872e-15,8.634659317619107e-09
428.700000000029,2.0328461437721773e-06,2.0328461437721773e-06,0.5541995336375201,0.5874010026086077,0.8323838519072527,1262,7.493385945179092,7.758588882229417e-15,8.636673937151916e-09
428.800000000029,4.3830060289719187e-07,4.3830060289719187e-07,0.5508831988257945,0.5834221211772352,0.8345823513898795,1263,7.528837910827609,7.783744451865275e-15,8.638688556684726e-09
428.900000000029,-1.1606242927190276e-06,-1.1606242927190276e-06,0.5465768372722027,0.5782709556057579,0.8374089568171074,1264,7.559170773621567,7.728312900394208e-15,8.640703176217536e-09
429.00000000002905,-2.7479526140537765e-06,-2.7479526140537765e-06,0.5438848803330416,0.5750596890820708,0.8391598399262878,1264,7.583154523873468,7.592845453915702e-15,8.642717795750344e-09
429.10000000002907,-4.307824301221254e-06,-4.307824301221254e-06,0.5408954017813535,0.5715013186981848,0.8410898669772381,1265,7.599815698929021,7.378691070469798e-15,8.644732415283154e-09
429.2000000000291,-5.8246536319483e-06,-5.8246536319483e-06,0.5370208853130614,0.5669015628256406,0.8435689472340573,1266,7.608466456109274,7.087983412310478e-15,8.646747034815963e-09
429.3000000000291,-7.283284948959399e-06,-7.283284948959399e-06,0.5341230099353171,0.5634700480903893,0.8454067720675279,1266,7.608724506864999,6.723620016549405e-15,8.648761654348773e-09
429.40000000002914,-8.669144090294376e-06,-8.669144090294376e-06,0.5315068898556377,0.5603785518648848,0.8470539687859251,1267,7.600524208900234,6.289233848346285e-15,8.650776273881581e-09
429.50000000002916,-9.968384009517136e-06,-9.968384009517136e-06,0.5280588614512991,0.5563131136440931,0.8492077713037944,1268,7.584119010235315,5.7891575101292904e-15,8.652790893414391e-09
429.6000000000292,-1.1168023130826412e-05,-1.1168023130826412e-05,0.5248693390633007,0.5525616006901066,0.8511828105120861,1268,7.560075272571561,5.228380458738863e-15,8.6548055129472e-09
429.7000000000292,-1.225607505667005e-05,-1.225607505667005e-05,0.5226267408463395,0.5499290498194243,0.8525616046669783,1269,7.529257316948611,4.612499649347069e-15,8.65682013248001e-09
429.80000000002923,-1.3221668331867161e-05,-1.3221668331867161e-05,0.5195732896696544,0.5463514630655687,0.8544258871674321,1270,7.492803380465831,3.947664082266682e-15,8.658834752012818e-09
429.90000000002925,-1.4055155067594675e-05,-1.4055155067594675e-05,0.5160528110112991,0.5422363147555838,0.8565567676735364,1270,7.452092100920659,3.240513779103933e-15,8.660849371545628e-09
430.0000000000293,-1.4748207339903285e-05,-1.4748207339903285e-05,0.5397161542304156,0.5700999027106279,0.8418470602566301,1254,7.408699213069186,2.498113760889948e-15,8.662863991078436e-09
430.1000000000293,-1.5293900399580694e-05,-1.5293900399580694e-05,0.563993933980075,0.5992144223024125,0.8257789307276365,1254,7.36434440234393,1.7278836450303348e-15,8.664878610611246e-09
430.2000000000293,-1.5686781861956758e-05,-1.5686781861956758e-05,0.5829478090149998,0.6223520187408836,0.8125096011522641,1254,7.320828765457377,9.375235216793309e-16,8.666893230144056e-09
430.30000000002934,-1.5922926185328746e-05,-1.5922926185328746e-05,0.5964009834033003,0.6390098870880692,0.8026866555484627,1254,7.2799640912206565,1.3493681454497074e-16,8.668907849676865e-09
430.40000000002937,-1.5999973893676472e-05,-1.5999973893676472e-05,0.6041905715856517,0.6487496776522215,0.7968398541783684,1254,7.243496168909727,-6.718491231406664e-16,8.670922469209675e-09
430.5000000000294,-1.5917155151766702e-05,-1.5917155151766702e-05,0.6061617617812439,0.6512257640927366,0.7953413849123271,1254,7.213025456081735,-1.474763879643761e-15,8.672937088742483e-09
430.6000000000294,-1.5675297457092366e-05,-1.5675297457092366e-05,0.6021697791197617,0.64621610021865,0.7983680586764837,1254,7.1899295157056935,-2.2657754777411602e-15,8.674951708275293e-09
430.70000000002943,-1.5276817371791125e-05,-1.5276817371791125e-05,0.5984415765607152,0.6415544992476234,0.8011664492747594,1255,7.175292425040852,-3.036971601261881e-15,8.676966327808101e-09
430.80000000002946,-1.4725696377155309e-05,-1.4725696377155309e-05,0.592495536584623,0.6341531621820672,0.8055737328930851,1255,7.169846613566824,-3.7806396339010504e-15,8.678980947340911e-09
430.9000000000295,-1.4027441091986939e-05,-1.4027441091986939e-05,0.5902353586256837,0.6313503725532041,0.8072312069215428,1256,7.173932113514524,-4.489344576763911e-15,8.68099556687372e-09
431.0000000000295,-1.3189028252282914e-05,-1.3189028252282914e-05,0.5857864673980051,0.6258501076607828,0.8104654308564715,1257,7.187476953518961,-5.156003929849609e-15,8.68301018640653e-09
431.1000000000295,-1.221883500199512e-05,-1.221883500199512e-05,0.5813943527615884,0.6204414035493976,0.8136219064018212,1257,7.210000531200516,-5.773958679620652e-15,8.685024805939338e-09
431.20000000002955,-1.1126555191377189e-05,-1.1126555191377189e-05,0.5783743813029265,0.616734541765445,0.8157714600624718,1258,7.240639576703383,-6.337039629144205e-15,8.687039425472148e-09
431.30000000002957,-9.923102519237116e-06,-9.923102519237116e-06,0.5736590105713564,0.6109660462658755,0.8190942189945504,1259,7.278194174118943,-6.83962842787971e-15,8.689054045004956e-09
431.4000000000296,-8.62050148686637e-06,-8.62050148686637e-06,0.570142367458973,0.6066791369474299,0.821545909142196,1259,7.321189625173354,-7.276712785410819e-15,8.691068664537767e-09
431.5000000000296,-7.23176725319775e-06,-7.23176725319775e-06,0.5668526763701506,0.6026804053289183,0.8238191811872296,1260,7.367948970420757,-7.64393546562429e-15,8.693083284070577e-09
431.60000000002964,-5.770775591639574e-06,-5.770775591639574e-06,0.5622327815895517,0.5970832551544243,0.826979019870562,1261,7.416670789666617,-7.937636739466482e-15,8.695097903603385e-09
431.70000000002966,-4.2521242479345025e-06,-4.2521242479345025e-06,0.5591141243207959,0.5933169238984058,0.8290907043170787,1261,7.465507372330042,-8.154890021663343e-15,8.697112523136195e-09
431.8000000000297,-2.690987084309452e-06,-2.690987084309452e-06,0.5558923119253151,0.5894360337066559,0.8312543158037305,1262,7.512639256608198,-8.293530438028858e-15,8.699127142669003e-09
431.9000000000297,-1.1029624672600346e-06,-1.1029624672600346e-06,0.5515791082920292,0.5842561924508232,0.8341225852929353,1263,7.556343231848341,-8.352176081164165e-15,8.701141762201813e-09
432.00000000002973,4.960825861713317e-07,4.960825861713317e-07,0.5485394648529939,0.5806164438055744,0.8361246650463022,1263,7.59505196730847,-8.330241730300007e-15,8.703156381734622e-09
432.10000000002975,2.090170946384773e-06,2.090170946384773e-06,0.545575139775243,0.5770752351706433,0.8380619111135073,1264,7.627404330214281,-8.22794484781957e-15,8.705171001267432e-09
432.2000000000298,3.6633750094205826e-06,3.6633750094205826e-06,0.5416637745988666,0.5724151315891476,0.8405952386775148,1265,7.652286119788417,-8.04630372513386e-15,8.70718562080024e-09
432.3000000000298,5.199975840313024e-06,5.199975840313024e-06,0.5384998168187993,0.5686557270829548,0.8426256270053265,1265,7.668861364159552,-7.787127731336347e-15,8.70920024033305e-09
432.4000000000298,6.684620231492516e-06,6.684620231492516e-06,0.5358800859087314,0.5655497952992501,0.8442941036904443,1266,7.676594532794036,-7.452999711814361e-15,8.711214859865858e-09
432.50000000002984,8.102474106960574e-06,8.102474106960574e-06,0.5323928352951283,0.5614248092959851,0.8464974122384631,1267,7.67526405389732,-7.0472506814204965e-15,8.713229479398669e-09
432.60000000002987,9.439370739473693e-06,9.439370739473693e-06,0.5289842337389823,0.5574031722014048,0.848631651811068,1267,7.6649674429948105,-6.573927049727275e-15,8.715244098931477e-09
432.7000000000299,1.0681952299799069e-05,1.0681952299799069e-05,0.5267331667211349,0.5547527741241244,0.8500306883142074,1268,7.6461181918819,-6.037750699071118e-15,8.717258718464287e-09
432.8000000000299,1.181780332372878e-05,1.181780332372878e-05,0.5236522745588861,0.55113237909978,0.8519320955036881,1269,7.61943437944727,-5.4440723077052515e-15,8.719273337997097e-09
432.90000000002993,1.2835574763294144e-05,1.2835574763294144e-05,0.5199361995474061,0.5467762591456763,0.8542050973859848,1269,7.5859187899833085,-4.798818371368164e-15,8.721287957529905e-09
433.00000000002996,1.3725097382701526e-05,1.3725097382701526e-05,0.5180431594677647,0.5445616076858018,0.8553544791071455,1270,7.546830205427853,-4.108432429439228e-15,8.723302577062715e-09
433.10000000003,1.447748336597489e-05,1.447748336597489e-05,0.5280912581287148,0.5563512633911721,0.8491876253738223,1254,7.503645524672054,-3.3798110494584673e-15,8.725317196595524e-09
433.20000000003,1.5085215121075105e-05,1.5085215121075105e-05,0.5545260316618053,0.5877932983943238,0.8321663777210724,1254,7.458012507524032,-2.620235168592948e-15,8.727331816128334e-09
433.30000000003,1.5542220393194615e-05,1.5542220393194615e-05,0.5757169441334125,0.6134807136453504,0.8176490691229857,1254,7.41169329151675,-1.8372974344289907e-15,8.729346435661142e-09
433.40000000003005,1.5843932936720262e-05,1.5843932936720262e-05,0.5914784566995099,0.632891194071496,0.8063208017038664,1254,7.366499419092919,-1.0388262314994298e-15,8.731361055193952e-09
433.50000000003007,1.5987338139650037e-05,1.5987338139650037e-05,0.6016429525800293,0.6455563850248781,0.7987651454656648,1254,7.3242199397511,-2.32807125075589e-16,8.73337567472676e-09
433.6000000000301,1.5971003144599727e-05,1.5971003144599727e-05,0.6060525365279709,0.6510884399949128,0.7954246180299002,1254,7.286545161627848,5.726974996521642e-16,8.73539029425957e-09
433.7000000000301,1.5795091165440245e-05,1.5795091165440245e-05,0.6045574137693068,0.6492101293272377,0.7965615691561871,1254,7.25498969580729,1.3696297774503047e-15,8.737404913792379e-09
433.80000000003014,1.546135985651858e-05,1.546135985651858e-05,0.5991948853463526,0.6424950948305364,0.8006032034502306,1255,7.230819371889529,2.150017810769778e-15,8.739419533325189e-09
433.90000000003016,1.4973143750756577e-05,1.4973143750756577e-05,0.5956771679516764,0.6381084478663008,0.8032239485853683,1255,7.214987170364227,2.906056315833467e-15,8.741434152857997e-09
434.0000000000302,1.4335320942100225e-05,1.4335320942100225e-05,0.5918462145402893,0.6333473641138181,0.8060509030665061,1256,7.2080832948379845,3.63018553546167e-15,8.743448772390807e-09
434.1000000000302,1.3554264345217427e-05,1.3554264345217427e-05,0.5862953833041611,0.6264781806908114,0.8100973543446657,1256,7.210303760817244,4.315167491687372e-15,8.745463391923617e-09
434.20000000003023,1.2637778019441259e-05,1.2637778019441259e-05,0.5838881718850935,0.6235098559221537,0.811834098035235,1257,7.2214404256323395,4.954158691815808e-15,8.747478011456426e-09
434.30000000003025,1.1595019193188781e-05,1.1595019193188781e-05,0.5795185110397244,0.618137752809632,0.8149590758819125,1258,7.240893421769758,5.540778481113373e-15,8.749492630989236e-09
434.4000000000303,1.0436406767961668e-05,1.0436406767961668e-05,0.5751831607680087,0.612828036599184,0.8180246521767685,1258,7.2677048202256795,6.069172346981163e-15,8.751507250522044e-09
434.5000000000303,9.17351721612645e-06,9.17351721612645e-06,0.5722364364888859,0.6092303354835893,0.8200886907856377,1259,7.3006104283937026,6.5340696066278004e-15,8.753521870054854e-09
434.6000000000303,7.818968912629283e-06,7.818968912629283e-06,0.5677662031812877,0.603789721303509,0.8231898556986139,1260,7.33810524340923,6.930835031120512e-15,8.755536489587662e-09
434.70000000003034,6.38629605636458e-06,6.38629605636458e-06,0.564068049732641,0.5993041775888195,0.8257283059643861,1260,7.378517412971478,7.255514054245872e-15,8.757551109120473e-09
434.80000000003037,4.8898134409334615e-06,4.8898134409334615e-06,0.5610117737147623,0.595607527136183,0.8278078217517737,1261,7.420085599538468,7.504871275787708e-15,8.759565728653281e-09
434.9000000000304,3.3444734259579375e-06,3.3444734259579375e-06,0.5567349685660099,0.5904500947306264,0.8306901797757116,1262,7.461035251881472,7.676421999241809e-15,8.761580348186091e-09
435.0000000000304,1.7657165380461563e-06,1.7657165380461563e-06,0.5532785073413535,0.5862949173918199,0.8329963345142185,1262,7.499650234056094,7.768456557205548e-15,8.7635949677189e-09
435.10000000003043,1.6931719415449708e-07,1.6931719415449708e-07,0.5503786777863425,0.5828177225206702,0.8349151519993857,1263,7.534337315373885,7.780057190976569e-15,8.76560958725171e-09
435.20000000003046,-1.4287739111723315e-06,-1.4287739111723315e-06,0.5464499550480203,0.5781194454622243,0.837491759140361,1264,7.5636820035531676,7.711107278842847e-15,8.767624206784518e-09
435.3000000000305,-3.0125891798685823e-06,-3.0125891798685823e-06,0.5429749913466986,0.573975783931322,0.839748866490484,1264,7.586494994780413,7.562292757921909e-15,8.769638826317328e-09
435.4000000000305,-4.566303653309156e-06,-4.566303653309156e-06,0.5403704938855841,0.5708773632094681,0.8414271978833641,1265,7.601849073701159,7.335095657300585e-15,8.771653445850138e-09
435.5000000000305,-6.074393130065151e-06,-6.074393130065151e-06,0.5368493585280296,0.5666982413465188,0.8436781176776147,1266,7.609106627515323,7.031779749678751e-15,8.773668065382946e-09
435.60000000003055,-7.5217892785929154e-06,-7.5217892785929154e-06,0.533194170357907,0.5623717393905888,0.8459928939987282,1266,7.6079380742742115,6.655368425730302e-15,8.775682684915756e-09
435.70000000003057,-8.89403019502191e-06,-8.89403019502191e-06,0.5309412129187967,0.5597108747997029,0.8474086549146858,1267,7.598331491289232,6.209614991017863e-15,8.777697304448564e-09
435.8000000000306,-1.0177404901717707e-05,-1.0177404901717707e-05,0.5278307510241466,0.5560445205036167,0.8493495736581526,1268,7.580593612816359,5.698965672943081e-15,8.779711923981374e-09
435.9000000000306,-1.1359090342838276e-05,-1.1359090342838276e-05,0.5239451497611843,0.5514761930722445,0.8517520061859145,1269,7.555342193349177,5.1285157016592545e-15,8.781726543514183e-09
436.00000000003064,-1.2427279508069204e-05,-1.2427279508069204e-05,0.5220095842756358,0.5492053252800974,0.8529396191550594,1269,7.523489550108081,4.5039588940365785e-15,8.783741163046993e-09
436.10000000003066,-1.3371299404367895e-05,-1.3371299404367895e-05,0.5192839148228456,0.5460128203995984,0.8546017878557589,1270,7.486216954148463,3.831531225662454e-15,8.785755782579801e-09
436.2000000000307,-1.4181717696982016e-05,-1.4181717696982016e-05,0.5157856283706405,0.5419244176877879,0.8567176813666819,1271,7.444939486892095,3.1179489253194905e-15,8.787770402112611e-09
436.3000000000307,-1.4850436954220435e-05,-1.4850436954220435e-05,0.5441587298178423,0.5753860612982097,0.8389822863225614,1254,7.401261074734701,2.3703416720984776e-15,8.78978502164542e-09
436.40000000003073,-1.5370775554314017e-05,-1.5370775554314017e-05,0.5675544944492643,0.6035325631769651,0.8233358341712329,1254,7.35691971437957,1.5961815193419068e-15,8.79179964117823e-09
436.50000000003075,-1.5737534445971703e-05,-1.5737534445971703e-05,0.5855952330364923,0.6256141715531378,0.810603616476596,1254,7.313723448642631,8.032082134230679e-16,8.793814260711038e-09
436.6000000000308,-1.5947049095582412e-05,-1.5947049095582412e-05,0.5981071385616448,0.6411371254490136,0.8014161533196106,1254,7.273478458846438,-6.483800483570039e-19,8.795828880243848e-09
436.7000000000308,-1.599722610202357e-05,-1.599722610202357e-05,0.6049289143690384,0.6496765921842094,0.7962794789270263,1254,7.237911664952904,-8.073479840209892e-16,8.797843499776658e-09
436.8000000000308,-1.5887564113233138e-05,-1.5887564113233138e-05,0.6059070468729888,0.6509055445752284,0.7955354489585323,1254,7.208591355755559,-1.608820945961096e-15,8.799858119309466e-09
436.90000000003084,-1.561915883555367e-05,-1.561915883555367e-05,0.6008993380024088,0.6446257558449483,0.7993247059789075,1254,7.186850419280089,-2.3970497492598045e-15,8.801872738842276e-09
437.00000000003087,-1.5194692085796745e-05,-1.5194692085796745e-05,0.5978467287588091,0.6408122277804383,0.8016104346329276,1255,7.1737174627175415,-3.164150105128356e-15,8.803887358375085e-09
437.1000000000309,-1.4618404995415894e-05,-1.4618404995415894e-05,0.5924939875296337,0.6341512392620033,0.8055748722131508,1256,7.1698612540249025,-3.9024506999292455e-15,8.805901977907895e-09
437.2000000000309,-1.3896055634523017e-05,-1.3896055634523017e-05,0.5892986998761839,0.6301905289443936,0.8079152445177894,1256,7.175553311291182,-4.604570665122437e-15,8.807916597440703e-09
437.30000000003093,-1.3034861479155203e-05,-1.3034861479155203e-05,0.5854275067758596,0.6254072717509681,0.8107247586636298,1257,7.190652090105931,-5.263493861843e-15,8.809931216973513e-09
437.40000000003096,-1.2043427296639957e-05,-1.2043427296639957e-05,0.5801025707909785,0.6188546093009512,0.8145434349141228,1257,7.214610243349156,-5.8726391356778635e-15,8.811945836506322e-09
437.500000000031,-1.09316591696044e-05,-1.09316591696044e-05,0.5776422689065609,0.615837379063194,0.8162900276081292,1258,7.2465041878307295,-6.425925797024522e-15,8.813960456039132e-09
437.600000000031,-9.7106655176722e-06,-9.7106655176722e-06,0.5734256772219468,0.6106812071402633,0.819257586295392,1259,7.285083120484985,-6.917833705644627e-15,8.81597507557194e-09
437.700000000031,-8.392646105806627e-06,-8.392646105806627e-06,0.5690257517923489,0.605320612884755,0.8223197029119222,1259,7.3288330514942075,-7.343457464167583e-15,8.81798969510475e-09
437.80000000003105,-6.990770148291754e-06,-6.990770148291754e-06,0.5662277555698382,0.6019220376314024,0.8242488270069565,1260,7.376050583929628,-7.698554333175982e-15,8.820004314637558e-09
437.90000000003107,-5.519044726296497e-06,-5.519044726296497e-06,0.5620478531536047,0.5968596528890765,0.8271047157194934,1261,7.424921099284242,-7.979585556259689e-15,8.822018934170368e-09
438.0000000000311,-3.992174833749691e-06,-3.992174833749691e-06,0.558089338955225,0.5920814030154209,0.8297808685095843,1261,7.473596568496063,-8.183750825437174e-15,8.824033553703177e-09
438.1000000000311,-2.425416449901591e-06,-2.425416449901591e-06,0.555308058053596,0.5887333406016645,0.8316447322389194,1262,7.52026916498217,-8.30901563566613e-15,8.826048173235987e-09
438.20000000003114,-8.344241066221486e-07,-8.344241066221486e-07,0.5513922711049054,0.5840322165545447,0.8342461047950865,1263,7.563237960512422,-8.354131288377732e-15,8.828062792768797e-09
438.30000000003116,7.649055265067284e-07,7.649055265067284e-07,0.5475491550111319,0.5794324987988031,0.8367735194463287,1263,7.60096703291131,-8.318647324433471e-15,8.830077412301605e-09
438.4000000000312,2.3565924764588973e-06,2.3565924764588973e-06,0.5449878398575441,0.5763746114413744,0.8384439482800314,1264,7.6321341774309035,-8.202916207513568e-15,8.832092031834415e-09
438.5000000000312,3.9247331333721826e-06,3.9247331333721826e-06,0.541444117877733,0.5721538426556425,0.840736740731368,1265,7.655670035707343,-8.008090142911604e-15,8.834106651367224e-09
438.60000000003123,5.453659154161083e-06,5.453659154161083e-06,0.5375059101406005,0.5674766357401279,0.8432599815975644,1265,7.670787837682,-7.736110000268229e-15,8.836121270900034e-09
438.70000000003125,6.928094015421616e-06,6.928094015421616e-06,0.5352626204436313,0.5648186255869254,0.8446856972601212,1266,7.677004125800196,-7.389686403798037e-15,8.838135890432842e-09
438.8000000000313,8.33330565140343e-06,8.33330565140343e-06,0.5321230541360349,0.5611061383500365,0.8466670273826297,1267,7.6741508440345205,-6.972273150737434e-15,8.840150509965652e-09
438.9000000000313,9.655253651940994e-06,9.655253651940994e-06,0.5281878588779636,0.5564650240769328,0.8491275438554048,1268,7.662379075502487,-6.488033210296118e-15,8.84216512949846e-09
439.0000000000313,1.0880729549590843e-05,1.0880729549590843e-05,0.5260701908752996,0.5539730190041187,0.8504411527392274,1268,7.642154547313838,-5.9417976366715135e-15,8.84417974903127e-09
439.10000000003134,1.1997488794272128e-05,1.1997488794272128e-05,0.5233242307669793,0.5507473660336817,0.852133645323402,1269,7.614244832579827,-5.339017799387216e-15,8.846194368564079e-09
439.20000000003137,1.2994373096763517e-05,1.2994373096763517e-05,0.5197967630584068,0.5466130318789713,0.854289953770968,1270,7.579698009915617,-4.685711393639697e-15,8.848208988096889e-09
439.3000000000314,1.3861421918640648e-05,1.3861421918640648e-05,0.5173273339235336,0.5437249436729497,0.8557876077483062,1270,7.539812435845303,-3.9884027451216315e-15,8.850223607629697e-09
439.4000000000314,1.4589971994683558e-05,1.4589971994683558e-05,0.5328991256873814,0.5620230222093772,0.8461787765251646,1254,7.496097295094134,-3.254057970771482e-15,8.852238227162507e-09
439.50000000003143,1.5172743893359058e-05,1.5172743893359058e-05,0.5584662047887028,0.5925356475494774,0.8295272738788657,1254,7.450223769729451,-2.490015601426295e-15,8.854252846695317e-09
439.60000000003146,1.5603914750494356e-05,1.5603914750494356e-05,0.5787565007934066,0.6172030344690267,0.8155004063698384,1254,7.403967057242471,-1.7039133161162397e-15,8.856267466228126e-09
439.7000000000315,1.5879176449411094e-05,1.5879176449411094e-05,0.5935882488572239,0.6355102797035496,0.804768905225975,1254,7.359140098265578,-9.036114819018275e-16,8.858282085760936e-09
439.8000000000315,1.5995778666203112e-05,1.5995778666203112e-05,0.60279589960395,0.6470005828055289,0.7978954213558721,1254,7.317520737995034,-9.711423851483969e-17,8.860296705293744e-09
439.9000000000315,1.5952556350063792e-05,1.5952556350063792e-05,0.6062228083885629,0.6513025215634296,0.7952948551257475,1254,7.2807750758417145,7.075110861164246e-16,8.862311324826554e-09
440.00000000003155,1.5749941364088603e-05,1.5749941364088603e-05,0.603721009035796,0.6481605282539032,0.7971956743791329,1254,7.250380819286312,1.5022153959916658e-15,8.864325944359362e-09
440.10000000003157,1.5389958170241796e-05,1.5389958170241796e-05,0.5990126034792685,0.6422674335623305,0.8007395961690595,1255,7.227555348118676,2.279049204453315e-15,8.866340563892172e-09
440.2000000000316,1.4876203601601671e-05,1.4876203601601671e-05,0.5945166789323959,0.6366644316904222,0.8040832783183558,1255,7.213193677190724,3.0302430542674282e-15,8.868355183424981e-09
440.3000000000316,1.4213810923993399e-05,1.4213810923993399e-05,0.591314923968531,0.6326883956706233,0.8064407360073587,1256,7.207821367523105,3.7482860473668935e-15,8.870369802957791e-09
440.40000000003164,1.3409398546093736e-05,1.3409398546093736e-05,0.5860297262098929,0.6261502872838061,0.8102895531835259,1257,7.211566564499378,4.426001561436945e-15,8.8723844224906e-09
440.50000000003166,1.2471003890479281e-05,1.2471003890479281e-05,0.5829988951785442,0.6224148946943671,0.8124729461468836,1257,7.224153785655358,5.056619277695436e-15,8.87439904202341e-09
440.6000000000317,1.1408003086356904e-05,1.1408003086356904e-05,0.5791687549489939,0.6177086481365227,0.8152076749459811,1258,7.244920062828745,5.633842729923949e-15,8.876413661556218e-09
440.7000000000317,1.0231017286380053e-05,1.0231017286380053e-05,0.5739221290917895,0.6112873134940959,0.818909878887016,1258,7.27285191695142,6.151911700470003e-15,8.878428281089028e-09
440.80000000003173,8.951806543602324e-06,8.951806543602324e-06,0.5715026421315108,0.6083358401271827,0.8206002254671286,1259,7.306639792722811,6.6056589165982554e-15,8.880442900621838e-09
440.90000000003175,7.583152308914706e-06,7.583152308914706e-06,0.5675034549619438,0.6034705734095394,0.8233710151603936,1260,7.344745309510331,6.990560618309352e-15,8.882457520154646e-09
441.0000000000318,6.138729723013262e-06,6.138729723013262e-06,0.5629401016843733,0.5979388100525105,0.826497696255463,1260,7.3854761405776586,7.302780658811236e-15,8.884472139687456e-09
441.1000000000318,4.632970978913701e-06,4.632970978913701e-06,0.5603518659563155,0.5948105672029607,0.8282546627211196,1261,7.427063484957969,7.53920785424423e-15,8.886486759220264e-09
441.2000000000318,3.0809211202494063e-06,3.0809211202494063e-06,0.5564955874041644,0.5901619511374514,0.830850564903036,1262,7.467737777994639,7.697486325645934e-15,8.888501378753074e-09
441.30000000003184,1.4980877161686866e-06,1.4980877161686866e-06,0.5522137117455662,0.5850171875844735,0.8337025947903632,1262,7.5057992660106425,7.776038588163066e-15,8.890515998285883e-09
441.40000000003187,-9.971408517003728e-08,-9.971408517003728e-08,0.54973764742773,0.5820501375964509,0.835337368373177,1263,7.539681122445203,7.774081157410062e-15,8.892530617818693e-09
441.5000000000319,-1.6965195763308359e-06,-1.6965195763308359e-06,0.546193260909726,0.577812972620324,0.8376591918774603,1264,7.568003735804398,7.691632474261235e-15,8.894545237351501e-09
441.6000000000319,-3.276374004679742e-06,-3.276374004679742e-06,0.5419256585447845,0.5727267087080099,0.840426427839345,1264,7.589619553826451,7.52951300371576e-15,8.896559856884311e-09
441.70000000003193,-4.823491986999127e-06,-4.823491986999127e-06,0.5397128274188706,0.5700959509152392,0.8418491930978662,1265,7.603648387868736,7.289337439692369e-15,8.89857447641712e-09
441.80000000003196,-6.322415231818861e-06,-6.322415231818861e-06,0.5365510763119415,0.5663447313156248,0.8438678465900316,1266,7.609503377045539,6.973499038999173e-15,8.90058909594993e-09
441.900000000032,-7.758166993554848e-06,-7.758166993554848e-06,0.5325628623867361,0.5616256815387438,0.8463904522183874,1267,7.606907919021705,6.585146205084813e-15,8.902603715482738e-09
442.000000000032,-9.116401715200247e-06,-9.116401715200247e-06,0.5302455245476828,0.5588901260185886,0.8478441387997872,1267,7.595903839625323,6.128151536833928e-15,8.904618335015548e-09
442.100000000032,-1.0383548364389079e-05,-1.0383548364389079e-05,0.527477981359367,0.5556292331236492,0.849568701860566,1268,7.576850944051122,5.6070736435642266e-15,8.906632954548358e-09
442.20000000003205,-1.1546946030665637e-05,-1.1546946030665637e-05,0.5239137646493802,0.551439345778787,0.8517713115683774,1269,7.550417914672759,5.027112101863151e-15,8.908647574081166e-09
442.30000000003207,-1.2594970429116619e-05,-1.2594970429116619e-05,0.521264384632877,0.5483318746910344,0.853395243315375,1269,7.517564340729418,4.394055993327626e-15,8.910662193613976e-09
442.4000000000321,-1.3517150046383505e-05,-1.3517150046383505e-05,0.5188712911810306,0.5455300655615375,0.8548523750848038,1270,7.479513532543161,3.714226516878002e-15,8.912676813146785e-09
442.5000000000321,-1.4304270768562611e-05,-1.4304270768562611e-05,0.5207544467074642,0.5477344435079465,0.8537065105962369,1254,7.4377157412273975,2.994414217972258e-15,8.914691432679595e-09
442.60000000003214,-1.4948467945585441e-05,-1.4948467945585441e-05,0.5484566524056923,0.5805174038410686,0.8361789882746047,1254,7.393801531296507,2.2418114223539587e-15,8.916706052212403e-09
442.70000000003216,-1.5443304972202454e-05,-1.5443304972202454e-05,0.5709650568534188,0.6076808771875503,0.8209743624817843,1254,7.349525392710822,1.4639405058803295e-15,8.918720671745213e-09
442.8000000000322,-1.5783837600415064e-05,-1.5783837600415064e-05,0.5880879456949725,0.6286927312159476,0.8087969882042508,1254,7.306700269890055,6.685786758554793e-16,8.920735291278022e-09
442.9000000000322,-1.596666334076729e-05,-1.596666334076729e-05,0.5996542123562983,0.643068944262522,0.8002592240039145,1254,7.267124532974177,-1.3632001591499075e-16,8.922749910810832e-09
443.00000000003223,-1.598995545889569e-05,-1.598995545889569e-05,0.6055040102713489,0.650399019201363,0.7958422541844045,1254,7.232503969507342,-9.42704661896919e-16,8.92476453034364e-09
443.10000000003225,-1.5853481227655268e-05,-1.5853481227655268e-05,0.6054852203457083,0.6503754093003038,0.7958565498523644,1254,7.204372507086199,-1.7425086756047047e-15,8.92677914987645e-09
443.2000000000323,-1.55586042524522e-05,-1.55586042524522e-05,0.5994586126837766,0.6428245462477133,0.8004057544016296,1254,7.184016388139452,-2.5277312960757818e-15,8.928793769409258e-09
443.3000000000323,-1.5108270846549351e-05,-1.5108270846549351e-05,0.59709019335985,0.6398687901523678,0.8021741089024856,1255,7.172407156584743,-3.2905185189212437e-15,8.930808388942068e-09
443.4000000000323,-1.4506980592478068e-05,-1.4506980592478068e-05,0.5923465923571847,0.6339682826405367,0.8056832594281894,1256,7.170148841779556,-4.02324252573531e-15,8.932823008474878e-09
443.50000000003234,-1.3760741383696903e-05,-1.3760741383696903e-05,0.588203528656614,0.6288356459021462,0.8087129335406402,1256,7.177443986154981,-4.718578680695366e-15,8.934837628007687e-09
443.60000000003237,-1.2877009395706114e-05,-1.2877009395706114e-05,0.5849184955262242,0.6247795667938353,0.8110920746692932,1257,7.194081669074959,-5.3695791942886795e-15,8.936852247540497e-09
443.7000000000324,-1.1864614586406752e-05,-1.1864614586406752e-05,0.5797685806882219,0.6184446356317282,0.8147811932333519,1258,7.2194486322468965,-5.969742624203425e-15,8.938866867073305e-09
443.8000000000324,-1.0733672470080108e-05,-1.0733672470080108e-05,0.5767612376101988,0.6147584791104632,0.8169127706128432,1258,7.252562367767444,-6.51307848834223e-15,8.940881486606115e-09
443.90000000003243,-9.495483046512769e-06,-9.495483046512769e-06,0.5730520412132043,0.610225213309225,0.819518979683436,1259,7.292123002213853,-6.994166390190541e-15,8.942896106138924e-09
444.00000000003246,-8.162417895134012e-06,-8.162417895134012e-06,0.5679023225012785,0.6039550866595702,0.8230959555833414,1260,7.336579348452662,-7.408209181217682e-15,8.944910725671734e-09
444.1000000000325,-6.7477965622836705e-06,-6.7477965622836705e-06,0.5654624073100823,0.6009937931462999,0.8247740696209396,1260,7.384203791210784,-7.75107978813324e-15,8.946925345204542e-09
444.2000000000325,-5.265753476707947e-06,-5.265753476707947e-06,0.5617308367794125,0.5964764183332799,0.8273200511356539,1261,7.433170721505772,-8.019361402661561e-15,8.948939964737352e-09
444.3000000000325,-3.731096723019612e-06,-3.731096723019612e-06,0.5569231868979571,0.590676692602328,0.830564003491256,1261,7.481633879701131,-8.210380768562815e-15,8.95095458427016e-09
444.40000000003255,-2.1591600842114487e-06,-2.1591600842114487e-06,0.5545906214420704,0.5878709168279255,0.8321233337724031,1262,7.527798965448733,-8.322234316522606e-15,8.95296920380297e-09
444.50000000003257,-5.656498315652669e-07,-5.656498315652669e-07,0.5510799682653065,0.5836579094784048,0.8344524363777176,1263,7.569988980033109,-8.353806909253753e-15,8.954983823335779e-09
444.6000000000326,1.0335122072189426e-06,1.0335122072189426e-06,0.5465974605460249,0.5782955832854739,0.8373954956438665,1264,7.606700790522186,-8.30478298244388e-15,8.956998442868589e-09
444.7000000000326,2.6223477336623303e-06,2.6223477336623303e-06,0.544273218539742,0.5755225287673759,0.8389080185457701,1264,7.636652229579936,-8.175649911708072e-15,8.959013062401399e-09
444.80000000003264,4.184981628383865e-06,4.184981628383865e-06,0.5411040718643492,0.5717494333674147,0.8409556370057942,1265,7.658819625220144,-7.967693503385105e-15,8.961027681934207e-09
444.90000000003266,5.705800570045571e-06,5.705800570045571e-06,0.5370645717988389,0.5669533513677623,0.8435411345740822,1266,7.672465998459346,-7.682985593143023e-15,8.963042301467017e-09
445.0000000000327,7.1696090384982645e-06,7.1696090384982645e-06,0.5345223455723592,0.5639424777780856,0.8451543421670525,1266,7.677160310303269,-7.324363832379316e-15,8.965056920999826e-09
445.1000000000327,8.561781143395905e-06,8.561781143395905e-06,0.5317365813247634,0.560649740035554,0.8469097992590788,1267,7.6727881305494945,-6.895403839101454e-15,8.967071540532636e-09
445.20000000003273,9.868406761257263e-06,9.868406761257263e-06,0.5281307353656066,0.5563977523017342,0.8491630740689232,1268,7.659553987860407,-6.40038398003029e-15,8.969086160065444e-09
445.30000000003275,1.1076430520821667e-05,1.1076430520821667e-05,0.5252877153776574,0.5530531986738241,0.8509246829616127,1268,7.63797548851402,-5.8442431300055385e-15,8.971100779598254e-09
445.4000000000328,1.217378224800311e-05,1.217378224800311e-05,0.5228820425573929,0.5502285298220618,0.8524050501792025,1269,7.608869102718641,-5.232531822602499e-15,8.973115399131062e-09
445.5000000000328,1.3149497567079842e-05,1.3149497567079842e-05,0.5196751072386834,0.546470632276272,0.8543639639617666,1270,7.573327355349914,-4.571357263805906e-15,8.975130018663872e-09
445.6000000000328,1.3993827453112249e-05,1.3993827453112249e-05,0.5164943172410276,0.5427518378827193,0.8562906167054062,1270,7.532687068707344,-3.867322731372609e-15,8.97714463819668e-09
445.70000000003284,1.4698335640977441e-05,1.4698335640977441e-05,0.5375578076762656,0.5675381808801961,0.8432268991240063,1254,7.488488338829913,-3.1274619289375773e-15,8.97915925772949e-09
445.80000000003287,1.5255982917741716e-05,1.5255982917741716e-05,0.5622512327634348,0.5971055668617161,0.8269664752914703,1254,7.442424135760377,-2.3591689082154036e-15,8.9811738772623e-09
445.9000000000329,1.5661197456149323e-05,1.5661197456149323e-05,0.581635721882825,0.6207380950614447,0.8134493758248543,1254,7.396280846654095,-1.5701242164076213e-15,8.98318849679511e-09
446.0000000000329,1.5909930486478605e-05,1.5909930486478605e-05,0.5955329561249503,0.6379289185728968,0.8033308771415911,1254,7.351870752291545,-7.682179702446652e-16,8.98520311632792e-09
446.10000000003294,1.599969675051072e-05,1.599969675051072e-05,0.6037792384948584,0.6482335731431058,0.7971515735182167,1254,7.310958325432183,3.8529396300364453e-17,8.987217735860728e-09
446.20000000003296,1.592959933340825e-05,1.592959933340825e-05,0.6062191627556687,0.6512979375698309,0.7952976340388648,1254,7.275183286613237,8.420479165665109e-16,8.989232355393538e-09
446.300000000033,1.5700338625391747e-05,1.5700338625391747e-05,0.6027068564873012,0.6468889900313912,0.7979626840543333,1254,7.24598440130656,1.6342995667137861e-15,8.991246974926346e-09
446.400000000033,1.53142053236722e-05,1.53142053236722e-05,0.5986615171973326,0.6418290529246523,0.8010021147456402,1255,7.224528840680586,2.407359546907665e-15,8.993261594459156e-09
446.500000000033,1.47750575445617e-05,1.47750575445617e-05,0.5931825283909844,0.6350062280747142,0.8050680021039707,1255,7.2116523189362605,3.1534964489256092e-15,8.995276213991964e-09
446.60000000003305,1.4088282274450551e-05,1.4088282274450551e-05,0.5906178994100904,0.6318243471644521,0.8069513596843446,1256,7.207814962778867,3.865250376614541e-15,8.997290833524774e-09
446.70000000003307,1.3260741544819993e-05,1.3260741544819993e-05,0.5858982281052009,0.6259880114792321,0.8103846409595792,1257,7.2130768740316284,4.535508101573287e-15,8.999305453057583e-09
446.8000000000331,1.2300703869091895e-05,1.2300703869091895e-05,0.5819452161514153,0.6211186182938466,0.8132279910323319,1257,7.227095692488739,5.157574390228359e-15,9.001320072590393e-09
446.9000000000331,1.121776162637588e-05,1.121776162637588e-05,0.5786629541294861,0.617088328386841,0.8155667878954711,1258,7.249146403140187,5.725238730104443e-15,9.003334692123201e-09
447.00000000003314,1.0022735217588057e-05,1.0022735217588057e-05,0.5737142928878862,0.611033539872727,0.8190554988132078,1259,7.278161525705399,6.232836802226503e-15,9.005349311656011e-09
447.10000000003316,8.727564951581825e-06,8.727564951581825e-06,0.5706127890961691,0.6072518562113502,0.8212192429064792,1259,7.312788053215461,6.675306174103262e-15,9.00736393118882e-09
447.2000000000332,7.3451917415287595e-06,7.3451917415287595e-06,0.5670931625771659,0.6029723509074874,0.8236536559490452,1260,7.351456352359774,7.04823580183949e-15,9.00937855072163e-09
447.3000000000332,5.889427803591885e-06,5.889427803591885e-06,0.5622678004912802,0.5971256013385418,0.826955210716214,1261,7.392455817763673,7.347909014299449e-15,9.01139317025444e-09
447.40000000003323,4.374818649827493e-06,4.374818649827493e-06,0.5595434998705536,0.5938349016928276,0.8288009844061551,1261,7.434012328023565,7.571339702070002e-15,9.013407789787248e-09
447.50000000003325,2.816497754236785e-06,2.816497754236785e-06,0.5561159742787414,0.5897051240173365,0.8311047004752207,1262,7.474363299926936,7.716301456758415e-15,9.015422409320058e-09
447.6000000000333,1.2300353440961069e-06,1.2300353440961069e-06,0.5516173394092978,0.5843020270767383,0.8340973029946852,1263,7.511827143617956,7.781349417490939e-15,9.017437028852866e-09
447.7000000000333,-3.6871717260715866e-07,-3.6871717260715866e-07,0.5489547877573004,0.5811132484479936,0.8358520449208324,1263,7.544864966824765,7.765834598359813e-15,9.019451648385676e-09
447.8000000000333,-1.9637855892034246e-06,-1.9637855892034246e-06,0.5458024058545511,0.5773464396522172,0.8379139178718682,1264,7.572133300883429,7.66991050558016e-15,9.021466267918485e-09
447.90000000003334,-3.5392325093335713e-06,-3.5392325093335713e-06,0.5417195297226722,0.5724814611528138,0.8405593085065722,1265,7.592527336897443,7.494531911411242e-15,9.023480887451295e-09
448.00000000003337,-5.079316588145165e-06,-5.079316588145165e-06,0.5389189054682307,0.5691531666078369,0.842357651671144,1265,7.6052146406422665,7.24144573124208e-15,9.025495506984103e-09
448.1000000000334,-6.568649814606824e-06,-6.568649814606824e-06,0.5361235372857565,0.565838170714086,0.844139533944601,1266,7.609659575766594,6.913174043298411e-15,9.027510126516913e-09
448.2000000000334,-7.992351263427849e-06,-7.992351263427849e-06,0.5324740346574502,0.5615207361243492,0.8464463375876916,1267,7.605638744993185,6.5129893878884066e-15,9.029524746049722e-09
448.30000000003344,-9.336195780344742e-06,-9.336195780344742e-06,0.5294181520381636,0.5579145689763311,0.8483610200218396,1267,7.593247705072387,6.0448825766217206e-15,9.031539365582532e-09
448.40000000003346,-1.0586756115160402e-05,-1.0586756115160402e-05,0.5269998462886595,0.5550665339715675,0.8498653787581474,1268,7.572899070508465,5.513523326103075e-15,9.03355398511534e-09
448.5000000000335,-1.1731537082389633e-05,-1.1731537082389633e-05,0.5237625566415444,0.5512618336318436,0.8518642992051686,1269,7.5453119397058686,4.924214103132531e-15,9.03556860464815e-09
448.6000000000335,-1.2759100409022147e-05,-1.2759100409022147e-05,0.5203911944847016,0.5473089985803831,0.8539279856655275,1269,7.511492401805776,4.2828376301978026e-15,9.03758322418096e-09
448.7000000000335,-1.3659179021965508e-05,-1.3659179021965508e-05,0.5183363627029369,0.544904428925361,0.8551768326491834,1270,7.472704762951203,3.5957985534488234e-15,9.039597843713768e-09
448.80000000003355,-1.4422779633245612e-05,-1.4422779633245612e-05,0.5257702606164232,0.5536203813702929,0.8506266120051373,1254,7.430433121576454,2.8699598232715208e-15,9.041612463246578e-09
448.9000000000336,-1.5042272597967348e-05,-1.5042272597967348e-05,0.5526138115063259,0.5854971709613248,0.8334374453625485,1254,7.386333080936307,2.1125743825313915e-15,9.043627082779387e-09
449.0000000000336,-1.551146814720436e-05,-1.551146814720436e-05,0.5742293836008339,0.6116625622627772,0.8186944576637896,1254,7.342173766493189,1.3312128013830172e-15,9.045641702312197e-09
449.1000000000336,-1.58256782341241e-05,-1.58256782341241e-05,0.5904295348910074,0.6315909397472765,0.8070891923005713,1254,7.299770950870722,5.33687541517393e-16,9.047656321845005e-09
449.20000000003364,-1.5981763375402114e-05,-1.5981763375402114e-05,0.6010455873328202,0.6448087345387754,0.7992147408223557,1254,7.260912976783617,-2.720254222702456e-16,9.049670941377815e-09
449.30000000003366,-1.5978164019901632e-05,-1.5978164019901632e-05,0.6059190361070625,0.6509206153089069,0.7955263174044517,1254,7.2272822455649735,-1.0778668488276e-15,9.051685560910624e-09
449.4000000000337,-1.581491613119303e-05,-1.581491613119303e-05,0.6048992950135628,0.649639395524269,0.7963019797112744,1254,7.200376166720497,-1.875775523915682e-15,9.053700180443434e-09
449.5000000000337,-1.549365082821771e-05,-1.549365082821771e-05,0.5992299424141334,0.6425388838662446,0.8005769645164382,1255,7.1814324301455725,-2.6577697322576365e-15,9.055714799976242e-09
449.60000000003373,-1.5017578087686807e-05,-1.5017578087686807e-05,0.5961737920579699,0.6387268781919926,0.8028554101849351,1255,7.171364013622339,-3.416028001464041e-15,9.057729419509052e-09
449.70000000003375,-1.4391454671054987e-05,-1.4391454671054987e-05,0.5920474323065983,0.6335970210673743,0.8059031194251353,1256,7.170709242277481,-4.142968187133327e-15,9.05974403904186e-09
449.8000000000338,-1.3621536596532348e-05,-1.3621536596532348e-05,0.5869504747793945,0.6272870752672005,0.8096228382131049,1256,7.179601344871637,-4.83132397058241e-15,9.06175865857467e-09
449.9000000000338,-1.2715516631018454e-05,-1.2715516631018454e-05,0.5842591622879987,0.6239669091589636,0.8115671452705105,1257,7.19776034574918,-5.474217878184163e-15,9.063773278107479e-09
450.0000000000338,-1.1682447426518335e-05,-1.1682447426518335e-05,0.5796365969949643,0.6182826582943327,0.814875091915379,1258,7.224508022981562,-6.065230007826082e-15,9.065787897640289e-09
450.10000000003384,-1.0532651069036085e-05,-1.0532651069036085e-05,0.5757299607475201,0.6134966332954218,0.8176399038070848,1258,7.2588044267398,-6.598461757614758e-15,9.067802517173099e-09
450.20000000003387,-9.277615943703528e-06,-9.277615943703528e-06,0.5725360756304015,0.6095957561479206,0.8198795290173668,1259,7.299302498418337,-7.068593978654094e-15,9.069817136705907e-09
450.3000000000339,-7.929881946633537e-06,-7.929881946633537e-06,0.5678453255498015,0.6038858412822699,0.8231352782205608,1260,7.344415988339378,-7.470939095878404e-15,9.071831756238717e-09
450.4000000000339,-6.5029151904232135e-06,-6.5029151904232135e-06,0.5645537024069333,0.5998924465140635,0.8253963394022437,1260,7.392395296267138,-7.80148683898704e-15,9.073846375771526e-09
450.50000000003394,-5.010973455208121e-06,-5.010973455208121e-06,0.5612782772386967,0.5959295011509412,0.8276271476334985,1261,7.441406022593233,-8.056943289469167e-15,9.075860995304336e-09
450.60000000003396,-3.468963729636165e-06,-3.468963729636165e-06,0.5568047089068688,0.5905340517880132,0.830643435018382,1262,7.489605740134247,-8.234762982170753e-15,9.077875614837144e-09
450.700000000034,-1.8922932651646227e-06,-1.8922932651646227e-06,0.5537358038418921,0.5868439953500257,0.8326924159277383,1262,7.535215529487051,-8.333173813811631e-15,9.079890234369954e-09
450.800000000034,-2.967156318965367e-07,-2.967156318965367e-07,0.5506376383174189,0.583127918129996,0.8347443867844907,1263,7.576583925597192,-8.351194523546513e-15,9.081904853902762e-09
450.900000000034,1.301826685884313e-06,1.301826685884313e-06,0.546529050715674,0.5782138918900365,0.8374401451589386,1264,7.612241919545881,-8.288644537056023e-15,9.083919473435572e-09
451.00000000003405,2.8873615817464897e-06,2.8873615817464897e-06,0.5434261388603571,0.5745131182933872,0.8394569861543377,1264,7.640948444395864,-8.14614601414288e-15,9.08593409296838e-09
451.1000000000341,4.4440469151186864e-06,4.4440469151186864e-06,0.540638291957459,0.5711956622265314,0.8412551558649263,1265,7.661726312974103,-7.925118011065463e-15,9.08794871250119e-09
451.2000000000341,5.956328800721598e-06,5.956328800721598e-06,0.5369488542762734,0.5668161767058,0.84361479828853,1266,7.673888882435378,-7.627762757284697e-15,9.089963332033999e-09
451.3000000000341,7.409097017848202e-06,7.409097017848202e-06,0.5336535125087918,0.5629147945374752,0.8457032154290468,1266,7.677057834847466,-7.257044143055401e-15,9.091977951566809e-09
451.40000000003414,8.787835986694289e-06,8.787835986694289e-06,0.5312276071342554,0.5600488753001283,0.8472291481166198,1267,7.671172433278589,-6.816658610309809e-15,9.09399257109962e-09
451.50000000003416,1.0078769803233652e-05,1.0078769803233652e-05,0.5279564075212755,0.5561924716870567,0.8492714711782263,1268,7.656490486860442,-6.310998727725607e-15,9.096007190632428e-09
451.6000000000342,1.1268999883497411e-05,1.1268999883497411e-05,0.5243796943720664,0.5519864505585448,0.8514845483802147,1268,7.6335810805385735,-5.745109808247705e-15,9.098021810165238e-09
451.7000000000342,1.2346633841961317e-05,1.2346633841961317e-05,0.5223197373251321,0.5495689941360932,0.8527497241281319,1269,7.603308938089918,-5.124639993339549e-15,9.100036429698046e-09
451.80000000003423,1.3300904316330821e-05,1.3300904316330821e-05,0.5194380335790394,0.5461931701301284,0.8545081212437602,1270,7.566810133840719,-4.455784284770523e-15,9.102051049230856e-09
451.90000000003425,1.41222765514659e-05,1.41222765514659e-05,0.5157917482358358,0.5419315610892704,0.8567139968810012,1271,7.525458796349153,-3.7452230546125415e-15,9.104065668763664e-09
452.0000000000343,1.4802543667502644e-05,1.4802543667502644e-05,0.5420706392874746,0.5728992268525379,0.8403329233241243,1254,7.4808245071080055,-3.0000556100470825e-15,9.106080288296474e-09
452.1000000000343,1.5334908660284022e-05,1.5334908660284022e-05,0.5658848798422873,0.6015061113370508,0.8244842647169685,1254,7.434620340345173,-2.2277294336956233e-15,9.108094907829283e-09
452.2000000000343,1.571405231477863e-05,1.571405231477863e-05,0.5843587446518455,0.6240896183684638,0.8114954451806364,1254,7.388641958592051,-1.4359657639719114e-15,9.110109527362093e-09
452.30000000003434,1.5936186352918985e-05,1.5936186352918985e-05,0.5973170485938164,0.6401516204207338,0.8020052016409697,1254,7.344698890984187,-6.326822244504793e-16,9.112124146894901e-09
452.40000000003437,1.599909128482374e-05,1.599909128482374e-05,0.6045977626386934,0.6492607840996807,0.796530944416026,1254,7.304540051495517,1.7408674289310505e-16,9.114138766427711e-09
452.5000000000344,1.5902138585206903e-05,1.5902138585206903e-05,0.6060467503777096,0.651081165723919,0.7954290265992423,1254,7.269776613983437,9.762708385199984e-16,9.11615338596052e-09
452.6000000000344,1.564629697339475e-05,1.564629697339475e-05,0.6015205493011422,0.6454031532310549,0.798857326916673,1254,7.241806390034625,1.765845411166866e-15,9.11816800549333e-09
452.70000000003444,1.5234122734202515e-05,1.5234122734202515e-05,0.5981470417084538,0.6411869171684323,0.8013863715433556,1255,7.221744635195046,2.534912616764401e-15,9.12018262502614e-09
452.80000000003446,1.4669734176381517e-05,1.4669734176381517e-05,0.5925091144206865,0.6341700171509804,0.8055637462848075,1256,7.210366502809289,3.27578130710624e-15,9.122197244558948e-09
452.9000000000345,1.3958770483839457e-05,1.3958770483839457e-05,0.5897606868885535,0.6307624743642276,0.8075780657006116,1256,7.208065985511546,3.98104471499299e-15,9.124211864091758e-09
453.0000000000345,1.3108335370778863e-05,1.3108335370778863e-05,0.5856149812678065,0.6256385341450393,0.8105893496183543,1257,7.2148350685818645,4.643655024507207e-15,9.126226483624566e-09
453.1000000000345,1.2126926103732971e-05,1.2126926103732971e-05,0.5807327546611963,0.6196284877883563,0.8140942621488121,1257,7.2302650749995765,5.256993975498033e-15,9.128241103157376e-09
453.20000000003455,1.1024348599687334e-05,1.1024348599687334e-05,0.5780065136890609,0.6162836693622661,0.8160321501834455,1258,7.253570084427506,5.814938748619438e-15,9.130255722690185e-09
453.3000000000346,9.811619448598713e-06,9.811619448598713e-06,0.5735527719962351,0.6108363496471771,0.8191686137392196,1259,7.283630233410123,6.311922499317118e-15,9.132270342222995e-09
453.4000000000346,8.500855839269835e-06,8.500855839269835e-06,0.5695722782385486,0.605985381363043,0.8219412508580826,1259,7.319051020865701,6.74298903589107e-15,9.134284961755803e-09
453.5000000000346,7.1051544884042755e-06,7.1051544884042755e-06,0.5665405070519433,0.6023015252944041,0.8240338912140246,1260,7.358233709105241,7.103841246739919e-15,9.136299581288613e-09
453.60000000003464,5.638460782542361e-06,5.638460782542361e-06,0.5621513335317515,0.5969847697886245,0.8270343875610454,1261,7.399451612024082,7.390882960439644e-15,9.138314200821422e-09
453.70000000003466,4.11542944036859e-06,4.11542944036859e-06,0.558591765997726,0.5926870200380028,0.8294427279562717,1261,7.440927415859222,7.60125396676961e-15,9.140328820354232e-09
453.8000000000347,2.551278087606744e-06,2.551278087606744e-06,0.555600974999607,0.5890855960697888,0.8314490703461553,1262,7.480907486591023,7.732857946445138e-15,9.14234343988704e-09
453.9000000000347,9.616352075339306e-07,9.616352075339306e-07,0.5514961575360668,0.5841567489993705,0.8341774320988035,1263,7.517730145015928,7.784383068450954e-15,9.14435805941985e-09
454.00000000003473,-6.376160136582289e-07,-6.376160136582289e-07,0.5480347709586894,0.5800129524166882,0.8364555516106381,1263,7.549885924807749,7.755315033103916e-15,9.14637267895266e-09
454.10000000003475,-2.230496386409744e-06,-2.230496386409744e-06,0.5452817857412975,0.5767252364177999,0.8382528103971867,1264,7.576068722643201,7.645942377758035e-15,9.148387298485468e-09
454.2000000000348,-3.801090376572322e-06,-3.801090376572322e-06,0.54156322643356,0.5722955207631566,0.8406600215157567,1265,7.595217425923505,7.457353924228792e-15,9.150401918018278e-09
454.3000000000348,-5.333705128165598e-06,-5.333705128165598e-06,0.5379928806780354,0.5680542277455531,0.8429493818372187,1265,7.606548045056634,7.191428329272403e-15,9.152416537551087e-09
454.4000000000348,-6.813027261206726e-06,-6.813027261206726e-06,0.5355705871634757,0.5651832609911402,0.8444904654082068,1266,7.609576604748203,6.850815793908958e-15,9.154431157083897e-09
454.50000000003485,-8.224275877941236e-06,-8.224275877941236e-06,0.5322657277441115,0.5612746593389316,0.8465773414573717,1267,7.604133103010896,6.438912084699592e-15,9.156445776616705e-09
454.60000000003487,-9.553350248687481e-06,-9.553350248687481e-06,0.5284626482875109,0.5567886704824453,0.8489565532846487,1267,7.590366774785205,5.95982511230681e-15,9.158460396149515e-09
454.7000000000349,-1.0786970701666535e-05,-1.0786970701666535e-05,0.5263995680575687,0.5543603669761958,0.8502373167232812,1268,7.568742746289321,5.418334394851097e-15,9.160475015682324e-09
454.8000000000349,-1.191281130909293e-05,-1.191281130909293e-05,0.5234944357659651,0.5509471180814981,0.8520290932368881,1269,7.540029982534897,4.8198438041799995e-15,9.162489635215134e-09
454.90000000003494,-1.2919623043770685e-05,-1.2919623043770685e-05,0.5198168692718198,0.5466365676320163,0.854277719726111,1270,7.5052802608501645,4.170328053320517e-15,9.164504254747942e-09
455.00000000003496,-1.3797346175654604e-05,-1.3797346175654604e-05,0.5176816890879715,0.5441390645730112,0.8555732983111528,1270,7.465797798342372,3.4762734356712135e-15,9.166518874280752e-09
455.100000000035,-1.4537210785347594e-05,-1.4537210785347594e-05,0.5306407225740514,0.5593563150766001,0.847596852015207,1254,7.423099176280756,2.7446133737586453e-15,9.16853349381356e-09
455.200000000035,-1.513182439023632e-05,-1.513182439023632e-05,0.5566194208024048,0.5903110027065135,0.8307676091336225,1254,7.37886339670118,1.982659380036543e-15,9.17054811334637e-09
455.300000000035,-1.5575245807733864e-05,-1.5575245807733864e-05,0.5773368271699681,0.615463245721573,0.8165060857050083,1254,7.334872327248039,1.1980280759792231e-15,9.17256273287918e-09
455.40000000003505,-1.586304451761221e-05,-1.586304451761221e-05,0.5926094304069974,0.6342945517785717,0.8054899521363963,1254,7.292942469416046,3.985649598182892e-16,9.174577352411989e-09
455.5000000000351,-1.599234493029587e-05,-1.599234493029587e-05,0.602270729716512,0.6463425524361688,0.7982919065897763,1254,7.254849911267077,-4.07734341483495e-16,9.176591971944799e-09
455.6000000000351,-1.5961855118802328e-05,-1.5961855118802328e-05,0.6061634914857766,0.6512279388896214,0.7953400666317351,1254,7.222251423292497,-1.21280455371167e-15,9.178606591477607e-09
455.7000000000351,-1.577187972724945e-05,-1.577187972724945e-05,0.6041388529966836,0.6486847746278731,0.7968790662954145,1254,7.196605773271678,-2.0085921406068918e-15,9.180621211010417e-09
455.80000000003514,-1.542431692695211e-05,-1.542431692695211e-05,0.599119426857335,0.642400846109655,0.800659673245842,1255,7.179100250445362,-2.7871367178005386e-15,9.182635830543226e-09
455.90000000003516,-1.4922639450521897e-05,-1.4922639450521897e-05,0.595087304962456,0.6373742783898937,0.8036610600698039,1255,7.1705878459618715,-3.540651583225688e-15,9.184650450076036e-09
456.0000000000352,-1.4271859893470776e-05,-1.4271859893470776e-05,0.5915864704001578,0.6330251593720145,0.806241556879502,1256,7.171540315200068,-4.261602431555726e-15,9.186665069608844e-09
456.1000000000352,-1.3478480630013682e-05,-1.3478480630013682e-05,0.586036355056097,0.6261584681443251,0.8102847589289609,1257,7.182021344109121,-4.9427833277645074e-15,9.188679689141654e-09
456.20000000003523,-1.2550428843494771e-05,-1.2550428843494771e-05,0.583439642431995,0.6229574765651533,0.8121565019371734,1257,7.201682330141853,-5.577389058954094e-15,9.190694308674462e-09
456.30000000003525,-1.1496977320591805e-05,-1.1496977320591805e-05,0.5793528660834972,0.6179345119436459,0.8150768408934443,1258,7.22978112981519,-6.159083066404036e-15,9.192708928207272e-09
456.4000000000353,-1.0328651800696861e-05,-1.0328651800696861e-05,0.5745387650426697,0.6120405084656917,0.8184773713813009,1258,7.265221908095333,-6.682060273631328e-15,9.19472354774008e-09
456.5000000000353,-9.057125806207667e-06,-9.057125806207667e-06,0.5718684813882513,0.6087817284776404,0.8203453175307917,1259,7.306612354927169,-7.141104253752215e-15,9.19673816727289e-09
456.6000000000353,-7.695104004550547e-06,-7.695104004550547e-06,0.5676450896061496,0.6036426016198617,0.8232733763738668,1260,7.352333315097457,-7.531638298723835e-15,9.1987527868057e-09
456.70000000003535,-6.256195267343119e-06,-6.256195267343119e-06,0.5634925729851085,0.5986074110288863,0.8261211292483822,1260,7.400615435036272,-7.849770045736838e-15,9.200767406338509e-09
456.80000000003537,-4.754776695047576e-06,-4.754776695047576e-06,0.5606815753923908,0.5952086982003899,0.828031503637094,1261,7.449617703124165,-8.092329374156778e-15,9.202782025871319e-09
456.9000000000354,-3.2058499657353052e-06,-3.2058499657353052e-06,0.5566250735373774,0.5903178069533277,0.8307638217384705,1262,7.497503552378742,-8.256899314652226e-15,9.204796645404128e-09
457.0000000000354,-1.6248914432784996e-06,-1.6248914432784996e-06,0.5527352435512809,0.5856428782513269,0.8333569166547465,1262,7.542511255025214,-8.341839724671673e-15,9.206811264936938e-09
457.10000000003544,-2.7697542638147833e-08,-2.7697542638147833e-08,0.5500574396240481,0.5824330158332458,0.8351268245687219,1263,7.583016435493573,-8.346303498517836e-15,9.208825884469746e-09
457.20000000003546,1.5697731026926542e-06,1.5697731026926542e-06,0.5463300575355795,0.5779762895300342,0.8375699781111846,1264,7.617585494303369,-8.27024511000038e-15,9.210840504002556e-09
457.3000000000355,3.1515590940793425e-06,3.1515590940793425e-06,0.5424389763456041,0.5733376116255235,0.8400952070694923,1264,7.645019479599331,-8.114421338120096e-15,9.212855123535364e-09
457.4000000000355,4.701855748764907e-06,4.701855748764907e-06,0.5400396909102934,0.5704842677229898,0.8416395500696928,1265,7.664388441195156,-7.880384100904336e-15,9.214869743068174e-09
457.5000000000355,6.2051730150356605e-06,6.2051730150356605e-06,0.5367068626775059,0.5665293520606883,0.8437687737495794,1266,7.675056573393247,-7.570465413018156e-15,9.216884362600983e-09
457.60000000003555,7.646490243697642e-06,7.646490243697642e-06,0.5326492114866556,0.5617277052224015,0.8463361137885137,1266,7.676698539556024,-7.187754580001989e-15,9.218898982133793e-09
457.7000000000356,9.011406269438185e-06,9.011406269438185e-06,0.5305897488867064,0.55929617713755,0.847628762121922,1267,7.669307322196531,-6.736067837123922e-15,9.220913601666601e-09
457.8000000000356,1.0286283302509335e-05,1.0286283302509335e-05,0.5276590281437032,0.5558423515732771,0.8494562672783353,1268,7.653193804624284,-6.219910727568248e-15,9.222928221199411e-09
457.9000000000356,1.145838319301496e-05,1.145838319301496e-05,0.5239419353540885,0.5514724191998714,0.8517539834819748,1269,7.628978107896232,-5.644433590091979e-15,9.224942840732221e-09
458.00000000003564,1.251599470629383e-05,1.251599470629383e-05,0.5216315546187993,0.5487621773660132,0.8531708628557205,1269,7.597572522299485,-5.015380590522102e-15,9.22695746026503e-09
458.10000000003566,1.3448550537705148e-05,1.3448550537705148e-05,0.5190802761888387,0.5457745528244773,0.8547254921152867,1270,7.560155729653788,-4.3390327866712895e-15,9.22897207979784e-09
458.2000000000357,1.424673289764342e-05,1.424673289764342e-05,0.5183344019228164,0.5449021360910802,0.8551780211063169,1254,7.518137959095075,-3.622145765276649e-15,9.230986699330648e-09
458.3000000000357,1.4902566611812149e-05,1.4902566611812149e-05,0.5464410879340876,0.5781088577958885,0.8374975447232134,1254,7.473116806112239,-2.8718824350595803e-15,9.233001318863458e-09
458.40000000003573,1.540949880652916e-05,1.540949880652916e-05,0.5693704803001768,0.6057398884193042,0.8220810520640566,1254,7.426823723036323,-2.0957416039715866e-15,9.235015938396266e-09
458.50000000003575,1.576246438287434e-05,1.576246438287434e-05,0.5869287219498375,0.6272602076732016,0.8096386078679365,1254,7.381061698420101,-1.3014830125339964e-15,9.237030557929076e-09
458.6000000000358,1.595793662548376e-05,1.595793662548376e-05,0.5989434630952518,0.6421810906968262,0.8007913136488599,1254,7.337635394988713,-4.9704953987062015e-16,9.239045177461885e-09
458.7000000000358,1.5993962440323795e-05,1.5993962440323795e-05,0.6052541861584196,0.6500851450768005,0.796032267020445,1254,7.298275975958787,3.095126548517039e-16,9.241059796994695e-09
458.8000000000358,1.5870181869361112e-05,1.5870181869361112e-05,0.6057080967029509,0.6506554850351332,0.7956869369221092,1254,7.2645639171584,1.1101352455330933e-15,9.243074416527503e-09
458.90000000003585,1.558783168714436e-05,1.558783168714436e-05,0.6001645063415757,0.6437067575809874,0.7998765938116784,1254,7.2378541060078305,1.8968092500721235e-15,9.245089036060313e-09
459.00000000003587,1.5149733043361685e-05,1.5149733043361685e-05,0.5974710948405891,0.6403437105312337,0.8018904481473687,1255,7.2192082424279125,2.6616660408706433e-15,9.247103655593121e-09
459.1000000000359,1.4560263274845605e-05,1.4560263274845605e-05,0.5924379664380558,0.6340816992838317,0.8056160722842743,1256,7.209339747839554,3.3970569281113757e-15,9.249118275125932e-09
459.2000000000359,1.382531216867034e-05,1.382531216867034e-05,0.5887445951933822,0.6295048552910426,0.8083191211585808,1256,7.2085758855313715,4.0956303837372054e-15,9.251132894658742e-09
459.30000000003594,1.2952223113346262e-05,1.2952223113346262e-05,0.5851809805442396,0.6251032238323361,0.8109027192020521,1257,7.216840561633894,4.7504060021765135e-15,9.25314751419155e-09
459.40000000003596,1.1949719726109298e-05,1.1949719726109298e-05,0.5797841019131841,0.6184636853229684,0.8147701486730614,1258,7.233659449028511,5.354844360869262e-15,9.25516213372436e-09
459.500000000036,1.0827818689421167e-05,1.0827818689421167e-05,0.5771999322395865,0.6152955962453414,0.8166028644467375,1258,7.258186955177675,5.902912046200609e-15,9.257176753257168e-09
459.600000000036,9.597729667589282e-06,9.597729667589282e-06,0.5732494052491112,0.610466062714345,0.8193809366720343,1259,7.28925252184991,6.389141234831494e-15,9.259191372789978e-09
459.700000000036,8.271743303506425e-06,8.271743303506425e-06,0.5683811803357224,0.6045369799419091,0.8227653577054463,1259,7.325422156935647,6.808683345741636e-15,9.261205992322787e-09
459.80000000003605,6.863108414609699e-06,6.863108414609699e-06,0.5658454384110465,0.6014582744219432,0.824511333960553,1260,7.3650701873002475,7.157356383734266e-15,9.263220611855597e-09
459.9000000000361,5.385899615076181e-06,5.385899615076181e-06,0.5619005136236206,0.5966815247619143,0.8272048191285586,1261,7.406456042519267,7.43168566779422e-15,9.265235231388405e-09
460.0000000000361,3.854876686930508e-06,3.854876686930508e-06,0.5574962805923789,0.5913668578112372,0.8301794367036945,1261,7.447801325411589,7.628937677060442e-15,9.267249850921215e-09
460.1000000000361,2.2853371051818243e-06,2.2853371051818243e-06,0.5549501831029183,0.5883030804827856,0.8318835821640174,1262,7.4873632872103,7.747146764155637e-15,9.269264470454023e-09
460.20000000003614,6.929631905101632e-07,6.929631905101632e-07,0.5512466824099308,0.5838577113343726,0.8343423129220074,1263,7.523501866722655,7.78513449703723e-15,9.271279089986833e-09
460.30000000003616,-9.063345832979021e-07,-9.063345832979021e-07,0.5469769321413304,0.5787488072986344,0.8371476785521528,1263,7.554738471858523,7.742521412448972e-15,9.273293709519642e-09
460.4000000000362,-2.4965765615440323e-06,-2.4965765615440323e-06,0.5446307833141342,0.5759488141643136,0.8386759266049268,1264,7.579805542663063,7.619731006714118e-15,9.275308329052452e-09
460.5000000000362,-4.061873572045693e-06,-4.061873572045693e-06,0.5412833311531543,0.5719626093986419,0.8408402674799446,1265,7.597686571844625,7.417985855547148e-15,9.277322948585262e-09
460.60000000003623,-5.586585684492345e-06,-5.586585684492345e-06,0.537080060950052,0.5669717135330674,0.8435312727634278,1266,7.607646662023484,7.1392958395024e-15,9.27933756811807e-09
460.70000000003625,-7.055478479459229e-06,-7.055478479459229e-06,0.5348915086486478,0.5643793377402295,0.844920750115402,1266,7.609253894133627,6.786438547257985e-15,9.28135218765088e-09
460.8000000000363,-8.453875265690433e-06,-8.453875265690433e-06,0.5319373522037397,0.5608868205661361,0.8467837110682246,1267,7.602391811129335,6.362932025885654e-15,9.283366807183689e-09
460.9000000000363,-9.767803724746448e-06,-9.767803724746448e-06,0.528174788604928,0.5564496315595671,0.8491356738956028,1268,7.587263232798002,5.873000138039271e-15,9.285381426716499e-09
461.0000000000363,-1.0984135517791382e-05,-1.0984135517791382e-05,0.5256764110684368,0.5535100552330052,0.8506846130301217,1268,7.564385457960874,5.321530866253268e-15,9.287396046249307e-09
461.10000000003635,-1.2090717459614962e-05,-1.2090717459614962e-05,0.5231088179831634,0.5504945933980144,0.8522659001439971,1269,7.534576725676049,4.714027973253377e-15,9.289410665782117e-09
461.20000000003637,-1.3076492949241839e-05,-1.3076492949241839e-05,0.5197494088992372,0.546557601798764,0.8543187648348206,1270,7.498933644672036,4.0565564858134935e-15,9.291425285314925e-09
461.3000000000364,-1.3931612443833708e-05,-1.3931612443833708e-05,0.5169065736671778,0.5432333523478297,0.8560418179619839,1270,7.4587992115213675,3.3556825209403164e-15,9.293439904847735e-09
461.4000000000364,-1.4647531872065527e-05,-1.4647531872065527e-05,0.5353670830515753,0.5649423008215375,0.8446194920701556,1254,7.41572107894329,2.6184080198464812e-15,9.295454524380544e-09
461.50000000003644,-1.5217098003661905e-05,-1.5217098003661905e-05,0.5604750005572864,0.5949592422422338,0.8281713432317674,1254,7.371399963124035,1.8521009995744e-15,9.297469143913354e-09
461.60000000003646,-1.563461992210945e-05,-1.563461992210945e-05,0.5802891125813145,0.6190836419085225,0.8144105511470185,1254,7.327628541866991,1.064421975887667e-15,9.299483763446162e-09
461.7000000000365,-1.589592588641344e-05,-1.589592588641344e-05,0.5946295077031024,0.6368047587282237,0.8039998436372772,1254,7.286221918311549,2.6324725529008934e-16,9.301498382978972e-09
461.8000000000365,-1.599840501375481e-05,-1.599840501375481e-05,0.6033316365972525,0.6476721908471389,0.7974903988643881,1254,7.248941686995555,-5.434101604787463e-16,9.30351300251178e-09
461.9000000000365,-1.5941033366568262e-05,-1.5941033366568262e-05,0.606239505946456,0.6513235171619839,0.7952821269397401,1254,7.217416752704953,-1.3474812671920123e-15,9.30552762204459e-09
462.00000000003655,-1.5724384183387937e-05,-1.5724384183387937e-05,0.6032062167426783,0.647514932032521,0.7975852682208875,1254,7.193065152737372,-2.140922510521497e-15,9.3075422415774e-09
462.1000000000366,-1.5350622151237477e-05,-1.5350622151237477e-05,0.5988457827810285,0.642059116522843,0.8008643633258863,1255,7.177021988564943,-2.9157971160272763e-15,9.309556861110209e-09
462.2000000000366,-1.4823481776792831e-05,-1.4823481776792831e-05,0.5938329378719164,0.6358143626028284,0.8045883679860211,1255,7.17007892876044,-3.664355379624775e-15,9.311571480643019e-09
462.3000000000366,-1.414823007242601e-05,-1.414823007242601e-05,0.5909656337324992,0.6322553386780384,0.8066967334427142,1256,7.1726403951836835,-4.3791129851233066e-15,9.313586100175827e-09
462.40000000003664,-1.3331613929958511e-05,-1.3331613929958511e-05,0.5859771131003528,0.6260853575632412,0.8103276022218274,1257,7.184700411373596,-5.0529264286171e-15,9.315600719708637e-09
462.50000000003666,-1.2381792707948467e-05,-1.2381792707948467e-05,0.5824617129991644,0.6217538820982467,0.8128581382320528,1257,7.205842282530764,-5.679064680165032e-15,9.317615339241446e-09
462.6000000000367,-1.1308256706077056e-05,-1.1308256706077056e-05,0.5789190008307566,0.6174023127635544,0.8153850565696666,1258,7.235261078939688,-6.251276302053026e-15,9.319629958774256e-09
462.7000000000367,-1.0121732341211159e-05,-1.0121732341211159e-05,0.573738943776898,0.6110636369160845,0.8190382313382993,1259,7.271806709246586,-6.7638513604915765e-15,9.321644578307064e-09
462.80000000003673,-8.834074972591709e-06,-8.834074972591709e-06,0.5710507540666008,0.6077852657387018,0.8209147557937831,1259,7.314043592535034,-7.211677595260769e-15,9.323659197839874e-09
462.90000000003675,-7.458150447003025e-06,-7.458150447003025e-06,0.567303027042453,0.6032271702451334,0.8235091229054295,1260,7.360321846146392,-7.590290427700207e-15,9.325673817372683e-09
463.0000000000368,-6.0077065474846174e-06,-6.0077065474846174e-06,0.5622804236568113,0.597140866048015,0.8269466277652486,1260,7.408854592766571,-7.895916474530627e-15,9.327688436905493e-09
463.1000000000368,-4.49723563002747e-06,-4.49723563002747e-06,0.5599420492611407,0.5943158544535165,0.8285317745682627,1261,7.457796366852152,-8.125510287445556e-15,9.329703056438301e-09
463.2000000000368,-2.941829820743521e-06,-2.941829820743521e-06,0.5563105363618762,0.5899392429263283,0.8309744804341236,1262,7.5053184557294825,-8.276784062845231e-15,9.331717675971111e-09
463.30000000003685,-1.3570302203303393e-06,-1.3570302203303393e-06,0.5516280670648935,0.5843148885272921,0.834090208326563,1263,7.549678092297724,-8.34823007768187e-15,9.333732295503921e-09
463.40000000003687,2.4132837746983805e-07,2.4132837746983805e-07,0.5493405821434572,0.5815748766673723,0.835598542848351,1263,7.589279500873169,-8.339135623278971e-15,9.33574691503673e-09
463.5000000000369,1.8372757018948912e-06,1.8372757018948912e-06,0.5460017000770891,0.5775843037820967,0.8377840673544278,1264,7.622725730671174,-8.249590242262918e-15,9.33776153456954e-09
463.6000000000369,3.4148655748292037e-06,3.4148655748292037e-06,0.5417487022394664,0.5725161676188132,0.8405405068298933,1265,7.648860914551201,-8.080485130178857e-15,9.339776154102348e-09
463.70000000003694,4.958335239744288e-06,4.958335239744288e-06,0.5393094181587826,0.569616830270462,0.8421076840198262,1265,7.6668030484050345,-7.833504641253279e-15,9.341790773635158e-09
463.80000000003696,6.452262857951544e-06,6.452262857951544e-06,0.5363397787974424,0.566094359530005,0.8440021573903177,1266,7.675967623646231,-7.511109930065038e-15,9.343805393167966e-09
463.900000000037,7.881721598516654e-06,7.881721598516654e-06,0.5325292093026383,0.5615859213275304,0.8464116263612562,1267,7.676082505675677,-7.116514858330084e-15,9.345820012700776e-09
464.000000000037,9.232428782220119e-06,9.232428782220119e-06,0.5298241275991221,0.5583931815053984,0.8481075367038245,1267,7.6671943838856365,-6.6536543900830595e-15,9.347834632233585e-09
464.100000000037,1.0490888589366804e-05,1.0490888589366804e-05,0.5272397632345084,0.5553488586289516,0.8497165598388792,1268,7.6496669705469085,-6.127145783478336e-15,9.349849251766395e-09
464.20000000003705,1.1644526905555197e-05,1.1644526905555197e-05,0.5238470783575689,0.5513610563537046,0.8518123258654098,1269,7.624170940301144,-5.542242960884718e-15,9.351863871299203e-09
464.3000000000371,1.2681816958072065e-05,1.2681816958072065e-05,0.5208186084774674,0.5478096019377855,0.8536673690985234,1269,7.5916654212988055,-4.9047845014855765e-15,9.353878490832013e-09
464.4000000000371,1.3592394487595159e-05,1.3592394487595159e-05,0.5186029990432998,0.5452162492810194,0.8550151632475854,1270,7.5533707176419504,-4.221135754559622e-15,9.355893110364821e-09
464.5000000000371,1.4367161304446394e-05,1.4367161304446394e-05,0.5234144351687597,0.5508532265812013,0.8520782411592073,1254,7.510731909171013,-3.4981256198802315e-15,9.357907729897631e-09
464.60000000003714,1.4998376194695647e-05,1.4998376194695647e-05,0.5506653934860338,0.5831611683961212,0.834726077475043,1254,7.465373090518338,-2.742978586785872e-15,9.359922349430441e-09
464.70000000003716,1.547973226781145e-05,1.547973226781145e-05,0.5727044510513991,0.609801136928108,0.8197619238205174,1254,7.419042326338517,-1.9632426673365987e-15,9.36193696896325e-09
464.8000000000372,1.5806419973026385e-05,1.5806419973026385e-05,0.5893421855888591,0.6302443545983217,0.8078835239595785,1254,7.373547949902541,-1.166713902897849e-15,9.36395158849606e-09
464.9000000000372,1.5975175154778545e-05,1.5975175154778545e-05,0.6004088013992481,0.6440122085231945,0.7996932356862337,1254,7.3306876234851055,-3.6135816839788114e-16,9.365966208028868e-09
465.00000000003723,1.5984311667074908e-05,1.5984311667074908e-05,0.6057451687883675,0.6507020771571765,0.7956587148329064,1254,7.29217256614999,4.447689551290375e-16,9.367980827561678e-09
465.10000000003726,1.5833738220904734e-05,1.5833738220904734e-05,0.6051999539931268,0.6500170187419401,0.7960734989225036,1254,7.259550425244896,1.2436034216925209e-15,9.369995447094487e-09
465.2000000000373,1.5524959296369197e-05,1.5524959296369197e-05,0.5992259779137861,0.6425339318214373,0.8005799319201468,1255,7.234131239571262,2.027154210945962e-15,9.372010066627297e-09
465.3000000000373,1.5061060110413516e-05,1.5061060110413516e-05,0.5966303279221881,0.6392956385324879,0.8025162003370788,1255,7.216921583849936,2.7875841640214167e-15,9.374024686160105e-09
465.4000000000373,1.4446675790359072e-05,1.4446675790359072e-05,0.5922105443846892,0.6337994327512473,0.805783265599125,1256,7.20857206764226,3.5172892349853948e-15,9.376039305692915e-09
465.50000000003735,1.3687945061243406e-05,1.3687945061243406e-05,0.5875661078679283,0.628047679958648,0.8091761667800986,1256,7.209342734139574,4.208975228003113e-15,9.378053925225723e-09
465.60000000003737,1.2792448909708804e-05,1.2792448909708804e-05,0.5845925779344764,0.6243777993462495,0.8113270104119072,1257,7.219089555928718,4.8557311247647935e-15,9.380068544758533e-09
465.7000000000374,1.1769134837289736e-05,1.1769134837289736e-05,0.5797191533220708,0.6183839735793254,0.8148163616862031,1258,7.237273324024076,5.451098180234774e-15,9.382083164291342e-09
465.8000000000374,1.0628227459935156e-05,1.0628227459935156e-05,0.5762394293546302,0.6141198666407872,0.8172809309270895,1258,7.262990092462956,5.989134072228696e-15,9.384097783824152e-09
465.90000000003744,9.381126347025761e-06,9.381126347025761e-06,0.5728004064850227,0.6099181945210385,0.8196948787997841,1259,7.295020360021095,6.4644715164298384e-15,9.386112403356962e-09
466.00000000003746,8.040292120644925e-06,8.040292120644925e-06,0.5678911940932606,0.6039415665395427,0.823103633615677,1260,7.331892684914083,6.8723708817672905e-15,9.38812702288977e-09
466.1000000000375,6.619121953161786e-06,6.619121953161786e-06,0.5650040747500307,0.6004381921356577,0.825088113788983,1260,7.371956641237496,7.208766441590764e-15,9.39014164242258e-09
466.2000000000375,5.1318157071134415e-06,5.1318157071134415e-06,0.5615115381597271,0.5962113710989647,0.827468907278997,1261,7.41345996310974,7.470305962806143e-15,9.392156261955389e-09
466.3000000000375,3.5932340548723336e-06,3.5932340548723336e-06,0.5568431752299461,0.5905803615745353,0.8306176486204898,1262,7.4546252547757605,7.654383369732201e-15,9.394170881488199e-09
466.40000000003755,2.0187499957201864e-06,2.0187499957201864e-06,0.5541597199886463,0.5873531724940866,0.8324103583822735,1262,7.493722553265919,7.759164234250126e-15,9.396185501021007e-09
466.5000000000376,4.240952539208213e-07,4.240952539208213e-07,0.5508651727320126,0.5834005223916179,0.8345942496033206,1263,7.529135080492537,7.783603855990885e-15,9.398200120553817e-09
466.6000000000376,-1.1747969074684699e-06,-1.1747969074684699e-06,0.5465785440059959,0.5782729937197696,0.8374078428294576,1264,7.559416521585064,7.727457721194786e-15,9.400214740086625e-09
466.7000000000376,-2.761950886494558e-06,-2.761950886494558e-06,0.5438455902534426,0.5750128690585008,0.8391853037094278,1264,7.583338992199615,7.591284175486409e-15,9.402229359619435e-09
466.80000000003764,-4.32150836524236e-06,-4.32150836524236e-06,0.5408762105164467,0.5714785017259884,0.841102208353639,1265,7.599931454566613,7.376439215388769e-15,9.404243979152244e-09
466.90000000003766,-5.8378867609053815e-06,-5.8378867609053815e-06,0.5370201246117754,0.5669006610605032,0.8435694315004267,1266,7.608508707843755,7.0850633907802586e-15,9.406258598685054e-09
467.0000000000377,-7.295934921802207e-06,-7.295934921802207e-06,0.5340826040235049,0.5634222541725676,0.8454322989331978,1266,7.608691242501092,6.720060906936823e-15,9.408273218217862e-09
467.1000000000377,-8.681084512675792e-06,-8.681084512675792e-06,0.5314854068217137,0.5603531900062796,0.8470674485160893,1267,7.600416254995114,6.285071111168731e-15,9.410287837750672e-09
467.20000000003773,-9.979495576683701e-06,-9.979495576683701e-06,0.5280549512996034,0.5563085091806977,0.8492102027224905,1268,7.583940015431133,5.784432638283161e-15,9.412302457283482e-09
467.30000000003776,-1.1178194819671995e-05,-1.1178194819671995e-05,0.5248268094216408,0.5525116361161103,0.8512090343225339,1268,7.559831613944003,5.223140567408981e-15,9.41431707681629e-09
467.4000000000378,-1.2265205235042017e-05,-1.2265205235042017e-05,0.5226023432577562,0.5499004332661316,0.8525765600938735,1269,7.528957927208291,4.606797009586061e-15,9.4163316963491e-09
467.5000000000378,-1.322966577404126e-05,-1.322966577404126e-05,0.5195659246932367,0.5463428432926589,0.8544303657394569,1270,7.492459492762816,3.94155560270547e-15,9.418346315881909e-09
467.6000000000378,-1.4061939865772301e-05,-1.4061939865772301e-05,0.5160075908123112,0.5421835225979676,0.8565840100212438,1270,7.451716907894998,3.234060440680562e-15,9.420360935414719e-09
467.70000000003785,-1.4753711702623804e-05,-1.4753711702623804e-05,0.5399505022006387,0.5703783011274525,0.8416967715117352,1254,7.408307438173176,2.49138000988267e-15,9.422375554947527e-09
467.80000000003787,-1.5298069329071308e-05,-1.5298069329071308e-05,0.5641818733438396,0.599442030403531,0.8256505397504659,1254,7.363951784811411,1.7209367500699007e-15,9.424390174480337e-09
467.9000000000379,-1.5689573703652054e-05,-1.5689573703652054e-05,0.583087671044509,0.6225241652209487,0.8124092367002547,1254,7.320451465929536,9.304329008061303e-16,9.426404794013146e-09
468.0000000000379,-1.592431304406937e-05,-1.592431304406937e-05,0.5964912644684218,0.6391223653974226,0.8026195682967512,1254,7.279618032938539,1.2777333877684562e-16,9.428419413545956e-09
468.10000000003794,-1.5999941912428317e-05,-1.5999941912428317e-05,0.6042298564459079,0.6487989793963017,0.7968100655610203,1254,7.243196338998568,-6.790138428506861e-16,9.430434033078764e-09
468.20000000003796,-1.591570465007583e-05,-1.591570465007583e-05,0.6061487033977101,0.6512093456061827,0.7953513370638632,1254,7.2127852015485905,-1.4818582147577344e-15,9.432448652611574e-09
468.300000000038,-1.56724429278922e-05,-1.56724429278922e-05,0.6021031597951757,0.646132658468159,0.7984183019975588,1254,7.189759877454998,-2.272728506082133e-15,9.434463272144383e-09
468.400000000038,-1.5272587336593856e-05,-1.5272587336593856e-05,0.5984104525394582,0.6415156514280187,0.8011896968206225,1255,7.175201558206715,-3.043713824492123e-15,9.436477891677193e-09
468.500000000038,-1.472013310107436e-05,-1.472013310107436e-05,0.5924891428246478,0.6341452253029805,0.8055784354331452,1256,7.1698393416761865,-3.787103680254984e-15,9.438492511210003e-09
468.60000000003805,-1.4020600161437938e-05,-1.4020600161437938e-05,0.5901861366562362,0.6312893976158812,0.8072671949848986,1256,7.174009656257791,-4.4954658807750405e-15,9.440507130742811e-09
468.7000000000381,-1.3180978019582595e-05,-1.3180978019582595e-05,0.5857676008896939,0.625826829247071,0.8104790668166157,1257,7.187636853572206,-5.161721381144976e-15,9.442521750275621e-09
468.8000000000381,-1.220965590240757e-05,-1.220965590240757e-05,0.5813263822217402,0.6203578653472868,0.8136704722017282,1257,7.210236786690913,-5.77921523354044e-15,9.44453636980843e-09
468.9000000000381,-1.1116338939431282e-05,-1.1116338939431282e-05,0.5783358388657356,0.6166872959452884,0.8157987849239945,1258,7.24094296589607,-6.341782872925206e-15,9.44655098934124e-09
469.00000000003814,-9.91195119234525e-06,-9.91195119234525e-06,0.5736466858940388,0.6109509996300994,0.8191028505400199,1259,7.278552741427121,-6.843811097275796e-15,9.448565608874048e-09
469.10000000003816,-8.60852650540071e-06,-8.60852650540071e-06,0.5700835912958093,0.6066075953530912,0.8215866959337114,1259,7.321589285598826,-7.280293227714182e-15,9.450580228406858e-09
469.2000000000382,-7.2190882672147e-06,-7.2190882672147e-06,0.5668197680637025,0.6026404598469953,0.8238418237333004,1260,7.368374184435922,-7.646878045924178e-15,9.452594847939666e-09
469.3000000000382,-5.75751928537596e-06,-5.75751928537596e-06,0.56222303018767,0.5970714636064393,0.8269856494078929,1261,7.4171052620534175,-7.93991218754611e-15,9.454609467472476e-09
469.40000000003823,-4.238423074020559e-06,-4.238423074020559e-06,0.5590602314458213,0.5932519229358231,0.8291270455218216,1261,7.465934734982318,-8.1564757172161e-15,9.456624087005285e-09
469.50000000003826,-2.67697794034592e-06,-2.67697794034592e-06,0.5558616280227323,0.5893991213883684,0.8312748345113772,1262,7.513043704555213,-8.294410631990484e-15,9.458638706538095e-09
469.6000000000383,-1.0887853279825916e-06,-1.0887853279825916e-06,0.5515693843855415,0.5842445348489554,0.8341290153258996,1263,7.556710091627193,-8.35234205106486e-15,9.460653326070903e-09
469.7000000000383,5.102860674733649e-07,5.102860674733649e-07,0.548487524267407,0.5805543244477376,0.8361587383523601,1263,7.595368185695895,-8.329691867772323e-15,9.462667945603713e-09
469.8000000000383,2.104258853221273e-06,2.104258853221273e-06,0.5455444753377069,0.5770386459020759,0.8380818727478277,1264,7.627658878310766,-8.22668467682965e-15,9.464682565136523e-09
469.90000000003835,3.6772065800832827e-06,3.6772065800832827e-06,0.5416525496898614,0.5724017781222284,0.8406024716918647,1265,7.6524703122322695,-8.044345850140977e-15,9.466697184669331e-09
470.00000000003837,5.213412874319971e-06,5.213412874319971e-06,0.5384479134316998,0.5685941310859701,0.8426587948399096,1265,7.668969095964401,-7.784491715375467e-15,9.468711804202141e-09
470.1000000000384,6.697528470441605e-06,6.697528470441605e-06,0.5358481030689226,0.5655119145948881,0.8443144025997882,1266,7.676622437306864,-7.449711885361142e-15,9.47072642373495e-09
470.2000000000384,8.114724575995123e-06,8.114724575995123e-06,0.5323792846601337,0.5614088014894799,0.8465059345714975,1267,7.675211585097261,-7.043343883752378e-15,9.47274104326776e-09
470.30000000003844,9.450841035956574e-06,9.450841035956574e-06,0.5289311950037552,0.5573406742942795,0.8486647105611848,1267,7.664836884222815,-6.569440305282205e-15,9.474755662800568e-09
470.40000000003846,1.0692527816319402e-05,1.0692527816319402e-05,0.5266991336361164,0.5547127371427197,0.8500517764389204,1268,7.645914591500861,-6.032728831991492e-15,9.476770282333378e-09
470.5000000000385,1.1827378393221294e-05,1.1827378393221294e-05,0.5236360381899532,0.5511133209214104,0.8519420752074227,1269,7.619165412257876,-5.4385654983392714e-15,9.478784901866187e-09
470.6000000000385,1.2844053714829569e-05,1.2844053714829569e-05,0.519881376045883,0.5467120796752906,0.854238464856646,1269,7.585594541845955,-4.792881659001791e-15,9.480799521398997e-09
470.70000000003853,1.3732395497398886e-05,1.3732395497398886e-05,0.5180067471887498,0.5445190384229623,0.8553765310475444,1270,7.5464628778827265,-4.102125165972688e-15,9.482814140931805e-09
470.80000000003855,1.4483527723484567e-05,1.4483527723484567e-05,0.5283513680939744,0.5566575970442754,0.8490258134080645,1254,7.503249056862272,-3.373196309148388e-15,9.484828760464615e-09
470.9000000000386,1.5089945328174861e-05,1.5089945328174861e-05,0.5547403742675358,0.588050892322083,0.832023507575065,1254,7.457602114868844,-2.6133791193721074e-15,9.486843379997423e-09
471.0000000000386,1.554558918721871e-05,1.554558918721871e-05,0.5758837620297362,0.6136847496890921,0.8175315850965503,1254,7.4112849247348,-1.8302686767040673e-15,9.488857999530233e-09
471.1000000000386,1.5845906657792377e-05,1.5845906657792377e-05,0.591596200016619,0.6330372272931681,0.8062344176019135,1254,7.366109153507291,-1.0316951107216398e-15,9.490872619063043e-09
471.20000000003864,1.598789706700165e-05,1.598789706700165e-05,0.6017101856902908,0.6456405590053285,0.798714499953867,1254,7.323863313097239,-2.256450247863104e-16,9.492887238595852e-09
471.30000000003866,1.5970141693613495e-05,1.5970141693613495e-05,0.6060678895526125,0.6511077418082966,0.7954129199687683,1254,7.286236488049842,5.798188771792086e-16,9.494901858128662e-09
471.4000000000387,1.5792817943449663e-05,1.5792817943449663e-05,0.6045196058722341,0.6491626663091908,0.7965902623783941,1254,7.254741392942451,1.376639135429595e-15,9.49691647766147e-09
471.5000000000387,1.545769757680635e-05,1.545769757680635e-05,0.5991912413137815,0.6424905432295077,0.800605930737994,1255,7.230641344947363,2.1568449790628794e-15,9.49893109719428e-09
471.60000000003873,1.4968129005611e-05,1.4968129005611e-05,0.5956218939928826,0.6380396344941577,0.8032649372382261,1255,7.21488629977883,2.9126329608382712e-15,9.500945716727089e-09
471.70000000003876,1.4329003837197136e-05,1.4329003837197136e-05,0.5918238100751546,0.6333195690497194,0.80606735315861,1256,7.208063070727506,3.636445850430243e-15,9.502960336259899e-09
471.8000000000388,1.3546707998980866e-05,1.3546707998980866e-05,0.5862221902292267,0.6263878326829497,0.8101503216581775,1256,7.210364097533859,4.321048859361297e-15,9.504974955792707e-09
471.9000000000388,1.2629057932385023e-05,1.2629057932385023e-05,0.5838465711554756,0.6234586139711588,0.8118640165384806,1257,7.221577674094222,4.959602311803779e-15,9.506989575325517e-09
472.0000000000388,1.1585222493540258e-05,1.1585222493540258e-05,0.5795050227818795,0.6181212020663226,0.8149686672324117,1258,7.241100578502647,5.545729955303306e-15,9.509004194858325e-09
472.10000000003885,1.0425631341105388e-05,1.0425631341105388e-05,0.5751216612798445,0.6127528581034667,0.8180678912698578,1258,7.267971913484061,6.073582217371271e-15,9.511018814391135e-09
472.20000000003887,9.161870726565678e-06,9.161870726565678e-06,0.5722023980881437,0.6091888303290312,0.8201124408409969,1259,7.300925046696752,6.537893841096366e-15,9.513033433923944e-09
472.3000000000389,7.806567728237893e-06,7.806567728237893e-06,0.5677566476731477,0.6037781134468002,0.8231964461918851,1260,7.338453162623615,6.934035453638371e-15,9.515048053456754e-09
472.4000000000389,6.373264085677724e-06,6.373264085677724e-06,0.5640129420449583,0.5992374408290357,0.8257659481994826,1260,7.378883275461414,7.258058716736621e-15,9.517062672989564e-09
472.50000000003894,4.876280895094446e-06,4.876280895094446e-06,0.5609809896891317,0.5955703401986763,0.8278286834891639,1261,7.420453602124306,7.506734769233431e-15,9.519077292522372e-09
472.60000000003896,3.330575517691521e-06,3.330575517691521e-06,0.5567260014942562,0.5904393000450321,0.8306961895062583,1262,7.461389806619912,7.677585701801474e-15,9.521091912055182e-09
472.700000000039,1.7515921306576998e-06,1.7515921306576998e-06,0.5532260999416387,0.5862320043841308,0.833031141280663,1262,7.499976575051487,7.768908817204902e-15,9.52310653158799e-09
472.800000000039,1.5510741405371738e-07,1.5510741405371738e-07,0.5503482615739643,0.582781292654595,0.8349352016668811,1263,7.534622034065334,7.77979344279475e-15,9.5251211511208e-09
472.90000000003903,-1.442927084559796e-06,-1.442927084559796e-06,0.5464394600342465,0.5781069140304183,0.8374986068749495,1264,7.563913502881459,7.710130090061895e-15,9.527135770653609e-09
473.00000000003905,-3.0265443327126614e-06,-3.0265443327126614e-06,0.5429227883031639,0.5739136201148152,0.8397826182656545,1264,7.5866638586461566,7.56061180665776e-15,9.529150390186419e-09
473.1000000000391,-4.579921350335592e-06,-4.579921350335592e-06,0.5403386058311406,0.570839466090747,0.841447675763894,1265,7.601948352032205,7.332727639367125e-15,9.531165009719227e-09
473.2000000000391,-6.087537307746667e-06,-6.087537307746667e-06,0.5368360998653015,0.566682526115605,0.8436865542850687,1266,7.6091320392618504,7.0287482160777575e-15,9.533179629252037e-09
473.3000000000391,-7.534328604651005e-06,-7.534328604651005e-06,0.5331405726977988,0.5623083859150534,0.8460266720047679,1266,7.607888131111072,6.6517035518281e-15,9.535194248784846e-09
473.40000000003914,-8.905839380655551e-06,-8.905839380655551e-06,0.5309067741472616,0.5596702352181975,0.8474302314435971,1267,7.598207544147561,6.2053532795902514e-15,9.537208868317656e-09
473.50000000003917,-1.0188365953447646e-05,-1.0188365953447646e-05,0.5278141057065199,0.5560249229000116,0.8493599177128779,1268,7.580399822009208,5.694149594001492e-15,9.539223487850464e-09
473.6000000000392,-1.1369093741458871e-05,-1.1369093741458871e-05,0.5239451878526403,0.5514762377935439,0.8517519827544057,1269,7.5550854214067416,5.1231932725978836e-15,9.541238107383274e-09
473.7000000000392,-1.243622530292812e-05,-1.243622530292812e-05,0.5219720502136456,0.5491613203403094,0.8529625893295458,1269,7.5231791749132295,4.498183204174008e-15,9.543252726916083e-09
473.80000000003923,-1.3379098212039989e-05,-1.3379098212039989e-05,0.5192636668711933,0.5459891277205124,0.8546140908430438,1270,7.485864599012054,3.825359909714686e-15,9.545267346448893e-09
473.90000000003926,-1.4188291594358972e-05,-1.4188291594358972e-05,0.5158808140952619,0.5420355265286807,0.8566603677353177,1254,7.444558664321724,3.1114435907602656e-15,9.547281965981703e-09
474.0000000000393,-1.4855720257092701e-05,-1.4855720257092701e-05,0.5443905270904844,0.5756623699303075,0.8388318985435309,1254,7.40086674234287,2.363567285758262e-15,9.549296585514511e-09
474.1000000000393,-1.5374715473665725e-05,-1.5374715473665725e-05,0.567739665653062,0.6037574842283957,0.8232081583926081,1254,7.356527745107321,1.5892057589854127e-15,9.551311205047321e-09
474.2000000000393,-1.574009161543105e-05,-1.574009161543105e-05,0.5857321512326358,0.6257830907987644,0.8105046866072945,1254,7.31335002351778,7.961007904357289e-16,9.55332582458013e-09
474.30000000003935,-1.594819796475745e-05,-1.594819796475745e-05,0.5981943275848203,0.6412459235595733,0.801351075649958,1254,7.273139398755858,-7.816420333136363e-18,9.55534044411294e-09
474.40000000003937,-1.5996955191793277e-05,-1.5996955191793277e-05,0.6049649787124126,0.6497218840255813,0.7962520797658805,1254,7.23762172772391,-8.145049774073968e-16,9.557355063645748e-09
474.5000000000394,-1.588587613044297e-05,-1.588587613044297e-05,0.6058906623490935,0.6508849491442974,0.7955479277065441,1254,7.208363534857719,-1.6158953325212296e-15,9.559369683178558e-09
474.6000000000394,-1.5616070645969696e-05,-1.5616070645969696e-05,0.6008293268288234,0.6445381708267934,0.7993773326924044,1254,7.186695288685309,-2.4039707967369314e-15,9.561384302711366e-09
474.70000000003944,-1.5190234545588477e-05,-1.5190234545588477e-05,0.5978128016114634,0.6407699047137142,0.801635736621973,1255,7.173642616599,-3.170848624507131e-15,9.563398922244176e-09
474.80000000003946,-1.461262264285162e-05,-1.461262264285162e-05,0.5924921561627504,0.6341489658974591,0.8055762191658931,1256,7.169870888045914,-3.908859744883316e-15,9.565413541776985e-09
474.9000000000395,-1.3889006244958168e-05,-1.3889006244958168e-05,0.5892470751539947,0.6301266317477942,0.8079528974033465,1256,7.175647983283246,-4.610626207112481e-15,9.567428161309795e-09
475.0000000000395,-1.3026615487760095e-05,-1.3026615487760095e-05,0.5854067678552412,0.6253816912702209,0.8107397339154409,1257,7.1908286826161785,-5.269135433027529e-15,9.569442780842603e-09
475.10000000003953,-1.2034067094634843e-05,-1.2034067094634843e-05,0.5800324908500548,0.6187685760814451,0.8145933399913611,1257,7.214862131195877,-5.877810432535452e-15,9.571457400375413e-09
475.20000000003955,-1.0921278281033646e-05,-1.0921278281033646e-05,0.5776021016475685,0.6157881728272474,0.8163184502216717,1258,7.2468215939415295,-6.430575238602495e-15,9.573472019908223e-09
475.3000000000396,-9.699367664942941e-06,-9.699367664942941e-06,0.5734122051304761,0.6106647629667012,0.8192670156959847,1259,7.285453626553781,-6.9219149414890045e-15,9.575486639441031e-09
475.4000000000396,-8.38054417332876e-06,-8.38054417332876e-06,0.5689655172081014,0.6052473651471527,0.8223613805548736,1259,7.3292422191113245,-7.346929828055163e-15,9.577501258973841e-09
475.5000000000396,-6.977985054574229e-06,-6.977985054574229e-06,0.5661938215514876,0.6018808685846275,0.8242721373653984,1260,7.376482637934697,-7.701383239596712e-15,9.57951587850665e-09
475.60000000003964,-5.505704215769549e-06,-5.505704215769549e-06,0.5620374733761152,0.5968471034101117,0.8271117690620734,1261,7.425359627599629,-7.981742837113286e-15,9.58153049803946e-09
475.70000000003967,-3.978412200384722e-06,-3.978412200384722e-06,0.5580344710106034,0.5920152810707856,0.8298177686479821,1261,7.474025199844359,-8.185215004654711e-15,9.583545117572268e-09
475.8000000000397,-2.41136920538186e-06,-2.41136920538186e-06,0.5552767503652454,0.588695695566871,0.8316656362407989,1262,7.520672195412442,-8.309772139573762e-15,9.585559737105078e-09
475.9000000000397,-8.202326063714954e-07,-8.202326063714954e-07,0.5513822210857908,0.5840201697747676,0.8342527472358122,1263,7.563600909479037,-8.354172589740097e-15,9.587574356637887e-09
476.00000000003973,7.790994857088854e-07,7.790994857088854e-07,0.5474965317629155,0.5793696118116891,0.8368079515083368,1263,7.601277118271114,-8.317973018376152e-15,9.589588976170697e-09
476.10000000003976,2.3706470732641093e-06,2.3706470732641093e-06,0.5449567465747112,0.5763375273784951,0.8384641580668228,1264,7.632380705350428,-8.20153301799031e-15,9.591603595703505e-09
476.2000000000398,3.938507938895003e-06,3.938507938895003e-06,0.5414326555434303,0.572140209037142,0.840744122495774,1265,7.655844705891645,-8.00601185904654e-15,9.593618215236315e-09
476.3000000000398,5.467016535098074e-06,5.467016535098074e-06,0.537453419797823,0.5674143900476173,0.8432934373915316,1265,7.670884966732277,-7.733357342709952e-15,9.595632834769123e-09
476.4000000000398,6.94090050923782e-06,6.94090050923782e-06,0.5352302034715518,0.5647802484982345,0.8447062384591469,1266,7.677020792258939,-7.3862868220882e-15,9.597647454301933e-09
476.50000000003985,8.345433299845896e-06,8.345433299845896e-06,0.5321091584058089,0.5610897261618789,0.8466757605722877,1267,7.674086958220506,-6.9682605535436484e-15,9.599662073834743e-09
476.60000000003987,9.666581279555353e-06,9.666581279555353e-06,0.528191201621186,0.5564689607615209,0.8491254645398215,1268,7.662237375996521,-6.483447631130119e-15,9.601676693367552e-09
476.7000000000399,1.089114397446639e-05,1.089114397446639e-05,0.5260355379219926,0.5539322724850994,0.8504625875622748,1268,7.641940524318699,-5.936684838383223e-15,9.603691312900362e-09
476.8000000000399,1.2006885958918057e-05,1.2006885958918057e-05,0.523307372394204,0.5507275824346456,0.8521439983933901,1269,7.613966576720126,-5.3334288212947114e-15,9.60570593243317e-09
476.90000000003994,1.3002659107816975e-05,1.3002659107816975e-05,0.5197966645270826,0.5466129165418772,0.8542900137228104,1270,7.57936598375264,-4.679702045645328e-15,9.60772055196598e-09
477.00000000003996,1.386851398501818e-05,1.386851398501818e-05,0.5172899642293853,0.543681277229766,0.8558101967770432,1270,7.539439164881962,-3.9820330535989254e-15,9.609735171498789e-09
477.10000000004,1.4595799254802246e-05,1.4595799254802246e-05,0.5331456675801792,0.5623144080562181,0.8460234613416374,1254,7.495696975794286,-3.2473915814109888e-15,9.611749791031599e-09
477.20000000004,1.517724812316203e-05,1.517724812316203e-05,0.5586667258839728,0.5927773965825052,0.8293922409753313,1254,7.449811794526349,-2.4831191446190324e-15,9.613764410564407e-09
477.30000000004003,1.5607050945206324e-05,1.5607050945206324e-05,0.5789092791403786,0.617390389992647,0.8153919588303329,1254,7.403559461020302,-1.6968557408427264e-15,9.615779030097217e-09
477.40000000004005,1.588091327321118e-05,1.588091327321118e-05,0.593691751635271,0.6356388976054047,0.8046925524945808,1254,7.358752937482308,-8.964633644918548e-16,9.617793649630025e-09
477.5000000000401,1.5996098765322026e-05,1.5996098765322026e-05,0.6028486965437647,0.6470667547099885,0.7978555314563432,1254,7.317169422170496,-8.994707305325962e-17,9.619808269162835e-09
477.6000000000401,1.595145652617695e-05,1.595145652617695e-05,0.6062235348685951,0.6513034350363139,0.7952943013573184,1254,7.280473680675127,7.146256085408263e-16,9.621822888695644e-09
477.7000000000401,1.5747432606272728e-05,1.5747432606272728e-05,0.6036684051064766,0.6480945436822874,0.7972355089157801,1254,7.250141419665398,1.5092061115806006e-15,9.623837508228454e-09
477.80000000004014,1.5386065545175696e-05,1.5386065545175696e-05,0.598994781822398,0.6422451772525404,0.8007529277808092,1255,7.2273874157181845,2.285846196551227e-15,9.625852127761264e-09
477.90000000004017,1.487096600310828e-05,1.487096600310828e-05,0.5944469943153023,0.6365777710339592,0.8041347965046052,1255,7.21310358913477,3.0367783605290234e-15,9.627866747294072e-09
478.0000000000402,1.4207280684425541e-05,1.4207280684425541e-05,0.5912786893789727,0.6326434649136718,0.8064673034204699,1256,7.207812068154077,3.754494345947922e-15,9.629881366826882e-09
478.1000000000402,1.3401640913446563e-05,1.3401640913446563e-05,0.5860231555817684,0.6261421783197556,0.8102943052508678,1257,7.211637411307852,4.431820828165455e-15,9.63189598635969e-09
478.20000000004023,1.246209637645387e-05,1.246209637645387e-05,0.5829437320352986,0.622347000988039,0.8125125262300625,1257,7.224300594109059,5.0619914067794144e-15,9.6339106058925e-09
478.30000000004026,1.1398034691888966e-05,1.1398034691888966e-05,0.5791423461166424,0.6176762532888412,0.815226436601826,1258,7.24513534587034,5.63871411166874e-15,9.635925225425309e-09
478.4000000000403,1.0220087612371998e-05,1.0220087612371998e-05,0.5738472835143825,0.611195919822446,0.8189623283174653,1258,7.273125296752108,6.156233750593291e-15,9.637939844958119e-09
478.5000000000403,8.94002479574397e-06,8.94002479574397e-06,0.5714559164614371,0.6082789004113435,0.8206327653349085,1259,7.30695854808923,6.6093885528506666e-15,9.639954464490927e-09
478.6000000000403,7.570636206536127e-06,7.570636206536127e-06,0.5674819000298885,0.6034443947644332,0.8233858713497989,1260,7.3450950142194635,6.99366068104907e-15,9.641969084023737e-09
478.70000000004035,6.125604322872151e-06,6.125604322872151e-06,0.5628725107765391,0.5978570324191766,0.8265437294010008,1260,7.385841346349674,7.305220272823472e-15,9.643983703556546e-09
478.80000000004037,4.619367425669587e-06,4.619367425669587e-06,0.5603093015084377,0.594759177564125,0.8282834579074524,1261,7.427428406800015,7.540962729439884e-15,9.645998323089356e-09
478.9000000000404,3.0669753361095683e-06,3.0669753361095683e-06,0.556475544470488,0.5901378279405678,0.8308639891139066,1262,7.468086947375007,7.69853899441542e-15,9.648012942622164e-09
479.0000000000404,1.4839390427983862e-06,1.4839390427983862e-06,0.5521497200031815,0.5849404334562656,0.8337449770165984,1262,7.506118126633688,7.77637857725631e-15,9.650027562154974e-09
479.10000000004044,-1.1392427890341351e-07,-1.1392427890341351e-07,0.5496963616475895,0.5820007143211261,0.8353645371880485,1263,7.539956552487518,7.773705092404079e-15,9.652042181687784e-09
479.20000000004046,-1.7106493068687696e-06,-1.7106493068687696e-06,0.5461725939406823,0.5777883005305183,0.8376726673516969,1264,7.568224488135785,7.690544115055969e-15,9.654056801220593e-09
479.3000000000405,-3.2902820924253655e-06,-3.2902820924253655e-06,0.5418627710770384,0.5726518824666996,0.8404669757466459,1264,7.589776611396752,7.527723210087534e-15,9.656071420753403e-09
479.4000000000405,-4.83703946693709e-06,-4.83703946693709e-06,0.5396709582069691,0.5700462168954414,0.8418760341451536,1265,7.603735235014756,7.286864066693573e-15,9.658086040286211e-09
479.50000000004053,-6.335466742007823e-06,-6.335466742007823e-06,0.5365285097499957,0.5663179897230964,0.843882194518553,1266,7.609516189193544,6.970366762845993e-15,9.660100659819021e-09
479.60000000004055,-7.770592127619255e-06,-7.770592127619255e-06,0.5325581627876144,0.561620129029379,0.8463934092656209,1267,7.606845673512126,6.581386281039598e-15,9.66211527935183e-09
479.7000000000406,-9.128076325307734e-06,-9.128076325307734e-06,0.5302019485683533,0.5588387306299358,0.8478713898548064,1267,7.595768349589108,6.123801491397118e-15,9.66412989888464e-09
479.8000000000406,-1.0394355801694565e-05,-1.0394355801694565e-05,0.5274528350280886,0.5555996344576787,0.8495843141329953,1268,7.57664681583823,5.602176904003008e-15,9.666144518417448e-09
479.9000000000406,-1.155677831082803e-05,-1.155677831082803e-05,0.5239058929101739,0.5514301041939547,0.8517761533255046,1269,7.550152427680227,5.021717566713351e-15,9.668159137950258e-09
480.00000000004064,-1.2603729311242651e-05,-1.2603729311242651e-05,0.5212184946298242,0.5482781021280638,0.8534232718035172,1269,7.517247247019484,4.388217548025153e-15,9.670173757483066e-09
480.10000000004067,-1.3524748014618278e-05,-1.3524748014618278e-05,0.5188432772787149,0.5454972954312389,0.8548693781056159,1270,7.479156772837394,3.7080024991287014e-15,9.672188377015876e-09
480.2000000000407,-1.4310631906519076e-05,-1.4310631906519076e-05,0.5210264100051579,0.5480530421463932,0.853540555613579,1254,7.437333074209122,2.9878668378833512e-15,9.674202996548685e-09
480.3000000000407,-1.4953528694875852e-05,-1.4953528694875852e-05,0.5486833911395814,0.5807885884880214,0.8360302245060097,1254,7.393408075160489,2.2350061427429675e-15,9.676217616081495e-09
480.40000000004073,-1.544701476749276e-05,-1.544701476749276e-05,0.57114474680102,0.6078997678565025,0.8208493638918158,1254,7.349137082005894,1.4569453885655442e-15,9.678232235614305e-09
480.50000000004076,-1.5786159374657024e-05,-1.5786159374657024e-05,0.5882189974878876,0.6288547737511486,0.8087016823244183,1254,7.306333237132431,6.614637001241909e-16,9.680246855147113e-09
480.6000000000408,-1.5967573895560148e-05,-1.5967573895560148e-05,0.5997351714923795,0.6431701142367383,0.8001985529073432,1254,7.266794433088579,-1.4348365606094758e-16,9.682261474679923e-09
480.7000000000408,-1.5989445696276945e-05,-1.5989445696276945e-05,0.6055334947313183,0.6504360678443311,0.79581982053633,1254,7.232225275106237,-9.498452747022475e-16,9.684276094212731e-09
480.8000000000408,-1.5851556241004508e-05,-1.5851556241004508e-05,0.6054619235511949,0.6503461370211335,0.795874273443794,1254,7.204157812452467,-1.7495547952910614e-15,9.686290713745541e-09
480.90000000004085,-1.5555283275599723e-05,-1.5555283275599723e-05,0.5993813940492176,0.6427280753705559,0.800463580975185,1254,7.183875767463762,-2.534612405507429e-15,9.68830533327835e-09
481.00000000004087,-1.5103587061598094e-05,-1.5103587061598094e-05,0.5970492255420027,0.6398177201430502,0.8022046012581172,1255,7.17234762523695,-3.2971657630559283e-15,9.69031995281116e-09
481.1000000000409,-1.450098079825901e-05,-1.450098079825901e-05,0.5923379201434318,0.6339575188827729,0.8056896352567491,1256,7.170173966300979,-4.029589407560537e-15,9.692334572343968e-09
481.2000000000409,-1.3753485528170613e-05,-1.3753485528170613e-05,0.5881446316146749,0.6287628197116224,0.8087557680182803,1256,7.177553678539642,-4.7245617314619755e-15,9.694349191876778e-09
481.30000000004094,-1.2868569976982547e-05,-1.2868569976982547e-05,0.5848906636684503,0.6247452531637313,0.8111121448686857,1257,7.194272184712585,-5.37513861030089e-15,9.696363811409587e-09
481.40000000004096,-1.1855075928368091e-05,-1.1855075928368091e-05,0.5797682890677108,0.6184442777191053,0.8147814007397931,1258,7.219712771222123,-5.9748228632153795e-15,9.698378430942397e-09
481.500000000041,-1.0723129879844415e-05,-1.0723129879844415e-05,0.5767136633506147,0.6147002436619334,0.8169463571769653,1258,7.252889859647853,-6.5176288196610505e-15,9.700393050475205e-09
481.600000000041,-9.48404186215676e-06,-9.48404186215676e-06,0.5730313722717936,0.6101999927107126,0.8195334321382534,1259,7.292501038574423,-6.998141393728743e-15,9.702407670008015e-09
481.70000000004103,-8.150192433189822e-06,-8.150192433189822e-06,0.5679055774951896,0.6039590412390207,0.8230937097620509,1260,7.336993217664543,-7.411569191775365e-15,9.704422289540825e-09
481.80000000004105,-6.734908975525844e-06,-6.734908975525844e-06,0.565420925763523,0.6009434995774884,0.8248025077003104,1260,7.384637567289843,-7.753791281968919e-15,9.706436909073633e-09
481.9000000000411,-5.252332533643299e-06,-5.252332533643299e-06,0.5617131302401637,0.5964550162041098,0.8273320731821032,1261,7.433607962258365,-8.021397323876358e-15,9.708451528606443e-09
482.0000000000411,-3.71727652127487e-06,-3.71727652127487e-06,0.5568603968105207,0.5906010951819816,0.8306061030741524,1261,7.482058297110025,-8.211720793036562e-15,9.710466148139252e-09
482.1000000000411,-2.1450787106740956e-06,-2.1450787106740956e-06,0.5545516225803447,0.5878240508753666,0.8321493242763025,1262,7.528195040941629,-8.322865051237363e-15,9.712480767672062e-09
482.20000000004114,-5.514479826650046e-07,-5.514479826650046e-07,0.5510624450433456,0.5836369099586111,0.83446400860843,1263,7.57034250697106,-8.353722024976339e-15,9.71449538720487e-09
482.30000000004117,1.04769263130241e-06,1.04769263130241e-06,0.5465993890864573,0.5782978863094238,0.8373942368146031,1264,7.606999334560068,-8.303983278031509e-15,9.71651000673768e-09
482.4000000000412,2.6363650468189855e-06,2.6363650468189855e-06,0.544234292551457,0.5754761286835324,0.8389332719656641,1264,7.636885503798268,-8.174143308800812e-15,9.718524626270489e-09
482.5000000000412,4.198695774254154e-06,4.198695774254154e-06,0.5410849886272623,0.5717267412099067,0.8409679156081018,1265,7.658979780978757,-7.965494970942733e-15,9.720539245803299e-09
482.60000000004123,5.719074521417252e-06,5.719074521417252e-06,0.5370636991848526,0.5669523169028581,0.8435416901480817,1266,7.672547835007061,-7.680117002104898e-15,9.722553865336107e-09
482.70000000004126,7.182310166437016e-06,7.182310166437016e-06,0.534481968841413,0.563894704112412,0.8451798772944177,1266,7.677161406690964,-7.320853741594554e-15,9.724568484868917e-09
482.8000000000413,8.573782542429798e-06,8.573782542429798e-06,0.5317149338900045,0.5606241797443862,0.8469233903242656,1267,7.6727089027741675,-6.891287214514253e-15,9.726583104401725e-09
482.9000000000413,9.879588517374287e-06,9.879588517374287e-06,0.5281265057481223,0.5563927713845673,0.8491657046338357,1268,7.6593976728315925,-6.3957018498606444e-15,9.728597723934535e-09
483.0000000000413,1.1086680909610898e-05,1.1086680909610898e-05,0.5252450041568857,0.5530030055604341,0.850951047715574,1268,7.637748054766497,-5.839042179318642e-15,9.730612343467345e-09
483.10000000004135,1.218299885096809e-05,1.218299885096809e-05,0.5228573348154469,0.5501995441628501,0.852420205901812,1269,7.608579086171179,-5.226863931215054e-15,9.732626963000154e-09
483.20000000004137,1.3157588294970353e-05,1.3157588294970353e-05,0.5196673420797694,0.5464615434829971,0.8543686871460985,1270,7.57298561722231,-4.565278991956014e-15,9.734641582532964e-09
483.3000000000414,1.4000711466049647e-05,1.4000711466049647e-05,0.5164488310314054,0.5426987186728705,0.8563180512673401,1270,7.532306472386619,-3.860894758008308e-15,9.736656202065772e-09
483.4000000000414,1.470394415618001e-05,1.470394415618001e-05,0.5377984334561076,0.5678235698716535,0.8430734517064077,1254,7.488083343483768,-3.1207484478790255e-15,9.738670821598582e-09
483.50000000004144,1.5260259896779475e-05,1.5260259896779475e-05,0.5624456656234335,0.5973407014294981,0.826834247731317,1254,7.442010307275832,-2.3522369878346493e-15,9.74068544113139e-09
483.60000000004146,1.566410016486151e-05,1.566410016486151e-05,0.581782281002443,0.6209182766022776,0.8133445626003745,1254,7.3958742913604345,-1.5630431288598247e-15,9.7427000606642e-09
483.7000000000415,1.5911429921959277e-05,1.5911429921959277e-05,0.5956301344475939,0.6380498932340474,0.8032588268658747,1254,7.351487485968117,-7.610584966832952e-16,9.744714680197009e-09
483.8000000000415,1.5999777930896205e-05,1.5999777930896205e-05,0.6038256222981087,0.6482917613559575,0.7971164393338666,1254,7.310613598910786,4.569567768026475e-17,9.746729299729819e-09
483.90000000004153,1.5928261447570964e-05,1.5928261447570964e-05,0.6062134053260675,0.6512906982502736,0.7953020226322658,1254,7.274890898866067,8.491493523910259e-16,9.748743919262627e-09
484.00000000004155,1.5697595041044733e-05,1.5697595041044733e-05,0.6026477312329134,0.6468148968422571,0.7980073383370745,1254,7.2457560396352,1.6412651525207715e-15,9.750758538795437e-09
484.1000000000416,1.5310083453803347e-05,1.5310083453803347e-05,0.5986377047213979,0.6417993248990145,0.8010199114166242,1255,7.224373493418762,2.414119645429704e-15,9.752773158328246e-09
484.2000000000416,1.4769598573532224e-05,1.4769598573532224e-05,0.593106762202783,0.6349121197988989,0.8051238219238898,1255,7.211575806894107,3.159983494300462e-15,9.754787777861056e-09
484.3000000000416,1.4081540746494487e-05,1.4081540746494487e-05,0.5905760378198478,0.6317724719243022,0.8069819970439301,1256,7.207819630099867,3.87139955625263e-15,9.756802397393866e-09
484.40000000004164,1.3252784819056222e-05,1.3252784819056222e-05,0.5858865065927632,0.6259735474203666,0.8103931153412695,1257,7.21316146710649,4.541258007716295e-15,9.758817016926674e-09
484.50000000004167,1.2291611446494109e-05,1.2291611446494109e-05,0.5818846799860221,0.6210441809234413,0.8132713072508857,1257,7.2272554385731205,5.162867633887904e-15,9.760831636459484e-09
484.6000000000417,1.1207624355425116e-05,1.1207624355425116e-05,0.5786316116724656,0.6170498986344339,0.8155890251672867,1258,7.249373281221833,5.73002251102918e-15,9.762846255992292e-09
484.7000000000417,1.0011654386544719e-05,1.0011654386544719e-05,0.5737089072882119,0.6110269645096659,0.8190592711752709,1259,7.278444704437019,6.237063429673602e-15,9.764860875525103e-09
484.80000000004173,8.715651276446866e-06,8.715651276446866e-06,0.5705612720065784,0.6071891251351667,0.8212550364449739,1259,7.313114457445292,6.678933534291831e-15,9.766875495057911e-09
484.90000000004176,7.332564259805987e-06,7.332564259805987e-06,0.5670672280218635,0.6029408640391845,0.8236715115284733,1260,7.351811312778018,7.051227768859087e-15,9.768890114590721e-09
485.0000000000418,5.876212684904585e-06,5.876212684904585e-06,0.5622647241600756,0.5971218812733263,0.8269573023833783,1261,7.392823757661704,7.350235801838325e-15,9.77090473412353e-09
485.1000000000418,4.3611479352732515e-06,4.3611479352732515e-06,0.5594966107209817,0.5937783280942804,0.828832638469151,1261,7.434377445963118,7.572978153630019e-15,9.77291935365634e-09
485.2000000000418,2.8025080370764897e-06,2.8025080370764897e-06,0.5560919701873351,0.5896762421454733,0.8311207617988904,1262,7.47471021526533,7.717235272148813e-15,9.774933973189148e-09
485.30000000004185,1.215866404959238e-06,1.215866404959238e-06,0.551613967176886,0.5842979841096991,0.8340995331585896,1263,7.512141481232619,7.781569313496518e-15,9.776948592721958e-09
485.40000000004187,-3.829237623643737e-07,-3.829237623643737e-07,0.5489095229666324,0.5810590953403425,0.8358817713029422,1263,7.545133866307249,7.765338401697485e-15,9.778963212254766e-09
485.5000000000419,-1.977887882032206e-06,-1.977887882032206e-06,0.5457780641751603,0.5773173895928112,0.8379297731106197,1264,7.572345842831379,7.668703176672069e-15,9.780977831787576e-09
485.6000000000419,-3.5530895997855722e-06,-3.5530895997855722e-06,0.5417142764788702,0.572475211465053,0.8405626940680714,1265,7.592674884239956,7.49262549812357e-15,9.782992451320384e-09
485.70000000004194,-5.092790020753133e-06,-5.092790020753133e-06,0.5388732856864111,0.569099010286645,0.8423868363011922,1265,7.605291096176272,7.238859252518148e-15,9.785007070853194e-09
485.80000000004196,-6.5816049672858666e-06,-6.5816049672858666e-06,0.5360974634379174,0.5658072829389622,0.8441560932051789,1266,7.609661558527916,6.9099333034745056e-15,9.787021690386005e-09
485.900000000042,-8.004658692574802e-06,-8.004658692574802e-06,0.5324660248308792,0.5615112732648919,0.8464513762767484,1267,7.605565688130401,6.509126723338832e-15,9.789036309918813e-09
486.000000000042,-9.347732514195863e-06,-9.347732514195863e-06,0.5293709499722307,0.5578589308159153,0.8483904745607992,1267,7.593101876958117,6.0404365371733605e-15,9.791050929451623e-09
486.10000000004203,-1.0597406882484587e-05,-1.0597406882484587e-05,0.5269712606869648,0.5550328988755723,0.8498831039678287,1268,7.572685519326013,5.5085382943549955e-15,9.793065548984431e-09
486.20000000004205,-1.1741195464240452e-05,-1.1741195464240452e-05,0.5237513886217705,0.5512487235921644,0.8518711656798622,1269,7.545038360097157,4.918739855408726e-15,9.795080168517241e-09
486.3000000000421,-1.2767669902040788e-05,-1.2767669902040788e-05,0.520341717752569,0.5472510594338408,0.8539581352538927,1269,7.511168920784687,4.2769288433681766e-15,9.79709478805005e-09
486.4000000000421,-1.3666574002610425e-05,-1.3666574002610425e-05,0.5183049006136135,0.5448676391792534,0.8551959015336266,1270,7.4723436416379645,3.589514262299386e-15,9.79910940758286e-09
486.5000000000421,-1.4428926213314654e-05,-1.4428926213314654e-05,0.5260298217398925,0.5539255512368023,0.8504661231585282,1254,7.430048369896889,2.8633628335136823e-15,9.801124027115668e-09
486.60000000004214,-1.5047109362864256e-05,-1.5047109362864256e-05,0.5528277982834279,0.585753944878005,0.8332955210758651,1254,7.385939984759837,2.105730644932454e-15,9.803138646648478e-09
486.70000000004217,-1.5514946769573108e-05,-1.5514946769573108e-05,0.5743960159903492,0.6118661110774497,0.8185775569940911,1254,7.341788331169741,1.3241907528887834e-15,9.805153266181286e-09
486.8000000000422,-1.5827763956719858e-05,-1.5827763956719858e-05,0.5905472481353338,0.6317367966443023,0.8070030654959028,1254,7.299409271941372,5.265574196318829e-16,9.807167885714096e-09
486.9000000000422,-1.598243535837415e-05,-1.598243535837415e-05,0.6011129371435135,0.6448930071899286,0.7991640862793438,1254,7.260590557516953,-2.7919228517616535e-16,9.809182505246905e-09
487.00000000004223,-1.5977415549018223e-05,-1.5977415549018223e-05,0.6059346464843541,0.6509402381593489,0.7955144273926656,1254,7.227013291023845,-1.084998744187801e-15,9.811197124779715e-09
487.10000000004226,-1.581275468492783e-05,-1.581275468492783e-05,0.6048618759506533,0.6495924053169811,0.7963304031753757,1254,7.2001728937066405,-1.882801091109287e-15,9.813211744312525e-09
487.2000000000423,-1.5490098003027317e-05,-1.5490098003027317e-05,0.5992266262254653,0.6425347416242437,0.8005794466650056,1255,7.181304439461513,-2.664618680319e-15,9.815226363845333e-09
487.3000000000423,-1.501266938222612e-05,-1.501266938222612e-05,0.5961189946457147,0.6386586267695852,0.8028960980242602,1255,7.171317773364394,-3.4226318201691474e-15,9.817240983378143e-09
487.4000000000423,-1.4385239131486365e-05,-1.4385239131486365e-05,0.592025478217725,0.6335697797418716,0.8059192472829235,1256,7.170747726614581,-4.1492608391589194e-15,9.819255602910952e-09
487.50000000004235,-1.3614076326472581e-05,-1.3614076326472581e-05,0.5868779072859555,0.6271974469457705,0.8096754423469058,1256,7.179723861519578,-4.837242556601517e-15,9.821270222443762e-09
487.60000000004237,-1.2706886171019935e-05,-1.2706886171019935e-05,0.5842181855497226,0.6239164191978741,0.81159664345843,1257,7.1979625683622865,-5.479703267271791e-15,9.82328484197657e-09
487.7000000000424,-1.1672733009284522e-05,-1.1672733009284522e-05,0.5796237278081546,0.6182668655493414,0.8148842458667233,1258,7.224782224773378,-6.070227426395002e-15,9.82529946150938e-09
487.8000000000424,-1.0521949757812818e-05,-1.0521949757812818e-05,0.5756693009627213,0.6134224463578114,0.817682613199701,1258,7.259139892480377,-6.6029213311814906e-15,9.827314081042188e-09
487.90000000004244,-9.266034662455166e-06,-9.266034662455166e-06,0.5725028871148227,0.6095552769734262,0.8199027041333579,1259,7.299686076980871,-7.072471221873737e-15,9.829328700574998e-09
488.00000000004246,-7.917536411694055e-06,-7.917536411694055e-06,0.5678366373892397,0.6038752863599369,0.8231412717380177,1260,7.344832739415316,-7.474195347286994e-15,9.831343320107807e-09
488.1000000000425,-6.489928754296833e-06,-6.489928754296833e-06,0.5644997052443077,0.5998270282997213,0.8254332697311696,1260,7.39282918326566,-7.804089637612097e-15,9.833357939640617e-09
488.2000000000425,-4.997475874071871e-06,-4.997475874071871e-06,0.561248631856683,0.5958936818547296,0.8276472516954319,1261,7.441840608043893,-8.05886669088225e-15,9.835372559173425e-09
488.30000000004253,-3.455089866859053e-06,-3.455089866859053e-06,0.5567969232733726,0.5905246788023136,0.8306486539044688,1262,7.49002484810011,-8.235987811735156e-15,9.837387178706235e-09
488.40000000004255,-1.8781817437974278e-06,-1.8781817437974278e-06,0.5536848267176113,0.5867827769628732,0.8327263131802001,1262,7.535603849309865,-8.333687854970169e-15,9.839401798239045e-09
488.5000000000426,-2.825074495961113e-07,-2.825074495961113e-07,0.5506087003969116,0.5830932517218067,0.8347634749120401,1263,7.576927540827756,-8.350992639150599e-15,9.841416417771854e-09
488.6000000000426,1.3159895656570237e-06,1.3159895656570237e-06,0.5465200992653826,0.5782032028645324,0.8374459869740594,1264,7.612528753904774,-8.287728722063604e-15,9.843431037304664e-09
488.7000000000426,2.9013376481784223e-06,2.9013376481784223e-06,0.5433757223969393,0.5744530610370361,0.8394896213233397,1264,7.641168622481618,-8.144525378551498e-15,9.845445656837472e-09
488.80000000004264,4.457696523973926e-06,4.457696523973926e-06,0.5406082545930749,0.5711599572212599,0.8412744588217504,1265,7.661872437132807,-7.922808692668074e-15,9.847460276370282e-09
488.90000000004267,5.969515569620424e-06,5.969515569620424e-06,0.5369375266429276,0.5668027492683436,0.8436220080596377,1266,7.6739562289963095,-7.624787764674292e-15,9.84947489590309e-09
489.0000000000427,7.421689188954744e-06,7.421689188954744e-06,0.5336020759748524,0.5628539746824411,0.8457356705941448,1266,7.6770444732234795,-7.253433130172514e-15,9.8514895154359e-09
489.1000000000427,8.799707743197268e-06,8.799707743197268e-06,0.5311954022838234,0.5600108637813644,0.8472493402727009,1267,7.671079270663838,-6.8124475846542716e-15,9.853504134968709e-09
489.20000000004273,1.008980252646637e-05,1.008980252646637e-05,0.5279420819242043,0.5561756036743559,0.8492803766327919,1268,7.656321239841766,-6.306229695092412e-15,9.855518754501519e-09
489.30000000004276,1.1279083338136261e-05,1.1279083338136261e-05,0.5243262961334308,0.5519237398403346,0.8515174309331535,1268,7.633342173252456,-5.739830357481123e-15,9.857533374034327e-09
489.4000000000428,1.2355667277460696e-05,1.2355667277460696e-05,0.5222848090125414,0.5495280350205665,0.8527711171672814,1269,7.60300932497971,-5.1189028251397435e-15,9.859547993567137e-09
489.5000000000428,1.3308797473589276e-05,1.3308797473589276e-05,0.5194204727593402,0.546172619465276,0.8545187958602569,1270,7.566461043997861,-4.4496466890541185e-15,9.861562613099946e-09
489.6000000000428,1.4128950564665234e-05,1.4128950564665234e-05,0.515790667995109,0.5419303001780204,0.8567146472479382,1271,7.525073396294196,-3.738746341350302e-15,9.863577232632756e-09
489.70000000004285,1.4807931852109106e-05,1.4807931852109106e-05,0.5423069787548415,0.5731804974137347,0.8401804215725309,1254,7.480417480146577,-2.9933044988988097e-15,9.865591852165566e-09
489.80000000004287,1.533895717933812e-05,1.533895717933812e-05,0.5660746152503924,0.6017362556883126,0.824354007674567,1254,7.434207383754101,-2.2207714081505512e-15,9.867606471698374e-09
489.9000000000429,1.5716720716816237e-05,1.5716720716816237e-05,0.5845002374695699,0.6242639898983614,0.8113935373159047,1254,7.388239205146397,-1.4288703960935788e-15,9.869621091231184e-09
490.0000000000429,1.5937447976148998e-05,1.5937447976148998e-05,0.5974088176137263,0.6402660497668025,0.8019368457910944,1254,7.344322268722721,-6.255204767254036e-16,9.871635710763992e-09
490.10000000004294,1.599893352352388e-05,1.599893352352388e-05,0.604638409993452,0.6493118155659547,0.7965000898685387,1254,7.3042046046533065,1.8124323168972837e-16,9.873650330296802e-09
490.20000000004296,1.5900563015675934e-05,1.5900563015675934e-05,0.6060349463114842,0.6510663259341961,0.7954380201179954,1254,7.269495817589946,9.83350476106498e-16,9.875664949829611e-09
490.300000000043,1.564331933820261e-05,1.564331933820261e-05,0.601455099973365,0.645321227076066,0.7989066045014458,1254,7.24159149905854,1.7727773754430701e-15,9.877679569362421e-09
490.400000000043,1.5229772784895768e-05,1.5229772784895768e-05,0.5981172930870325,0.6411497962360432,0.8014085747671039,1255,7.221604114205158,2.5416275723206977e-15,9.87969418889523e-09
490.50000000004303,1.4664055376215734e-05,1.4664055376215734e-05,0.5925110758112507,0.6341724519580698,0.8055623036370274,1256,7.210305581923108,3.2822121062695645e-15,9.88170880842804e-09
490.60000000004305,1.3951819573508732e-05,1.3951819573508732e-05,0.5897129071495457,0.6307033114066035,0.8076129562737533,1256,7.208086381709288,3.987127075165203e-15,9.883723427960848e-09
490.7000000000431,1.3100181801481557e-05,1.3100181801481557e-05,0.5855977264407639,0.6256172475411933,0.810601815188819,1257,7.21493489843712,4.6493281739127e-15,9.885738047493658e-09
490.8000000000431,1.211765134323829e-05,1.211765134323829e-05,0.5806662408107947,0.6195467872834142,0.8141417055910232,1257,7.230438967283709,5.2622012601680155e-15,9.887752667026466e-09
490.9000000000431,1.1014045318336311e-05,1.1014045318336311e-05,0.5779695686900512,0.6162383961378544,0.8160583175657461,1258,7.253809481919923,5.819628194439796e-15,9.889767286559276e-09
491.00000000004314,9.800390593372798e-06,9.800390593372798e-06,0.573542176424771,0.6108234151629833,0.8191760322799593,1259,7.2839238560719455,6.316047324104952e-15,9.891781906092086e-09
491.10000000004317,8.488813605178679e-06,8.488813605178679e-06,0.569515042697576,0.6059157484542378,0.8219809098398686,1259,7.31938545022294,6.7465081075447615e-15,9.893796525624894e-09
491.2000000000432,7.092419197470282e-06,7.092419197470282e-06,0.5665092420467908,0.6022635843823588,0.8240553856844639,1260,7.3585940478026695,7.106719484358737e-15,9.895811145157704e-09
491.3000000000432,5.625159681582816e-06,5.625159681582816e-06,0.5621433033915176,0.5969750602603916,0.8270398457463051,1261,7.399822173009559,7.393091675848903e-15,9.897825764690513e-09
491.40000000004324,4.101695429587523e-06,4.101695429587523e-06,0.5585393933916223,0.5926238794607269,0.8294779961094318,1261,7.441292401184358,7.60277114415211e-15,9.899840384223323e-09
491.50000000004326,2.5372483927000175e-06,2.5372483927000175e-06,0.5555718607027579,0.589050580147253,0.8314685247171268,1262,7.481251624326019,7.733668457889598e-15,9.901855003756131e-09
491.6000000000433,9.474500085754535e-07,9.474500085754535e-07,0.5514880185229795,0.584146992098112,0.8341828129526512,1263,7.518039262207889,7.784478823342251e-15,9.903869623288941e-09
491.7000000000433,-6.518149828494672e-07,-6.518149828494672e-07,0.5479842162664207,0.5799525144277419,0.8364886722023656,1263,7.55014744313869,7.75469505952591e-15,9.90588424282175e-09
491.8000000000433,-2.24456725442714e-06,-2.24456725442714e-06,0.5452524969661345,0.576690296550057,0.8382718619589921,1264,7.576272070477777,7.644612834528717e-15,9.90789886235456e-09
491.90000000004335,-3.814892551953856e-06,-3.814892551953856e-06,0.541553329604203,0.5722837481183597,0.8406663970890007,1265,7.595354365386305,7.455328042837402e-15,9.909913481887368e-09
492.00000000004337,-5.347100704137251e-06,-5.347100704137251e-06,0.5379421173453697,0.567994007810299,0.8429817782051878,1265,7.606612915692747,7.18872628578693e-15,9.911928101420178e-09
492.1000000000434,-6.825882393601377e-06,-6.825882393601377e-06,0.5355396762588851,0.5651466583921787,0.8445100681179168,1266,7.609566486498574,6.847464511787049e-15,9.913942720952986e-09
492.2000000000434,-8.23646212252534e-06,-8.23646212252534e-06,0.5322531448376537,0.5612597961397301,0.8465852525354004,1267,7.60404790108107,6.434944970287119e-15,9.915957340485796e-09
492.30000000004344,-9.56474584453339e-06,-9.56474584453339e-06,0.5284104049073032,0.5567271333172731,0.8489890717704792,1267,7.5902092279258175,5.95528172558685e-15,9.917971960018606e-09
492.40000000004346,-1.079746178774744e-05,-1.079746178774744e-05,0.5263662115333101,0.5543211354363461,0.850257967534601,1268,7.56851835845222,5.413260058685011e-15,9.919986579551415e-09
492.5000000000435,-1.1922293061944604e-05,-1.1922293061944604e-05,0.5234787254569124,0.550928679485693,0.8520387455943577,1269,7.539746876228339,4.814289155859016e-15,9.922001199084225e-09
492.6000000000435,-1.2928000724852882e-05,-1.2928000724852882e-05,0.5198177996413528,0.5466376567038951,0.8542771536076699,1270,7.504948949221083,4.1643485427418275e-15,9.924015818617033e-09
492.70000000004353,-1.3804536077947245e-05,-1.3804536077947245e-05,0.5176454890024418,0.5440967542037611,0.8555952008487558,1270,7.4654308725332195,3.46992877489024e-15,9.926030438149843e-09
492.80000000004355,-1.4543141069723636e-05,-1.4543141069723636e-05,0.5308925031535892,0.5596533949901022,0.8474391719146078,1254,7.422710905450979,2.7379669430746974e-15,9.928045057682652e-09
492.9000000000436,-1.5136435803254572e-05,-1.5136435803254572e-05,0.556825382082098,0.5905589401418009,0.8306295768085348,1254,7.3784692407664485,1.9757775961593435e-15,9.930059677215462e-09
493.0000000000436,-1.5578492273679772e-05,-1.5578492273679772e-05,0.577495230048226,0.6156572598850137,0.816394058816909,1254,7.334488367261078,1.1909797282129943e-15,9.93207429674827e-09
493.1000000000436,-1.5864893598871188e-05,-1.5864893598871188e-05,0.5927187340761355,0.634430256917906,0.8054095245744138,1254,7.292584767704199,3.914205205959862e-16,9.93408891628108e-09
493.20000000004364,-1.5992778151459198e-05,-1.5992778151459198e-05,0.6023295021120995,0.6464161771685383,0.798247562404916,1254,7.254533822596088,-4.149034249745732e-16,9.936103535813888e-09
493.30000000004367,-1.5960868151267353e-05,-1.5960868151267353e-05,0.6061703670240193,0.6512365836960146,0.7953348264359896,1254,7.221990888441023,-1.2199265796510209e-15,9.938118155346698e-09
493.4000000000437,-1.5769482432469527e-05,-1.5769482432469527e-05,0.6040925642216565,0.6486266883286802,0.7969141571412217,1254,7.196412635781368,-2.0155958768289853e-15,9.940132774879507e-09
493.5000000000437,-1.5420533257904242e-05,-1.5420533257904242e-05,0.5991077369462083,0.642386245839826,0.8006684204657961,1255,7.178983643756608,-2.7939521222929816e-15,9.942147394412317e-09
493.60000000004374,-1.4917507212376495e-05,-1.4917507212376495e-05,0.5950239461759544,0.6372954429946314,0.803707971515273,1255,7.170553699429324,-3.5472105126110702e-15,9.944162013945127e-09
493.70000000004376,-1.4265430365854895e-05,-1.4265430365854895e-05,0.5915563889705966,0.6329878491917682,0.8062636285161747,1256,7.171591022052192,-4.267839329260341e-15,9.946176633477935e-09
493.8000000000438,-1.3470818054641945e-05,-1.3470818054641945e-05,0.5860357363480977,0.6261577045759356,0.8102852064075605,1257,7.182155622084201,-4.948635883799162e-15,9.948191253010745e-09
493.9000000000438,-1.2541609782287377e-05,-1.2541609782287377e-05,0.5833906856638321,0.622897197901981,0.8121916694233473,1257,7.2018952878307445,-5.5827988338016045e-15,9.950205872543554e-09
494.0000000000438,-1.1487089890693147e-05,-1.1487089890693147e-05,0.5793324534109957,0.6179094683038329,0.8150913497423442,1258,7.230064531693593,-6.1639960724019575e-15,9.952220492076364e-09
494.10000000004385,-1.0317794794038138e-05,-1.0317794794038138e-05,0.5744701991118476,0.6119567383855307,0.8185254976678455,1258,7.265564612545355,-6.686427508342501e-15,9.954235111609172e-09
494.2000000000439,-9.04540770241056e-06,-9.04540770241056e-06,0.571827812054693,0.6087321534633503,0.8203736669108429,1259,7.307000885528568,-7.144882180942826e-15,9.956249731141982e-09
494.3000000000439,-7.682641887034707e-06,-7.682641887034707e-06,0.567629352368095,0.6036234862994837,0.8232842269412047,1260,7.352752518080045,-7.534789273529191e-15,9.95826435067479e-09
494.4000000000439,-6.243113653467338e-06,-6.243113653467338e-06,0.5634311086069755,0.5985330117471386,0.826163050404649,1260,7.401049175268018,-7.852262681264499e-15,9.9602789702076e-09
494.50000000004394,-4.741206291973493e-06,-4.741206291973493e-06,0.5606448861296525,0.5951643898471259,0.8280563457015887,1261,7.450049556109874,-8.094138847142908e-15,9.962293589740409e-09
494.60000000004396,-3.191926364444659e-06,-3.191926364444659e-06,0.556610652240437,0.5903004479727141,0.8307734840571618,1262,7.4979174583516075,-8.258007607940574e-15,9.964308209273219e-09
494.700000000044,-1.6107537637928554e-06,-1.6107537637928554e-06,0.5526771908044067,0.5855732185356712,0.8333954180126918,1262,7.542892111093634,-8.342235804379034e-15,9.966322828806027e-09
494.800000000044,-1.3487043977630337e-08,-1.3487043977630337e-08,0.550021827580302,0.5823903737546877,0.8351502794019916,1263,7.583350611146411,-8.345983423928394e-15,9.968337448338837e-09
494.90000000004403,1.5839144339227955e-06,1.5839144339227955e-06,0.546314805211938,0.5779580794300337,0.8375799266972928,1264,7.617861263238583,-8.269212074593585e-15,9.970352067871647e-09
495.00000000004405,3.1654899623719582e-06,3.1654899623719582e-06,0.542381819285954,0.5732695767125682,0.840132109913708,1264,7.645227366343283,-8.112685640708808e-15,9.972366687404456e-09
495.1000000000441,4.71543696148895e-06,4.71543696148895e-06,0.5400032821399121,0.5704410089846185,0.8416629107178969,1265,7.664521484336422,-7.877963046607038e-15,9.974381306937266e-09
495.2000000000441,6.218268873202945e-06,6.218268873202945e-06,0.5366894979142165,0.5665087721931051,0.8437798189270624,1266,7.675110508767665,-7.567383144637386e-15,9.976395926470074e-09
495.3000000000441,7.658969897822275e-06,7.658969897822275e-06,0.5325913121849702,0.5616592949839648,0.8463725504676363,1266,7.676671906809277,-7.184041841246778e-15,9.978410546002884e-09
495.40000000004414,9.023145026941379e-06,9.023145026941379e-06,0.5305514145316622,0.5592509523715108,0.8476527570523511,1267,7.669201497250757,-6.731761669928834e-15,9.980425165535692e-09
495.50000000004417,1.0297163873606435e-05,1.0297163873606435e-05,0.5276388692648972,0.5558186202394794,0.8494687890916656,1268,7.6530129590906855,-6.215054106482102e-15,9.982439785068502e-09
495.6000000000442,1.1468296862636201e-05,1.1468296862636201e-05,0.5239388138933192,0.5514687544594518,0.8517559035874431,1269,7.62872909478529,-5.639074997326829e-15,9.98445440460131e-09
495.7000000000442,1.2524842420329382e-05,1.2524842420329382e-05,0.5215906872926073,0.5487142775494899,0.8531958479327155,1269,7.597264685862245,-5.009573535779266e-15,9.98646902413412e-09
495.80000000004424,1.3456243892721033e-05,1.3456243892721033e-05,0.5190570381622699,0.5457473653415433,0.8547396042855461,1270,7.559800636246128,-4.3328352763187866e-15,9.98848364366693e-09
495.90000000004426,1.4253195024179403e-05,1.4253195024179403e-05,0.5186065915554975,0.5452204509805096,0.8550129842260814,1254,7.517749046036232,-3.61561972586903e-15,9.99049826319974e-09
496.0000000000443,1.4907732942435976e-05,1.4907732942435976e-05,0.5466681917491949,0.5783800513218645,0.8373493226423877,1254,7.472708947071662,-2.8650930965855844e-15,9.992512882732548e-09
496.1000000000443,1.5413317720973e-05,1.5413317720973e-05,0.5695506477435595,0.6059590652513454,0.8219562395011621,1254,7.426412711949857,-2.088756848603462e-15,9.994527502265358e-09
496.2000000000443,1.576489772380744e-05,1.576489772380744e-05,0.5870603451491525,0.6274227875644401,0.8095431743603042,1254,7.380663659562167,-1.2943726950440787e-15,9.996542121798168e-09
496.30000000004435,1.595896007976787e-05,1.595896007976787e-05,0.5990250755821002,0.6422830093819276,0.8007302659596797,1254,7.337266134538952,-4.898847862839698e-16,9.998556741330976e-09
496.4000000000444,1.5993565781942016e-05,1.5993565781942016e-05,0.6052843971188077,0.6501230975537894,0.7960092955515793,1254,7.297950299614859,3.1666016338354396e-16,1.0000571360863786e-08
496.5000000000444,1.5868369061592876e-05,1.5868369061592876e-05,0.6056855886322002,0.6506271977435185,0.795704070445329,1254,7.264294947845546,1.1171939962302548e-15,1.0002585980396594e-08
496.6000000000444,1.5584620842965652e-05,1.5584620842965652e-05,0.6000881190051562,0.6436112621001091,0.7999339031625384,1254,7.23765264370688,1.903708621588666e-15,1.0004600599929404e-08
496.70000000004444,1.5145156244466177e-05,1.5145156244466177e-05,0.5974308657595803,0.6402935436670608,0.8019204203895536,1255,7.219082212458539,2.6683370177883772e-15,1.0006615219462213e-08
496.80000000004446,1.4554366251094973e-05,1.4554366251094973e-05,0.5924299322322782,0.634071726572768,0.8056219804568754,1256,7.2092937826880785,3.4034327985669088e-15,1.0008629838995023e-08
496.9000000000445,1.3818153841176605e-05,1.3818153841176605e-05,0.5886864335997231,0.6294329034242606,0.8083614803388636,1256,7.2086110774905565,4.101647411973698e-15,1.0010644458527831e-08
497.0000000000445,1.2943875005751508e-05,1.2943875005751508e-05,0.585153799263947,0.6250697044582921,0.8109223336466744,1257,7.216954409558766,4.756004068232807e-15,1.0012659078060641e-08
497.10000000004453,1.1940265249945097e-05,1.1940265249945097e-05,0.5797843674301287,0.6184640112025749,0.8147699597332031,1258,7.233846004426115,5.359967560386499e-15,1.001467369759345e-08
497.20000000004455,1.0817352310688117e-05,1.0817352310688117e-05,0.5771530503619389,0.6152381865440956,0.8166359999766782,1258,7.258437153819134,5.90750924436296e-15,1.001668831712626e-08
497.3000000000446,9.586355962883958e-06,9.586355962883958e-06,0.5732293432691707,0.6104415786102839,0.8193949719245263,1259,7.289554670573906,6.393166569600113e-15,1.0018702936659068e-08
497.4000000000446,8.259575915126596e-06,8.259575915126596e-06,0.5683139370996972,0.6044552539220654,0.822811806489334,1259,7.325762534029589,6.812096676592744e-15,1.0020717556191878e-08
497.5000000000446,6.8502689150780535e-06,6.8502689150780535e-06,0.5658046322046545,0.6014087838791679,0.824539336948672,1260,7.36543371009114,7.160123682911855e-15,1.0022732175724686e-08
497.60000000004464,5.372516292427864e-06,5.372516292427864e-06,0.5618834056792437,0.5966608432767325,0.8272164398887962,1261,7.40682695728149,7.433779351575992e-15,1.0024746795257496e-08
497.70000000004467,3.841083262901484e-06,3.841083262901484e-06,0.5574342473222635,0.5912921369603918,0.8302210909825536,1261,7.448163880883091,7.63033687476155e-15,1.0026761414790306e-08
497.8000000000447,2.2712713991054915e-06,2.2712713991054915e-06,0.5549118688252983,0.5882570239312762,0.8319091403734034,1262,7.487702361812798,7.747837522694392e-15,1.0028776034323115e-08
497.9000000000447,6.78765742272132e-07,6.78765742272132e-07,0.5512297821748806,0.5838374557130239,0.834353478594914,1263,7.523803528989237,7.785109919014657e-15,1.0030790653855925e-08
498.00000000004474,-9.205219174878897e-07,-9.205219174878897e-07,0.5469170205656075,0.578677242655217,0.8371868206175004,1263,7.554990462061504,7.741781725971574e-15,1.0032805273388733e-08
498.10000000004476,-2.510612026532459e-06,-2.510612026532459e-06,0.5445925760670174,0.575903258210256,0.8387007369095903,1264,7.579997670326227,7.61828356567424e-15,1.0034819892921543e-08
498.2000000000448,-4.075616930105903e-06,-4.075616930105903e-06,0.5412649219064026,0.5719407156838221,0.8408521179813107,1265,7.597811028414123,7.415845069756334e-15,1.0036834512454352e-08
498.3000000000448,-5.59989961653355e-06,-5.59989961653355e-06,0.5370798352876329,0.5669714460119841,0.8435314164436373,1266,7.607698250564192,7.136483034889414e-15,1.0038849131987162e-08
498.4000000000448,-7.068229957073474e-06,-7.068229957073474e-06,0.5348519041858361,0.564332464852773,0.8449458210967051,1266,7.609230178838729,6.7829817572111614e-15,1.004086375151997e-08
498.50000000004485,-8.465936880328474e-06,-8.465936880328474e-06,0.5319164476823697,0.5608621337907438,0.8467968426281294,1267,7.6022931890935315,6.358865715662082e-15,1.004287837105278e-08
498.6000000000449,-9.77905496074186e-06,-9.77905496074186e-06,0.5281712895666818,0.5564455108591072,0.849137850338488,1268,7.587092929330845,5.8683648649265425e-15,1.0044892990585588e-08
498.7000000000449,-1.0994463956513269e-05,-1.0994463956513269e-05,0.5256345376201484,0.5534608327469681,0.8507104870993731,1268,7.5641494451171285,5.316372878829595e-15,1.0046907610118398e-08
498.8000000000449,-1.2100019902717738e-05,-1.2100019902717738e-05,0.5230849310712306,0.5504665661045685,0.8522805611336011,1269,7.534283562065317,4.7083987536541094e-15,1.0048922229651207e-08
498.90000000004494,-1.3084676449788997e-05,-1.3084676449788997e-05,0.5197424628216947,0.5465494712734269,0.8543229906423211,1270,7.498594233415766,4.050512239395061e-15,1.0050936849184017e-08
499.00000000004496,-1.3938595234992891e-05,-1.3938595234992891e-05,0.5168619954500767,0.5431812783540855,0.8560687341909905,1270,7.458426472930361,3.3492836181633843e-15,1.0052951468716827e-08
499.100000000045,-1.4653244184095678e-05,-1.4653244184095678e-05,0.5356138526063724,0.5652344944243026,0.844463025180001,1254,7.415329535603441,2.611718395601545e-15,1.0054966088249635e-08
499.200000000045,-1.5221482761029453e-05,-1.5221482761029453e-05,0.5606756512001099,0.59520154366834,0.8280355150302026,1254,7.3710052380910245,1.845187515562257e-15,1.0056980707782445e-08
499.30000000004503,-1.563763331376819e-05,-1.563763331376819e-05,0.5804419495596407,0.6192713202223818,0.8143016291224054,1254,7.3272467759356745,1.0573537520566486e-15,1.0058995327315254e-08
499.40000000004505,-1.5897537803550012e-05,-1.5897537803550012e-05,0.5947330179352438,0.6369335089533891,0.8039232782906818,1254,7.285869119891598,2.560949767291644e-16,1.0061009946848064e-08
499.5000000000451,-1.5998599350626012e-05,-1.5998599350626012e-05,0.6033844046358411,0.6477383601195308,0.7974504751031575,1254,7.248633037535704,-5.505749543811864e-16,1.0063024566380872e-08
499.6000000000451,-1.5939808181424318e-05,-1.5939808181424318e-05,0.6062401818240389,0.6513243670211457,0.7952816117212544,1254,7.217165900742873,-1.354586904092783e-15,1.0065039185913682e-08
499.7000000000451,-1.5721751717873814e-05,-1.5721751717873814e-05,0.6031535615345321,0.647448915399771,0.7976250881261254,1254,7.192883538708947,-2.1478979093256194e-15,1.006705380544649e-08
499.80000000004515,-1.5346608708078414e-05,-1.5346608708078414e-05,0.5988281573078937,0.6420371086412107,0.8008775424590406,1255,7.176918248238264,-2.922572505939618e-15,1.00690684249793e-08
499.90000000004517,-1.4818127456986205e-05,-1.4818127456986205e-05,0.5937634325414132,0.6357279791579082,0.8046396623188784,1255,7.170058423398723,-3.670863005797304e-15,1.0071083044512109e-08
500.0000000000452,-1.4141588374565426e-05,-1.4141588374565426e-05,0.5909297851539358,0.6322109006710546,0.8067229939811579,1256,7.172704909920048,-4.385287792616746e-15,1.0073097664044919e-08
500.1000000000452,-1.3323751215693539e-05,-1.3323751215693539e-05,0.5859711392554161,0.6260779854473253,0.8103319220910095,1257,7.184848049887991,-5.058706716672357e-15,1.0075112283577727e-08
500.20000000004524,-1.2372787538920976e-05,-1.2372787538920976e-05,0.582407074213666,0.6216866656096957,0.8128972874268171,1257,7.206067567771553,-5.6843927194058074e-15,1.0077126903110537e-08
500.30000000004526,-1.1298199058959253e-05,-1.1298199058959253e-05,0.5788933018502209,0.6173707955155964,0.8154033020983843,1258,7.235555249540737,-6.256098908179832e-15,1.0079141522643347e-08
500.4000000000453,-1.0110722708688428e-05,-1.0110722708688428e-05,0.5737389401253384,0.6110636324577339,0.8190382338962287,1259,7.272158183175776,-6.768120419148469e-15,1.0081156142176156e-08
500.5000000000453,-8.822223359272919e-06,-8.822223359272919e-06,0.5710048142377431,0.6077293050748116,0.8209467108876924,1259,7.31443855650304,-7.215350533868355e-15,1.0083170761708966e-08
500.6000000000453,-7.445575270290835e-06,-7.445575270290835e-06,0.567282414457891,0.6032021402773002,0.8235233222239826,1260,7.360744923093497,-7.593330630966737e-15,1.0085185381241774e-08
500.70000000004535,-5.994533454387935e-06,-5.994533454387935e-06,0.5622759699267078,0.5971354803050913,0.8269496560510682,1261,7.409289540290639,-7.898293640972154e-15,1.0087200000774584e-08
500.8000000000454,-4.4835962417380714e-06,-4.4835962417380714e-06,0.5599004513225643,0.5942656484938118,0.8285598859519985,1261,7.458226765291918,-8.127200724568647e-15,1.0089214620307392e-08
500.9000000000454,-2.9278604175206113e-06,-2.9278604175206113e-06,0.5562915766295154,0.589916426837497,0.830987173048446,1262,7.5057283535933825,-8.277770918780627e-15,1.0091229239840202e-08
501.0000000000454,-1.342870379833251e-06,-1.342870379833251e-06,0.5516295034390579,0.5843166106131863,0.8340892583744131,1263,7.55005258663388,-8.348503507156395e-15,1.009324385937301e-08
501.10000000004544,2.5553717479547875e-07,2.5553717479547875e-07,0.5493003597071628,0.5815267413513875,0.8356249845628011,1263,7.5896052393014015,-8.338692886017754e-15,1.009525847890582e-08
501.20000000004546,1.8513914864430103e-06,1.8513914864430103e-06,0.5459821686574522,0.577560990768607,0.8377967960717595,1264,7.622991329119883,-8.248435732310314e-15,1.0097273098438629e-08
501.3000000000455,3.4287473063466543e-06,3.4287473063466543e-06,0.5417480427295562,0.572515382993042,0.8405409318996279,1265,7.649057289876372,-8.078630335230704e-15,1.009928771797144e-08
501.4000000000455,4.9718442165584385e-06,4.9718442165584385e-06,0.5392686296361873,0.5695683947903251,0.8421338047426363,1265,7.66692366809189,-7.830968031861919e-15,1.0101302337504248e-08
501.50000000004553,6.465264102831542e-06,6.465264102831542e-06,0.5363183217081126,0.5660689367087233,0.8440157923879111,1266,7.676008676038454,-7.507916779434507e-15,1.0103316957037058e-08
501.60000000004555,7.894085207321295e-06,7.894085207321295e-06,0.5325256194318521,0.5615816800507275,0.8464138849574258,1267,7.676042994071166,-7.112696994280419e-15,1.0105331576569868e-08
501.7000000000456,9.244031221857097e-06,9.244031221857097e-06,0.529781580882692,0.5583430156385416,0.8481341147232764,1267,7.667076146812459,-6.649249881562439e-15,1.0107346196102676e-08
501.8000000000456,1.0501613932094522e-05,1.0501613932094522e-05,0.5272156364865277,0.5553204650014828,0.8497315297457813,1268,7.649474628987614,-6.1221985647064004e-15,1.0109360815635486e-08
501.9000000000456,1.1654267987294445e-05,1.1654267987294445e-05,0.5238401908965843,0.5513529707183461,0.8518165614740242,1269,7.62391177094468,-5.53680239681123e-15,1.0111375435168294e-08
502.00000000004565,1.269047644915408e-05,1.269047644915408e-05,0.5207736419030581,0.5477569281991067,0.8536948013775328,1269,7.591349153448303,-4.898904898761774e-15,1.0113390054701104e-08
502.10000000004567,1.3599885865247495e-05,1.3599885865247495e-05,0.5185758675506147,0.5451845174091625,0.8550316190610305,1270,7.553009250603538,-4.214875822669173e-15,1.0115404674233913e-08
502.2000000000457,1.437340971729987e-05,1.437340971729987e-05,0.5236768556364019,0.5511612326852089,0.8519169859034218,1254,7.5103389472437625,-3.4915478874881865e-15,1.0117419293766723e-08
502.3000000000457,1.5003319210674481e-05,1.5003319210674481e-05,0.5508824343025326,0.5834212051226009,0.8345828560286365,1254,7.464963694559785,-2.7361487787570778e-15,1.0119433913299531e-08
502.40000000004574,1.5483320497933925e-05,1.5483320497933925e-05,0.5728743071521532,0.610008353673176,0.8196432322693457,1254,7.418632384695805,-1.956229048263376e-15,1.0121448532832341e-08
502.50000000004576,1.580861756488323e-05,1.580861756488323e-05,0.5894632760156242,0.6303942487902151,0.8077951759133797,1254,7.373153577489365,-1.1595865933705508e-15,1.012346315236515e-08
502.6000000000458,1.597596015075835e-05,1.597596015075835e-05,0.6004796724451495,0.6441008342621571,0.7996400208719958,1254,7.3303245058019915,-3.5418844065720705e-16,1.012547777189796e-08
502.6548245743669,1.6e-05,1.6e-05,0.6047936100315184,0.6495066824856518,0.7963822507220032,1254,7.317577772637945,8.813146334595967e-17,1.0126582278481012e-08
