{
  "metadata": {
    "pump_modes": [
      1,
      3,
      5,
      7,
      9,
      11,
      13,
      15,
      17,
      19
    ],
    "pump_basis": "positive_phasor",
    "real_reconstruction_factor": 2,
    "omega_p": 44252474118.46583,
    "phase_convention": "exp_plus_i_k_omega_t",
    "pump_mode_policy": "positive_odd_jc",
    "pump_source_mode": 1,
    "pump_freq_ghz": 7.043,
    "nt": 40,
    "pump_current_a": 7.774854794402148e-06,
    "pump_current_ratio_ic_median": 2.9270343665709673,
    "pump_backend": "schur_cpu_mt"
  },
  "solution_summary": {
    "x_rms": 2.003549102000171e-15,
    "x_max_abs": 4.5330421033226415e-15,
    "branch_psi_rms": 1.1097288047247227e-16,
    "branch_psi_max_abs": 2.2683783411590214e-16,
    "branch_i_rms": 8.632211747139869e-07,
    "branch_i_max_abs": 1.6892570967198296e-06,
    "X_h1_norm": 1.137431262405857e-13,
    "X_h2_norm": 5.445532934061469e-16,
    "X_h3_norm": 1.770314709721205e-17,
    "X_h4_norm": 1.2720322398791389e-18,
    "X_h5_norm": 8.026040342341788e-20,
    "X_h6_norm": 2.8598493007521365e-21,
    "X_h7_norm": 2.168431988783375e-22,
    "X_h8_norm": 2.0009732646942885e-23,
    "X_h9_norm": 1.7109349522305137e-23,
    "X_h10_norm": 1.9651270758292649e-25
  },
  "reports": [
    {
      "converged": true,
      "source_scale": 1.0,
      "coeff_abs": 5.481690187090286e-21,
      "coeff_rel": 3.164426816071367e-13,
      "time_abs": null,
      "time_rel": null,
      "newton_iterations": 2,
      "gmres_iterations_total": 2,
      "factor_runtime_s": 0.19152950000716373,
      "runtime_s": 0.37871150000137277,
      "failure_reason": "",
      "preconditioner_assembly_runtime_s": 0.05127490000450052,
      "preconditioner_numeric_factor_runtime_s": 0.1394447000056971
    }
  ],
  "final_status": "VALID_CONVERGED"
}