{
  "metadata": {
    "pump_modes": [
      1,
      3,
      5,
      7,
      9,
      11,
      13,
      15,
      17,
      19
    ],
    "pump_basis": "positive_phasor",
    "real_reconstruction_factor": 2,
    "omega_p": 51227194494.314,
    "phase_convention": "exp_plus_i_k_omega_t",
    "pump_mode_policy": "positive_odd_jc",
    "pump_source_mode": 1,
    "pump_freq_ghz": 8.1530612245,
    "nt": 40,
    "pump_current_a": 1.3280372267752337e-05,
    "pump_current_ratio_ic_median": 4.999721159622788,
    "pump_backend": "full"
  },
  "solution_summary": {
    "x_rms": 2.997239472448858e-15,
    "x_max_abs": 6.835834866487699e-15,
    "branch_psi_rms": 1.2126827634086493e-16,
    "branch_psi_max_abs": 2.440778302528346e-16,
    "branch_i_rms": 9.424675676747181e-07,
    "branch_i_max_abs": 1.7942713412635361e-06,
    "X_h1_norm": 1.7015107063828072e-13,
    "X_h2_norm": 1.5010934945853245e-15,
    "X_h3_norm": 3.6717230058830086e-17,
    "X_h4_norm": 3.1327687055753977e-18,
    "X_h5_norm": 3.514037472590074e-19,
    "X_h6_norm": 4.416454701640477e-20,
    "X_h7_norm": 5.573265236321804e-21,
    "X_h8_norm": 6.791987571552228e-22,
    "X_h9_norm": 2.0046252461116114e-22,
    "X_h10_norm": 1.8673510435798016e-23
  },
  "reports": [
    {
      "converged": false,
      "source_scale": 1.0,
      "coeff_abs": 1.9461744965376304e-10,
      "coeff_rel": 0.0105235355395256,
      "time_abs": 1.2308688266380895e-09,
      "time_rel": 0.010523535539525697,
      "newton_iterations": 4,
      "gmres_iterations_total": 4,
      "factor_runtime_s": 2.7405086999642663,
      "runtime_s": 4.089699000003748,
      "failure_reason": "stalled at Newton 4 (reduction ratio 0.867)",
      "preconditioner_assembly_runtime_s": 0.0,
      "preconditioner_numeric_factor_runtime_s": 0.0
    }
  ],
  "final_status": "FAIL"
}