{
  "metadata": {
    "pump_modes": [
      1,
      3,
      5,
      7,
      9,
      11,
      13,
      15,
      17,
      19
    ],
    "pump_basis": "positive_phasor",
    "real_reconstruction_factor": 2,
    "omega_p": 44252474118.46583,
    "phase_convention": "exp_plus_i_k_omega_t",
    "pump_mode_policy": "positive_odd_jc",
    "pump_source_mode": 1,
    "pump_freq_ghz": 7.043,
    "nt": 40,
    "pump_current_a": 7.5891351463547545e-06,
    "pump_current_ratio_ic_median": 2.85711565982244,
    "pump_backend": "schur_cpu_mt"
  },
  "solution_summary": {
    "x_rms": 1.9542687840379127e-15,
    "x_max_abs": 4.410659832328529e-15,
    "branch_psi_rms": 1.0873631630250268e-16,
    "branch_psi_max_abs": 2.2414655231657907e-16,
    "branch_i_rms": 8.468852587236211e-07,
    "branch_i_max_abs": 1.6724379556652493e-06,
    "X_h1_norm": 1.109456266447763e-13,
    "X_h2_norm": 4.911872902238249e-16,
    "X_h3_norm": 1.5114097005859596e-17,
    "X_h4_norm": 9.479092703998108e-19,
    "X_h5_norm": 5.931831031706688e-20,
    "X_h6_norm": 2.0612752634976566e-21,
    "X_h7_norm": 1.3670455411871737e-22,
    "X_h8_norm": 1.1941996598526942e-23,
    "X_h9_norm": 9.130316290712725e-24,
    "X_h10_norm": 8.083474776847201e-26
  },
  "reports": [
    {
      "converged": true,
      "source_scale": 1.0,
      "coeff_abs": 8.401215749884287e-22,
      "coeff_rel": 4.968470407771968e-14,
      "time_abs": null,
      "time_rel": null,
      "newton_iterations": 2,
      "gmres_iterations_total": 2,
      "factor_runtime_s": 0.26411230000667274,
      "runtime_s": 0.5633470000175294,
      "failure_reason": "",
      "preconditioner_assembly_runtime_s": 0.08986999996704981,
      "preconditioner_numeric_factor_runtime_s": 0.17285459997947328
    }
  ],
  "final_status": "VALID_CONVERGED"
}