{
  "metadata": {
    "pump_modes": [
      1,
      3,
      5,
      7,
      9,
      11,
      13,
      15,
      17,
      19
    ],
    "pump_basis": "positive_phasor",
    "real_reconstruction_factor": 2,
    "omega_p": 51227194494.314,
    "phase_convention": "exp_plus_i_k_omega_t",
    "pump_mode_policy": "positive_odd_jc",
    "pump_source_mode": 1,
    "pump_freq_ghz": 8.1530612245,
    "nt": 40,
    "pump_current_a": 1.3962405575324133e-05,
    "pump_current_ratio_ic_median": 5.256489290115214,
    "pump_backend": "full"
  },
  "solution_summary": {
    "x_rms": 3.141323867527119e-15,
    "x_max_abs": 7.188446507384719e-15,
    "branch_psi_rms": 1.4381407123273467e-16,
    "branch_psi_max_abs": 2.4513311139877215e-16,
    "branch_i_rms": 1.1067459373587888e-06,
    "branch_i_max_abs": 1.8005423699114238e-06,
    "X_h1_norm": 1.7833511997507232e-13,
    "X_h2_norm": 9.358616212636849e-16,
    "X_h3_norm": 3.5415248562047175e-17,
    "X_h4_norm": 1.4881672094365842e-18,
    "X_h5_norm": 9.810874696265923e-20,
    "X_h6_norm": 6.6059558968816846e-21,
    "X_h7_norm": 5.701493767146584e-22,
    "X_h8_norm": 7.341125564847689e-23,
    "X_h9_norm": 4.9262802046736645e-24,
    "X_h10_norm": 8.603159553544943e-25
  },
  "reports": [
    {
      "converged": true,
      "source_scale": 1.0,
      "coeff_abs": 1.2341643951338109e-20,
      "coeff_rel": 6.347502902368599e-13,
      "time_abs": 1.9891536824146064e-19,
      "time_rel": 1.6175891954539653e-12,
      "newton_iterations": 1,
      "gmres_iterations_total": 1,
      "factor_runtime_s": 0.6580264999938663,
      "runtime_s": 0.9472073999932036,
      "failure_reason": "",
      "preconditioner_assembly_runtime_s": 0.0,
      "preconditioner_numeric_factor_runtime_s": 0.0
    }
  ],
  "final_status": "VALID_CONVERGED"
}