{
  "metadata": {
    "pump_modes": [
      1,
      3,
      5,
      7,
      9,
      11,
      13,
      15,
      17,
      19
    ],
    "pump_basis": "positive_phasor",
    "real_reconstruction_factor": 2,
    "omega_p": 51227194494.314,
    "phase_convention": "exp_plus_i_k_omega_t",
    "pump_mode_policy": "positive_odd_jc",
    "pump_source_mode": 1,
    "pump_freq_ghz": 8.1530612245,
    "nt": 40,
    "pump_current_a": 1.3465120649095746e-05,
    "pump_current_ratio_ic_median": 5.069274209250142,
    "pump_backend": "schur_cpu_mt"
  },
  "solution_summary": {
    "x_rms": 1.8191869854346064e-15,
    "x_max_abs": 4.192138304308332e-15,
    "branch_psi_rms": 1.0837533247445819e-16,
    "branch_psi_max_abs": 2.2674200277768086e-16,
    "branch_i_rms": 8.459511155140673e-07,
    "branch_i_max_abs": 1.6886601326008763e-06,
    "X_h1_norm": 1.0327717157749407e-13,
    "X_h2_norm": 3.9370323988513453e-16,
    "X_h3_norm": 9.986660960570988e-18,
    "X_h4_norm": 3.470436532751024e-19,
    "X_h5_norm": 1.5062740382212034e-20,
    "X_h6_norm": 7.755692433905134e-22,
    "X_h7_norm": 4.821093312904874e-23,
    "X_h8_norm": 3.8025835830471216e-24,
    "X_h9_norm": 2.4753451494827237e-25,
    "X_h10_norm": 2.6848446233965314e-26
  },
  "reports": [
    {
      "converged": false,
      "source_scale": 1.0,
      "coeff_abs": 5.679278653651405e-09,
      "coeff_rel": 0.18930225402210824,
      "time_abs": null,
      "time_rel": null,
      "newton_iterations": 4,
      "gmres_iterations_total": 4,
      "factor_runtime_s": 0.5367847999732476,
      "runtime_s": 1.1001061999995727,
      "failure_reason": "line search failed at Newton 4",
      "preconditioner_assembly_runtime_s": 0.17292880002059974,
      "preconditioner_numeric_factor_runtime_s": 0.3616234000073746
    },
    {
      "converged": true,
      "source_scale": 0.5,
      "coeff_abs": 2.4429343367363803e-19,
      "coeff_rel": 1.6285623741137398e-11,
      "time_abs": null,
      "time_rel": null,
      "newton_iterations": 14,
      "gmres_iterations_total": 14,
      "factor_runtime_s": 1.9251984999864362,
      "runtime_s": 3.6219859000120778,
      "failure_reason": "",
      "preconditioner_assembly_runtime_s": 0.6155128999962471,
      "preconditioner_numeric_factor_runtime_s": 1.3021682999969926
    },
    {
      "converged": false,
      "source_scale": 1.0,
      "coeff_abs": 4.1215453466716265e-09,
      "coeff_rel": 0.13737973988609298,
      "time_abs": null,
      "time_rel": null,
      "newton_iterations": 4,
      "gmres_iterations_total": 4,
      "factor_runtime_s": 0.5680547999800183,
      "runtime_s": 1.1738502999942284,
      "failure_reason": "stalled at Newton 4 (reduction ratio 0.992)",
      "preconditioner_assembly_runtime_s": 0.18820460001006722,
      "preconditioner_numeric_factor_runtime_s": 0.37773539999034256
    },
    {
      "converged": false,
      "source_scale": 0.75,
      "coeff_abs": 5.235546270391977e-10,
      "coeff_rel": 0.023268229892424344,
      "time_abs": null,
      "time_rel": null,
      "newton_iterations": 5,
      "gmres_iterations_total": 5,
      "factor_runtime_s": 0.6843150000786409,
      "runtime_s": 1.282090499997139,
      "failure_reason": "stalled at Newton 5 (reduction ratio 0.910)",
      "preconditioner_assembly_runtime_s": 0.22436079996987246,
      "preconditioner_numeric_factor_runtime_s": 0.4572331999952439
    },
    {
      "converged": false,
      "source_scale": 0.625,
      "coeff_abs": 3.273589655325794e-10,
      "coeff_rel": 0.01745849607427039,
      "time_abs": null,
      "time_rel": null,
      "newton_iterations": 4,
      "gmres_iterations_total": 4,
      "factor_runtime_s": 0.5461125000147149,
      "runtime_s": 1.1292204999772366,
      "failure_reason": "stalled at Newton 4 (reduction ratio 0.949)",
      "preconditioner_assembly_runtime_s": 0.18478050001431257,
      "preconditioner_numeric_factor_runtime_s": 0.35911610000766814
    },
    {
      "converged": false,
      "source_scale": 0.5625,
      "coeff_abs": 9.788361855897702e-11,
      "coeff_rel": 0.0058002951916410255,
      "time_abs": null,
      "time_rel": null,
      "newton_iterations": 5,
      "gmres_iterations_total": 5,
      "factor_runtime_s": 0.6929250000102911,
      "runtime_s": 1.3877846999967005,
      "failure_reason": "stalled at Newton 5 (reduction ratio 0.999)",
      "preconditioner_assembly_runtime_s": 0.21200420000241138,
      "preconditioner_numeric_factor_runtime_s": 0.4779998000303749
    },
    {
      "converged": true,
      "source_scale": 0.05,
      "coeff_abs": 2.8810450010179726e-22,
      "coeff_rel": 1.9206252973031363e-13,
      "time_abs": null,
      "time_rel": null,
      "newton_iterations": 3,
      "gmres_iterations_total": 3,
      "factor_runtime_s": 0.41386219995911233,
      "runtime_s": 0.7851544999866746,
      "failure_reason": "",
      "preconditioner_assembly_runtime_s": 0.1375654999865219,
      "preconditioner_numeric_factor_runtime_s": 0.27450330002466217
    },
    {
      "converged": true,
      "source_scale": 0.1,
      "coeff_abs": 5.820363161055228e-19,
      "coeff_rel": 1.9400489618635054e-10,
      "time_abs": null,
      "time_rel": null,
      "newton_iterations": 3,
      "gmres_iterations_total": 3,
      "factor_runtime_s": 0.4242262000334449,
      "runtime_s": 0.7864044999878388,
      "failure_reason": "",
      "preconditioner_assembly_runtime_s": 0.1617547000059858,
      "preconditioner_numeric_factor_runtime_s": 0.26095950001035817
    },
    {
      "converged": true,
      "source_scale": 0.15,
      "coeff_abs": 1.2301522035923037e-22,
      "coeff_rel": 2.7335699846384063e-14,
      "time_abs": null,
      "time_rel": null,
      "newton_iterations": 3,
      "gmres_iterations_total": 3,
      "factor_runtime_s": 0.41695500002242625,
      "runtime_s": 0.789015999995172,
      "failure_reason": "",
      "preconditioner_assembly_runtime_s": 0.13889860000927,
      "preconditioner_numeric_factor_runtime_s": 0.2764424000051804
    },
    {
      "converged": true,
      "source_scale": 0.2,
      "coeff_abs": 2.749755663681766e-21,
      "coeff_rel": 4.582755811870108e-13,
      "time_abs": null,
      "time_rel": null,
      "newton_iterations": 3,
      "gmres_iterations_total": 3,
      "factor_runtime_s": 0.4389560000272468,
      "runtime_s": 0.7883533999847714,
      "failure_reason": "",
      "preconditioner_assembly_runtime_s": 0.12760160001926124,
      "preconditioner_numeric_factor_runtime_s": 0.30952440001419745
    },
    {
      "converged": true,
      "source_scale": 0.25,
      "coeff_abs": 3.478397370841049e-18,
      "coeff_rel": 4.6376908254813916e-10,
      "time_abs": null,
      "time_rel": null,
      "newton_iterations": 3,
      "gmres_iterations_total": 3,
      "factor_runtime_s": 0.43858109999564476,
      "runtime_s": 0.819989000010537,
      "failure_reason": "",
      "preconditioner_assembly_runtime_s": 0.15142360000754707,
      "preconditioner_numeric_factor_runtime_s": 0.28538419998949394
    },
    {
      "converged": true,
      "source_scale": 0.3,
      "coeff_abs": 3.1144132380034897e-22,
      "coeff_rel": 3.46033056816292e-14,
      "time_abs": null,
      "time_rel": null,
      "newton_iterations": 4,
      "gmres_iterations_total": 4,
      "factor_runtime_s": 0.5630505999724846,
      "runtime_s": 1.0450896999973338,
      "failure_reason": "",
      "preconditioner_assembly_runtime_s": 0.18893850001040846,
      "preconditioner_numeric_factor_runtime_s": 0.3719103000184987
    },
    {
      "converged": true,
      "source_scale": 0.35,
      "coeff_abs": 1.477973413543642e-18,
      "coeff_rel": 1.4075414232337833e-10,
      "time_abs": null,
      "time_rel": null,
      "newton_iterations": 4,
      "gmres_iterations_total": 4,
      "factor_runtime_s": 0.5131973999959882,
      "runtime_s": 0.9430594999867026,
      "failure_reason": "",