{
  "metadata": {
    "pump_modes": [
      1,
      3,
      5,
      7,
      9,
      11,
      13,
      15,
      17,
      19
    ],
    "pump_basis": "positive_phasor",
    "real_reconstruction_factor": 2,
    "omega_p": 44252474118.46583,
    "phase_convention": "exp_plus_i_k_omega_t",
    "pump_mode_policy": "positive_odd_jc",
    "pump_source_mode": 1,
    "pump_freq_ghz": 7.043,
    "nt": 40,
    "pump_current_a": 7.721333070463213e-06,
    "pump_current_ratio_ic_median": 2.90688480372123,
    "pump_backend": "schur_cpu_mt"
  },
  "solution_summary": {
    "x_rms": 1.9894164300859205e-15,
    "x_max_abs": 4.498564140340783e-15,
    "branch_psi_rms": 1.1035835612225394e-16,
    "branch_psi_max_abs": 2.258460185754093e-16,
    "branch_i_rms": 8.587327654273992e-07,
    "branch_i_max_abs": 1.6830718392425333e-06,
    "X_h1_norm": 1.1294085477640644e-13,
    "X_h2_norm": 5.297803646605932e-16,
    "X_h3_norm": 1.6879452026929208e-17,
    "X_h4_norm": 1.1864962367908139e-18,
    "X_h5_norm": 7.486961512046245e-20,
    "X_h6_norm": 2.6405551572967302e-21,
    "X_h7_norm": 1.9507956162678366e-22,
    "X_h8_norm": 1.7673038803170526e-23,
    "X_h9_norm": 1.5298033857327394e-23,
    "X_h10_norm": 1.5568719741954057e-25
  },
  "reports": [
    {
      "converged": true,
      "source_scale": 1.0,
      "coeff_abs": 7.395741823976615e-22,
      "coeff_rel": 4.298949185608433e-14,
      "time_abs": null,
      "time_rel": null,
      "newton_iterations": 2,
      "gmres_iterations_total": 2,
      "factor_runtime_s": 0.228513899986865,
      "runtime_s": 0.4583782000117935,
      "failure_reason": "",
      "preconditioner_assembly_runtime_s": 0.08721190004143864,
      "preconditioner_numeric_factor_runtime_s": 0.14050300000235438
    }
  ],
  "final_status": "VALID_CONVERGED"
}