{
  "metadata": {
    "pump_modes": [
      1,
      3,
      5,
      7,
      9,
      11,
      13,
      15,
      17,
      19
    ],
    "pump_basis": "positive_phasor",
    "real_reconstruction_factor": 2,
    "omega_p": 51227194494.314,
    "phase_convention": "exp_plus_i_k_omega_t",
    "pump_mode_policy": "positive_odd_jc",
    "pump_source_mode": 1,
    "pump_freq_ghz": 8.1530612245,
    "nt": 40,
    "pump_current_a": 1.3962405575324133e-05,
    "pump_current_ratio_ic_median": 5.256489290115214,
    "pump_backend": "full"
  },
  "solution_summary": {
    "x_rms": 3.141323867527353e-15,
    "x_max_abs": 7.188446507388917e-15,
    "branch_psi_rms": 1.438140712320356e-16,
    "branch_psi_max_abs": 2.451331114015864e-16,
    "branch_i_rms": 1.1067459373541773e-06,
    "branch_i_max_abs": 1.8005423699281228e-06,
    "X_h1_norm": 1.7833511997508585e-13,
    "X_h2_norm": 9.358616212016121e-16,
    "X_h3_norm": 3.5415248562760354e-17,
    "X_h4_norm": 1.488167209294709e-18,
    "X_h5_norm": 9.810874695687424e-20,
    "X_h6_norm": 6.605955895965295e-21,
    "X_h7_norm": 5.701493766935504e-22,
    "X_h8_norm": 7.341125595212366e-23,
    "X_h9_norm": 4.9262802274176766e-24,
    "X_h10_norm": 8.603157872468375e-25
  },
  "reports": [
    {
      "converged": true,
      "source_scale": 1.0,
      "coeff_abs": 1.264091961197775e-20,
      "coeff_rel": 6.50142511338105e-13,
      "time_abs": 2.019980919490271e-19,
      "time_rel": 1.6426580506460697e-12,
      "newton_iterations": 7,
      "gmres_iterations_total": 7,
      "factor_runtime_s": 4.627281799999764,
      "runtime_s": 6.38223879999714,
      "failure_reason": "",
      "preconditioner_assembly_runtime_s": 0.0,
      "preconditioner_numeric_factor_runtime_s": 0.0
    }
  ],
  "final_status": "VALID_CONVERGED"
}