{
  "metadata": {
    "pump_modes": [
      1,
      3,
      5,
      7,
      9,
      11,
      13,
      15,
      17,
      19
    ],
    "pump_basis": "positive_phasor",
    "real_reconstruction_factor": 2,
    "omega_p": 51227194494.314,
    "phase_convention": "exp_plus_i_k_omega_t",
    "pump_mode_policy": "positive_odd_jc",
    "pump_source_mode": 1,
    "pump_freq_ghz": 8.1530612245,
    "nt": 40,
    "pump_current_a": 1.3219354499765666e-05,
    "pump_current_ratio_ic_median": 4.976749527535585,
    "pump_backend": "schur_cpu_mt"
  },
  "solution_summary": {
    "x_rms": 1.7848001222224193e-15,
    "x_max_abs": 4.103423252560289e-15,
    "branch_psi_rms": 1.0703689442726318e-16,
    "branch_psi_max_abs": 2.227097943641292e-16,
    "branch_i_rms": 8.361000334865394e-07,
    "branch_i_max_abs": 1.6634130877877533e-06,
    "X_h1_norm": 1.0132495301050315e-13,
    "X_h2_norm": 3.965968578726772e-16,
    "X_h3_norm": 9.811222810733478e-18,
    "X_h4_norm": 3.978469078448814e-19,
    "X_h5_norm": 1.8903774603584734e-20,
    "X_h6_norm": 1.1007909351466499e-21,
    "X_h7_norm": 7.500631638874999e-23,
    "X_h8_norm": 6.0302835424230026e-24,
    "X_h9_norm": 4.508614930726007e-25,
    "X_h10_norm": 4.9352403825492834e-26
  },
  "reports": [
    {
      "converged": false,
      "source_scale": 1.0,
      "coeff_abs": 6.196830577257363e-09,
      "coeff_rel": 0.21039345712977153,
      "time_abs": null,
      "time_rel": null,
      "newton_iterations": 5,
      "gmres_iterations_total": 5,
      "factor_runtime_s": 0.8074872000142932,
      "runtime_s": 1.6432842000212986,
      "failure_reason": "stalled at Newton 5 (reduction ratio 0.999)",
      "preconditioner_assembly_runtime_s": 0.27354709996143356,
      "preconditioner_numeric_factor_runtime_s": 0.5310521999781486
    },
    {
      "converged": true,
      "source_scale": 0.5,
      "coeff_abs": 1.7050315647739448e-19,
      "coeff_rel": 1.1577772893928057e-11,
      "time_abs": null,
      "time_rel": null,
      "newton_iterations": 13,
      "gmres_iterations_total": 13,
      "factor_runtime_s": 1.7978067000221927,
      "runtime_s": 3.407318200013833,
      "failure_reason": "",
      "preconditioner_assembly_runtime_s": 0.5585276999918278,
      "preconditioner_numeric_factor_runtime_s": 1.2320081999350805
    },
    {
      "converged": false,
      "source_scale": 1.0,
      "coeff_abs": 3.487153554042454e-09,
      "coeff_rel": 0.11839508642853301,
      "time_abs": null,
      "time_rel": null,
      "newton_iterations": 4,
      "gmres_iterations_total": 4,
      "factor_runtime_s": 0.5483975999813993,
      "runtime_s": 1.1226502000063192,
      "failure_reason": "stalled at Newton 4 (reduction ratio 0.999)",
      "preconditioner_assembly_runtime_s": 0.17830299999332055,
      "preconditioner_numeric_factor_runtime_s": 0.36754010000731796
    },
    {
      "converged": false,
      "source_scale": 0.75,
      "coeff_abs": 5.302962274418874e-10,
      "coeff_rel": 0.024006004403572413,
      "time_abs": null,
      "time_rel": null,
      "newton_iterations": 4,
      "gmres_iterations_total": 4,
      "factor_runtime_s": 0.4570862999826204,
      "runtime_s": 0.9283790999907069,
      "failure_reason": "line search failed at Newton 4",
      "preconditioner_assembly_runtime_s": 0.13326440000673756,
      "preconditioner_numeric_factor_runtime_s": 0.3216957999684382
    },
    {
      "converged": false,
      "source_scale": 0.625,
      "coeff_abs": 3.834716241984594e-10,
      "coeff_rel": 0.020831273592634595,
      "time_abs": null,
      "time_rel": null,
      "newton_iterations": 4,
      "gmres_iterations_total": 4,
      "factor_runtime_s": 0.4619102000433486,
      "runtime_s": 0.951496199995745,
      "failure_reason": "stalled at Newton 4 (reduction ratio 0.953)",
      "preconditioner_assembly_runtime_s": 0.1299043000326492,
      "preconditioner_numeric_factor_runtime_s": 0.3298897000204306
    },
    {
      "converged": false,
      "source_scale": 0.5625,
      "coeff_abs": 1.4477601504892853e-10,
      "coeff_rel": 0.008738496145979357,
      "time_abs": null,
      "time_rel": null,
      "newton_iterations": 5,
      "gmres_iterations_total": 5,
      "factor_runtime_s": 0.6414501999970526,
      "runtime_s": 1.257285600004252,
      "failure_reason": "stalled at Newton 5 (reduction ratio 0.977)",
      "preconditioner_assembly_runtime_s": 0.19758229999570176,
      "preconditioner_numeric_factor_runtime_s": 0.441125400015153
    },
    {
      "converged": true,
      "source_scale": 0.05,
      "coeff_abs": 2.198536867491759e-22,
      "coeff_rel": 1.4928850043971082e-13,
      "time_abs": null,
      "time_rel": null,
      "newton_iterations": 3,
      "gmres_iterations_total": 3,
      "factor_runtime_s": 0.3823391000041738,
      "runtime_s": 0.7184726000123192,
      "failure_reason": "",
      "preconditioner_assembly_runtime_s": 0.1217391999962274,
      "preconditioner_numeric_factor_runtime_s": 0.25935819998267107
    },
    {
      "converged": true,
      "source_scale": 0.1,
      "coeff_abs": 4.416114767467443e-19,
      "coeff_rel": 1.4993497747368295e-10,
      "time_abs": null,
      "time_rel": null,
      "newton_iterations": 3,
      "gmres_iterations_total": 3,
      "factor_runtime_s": 0.3219941000279505,
      "runtime_s": 0.6102795000188053,
      "failure_reason": "",
      "preconditioner_assembly_runtime_s": 0.09112959998310544,
      "preconditioner_numeric_factor_runtime_s": 0.2292711999907624
    },
    {
      "converged": true,
      "source_scale": 0.15,
      "coeff_abs": 1.212748877438786e-22,
      "coeff_rel": 2.744999246238592e-14,
      "time_abs": null,
      "time_rel": null,
      "newton_iterations": 3,
      "gmres_iterations_total": 3,
      "factor_runtime_s": 0.37120719996164553,
      "runtime_s": 0.6925503999809735,
      "failure_reason": "",
      "preconditioner_assembly_runtime_s": 0.11769939999794587,
      "preconditioner_numeric_factor_runtime_s": 0.2518660000350792
    },
    {
      "converged": true,
      "source_scale": 0.2,
      "coeff_abs": 1.3785569491317426e-21,
      "coeff_rel": 2.340223431656781e-13,
      "time_abs": null,
      "time_rel": null,
      "newton_iterations": 3,
      "gmres_iterations_total": 3,
      "factor_runtime_s": 0.32168750002165325,
      "runtime_s": 0.6117412999738008,
      "failure_reason": "",
      "preconditioner_assembly_runtime_s": 0.09538789998623542,
      "preconditioner_numeric_factor_runtime_s": 0.22497050001402386
    },
    {
      "converged": true,
      "source_scale": 0.25,
      "coeff_abs": 1.8734467232572585e-18,
      "coeff_rel": 2.544274386336297e-10,
      "time_abs": null,
      "time_rel": null,
      "newton_iterations": 3,
      "gmres_iterations_total": 3,
      "factor_runtime_s": 0.37354589998722076,
      "runtime_s": 0.6592932000057772,
      "failure_reason": "",
      "preconditioner_assembly_runtime_s": 0.11138339998433366,
      "preconditioner_numeric_factor_runtime_s": 0.26069700001971796
    },
    {
      "converged": true,
      "source_scale": 0.3,
      "coeff_abs": 2.758149556777426e-22,
      "coeff_rel": 3.1214699907027933e-14,
      "time_abs": null,
      "time_rel": null,
      "newton_iterations": 4,
      "gmres_iterations_total": 4,
      "factor_runtime_s": 0.5419942000007723,
      "runtime_s": 1.0441594000149053,
      "failure_reason": "",
      "preconditioner_assembly_runtime_s": 0.1703875999955926,
      "preconditioner_numeric_factor_runtime_s": 0.3691331999725662
    },
    {
      "converged": true,
      "source_scale": 0.35,
      "coeff_abs": 6.915312716473567e-19,
      "coeff_rel": 6.708205942253428e-11,
      "time_abs": null,
      "time_rel": null,
      "newton_iterations": 4,
      "gmres_iterations_total": 4,
      "factor_runtime_s": 0.5712209999328479,
      "runtime_s": 1.1122053999861237,
      "failure_reason": "",
      "preconditioner_assembly_runtime_s": 0.17639320000307634,