{
  "metadata": {
    "pump_modes": [
      1,
      3,
      5,
      7,
      9,
      11,
      13,
      15,
      17,
      19
    ],
    "pump_basis": "positive_phasor",
    "real_reconstruction_factor": 2,
    "omega_p": 51227194494.314,
    "phase_convention": "exp_plus_i_k_omega_t",
    "pump_mode_policy": "positive_odd_jc",
    "pump_source_mode": 1,
    "pump_freq_ghz": 8.1530612245,
    "nt": 40,
    "pump_current_a": 1.3566263528240949e-05,
    "pump_current_ratio_ic_median": 5.107351921441641,
    "pump_backend": "full"
  },
  "solution_summary": {
    "x_rms": 3.052915546681465e-15,
    "x_max_abs": 6.961405904767731e-15,
    "branch_psi_rms": 1.3645467872867302e-16,
    "branch_psi_max_abs": 2.5722536222338783e-16,
    "branch_i_rms": 1.0532394464906782e-06,
    "branch_i_max_abs": 1.8710634633869436e-06,
    "X_h1_norm": 1.733150191950923e-13,
    "X_h2_norm": 1.0988317511634918e-15,
    "X_h3_norm": 4.589485803910547e-17,
    "X_h4_norm": 1.753553612006974e-18,
    "X_h5_norm": 1.5913832597167159e-19,
    "X_h6_norm": 1.0171305777015481e-20,
    "X_h7_norm": 2.223356455788946e-21,
    "X_h8_norm": 1.8179603910226004e-22,
    "X_h9_norm": 9.35882037676749e-24,
    "X_h10_norm": 1.4630839510201102e-24
  },
  "reports": [
    {
      "converged": true,
      "source_scale": 1.0,
      "coeff_abs": 4.6089813039517675e-18,
      "coeff_rel": 2.439691097410977e-10,
      "time_abs": 2.9150313182542247e-17,
      "time_rel": 2.4397376281312477e-10,
      "newton_iterations": 2,
      "gmres_iterations_total": 2,
      "factor_runtime_s": 1.20466319998377,
      "runtime_s": 1.6460154000087641,
      "failure_reason": "",
      "preconditioner_assembly_runtime_s": 0.0,
      "preconditioner_numeric_factor_runtime_s": 0.0
    }
  ],
  "final_status": "VALID_CONVERGED"
}