{
  "metadata": {
    "pump_modes": [
      1,
      3,
      5,
      7,
      9,
      11,
      13,
      15,
      17,
      19
    ],
    "pump_basis": "positive_phasor",
    "real_reconstruction_factor": 2,
    "omega_p": 51227194494.314,
    "phase_convention": "exp_plus_i_k_omega_t",
    "pump_mode_policy": "positive_odd_jc",
    "pump_source_mode": 1,
    "pump_freq_ghz": 8.1530612245,
    "nt": 40,
    "pump_current_a": 1.3326320352425908e-05,
    "pump_current_ratio_ic_median": 5.017019440616343,
    "pump_backend": "full"
  },
  "solution_summary": {
    "x_rms": 2.9928342376370435e-15,
    "x_max_abs": 6.814014193529115e-15,
    "branch_psi_rms": 1.3260893184898758e-16,
    "branch_psi_max_abs": 2.6129170787715537e-16,
    "branch_i_rms": 1.025342968655681e-06,
    "branch_i_max_abs": 1.8942152442067218e-06,
    "X_h1_norm": 1.699061095462258e-13,
    "X_h2_norm": 7.122342111927607e-16,
    "X_h3_norm": 2.5362561932500218e-17,
    "X_h4_norm": 7.390288577728029e-19,
    "X_h5_norm": 4.4561247846736705e-20,
    "X_h6_norm": 2.5800798618941394e-21,
    "X_h7_norm": 1.8664879376010793e-22,
    "X_h8_norm": 1.4201771873110463e-23,
    "X_h9_norm": 8.750693217804574e-25,
    "X_h10_norm": 1.184919253794195e-25
  },
  "reports": [
    {
      "converged": true,
      "source_scale": 1.0,
      "coeff_abs": 3.167530137684796e-19,
      "coeff_rel": 1.7068708072599532e-11,
      "time_abs": 2.0113048334164923e-18,
      "time_rel": 1.713672378100843e-11,
      "newton_iterations": 2,
      "gmres_iterations_total": 2,
      "factor_runtime_s": 1.2035279000119772,
      "runtime_s": 1.6630918000009842,
      "failure_reason": "",
      "preconditioner_assembly_runtime_s": 0.0,
      "preconditioner_numeric_factor_runtime_s": 0.0
    }
  ],
  "final_status": "VALID_CONVERGED"
}