{
  "metadata": {
    "pump_modes": [
      1,
      3,
      5,
      7,
      9,
      11,
      13,
      15,
      17,
      19
    ],
    "pump_basis": "positive_phasor",
    "real_reconstruction_factor": 2,
    "omega_p": 51227194494.314,
    "phase_convention": "exp_plus_i_k_omega_t",
    "pump_mode_policy": "positive_odd_jc",
    "pump_source_mode": 1,
    "pump_freq_ghz": 8.1530612245,
    "nt": 40,
    "pump_current_a": 1.3668166139308974e-05,
    "pump_current_ratio_ic_median": 5.145715653308914,
    "pump_backend": "schur_cpu_mt"
  },
  "solution_summary": {
    "x_rms": 1.521214585672643e-15,
    "x_max_abs": 3.49403851070142e-15,
    "branch_psi_rms": 1.0055163251630407e-16,
    "branch_psi_max_abs": 2.342858524932941e-16,
    "branch_i_rms": 7.860449635335371e-07,
    "branch_i_max_abs": 1.7352110942970993e-06,
    "X_h1_norm": 8.635606866464803e-14,
    "X_h2_norm": 9.762450554892085e-16,
    "X_h3_norm": 2.6752873616056768e-17,
    "X_h4_norm": 1.5911631964408172e-18,
    "X_h5_norm": 1.1197507302035354e-19,
    "X_h6_norm": 1.0174873980151376e-20,
    "X_h7_norm": 9.353209572804171e-22,
    "X_h8_norm": 1.0440143159563103e-22,
    "X_h9_norm": 1.5829731369433903e-23,
    "X_h10_norm": 2.946247950479675e-24
  },
  "reports": [
    {
      "converged": false,
      "source_scale": 1.0,
      "coeff_abs": 5.698567081035867e-09,
      "coeff_rel": 0.18712347424813472,
      "time_abs": null,
      "time_rel": null,
      "newton_iterations": 4,
      "gmres_iterations_total": 4,
      "factor_runtime_s": 0.5470559000095818,
      "runtime_s": 1.161160399991786,
      "failure_reason": "line search failed at Newton 4",
      "preconditioner_assembly_runtime_s": 0.17521299998043105,
      "preconditioner_numeric_factor_runtime_s": 0.3695455999986734
    },
    {
      "converged": true,
      "source_scale": 0.5,
      "coeff_abs": 7.639616123159797e-19,
      "coeff_rel": 5.0172314919134654e-11,
      "time_abs": null,
      "time_rel": null,
      "newton_iterations": 14,
      "gmres_iterations_total": 14,
      "factor_runtime_s": 1.920311199995922,
      "runtime_s": 3.6565464999875985,
      "failure_reason": "",
      "preconditioner_assembly_runtime_s": 0.5885797000082675,
      "preconditioner_numeric_factor_runtime_s": 1.3233872999844607
    },
    {
      "converged": false,
      "source_scale": 1.0,
      "coeff_abs": 3.895858567882925e-09,
      "coeff_rel": 0.12792805279552824,
      "time_abs": null,
      "time_rel": null,
      "newton_iterations": 4,
      "gmres_iterations_total": 4,
      "factor_runtime_s": 0.49125700001604855,
      "runtime_s": 1.0818092999979854,
      "failure_reason": "stalled at Newton 4 (reduction ratio 1.000)",
      "preconditioner_assembly_runtime_s": 0.1304929000325501,
      "preconditioner_numeric_factor_runtime_s": 0.35856400002376176
    },
    {
      "converged": false,
      "source_scale": 0.75,
      "coeff_abs": 5.066573442445538e-10,
      "coeff_rel": 0.02218276540053534,
      "time_abs": null,
      "time_rel": null,
      "newton_iterations": 5,
      "gmres_iterations_total": 5,
      "factor_runtime_s": 0.6787218000099529,
      "runtime_s": 1.4189885999949183,
      "failure_reason": "stalled at Newton 5 (reduction ratio 0.999)",
      "preconditioner_assembly_runtime_s": 0.17956520000007004,
      "preconditioner_numeric_factor_runtime_s": 0.4958770000084769
    },
    {
      "converged": false,
      "source_scale": 0.625,
      "coeff_abs": 4.2482605743797966e-11,
      "coeff_rel": 0.0022319976706700675,
      "time_abs": null,
      "time_rel": null,
      "newton_iterations": 13,
      "gmres_iterations_total": 13,
      "factor_runtime_s": 1.556516999960877,
      "runtime_s": 3.1899797999940347,
      "failure_reason": "stalled at Newton 13 (reduction ratio 0.986)",
      "preconditioner_assembly_runtime_s": 0.4555158000148367,
      "preconditioner_numeric_factor_runtime_s": 1.0944917999731842
    },
    {
      "converged": true,
      "source_scale": 0.5625,
      "coeff_abs": 5.060478381790757e-22,
      "coeff_rel": 2.954143953710894e-14,
      "time_abs": null,
      "time_rel": null,
      "newton_iterations": 9,
      "gmres_iterations_total": 9,
      "factor_runtime_s": 1.1317927000054624,
      "runtime_s": 2.254209799983073,
      "failure_reason": "",
      "preconditioner_assembly_runtime_s": 0.3007989000179805,
      "preconditioner_numeric_factor_runtime_s": 0.8259158000291791
    },
    {
      "converged": false,
      "source_scale": 0.65625,
      "coeff_abs": 1.0410159038069374e-10,
      "coeff_rel": 0.005208955595436159,
      "time_abs": null,
      "time_rel": null,
      "newton_iterations": 6,
      "gmres_iterations_total": 6,
      "factor_runtime_s": 0.8121224000351503,
      "runtime_s": 1.5798061999958009,
      "failure_reason": "stalled at Newton 6 (reduction ratio 0.998)",
      "preconditioner_assembly_runtime_s": 0.24078890000237152,
      "preconditioner_numeric_factor_runtime_s": 0.5676577000122052
    },
    {
      "converged": true,
      "source_scale": 0.05,
      "coeff_abs": 3.5933146832519185e-22,
      "coeff_rel": 2.3598687811698417e-13,
      "time_abs": null,
      "time_rel": null,
      "newton_iterations": 3,
      "gmres_iterations_total": 3,
      "factor_runtime_s": 0.4495426000212319,
      "runtime_s": 0.8830022999900393,
      "failure_reason": "",
      "preconditioner_assembly_runtime_s": 0.13801239998429082,
      "preconditioner_numeric_factor_runtime_s": 0.3093912999902386
    },
    {
      "converged": true,
      "source_scale": 0.1,
      "coeff_abs": 7.284161497356399e-19,
      "coeff_rel": 2.391895343139588e-10,
      "time_abs": null,
      "time_rel": null,
      "newton_iterations": 3,
      "gmres_iterations_total": 3,
      "factor_runtime_s": 0.40017780000925995,
      "runtime_s": 0.7381147999840323,
      "failure_reason": "",
      "preconditioner_assembly_runtime_s": 0.13866010002675466,
      "preconditioner_numeric_factor_runtime_s": 0.2599021999631077
    },
    {
      "converged": true,
      "source_scale": 0.15,
      "coeff_abs": 1.2439962005684812e-22,
      "coeff_rel": 2.7232681209342364e-14,
      "time_abs": null,
      "time_rel": null,
      "newton_iterations": 3,
      "gmres_iterations_total": 3,
      "factor_runtime_s": 0.3572176000161562,
      "runtime_s": 0.7200918000016827,
      "failure_reason": "",
      "preconditioner_assembly_runtime_s": 0.09956229996168986,
      "preconditioner_numeric_factor_runtime_s": 0.255833100003656
    },
    {
      "converged": true,
      "source_scale": 0.2,
      "coeff_abs": 4.834749005073922e-21,
      "coeff_rel": 7.937916831389589e-13,
      "time_abs": null,
      "time_rel": null,
      "newton_iterations": 3,
      "gmres_iterations_total": 3,
      "factor_runtime_s": 0.40742210001917556,
      "runtime_s": 0.7686510999919847,
      "failure_reason": "",
      "preconditioner_assembly_runtime_s": 0.11048380000283942,
      "preconditioner_numeric_factor_runtime_s": 0.29499290001695044
    },
    {
      "converged": true,
      "source_scale": 0.25,
      "coeff_abs": 5.141629977174071e-18,
      "coeff_rel": 6.753414680886963e-10,
      "time_abs": null,
      "time_rel": null,
      "newton_iterations": 3,
      "gmres_iterations_total": 3,
      "factor_runtime_s": 0.39955520001240075,
      "runtime_s": 0.7658804999955464,
      "failure_reason": "",
      "preconditioner_assembly_runtime_s": 0.12948009997489862,
      "preconditioner_numeric_factor_runtime_s": 0.2678301999985706
    },
    {
      "converged": true,
      "source_scale": 0.3,
      "coeff_abs": 4.708482459880615e-22,
      "coeff_rel": 5.1537376782627175e-14,
      "time_abs": null,
      "time_rel": null,
      "newton_iterations": 4,
      "gmres_iterations_total": 4,
      "factor_runtime_s": 0.5197559999651276,
      "runtime_s": 0.9954450000077486,
      "failure_reason": "",