{
  "metadata": {
    "pump_modes": [
      1,
      3,
      5,
      7,
      9,
      11,
      13,
      15,
      17,
      19
    ],
    "pump_basis": "positive_phasor",
    "real_reconstruction_factor": 2,
    "omega_p": 51227194494.314,
    "phase_convention": "exp_plus_i_k_omega_t",
    "pump_mode_policy": "positive_odd_jc",
    "pump_source_mode": 1,
    "pump_freq_ghz": 8.1530612245,
    "nt": 40,
    "pump_current_a": 1.3158617082957022e-05,
    "pump_current_ratio_ic_median": 4.9538834405105705,
    "pump_backend": "schur_cpu_mt"
  },
  "solution_summary": {
    "x_rms": 1.6159095303241177e-15,
    "x_max_abs": 3.694462886574229e-15,
    "branch_psi_rms": 9.826534256033474e-17,
    "branch_psi_max_abs": 2.0248395536571652e-16,
    "branch_i_rms": 7.714047701610434e-07,
    "branch_i_max_abs": 1.5330824939180885e-06,
    "X_h1_norm": 9.17367479808637e-14,
    "X_h2_norm": 3.863987847296544e-16,
    "X_h3_norm": 9.013615554622504e-18,
    "X_h4_norm": 5.273199127710571e-19,
    "X_h5_norm": 3.36916775885562e-20,
    "X_h6_norm": 2.9822403302705257e-21,
    "X_h7_norm": 2.2719576613943546e-22,
    "X_h8_norm": 2.015735588739096e-23,
    "X_h9_norm": 1.679182921720579e-24,
    "X_h10_norm": 1.5927902528453965e-25
  },
  "reports": [
    {
      "converged": false,
      "source_scale": 1.0,
      "coeff_abs": 5.215670811545628e-09,
      "coeff_rel": 0.1778987023706328,
      "time_abs": null,
      "time_rel": null,
      "newton_iterations": 5,
      "gmres_iterations_total": 5,
      "factor_runtime_s": 0.6301777000480797,
      "runtime_s": 1.3609782000130508,
      "failure_reason": "stalled at Newton 5 (reduction ratio 0.999)",
      "preconditioner_assembly_runtime_s": 0.18177229998400435,
      "preconditioner_numeric_factor_runtime_s": 0.4457808999577537
    },
    {
      "converged": true,
      "source_scale": 0.5,
      "coeff_abs": 1.565437418211799e-19,
      "coeff_rel": 1.0678944105361752e-11,
      "time_abs": null,
      "time_rel": null,
      "newton_iterations": 13,
      "gmres_iterations_total": 13,
      "factor_runtime_s": 1.8735479999450035,
      "runtime_s": 3.5218981000070926,
      "failure_reason": "",
      "preconditioner_assembly_runtime_s": 0.6731565000372939,
      "preconditioner_numeric_factor_runtime_s": 1.1934409999812488
    },
    {
      "converged": false,
      "source_scale": 1.0,
      "coeff_abs": 3.261014715317049e-09,
      "coeff_rel": 0.11122831697549637,
      "time_abs": null,
      "time_rel": null,
      "newton_iterations": 2,
      "gmres_iterations_total": 2,
      "factor_runtime_s": 0.2665876999963075,
      "runtime_s": 0.5021865000016987,
      "failure_reason": "line search failed at Newton 2",
      "preconditioner_assembly_runtime_s": 0.07658930000616238,
      "preconditioner_numeric_factor_runtime_s": 0.1886365999816917
    },
    {
      "converged": false,
      "source_scale": 0.75,
      "coeff_abs": 4.658808111424451e-10,
      "coeff_rel": 0.021187326873506687,
      "time_abs": null,
      "time_rel": null,
      "newton_iterations": 5,
      "gmres_iterations_total": 5,
      "factor_runtime_s": 0.7084228999738116,
      "runtime_s": 1.4281629000033718,
      "failure_reason": "stalled at Newton 5 (reduction ratio 0.976)",
      "preconditioner_assembly_runtime_s": 0.2588596000277903,
      "preconditioner_numeric_factor_runtime_s": 0.446939699962968
    },
    {
      "converged": false,
      "source_scale": 0.625,
      "coeff_abs": 3.831122390313883e-10,
      "coeff_rel": 0.02090781344102332,
      "time_abs": null,
      "time_rel": null,
      "newton_iterations": 4,
      "gmres_iterations_total": 4,
      "factor_runtime_s": 0.5600780000095256,
      "runtime_s": 1.0941494000144303,
      "failure_reason": "stalled at Newton 4 (reduction ratio 0.949)",
      "preconditioner_assembly_runtime_s": 0.19096550001995638,
      "preconditioner_numeric_factor_runtime_s": 0.36685759999090806
    },
    {
      "converged": false,
      "source_scale": 0.5625,
      "coeff_abs": 1.508691319716358e-10,
      "coeff_rel": 0.009148301561985898,
      "time_abs": null,
      "time_rel": null,
      "newton_iterations": 4,
      "gmres_iterations_total": 4,
      "factor_runtime_s": 0.565855599968927,
      "runtime_s": 1.170203700021375,
      "failure_reason": "stalled at Newton 4 (reduction ratio 0.998)",
      "preconditioner_assembly_runtime_s": 0.1982416000100784,
      "preconditioner_numeric_factor_runtime_s": 0.36561340003390796
    },
    {
      "converged": true,
      "source_scale": 0.05,
      "coeff_abs": 2.0563847476498633e-22,
      "coeff_rel": 1.40280393989536e-13,
      "time_abs": null,
      "time_rel": null,
      "newton_iterations": 3,
      "gmres_iterations_total": 3,
      "factor_runtime_s": 0.425950799981365,
      "runtime_s": 0.7592296999937389,
      "failure_reason": "",
      "preconditioner_assembly_runtime_s": 0.1453748999920208,
      "preconditioner_numeric_factor_runtime_s": 0.2787813000031747
    },
    {
      "converged": true,
      "source_scale": 0.1,
      "coeff_abs": 4.121577040611214e-19,
      "coeff_rel": 1.4058080613949678e-10,
      "time_abs": null,
      "time_rel": null,
      "newton_iterations": 3,
      "gmres_iterations_total": 3,
      "factor_runtime_s": 0.42378389998339117,
      "runtime_s": 0.7619636000017636,
      "failure_reason": "",
      "preconditioner_assembly_runtime_s": 0.13044619996799156,
      "preconditioner_numeric_factor_runtime_s": 0.291936399997212
    },
    {
      "converged": true,
      "source_scale": 0.15,
      "coeff_abs": 1.2140854963282371e-22,
      "coeff_rel": 2.7607089246722558e-14,
      "time_abs": null,
      "time_rel": null,
      "newton_iterations": 3,
      "gmres_iterations_total": 3,
      "factor_runtime_s": 0.33022070000879467,
      "runtime_s": 0.6132052000029944,
      "failure_reason": "",
      "preconditioner_assembly_runtime_s": 0.09262849998776801,
      "preconditioner_numeric_factor_runtime_s": 0.23601600000984035
    },
    {
      "converged": true,
      "source_scale": 0.2,
      "coeff_abs": 1.1629765445304695e-21,
      "coeff_rel": 1.983369212081676e-13,
      "time_abs": null,
      "time_rel": null,
      "newton_iterations": 3,
      "gmres_iterations_total": 3,
      "factor_runtime_s": 0.33172499999636784,
      "runtime_s": 0.6076922000211198,
      "failure_reason": "",
      "preconditioner_assembly_runtime_s": 0.09574079999583773,
      "preconditioner_numeric_factor_runtime_s": 0.23471270001027733
    },
    {
      "converged": true,
      "source_scale": 0.25,
      "coeff_abs": 1.5632387049906877e-18,
      "coeff_rel": 2.1327890287690863e-10,
      "time_abs": null,
      "time_rel": null,
      "newton_iterations": 3,
      "gmres_iterations_total": 3,
      "factor_runtime_s": 0.3554405999893788,
      "runtime_s": 0.6728135000157636,
      "failure_reason": "",
      "preconditioner_assembly_runtime_s": 0.1024252999923192,
      "preconditioner_numeric_factor_runtime_s": 0.2513827999937348
    },
    {
      "converged": true,
      "source_scale": 0.3,
      "coeff_abs": 2.69675475102611e-22,
      "coeff_rel": 3.0660752193012317e-14,
      "time_abs": null,
      "time_rel": null,
      "newton_iterations": 4,
      "gmres_iterations_total": 4,
      "factor_runtime_s": 0.5457387999922503,
      "runtime_s": 1.0428714999870863,
      "failure_reason": "",
      "preconditioner_assembly_runtime_s": 0.18656790000386536,
      "preconditioner_numeric_factor_runtime_s": 0.3568426999845542
    },
    {
      "converged": true,
      "source_scale": 0.35,
      "coeff_abs": 6.630631257421722e-19,
      "coeff_rel": 6.461739407010078e-11,
      "time_abs": null,
      "time_rel": null,
      "newton_iterations": 4,
      "gmres_iterations_total": 4,
      "factor_runtime_s": 0.5704563000181224,
      "runtime_s": 1.0470762999902945,
      "failure_reason": "",
      "preconditioner_assembly_runtime_s": 0.17420610002591275,