{
  "metadata": {
    "pump_modes": [
      1,
      3,
      5,
      7,
      9,
      11,
      13,
      15,
      17,
      19
    ],
    "pump_basis": "positive_phasor",
    "real_reconstruction_factor": 2,
    "omega_p": 44252474118.46583,
    "phase_convention": "exp_plus_i_k_omega_t",
    "pump_mode_policy": "positive_odd_jc",
    "pump_source_mode": 1,
    "pump_freq_ghz": 7.043,
    "nt": 40,
    "pump_current_a": 7.442044914380039e-06,
    "pump_current_ratio_ic_median": 2.801739942157993,
    "pump_backend": "schur_cpu_mt"
  },
  "solution_summary": {
    "x_rms": 1.914762181235441e-15,
    "x_max_abs": 4.309611837114961e-15,
    "branch_psi_rms": 1.067078782987661e-16,
    "branch_psi_max_abs": 2.2113259817638438e-16,
    "branch_i_rms": 8.320682680364085e-07,
    "branch_i_max_abs": 1.6534695737377907e-06,
    "X_h1_norm": 1.0870288759477514e-13,
    "X_h2_norm": 4.612515727213938e-16,
    "X_h3_norm": 1.3261846194706899e-17,
    "X_h4_norm": 8.470278189613984e-19,
    "X_h5_norm": 5.092176066549347e-20,
    "X_h6_norm": 1.5442794171871652e-21,
    "X_h7_norm": 1.0603706881496692e-22,
    "X_h8_norm": 8.969033962738278e-24,
    "X_h9_norm": 5.617783869831003e-24,
    "X_h10_norm": 6.704990419997525e-26
  },
  "reports": [
    {
      "converged": true,
      "source_scale": 1.0,
      "coeff_abs": 1.492007165240047e-17,
      "coeff_rel": 8.998113737894685e-10,
      "time_abs": null,
      "time_rel": null,
      "newton_iterations": 1,
      "gmres_iterations_total": 1,
      "factor_runtime_s": 0.22227560001192614,
      "runtime_s": 0.4925445000117179,
      "failure_reason": "",
      "preconditioner_assembly_runtime_s": 0.07501390000106767,
      "preconditioner_numeric_factor_runtime_s": 0.14650490001076832
    }
  ],
  "final_status": "VALID_CONVERGED"
}