{
  "metadata": {
    "pump_modes": [
      1,
      3,
      5,
      7,
      9,
      11,
      13,
      15,
      17,
      19
    ],
    "pump_basis": "positive_phasor",
    "real_reconstruction_factor": 2,
    "omega_p": 51227194494.314,
    "phase_convention": "exp_plus_i_k_omega_t",
    "pump_mode_policy": "positive_odd_jc",
    "pump_source_mode": 1,
    "pump_freq_ghz": 8.1530612245,
    "nt": 40,
    "pump_current_a": 1.3418693992121986e-05,
    "pump_current_ratio_ic_median": 5.051795758001761,
    "pump_backend": "schur_cpu_mt"
  },
  "solution_summary": {
    "x_rms": 1.6505975389701372e-15,
    "x_max_abs": 3.767299479127787e-15,
    "branch_psi_rms": 9.924955416024962e-17,
    "branch_psi_max_abs": 2.0902731409342614e-16,
    "branch_i_rms": 7.788195245839091e-07,
    "branch_i_max_abs": 1.5759040110156295e-06,
    "X_h1_norm": 9.370570603420555e-14,
    "X_h2_norm": 4.631537397613075e-16,
    "X_h3_norm": 1.2659978110559208e-17,
    "X_h4_norm": 6.936993608856695e-19,
    "X_h5_norm": 4.2945416087966866e-20,
    "X_h6_norm": 4.091954143277815e-21,
    "X_h7_norm": 3.0048055277187134e-22,
    "X_h8_norm": 2.8613978737874775e-23,
    "X_h9_norm": 2.7484122602342864e-24,
    "X_h10_norm": 2.701091025225588e-25
  },
  "reports": [
    {
      "converged": false,
      "source_scale": 1.0,
      "coeff_abs": 5.786340085901676e-09,
      "coeff_rel": 0.19353813981964688,
      "time_abs": null,
      "time_rel": null,
      "newton_iterations": 5,
      "gmres_iterations_total": 5,
      "factor_runtime_s": 0.623674000002211,
      "runtime_s": 1.2575209999922663,
      "failure_reason": "stalled at Newton 5 (reduction ratio 0.999)",
      "preconditioner_assembly_runtime_s": 0.19998009997652844,
      "preconditioner_numeric_factor_runtime_s": 0.4215802999387961
    },
    {
      "converged": true,
      "source_scale": 0.5,
      "coeff_abs": 4.255066523375276e-20,
      "coeff_rel": 2.846419835396092e-12,
      "time_abs": null,
      "time_rel": null,
      "newton_iterations": 14,
      "gmres_iterations_total": 14,
      "factor_runtime_s": 1.664558799995575,
      "runtime_s": 3.132721700007096,
      "failure_reason": "",
      "preconditioner_assembly_runtime_s": 0.5032771998958196,
      "preconditioner_numeric_factor_runtime_s": 1.1548501000215765
    },
    {
      "converged": false,
      "source_scale": 1.0,
      "coeff_abs": 4.032884783291467e-09,
      "coeff_rel": 0.13488958607305288,
      "time_abs": null,
      "time_rel": null,
      "newton_iterations": 3,
      "gmres_iterations_total": 3,
      "factor_runtime_s": 0.38260290000471286,
      "runtime_s": 0.813303899980383,
      "failure_reason": "line search failed at Newton 3",
      "preconditioner_assembly_runtime_s": 0.13484029998653568,
      "preconditioner_numeric_factor_runtime_s": 0.24623959997552447
    },
    {
      "converged": false,
      "source_scale": 0.75,
      "coeff_abs": 5.971442524803627e-10,
      "coeff_rel": 0.02663057848042907,
      "time_abs": null,
      "time_rel": null,
      "newton_iterations": 5,
      "gmres_iterations_total": 5,
      "factor_runtime_s": 0.7177712999691721,
      "runtime_s": 1.3960336000018287,
      "failure_reason": "stalled at Newton 5 (reduction ratio 0.952)",
      "preconditioner_assembly_runtime_s": 0.23281669997959398,
      "preconditioner_numeric_factor_runtime_s": 0.48195879999548197
    },
    {
      "converged": false,
      "source_scale": 0.625,
      "coeff_abs": 3.82866736889065e-10,
      "coeff_rel": 0.020489446511965548,
      "time_abs": null,
      "time_rel": null,
      "newton_iterations": 4,
      "gmres_iterations_total": 4,
      "factor_runtime_s": 0.4492891999834683,
      "runtime_s": 0.8961892999941483,
      "failure_reason": "stalled at Newton 4 (reduction ratio 0.997)",
      "preconditioner_assembly_runtime_s": 0.11996670000371523,
      "preconditioner_numeric_factor_runtime_s": 0.32722810000996105
    },
    {
      "converged": false,
      "source_scale": 0.5625,
      "coeff_abs": 1.069707909778044e-10,
      "coeff_rel": 0.006360705490988375,
      "time_abs": null,
      "time_rel": null,
      "newton_iterations": 5,
      "gmres_iterations_total": 5,
      "factor_runtime_s": 0.5962467000063043,
      "runtime_s": 1.1835802999848966,
      "failure_reason": "stalled at Newton 5 (reduction ratio 0.956)",
      "preconditioner_assembly_runtime_s": 0.18916949996491894,
      "preconditioner_numeric_factor_runtime_s": 0.40455580002162606
    },
    {
      "converged": true,
      "source_scale": 0.05,
      "coeff_abs": 2.7391766890288062e-22,
      "coeff_rel": 1.8323677943632804e-13,
      "time_abs": null,
      "time_rel": null,
      "newton_iterations": 3,
      "gmres_iterations_total": 3,
      "factor_runtime_s": 0.3941717999987304,
      "runtime_s": 0.7838239000120666,
      "failure_reason": "",
      "preconditioner_assembly_runtime_s": 0.12407359998906031,
      "preconditioner_numeric_factor_runtime_s": 0.2682945000124164
    },
    {
      "converged": true,
      "source_scale": 0.1,
      "coeff_abs": 5.5267090575424e-19,
      "coeff_rel": 1.8485415209646653e-10,
      "time_abs": null,
      "time_rel": null,
      "newton_iterations": 3,
      "gmres_iterations_total": 3,
      "factor_runtime_s": 0.42405570004484616,
      "runtime_s": 0.7772872000059579,
      "failure_reason": "",
      "preconditioner_assembly_runtime_s": 0.1425131999712903,
      "preconditioner_numeric_factor_runtime_s": 0.2800181999919005
    },
    {
      "converged": true,
      "source_scale": 0.15,
      "coeff_abs": 1.2385502142461378e-22,
      "coeff_rel": 2.7617538430145633e-14,
      "time_abs": null,
      "time_rel": null,
      "newton_iterations": 3,
      "gmres_iterations_total": 3,
      "factor_runtime_s": 0.409489300014684,
      "runtime_s": 0.8011270000133663,
      "failure_reason": "",
      "preconditioner_assembly_runtime_s": 0.12853700001141988,
      "preconditioner_numeric_factor_runtime_s": 0.2792199999676086
    },
    {
      "converged": true,
      "source_scale": 0.2,
      "coeff_abs": 2.4138811441903933e-21,
      "coeff_rel": 4.036904670800471e-13,
      "time_abs": null,
      "time_rel": null,
      "newton_iterations": 3,
      "gmres_iterations_total": 3,
      "factor_runtime_s": 0.41727850001188926,
      "runtime_s": 0.7673510999884456,
      "failure_reason": "",
      "preconditioner_assembly_runtime_s": 0.13243140003760345,
      "preconditioner_numeric_factor_runtime_s": 0.28300780002609827
    },
    {
      "converged": true,
      "source_scale": 0.25,
      "coeff_abs": 3.1384033332103107e-18,
      "coeff_rel": 4.198859618315384e-10,
      "time_abs": null,
      "time_rel": null,
      "newton_iterations": 3,
      "gmres_iterations_total": 3,
      "factor_runtime_s": 0.475169499986805,
      "runtime_s": 0.8287658999906853,
      "failure_reason": "",
      "preconditioner_assembly_runtime_s": 0.1782328000117559,
      "preconditioner_numeric_factor_runtime_s": 0.29522019997239113
    },
    {
      "converged": true,
      "source_scale": 0.3,
      "coeff_abs": 2.971847228122987e-22,
      "coeff_rel": 3.3133539555828434e-14,
      "time_abs": null,
      "time_rel": null,
      "newton_iterations": 4,
      "gmres_iterations_total": 4,
      "factor_runtime_s": 0.5590490999747999,
      "runtime_s": 1.065300299989758,
      "failure_reason": "",
      "preconditioner_assembly_runtime_s": 0.18842929997481406,
      "preconditioner_numeric_factor_runtime_s": 0.3684340999752749
    },
    {
      "converged": true,
      "source_scale": 0.35,
      "coeff_abs": 1.1572279262192273e-18,
      "coeff_rel": 1.1058939149933014e-10,
      "time_abs": null,
      "time_rel": null,
      "newton_iterations": 4,
      "gmres_iterations_total": 4,
      "factor_runtime_s": 0.5544098999525886,
      "runtime_s": 1.0318384999991395,
      "failure_reason": "",
      "preconditioner_assembly_runtime_s": 0.18478939996566623,