{
  "metadata": {
    "pump_modes": [
      1,
      3,
      5,
      7,
      9,
      11,
      13,
      15,
      17,
      19
    ],
    "pump_basis": "positive_phasor",
    "real_reconstruction_factor": 2,
    "omega_p": 44252474118.46583,
    "phase_convention": "exp_plus_i_k_omega_t",
    "pump_mode_policy": "positive_odd_jc",
    "pump_source_mode": 1,
    "pump_freq_ghz": 7.043,
    "nt": 40,
    "pump_current_a": 7.606629909672465e-06,
    "pump_current_ratio_ic_median": 2.8637019916344286,
    "pump_backend": "schur_cpu_mt"
  },
  "solution_summary": {
    "x_rms": 1.9589389497976655e-15,
    "x_max_abs": 4.422382639188888e-15,
    "branch_psi_rms": 1.0896103214817766e-16,
    "branch_psi_max_abs": 2.2454185578401913e-16,
    "branch_i_rms": 8.485261406762181e-07,
    "branch_i_max_abs": 1.6749154353014775e-06,
    "X_h1_norm": 1.1121073970958479e-13,
    "X_h2_norm": 4.960718614196832e-16,
    "X_h3_norm": 1.5346602355605157e-17,
    "X_h4_norm": 9.752640585815213e-19,
    "X_h5_norm": 6.123744249548358e-20,
    "X_h6_norm": 2.140487768642248e-21,
    "X_h7_norm": 1.4378791715855934e-22,
    "X_h8_norm": 1.2608033066782322e-23,
    "X_h9_norm": 9.967493593441537e-24,
    "X_h10_norm": 9.242619786739917e-26
  },
  "reports": [
    {
      "converged": true,
      "source_scale": 1.0,
      "coeff_abs": 8.284615976743997e-22,
      "coeff_rel": 4.888244852941925e-14,
      "time_abs": null,
      "time_rel": null,
      "newton_iterations": 2,
      "gmres_iterations_total": 2,
      "factor_runtime_s": 0.2733691000030376,
      "runtime_s": 0.5075657999841496,
      "failure_reason": "",
      "preconditioner_assembly_runtime_s": 0.08218350002425723,
      "preconditioner_numeric_factor_runtime_s": 0.19039090001024306
    }
  ],
  "final_status": "VALID_CONVERGED"
}