{
  "metadata": {
    "pump_modes": [
      1,
      3,
      5,
      7,
      9,
      11,
      13,
      15,
      17,
      19
    ],
    "pump_basis": "positive_phasor",
    "real_reconstruction_factor": 2,
    "omega_p": 51227194494.314,
    "phase_convention": "exp_plus_i_k_omega_t",
    "pump_mode_policy": "positive_odd_jc",
    "pump_source_mode": 1,
    "pump_freq_ghz": 8.1530612245,
    "nt": 40,
    "pump_current_a": 1.4213801598169318e-05,
    "pump_current_ratio_ic_median": 5.35113347549819,
    "pump_backend": "full"
  },
  "solution_summary": {
    "x_rms": 3.151816241353846e-15,
    "x_max_abs": 7.21631403244206e-15,
    "branch_psi_rms": 1.4534115834333143e-16,
    "branch_psi_max_abs": 2.5646149469746514e-16,
    "branch_i_rms": 1.1166518263593554e-06,
    "branch_i_max_abs": 1.8666823994861612e-06,
    "X_h1_norm": 1.7892974154493488e-13,
    "X_h2_norm": 1.1189660688492121e-15,
    "X_h3_norm": 4.720540083793892e-17,
    "X_h4_norm": 2.8408414570492575e-18,
    "X_h5_norm": 2.44321019765871e-19,
    "X_h6_norm": 2.5848744514520092e-20,
    "X_h7_norm": 2.729850284362497e-21,
    "X_h8_norm": 3.7544689498620407e-22,
    "X_h9_norm": 5.2463505939946813e-23,
    "X_h10_norm": 1.3415571193151142e-23
  },
  "reports": [
    {
      "converged": false,
      "source_scale": 1.0,
      "coeff_abs": 3.0705044040320395e-10,
      "coeff_rel": 0.01551277950645902,
      "time_abs": 1.9419574964638118e-09,
      "time_rel": 0.015512779506458888,
      "newton_iterations": 4,
      "gmres_iterations_total": 4,
      "factor_runtime_s": 2.657034500007285,
      "runtime_s": 4.334161500009941,
      "failure_reason": "stalled at Newton 4 (reduction ratio 0.924)",
      "preconditioner_assembly_runtime_s": 0.0,
      "preconditioner_numeric_factor_runtime_s": 0.0
    }
  ],
  "final_status": "FAIL"
}