{
  "metadata": {
    "pump_modes": [
      1,
      3,
      5,
      7,
      9,
      11,
      13,
      15,
      17,
      19
    ],
    "pump_basis": "positive_phasor",
    "real_reconstruction_factor": 2,
    "omega_p": 44252474118.46583,
    "phase_convention": "exp_plus_i_k_omega_t",
    "pump_mode_policy": "positive_odd_jc",
    "pump_source_mode": 1,
    "pump_freq_ghz": 7.043,
    "nt": 40,
    "pump_current_a": 2.571468304489297e-05,
    "pump_current_ratio_ic_median": 9.680921764876413,
    "pump_backend": "schur_cpu_mt"
  },
  "solution_summary": {
    "x_rms": 1.319239268199141e-15,
    "x_max_abs": 3.066302383534962e-15,
    "branch_psi_rms": 7.582438076279576e-17,
    "branch_psi_max_abs": 1.540066205503652e-16,
    "branch_i_rms": 6.012525719436984e-07,
    "branch_i_max_abs": 1.1981200841568847e-06,
    "X_h1_norm": 7.489480559249997e-14,
    "X_h2_norm": 2.248084332218649e-16,
    "X_h3_norm": 4.204300711543442e-17,
    "X_h4_norm": 3.432283194662214e-19,
    "X_h5_norm": 2.4636890784239763e-20,
    "X_h6_norm": 1.0687886867888308e-20,
    "X_h7_norm": 2.236679838008806e-22,
    "X_h8_norm": 2.513229535253332e-22,
    "X_h9_norm": 7.703631484465757e-24,
    "X_h10_norm": 5.767784299854451e-25
  },
  "reports": [
    {
      "converged": false,
      "source_scale": 1.0,
      "coeff_abs": 2.111651349208693e-08,
      "coeff_rel": 0.36856483365691334,
      "time_abs": null,
      "time_rel": null,
      "newton_iterations": 5,
      "gmres_iterations_total": 5,
      "factor_runtime_s": 0.6765702999837231,
      "runtime_s": 1.3996761000016704,
      "failure_reason": "line search failed at Newton 5",
      "preconditioner_assembly_runtime_s": 0.20699979999335483,
      "preconditioner_numeric_factor_runtime_s": 0.46728060001623817
    },
    {
      "converged": false,
      "source_scale": 0.5,
      "coeff_abs": 1.7174181174862938e-09,
      "coeff_rel": 0.05995117735964359,
      "time_abs": null,
      "time_rel": null,
      "newton_iterations": 6,
      "gmres_iterations_total": 6,
      "factor_runtime_s": 0.8806335999979638,
      "runtime_s": 1.682264800008852,
      "failure_reason": "stalled at Newton 6 (reduction ratio 0.990)",
      "preconditioner_assembly_runtime_s": 0.3054290000000037,
      "preconditioner_numeric_factor_runtime_s": 0.5718921000370756
    },
    {
      "converged": true,
      "source_scale": 0.25,
      "coeff_abs": 5.93781844990725e-19,
      "coeff_rel": 4.1455159159585896e-11,
      "time_abs": null,
      "time_rel": null,
      "newton_iterations": 14,
      "gmres_iterations_total": 14,
      "factor_runtime_s": 1.943396400049096,
      "runtime_s": 3.6116537999769207,
      "failure_reason": "",
      "preconditioner_assembly_runtime_s": 0.6562667999824043,
      "preconditioner_numeric_factor_runtime_s": 1.2795610000321176
    },
    {
      "converged": false,
      "source_scale": 0.625,
      "coeff_abs": 6.82838873443023e-09,
      "coeff_rel": 0.19069087017556094,
      "time_abs": null,
      "time_rel": null,
      "newton_iterations": 4,
      "gmres_iterations_total": 4,
      "factor_runtime_s": 0.5837977000046521,
      "runtime_s": 1.2701981000136584,
      "failure_reason": "line search failed at Newton 4",
      "preconditioner_assembly_runtime_s": 0.18746200000168756,
      "preconditioner_numeric_factor_runtime_s": 0.3939893000642769
    },
    {
      "converged": false,
      "source_scale": 0.4375,
      "coeff_abs": 1.1090523061187358e-09,
      "coeff_rel": 0.04424514804487894,
      "time_abs": null,
      "time_rel": null,
      "newton_iterations": 5,
      "gmres_iterations_total": 5,
      "factor_runtime_s": 0.6891663000569679,
      "runtime_s": 1.4358420000062324,
      "failure_reason": "stalled at Newton 5 (reduction ratio 1.000)",
      "preconditioner_assembly_runtime_s": 0.20579690000158735,
      "preconditioner_numeric_factor_runtime_s": 0.4807411999790929
    },
    {
      "converged": false,
      "source_scale": 0.34375,
      "coeff_abs": 6.011777802070276e-10,
      "coeff_rel": 0.030524734443601664,
      "time_abs": null,
      "time_rel": null,
      "newton_iterations": 4,
      "gmres_iterations_total": 4,
      "factor_runtime_s": 0.657802499976242,
      "runtime_s": 1.308731800003443,
      "failure_reason": "line search failed at Newton 4",
      "preconditioner_assembly_runtime_s": 0.2294856000225991,
      "preconditioner_numeric_factor_runtime_s": 0.4258535999979358
    },
    {
      "converged": true,
      "source_scale": 0.05,
      "coeff_abs": 1.2364845812857929e-18,
      "coeff_rel": 4.316287669285101e-10,
      "time_abs": null,
      "time_rel": null,
      "newton_iterations": 3,
      "gmres_iterations_total": 3,
      "factor_runtime_s": 0.3907877000165172,
      "runtime_s": 0.7432260000205133,
      "failure_reason": "",
      "preconditioner_assembly_runtime_s": 0.12528529996052384,
      "preconditioner_numeric_factor_runtime_s": 0.26430029998300597
    },
    {
      "converged": true,
      "source_scale": 0.1,
      "coeff_abs": 2.358500697591773e-22,
      "coeff_rel": 4.1164959244496824e-14,
      "time_abs": null,
      "time_rel": null,
      "newton_iterations": 5,
      "gmres_iterations_total": 5,
      "factor_runtime_s": 0.6664371000078972,
      "runtime_s": 1.2646757999900728,
      "failure_reason": "",
      "preconditioner_assembly_runtime_s": 0.21145840003737248,
      "preconditioner_numeric_factor_runtime_s": 0.452409700024873
    },
    {
      "converged": true,
      "source_scale": 0.15,
      "coeff_abs": 7.21269970316586e-20,
      "coeff_rel": 8.392633778648374e-12,
      "time_abs": null,
      "time_rel": null,
      "newton_iterations": 4,
      "gmres_iterations_total": 4,
      "factor_runtime_s": 0.6245459000056144,
      "runtime_s": 1.1935139000124764,
      "failure_reason": "",
      "preconditioner_assembly_runtime_s": 0.21652209997409955,
      "preconditioner_numeric_factor_runtime_s": 0.40527790001942776
    },
    {
      "converged": false,
      "source_scale": 0.2,
      "coeff_abs": 1.1885696848518866e-12,
      "coeff_rel": 0.00010372569040605194,
      "time_abs": null,
      "time_rel": null,
      "newton_iterations": 11,
      "gmres_iterations_total": 11,
      "factor_runtime_s": 1.6034799999615643,
      "runtime_s": 3.1563768000050914,
      "failure_reason": "stalled at Newton 11 (reduction ratio 1.000)",
      "preconditioner_assembly_runtime_s": 0.5554651999846101,
      "preconditioner_numeric_factor_runtime_s": 1.041752599994652
    }
  ],
  "final_status": "FAIL"
}