{
  "metadata": {
    "pump_modes": [
      1,
      3,
      5,
      7,
      9,
      11,
      13,
      15,
      17,
      19
    ],
    "pump_basis": "positive_phasor",
    "real_reconstruction_factor": 2,
    "omega_p": 51227194494.314,
    "phase_convention": "exp_plus_i_k_omega_t",
    "pump_mode_policy": "positive_odd_jc",
    "pump_source_mode": 1,
    "pump_freq_ghz": 8.1530612245,
    "nt": 40,
    "pump_current_a": 1.3105700806064626e-05,
    "pump_current_ratio_ic_median": 4.933961813019013,
    "pump_backend": "full"
  },
  "solution_summary": {
    "x_rms": 2.960746500266949e-15,
    "x_max_abs": 6.7200547711941926e-15,
    "branch_psi_rms": 1.096062548491814e-16,
    "branch_psi_max_abs": 2.1625845804201636e-16,
    "branch_i_rms": 8.557846544378587e-07,
    "branch_i_max_abs": 1.622501301806611e-06,
    "X_h1_norm": 1.6808464389809303e-13,
    "X_h2_norm": 6.588934644218868e-16,
    "X_h3_norm": 1.6892418332250062e-17,
    "X_h4_norm": 5.387080651536421e-19,
    "X_h5_norm": 2.6986738362994942e-20,
    "X_h6_norm": 1.478939829251481e-21,
    "X_h7_norm": 1.6576867963104483e-22,
    "X_h8_norm": 1.8246536659292402e-23,
    "X_h9_norm": 4.305099184554369e-25,
    "X_h10_norm": 4.887456510960736e-26
  },
  "reports": [
    {
      "converged": true,
      "source_scale": 1.0,
      "coeff_abs": 1.6489947527309328e-20,
      "coeff_rel": 9.035437136399207e-13,
      "time_abs": 2.095198834812808e-19,
      "time_rel": 1.815202760010448e-12,
      "newton_iterations": 3,
      "gmres_iterations_total": 3,
      "factor_runtime_s": 2.016326000011759,
      "runtime_s": 2.718144599988591,
      "failure_reason": "",
      "preconditioner_assembly_runtime_s": 0.0,
      "preconditioner_numeric_factor_runtime_s": 0.0
    }
  ],
  "final_status": "VALID_CONVERGED"
}