{
  "metadata": {
    "pump_modes": [
      1,
      3,
      5,
      7,
      9,
      11,
      13,
      15,
      17,
      19
    ],
    "pump_basis": "positive_phasor",
    "real_reconstruction_factor": 2,
    "omega_p": 44252474118.46583,
    "phase_convention": "exp_plus_i_k_omega_t",
    "pump_mode_policy": "positive_odd_jc",
    "pump_source_mode": 1,
    "pump_freq_ghz": 7.043,
    "nt": 40,
    "pump_current_a": 2.4699734599403205e-06,
    "pump_current_ratio_ic_median": 0.929881958306007,
    "pump_backend": "schur_cpu_mt"
  },
  "solution_summary": {
    "x_rms": 6.321806040655056e-16,
    "x_max_abs": 1.4563468334878943e-15,
    "branch_psi_rms": 3.5742212472123984e-17,
    "branch_psi_max_abs": 6.883836433827234e-17,
    "branch_i_rms": 2.8732591396819123e-07,
    "branch_i_max_abs": 5.515536850731402e-07,
    "X_h1_norm": 3.588981654082903e-14,
    "X_h2_norm": 2.1991594601024368e-17,
    "X_h3_norm": 9.062799822537728e-20,
    "X_h4_norm": 4.871732107298556e-22,
    "X_h5_norm": 3.0353602524393767e-24,
    "X_h6_norm": 2.267371781281199e-26,
    "X_h7_norm": 1.9193566837753192e-28,
    "X_h8_norm": 1.8530866631250756e-30,
    "X_h9_norm": 8.727056298543742e-31,
    "X_h10_norm": 5.456856642864093e-31
  },
  "reports": [
    {
      "converged": true,
      "source_scale": 1.0,
      "coeff_abs": 2.2955630814822257e-22,
      "coeff_rel": 4.171284399506127e-14,
      "time_abs": null,
      "time_rel": null,
      "newton_iterations": 2,
      "gmres_iterations_total": 2,
      "factor_runtime_s": 0.28926300004241057,
      "runtime_s": 0.5534640999976546,
      "failure_reason": "",
      "preconditioner_assembly_runtime_s": 0.10374550000415184,
      "preconditioner_numeric_factor_runtime_s": 0.1844893000088632
    }
  ],
  "final_status": "VALID_CONVERGED"
}