{
  "metadata": {
    "pump_modes": [
      1,
      3,
      5,
      7,
      9,
      11,
      13,
      15,
      17,
      19
    ],
    "pump_basis": "positive_phasor",
    "real_reconstruction_factor": 2,
    "omega_p": 44252474118.46583,
    "phase_convention": "exp_plus_i_k_omega_t",
    "pump_mode_policy": "positive_odd_jc",
    "pump_source_mode": 1,
    "pump_freq_ghz": 7.043,
    "nt": 40,
    "pump_current_a": 7.810741893578089e-06,
    "pump_current_ratio_ic_median": 2.940544943344716,
    "pump_backend": "schur_cpu_mt"
  },
  "solution_summary": {
    "x_rms": 2.012993955061359e-15,
    "x_max_abs": 4.555617474483889e-15,
    "branch_psi_rms": 1.1137269151335567e-16,
    "branch_psi_max_abs": 2.2770259824705607e-16,
    "branch_i_rms": 8.6614024066849e-07,
    "branch_i_max_abs": 1.6946375056513237e-06,
    "X_h1_norm": 1.1427927938804492e-13,
    "X_h2_norm": 5.551709283770426e-16,
    "X_h3_norm": 1.8309871102657004e-17,
    "X_h4_norm": 1.3214198371693104e-18,
    "X_h5_norm": 8.338656650161344e-20,
    "X_h6_norm": 3.0182718257047897e-21,
    "X_h7_norm": 2.3022149792443625e-22,
    "X_h8_norm": 2.141451993963238e-23,
    "X_h9_norm": 1.820231790589544e-23,
    "X_h10_norm": 2.0264267187985915e-25
  },
  "reports": [
    {
      "converged": true,
      "source_scale": 1.0,
      "coeff_abs": 6.540185357627508e-22,
      "coeff_rel": 3.758119854889519e-14,
      "time_abs": null,
      "time_rel": null,
      "newton_iterations": 2,
      "gmres_iterations_total": 2,
      "factor_runtime_s": 0.22823179999249987,
      "runtime_s": 0.4507062000047881,
      "failure_reason": "",
      "preconditioner_assembly_runtime_s": 0.061983499996131286,
      "preconditioner_numeric_factor_runtime_s": 0.1652645999856759
    }
  ],
  "final_status": "VALID_CONVERGED"
}