{
  "metadata": {
    "pump_modes": [
      1,
      3,
      5,
      7,
      9,
      11,
      13,
      15,
      17,
      19
    ],
    "pump_basis": "positive_phasor",
    "real_reconstruction_factor": 2,
    "omega_p": 44252474118.46583,
    "phase_convention": "exp_plus_i_k_omega_t",
    "pump_mode_policy": "positive_odd_jc",
    "pump_source_mode": 1,
    "pump_freq_ghz": 7.043,
    "nt": 40,
    "pump_current_a": 6.787225628888105e-06,
    "pump_current_ratio_ic_median": 2.5552171963044836,
    "pump_backend": "schur_cpu_mt"
  },
  "solution_summary": {
    "x_rms": 1.7377497049985786e-15,
    "x_max_abs": 3.90556965897065e-15,
    "branch_psi_rms": 9.61672476965403e-17,
    "branch_psi_max_abs": 2.049089083244332e-16,
    "branch_i_rms": 7.546311509900653e-07,
    "branch_i_max_abs": 1.5490236296902814e-06,
    "X_h1_norm": 9.865376173717919e-14,
    "X_h2_norm": 4.0828668960254055e-16,
    "X_h3_norm": 1.7850092958184717e-17,
    "X_h4_norm": 6.502268727727226e-19,
    "X_h5_norm": 4.7457793453662065e-20,
    "X_h6_norm": 2.6520746502875288e-20,
    "X_h7_norm": 5.467526274389269e-22,
    "X_h8_norm": 2.386162099723856e-22,
    "X_h9_norm": 6.834829615392697e-24,
    "X_h10_norm": 7.239699278384617e-24
  },
  "reports": [
    {
      "converged": false,
      "source_scale": 1.0,
      "coeff_abs": 6.711064311579999e-13,
      "coeff_rel": 4.437843371709465e-05,
      "time_abs": null,
      "time_rel": null,
      "newton_iterations": 3,
      "gmres_iterations_total": 3,
      "factor_runtime_s": 0.42440660001011565,
      "runtime_s": 0.8344149000186007,
      "failure_reason": "line search failed at Newton 3",
      "preconditioner_assembly_runtime_s": 0.1414855000039097,
      "preconditioner_numeric_factor_runtime_s": 0.28151899998192675
    }
  ],
  "final_status": "FAIL"
}