{
  "metadata": {
    "pump_modes": [
      1,
      3,
      5,
      7,
      9,
      11,
      13,
      15,
      17,
      19
    ],
    "pump_basis": "positive_phasor",
    "real_reconstruction_factor": 2,
    "omega_p": 44252474118.46583,
    "phase_convention": "exp_plus_i_k_omega_t",
    "pump_mode_policy": "positive_odd_jc",
    "pump_source_mode": 1,
    "pump_freq_ghz": 7.043,
    "nt": 40,
    "pump_current_a": 7.5542662376944e-06,
    "pump_current_ratio_ic_median": 2.8439884057871407,
    "pump_backend": "schur_cpu_mt"
  },
  "solution_summary": {
    "x_rms": 1.9449435591882023e-15,
    "x_max_abs": 4.387210033559752e-15,
    "branch_psi_rms": 1.0827774443382928e-16,
    "branch_psi_max_abs": 2.2354093687030136e-16,
    "branch_i_rms": 8.435370871450463e-07,
    "branch_i_max_abs": 1.668637712089617e-06,
    "X_h1_norm": 1.1041625339501207e-13,
    "X_h2_norm": 4.824225305642059e-16,
    "X_h3_norm": 1.4634744019165623e-17,
    "X_h4_norm": 9.022227422117301e-19,
    "X_h5_norm": 5.595493055963684e-20,
    "X_h6_norm": 1.9091218580167896e-21,
    "X_h7_norm": 1.2423431745008673e-22,
    "X_h8_norm": 1.0782411557847926e-23,
    "X_h9_norm": 7.66943661425268e-24,
    "X_h10_norm": 6.834989166316374e-26
  },
  "reports": [
    {
      "converged": true,
      "source_scale": 1.0,
      "coeff_abs": 8.351817205037338e-22,
      "coeff_rel": 4.962054729399187e-14,
      "time_abs": null,
      "time_rel": null,
      "newton_iterations": 2,
      "gmres_iterations_total": 2,
      "factor_runtime_s": 0.2402975000150036,
      "runtime_s": 0.422466699994402,
      "failure_reason": "",
      "preconditioner_assembly_runtime_s": 0.0717929000093136,
      "preconditioner_numeric_factor_runtime_s": 0.16767649998655543
    }
  ],
  "final_status": "VALID_CONVERGED"
}