{
  "metadata": {
    "pump_modes": [
      1,
      3,
      5,
      7,
      9,
      11,
      13,
      15,
      17,
      19
    ],
    "pump_basis": "positive_phasor",
    "real_reconstruction_factor": 2,
    "omega_p": 44252474118.46583,
    "phase_convention": "exp_plus_i_k_omega_t",
    "pump_mode_policy": "positive_odd_jc",
    "pump_source_mode": 1,
    "pump_freq_ghz": 7.043,
    "nt": 40,
    "pump_current_a": 7.528219733066204e-06,
    "pump_current_ratio_ic_median": 2.8341825616663385,
    "pump_backend": "schur_cpu_mt"
  },
  "solution_summary": {
    "x_rms": 1.937962302979274e-15,
    "x_max_abs": 4.3695524863212234e-15,
    "branch_psi_rms": 1.0792573475801002e-16,
    "branch_psi_max_abs": 2.2307737754897505e-16,
    "branch_i_rms": 8.409668924949564e-07,
    "branch_i_max_abs": 1.6657250537665393e-06,
    "X_h1_norm": 1.1001993799156562e-13,
    "X_h2_norm": 4.767936905731487e-16,
    "X_h3_norm": 1.426941589703627e-17,
    "X_h4_norm": 8.764504922837833e-19,
    "X_h5_norm": 5.393506211460314e-20,
    "X_h6_norm": 1.803836445525849e-21,
    "X_h7_norm": 1.1671727361976875e-22,
    "X_h8_norm": 1.008847498963951e-23,
    "X_h9_norm": 6.793109156790806e-24,
    "X_h10_norm": 6.489528541957243e-26
  },
  "reports": [
    {
      "converged": true,
      "source_scale": 1.0,
      "coeff_abs": 8.062508215744122e-22,
      "coeff_rel": 4.806741199239293e-14,
      "time_abs": null,
      "time_rel": null,
      "newton_iterations": 2,
      "gmres_iterations_total": 2,
      "factor_runtime_s": 0.30091239998000674,
      "runtime_s": 0.5810432000143919,
      "failure_reason": "",
      "preconditioner_assembly_runtime_s": 0.09180559997912496,
      "preconditioner_numeric_factor_runtime_s": 0.2080147999804467
    }
  ],
  "final_status": "VALID_CONVERGED"
}