{
  "metadata": {
    "pump_modes": [
      1,
      3,
      5,
      7,
      9,
      11,
      13,
      15,
      17,
      19
    ],
    "pump_basis": "positive_phasor",
    "real_reconstruction_factor": 2,
    "omega_p": 51227194494.314,
    "phase_convention": "exp_plus_i_k_omega_t",
    "pump_mode_policy": "positive_odd_jc",
    "pump_source_mode": 1,
    "pump_freq_ghz": 8.1530612245,
    "nt": 40,
    "pump_current_a": 1.3403254039401808e-05,
    "pump_current_ratio_ic_median": 5.045983009927967,
    "pump_backend": "schur_cpu_mt"
  },
  "solution_summary": {
    "x_rms": 1.648546063281478e-15,
    "x_max_abs": 3.7625431215355e-15,
    "branch_psi_rms": 9.917761443265391e-17,
    "branch_psi_max_abs": 2.0898330870135057e-16,
    "branch_i_rms": 7.783071423712165e-07,
    "branch_i_max_abs": 1.5756180895459134e-06,
    "X_h1_norm": 9.358942943810459e-14,
    "X_h2_norm": 4.2302475435516335e-16,
    "X_h3_norm": 1.1610121003727855e-17,
    "X_h4_norm": 6.07616295050485e-19,
    "X_h5_norm": 3.7145969256029263e-20,
    "X_h6_norm": 3.576781403705341e-21,
    "X_h7_norm": 2.6116197325505956e-22,
    "X_h8_norm": 2.4926982149276673e-23,
    "X_h9_norm": 2.3660675545526153e-24,
    "X_h10_norm": 2.395503406315056e-25
  },
  "reports": [
    {
      "converged": false,
      "source_scale": 1.0,
      "coeff_abs": 5.615242834561466e-09,
      "coeff_rel": 0.18803173337428364,
      "time_abs": null,
      "time_rel": null,
      "newton_iterations": 5,
      "gmres_iterations_total": 5,
      "factor_runtime_s": 0.7393700000247918,
      "runtime_s": 1.5262316000007559,
      "failure_reason": "line search failed at Newton 5",
      "preconditioner_assembly_runtime_s": 0.2253838000469841,
      "preconditioner_numeric_factor_runtime_s": 0.5109765999368392
    },
    {
      "converged": true,
      "source_scale": 0.5,
      "coeff_abs": 2.2853938256522024e-20,
      "coeff_rel": 1.5305716071095949e-12,
      "time_abs": null,
      "time_rel": null,
      "newton_iterations": 14,
      "gmres_iterations_total": 14,
      "factor_runtime_s": 1.9659925000742078,
      "runtime_s": 3.7202847999869846,
      "failure_reason": "",
      "preconditioner_assembly_runtime_s": 0.6473632000561338,
      "preconditioner_numeric_factor_runtime_s": 1.310594000009587
    },
    {
      "converged": false,
      "source_scale": 1.0,
      "coeff_abs": 3.99041555479216e-09,
      "coeff_rel": 0.13362285047283654,
      "time_abs": null,
      "time_rel": null,
      "newton_iterations": 4,
      "gmres_iterations_total": 4,
      "factor_runtime_s": 0.6255831000162289,
      "runtime_s": 1.2981126999948174,
      "failure_reason": "stalled at Newton 4 (reduction ratio 0.998)",
      "preconditioner_assembly_runtime_s": 0.22533820004900917,
      "preconditioner_numeric_factor_runtime_s": 0.3979305000102613
    },
    {
      "converged": false,
      "source_scale": 0.75,
      "coeff_abs": 6.423304154409465e-10,
      "coeff_rel": 0.028678724434617105,
      "time_abs": null,
      "time_rel": null,
      "newton_iterations": 5,
      "gmres_iterations_total": 5,
      "factor_runtime_s": 0.5646007000177633,
      "runtime_s": 1.1281974000157788,
      "failure_reason": "stalled at Newton 5 (reduction ratio 0.986)",
      "preconditioner_assembly_runtime_s": 0.1713582999946084,
      "preconditioner_numeric_factor_runtime_s": 0.3909826999879442
    },
    {
      "converged": false,
      "source_scale": 0.625,
      "coeff_abs": 3.613395481132391e-10,
      "coeff_rel": 0.019359676101692622,
      "time_abs": null,
      "time_rel": null,
      "newton_iterations": 4,
      "gmres_iterations_total": 4,
      "factor_runtime_s": 0.473164099996211,
      "runtime_s": 0.8933966000040527,
      "failure_reason": "stalled at Newton 4 (reduction ratio 0.935)",
      "preconditioner_assembly_runtime_s": 0.16537220001919195,
      "preconditioner_numeric_factor_runtime_s": 0.30596710002282634
    },
    {
      "converged": false,
      "source_scale": 0.5625,
      "coeff_abs": 1.123240589634235e-10,
      "coeff_rel": 0.006686715864509998,
      "time_abs": null,
      "time_rel": null,
      "newton_iterations": 5,
      "gmres_iterations_total": 5,
      "factor_runtime_s": 0.5593655000266153,
      "runtime_s": 1.1384759999928065,
      "failure_reason": "stalled at Newton 5 (reduction ratio 0.974)",
      "preconditioner_assembly_runtime_s": 0.16319300001487136,
      "preconditioner_numeric_factor_runtime_s": 0.3938816000299994
    },
    {
      "converged": true,
      "source_scale": 0.05,
      "coeff_abs": 2.6913153796968707e-22,
      "coeff_rel": 1.8024249736326575e-13,
      "time_abs": null,
      "time_rel": null,
      "newton_iterations": 3,
      "gmres_iterations_total": 3,
      "factor_runtime_s": 0.3747451000090223,
      "runtime_s": 0.6834413000033237,
      "failure_reason": "",
      "preconditioner_assembly_runtime_s": 0.13023120001889765,
      "preconditioner_numeric_factor_runtime_s": 0.24319210002431646
    },
    {
      "converged": true,
      "source_scale": 0.1,
      "coeff_abs": 5.432157236580343e-19,
      "coeff_rel": 1.81900938436553e-10,
      "time_abs": null,
      "time_rel": null,
      "newton_iterations": 3,
      "gmres_iterations_total": 3,
      "factor_runtime_s": 0.3786205000069458,
      "runtime_s": 0.7583050999965053,
      "failure_reason": "",
      "preconditioner_assembly_runtime_s": 0.11742190000950359,
      "preconditioner_numeric_factor_runtime_s": 0.25973249998060055
    },
    {
      "converged": true,
      "source_scale": 0.15,
      "coeff_abs": 1.2250541403871834e-22,
      "coeff_rel": 2.7348066715424574e-14,
      "time_abs": null,
      "time_rel": null,
      "newton_iterations": 3,
      "gmres_iterations_total": 3,
      "factor_runtime_s": 0.38973710002028383,
      "runtime_s": 0.7387297000095714,
      "failure_reason": "",
      "preconditioner_assembly_runtime_s": 0.12017829998512752,
      "preconditioner_numeric_factor_runtime_s": 0.267747399979271
    },
    {
      "converged": true,
      "source_scale": 0.2,
      "coeff_abs": 2.3115020085812144e-21,
      "coeff_rel": 3.8701418814562076e-13,
      "time_abs": null,
      "time_rel": null,
      "newton_iterations": 3,
      "gmres_iterations_total": 3,
      "factor_runtime_s": 0.42895039994618855,
      "runtime_s": 0.8286398000200279,
      "failure_reason": "",
      "preconditioner_assembly_runtime_s": 0.1541084999917075,
      "preconditioner_numeric_factor_runtime_s": 0.2731861000065692
    },
    {
      "converged": true,
      "source_scale": 0.25,
      "coeff_abs": 3.0286705811405033e-18,
      "coeff_rel": 4.0567163057411957e-10,
      "time_abs": null,
      "time_rel": null,
      "newton_iterations": 3,
      "gmres_iterations_total": 3,
      "factor_runtime_s": 0.433666099968832,
      "runtime_s": 0.8327049000072293,
      "failure_reason": "",
      "preconditioner_assembly_runtime_s": 0.1416927000391297,
      "preconditioner_numeric_factor_runtime_s": 0.2903333999856841
    },
    {
      "converged": true,
      "source_scale": 0.3,
      "coeff_abs": 2.916876130518586e-22,
      "coeff_rel": 3.2558121469162105e-14,
      "time_abs": null,
      "time_rel": null,
      "newton_iterations": 4,
      "gmres_iterations_total": 4,
      "factor_runtime_s": 0.4918201000255067,
      "runtime_s": 0.9835009000089485,
      "failure_reason": "",
      "preconditioner_assembly_runtime_s": 0.1508724000013899,
      "preconditioner_numeric_factor_runtime_s": 0.33878009996260516
    },
    {
      "converged": true,
      "source_scale": 0.35,
      "coeff_abs": 1.0767293684027724e-18,
      "coeff_rel": 1.0301515534499201e-10,
      "time_abs": null,
      "time_rel": null,
      "newton_iterations": 4,
      "gmres_iterations_total": 4,
      "factor_runtime_s": 0.5789185999892652,
      "runtime_s": 1.0596389999845996,
      "failure_reason": "",
      "preconditioner_assembly_runtime_s": 0.1780332000053022,