{
  "metadata": {
    "pump_modes": [
      1,
      3,
      5,
      7,
      9,
      11,
      13,
      15,
      17,
      19
    ],
    "pump_basis": "positive_phasor",
    "real_reconstruction_factor": 2,
    "omega_p": 44252474118.46583,
    "phase_convention": "exp_plus_i_k_omega_t",
    "pump_mode_policy": "positive_odd_jc",
    "pump_source_mode": 1,
    "pump_freq_ghz": 7.043,
    "nt": 40,
    "pump_current_a": 7.801754619137135e-06,
    "pump_current_ratio_ic_median": 2.9371614639298445,
    "pump_backend": "schur_cpu_mt"
  },
  "solution_summary": {
    "x_rms": 2.01063093497049e-15,
    "x_max_abs": 4.550001243843673e-15,
    "branch_psi_rms": 1.1127350048824748e-16,
    "branch_psi_max_abs": 2.2750713094970673e-16,
    "branch_i_rms": 8.654161256004564e-07,
    "branch_i_max_abs": 1.6934223649482743e-06,
    "X_h1_norm": 1.1414513912179765e-13,
    "X_h2_norm": 5.524041051076132e-16,
    "X_h3_norm": 1.8153913689873026e-17,
    "X_h4_norm": 1.3095301681536258e-18,
    "X_h5_norm": 8.2635283480771e-20,
    "X_h6_norm": 2.97732410615346e-21,
    "X_h7_norm": 2.2693508551480054e-22,
    "X_h8_norm": 2.107884628000455e-23,
    "X_h9_norm": 1.79341722318326e-23,
    "X_h10_norm": 2.0378230957395893e-25
  },
  "reports": [
    {
      "converged": true,
      "source_scale": 1.0,
      "coeff_abs": 6.5738552682618505e-22,
      "coeff_rel": 3.7818187257666125e-14,
      "time_abs": null,
      "time_rel": null,
      "newton_iterations": 2,
      "gmres_iterations_total": 2,
      "factor_runtime_s": 0.22681459999876097,
      "runtime_s": 0.4647768000140786,
      "failure_reason": "",
      "preconditioner_assembly_runtime_s": 0.06257629999890924,
      "preconditioner_numeric_factor_runtime_s": 0.16314640000928193
    }
  ],
  "final_status": "VALID_CONVERGED"
}