{
  "metadata": {
    "pump_modes": [
      1,
      3,
      5,
      7,
      9,
      11,
      13,
      15,
      17,
      19
    ],
    "pump_basis": "positive_phasor",
    "real_reconstruction_factor": 2,
    "omega_p": 44252474118.46583,
    "phase_convention": "exp_plus_i_k_omega_t",
    "pump_mode_policy": "positive_odd_jc",
    "pump_source_mode": 1,
    "pump_freq_ghz": 7.043,
    "nt": 40,
    "pump_current_a": 1.4282472544088506e-05,
    "pump_current_ratio_ic_median": 5.3769863337194295,
    "pump_backend": "schur_cpu_mt"
  },
  "solution_summary": {
    "x_rms": 1.8346894901221815e-15,
    "x_max_abs": 4.082814583226187e-15,
    "branch_psi_rms": 1.0654254282216171e-16,
    "branch_psi_max_abs": 2.361681939417558e-16,
    "branch_i_rms": 8.294249870387359e-07,
    "branch_i_max_abs": 1.7466853104065227e-06,
    "X_h1_norm": 1.0415229803320603e-13,
    "X_h2_norm": 1.0887907890800883e-15,
    "X_h3_norm": 8.356690046898513e-17,
    "X_h4_norm": 3.589472770017101e-18,
    "X_h5_norm": 5.247018285904035e-19,
    "X_h6_norm": 1.9648288004300252e-19,
    "X_h7_norm": 1.6566368979837917e-20,
    "X_h8_norm": 2.4541438212247827e-20,
    "X_h9_norm": 5.339468993839625e-22,
    "X_h10_norm": 1.5881042406273144e-22
  },
  "reports": [
    {
      "converged": false,
      "source_scale": 1.0,
      "coeff_abs": 5.174195871095644e-09,
      "coeff_rel": 0.16259692332926884,
      "time_abs": null,
      "time_rel": null,
      "newton_iterations": 6,
      "gmres_iterations_total": 6,
      "factor_runtime_s": 0.6880011000321247,
      "runtime_s": 1.3995415999961551,
      "failure_reason": "stalled at Newton 6 (reduction ratio 0.998)",
      "preconditioner_assembly_runtime_s": 0.20100859997910447,
      "preconditioner_numeric_factor_runtime_s": 0.4842341000039596
    },
    {
      "converged": false,
      "source_scale": 0.5,
      "coeff_abs": 5.600805859487585e-10,
      "coeff_rel": 0.03520059246324534,
      "time_abs": null,
      "time_rel": null,
      "newton_iterations": 6,
      "gmres_iterations_total": 6,
      "factor_runtime_s": 0.7060617999522947,
      "runtime_s": 1.367580199992517,
      "failure_reason": "stalled at Newton 6 (reduction ratio 0.999)",
      "preconditioner_assembly_runtime_s": 0.22860479995142668,
      "preconditioner_numeric_factor_runtime_s": 0.4745243999932427
    },
    {
      "converged": true,
      "source_scale": 0.25,
      "coeff_abs": 7.827567421346653e-19,
      "coeff_rel": 9.839120215554422e-11,
      "time_abs": null,
      "time_rel": null,
      "newton_iterations": 5,
      "gmres_iterations_total": 5,
      "factor_runtime_s": 0.603925800009165,
      "runtime_s": 1.1190064999973401,
      "failure_reason": "",
      "preconditioner_assembly_runtime_s": 0.1949680999678094,
      "preconditioner_numeric_factor_runtime_s": 0.4064292999682948
    },
    {
      "converged": false,
      "source_scale": 0.625,
      "coeff_abs": 7.199613904814061e-10,
      "coeff_rel": 0.03619917294962414,
      "time_abs": null,
      "time_rel": null,
      "newton_iterations": 5,
      "gmres_iterations_total": 5,
      "factor_runtime_s": 0.6272363999742083,
      "runtime_s": 1.2438727999979164,
      "failure_reason": "stalled at Newton 5 (reduction ratio 0.929)",
      "preconditioner_assembly_runtime_s": 0.1985471000079997,
      "preconditioner_numeric_factor_runtime_s": 0.42610459998832084
    },
    {
      "converged": true,
      "source_scale": 0.4375,
      "coeff_abs": 1.046784894983047e-17,
      "coeff_rel": 7.518805463643041e-10,
      "time_abs": null,
      "time_rel": null,
      "newton_iterations": 8,
      "gmres_iterations_total": 8,
      "factor_runtime_s": 1.0771880999673158,
      "runtime_s": 2.0757247999717947,
      "failure_reason": "",
      "preconditioner_assembly_runtime_s": 0.354077599971788,
      "preconditioner_numeric_factor_runtime_s": 0.7187968000362162
    },
    {
      "converged": false,
      "source_scale": 0.71875,
      "coeff_abs": 2.8344412357779698e-09,
      "coeff_rel": 0.12392503731692091,
      "time_abs": null,
      "time_rel": null,
      "newton_iterations": 6,
      "gmres_iterations_total": 6,
      "factor_runtime_s": 0.8116830999497324,
      "runtime_s": 1.6702820000064094,
      "failure_reason": "stalled at Newton 6 (reduction ratio 0.998)",
      "preconditioner_assembly_runtime_s": 0.27010329999029636,
      "preconditioner_numeric_factor_runtime_s": 0.5381645000306889
    },
    {
      "converged": false,
      "source_scale": 0.578125,
      "coeff_abs": 1.4836862374857188e-09,
      "coeff_rel": 0.080647289692607,
      "time_abs": null,
      "time_rel": null,
      "newton_iterations": 3,
      "gmres_iterations_total": 3,
      "factor_runtime_s": 0.4120361999957822,
      "runtime_s": 0.8755547000037041,
      "failure_reason": "line search failed at Newton 3",
      "preconditioner_assembly_runtime_s": 0.11984679999295622,
      "preconditioner_numeric_factor_runtime_s": 0.2904640000197105
    },
    {
      "converged": false,
      "source_scale": 0.5078125,
      "coeff_abs": 3.8734701139352805e-10,
      "coeff_rel": 0.023969903245170423,
      "time_abs": null,
      "time_rel": null,
      "newton_iterations": 5,
      "gmres_iterations_total": 5,
      "factor_runtime_s": 0.6696906000142917,
      "runtime_s": 1.3401618999778293,
      "failure_reason": "stalled at Newton 5 (reduction ratio 0.996)",
      "preconditioner_assembly_runtime_s": 0.20828789999359287,
      "preconditioner_numeric_factor_runtime_s": 0.4587758000125177
    },
    {
      "converged": true,
      "source_scale": 0.05,
      "coeff_abs": 1.9605532659315248e-22,
      "coeff_rel": 1.2321911926233807e-13,
      "time_abs": null,
      "time_rel": null,
      "newton_iterations": 3,
      "gmres_iterations_total": 3,
      "factor_runtime_s": 0.3954325999948196,
      "runtime_s": 0.7649832000024617,
      "failure_reason": "",
      "preconditioner_assembly_runtime_s": 0.1344366999983322,
      "preconditioner_numeric_factor_runtime_s": 0.25953149996348657
    },
    {
      "converged": true,
      "source_scale": 0.1,
      "coeff_abs": 4.0392514750886984e-19,
      "coeff_rel": 1.2693177428236032e-10,
      "time_abs": null,
      "time_rel": null,
      "newton_iterations": 3,
      "gmres_iterations_total": 3,
      "factor_runtime_s": 0.33421820000512525,
      "runtime_s": 0.5946071000071242,
      "failure_reason": "",
      "preconditioner_assembly_runtime_s": 0.10703849996207282,
      "preconditioner_numeric_factor_runtime_s": 0.22602549998555332
    },
    {
      "converged": true,
      "source_scale": 0.15,
      "coeff_abs": 2.5917333455264735e-20,
      "coeff_rel": 5.4296084978997095e-12,
      "time_abs": null,
      "time_rel": null,
      "newton_iterations": 3,
      "gmres_iterations_total": 3,
      "factor_runtime_s": 0.36950610001804307,
      "runtime_s": 0.7510041999921668,
      "failure_reason": "",
      "preconditioner_assembly_runtime_s": 0.1020907000056468,
      "preconditioner_numeric_factor_runtime_s": 0.2658081000263337
    },
    {
      "converged": true,
      "source_scale": 0.2,
      "coeff_abs": 1.2731665009828183e-19,
      "coeff_rel": 2.0004360204270878e-11,
      "time_abs": null,
      "time_rel": null,
      "newton_iterations": 3,
      "gmres_iterations_total": 3,
      "factor_runtime_s": 0.3502481000032276,
      "runtime_s": 0.6368806000100449,
      "failure_reason": "",
      "preconditioner_assembly_runtime_s": 0.1087804000126198,
      "preconditioner_numeric_factor_runtime_s": 0.23986930001410656
    },
    {
      "converged": true,
      "source_scale": 0.25,
      "coeff_abs": 4.055637253352186e-19,
      "coeff_rel": 5.097867618181185e-11,
      "time_abs": null,
      "time_rel": null,
      "newton_iterations": 3,
      "gmres_iterations_total": 3,
      "factor_runtime_s": 0.33414680004352704,
      "runtime_s": 0.6020780999970157,
      "failure_reason": "",