{
  "metadata": {
    "pump_modes": [
      1,
      3,
      5,
      7,
      9,
      11,
      13,
      15,
      17,
      19
    ],
    "pump_basis": "positive_phasor",
    "real_reconstruction_factor": 2,
    "omega_p": 51227194494.314,
    "phase_convention": "exp_plus_i_k_omega_t",
    "pump_mode_policy": "positive_odd_jc",
    "pump_source_mode": 1,
    "pump_freq_ghz": 8.1530612245,
    "nt": 40,
    "pump_current_a": 1.3196545184123078e-05,
    "pump_current_ratio_ic_median": 4.968162402434304,
    "pump_backend": "full"
  },
  "solution_summary": {
    "x_rms": 2.9805394016117906e-15,
    "x_max_abs": 6.773225360615951e-15,
    "branch_psi_rms": 1.1295857940933455e-16,
    "branch_psi_max_abs": 2.1881558398069994e-16,
    "branch_i_rms": 8.816302827748885e-07,
    "branch_i_max_abs": 1.6387930323034585e-06,
    "X_h1_norm": 1.6920885302875643e-13,
    "X_h2_norm": 5.054118878758739e-16,
    "X_h3_norm": 1.2720493658741443e-17,
    "X_h4_norm": 4.0385328152650876e-19,
    "X_h5_norm": 1.768974201212552e-20,
    "X_h6_norm": 8.54221999411563e-22,
    "X_h7_norm": 4.622757610691133e-23,
    "X_h8_norm": 2.8167917174136348e-24,
    "X_h9_norm": 2.5496984748262434e-25,
    "X_h10_norm": 3.469899576667525e-26
  },
  "reports": [
    {
      "converged": true,
      "source_scale": 1.0,
      "coeff_abs": 1.2506577600727641e-20,
      "coeff_rel": 6.805630672667627e-13,
      "time_abs": 1.9846945456489976e-19,
      "time_rel": 1.7076292116936334e-12,
      "newton_iterations": 3,
      "gmres_iterations_total": 3,
      "factor_runtime_s": 2.056129200005671,
      "runtime_s": 2.7159962999867275,
      "failure_reason": "",
      "preconditioner_assembly_runtime_s": 0.0,
      "preconditioner_numeric_factor_runtime_s": 0.0
    }
  ],
  "final_status": "VALID_CONVERGED"
}