{
  "metadata": {
    "pump_modes": [
      1,
      3,
      5,
      7,
      9,
      11,
      13,
      15,
      17,
      19
    ],
    "pump_basis": "positive_phasor",
    "real_reconstruction_factor": 2,
    "omega_p": 51227194494.314,
    "phase_convention": "exp_plus_i_k_omega_t",
    "pump_mode_policy": "positive_odd_jc",
    "pump_source_mode": 1,
    "pump_freq_ghz": 8.1530612245,
    "nt": 40,
    "pump_current_a": 1.3978489645752779e-05,
    "pump_current_ratio_ic_median": 5.262544532064284,
    "pump_backend": "full"
  },
  "solution_summary": {
    "x_rms": 3.141941321187031e-15,
    "x_max_abs": 7.192237007531298e-15,
    "branch_psi_rms": 1.443311242710025e-16,
    "branch_psi_max_abs": 2.4746599287638135e-16,
    "branch_i_rms": 1.1101449200631606e-06,
    "branch_i_max_abs": 1.8143397722800494e-06,
    "X_h1_norm": 1.7836994545805983e-13,
    "X_h2_norm": 9.78399122491173e-16,
    "X_h3_norm": 3.78319926250787e-17,
    "X_h4_norm": 1.6703007132143283e-18,
    "X_h5_norm": 1.1518221842641366e-19,
    "X_h6_norm": 8.079433975146798e-21,
    "X_h7_norm": 7.209385903485224e-22,
    "X_h8_norm": 9.347157588150281e-23,
    "X_h9_norm": 8.642732391233923e-24,
    "X_h10_norm": 1.53913337899417e-24
  },
  "reports": [
    {
      "converged": false,
      "source_scale": 1.0,
      "coeff_abs": 1.9722256709628875e-11,
      "coeff_rel": 0.0010131797528667062,
      "time_abs": 1.2473450360194193e-10,
      "time_rel": 0.001013179752866798,
      "newton_iterations": 4,
      "gmres_iterations_total": 4,
      "factor_runtime_s": 2.448737800033996,
      "runtime_s": 4.084122500004014,
      "failure_reason": "stalled at Newton 4 (reduction ratio 0.998)",
      "preconditioner_assembly_runtime_s": 0.0,
      "preconditioner_numeric_factor_runtime_s": 0.0
    }
  ],
  "final_status": "FAIL"
}