{
  "metadata": {
    "pump_modes": [
      1,
      3,
      5,
      7,
      9,
      11,
      13,
      15,
      17,
      19
    ],
    "pump_basis": "positive_phasor",
    "real_reconstruction_factor": 2,
    "omega_p": 51227194494.314,
    "phase_convention": "exp_plus_i_k_omega_t",
    "pump_mode_policy": "positive_odd_jc",
    "pump_source_mode": 1,
    "pump_freq_ghz": 8.1530612245,
    "nt": 40,
    "pump_current_a": 1.3770834189005024e-05,
    "pump_current_ratio_ic_median": 5.184367553280797,
    "pump_backend": "full"
  },
  "solution_summary": {
    "x_rms": 3.1008374602168166e-15,
    "x_max_abs": 7.082698864492538e-15,
    "branch_psi_rms": 1.391730224049569e-16,
    "branch_psi_max_abs": 2.493686458682436e-16,
    "branch_i_rms": 1.0732487303509231e-06,
    "branch_i_max_abs": 1.8255252012963073e-06,
    "X_h1_norm": 1.7603535612703844e-13,
    "X_h2_norm": 1.1482949673688963e-15,
    "X_h3_norm": 4.124785182045743e-17,
    "X_h4_norm": 1.8544364396284732e-18,
    "X_h5_norm": 1.2848786689755016e-19,
    "X_h6_norm": 9.34593081084142e-21,
    "X_h7_norm": 9.921304467817754e-22,
    "X_h8_norm": 1.3726536587221356e-22,
    "X_h9_norm": 5.8612365517089595e-24,
    "X_h10_norm": 5.446669168773733e-25
  },
  "reports": [
    {
      "converged": true,
      "source_scale": 1.0,
      "coeff_abs": 3.33279174648795e-20,
      "coeff_rel": 1.7379531783626755e-12,
      "time_abs": 2.779242727820088e-19,
      "time_rel": 2.291534379532611e-12,
      "newton_iterations": 3,
      "gmres_iterations_total": 3,
      "factor_runtime_s": 1.8651754999882542,
      "runtime_s": 2.4740269999892917,
      "failure_reason": "",
      "preconditioner_assembly_runtime_s": 0.0,
      "preconditioner_numeric_factor_runtime_s": 0.0
    }
  ],
  "final_status": "VALID_CONVERGED"
}