{
  "metadata": {
    "pump_modes": [
      1,
      3,
      5,
      7,
      9,
      11,
      13,
      15,
      17,
      19
    ],
    "pump_basis": "positive_phasor",
    "real_reconstruction_factor": 2,
    "omega_p": 44252474118.46583,
    "phase_convention": "exp_plus_i_k_omega_t",
    "pump_mode_policy": "positive_odd_jc",
    "pump_source_mode": 1,
    "pump_freq_ghz": 7.043,
    "nt": 40,
    "pump_current_a": 1.9498598551655036e-05,
    "pump_current_ratio_ic_median": 7.340724627006214,
    "pump_backend": "schur_cpu_mt"
  },
  "solution_summary": {
    "x_rms": 1.7833448903136868e-15,
    "x_max_abs": 4.102322729263201e-15,
    "branch_psi_rms": 1.0377014893799139e-16,
    "branch_psi_max_abs": 2.2734619574651656e-16,
    "branch_i_rms": 8.100244321775656e-07,
    "branch_i_max_abs": 1.692421447823968e-06,
    "X_h1_norm": 1.0123639216201104e-13,
    "X_h2_norm": 1.1654929283325778e-15,
    "X_h3_norm": 5.131860380403718e-17,
    "X_h4_norm": 4.95027473077619e-18,
    "X_h5_norm": 2.6651579674889507e-19,
    "X_h6_norm": 1.1449385688577355e-19,
    "X_h7_norm": 5.873451240757222e-21,
    "X_h8_norm": 1.5818112505207197e-21,
    "X_h9_norm": 3.8094075899403684e-22,
    "X_h10_norm": 3.839648400530867e-23
  },
  "reports": [
    {
      "converged": false,
      "source_scale": 1.0,
      "coeff_abs": 1.5822149985356924e-08,
      "coeff_rel": 0.3641958188635959,
      "time_abs": null,
      "time_rel": null,
      "newton_iterations": 4,
      "gmres_iterations_total": 4,
      "factor_runtime_s": 0.5757029999513179,
      "runtime_s": 1.2782870999944862,
      "failure_reason": "line search failed at Newton 4",
      "preconditioner_assembly_runtime_s": 0.20963599998503923,
      "preconditioner_numeric_factor_runtime_s": 0.3639215999864973
    },
    {
      "converged": false,
      "source_scale": 0.5,
      "coeff_abs": 6.347261407755353e-10,
      "coeff_rel": 0.02922037862209804,
      "time_abs": null,
      "time_rel": null,
      "newton_iterations": 6,
      "gmres_iterations_total": 6,
      "factor_runtime_s": 0.8274541999562643,
      "runtime_s": 1.6145832000183873,
      "failure_reason": "stalled at Newton 6 (reduction ratio 0.959)",
      "preconditioner_assembly_runtime_s": 0.27782309998292476,
      "preconditioner_numeric_factor_runtime_s": 0.5465915999666322
    },
    {
      "converged": true,
      "source_scale": 0.25,
      "coeff_abs": 4.0345680599763115e-22,
      "coeff_rel": 3.7147235229696515e-14,
      "time_abs": null,
      "time_rel": null,
      "newton_iterations": 8,
      "gmres_iterations_total": 8,
      "factor_runtime_s": 1.2313551000261214,
      "runtime_s": 2.3541884000005666,
      "failure_reason": "",
      "preconditioner_assembly_runtime_s": 0.4141879000235349,
      "preconditioner_numeric_factor_runtime_s": 0.812140800000634
    },
    {
      "converged": false,
      "source_scale": 0.625,
      "coeff_abs": 1.6904185048908048e-09,
      "coeff_rel": 0.06225635349740939,
      "time_abs": null,
      "time_rel": null,
      "newton_iterations": 5,
      "gmres_iterations_total": 5,
      "factor_runtime_s": 0.6957880000118166,
      "runtime_s": 1.3513580999861006,
      "failure_reason": "stalled at Newton 5 (reduction ratio 0.977)",
      "preconditioner_assembly_runtime_s": 0.2412381999893114,
      "preconditioner_numeric_factor_runtime_s": 0.4517941999947652
    },
    {
      "converged": false,
      "source_scale": 0.4375,
      "coeff_abs": 6.236087798182629e-10,
      "coeff_rel": 0.03280980295549591,
      "time_abs": null,
      "time_rel": null,
      "newton_iterations": 5,
      "gmres_iterations_total": 5,
      "factor_runtime_s": 0.7412399000313599,
      "runtime_s": 1.5002697000163607,
      "failure_reason": "stalled at Newton 5 (reduction ratio 0.980)",
      "preconditioner_assembly_runtime_s": 0.26212490000762045,
      "preconditioner_numeric_factor_runtime_s": 0.4764194999879692
    },
    {
      "converged": true,
      "source_scale": 0.34375,
      "coeff_abs": 5.026824803170077e-19,
      "coeff_rel": 3.366049520875815e-11,
      "time_abs": null,
      "time_rel": null,
      "newton_iterations": 8,
      "gmres_iterations_total": 8,
      "factor_runtime_s": 1.2365505999769084,
      "runtime_s": 2.2873787000135053,
      "failure_reason": "",
      "preconditioner_assembly_runtime_s": 0.4382723999733571,
      "preconditioner_numeric_factor_runtime_s": 0.7941936999850441
    },
    {
      "converged": false,
      "source_scale": 0.484375,
      "coeff_abs": 7.40972691191848e-10,
      "coeff_rel": 0.035211939002888874,
      "time_abs": null,
      "time_rel": null,
      "newton_iterations": 7,
      "gmres_iterations_total": 7,
      "factor_runtime_s": 1.0032494000624865,
      "runtime_s": 2.037903499993263,
      "failure_reason": "stalled at Newton 7 (reduction ratio 0.979)",
      "preconditioner_assembly_runtime_s": 0.3393898000358604,
      "preconditioner_numeric_factor_runtime_s": 0.659632299997611
    },
    {
      "converged": false,
      "source_scale": 0.4140625,
      "coeff_abs": 5.567973730225109e-10,
      "coeff_rel": 0.030952856633309607,
      "time_abs": null,
      "time_rel": null,
      "newton_iterations": 5,
      "gmres_iterations_total": 5,
      "factor_runtime_s": 0.7256047000118997,
      "runtime_s": 1.5484205999819096,
      "failure_reason": "stalled at Newton 5 (reduction ratio 0.902)",
      "preconditioner_assembly_runtime_s": 0.2513800000306219,
      "preconditioner_numeric_factor_runtime_s": 0.47128639998845756
    },
    {
      "converged": true,
      "source_scale": 0.05,
      "coeff_abs": 2.0432835837700062e-20,
      "coeff_rel": 9.406500869355439e-12,
      "time_abs": null,
      "time_rel": null,
      "newton_iterations": 3,
      "gmres_iterations_total": 3,
      "factor_runtime_s": 0.5203979999932926,
      "runtime_s": 0.9215812000038568,
      "failure_reason": "",
      "preconditioner_assembly_runtime_s": 0.1517743000003975,
      "preconditioner_numeric_factor_runtime_s": 0.3669743000064045
    },
    {
      "converged": true,
      "source_scale": 0.1,
      "coeff_abs": 4.388217763826422e-22,
      "coeff_rel": 1.0100843206059957e-13,
      "time_abs": null,
      "time_rel": null,
      "newton_iterations": 4,
      "gmres_iterations_total": 4,
      "factor_runtime_s": 0.6601860999653582,
      "runtime_s": 1.170919700001832,
      "failure_reason": "",
      "preconditioner_assembly_runtime_s": 0.2102463000046555,
      "preconditioner_numeric_factor_runtime_s": 0.4473258999933023
    },
    {
      "converged": true,
      "source_scale": 0.15,
      "coeff_abs": 1.465903288996921e-18,
      "coeff_rel": 2.249487160742644e-10,
      "time_abs": null,
      "time_rel": null,
      "newton_iterations": 3,
      "gmres_iterations_total": 3,
      "factor_runtime_s": 0.5839521000161767,
      "runtime_s": 1.0976966000162065,
      "failure_reason": "",
      "preconditioner_assembly_runtime_s": 0.22381140000652522,
      "preconditioner_numeric_factor_runtime_s": 0.3577633999811951
    },
    {
      "converged": true,
      "source_scale": 0.2,
      "coeff_abs": 2.902858421389274e-22,
      "coeff_rel": 3.3409141640086115e-14,
      "time_abs": null,
      "time_rel": null,
      "newton_iterations": 4,
      "gmres_iterations_total": 4,
      "factor_runtime_s": 0.5910345999873243,
      "runtime_s": 1.0849960999912582,
      "failure_reason": "",
      "preconditioner_assembly_runtime_s": 0.18296880001435056,
      "preconditioner_numeric_factor_runtime_s": 0.4060726999887265
    },
    {
      "converged": true,
      "source_scale": 0.25,
      "coeff_abs": 1.452087009008481e-18,
      "coeff_rel": 1.33697131627868e-10,
      "time_abs": null,
      "time_rel": null,
      "newton_iterations": 5,
      "gmres_iterations_total": 5,
      "factor_runtime_s": 0.8443477000109851,
      "runtime_s": 1.5740655999979936,
      "failure_reason": "",