{
  "metadata": {
    "pump_modes": [
      1,
      3,
      5,
      7,
      9,
      11,
      13,
      15,
      17,
      19
    ],
    "pump_basis": "positive_phasor",
    "real_reconstruction_factor": 2,
    "omega_p": 44252474118.46583,
    "phase_convention": "exp_plus_i_k_omega_t",
    "pump_mode_policy": "positive_odd_jc",
    "pump_source_mode": 1,
    "pump_freq_ghz": 7.043,
    "nt": 40,
    "pump_current_a": 7.107097718071462e-06,
    "pump_current_ratio_ic_median": 2.675640872721007,
    "pump_backend": "schur_cpu_mt"
  },
  "solution_summary": {
    "x_rms": 1.8234804060434497e-15,
    "x_max_abs": 4.075495951929596e-15,
    "branch_psi_rms": 1.0130663664197861e-16,
    "branch_psi_max_abs": 2.1367064598738661e-16,
    "branch_i_rms": 7.924918361072225e-07,
    "branch_i_max_abs": 1.6059143479739407e-06,
    "X_h1_norm": 1.0352081954767588e-13,
    "X_h2_norm": 4.185460019320327e-16,
    "X_h3_norm": 1.1362171012730827e-17,
    "X_h4_norm": 6.614442117981242e-19,
    "X_h5_norm": 3.9337144139068894e-20,
    "X_h6_norm": 1.1832670981154677e-21,
    "X_h7_norm": 8.08703568044092e-23,
    "X_h8_norm": 7.263159915714105e-24,
    "X_h9_norm": 6.684329696606977e-24,
    "X_h10_norm": 5.385554305711928e-26
  },
  "reports": [
    {
      "converged": true,
      "source_scale": 1.0,
      "coeff_abs": 1.8889055046108888e-19,
      "coeff_rel": 1.1928636424916665e-11,
      "time_abs": null,
      "time_rel": null,
      "newton_iterations": 2,
      "gmres_iterations_total": 2,
      "factor_runtime_s": 0.26379299999098293,
      "runtime_s": 0.49952939999639057,
      "failure_reason": "",
      "preconditioner_assembly_runtime_s": 0.07315020001260564,
      "preconditioner_numeric_factor_runtime_s": 0.18960200002766214
    }
  ],
  "final_status": "VALID_CONVERGED"
}