{
  "metadata": {
    "pump_modes": [
      1,
      3,
      5,
      7,
      9,
      11,
      13,
      15,
      17,
      19
    ],
    "pump_basis": "positive_phasor",
    "real_reconstruction_factor": 2,
    "omega_p": 51227194494.314,
    "phase_convention": "exp_plus_i_k_omega_t",
    "pump_mode_policy": "positive_odd_jc",
    "pump_source_mode": 1,
    "pump_freq_ghz": 8.1530612245,
    "nt": 40,
    "pump_current_a": 1.3496160957939552e-05,
    "pump_current_ratio_ic_median": 5.080960093184618,
    "pump_backend": "full"
  },
  "solution_summary": {
    "x_rms": 3.0357933880626315e-15,
    "x_max_abs": 6.918526624545246e-15,
    "branch_psi_rms": 1.3563679757150551e-16,
    "branch_psi_max_abs": 2.6660079977569e-16,
    "branch_i_rms": 1.0468003159602324e-06,
    "branch_i_max_abs": 1.9240068319474593e-06,
    "X_h1_norm": 1.7234208107417314e-13,
    "X_h2_norm": 1.2274965237319875e-15,
    "X_h3_norm": 4.5583364767237244e-17,
    "X_h4_norm": 1.9594606836317717e-18,
    "X_h5_norm": 1.5823762709885084e-19,
    "X_h6_norm": 1.0796673032138015e-20,
    "X_h7_norm": 1.553061231521664e-21,
    "X_h8_norm": 9.774697546243065e-23,
    "X_h9_norm": 1.0076924036916901e-23,
    "X_h10_norm": 1.890635253707084e-24
  },
  "reports": [
    {
      "converged": false,
      "source_scale": 1.0,
      "coeff_abs": 2.11288987181687e-11,
      "coeff_rel": 0.001124234105778982,
      "time_abs": 1.3363088880085278e-10,
      "time_rel": 0.0011242341057790023,
      "newton_iterations": 6,
      "gmres_iterations_total": 6,
      "factor_runtime_s": 4.213274200010346,
      "runtime_s": 6.119736699998612,
      "failure_reason": "stalled at Newton 6 (reduction ratio 0.979)",
      "preconditioner_assembly_runtime_s": 0.0,
      "preconditioner_numeric_factor_runtime_s": 0.0
    }
  ],
  "final_status": "FAIL"
}