{
  "metadata": {
    "pump_modes": [
      1,
      3,
      5,
      7,
      9,
      11,
      13,
      15,
      17,
      19
    ],
    "pump_basis": "positive_phasor",
    "real_reconstruction_factor": 2,
    "omega_p": 44252474118.46583,
    "phase_convention": "exp_plus_i_k_omega_t",
    "pump_mode_policy": "positive_odd_jc",
    "pump_source_mode": 1,
    "pump_freq_ghz": 7.043,
    "nt": 40,
    "pump_current_a": 7.3738158364945045e-06,
    "pump_current_ratio_ic_median": 2.776053435972154,
    "pump_backend": "schur_cpu_mt"
  },
  "solution_summary": {
    "x_rms": 1.896280895962426e-15,
    "x_max_abs": 4.260797481900295e-15,
    "branch_psi_rms": 1.0569251442648968e-16,
    "branch_psi_max_abs": 2.2042079477856585e-16,
    "branch_i_rms": 8.246375906869396e-07,
    "branch_i_max_abs": 1.6489695225506563e-06,
    "X_h1_norm": 1.0765371635749403e-13,
    "X_h2_norm": 4.498999327292737e-16,
    "X_h3_norm": 1.2984829039875024e-17,
    "X_h4_norm": 8.68276104973899e-19,
    "X_h5_norm": 5.170468641623114e-20,
    "X_h6_norm": 1.4718016159485136e-21,
    "X_h7_norm": 1.111873846985503e-22,
    "X_h8_norm": 9.095617793497804e-24,
    "X_h9_norm": 7.343372386602258e-24,
    "X_h10_norm": 7.961256430698208e-26
  },
  "reports": [
    {
      "converged": true,
      "source_scale": 1.0,
      "coeff_abs": 5.5702634344351065e-22,
      "coeff_rel": 3.3904418831573235e-14,
      "time_abs": null,
      "time_rel": null,
      "newton_iterations": 2,
      "gmres_iterations_total": 2,
      "factor_runtime_s": 0.23414270000648685,
      "runtime_s": 0.4396476999972947,
      "failure_reason": "",
      "preconditioner_assembly_runtime_s": 0.06764349999139085,
      "preconditioner_numeric_factor_runtime_s": 0.1654864999873098
    }
  ],
  "final_status": "VALID_CONVERGED"
}