{
  "metadata": {
    "pump_modes": [
      1,
      3,
      5,
      7,
      9,
      11,
      13,
      15,
      17,
      19
    ],
    "pump_basis": "positive_phasor",
    "real_reconstruction_factor": 2,
    "omega_p": 51227194494.314,
    "phase_convention": "exp_plus_i_k_omega_t",
    "pump_mode_policy": "positive_odd_jc",
    "pump_source_mode": 1,
    "pump_freq_ghz": 8.1530612245,
    "nt": 40,
    "pump_current_a": 1.4051097556710013e-05,
    "pump_current_ratio_ic_median": 5.289879557126072,
    "pump_backend": "full"
  },
  "solution_summary": {
    "x_rms": 3.1440283206195034e-15,
    "x_max_abs": 7.19739982730875e-15,
    "branch_psi_rms": 1.4453504091135716e-16,
    "branch_psi_max_abs": 2.549308477846429e-16,
    "branch_i_rms": 1.1111059689345966e-06,
    "branch_i_max_abs": 1.8578733303318824e-06,
    "X_h1_norm": 1.784876184469579e-13,
    "X_h2_norm": 1.1164008151067601e-15,
    "X_h3_norm": 4.227943940379819e-17,
    "X_h4_norm": 2.3180841354082973e-18,
    "X_h5_norm": 1.7943660185773737e-19,
    "X_h6_norm": 1.4653659385769818e-20,
    "X_h7_norm": 1.3729925191188868e-21,
    "X_h8_norm": 1.5616489510645327e-22,
    "X_h9_norm": 2.0908334205660313e-23,
    "X_h10_norm": 4.196426235211058e-24
  },
  "reports": [
    {
      "converged": false,
      "source_scale": 1.0,
      "coeff_abs": 1.1514821707595617e-10,
      "coeff_rel": 0.00588487324341786,
      "time_abs": 7.282612689350526e-10,
      "time_rel": 0.005884873243418039,
      "newton_iterations": 4,
      "gmres_iterations_total": 4,
      "factor_runtime_s": 2.407116899994435,
      "runtime_s": 4.150013500009663,
      "failure_reason": "stalled at Newton 4 (reduction ratio 0.986)",
      "preconditioner_assembly_runtime_s": 0.0,
      "preconditioner_numeric_factor_runtime_s": 0.0
    }
  ],
  "final_status": "FAIL"
}