{
  "metadata": {
    "pump_modes": [
      1,
      3,
      5,
      7,
      9,
      11,
      13,
      15,
      17,
      19
    ],
    "pump_basis": "positive_phasor",
    "real_reconstruction_factor": 2,
    "omega_p": 51227194494.314,
    "phase_convention": "exp_plus_i_k_omega_t",
    "pump_mode_policy": "positive_odd_jc",
    "pump_source_mode": 1,
    "pump_freq_ghz": 8.1530612245,
    "nt": 40,
    "pump_current_a": 1.3083087594019501e-05,
    "pump_current_ratio_ic_median": 4.925448515916372,
    "pump_backend": "full"
  },
  "solution_summary": {
    "x_rms": 2.9558105903713717e-15,
    "x_max_abs": 6.707467649009201e-15,
    "branch_psi_rms": 1.0899922611362725e-16,
    "branch_psi_max_abs": 2.189775898692616e-16,
    "branch_i_rms": 8.510737715120102e-07,
    "branch_i_max_abs": 1.639821867355957e-06,
    "X_h1_norm": 1.6780424860621678e-13,
    "X_h2_norm": 7.018817465104448e-16,
    "X_h3_norm": 1.6516205825032912e-17,
    "X_h4_norm": 5.270085733704927e-19,
    "X_h5_norm": 2.4104718021716923e-20,
    "X_h6_norm": 1.2558696974977834e-21,
    "X_h7_norm": 1.2451276641224688e-22,
    "X_h8_norm": 1.3100520740374591e-23,
    "X_h9_norm": 3.5372087021375654e-25,
    "X_h10_norm": 4.238662539671202e-26
  },
  "reports": [
    {
      "converged": true,
      "source_scale": 1.0,
      "coeff_abs": 1.2323676839294268e-20,
      "coeff_rel": 6.764258505177554e-13,
      "time_abs": 1.9600668330328925e-19,
      "time_rel": 1.7010644919941108e-12,
      "newton_iterations": 1,
      "gmres_iterations_total": 1,
      "factor_runtime_s": 0.5727964999969117,
      "runtime_s": 0.805803700000979,
      "failure_reason": "",
      "preconditioner_assembly_runtime_s": 0.0,
      "preconditioner_numeric_factor_runtime_s": 0.0
    }
  ],
  "final_status": "VALID_CONVERGED"
}