{
  "metadata": {
    "pump_modes": [
      1,
      3,
      5,
      7,
      9,
      11,
      13,
      15,
      17,
      19
    ],
    "pump_basis": "positive_phasor",
    "real_reconstruction_factor": 2,
    "omega_p": 44252474118.46583,
    "phase_convention": "exp_plus_i_k_omega_t",
    "pump_mode_policy": "positive_odd_jc",
    "pump_source_mode": 1,
    "pump_freq_ghz": 7.043,
    "nt": 40,
    "pump_current_a": 7.009584681710268e-06,
    "pump_current_ratio_ic_median": 2.6389297036811166,
    "pump_backend": "schur_cpu_mt"
  },
  "solution_summary": {
    "x_rms": 1.7969994524381386e-15,
    "x_max_abs": 4.015610609538718e-15,
    "branch_psi_rms": 9.966360584023505e-17,
    "branch_psi_max_abs": 2.1050935446122835e-16,
    "branch_i_rms": 7.804193620522583e-07,
    "branch_i_max_abs": 1.5855169623366456e-06,
    "X_h1_norm": 1.0201745694708071e-13,
    "X_h2_norm": 4.154756737827875e-16,
    "X_h3_norm": 1.1042957504354978e-17,
    "X_h4_norm": 6.36851663629004e-19,
    "X_h5_norm": 3.854155151523973e-20,
    "X_h6_norm": 1.1759229046399948e-21,
    "X_h7_norm": 8.397136457223679e-23,
    "X_h8_norm": 7.721241701544119e-24,
    "X_h9_norm": 7.413087231837311e-24,
    "X_h10_norm": 7.002711127240868e-26
  },
  "reports": [
    {
      "converged": true,
      "source_scale": 1.0,
      "coeff_abs": 5.434249857461803e-20,
      "coeff_rel": 3.479526691153545e-12,
      "time_abs": null,
      "time_rel": null,
      "newton_iterations": 2,
      "gmres_iterations_total": 2,
      "factor_runtime_s": 0.2775819000089541,
      "runtime_s": 0.5603438999969512,
      "failure_reason": "",
      "preconditioner_assembly_runtime_s": 0.09085979999508709,
      "preconditioner_numeric_factor_runtime_s": 0.1854944000078831
    }
  ],
  "final_status": "VALID_CONVERGED"
}