{
  "metadata": {
    "pump_modes": [
      1,
      3,
      5,
      7,
      9,
      11,
      13,
      15,
      17,
      19
    ],
    "pump_basis": "positive_phasor",
    "real_reconstruction_factor": 2,
    "omega_p": 51227194494.314,
    "phase_convention": "exp_plus_i_k_omega_t",
    "pump_mode_policy": "positive_odd_jc",
    "pump_source_mode": 1,
    "pump_freq_ghz": 8.1530612245,
    "nt": 40,
    "pump_current_a": 1.3158617082957022e-05,
    "pump_current_ratio_ic_median": 4.9538834405105705,
    "pump_backend": "full"
  },
  "solution_summary": {
    "x_rms": 2.9721301738812797e-15,
    "x_max_abs": 6.751583822876347e-15,
    "branch_psi_rms": 1.1201694127703367e-16,
    "branch_psi_max_abs": 2.232274486257638e-16,
    "branch_i_rms": 8.743549275172044e-07,
    "branch_i_max_abs": 1.6666683496451688e-06,
    "X_h1_norm": 1.6873112860075338e-13,
    "X_h2_norm": 6.022601028106439e-16,
    "X_h3_norm": 1.4763884292699727e-17,
    "X_h4_norm": 4.678877960561987e-19,
    "X_h5_norm": 2.4322729116803698e-20,
    "X_h6_norm": 1.2284586760211786e-21,
    "X_h7_norm": 7.419327062924391e-23,
    "X_h8_norm": 4.704599289102649e-24,
    "X_h9_norm": 4.642929156816062e-25,
    "X_h10_norm": 6.550574527594998e-26
  },
  "reports": [
    {
      "converged": true,
      "source_scale": 1.0,
      "coeff_abs": 4.597008772463136e-18,
      "coeff_rel": 2.5087375341487215e-10,
      "time_abs": 2.907460729380311e-17,
      "time_rel": 2.5087868049094713e-10,
      "newton_iterations": 2,
      "gmres_iterations_total": 2,
      "factor_runtime_s": 1.3152723999810405,
      "runtime_s": 1.8029117999831215,
      "failure_reason": "",
      "preconditioner_assembly_runtime_s": 0.0,
      "preconditioner_numeric_factor_runtime_s": 0.0
    }
  ],
  "final_status": "VALID_CONVERGED"
}