{
  "metadata": {
    "pump_modes": [
      1,
      3,
      5,
      7,
      9,
      11,
      13,
      15,
      17,
      19
    ],
    "pump_basis": "positive_phasor",
    "real_reconstruction_factor": 2,
    "omega_p": 51227194494.314,
    "phase_convention": "exp_plus_i_k_omega_t",
    "pump_mode_policy": "positive_odd_jc",
    "pump_source_mode": 1,
    "pump_freq_ghz": 8.1530612245,
    "nt": 40,
    "pump_current_a": 1.3083087594019501e-05,
    "pump_current_ratio_ic_median": 4.925448515916372,
    "pump_backend": "schur_cpu_mt"
  },
  "solution_summary": {
    "x_rms": 1.919378645228472e-15,
    "x_max_abs": 4.433980717408905e-15,
    "branch_psi_rms": 1.0671222797836394e-16,
    "branch_psi_max_abs": 2.3528823729251705e-16,
    "branch_i_rms": 8.348394405958791e-07,
    "branch_i_max_abs": 1.741328435328269e-06,
    "X_h1_norm": 1.0896023127805186e-13,
    "X_h2_norm": 1.1160373874208504e-15,
    "X_h3_norm": 2.859425628029784e-17,
    "X_h4_norm": 1.2654181617598125e-18,
    "X_h5_norm": 7.781940401618362e-20,
    "X_h6_norm": 4.842400030803906e-21,
    "X_h7_norm": 3.1808524361343436e-22,
    "X_h8_norm": 2.3738939521850684e-23,
    "X_h9_norm": 1.9625821101144186e-24,
    "X_h10_norm": 2.91037632882854e-25
  },
  "reports": [
    {
      "converged": false,
      "source_scale": 1.0,
      "coeff_abs": 5.577329152151111e-09,
      "coeff_rel": 0.19133256024565762,
      "time_abs": null,
      "time_rel": null,
      "newton_iterations": 5,
      "gmres_iterations_total": 5,
      "factor_runtime_s": 2.8912204000225756,
      "runtime_s": 3.78399100000388,
      "failure_reason": "stalled at Newton 5 (reduction ratio 1.000)",
      "preconditioner_assembly_runtime_s": 0.2703229999751784,
      "preconditioner_numeric_factor_runtime_s": 1.8458819999941625
    },
    {
      "converged": true,
      "source_scale": 0.5,
      "coeff_abs": 1.7093816838413448e-19,
      "coeff_rel": 1.1728207716779792e-11,
      "time_abs": null,
      "time_rel": null,
      "newton_iterations": 13,
      "gmres_iterations_total": 13,
      "factor_runtime_s": 1.8528048000007402,
      "runtime_s": 3.5202713000180665,
      "failure_reason": "",
      "preconditioner_assembly_runtime_s": 0.6453823000192642,
      "preconditioner_numeric_factor_runtime_s": 1.1991646000533365
    },
    {
      "converged": false,
      "source_scale": 1.0,
      "coeff_abs": 3.3292392914396565e-09,
      "coeff_rel": 0.11421091707594633,
      "time_abs": null,
      "time_rel": null,
      "newton_iterations": 2,
      "gmres_iterations_total": 2,
      "factor_runtime_s": 0.2616606999654323,
      "runtime_s": 0.5124836000031792,
      "failure_reason": "line search failed at Newton 2",
      "preconditioner_assembly_runtime_s": 0.08543550001922995,
      "preconditioner_numeric_factor_runtime_s": 0.1749775999924168
    },
    {
      "converged": false,
      "source_scale": 0.75,
      "coeff_abs": 4.289698717969474e-10,
      "coeff_rel": 0.019621316129425078,
      "time_abs": null,
      "time_rel": null,
      "newton_iterations": 5,
      "gmres_iterations_total": 5,
      "factor_runtime_s": 0.664376899949275,
      "runtime_s": 1.3062645999889355,
      "failure_reason": "stalled at Newton 5 (reduction ratio 0.977)",
      "preconditioner_assembly_runtime_s": 0.1975996999826748,
      "preconditioner_numeric_factor_runtime_s": 0.4637934000638779
    },
    {
      "converged": false,
      "source_scale": 0.625,
      "coeff_abs": 3.8551164352230913e-10,
      "coeff_rel": 0.021160215650872522,
      "time_abs": null,
      "time_rel": null,
      "newton_iterations": 4,
      "gmres_iterations_total": 4,
      "factor_runtime_s": 0.4638431999774184,
      "runtime_s": 0.9304510000220034,
      "failure_reason": "stalled at Newton 4 (reduction ratio 0.999)",
      "preconditioner_assembly_runtime_s": 0.13572950000525452,
      "preconditioner_numeric_factor_runtime_s": 0.3262765000399668
    },
    {
      "converged": false,
      "source_scale": 0.5625,
      "coeff_abs": 1.6533114430786442e-10,
      "coeff_rel": 0.010083115736201811,
      "time_abs": null,
      "time_rel": null,
      "newton_iterations": 4,
      "gmres_iterations_total": 4,
      "factor_runtime_s": 0.5376907000027131,
      "runtime_s": 1.1126971000048798,
      "failure_reason": "stalled at Newton 4 (reduction ratio 0.921)",
      "preconditioner_assembly_runtime_s": 0.17769219999900088,
      "preconditioner_numeric_factor_runtime_s": 0.3576230999897234
    },
    {
      "converged": true,
      "source_scale": 0.05,
      "coeff_abs": 1.8900710753792327e-22,
      "coeff_rel": 1.2967932429058615e-13,
      "time_abs": null,
      "time_rel": null,
      "newton_iterations": 3,
      "gmres_iterations_total": 3,
      "factor_runtime_s": 0.44329180000931956,
      "runtime_s": 0.8102573000069242,
      "failure_reason": "",
      "preconditioner_assembly_runtime_s": 0.15005080003174953,
      "preconditioner_numeric_factor_runtime_s": 0.29149970001890324
    },
    {
      "converged": true,
      "source_scale": 0.1,
      "coeff_abs": 3.7808796544540416e-19,
      "coeff_rel": 1.2970462465683955e-10,
      "time_abs": null,
      "time_rel": null,
      "newton_iterations": 3,
      "gmres_iterations_total": 3,
      "factor_runtime_s": 0.36321009998209774,
      "runtime_s": 0.6395023000077344,
      "failure_reason": "",
      "preconditioner_assembly_runtime_s": 0.09940620002453215,
      "preconditioner_numeric_factor_runtime_s": 0.2622020999842789
    },
    {
      "converged": true,
      "source_scale": 0.15,
      "coeff_abs": 1.2060260436249422e-22,
      "coeff_rel": 2.7582144828910083e-14,
      "time_abs": null,
      "time_rel": null,
      "newton_iterations": 3,
      "gmres_iterations_total": 3,
      "factor_runtime_s": 0.33217370000784285,
      "runtime_s": 0.6219692999729887,
      "failure_reason": "",
      "preconditioner_assembly_runtime_s": 0.09849129998474382,
      "preconditioner_numeric_factor_runtime_s": 0.23249110000324436
    },
    {
      "converged": true,
      "source_scale": 0.2,
      "coeff_abs": 9.421828701930098e-22,
      "coeff_rel": 1.6160984573064199e-13,
      "time_abs": null,
      "time_rel": null,
      "newton_iterations": 3,
      "gmres_iterations_total": 3,
      "factor_runtime_s": 0.4062008000037167,
      "runtime_s": 0.7439917999727186,
      "failure_reason": "",
      "preconditioner_assembly_runtime_s": 0.12010080003528856,
      "preconditioner_numeric_factor_runtime_s": 0.28452719998313114
    },
    {
      "converged": true,
      "source_scale": 0.25,
      "coeff_abs": 1.2315246265376383e-18,
      "coeff_rel": 1.6899182628311878e-10,
      "time_abs": null,
      "time_rel": null,
      "newton_iterations": 3,
      "gmres_iterations_total": 3,
      "factor_runtime_s": 0.3551676000060979,
      "runtime_s": 0.7284817000036128,
      "failure_reason": "",
      "preconditioner_assembly_runtime_s": 0.1050833000044804,
      "preconditioner_numeric_factor_runtime_s": 0.2484229999827221
    },
    {
      "converged": true,
      "source_scale": 0.3,
      "coeff_abs": 2.6923357395846906e-22,
      "coeff_rel": 3.078722664813765e-14,
      "time_abs": null,
      "time_rel": null,
      "newton_iterations": 4,
      "gmres_iterations_total": 4,
      "factor_runtime_s": 0.5195212999824435,
      "runtime_s": 0.9867863999970723,
      "failure_reason": "",
      "preconditioner_assembly_runtime_s": 0.152588700002525,
      "preconditioner_numeric_factor_runtime_s": 0.3645101999572944
    },
    {
      "converged": true,
      "source_scale": 0.35,
      "coeff_abs": 6.062665751301022e-19,
      "coeff_rel": 5.942349457267654e-11,
      "time_abs": null,
      "time_rel": null,
      "newton_iterations": 4,
      "gmres_iterations_total": 4,
      "factor_runtime_s": 0.5192488000029698,
      "runtime_s": 1.0150387000176124,
      "failure_reason": "",