{
  "metadata": {
    "pump_modes": [
      1,
      3,
      5,
      7,
      9,
      11,
      13,
      15,
      17,
      19
    ],
    "pump_basis": "positive_phasor",
    "real_reconstruction_factor": 2,
    "omega_p": 51227194494.314,
    "phase_convention": "exp_plus_i_k_omega_t",
    "pump_mode_policy": "positive_odd_jc",
    "pump_source_mode": 1,
    "pump_freq_ghz": 8.1530612245,
    "nt": 40,
    "pump_current_a": 1.4061549038469214e-05,
    "pump_current_ratio_ic_median": 5.293814273220423,
    "pump_backend": "full"
  },
  "solution_summary": {
    "x_rms": 3.1835559684740175e-15,
    "x_max_abs": 7.255593748243788e-15,
    "branch_psi_rms": 2.378255927049476e-16,
    "branch_psi_max_abs": 9.214995855120707e-16,
    "branch_i_rms": 1.4345772687809778e-06,
    "branch_i_max_abs": 2.6562225845534516e-06,
    "X_h1_norm": 1.804922321455611e-13,
    "X_h2_norm": 9.356015656110635e-15,
    "X_h3_norm": 4.553648840255129e-16,
    "X_h4_norm": 8.977659018138038e-17,
    "X_h5_norm": 2.7896033041867243e-17,
    "X_h6_norm": 9.422989950315306e-18,
    "X_h7_norm": 3.5843580162895244e-18,
    "X_h8_norm": 1.08975214107189e-18,
    "X_h9_norm": 3.192623079344643e-19,
    "X_h10_norm": 1.597502950897805e-19
  },
  "reports": [
    {
      "converged": false,
      "source_scale": 1.0,
      "coeff_abs": 3.5163454051260364e-08,
      "coeff_rel": 1.7957608821076398,
      "time_abs": 2.223932104013159e-07,
      "time_rel": 1.7957608821076398,
      "newton_iterations": 4,
      "gmres_iterations_total": 4,
      "factor_runtime_s": 2.6258691999537405,
      "runtime_s": 4.855166900000768,
      "failure_reason": "stalled at Newton 4 (reduction ratio 0.999)",
      "preconditioner_assembly_runtime_s": 0.0,
      "preconditioner_numeric_factor_runtime_s": 0.0
    }
  ],
  "final_status": "FAIL"
}