{
  "metadata": {
    "pump_modes": [
      1,
      3,
      5,
      7,
      9,
      11,
      13,
      15,
      17,
      19
    ],
    "pump_basis": "positive_phasor",
    "real_reconstruction_factor": 2,
    "omega_p": 44252474118.46583,
    "phase_convention": "exp_plus_i_k_omega_t",
    "pump_mode_policy": "positive_odd_jc",
    "pump_source_mode": 1,
    "pump_freq_ghz": 7.043,
    "nt": 40,
    "pump_current_a": 1.640182926368264e-05,
    "pump_current_ratio_ic_median": 6.174870039244267,
    "pump_backend": "schur_cpu_mt"
  },
  "solution_summary": {
    "x_rms": 1.6812079974692578e-15,
    "x_max_abs": 3.793988146779714e-15,
    "branch_psi_rms": 1.0006166263719597e-16,
    "branch_psi_max_abs": 2.325366737435689e-16,
    "branch_i_rms": 7.818434901488893e-07,
    "branch_i_max_abs": 1.7244977090754018e-06,
    "X_h1_norm": 9.543493076496322e-14,
    "X_h2_norm": 1.361060678480308e-15,
    "X_h3_norm": 5.578137123699127e-17,
    "X_h4_norm": 6.170627705737603e-18,
    "X_h5_norm": 3.151387128466993e-19,
    "X_h6_norm": 2.955786169710088e-20,
    "X_h7_norm": 3.024382375734565e-21,
    "X_h8_norm": 6.657167391834439e-22,
    "X_h9_norm": 8.81261316883299e-22,
    "X_h10_norm": 9.916545391225891e-24
  },
  "reports": [
    {
      "converged": false,
      "source_scale": 1.0,
      "coeff_abs": 8.81393757898826e-09,
      "coeff_rel": 0.24118513652545281,
      "time_abs": null,
      "time_rel": null,
      "newton_iterations": 5,
      "gmres_iterations_total": 5,
      "factor_runtime_s": 0.7576040999847464,
      "runtime_s": 1.5474065000016708,
      "failure_reason": "stalled at Newton 5 (reduction ratio 0.999)",
      "preconditioner_assembly_runtime_s": 0.3078218000009656,
      "preconditioner_numeric_factor_runtime_s": 0.4472098000405822
    },
    {
      "converged": false,
      "source_scale": 0.5,
      "coeff_abs": 1.2721976795268134e-10,
      "coeff_rel": 0.006962499297828246,
      "time_abs": null,
      "time_rel": null,
      "newton_iterations": 12,
      "gmres_iterations_total": 12,
      "factor_runtime_s": 1.5983923000458162,
      "runtime_s": 3.0287649999954738,
      "failure_reason": "stalled at Newton 12 (reduction ratio 0.807)",
      "preconditioner_assembly_runtime_s": 0.5303718000941444,
      "preconditioner_numeric_factor_runtime_s": 1.0614658999547828
    },
    {
      "converged": true,
      "source_scale": 0.25,
      "coeff_abs": 8.661586372172477e-22,
      "coeff_rel": 9.480647544768381e-14,
      "time_abs": null,
      "time_rel": null,
      "newton_iterations": 6,
      "gmres_iterations_total": 6,
      "factor_runtime_s": 0.6582263000018429,
      "runtime_s": 1.201543799979845,
      "failure_reason": "",
      "preconditioner_assembly_runtime_s": 0.18932169998879544,
      "preconditioner_numeric_factor_runtime_s": 0.4664704999595415
    },
    {
      "converged": false,
      "source_scale": 0.625,
      "coeff_abs": 1.842100268514852e-09,
      "coeff_rel": 0.08065175425148896,
      "time_abs": null,
      "time_rel": null,
      "newton_iterations": 4,
      "gmres_iterations_total": 4,
      "factor_runtime_s": 0.43455940001877025,
      "runtime_s": 0.8905506000155583,
      "failure_reason": "stalled at Newton 4 (reduction ratio 0.996)",
      "preconditioner_assembly_runtime_s": 0.12606670000241138,
      "preconditioner_numeric_factor_runtime_s": 0.306910000013886
    },
    {
      "converged": true,
      "source_scale": 0.4375,
      "coeff_abs": 5.27233998339147e-18,
      "coeff_rel": 3.2976603308943505e-10,
      "time_abs": null,
      "time_rel": null,
      "newton_iterations": 15,
      "gmres_iterations_total": 15,
      "factor_runtime_s": 1.7230682999652345,
      "runtime_s": 3.1560852999973577,
      "failure_reason": "",
      "preconditioner_assembly_runtime_s": 0.5247573000087868,
      "preconditioner_numeric_factor_runtime_s": 1.1913457000046037
    },
    {
      "converged": false,
      "source_scale": 0.71875,
      "coeff_abs": 1.1130911479515774e-08,
      "coeff_rel": 0.423773154166294,
      "time_abs": null,
      "time_rel": null,
      "newton_iterations": 4,
      "gmres_iterations_total": 4,
      "factor_runtime_s": 0.4556892999680713,
      "runtime_s": 0.9423740000056569,
      "failure_reason": "stalled at Newton 4 (reduction ratio 1.000)",
      "preconditioner_assembly_runtime_s": 0.13146339997183532,
      "preconditioner_numeric_factor_runtime_s": 0.3224956999765709
    },
    {
      "converged": true,
      "source_scale": 0.578125,
      "coeff_abs": 5.900937272318194e-22,
      "coeff_rel": 2.7930571211619898e-14,
      "time_abs": null,
      "time_rel": null,
      "newton_iterations": 25,
      "gmres_iterations_total": 25,
      "factor_runtime_s": 3.303980099997716,
      "runtime_s": 6.3742700000002515,
      "failure_reason": "",
      "preconditioner_assembly_runtime_s": 1.0140166000055615,
      "preconditioner_numeric_factor_runtime_s": 2.276533400086919
    },
    {
      "converged": false,
      "source_scale": 0.7890625,
      "coeff_abs": 1.0382932485597438e-08,
      "coeff_rel": 0.3600718711259228,
      "time_abs": null,
      "time_rel": null,
      "newton_iterations": 4,
      "gmres_iterations_total": 4,
      "factor_runtime_s": 0.5227329000190366,
      "runtime_s": 1.0628814000228886,
      "failure_reason": "stalled at Newton 4 (reduction ratio 0.993)",
      "preconditioner_assembly_runtime_s": 0.1652297000400722,
      "preconditioner_numeric_factor_runtime_s": 0.3555072999733966
    },
    {
      "converged": false,
      "source_scale": 0.68359375,
      "coeff_abs": 2.6956082122063976e-09,
      "coeff_rel": 0.10790442555104618,
      "time_abs": null,
      "time_rel": null,
      "newton_iterations": 4,
      "gmres_iterations_total": 4,
      "factor_runtime_s": 0.5547601999714971,
      "runtime_s": 1.1065016000065953,
      "failure_reason": "stalled at Newton 4 (reduction ratio 0.982)",
      "preconditioner_assembly_runtime_s": 0.1806654999672901,
      "preconditioner_numeric_factor_runtime_s": 0.3718731000262778
    },
    {
      "converged": false,
      "source_scale": 0.630859375,
      "coeff_abs": 4.974910579870391e-10,
      "coeff_rel": 0.021579097998742636,
      "time_abs": null,
      "time_rel": null,
      "newton_iterations": 7,
      "gmres_iterations_total": 7,
      "factor_runtime_s": 0.9403106000390835,
      "runtime_s": 1.823580900003435,
      "failure_reason": "stalled at Newton 7 (reduction ratio 0.992)",
      "preconditioner_assembly_runtime_s": 0.28140379997785203,
      "preconditioner_numeric_factor_runtime_s": 0.6543801999941934
    },
    {
      "converged": true,
      "source_scale": 0.05,
      "coeff_abs": 1.4981144360139734e-21,
      "coeff_rel": 8.19889933512004e-13,
      "time_abs": null,
      "time_rel": null,
      "newton_iterations": 3,
      "gmres_iterations_total": 3,
      "factor_runtime_s": 0.39911829997436143,
      "runtime_s": 0.751782400009688,
      "failure_reason": "",
      "preconditioner_assembly_runtime_s": 0.12590879999333993,
      "preconditioner_numeric_factor_runtime_s": 0.2715168999857269
    },
    {
      "converged": true,
      "source_scale": 0.1,
      "coeff_abs": 3.4911905699504246e-18,
      "coeff_rel": 9.553315606150698e-10,
      "time_abs": null,
      "time_rel": null,
      "newton_iterations": 3,
      "gmres_iterations_total": 3,
      "factor_runtime_s": 0.31727189998491667,
      "runtime_s": 0.5757469999953173,
      "failure_reason": "",
      "preconditioner_assembly_runtime_s": 0.08901480000349693,
      "preconditioner_numeric_factor_runtime_s": 0.22705030004726723
    },
    {
      "converged": true,
      "source_scale": 0.15,
      "coeff_abs": 2.0004897261238502e-19,
      "coeff_rel": 3.649435025598254e-11,
      "time_abs": null,
      "time_rel": null,
      "newton_iterations": 3,
      "gmres_iterations_total": 3,
      "factor_runtime_s": 0.3663216999848373,