{
  "metadata": {
    "pump_modes": [
      1,
      3,
      5,
      7,
      9,
      11,
      13,
      15,
      17,
      19
    ],
    "pump_basis": "positive_phasor",
    "real_reconstruction_factor": 2,
    "omega_p": 51227194494.314,
    "phase_convention": "exp_plus_i_k_omega_t",
    "pump_mode_policy": "positive_odd_jc",
    "pump_source_mode": 1,
    "pump_freq_ghz": 8.1530612245,
    "nt": 40,
    "pump_current_a": 1.390625693030695e-05,
    "pump_current_ratio_ic_median": 5.2353507585351755,
    "pump_backend": "full"
  },
  "solution_summary": {
    "x_rms": 3.130597359352931e-15,
    "x_max_abs": 7.162874801634917e-15,
    "branch_psi_rms": 1.419899558392777e-16,
    "branch_psi_max_abs": 2.5683249932618826e-16,
    "branch_i_rms": 1.0937882718387993e-06,
    "branch_i_max_abs": 1.8688115062528694e-06,
    "X_h1_norm": 1.7772553247689612e-13,
    "X_h2_norm": 1.0467161601767114e-15,
    "X_h3_norm": 4.060096921582024e-17,
    "X_h4_norm": 1.753167398319349e-18,
    "X_h5_norm": 1.3578815581402665e-19,
    "X_h6_norm": 9.091989092797318e-21,
    "X_h7_norm": 1.1053804072063895e-21,
    "X_h8_norm": 1.628662540541531e-22,
    "X_h9_norm": 7.195781746241052e-24,
    "X_h10_norm": 1.283365438372429e-24
  },
  "reports": [
    {
      "converged": true,
      "source_scale": 1.0,
      "coeff_abs": 5.905415664186195e-20,
      "coeff_rel": 3.049512140484326e-12,
      "time_abs": 4.1598736013487053e-19,
      "time_rel": 3.3964876049008707e-12,
      "newton_iterations": 3,
      "gmres_iterations_total": 3,
      "factor_runtime_s": 1.9347279999929015,
      "runtime_s": 2.546950399992056,
      "failure_reason": "",
      "preconditioner_assembly_runtime_s": 0.0,
      "preconditioner_numeric_factor_runtime_s": 0.0
    }
  ],
  "final_status": "VALID_CONVERGED"
}