{
  "metadata": {
    "pump_modes": [
      1,
      3,
      5,
      7,
      9,
      11,
      13,
      15,
      17,
      19
    ],
    "pump_basis": "positive_phasor",
    "real_reconstruction_factor": 2,
    "omega_p": 51227194494.314,
    "phase_convention": "exp_plus_i_k_omega_t",
    "pump_mode_policy": "positive_odd_jc",
    "pump_source_mode": 1,
    "pump_freq_ghz": 8.1530612245,
    "nt": 40,
    "pump_current_a": 1.3166193972436794e-05,
    "pump_current_ratio_ic_median": 4.956735945989511,
    "pump_backend": "full"
  },
  "solution_summary": {
    "x_rms": 2.9738186298577847e-15,
    "x_max_abs": 6.755552285406735e-15,
    "branch_psi_rms": 1.1216471914904622e-16,
    "branch_psi_max_abs": 2.2268296913108037e-16,
    "branch_i_rms": 8.755024051137876e-07,
    "branch_i_max_abs": 1.6632442854450782e-06,
    "X_h1_norm": 1.6882705061556607e-13,
    "X_h2_norm": 5.836861271792902e-16,
    "X_h3_norm": 1.43480158203271e-17,
    "X_h4_norm": 4.573283153412906e-19,
    "X_h5_norm": 2.2968181700506193e-20,
    "X_h6_norm": 1.1538043459572e-21,
    "X_h7_norm": 6.826657612526785e-23,
    "X_h8_norm": 4.351785952042292e-24,
    "X_h9_norm": 4.382244353957899e-25,
    "X_h10_norm": 6.234126221281575e-26
  },
  "reports": [
    {
      "converged": true,
      "source_scale": 1.0,
      "coeff_abs": 4.062700599175186e-18,
      "coeff_rel": 2.2158722215450984e-10,
      "time_abs": 2.5695412437263504e-17,
      "time_rel": 2.2159272197960701e-10,
      "newton_iterations": 2,
      "gmres_iterations_total": 2,
      "factor_runtime_s": 1.2390783999871928,
      "runtime_s": 1.6895640000002459,
      "failure_reason": "",
      "preconditioner_assembly_runtime_s": 0.0,
      "preconditioner_numeric_factor_runtime_s": 0.0
    }
  ],
  "final_status": "VALID_CONVERGED"
}