{
  "metadata": {
    "pump_modes": [
      1,
      3,
      5,
      7,
      9,
      11,
      13,
      15,
      17,
      19
    ],
    "pump_basis": "positive_phasor",
    "real_reconstruction_factor": 2,
    "omega_p": 51227194494.314,
    "phase_convention": "exp_plus_i_k_omega_t",
    "pump_mode_policy": "positive_odd_jc",
    "pump_source_mode": 1,
    "pump_freq_ghz": 8.1530612245,
    "nt": 40,
    "pump_current_a": 1.4018780929106503e-05,
    "pump_current_ratio_ic_median": 5.277713171758303,
    "pump_backend": "full"
  },
  "solution_summary": {
    "x_rms": 3.151492853589714e-15,
    "x_max_abs": 7.212500769047915e-15,
    "branch_psi_rms": 1.79204806059456e-16,
    "branch_psi_max_abs": 7.661280731789798e-16,
    "branch_i_rms": 1.2823314600243954e-06,
    "branch_i_max_abs": 2.6562203127184115e-06,
    "X_h1_norm": 1.7884504460531832e-13,
    "X_h2_norm": 4.994513287033034e-15,
    "X_h3_norm": 2.0282917074023713e-16,
    "X_h4_norm": 2.4770437791056155e-17,
    "X_h5_norm": 5.093340788163505e-18,
    "X_h6_norm": 1.873813061761941e-18,
    "X_h7_norm": 3.313858088633197e-19,
    "X_h8_norm": 7.839559930318259e-20,
    "X_h9_norm": 2.6570572516787256e-20,
    "X_h10_norm": 5.611095573167758e-21
  },
  "reports": [
    {
      "converged": false,
      "source_scale": 1.0,
      "coeff_abs": 8.985273496589525e-09,
      "coeff_rel": 0.46026843884717633,
      "time_abs": 5.682785929753615e-08,
      "time_rel": 0.4602684388471764,
      "newton_iterations": 3,
      "gmres_iterations_total": 3,
      "factor_runtime_s": 2.0177251999848522,
      "runtime_s": 3.652836199995363,
      "failure_reason": "line search failed at Newton 3",
      "preconditioner_assembly_runtime_s": 0.0,
      "preconditioner_numeric_factor_runtime_s": 0.0
    }
  ],
  "final_status": "FAIL"
}