{
  "metadata": {
    "pump_modes": [
      1,
      3,
      5,
      7,
      9,
      11,
      13,
      15,
      17,
      19
    ],
    "pump_basis": "positive_phasor",
    "real_reconstruction_factor": 2,
    "omega_p": 51227194494.314,
    "phase_convention": "exp_plus_i_k_omega_t",
    "pump_mode_policy": "positive_odd_jc",
    "pump_source_mode": 1,
    "pump_freq_ghz": 8.1530612245,
    "nt": 40,
    "pump_current_a": 1.3668166139308974e-05,
    "pump_current_ratio_ic_median": 5.145715653308914,
    "pump_backend": "full"
  },
  "solution_summary": {
    "x_rms": 3.0773761627502123e-15,
    "x_max_abs": 7.0228813021611555e-15,
    "branch_psi_rms": 1.377160225313994e-16,
    "branch_psi_max_abs": 2.5670265942194977e-16,
    "branch_i_rms": 1.0621905428592541e-06,
    "branch_i_max_abs": 1.8680666561184774e-06,
    "X_h1_norm": 1.7470257176138318e-13,
    "X_h2_norm": 1.267215076770123e-15,
    "X_h3_norm": 4.6312333354713066e-17,
    "X_h4_norm": 2.175962602246248e-18,
    "X_h5_norm": 1.5985956892499434e-19,
    "X_h6_norm": 1.2175087065236076e-20,
    "X_h7_norm": 1.5678779328549343e-21,
    "X_h8_norm": 2.204981928347855e-22,
    "X_h9_norm": 9.02227415730472e-24,
    "X_h10_norm": 1.3204359087458385e-24
  },
  "reports": [
    {
      "converged": true,
      "source_scale": 1.0,
      "coeff_abs": 1.2446372448489852e-20,
      "coeff_rel": 6.539170900858321e-13,
      "time_abs": 1.959081962699955e-19,
      "time_rel": 1.6274307041245235e-12,
      "newton_iterations": 3,
      "gmres_iterations_total": 3,
      "factor_runtime_s": 1.9948132999707013,
      "runtime_s": 2.6992131999868434,
      "failure_reason": "",
      "preconditioner_assembly_runtime_s": 0.0,
      "preconditioner_numeric_factor_runtime_s": 0.0
    }
  ],
  "final_status": "VALID_CONVERGED"
}