{
  "metadata": {
    "pump_modes": [
      1,
      3,
      5,
      7,
      9,
      11,
      13,
      15,
      17,
      19
    ],
    "pump_basis": "positive_phasor",
    "real_reconstruction_factor": 2,
    "omega_p": 51227194494.314,
    "phase_convention": "exp_plus_i_k_omega_t",
    "pump_mode_policy": "positive_odd_jc",
    "pump_source_mode": 1,
    "pump_freq_ghz": 8.1530612245,
    "nt": 40,
    "pump_current_a": 1.3605366620328852e-05,
    "pump_current_ratio_ic_median": 5.1220732374542415,
    "pump_backend": "schur_cpu_mt"
  },
  "solution_summary": {
    "x_rms": 1.8388908032723075e-15,
    "x_max_abs": 4.240482368044599e-15,
    "branch_psi_rms": 1.0865217744670836e-16,
    "branch_psi_max_abs": 2.269403598106539e-16,
    "branch_i_rms": 8.481522793319994e-07,
    "branch_i_max_abs": 1.6898956035402551e-06,
    "X_h1_norm": 1.0439574962200312e-13,
    "X_h2_norm": 4.053874416991823e-16,
    "X_h3_norm": 1.019691774909023e-17,
    "X_h4_norm": 3.758810526475033e-19,
    "X_h5_norm": 1.765616034643963e-20,
    "X_h6_norm": 9.739297082126309e-22,
    "X_h7_norm": 6.879716433217126e-23,
    "X_h8_norm": 6.257985570473435e-24,
    "X_h9_norm": 3.703886882426103e-25,
    "X_h10_norm": 3.47014658706425e-26
  },
  "reports": [
    {
      "converged": false,
      "source_scale": 1.0,
      "coeff_abs": 4.707180377954087e-09,
      "coeff_rel": 0.15528283378258942,
      "time_abs": null,
      "time_rel": null,
      "newton_iterations": 3,
      "gmres_iterations_total": 3,
      "factor_runtime_s": 0.3356165000004694,
      "runtime_s": 0.6531384000263643,
      "failure_reason": "line search failed at Newton 3",
      "preconditioner_assembly_runtime_s": 0.09655529996962287,
      "preconditioner_numeric_factor_runtime_s": 0.23771190003026277
    },
    {
      "converged": true,
      "source_scale": 0.5,
      "coeff_abs": 1.375912918677138e-18,
      "coeff_rel": 9.077861475243574e-11,
      "time_abs": null,
      "time_rel": null,
      "newton_iterations": 14,
      "gmres_iterations_total": 14,
      "factor_runtime_s": 1.6700623999640811,
      "runtime_s": 3.2479117999901064,
      "failure_reason": "",
      "preconditioner_assembly_runtime_s": 0.4404198998818174,
      "preconditioner_numeric_factor_runtime_s": 1.2218251999292988
    },
    {
      "converged": false,
      "source_scale": 1.0,
      "coeff_abs": 3.4466791483345013e-09,
      "coeff_rel": 0.11370078525126863,
      "time_abs": null,
      "time_rel": null,
      "newton_iterations": 4,
      "gmres_iterations_total": 4,
      "factor_runtime_s": 0.5339775000174996,
      "runtime_s": 1.0721037999901455,
      "failure_reason": "stalled at Newton 4 (reduction ratio 0.996)",
      "preconditioner_assembly_runtime_s": 0.15848189999815077,
      "preconditioner_numeric_factor_runtime_s": 0.3733381000056397
    },
    {
      "converged": false,
      "source_scale": 0.75,
      "coeff_abs": 4.96343894204569e-10,
      "coeff_rel": 0.021831522690665836,
      "time_abs": null,
      "time_rel": null,
      "newton_iterations": 5,
      "gmres_iterations_total": 5,
      "factor_runtime_s": 0.672635699971579,
      "runtime_s": 1.371961500000907,
      "failure_reason": "stalled at Newton 5 (reduction ratio 0.975)",
      "preconditioner_assembly_runtime_s": 0.20528729996294715,
      "preconditioner_numeric_factor_runtime_s": 0.4646883999812417
    },
    {
      "converged": false,
      "source_scale": 0.625,
      "coeff_abs": 4.80470737538108e-11,
      "coeff_rel": 0.0025360016547980565,
      "time_abs": null,
      "time_rel": null,
      "newton_iterations": 12,
      "gmres_iterations_total": 12,
      "factor_runtime_s": 1.3751137999934144,
      "runtime_s": 2.659439300012309,
      "failure_reason": "stalled at Newton 12 (reduction ratio 1.000)",
      "preconditioner_assembly_runtime_s": 0.36739289993420243,
      "preconditioner_numeric_factor_runtime_s": 1.001760200044373
    },
    {
      "converged": false,
      "source_scale": 0.5625,
      "coeff_abs": 4.6195759791555094e-11,
      "coeff_rel": 0.002709207036700831,
      "time_abs": null,
      "time_rel": null,
      "newton_iterations": 5,
      "gmres_iterations_total": 5,
      "factor_runtime_s": 0.6336960000044201,
      "runtime_s": 1.344039999996312,
      "failure_reason": "stalled at Newton 5 (reduction ratio 0.826)",
      "preconditioner_assembly_runtime_s": 0.16512710001552477,
      "preconditioner_numeric_factor_runtime_s": 0.4654496999864932
    },
    {
      "converged": true,
      "source_scale": 0.05,
      "coeff_abs": 3.3561033644844e-22,
      "coeff_rel": 2.2142565147712857e-13,
      "time_abs": null,
      "time_rel": null,
      "newton_iterations": 3,
      "gmres_iterations_total": 3,
      "factor_runtime_s": 0.39644359998055734,
      "runtime_s": 0.7579519000137225,
      "failure_reason": "",
      "preconditioner_assembly_runtime_s": 0.11080819997005165,
      "preconditioner_numeric_factor_runtime_s": 0.2840964999923017
    },
    {
      "converged": true,
      "source_scale": 0.1,
      "coeff_abs": 6.798310935322241e-19,
      "coeff_rel": 2.2426610034239483e-10,
      "time_abs": null,
      "time_rel": null,
      "newton_iterations": 3,
      "gmres_iterations_total": 3,
      "factor_runtime_s": 0.42565960000501946,
      "runtime_s": 0.7698441999964416,
      "failure_reason": "",
      "preconditioner_assembly_runtime_s": 0.1256493000255432,
      "preconditioner_numeric_factor_runtime_s": 0.2982419999607373
    },
    {
      "converged": true,
      "source_scale": 0.15,
      "coeff_abs": 1.2544850374704137e-22,
      "coeff_rel": 2.7589055572574836e-14,
      "time_abs": null,
      "time_rel": null,
      "newton_iterations": 3,
      "gmres_iterations_total": 3,
      "factor_runtime_s": 0.37985709999338724,
      "runtime_s": 0.6702002999954857,
      "failure_reason": "",
      "preconditioner_assembly_runtime_s": 0.1238263999694027,
      "preconditioner_numeric_factor_runtime_s": 0.25450029998319224
    },
    {
      "converged": true,
      "source_scale": 0.2,
      "coeff_abs": 4.063770908222683e-21,
      "coeff_rel": 6.702885929626682e-13,
      "time_abs": null,
      "time_rel": null,
      "newton_iterations": 3,
      "gmres_iterations_total": 3,
      "factor_runtime_s": 0.32394540001405403,
      "runtime_s": 0.6042746000166517,
      "failure_reason": "",
      "preconditioner_assembly_runtime_s": 0.08430010001757182,
      "preconditioner_numeric_factor_runtime_s": 0.23824190002051182
    },
    {
      "converged": true,
      "source_scale": 0.25,
      "coeff_abs": 4.593196938528433e-18,
      "coeff_rel": 6.06090763019548e-10,
      "time_abs": null,
      "time_rel": null,
      "newton_iterations": 3,
      "gmres_iterations_total": 3,
      "factor_runtime_s": 0.3693855000019539,
      "runtime_s": 0.6896122999896761,
      "failure_reason": "",
      "preconditioner_assembly_runtime_s": 0.11340680002467707,
      "preconditioner_numeric_factor_runtime_s": 0.25465789998997934
    },
    {
      "converged": true,
      "source_scale": 0.3,
      "coeff_abs": 3.8960586178238053e-22,
      "coeff_rel": 4.284171373534024e-14,
      "time_abs": null,
      "time_rel": null,
      "newton_iterations": 4,
      "gmres_iterations_total": 4,
      "factor_runtime_s": 0.4975473999802489,
      "runtime_s": 1.0137684000073932,
      "failure_reason": "",
      "preconditioner_assembly_runtime_s": 0.13723379996372387,
      "preconditioner_numeric_factor_runtime_s": 0.3582483999780379
    },
    {
      "converged": true,
      "source_scale": 0.35,
      "coeff_abs": 3.665638140337676e-18,
      "coeff_rel": 3.454968988708968e-10,
      "time_abs": null,
      "time_rel": null,
      "newton_iterations": 4,
      "gmres_iterations_total": 4,
      "factor_runtime_s": 0.5450325999991037,
      "runtime_s": 1.0029654999962077,
      "failure_reason": "",
      "preconditioner_assembly_runtime_s": 0.15848310000728816,