{
  "metadata": {
    "pump_modes": [
      1,
      3,
      5,
      7,
      9,
      11,
      13,
      15,
      17,
      19
    ],
    "pump_basis": "positive_phasor",
    "real_reconstruction_factor": 2,
    "omega_p": 44252474118.46583,
    "phase_convention": "exp_plus_i_k_omega_t",
    "pump_mode_policy": "positive_odd_jc",
    "pump_source_mode": 1,
    "pump_freq_ghz": 7.043,
    "nt": 40,
    "pump_current_a": 7.139902590626144e-06,
    "pump_current_ratio_ic_median": 2.6879910698497906,
    "pump_backend": "schur_cpu_mt"
  },
  "solution_summary": {
    "x_rms": 1.832435464474183e-15,
    "x_max_abs": 4.09664971658366e-15,
    "branch_psi_rms": 1.0186086215102085e-16,
    "branch_psi_max_abs": 2.1438604421948035e-16,
    "branch_i_rms": 7.965620661647309e-07,
    "branch_i_max_abs": 1.6105097701009102e-06,
    "X_h1_norm": 1.0402918697068775e-13,
    "X_h2_norm": 4.255815778677538e-16,
    "X_h3_norm": 1.1514055783916459e-17,
    "X_h4_norm": 6.837361224202645e-19,
    "X_h5_norm": 4.0274154427649274e-20,
    "X_h6_norm": 1.2290752504665904e-21,
    "X_h7_norm": 8.332072831818773e-23,
    "X_h8_norm": 7.508681030336012e-24,
    "X_h9_norm": 7.007767523514035e-24,
    "X_h10_norm": 5.580506107733656e-26
  },
  "reports": [
    {
      "converged": true,
      "source_scale": 1.0,
      "coeff_abs": 1.8331777995597935e-19,
      "coeff_rel": 1.1523519969728733e-11,
      "time_abs": null,
      "time_rel": null,
      "newton_iterations": 2,
      "gmres_iterations_total": 2,
      "factor_runtime_s": 0.20993589999852702,
      "runtime_s": 0.39671860000817105,
      "failure_reason": "",
      "preconditioner_assembly_runtime_s": 0.05990819999715313,
      "preconditioner_numeric_factor_runtime_s": 0.14916520001133904
    }
  ],
  "final_status": "VALID_CONVERGED"
}