{
  "metadata": {
    "pump_modes": [
      1,
      3,
      5,
      7,
      9,
      11,
      13,
      15,
      17,
      19
    ],
    "pump_basis": "positive_phasor",
    "real_reconstruction_factor": 2,
    "omega_p": 44252474118.46583,
    "phase_convention": "exp_plus_i_k_omega_t",
    "pump_mode_policy": "positive_odd_jc",
    "pump_source_mode": 1,
    "pump_freq_ghz": 7.043,
    "nt": 40,
    "pump_current_a": 1.5305511299246912e-05,
    "pump_current_ratio_ic_median": 5.762134310610089,
    "pump_backend": "schur_cpu_mt"
  },
  "solution_summary": {
    "x_rms": 1.7673346498125677e-15,
    "x_max_abs": 3.945111107042309e-15,
    "branch_psi_rms": 1.0537400492640642e-16,
    "branch_psi_max_abs": 2.5343086913327305e-16,
    "branch_i_rms": 8.192165631883834e-07,
    "branch_i_max_abs": 1.849201771697628e-06,
    "X_h1_norm": 1.0031706893700508e-13,
    "X_h2_norm": 1.848857425850752e-15,
    "X_h3_norm": 1.2964437969206196e-16,
    "X_h4_norm": 9.53984879514126e-18,
    "X_h5_norm": 1.6949386362653959e-18,
    "X_h6_norm": 1.1148562824810318e-18,
    "X_h7_norm": 2.5967905084156934e-19,
    "X_h8_norm": 4.2237759825007315e-20,
    "X_h9_norm": 2.640721674113053e-21,
    "X_h10_norm": 1.5721017174713121e-21
  },
  "reports": [
    {
      "converged": false,
      "source_scale": 1.0,
      "coeff_abs": 7.0959821530546485e-09,
      "coeff_rel": 0.2080834446385629,
      "time_abs": null,
      "time_rel": null,
      "newton_iterations": 5,
      "gmres_iterations_total": 5,
      "factor_runtime_s": 0.6321024000062607,
      "runtime_s": 1.3203358000027947,
      "failure_reason": "line search failed at Newton 5",
      "preconditioner_assembly_runtime_s": 0.2116731999849435,
      "preconditioner_numeric_factor_runtime_s": 0.41797629999928176
    },
    {
      "converged": false,
      "source_scale": 0.5,
      "coeff_abs": 3.990141447517911e-10,
      "coeff_rel": 0.023401478726583665,
      "time_abs": null,
      "time_rel": null,
      "newton_iterations": 6,
      "gmres_iterations_total": 6,
      "factor_runtime_s": 0.6882565999694634,
      "runtime_s": 1.262302000017371,
      "failure_reason": "stalled at Newton 6 (reduction ratio 0.829)",
      "preconditioner_assembly_runtime_s": 0.2097904999682214,
      "preconditioner_numeric_factor_runtime_s": 0.4761725999414921
    },
    {
      "converged": true,
      "source_scale": 0.25,
      "coeff_abs": 6.932976780131071e-18,
      "coeff_rel": 8.132138209439127e-10,
      "time_abs": null,
      "time_rel": null,
      "newton_iterations": 5,
      "gmres_iterations_total": 5,
      "factor_runtime_s": 0.6093294000311289,
      "runtime_s": 1.1425299000111409,
      "failure_reason": "",
      "preconditioner_assembly_runtime_s": 0.20799570000963286,
      "preconditioner_numeric_factor_runtime_s": 0.3990866999956779
    },
    {
      "converged": false,
      "source_scale": 0.625,
      "coeff_abs": 8.079581624291422e-10,
      "coeff_rel": 0.03790826164684795,
      "time_abs": null,
      "time_rel": null,
      "newton_iterations": 5,
      "gmres_iterations_total": 5,
      "factor_runtime_s": 0.6450562000391074,
      "runtime_s": 1.3353158000099938,
      "failure_reason": "stalled at Newton 5 (reduction ratio 0.897)",
      "preconditioner_assembly_runtime_s": 0.18241190002299845,
      "preconditioner_numeric_factor_runtime_s": 0.4596769999770913
    },
    {
      "converged": true,
      "source_scale": 0.4375,
      "coeff_abs": 1.0451146938269024e-20,
      "coeff_rel": 7.005044692880392e-13,
      "time_abs": null,
      "time_rel": null,
      "newton_iterations": 10,
      "gmres_iterations_total": 10,
      "factor_runtime_s": 1.3303344999148976,
      "runtime_s": 2.453949199989438,
      "failure_reason": "",
      "preconditioner_assembly_runtime_s": 0.4230185000633355,
      "preconditioner_numeric_factor_runtime_s": 0.9015371999994386
    },
    {
      "converged": false,
      "source_scale": 0.71875,
      "coeff_abs": 7.73939292998137e-09,
      "coeff_rel": 0.31575777474872485,
      "time_abs": null,
      "time_rel": null,
      "newton_iterations": 3,
      "gmres_iterations_total": 3,
      "factor_runtime_s": 0.4130318000097759,
      "runtime_s": 0.8403845000138972,
      "failure_reason": "line search failed at Newton 3",
      "preconditioner_assembly_runtime_s": 0.13997290001134388,
      "preconditioner_numeric_factor_runtime_s": 0.27137950001633726
    },
    {
      "converged": false,
      "source_scale": 0.578125,
      "coeff_abs": 5.40137531973315e-10,
      "coeff_rel": 0.027397290815782384,
      "time_abs": null,
      "time_rel": null,
      "newton_iterations": 5,
      "gmres_iterations_total": 5,
      "factor_runtime_s": 0.6950968000164721,
      "runtime_s": 1.295102300005965,
      "failure_reason": "stalled at Newton 5 (reduction ratio 0.995)",
      "preconditioner_assembly_runtime_s": 0.2562463999784086,
      "preconditioner_numeric_factor_runtime_s": 0.43643750000046566
    },
    {
      "converged": false,
      "source_scale": 0.5078125,
      "coeff_abs": 2.873223268087189e-10,
      "coeff_rel": 0.01659170440805901,
      "time_abs": null,
      "time_rel": null,
      "newton_iterations": 5,
      "gmres_iterations_total": 5,
      "factor_runtime_s": 0.6611619999748655,
      "runtime_s": 1.3649614000169095,
      "failure_reason": "stalled at Newton 5 (reduction ratio 0.907)",
      "preconditioner_assembly_runtime_s": 0.2075250999769196,
      "preconditioner_numeric_factor_runtime_s": 0.4508867999247741
    },
    {
      "converged": true,
      "source_scale": 0.05,
      "coeff_abs": 5.342321580574574e-22,
      "coeff_rel": 3.133177769829512e-13,
      "time_abs": null,
      "time_rel": null,
      "newton_iterations": 3,
      "gmres_iterations_total": 3,
      "factor_runtime_s": 0.3472332999808714,
      "runtime_s": 0.6169131000060588,
      "failure_reason": "",
      "preconditioner_assembly_runtime_s": 0.09610960001009516,
      "preconditioner_numeric_factor_runtime_s": 0.24975399998947978
    },
    {
      "converged": true,
      "source_scale": 0.1,
      "coeff_abs": 1.0788796304049323e-18,
      "coeff_rel": 3.163719764266845e-10,
      "time_abs": null,
      "time_rel": null,
      "newton_iterations": 3,
      "gmres_iterations_total": 3,
      "factor_runtime_s": 0.31917869998142123,
      "runtime_s": 0.5860536000109278,
      "failure_reason": "",
      "preconditioner_assembly_runtime_s": 0.08656789996894076,
      "preconditioner_numeric_factor_runtime_s": 0.23145270001259632
    },
    {
      "converged": true,
      "source_scale": 0.15,
      "coeff_abs": 2.9962803003053735e-22,
      "coeff_rel": 5.857552556196123e-14,
      "time_abs": null,
      "time_rel": null,
      "newton_iterations": 3,
      "gmres_iterations_total": 3,
      "factor_runtime_s": 0.36097040004096925,
      "runtime_s": 0.6446940000168979,
      "failure_reason": "",
      "preconditioner_assembly_runtime_s": 0.11847399998805486,
      "preconditioner_numeric_factor_runtime_s": 0.24092519999248907
    },
    {
      "converged": true,
      "source_scale": 0.2,
      "coeff_abs": 1.8420345028964654e-18,
      "coeff_rel": 2.700802202136172e-10,
      "time_abs": null,
      "time_rel": null,
      "newton_iterations": 3,
      "gmres_iterations_total": 3,
      "factor_runtime_s": 0.3838003999844659,
      "runtime_s": 0.7752738000126556,
      "failure_reason": "",
      "preconditioner_assembly_runtime_s": 0.1337826000235509,
      "preconditioner_numeric_factor_runtime_s": 0.2483185000019148
    },
    {
      "converged": true,
      "source_scale": 0.25,
      "coeff_abs": 8.313302967125165e-18,
      "coeff_rel": 9.75121233628654e-10,
      "time_abs": null,
      "time_rel": null,
      "newton_iterations": 3,
      "gmres_iterations_total": 3,
      "factor_runtime_s": 0.3877347999950871,
      "runtime_s": 0.7439044000057038,
      "failure_reason": "",