{
  "metadata": {
    "pump_modes": [
      1,
      3,
      5,
      7,
      9,
      11,
      13,
      15,
      17,
      19
    ],
    "pump_basis": "positive_phasor",
    "real_reconstruction_factor": 2,
    "omega_p": 44252474118.46583,
    "phase_convention": "exp_plus_i_k_omega_t",
    "pump_mode_policy": "positive_odd_jc",
    "pump_source_mode": 1,
    "pump_freq_ghz": 7.043,
    "nt": 40,
    "pump_current_a": 7.694710532783492e-06,
    "pump_current_ratio_ic_median": 2.8968620978605393,
    "pump_backend": "schur_cpu_mt"
  },
  "solution_summary": {
    "x_rms": 1.9823652739779254e-15,
    "x_max_abs": 4.481076467129077e-15,
    "branch_psi_rms": 1.1004443439662761e-16,
    "branch_psi_max_abs": 2.251401891868996e-16,
    "branch_i_rms": 8.56439495295774e-07,
    "branch_i_max_abs": 1.678660763447458e-06,
    "X_h1_norm": 1.1254058109879614e-13,
    "X_h2_norm": 5.222494912611265e-16,
    "X_h3_norm": 1.650022620197762e-17,
    "X_h4_norm": 1.137925090843188e-18,
    "X_h5_norm": 7.183428122267743e-20,
    "X_h6_norm": 2.5311303204815372e-21,
    "X_h7_norm": 1.8332006556869182e-22,
    "X_h8_norm": 1.6456947702511452e-23,
    "X_h9_norm": 1.425402021125445e-23,
    "X_h10_norm": 1.4542442393788771e-25
  },
  "reports": [
    {
      "converged": true,
      "source_scale": 1.0,
      "coeff_abs": 7.173451741126596e-22,
      "coeff_rel": 4.1841645014989034e-14,
      "time_abs": null,
      "time_rel": null,
      "newton_iterations": 2,
      "gmres_iterations_total": 2,
      "factor_runtime_s": 0.2907949000073131,
      "runtime_s": 0.493139300000621,
      "failure_reason": "",
      "preconditioner_assembly_runtime_s": 0.08891209997818805,
      "preconditioner_numeric_factor_runtime_s": 0.20079600001918152
    }
  ],
  "final_status": "VALID_CONVERGED"
}