{
  "metadata": {
    "pump_modes": [
      1,
      3,
      5,
      7,
      9,
      11,
      13,
      15,
      17,
      19
    ],
    "pump_basis": "positive_phasor",
    "real_reconstruction_factor": 2,
    "omega_p": 44252474118.46583,
    "phase_convention": "exp_plus_i_k_omega_t",
    "pump_mode_policy": "positive_odd_jc",
    "pump_source_mode": 1,
    "pump_freq_ghz": 7.043,
    "nt": 40,
    "pump_current_a": 2.556773678963102e-06,
    "pump_current_ratio_ic_median": 0.9625600250769125,
    "pump_backend": "schur_cpu_mt"
  },
  "solution_summary": {
    "x_rms": 6.543885817778668e-16,
    "x_max_abs": 1.507062253822151e-15,
    "branch_psi_rms": 3.7008373193647834e-17,
    "branch_psi_max_abs": 7.134985586702677e-17,
    "branch_i_rms": 2.97418162307358e-07,
    "branch_i_max_abs": 5.713659330707008e-07,
    "X_h1_norm": 3.7150594947196836e-14,
    "X_h2_norm": 2.42425444480305e-17,
    "X_h3_norm": 1.0702220149792385e-19,
    "X_h4_norm": 6.252206130945807e-22,
    "X_h5_norm": 3.9152261904140336e-24,
    "X_h6_norm": 2.943483063571205e-26,
    "X_h7_norm": 2.5053827391327045e-28,
    "X_h8_norm": 2.4269911126182e-30,
    "X_h9_norm": 1.0546432119636771e-30,
    "X_h10_norm": 5.711640687782064e-31
  },
  "reports": [
    {
      "converged": true,
      "source_scale": 1.0,
      "coeff_abs": 3.598692943234651e-22,
      "coeff_rel": 6.317210693990112e-14,
      "time_abs": null,
      "time_rel": null,
      "newton_iterations": 2,
      "gmres_iterations_total": 2,
      "factor_runtime_s": 0.228122499975143,
      "runtime_s": 0.45657360000768676,
      "failure_reason": "",
      "preconditioner_assembly_runtime_s": 0.06670550000853837,
      "preconditioner_numeric_factor_runtime_s": 0.16054899999289773
    }
  ],
  "final_status": "VALID_CONVERGED"
}