{
  "metadata": {
    "pump_modes": [
      1,
      3,
      5,
      7,
      9,
      11,
      13,
      15,
      17,
      19
    ],
    "pump_basis": "positive_phasor",
    "real_reconstruction_factor": 2,
    "omega_p": 51227194494.314,
    "phase_convention": "exp_plus_i_k_omega_t",
    "pump_mode_policy": "positive_odd_jc",
    "pump_source_mode": 1,
    "pump_freq_ghz": 8.1530612245,
    "nt": 40,
    "pump_current_a": 1.3842363483509749e-05,
    "pump_current_ratio_ic_median": 5.211296506781338,
    "pump_backend": "full"
  },
  "solution_summary": {
    "x_rms": 3.116720028323897e-15,
    "x_max_abs": 7.119894260711126e-15,
    "branch_psi_rms": 1.4111226043776695e-16,
    "branch_psi_max_abs": 2.5709118020158176e-16,
    "branch_i_rms": 1.0875273212183046e-06,
    "branch_i_max_abs": 1.870294608799999e-06,
    "X_h1_norm": 1.769374295095332e-13,
    "X_h2_norm": 1.088950986660885e-15,
    "X_h3_norm": 2.9663356848476485e-17,
    "X_h4_norm": 1.4645802850327424e-18,
    "X_h5_norm": 9.386652773051231e-20,
    "X_h6_norm": 6.648166264931972e-21,
    "X_h7_norm": 4.83855203846857e-22,
    "X_h8_norm": 4.084109003630117e-23,
    "X_h9_norm": 4.361471328278697e-24,
    "X_h10_norm": 6.517555007229567e-25
  },
  "reports": [
    {
      "converged": true,
      "source_scale": 1.0,
      "coeff_abs": 1.0060768804496048e-19,
      "coeff_rel": 5.219285622837587e-12,
      "time_abs": 6.615129521909836e-19,
      "time_rel": 5.4261057217797674e-12,
      "newton_iterations": 10,
      "gmres_iterations_total": 10,
      "factor_runtime_s": 6.033727100002579,
      "runtime_s": 8.349081499996828,
      "failure_reason": "",
      "preconditioner_assembly_runtime_s": 0.0,
      "preconditioner_numeric_factor_runtime_s": 0.0
    }
  ],
  "final_status": "VALID_CONVERGED"
}