{
  "metadata": {
    "pump_modes": [
      1,
      3,
      5,
      7,
      9,
      11,
      13,
      15,
      17,
      19
    ],
    "pump_basis": "positive_phasor",
    "real_reconstruction_factor": 2,
    "omega_p": 44252474118.46583,
    "phase_convention": "exp_plus_i_k_omega_t",
    "pump_mode_policy": "positive_odd_jc",
    "pump_source_mode": 1,
    "pump_freq_ghz": 7.043,
    "nt": 40,
    "pump_current_a": 7.1728588835926414e-06,
    "pump_current_ratio_ic_median": 2.7003982728984153,
    "pump_backend": "schur_cpu_mt"
  },
  "solution_summary": {
    "x_rms": 1.841443195609212e-15,
    "x_max_abs": 4.118446317150794e-15,
    "branch_psi_rms": 1.0241621296169566e-16,
    "branch_psi_max_abs": 2.1541956187788963e-16,
    "branch_i_rms": 8.006386934727727e-07,
    "branch_i_max_abs": 1.6171352156433483e-06,
    "X_h1_norm": 1.0454054250773542e-13,
    "X_h2_norm": 4.330719806617e-16,
    "X_h3_norm": 1.2522079243456606e-17,
    "X_h4_norm": 7.226710819189899e-19,
    "X_h5_norm": 4.2201201519630305e-20,
    "X_h6_norm": 2.209692073372475e-21,
    "X_h7_norm": 9.876517520676866e-23,
    "X_h8_norm": 1.4804735931351474e-23,
    "X_h9_norm": 7.77477528485246e-24,
    "X_h10_norm": 6.937557042750051e-26
  },
  "reports": [
    {
      "converged": true,
      "source_scale": 1.0,
      "coeff_abs": 8.436398471553582e-21,
      "coeff_rel": 5.278829730137355e-13,
      "time_abs": null,
      "time_rel": null,
      "newton_iterations": 6,
      "gmres_iterations_total": 6,
      "factor_runtime_s": 0.8249326999648474,
      "runtime_s": 1.4614133999857586,
      "failure_reason": "",
      "preconditioner_assembly_runtime_s": 0.2777666999900248,
      "preconditioner_numeric_factor_runtime_s": 0.5442884999793023
    }
  ],
  "final_status": "VALID_CONVERGED"
}