{
  "metadata": {
    "pump_modes": [
      1,
      3,
      5,
      7,
      9,
      11,
      13,
      15,
      17,
      19
    ],
    "pump_basis": "positive_phasor",
    "real_reconstruction_factor": 2,
    "omega_p": 51227194494.314,
    "phase_convention": "exp_plus_i_k_omega_t",
    "pump_mode_policy": "positive_odd_jc",
    "pump_source_mode": 1,
    "pump_freq_ghz": 8.1530612245,
    "nt": 40,
    "pump_current_a": 1.4043011422366285e-05,
    "pump_current_ratio_ic_median": 5.286835333955006,
    "pump_backend": "full"
  },
  "solution_summary": {
    "x_rms": 3.1590330599084675e-15,
    "x_max_abs": 7.23455695428725e-15,
    "branch_psi_rms": 2.065573986067613e-16,
    "branch_psi_max_abs": 8.39427671035513e-16,
    "branch_i_rms": 1.367324526386787e-06,
    "branch_i_max_abs": 2.656222584252803e-06,
    "X_h1_norm": 1.791927270310119e-13,
    "X_h2_norm": 7.331710093066288e-15,
    "X_h3_norm": 3.2593423515482197e-16,
    "X_h4_norm": 4.6141099300281704e-17,
    "X_h5_norm": 9.613352205383985e-18,
    "X_h6_norm": 3.684293089199539e-18,
    "X_h7_norm": 8.29235384151676e-19,
    "X_h8_norm": 2.8012267016775207e-19,
    "X_h9_norm": 9.25834950765539e-20,
    "X_h10_norm": 6.445358838392897e-20
  },
  "reports": [
    {
      "converged": false,
      "source_scale": 1.0,
      "coeff_abs": 1.9862549622879266e-08,
      "coeff_rel": 1.0156986850634822,
      "time_abs": 1.2562179389283395e-07,
      "time_rel": 1.0156986850634824,
      "newton_iterations": 4,
      "gmres_iterations_total": 4,
      "factor_runtime_s": 2.7171500000113156,
      "runtime_s": 4.967596399976173,
      "failure_reason": "stalled at Newton 4 (reduction ratio 0.996)",
      "preconditioner_assembly_runtime_s": 0.0,
      "preconditioner_numeric_factor_runtime_s": 0.0
    }
  ],
  "final_status": "FAIL"
}