{
  "metadata": {
    "pump_modes": [
      1,
      3,
      5,
      7,
      9,
      11,
      13,
      15,
      17,
      19
    ],
    "pump_basis": "positive_phasor",
    "real_reconstruction_factor": 2,
    "omega_p": 44252474118.46583,
    "phase_convention": "exp_plus_i_k_omega_t",
    "pump_mode_policy": "positive_odd_jc",
    "pump_source_mode": 1,
    "pump_freq_ghz": 7.043,
    "nt": 40,
    "pump_current_a": 7.677013189654163e-06,
    "pump_current_ratio_ic_median": 2.890199499920596,
    "pump_backend": "schur_cpu_mt"
  },
  "solution_summary": {
    "x_rms": 1.9776702550471285e-15,
    "x_max_abs": 4.46935866119214e-15,
    "branch_psi_rms": 1.0983254435656819e-16,
    "branch_psi_max_abs": 2.2495567378960743e-16,
    "branch_i_rms": 8.548915851004401e-07,
    "branch_i_max_abs": 1.6775063618771366e-06,
    "X_h1_norm": 1.1227405907427224e-13,
    "X_h2_norm": 5.170740982746722e-16,
    "X_h3_norm": 1.62616281479212e-17,
    "X_h4_norm": 1.1043176382348903e-18,
    "X_h5_norm": 6.971582631540895e-20,
    "X_h6_norm": 2.4561392349152233e-21,
    "X_h7_norm": 1.7526951540388376e-22,
    "X_h8_norm": 1.5647783401639735e-23,
    "X_h9_norm": 1.3478855153571584e-23,
    "X_h10_norm": 1.4041328062654549e-25
  },
  "reports": [
    {
      "converged": true,
      "source_scale": 1.0,
      "coeff_abs": 7.345644169538724e-22,
      "coeff_rel": 4.2944787339635354e-14,
      "time_abs": null,
      "time_rel": null,
      "newton_iterations": 2,
      "gmres_iterations_total": 2,
      "factor_runtime_s": 0.28581850000773557,
      "runtime_s": 0.6177028999954928,
      "failure_reason": "",
      "preconditioner_assembly_runtime_s": 0.08467909999308176,
      "preconditioner_numeric_factor_runtime_s": 0.20009259998914786
    }
  ],
  "final_status": "VALID_CONVERGED"
}