{
  "metadata": {
    "pump_modes": [
      1,
      3,
      5,
      7,
      9,
      11,
      13,
      15,
      17,
      19
    ],
    "pump_basis": "positive_phasor",
    "real_reconstruction_factor": 2,
    "omega_p": 51227194494.314,
    "phase_convention": "exp_plus_i_k_omega_t",
    "pump_mode_policy": "positive_odd_jc",
    "pump_source_mode": 1,
    "pump_freq_ghz": 8.1530612245,
    "nt": 40,
    "pump_current_a": 1.3426420637004212e-05,
    "pump_current_ratio_ic_median": 5.054704642567019,
    "pump_backend": "full"
  },
  "solution_summary": {
    "x_rms": 3.017399434648765e-15,
    "x_max_abs": 6.8701239765884264e-15,
    "branch_psi_rms": 1.3402677017491817e-16,
    "branch_psi_max_abs": 2.5531462640566647e-16,
    "branch_i_rms": 1.0355404365142322e-06,
    "branch_i_max_abs": 1.8600858078818814e-06,
    "X_h1_norm": 1.7129970171196641e-13,
    "X_h2_norm": 9.258346334689666e-16,
    "X_h3_norm": 3.196452798219234e-17,
    "X_h4_norm": 1.0936332123799603e-18,
    "X_h5_norm": 6.729223192778136e-20,
    "X_h6_norm": 4.343906626856522e-21,
    "X_h7_norm": 3.5910497870147273e-22,
    "X_h8_norm": 4.1635035621938665e-23,
    "X_h9_norm": 3.27739261255958e-24,
    "X_h10_norm": 6.713589430623986e-25
  },
  "reports": [
    {
      "converged": true,
      "source_scale": 1.0,
      "coeff_abs": 1.325883001260801e-17,
      "coeff_rel": 7.091450857835279e-10,
      "time_abs": 8.385639928578308e-17,
      "time_rel": 7.091467381181936e-10,
      "newton_iterations": 2,
      "gmres_iterations_total": 2,
      "factor_runtime_s": 1.309990999987349,
      "runtime_s": 1.7761796999839135,
      "failure_reason": "",
      "preconditioner_assembly_runtime_s": 0.0,
      "preconditioner_numeric_factor_runtime_s": 0.0
    }
  ],
  "final_status": "VALID_CONVERGED"
}