{
  "metadata": {
    "pump_modes": [
      1,
      3,
      5,
      7,
      9,
      11,
      13,
      15,
      17,
      19
    ],
    "pump_basis": "positive_phasor",
    "real_reconstruction_factor": 2,
    "omega_p": 44252474118.46583,
    "phase_convention": "exp_plus_i_k_omega_t",
    "pump_mode_policy": "positive_odd_jc",
    "pump_source_mode": 1,
    "pump_freq_ghz": 7.043,
    "nt": 40,
    "pump_current_a": 7.502263034698736e-06,
    "pump_current_ratio_ic_median": 2.8244105273102758,
    "pump_backend": "schur_cpu_mt"
  },
  "solution_summary": {
    "x_rms": 1.9309911939762956e-15,
    "x_max_abs": 4.351765935656345e-15,
    "branch_psi_rms": 1.0756711229715347e-16,
    "branch_psi_max_abs": 2.224196949579703e-16,
    "branch_i_rms": 8.38347873034811e-07,
    "branch_i_max_abs": 1.6615870016743402e-06,
    "X_h1_norm": 1.0962419571988062e-13,
    "X_h2_norm": 4.718167636519261e-16,
    "X_h3_norm": 1.3915964833471333e-17,
    "X_h4_norm": 8.583333564484607e-19,
    "X_h5_norm": 5.241022686547482e-20,
    "X_h6_norm": 1.7091687821131944e-21,
    "X_h7_norm": 1.1107100169211623e-22,
    "X_h8_norm": 9.56024481158904e-24,
    "X_h9_norm": 6.125115366806385e-24,
    "X_h10_norm": 6.34474515139363e-26
  },
  "reports": [
    {
      "converged": true,
      "source_scale": 1.0,
      "coeff_abs": 7.583510425012462e-22,
      "coeff_rel": 4.536812780864285e-14,
      "time_abs": null,
      "time_rel": null,
      "newton_iterations": 2,
      "gmres_iterations_total": 2,
      "factor_runtime_s": 0.24122949998127297,
      "runtime_s": 0.49462040001526475,
      "failure_reason": "",
      "preconditioner_assembly_runtime_s": 0.07590900000650436,
      "preconditioner_numeric_factor_runtime_s": 0.16434650000883266
    }
  ],
  "final_status": "VALID_CONVERGED"
}