{
  "metadata": {
    "pump_modes": [
      1,
      3,
      5,
      7,
      9,
      11,
      13,
      15,
      17,
      19
    ],
    "pump_basis": "positive_phasor",
    "real_reconstruction_factor": 2,
    "omega_p": 51227194494.314,
    "phase_convention": "exp_plus_i_k_omega_t",
    "pump_mode_policy": "positive_odd_jc",
    "pump_source_mode": 1,
    "pump_freq_ghz": 8.1530612245,
    "nt": 40,
    "pump_current_a": 1.420562183080282e-05,
    "pump_current_ratio_ic_median": 5.348054001884157,
    "pump_backend": "full"
  },
  "solution_summary": {
    "x_rms": 3.1516196320866596e-15,
    "x_max_abs": 7.216095047803667e-15,
    "branch_psi_rms": 1.4520950583455004e-16,
    "branch_psi_max_abs": 2.573911528354909e-16,
    "branch_i_rms": 1.1156937531578713e-06,
    "branch_i_max_abs": 1.872013003639499e-06,
    "X_h1_norm": 1.7891850866278675e-13,
    "X_h2_norm": 1.1302599559199906e-15,
    "X_h3_norm": 4.673372473845242e-17,
    "X_h4_norm": 2.8931560641492725e-18,
    "X_h5_norm": 2.4578073876540866e-19,
    "X_h6_norm": 2.602508303849484e-20,
    "X_h7_norm": 2.6855904977354783e-21,
    "X_h8_norm": 3.647461447954723e-22,
    "X_h9_norm": 5.269651623241399e-23,
    "X_h10_norm": 1.3621812348489716e-23
  },
  "reports": [
    {
      "converged": false,
      "source_scale": 1.0,
      "coeff_abs": 2.966212021360474e-10,
      "coeff_rel": 0.014994503352725223,
      "time_abs": 1.875997202094228e-09,
      "time_rel": 0.014994503352725258,
      "newton_iterations": 4,
      "gmres_iterations_total": 4,
      "factor_runtime_s": 2.588197899982333,
      "runtime_s": 4.35830329998862,
      "failure_reason": "stalled at Newton 4 (reduction ratio 0.913)",
      "preconditioner_assembly_runtime_s": 0.0,
      "preconditioner_numeric_factor_runtime_s": 0.0
    }
  ],
  "final_status": "FAIL"
}