{
  "metadata": {
    "pump_modes": [
      1,
      3,
      5,
      7,
      9,
      11,
      13,
      15,
      17,
      19
    ],
    "pump_basis": "positive_phasor",
    "real_reconstruction_factor": 2,
    "omega_p": 51227194494.314,
    "phase_convention": "exp_plus_i_k_omega_t",
    "pump_mode_policy": "positive_odd_jc",
    "pump_source_mode": 1,
    "pump_freq_ghz": 8.1530612245,
    "nt": 40,
    "pump_current_a": 1.4197446770733908e-05,
    "pump_current_ratio_ic_median": 5.344976300447506,
    "pump_backend": "full"
  },
  "solution_summary": {
    "x_rms": 3.1469791462818432e-15,
    "x_max_abs": 7.205507867141754e-15,
    "branch_psi_rms": 1.4508586833045491e-16,
    "branch_psi_max_abs": 2.5527028553044314e-16,
    "branch_i_rms": 1.1149763292610447e-06,
    "branch_i_max_abs": 1.859830312635099e-06,
    "X_h1_norm": 1.7865531963762558e-13,
    "X_h2_norm": 1.0878822141343948e-15,
    "X_h3_norm": 4.528203182447879e-17,
    "X_h4_norm": 2.4438648804053013e-18,
    "X_h5_norm": 1.9947687102118977e-19,
    "X_h6_norm": 1.8404235074027973e-20,
    "X_h7_norm": 1.890541492430149e-21,
    "X_h8_norm": 2.486637567651612e-22,
    "X_h9_norm": 3.488891597146194e-23,
    "X_h10_norm": 9.029511104821522e-24
  },
  "reports": [
    {
      "converged": false,
      "source_scale": 1.0,
      "coeff_abs": 3.0003227021482183e-10,
      "coeff_rel": 0.01517566961602534,
      "time_abs": 1.8975706908598307e-09,
      "time_rel": 0.015175669616025046,
      "newton_iterations": 4,
      "gmres_iterations_total": 4,
      "factor_runtime_s": 2.3489627000235487,
      "runtime_s": 4.136575399985304,
      "failure_reason": "stalled at Newton 4 (reduction ratio 0.962)",
      "preconditioner_assembly_runtime_s": 0.0,
      "preconditioner_numeric_factor_runtime_s": 0.0
    }
  ],
  "final_status": "FAIL"
}