{
  "metadata": {
    "pump_modes": [
      1,
      3,
      5,
      7,
      9,
      11,
      13,
      15,
      17,
      19
    ],
    "pump_basis": "positive_phasor",
    "real_reconstruction_factor": 2,
    "omega_p": 51227194494.314,
    "phase_convention": "exp_plus_i_k_omega_t",
    "pump_mode_policy": "positive_odd_jc",
    "pump_source_mode": 1,
    "pump_freq_ghz": 8.1530612245,
    "nt": 40,
    "pump_current_a": 1.4148495111977523e-05,
    "pump_current_ratio_ic_median": 5.326547250482,
    "pump_backend": "full"
  },
  "solution_summary": {
    "x_rms": 3.1456846824525372e-15,
    "x_max_abs": 7.202192209005144e-15,
    "branch_psi_rms": 1.4472341874387249e-16,
    "branch_psi_max_abs": 2.5955161596703555e-16,
    "branch_i_rms": 1.1120750140714003e-06,
    "branch_i_max_abs": 1.8843432038845832e-06,
    "X_h1_norm": 1.7858104411498237e-13,
    "X_h2_norm": 1.2099132879231308e-15,
    "X_h3_norm": 4.7037288385894843e-17,
    "X_h4_norm": 2.7218372742910637e-18,
    "X_h5_norm": 2.2054356943588484e-19,
    "X_h6_norm": 1.8330048892692732e-20,
    "X_h7_norm": 1.7771992107592344e-21,
    "X_h8_norm": 2.1012492806746331e-22,
    "X_h9_norm": 2.755637149870921e-23,
    "X_h10_norm": 5.751960063122909e-24
  },
  "reports": [
    {
      "converged": false,
      "source_scale": 1.0,
      "coeff_abs": 2.4450821914870717e-10,
      "coeff_rel": 0.01241004503476835,
      "time_abs": 1.54640575828302e-09,
      "time_rel": 0.012410045034768332,
      "newton_iterations": 4,
      "gmres_iterations_total": 4,
      "factor_runtime_s": 2.6425134999735747,
      "runtime_s": 4.626519999990705,
      "failure_reason": "stalled at Newton 4 (reduction ratio 0.979)",
      "preconditioner_assembly_runtime_s": 0.0,
      "preconditioner_numeric_factor_runtime_s": 0.0
    }
  ],
  "final_status": "FAIL"
}