{
  "metadata": {
    "pump_modes": [
      1,
      3,
      5,
      7,
      9,
      11,
      13,
      15,
      17,
      19
    ],
    "pump_basis": "positive_phasor",
    "real_reconstruction_factor": 2,
    "omega_p": 51227194494.314,
    "phase_convention": "exp_plus_i_k_omega_t",
    "pump_mode_policy": "positive_odd_jc",
    "pump_source_mode": 1,
    "pump_freq_ghz": 8.1530612245,
    "nt": 40,
    "pump_current_a": 1.4083488681834047e-05,
    "pump_current_ratio_ic_median": 5.302073988908671,
    "pump_backend": "full"
  },
  "solution_summary": {
    "x_rms": 3.209859090702139e-15,
    "x_max_abs": 7.431141314315704e-15,
    "branch_psi_rms": 2.763656542382103e-16,
    "branch_psi_max_abs": 1.0324444081925503e-15,
    "branch_i_rms": 1.5580610652497812e-06,
    "branch_i_max_abs": 2.6562225838790812e-06,
    "X_h1_norm": 1.8178471509374401e-13,
    "X_h2_norm": 1.2687730654254266e-14,
    "X_h3_norm": 7.164905782327657e-16,
    "X_h4_norm": 1.4917564151672663e-16,
    "X_h5_norm": 4.06473518883494e-17,
    "X_h6_norm": 1.644605944882841e-17,
    "X_h7_norm": 5.2190986532215215e-18,
    "X_h8_norm": 1.768839775258233e-18,
    "X_h9_norm": 7.34266278116702e-19,
    "X_h10_norm": 3.6816355595603596e-19
  },
  "reports": [
    {
      "converged": false,
      "source_scale": 1.0,
      "coeff_abs": 4.803399800494119e-08,
      "coeff_rel": 2.449224700652112,
      "time_abs": 3.03793677639196e-07,
      "time_rel": 2.4492247006521115,
      "newton_iterations": 4,
      "gmres_iterations_total": 4,
      "factor_runtime_s": 2.7564040000142995,
      "runtime_s": 4.855508799984818,
      "failure_reason": "stalled at Newton 4 (reduction ratio 0.999)",
      "preconditioner_assembly_runtime_s": 0.0,
      "preconditioner_numeric_factor_runtime_s": 0.0
    }
  ],
  "final_status": "FAIL"
}