{
  "metadata": {
    "pump_modes": [
      1,
      3,
      5,
      7,
      9,
      11,
      13,
      15,
      17,
      19
    ],
    "pump_basis": "positive_phasor",
    "real_reconstruction_factor": 2,
    "omega_p": 51227194494.314,
    "phase_convention": "exp_plus_i_k_omega_t",
    "pump_mode_policy": "positive_odd_jc",
    "pump_source_mode": 1,
    "pump_freq_ghz": 8.1530612245,
    "nt": 40,
    "pump_current_a": 1.4144423433725602e-05,
    "pump_current_ratio_ic_median": 5.325014367555161,
    "pump_backend": "full"
  },
  "solution_summary": {
    "x_rms": 3.2497070562737026e-15,
    "x_max_abs": 7.258336032245119e-15,
    "branch_psi_rms": 3.6261971282999813e-16,
    "branch_psi_max_abs": 2.17408635432824e-15,
    "branch_i_rms": 1.5366610237797493e-06,
    "branch_i_max_abs": 2.6562225859068036e-06,
    "X_h1_norm": 1.837320777467537e-13,
    "X_h2_norm": 1.6690019422880152e-14,
    "X_h3_norm": 8.50714503017206e-16,
    "X_h4_norm": 1.8425926081247814e-16,
    "X_h5_norm": 8.939465761718103e-17,
    "X_h6_norm": 3.850122770480249e-17,
    "X_h7_norm": 1.8721438326260797e-17,
    "X_h8_norm": 8.800827357728996e-18,
    "X_h9_norm": 4.9296670536465375e-18,
    "X_h10_norm": 4.228134864632213e-18
  },
  "reports": [
    {
      "converged": false,
      "source_scale": 1.0,
      "coeff_abs": 1.21751887999802e-07,
      "coeff_rel": 6.181311067311594,
      "time_abs": 7.700265510101928e-07,
      "time_rel": 6.181311067311594,
      "newton_iterations": 4,
      "gmres_iterations_total": 4,
      "factor_runtime_s": 2.7277912000427023,
      "runtime_s": 5.016690100019332,
      "failure_reason": "stalled at Newton 4 (reduction ratio 0.996)",
      "preconditioner_assembly_runtime_s": 0.0,
      "preconditioner_numeric_factor_runtime_s": 0.0
    }
  ],
  "final_status": "FAIL"
}