{
  "metadata": {
    "pump_modes": [
      1,
      3,
      5,
      7,
      9,
      11,
      13,
      15,
      17,
      19
    ],
    "pump_basis": "positive_phasor",
    "real_reconstruction_factor": 2,
    "omega_p": 51227194494.314,
    "phase_convention": "exp_plus_i_k_omega_t",
    "pump_mode_policy": "positive_odd_jc",
    "pump_source_mode": 1,
    "pump_freq_ghz": 8.1530612245,
    "nt": 40,
    "pump_current_a": 1.4189276415253653e-05,
    "pump_current_ratio_ic_median": 5.341900370168394,
    "pump_backend": "full"
  },
  "solution_summary": {
    "x_rms": 3.1497882235305282e-15,
    "x_max_abs": 7.212828319629102e-15,
    "branch_psi_rms": 1.454454810128462e-16,
    "branch_psi_max_abs": 2.5824680943253014e-16,
    "branch_i_rms": 1.1172282798598374e-06,
    "branch_i_max_abs": 1.8769060869382214e-06,
    "X_h1_norm": 1.7881437817143664e-13,
    "X_h2_norm": 1.154682089754995e-15,
    "X_h3_norm": 4.90279403116906e-17,
    "X_h4_norm": 3.023358100769637e-18,
    "X_h5_norm": 2.60552542551995e-19,
    "X_h6_norm": 2.706204083515025e-20,
    "X_h7_norm": 2.830322404548883e-21,
    "X_h8_norm": 3.758298171274579e-22,
    "X_h9_norm": 5.740132045454069e-23,
    "X_h10_norm": 1.5413715652197864e-23
  },
  "reports": [
    {
      "converged": false,
      "source_scale": 1.0,
      "coeff_abs": 2.9833836409891854e-10,
      "coeff_rel": 0.015098680631698601,
      "time_abs": 1.88685748792237e-09,
      "time_rel": 0.01509868063169852,
      "newton_iterations": 4,
      "gmres_iterations_total": 4,
      "factor_runtime_s": 2.6422700000111945,
      "runtime_s": 4.44018020000658,
      "failure_reason": "stalled at Newton 4 (reduction ratio 0.987)",
      "preconditioner_assembly_runtime_s": 0.0,
      "preconditioner_numeric_factor_runtime_s": 0.0
    }
  ],
  "final_status": "FAIL"
}