{
  "metadata": {
    "pump_modes": [
      1,
      3,
      5,
      7,
      9,
      11,
      13,
      15,
      17,
      19
    ],
    "pump_basis": "positive_phasor",
    "real_reconstruction_factor": 2,
    "omega_p": 44252474118.46583,
    "phase_convention": "exp_plus_i_k_omega_t",
    "pump_mode_policy": "positive_odd_jc",
    "pump_source_mode": 1,
    "pump_freq_ghz": 7.043,
    "nt": 40,
    "pump_current_a": 7.70357449719634e-06,
    "pump_current_ratio_ic_median": 2.900199154197482,
    "pump_backend": "schur_cpu_mt"
  },
  "solution_summary": {
    "x_rms": 1.9847145225464e-15,
    "x_max_abs": 4.486919842935108e-15,
    "branch_psi_rms": 1.1014958432871064e-16,
    "branch_psi_max_abs": 2.253916624924234e-16,
    "branch_i_rms": 8.572076490211891e-07,
    "branch_i_max_abs": 1.6802332305730928e-06,
    "X_h1_norm": 1.1267394101208032e-13,
    "X_h2_norm": 5.247897584136916e-16,
    "X_h3_norm": 1.662308413652273e-17,
    "X_h4_norm": 1.1544228404096871e-18,
    "X_h5_norm": 7.286801482281801e-20,
    "X_h6_norm": 2.5679310829557014e-21,
    "X_h7_norm": 1.8729259456896264e-22,
    "X_h8_norm": 1.6863037069520057e-23,
    "X_h9_norm": 1.461667907767729e-23,
    "X_h10_norm": 1.4797916720405034e-25
  },
  "reports": [
    {
      "converged": true,
      "source_scale": 1.0,
      "coeff_abs": 7.097542423642593e-22,
      "coeff_rel": 4.135124280244838e-14,
      "time_abs": null,
      "time_rel": null,
      "newton_iterations": 2,
      "gmres_iterations_total": 2,
      "factor_runtime_s": 0.21938370002317242,
      "runtime_s": 0.44669820001581684,
      "failure_reason": "",
      "preconditioner_assembly_runtime_s": 0.06246169999940321,
      "preconditioner_numeric_factor_runtime_s": 0.15571359999012202
    }
  ],
  "final_status": "VALID_CONVERGED"
}