{
  "metadata": {
    "pump_modes": [
      1,
      3,
      5,
      7,
      9,
      11,
      13,
      15,
      17,
      19
    ],
    "pump_basis": "positive_phasor",
    "real_reconstruction_factor": 2,
    "omega_p": 51227194494.314,
    "phase_convention": "exp_plus_i_k_omega_t",
    "pump_mode_policy": "positive_odd_jc",
    "pump_source_mode": 1,
    "pump_freq_ghz": 8.1530612245,
    "nt": 40,
    "pump_current_a": 1.425477113938865e-05,
    "pump_current_ratio_ic_median": 5.366557461965175,
    "pump_backend": "full"
  },
  "solution_summary": {
    "x_rms": 3.1507065257030724e-15,
    "x_max_abs": 7.214439069524278e-15,
    "branch_psi_rms": 1.463678387688866e-16,
    "branch_psi_max_abs": 2.6625004576214044e-16,
    "branch_i_rms": 1.123571230465984e-06,
    "branch_i_max_abs": 1.9220539633484365e-06,
    "X_h1_norm": 1.7886623087569511e-13,
    "X_h2_norm": 1.1980251827338714e-15,
    "X_h3_norm": 3.5021397521465023e-17,
    "X_h4_norm": 2.015591524157641e-18,
    "X_h5_norm": 1.5436716890900052e-19,
    "X_h6_norm": 1.3399449567388876e-20,
    "X_h7_norm": 1.2592045130828823e-21,
    "X_h8_norm": 1.4832773619958853e-22,
    "X_h9_norm": 2.5618512463902533e-23,
    "X_h10_norm": 7.789373848013836e-24
  },
  "reports": [
    {
      "converged": false,
      "source_scale": 1.0,
      "coeff_abs": 3.5320752063739144e-10,
      "coeff_rel": 0.017793436679447983,
      "time_abs": 2.2338805038301555e-09,
      "time_rel": 0.017793436679447876,
      "newton_iterations": 4,
      "gmres_iterations_total": 4,
      "factor_runtime_s": 2.5211766000138596,
      "runtime_s": 4.419029700016836,
      "failure_reason": "stalled at Newton 4 (reduction ratio 0.900)",
      "preconditioner_assembly_runtime_s": 0.0,
      "preconditioner_numeric_factor_runtime_s": 0.0
    }
  ],
  "final_status": "FAIL"
}