{
  "metadata": {
    "pump_modes": [
      1,
      3,
      5,
      7,
      9,
      11,
      13,
      15,
      17,
      19
    ],
    "pump_basis": "positive_phasor",
    "real_reconstruction_factor": 2,
    "omega_p": 51227194494.314,
    "phase_convention": "exp_plus_i_k_omega_t",
    "pump_mode_policy": "positive_odd_jc",
    "pump_source_mode": 1,
    "pump_freq_ghz": 8.1530612245,
    "nt": 40,
    "pump_current_a": 1.3357040693540606e-05,
    "pump_current_ratio_ic_median": 5.028584864868414,
    "pump_backend": "schur_cpu_mt"
  },
  "solution_summary": {
    "x_rms": 1.804215375544635e-15,
    "x_max_abs": 4.153162229682588e-15,
    "branch_psi_rms": 1.0769273945974642e-16,
    "branch_psi_max_abs": 2.2635568906649615e-16,
    "branch_i_rms": 8.409417194106314e-07,
    "branch_i_max_abs": 1.686252209229279e-06,
    "X_h1_norm": 1.0242710215734503e-13,
    "X_h2_norm": 4.195749564996666e-16,
    "X_h3_norm": 1.1420408247159824e-17,
    "X_h4_norm": 4.414598944670858e-19,
    "X_h5_norm": 2.2344540319843185e-20,
    "X_h6_norm": 1.3389615551006346e-21,
    "X_h7_norm": 1.0143451018091046e-22,
    "X_h8_norm": 1.0131092628286466e-23,
    "X_h9_norm": 5.829601263323629e-25,
    "X_h10_norm": 5.461541827689159e-26
  },
  "reports": [
    {
      "converged": false,
      "source_scale": 1.0,
      "coeff_abs": 5.246225060253931e-09,
      "coeff_rel": 0.17628263150952025,
      "time_abs": null,
      "time_rel": null,
      "newton_iterations": 3,
      "gmres_iterations_total": 3,
      "factor_runtime_s": 0.40430940000806004,
      "runtime_s": 0.816313799994532,
      "failure_reason": "line search failed at Newton 3",
      "preconditioner_assembly_runtime_s": 0.12224460006109439,
      "preconditioner_numeric_factor_runtime_s": 0.2802019000228029
    },
    {
      "converged": true,
      "source_scale": 0.5,
      "coeff_abs": 6.6433542756386604e-18,
      "coeff_rel": 4.4645738995532954e-10,
      "time_abs": null,
      "time_rel": null,
      "newton_iterations": 13,
      "gmres_iterations_total": 13,
      "factor_runtime_s": 1.7959764000261202,
      "runtime_s": 3.387137800018536,
      "failure_reason": "",
      "preconditioner_assembly_runtime_s": 0.5782720000424888,
      "preconditioner_numeric_factor_runtime_s": 1.2102756999665871
    },
    {
      "converged": false,
      "source_scale": 1.0,
      "coeff_abs": 3.5956949878902925e-09,
      "coeff_rel": 0.12082184185598262,
      "time_abs": null,
      "time_rel": null,
      "newton_iterations": 4,
      "gmres_iterations_total": 4,
      "factor_runtime_s": 0.5202933000109624,
      "runtime_s": 1.0463780999998562,
      "failure_reason": "stalled at Newton 4 (reduction ratio 0.992)",
      "preconditioner_assembly_runtime_s": 0.17112680003629066,
      "preconditioner_numeric_factor_runtime_s": 0.3471457000123337
    },
    {
      "converged": false,
      "source_scale": 0.75,
      "coeff_abs": 6.110315812234123e-10,
      "coeff_rel": 0.027375685395718965,
      "time_abs": null,
      "time_rel": null,
      "newton_iterations": 3,
      "gmres_iterations_total": 3,
      "factor_runtime_s": 0.3921748000429943,
      "runtime_s": 0.7786802999908105,
      "failure_reason": "line search failed at Newton 3",
      "preconditioner_assembly_runtime_s": 0.11954870002227835,
      "preconditioner_numeric_factor_runtime_s": 0.27096500000334345
    },
    {
      "converged": false,
      "source_scale": 0.625,
      "coeff_abs": 3.6478404744634565e-10,
      "coeff_rel": 0.019611843892468606,
      "time_abs": null,
      "time_rel": null,
      "newton_iterations": 4,
      "gmres_iterations_total": 4,
      "factor_runtime_s": 0.5298607000440825,
      "runtime_s": 1.0590383000089787,
      "failure_reason": "stalled at Newton 4 (reduction ratio 0.979)",
      "preconditioner_assembly_runtime_s": 0.176326999993762,
      "preconditioner_numeric_factor_runtime_s": 0.35138440001173876
    },
    {
      "converged": false,
      "source_scale": 0.5625,
      "coeff_abs": 1.3233969484401278e-10,
      "coeff_rel": 0.007905515770911798,
      "time_abs": null,
      "time_rel": null,
      "newton_iterations": 5,
      "gmres_iterations_total": 5,
      "factor_runtime_s": 0.6802906000521034,
      "runtime_s": 1.3840612999920268,
      "failure_reason": "stalled at Newton 5 (reduction ratio 0.958)",
      "preconditioner_assembly_runtime_s": 0.20461610000347719,
      "preconditioner_numeric_factor_runtime_s": 0.4727298999787308
    },
    {
      "converged": true,
      "source_scale": 0.05,
      "coeff_abs": 2.5598904919164277e-22,
      "coeff_rel": 1.720338823090391e-13,
      "time_abs": null,
      "time_rel": null,
      "newton_iterations": 3,
      "gmres_iterations_total": 3,
      "factor_runtime_s": 0.4026723999995738,
      "runtime_s": 0.7068011999945156,
      "failure_reason": "",
      "preconditioner_assembly_runtime_s": 0.12477029996807687,
      "preconditioner_numeric_factor_runtime_s": 0.2762460999947507
    },
    {
      "converged": true,
      "source_scale": 0.1,
      "coeff_abs": 5.158091001067808e-19,
      "coeff_rel": 1.7332116803807063e-10,
      "time_abs": null,
      "time_rel": null,
      "newton_iterations": 3,
      "gmres_iterations_total": 3,
      "factor_runtime_s": 0.3202969999983907,
      "runtime_s": 0.6078633999859449,
      "failure_reason": "",
      "preconditioner_assembly_runtime_s": 0.09226490001310594,
      "preconditioner_numeric_factor_runtime_s": 0.2268177000223659
    },
    {
      "converged": true,
      "source_scale": 0.15,
      "coeff_abs": 1.23812435976775e-22,
      "coeff_rel": 2.773547554278131e-14,
      "time_abs": null,
      "time_rel": null,
      "newton_iterations": 3,
      "gmres_iterations_total": 3,
      "factor_runtime_s": 0.4363437000429258,
      "runtime_s": 0.8114078999788035,
      "failure_reason": "",
      "preconditioner_assembly_runtime_s": 0.15254899999126792,
      "preconditioner_numeric_factor_runtime_s": 0.2820122000121046
    },
    {
      "converged": true,
      "source_scale": 0.2,
      "coeff_abs": 2.0303022015486377e-21,
      "coeff_rel": 3.411090934318805e-13,
      "time_abs": null,
      "time_rel": null,
      "newton_iterations": 3,
      "gmres_iterations_total": 3,
      "factor_runtime_s": 0.4244465999654494,
      "runtime_s": 0.8145681000023615,
      "failure_reason": "",
      "preconditioner_assembly_runtime_s": 0.13233220000984147,
      "preconditioner_numeric_factor_runtime_s": 0.29008659996907227
    },
    {
      "converged": true,
      "source_scale": 0.25,
      "coeff_abs": 2.7109231905091173e-18,
      "coeff_rel": 3.6436764977063386e-10,
      "time_abs": null,
      "time_rel": null,
      "newton_iterations": 3,
      "gmres_iterations_total": 3,
      "factor_runtime_s": 0.40693450000253506,
      "runtime_s": 0.7066659000120126,
      "failure_reason": "",
      "preconditioner_assembly_runtime_s": 0.1510122999898158,
      "preconditioner_numeric_factor_runtime_s": 0.25456339996890165
    },
    {
      "converged": true,
      "source_scale": 0.3,
      "coeff_abs": 2.8648414136029175e-22,
      "coeff_rel": 3.208794752081108e-14,
      "time_abs": null,
      "time_rel": null,
      "newton_iterations": 4,
      "gmres_iterations_total": 4,
      "factor_runtime_s": 0.5067128999799024,
      "runtime_s": 0.9699016999802552,
      "failure_reason": "",
      "preconditioner_assembly_runtime_s": 0.16232100001070648,
      "preconditioner_numeric_factor_runtime_s": 0.3425116000289563
    },
    {
      "converged": true,
      "source_scale": 0.35,
      "coeff_abs": 8.961729456191615e-19,
      "coeff_rel": 8.603722449514003e-11,
      "time_abs": null,
      "time_rel": null,
      "newton_iterations": 4,
      "gmres_iterations_total": 4,
      "factor_runtime_s": 0.5317363000067417,
      "runtime_s": 1.0258676999947056,
      "failure_reason": "",
      "preconditioner_assembly_runtime_s": 0.15132019997690804,