{
  "metadata": {
    "pump_modes": [
      1,
      3,
      5,
      7,
      9,
      11,
      13,
      15,
      17,
      19
    ],
    "pump_basis": "positive_phasor",
    "real_reconstruction_factor": 2,
    "omega_p": 44252474118.46583,
    "phase_convention": "exp_plus_i_k_omega_t",
    "pump_mode_policy": "positive_odd_jc",
    "pump_source_mode": 1,
    "pump_freq_ghz": 7.043,
    "nt": 40,
    "pump_current_a": 2.6013110559178944e-06,
    "pump_current_ratio_ic_median": 0.9793272106245401,
    "pump_backend": "schur_cpu_mt"
  },
  "solution_summary": {
    "x_rms": 6.657834262318741e-16,
    "x_max_abs": 1.5330694045622544e-15,
    "branch_psi_rms": 3.765849618704658e-17,
    "branch_psi_max_abs": 7.26267377587136e-17,
    "branch_i_rms": 3.025966245458315e-07,
    "branch_i_max_abs": 5.814261058219223e-07,
    "X_h1_norm": 3.7797496379977085e-14,
    "X_h2_norm": 2.5447590908195606e-17,
    "X_h3_norm": 1.2141924158151487e-19,
    "X_h4_norm": 7.078625624683441e-22,
    "X_h5_norm": 4.690917269699766e-24,
    "X_h6_norm": 3.8965906688802913e-26,
    "X_h7_norm": 3.5978056207883234e-28,
    "X_h8_norm": 3.741128183874581e-30,
    "X_h9_norm": 1.264788948845649e-30,
    "X_h10_norm": 5.880334650416712e-31
  },
  "reports": [
    {
      "converged": true,
      "source_scale": 1.0,
      "coeff_abs": 3.1373639880483583e-22,
      "coeff_rel": 5.4130928538853134e-14,
      "time_abs": null,
      "time_rel": null,
      "newton_iterations": 2,
      "gmres_iterations_total": 2,
      "factor_runtime_s": 0.31077039998490363,
      "runtime_s": 0.5943093000096269,
      "failure_reason": "",
      "preconditioner_assembly_runtime_s": 0.09325219999300316,
      "preconditioner_numeric_factor_runtime_s": 0.2163546000374481
    }
  ],
  "final_status": "VALID_CONVERGED"
}