{
  "metadata": {
    "pump_modes": [
      1,
      3,
      5,
      7,
      9,
      11,
      13,
      15,
      17,
      19
    ],
    "pump_basis": "positive_phasor",
    "real_reconstruction_factor": 2,
    "omega_p": 51227194494.314,
    "phase_convention": "exp_plus_i_k_omega_t",
    "pump_mode_policy": "positive_odd_jc",
    "pump_source_mode": 1,
    "pump_freq_ghz": 8.1530612245,
    "nt": 40,
    "pump_current_a": 1.3449627276468306e-05,
    "pump_current_ratio_ic_median": 5.063441349944877,
    "pump_backend": "schur_cpu_mt"
  },
  "solution_summary": {
    "x_rms": 1.8169373965639873e-15,
    "x_max_abs": 4.187131593778084e-15,
    "branch_psi_rms": 1.0851278373263734e-16,
    "branch_psi_max_abs": 2.2698253069251794e-16,
    "branch_i_rms": 8.468826481836213e-07,
    "branch_i_max_abs": 1.6901581866482911e-06,
    "X_h1_norm": 1.0314946102962155e-13,
    "X_h2_norm": 3.9295642104394996e-16,
    "X_h3_norm": 9.934750526177085e-18,
    "X_h4_norm": 3.5312215685197174e-19,
    "X_h5_norm": 1.55454597628233e-20,
    "X_h6_norm": 8.2407722100587385e-22,
    "X_h7_norm": 5.1888749970650105e-23,
    "X_h8_norm": 4.068279210852781e-24,
    "X_h9_norm": 2.690831400171196e-25,
    "X_h10_norm": 2.923408315053842e-26
  },
  "reports": [
    {
      "converged": false,
      "source_scale": 1.0,
      "coeff_abs": 5.940752471094329e-09,
      "coeff_rel": 0.19824583168569282,
      "time_abs": null,
      "time_rel": null,
      "newton_iterations": 4,
      "gmres_iterations_total": 4,
      "factor_runtime_s": 0.5469849999935832,
      "runtime_s": 1.1227462000097148,
      "failure_reason": "line search failed at Newton 4",
      "preconditioner_assembly_runtime_s": 0.16889500003890134,
      "preconditioner_numeric_factor_runtime_s": 0.37528379997820593
    },
    {
      "converged": true,
      "source_scale": 0.5,
      "coeff_abs": 1.410155719942644e-19,
      "coeff_rel": 9.41151798081464e-12,
      "time_abs": null,
      "time_rel": null,
      "newton_iterations": 14,
      "gmres_iterations_total": 14,
      "factor_runtime_s": 1.868308800039813,
      "runtime_s": 3.5546964000095613,
      "failure_reason": "",
      "preconditioner_assembly_runtime_s": 0.5893989000469446,
      "preconditioner_numeric_factor_runtime_s": 1.271386700012954
    },
    {
      "converged": false,
      "source_scale": 1.0,
      "coeff_abs": 3.800440597688218e-09,
      "coeff_rel": 0.12682257184197857,
      "time_abs": null,
      "time_rel": null,
      "newton_iterations": 4,
      "gmres_iterations_total": 4,
      "factor_runtime_s": 0.5476625000010245,
      "runtime_s": 1.1291774999990594,
      "failure_reason": "stalled at Newton 4 (reduction ratio 0.998)",
      "preconditioner_assembly_runtime_s": 0.16964930001995526,
      "preconditioner_numeric_factor_runtime_s": 0.37587119996896945
    },
    {
      "converged": false,
      "source_scale": 0.75,
      "coeff_abs": 5.77068497610886e-10,
      "coeff_rel": 0.02567607943160322,
      "time_abs": null,
      "time_rel": null,
      "newton_iterations": 5,
      "gmres_iterations_total": 5,
      "factor_runtime_s": 0.6361672999628354,
      "runtime_s": 1.2773841000162065,
      "failure_reason": "stalled at Newton 5 (reduction ratio 0.969)",
      "preconditioner_assembly_runtime_s": 0.21151300001656637,
      "preconditioner_numeric_factor_runtime_s": 0.421881599992048
    },
    {
      "converged": false,
      "source_scale": 0.625,
      "coeff_abs": 2.601419313971723e-10,
      "coeff_rel": 0.01388970270606947,
      "time_abs": null,
      "time_rel": null,
      "newton_iterations": 4,
      "gmres_iterations_total": 4,
      "factor_runtime_s": 0.5074794000247493,
      "runtime_s": 0.9548085000133142,
      "failure_reason": "stalled at Newton 4 (reduction ratio 0.844)",
      "preconditioner_assembly_runtime_s": 0.15903270000126213,
      "preconditioner_numeric_factor_runtime_s": 0.34634009998990223
    },
    {
      "converged": false,
      "source_scale": 0.5625,
      "coeff_abs": 9.702315505912733e-11,
      "coeff_rel": 0.0057559296023876735,
      "time_abs": null,
      "time_rel": null,
      "newton_iterations": 5,
      "gmres_iterations_total": 5,
      "factor_runtime_s": 0.6240931000502314,
      "runtime_s": 1.1989199999952689,
      "failure_reason": "stalled at Newton 5 (reduction ratio 0.956)",
      "preconditioner_assembly_runtime_s": 0.19253450000542216,
      "preconditioner_numeric_factor_runtime_s": 0.4291826000553556
    },
    {
      "converged": true,
      "source_scale": 0.05,
      "coeff_abs": 2.8331054577205813e-22,
      "coeff_rel": 1.8908424495108843e-13,
      "time_abs": null,
      "time_rel": null,
      "newton_iterations": 3,
      "gmres_iterations_total": 3,
      "factor_runtime_s": 0.32888650003587827,
      "runtime_s": 0.6160627999925055,
      "failure_reason": "",
      "preconditioner_assembly_runtime_s": 0.10105300002032891,
      "preconditioner_numeric_factor_runtime_s": 0.2260457999946084
    },
    {
      "converged": true,
      "source_scale": 0.1,
      "coeff_abs": 5.720784775928294e-19,
      "coeff_rel": 1.9090540151554928e-10,
      "time_abs": null,
      "time_rel": null,
      "newton_iterations": 3,
      "gmres_iterations_total": 3,
      "factor_runtime_s": 0.3189109999802895,
      "runtime_s": 0.6305715000198688,
      "failure_reason": "",
      "preconditioner_assembly_runtime_s": 0.09420800002408214,
      "preconditioner_numeric_factor_runtime_s": 0.22333080001408234
    },
    {
      "converged": true,
      "source_scale": 0.15,
      "coeff_abs": 1.2233189664935842e-22,
      "coeff_rel": 2.7215170368783182e-14,
      "time_abs": null,
      "time_rel": null,
      "newton_iterations": 3,
      "gmres_iterations_total": 3,
      "factor_runtime_s": 0.46321529999841005,
      "runtime_s": 0.8408907999983057,
      "failure_reason": "",
      "preconditioner_assembly_runtime_s": 0.17653510003583506,
      "preconditioner_numeric_factor_runtime_s": 0.28488250001100823
    },
    {
      "converged": true,
      "source_scale": 0.2,
      "coeff_abs": 2.633255098888518e-21,
      "coeff_rel": 4.3936508856392685e-13,
      "time_abs": null,
      "time_rel": null,
      "newton_iterations": 3,
      "gmres_iterations_total": 3,
      "factor_runtime_s": 0.40573900000890717,
      "runtime_s": 0.7278287000081036,
      "failure_reason": "",
      "preconditioner_assembly_runtime_s": 0.13046970003051683,
      "preconditioner_numeric_factor_runtime_s": 0.27365600000484847
    },
    {
      "converged": true,
      "source_scale": 0.25,
      "coeff_abs": 3.3633036984964045e-18,
      "coeff_rel": 4.4894039410947835e-10,
      "time_abs": null,
      "time_rel": null,
      "newton_iterations": 3,
      "gmres_iterations_total": 3,
      "factor_runtime_s": 0.42299390002153814,
      "runtime_s": 0.782980400021188,
      "failure_reason": "",
      "preconditioner_assembly_runtime_s": 0.13631919998442754,
      "preconditioner_numeric_factor_runtime_s": 0.28507749998243526
    },
    {
      "converged": true,
      "source_scale": 0.3,
      "coeff_abs": 3.0740323753687855e-22,
      "coeff_rel": 3.4193990735962125e-14,
      "time_abs": null,
      "time_rel": null,
      "newton_iterations": 4,
      "gmres_iterations_total": 4,
      "factor_runtime_s": 0.5484166999813169,
      "runtime_s": 1.0366712000104599,
      "failure_reason": "",
      "preconditioner_assembly_runtime_s": 0.1696961999987252,
      "preconditioner_numeric_factor_runtime_s": 0.3763038999750279
    },
    {
      "converged": true,
      "source_scale": 0.35,
      "coeff_abs": 1.3562899176125147e-18,
      "coeff_rel": 1.2931446168154872e-10,
      "time_abs": null,
      "time_rel": null,
      "newton_iterations": 4,
      "gmres_iterations_total": 4,
      "factor_runtime_s": 0.5291111999831628,
      "runtime_s": 1.0149713999999221,
      "failure_reason": "",