{
  "metadata": {
    "pump_modes": [
      1,
      3,
      5,
      7,
      9,
      11,
      13,
      15,
      17,
      19
    ],
    "pump_basis": "positive_phasor",
    "real_reconstruction_factor": 2,
    "omega_p": 51227194494.314,
    "phase_convention": "exp_plus_i_k_omega_t",
    "pump_mode_policy": "positive_odd_jc",
    "pump_source_mode": 1,
    "pump_freq_ghz": 8.1530612245,
    "nt": 40,
    "pump_current_a": 1.3574075145431335e-05,
    "pump_current_ratio_ic_median": 5.1102927959118905,
    "pump_backend": "schur_cpu_mt"
  },
  "solution_summary": {
    "x_rms": 1.508598373125354e-15,
    "x_max_abs": 3.4620330140528757e-15,
    "branch_psi_rms": 9.881034047584525e-17,
    "branch_psi_max_abs": 2.249940218568136e-16,
    "branch_i_rms": 7.730684081734531e-07,
    "branch_i_max_abs": 1.6777463260268437e-06,
    "X_h1_norm": 8.563847831100957e-14,
    "X_h2_norm": 1.0845395220889165e-15,
    "X_h3_norm": 2.749443146924447e-17,
    "X_h4_norm": 1.8146580901499216e-18,
    "X_h5_norm": 1.171506904122465e-19,
    "X_h6_norm": 1.0385273922189511e-20,
    "X_h7_norm": 8.487386056790762e-22,
    "X_h8_norm": 9.289238756108558e-23,
    "X_h9_norm": 1.2806422740339021e-23,
    "X_h10_norm": 2.887133582796036e-24
  },
  "reports": [
    {
      "converged": false,
      "source_scale": 1.0,
      "coeff_abs": 5.0015362675155264e-09,
      "coeff_rel": 0.1653735425068325,
      "time_abs": null,
      "time_rel": null,
      "newton_iterations": 6,
      "gmres_iterations_total": 6,
      "factor_runtime_s": 0.655614199989941,
      "runtime_s": 1.3490781000000425,
      "failure_reason": "line search failed at Newton 6",
      "preconditioner_assembly_runtime_s": 0.17023280006833375,
      "preconditioner_numeric_factor_runtime_s": 0.48227970002335496
    },
    {
      "converged": true,
      "source_scale": 0.5,
      "coeff_abs": 1.5553997192553599e-18,
      "coeff_rel": 1.0285718140565023e-10,
      "time_abs": null,
      "time_rel": null,
      "newton_iterations": 14,
      "gmres_iterations_total": 14,
      "factor_runtime_s": 1.5515901999897324,
      "runtime_s": 3.051119400013704,
      "failure_reason": "",
      "preconditioner_assembly_runtime_s": 0.4103989999566693,
      "preconditioner_numeric_factor_runtime_s": 1.1341962999722455
    },
    {
      "converged": false,
      "source_scale": 1.0,
      "coeff_abs": 3.762357121883753e-09,
      "coeff_rel": 0.12440064255113298,
      "time_abs": null,
      "time_rel": null,
      "newton_iterations": 4,
      "gmres_iterations_total": 4,
      "factor_runtime_s": 0.588659800007008,
      "runtime_s": 1.2074435999966227,
      "failure_reason": "stalled at Newton 4 (reduction ratio 0.995)",
      "preconditioner_assembly_runtime_s": 0.18448060000082478,
      "preconditioner_numeric_factor_runtime_s": 0.40182369999820367
    },
    {
      "converged": false,
      "source_scale": 0.75,
      "coeff_abs": 5.138685755655546e-10,
      "coeff_rel": 0.02265444380257162,
      "time_abs": null,
      "time_rel": null,
      "newton_iterations": 5,
      "gmres_iterations_total": 5,
      "factor_runtime_s": 0.612481200019829,
      "runtime_s": 1.3158815000206232,
      "failure_reason": "stalled at Newton 5 (reduction ratio 0.999)",
      "preconditioner_assembly_runtime_s": 0.1602448000048753,
      "preconditioner_numeric_factor_runtime_s": 0.4492251999909058
    },
    {
      "converged": false,
      "source_scale": 0.625,
      "coeff_abs": 1.829803710952145e-10,
      "coeff_rel": 0.009680261602425421,
      "time_abs": null,
      "time_rel": null,
      "newton_iterations": 6,
      "gmres_iterations_total": 6,
      "factor_runtime_s": 0.8090722999768332,
      "runtime_s": 1.5971971999970265,
      "failure_reason": "stalled at Newton 6 (reduction ratio 0.856)",
      "preconditioner_assembly_runtime_s": 0.22304599999915808,
      "preconditioner_numeric_factor_runtime_s": 0.5823506000160705
    },
    {
      "converged": false,
      "source_scale": 0.5625,
      "coeff_abs": 5.5736683713263073e-11,
      "coeff_rel": 0.0032762814695285066,
      "time_abs": null,
      "time_rel": null,
      "newton_iterations": 5,
      "gmres_iterations_total": 5,
      "factor_runtime_s": 0.6934402999759186,
      "runtime_s": 1.3480109999945853,
      "failure_reason": "stalled at Newton 5 (reduction ratio 0.878)",
      "preconditioner_assembly_runtime_s": 0.1993975999939721,
      "preconditioner_numeric_factor_runtime_s": 0.4910507999593392
    },
    {
      "converged": true,
      "source_scale": 0.05,
      "coeff_abs": 3.243131996296521e-22,
      "coeff_rel": 2.144653955738396e-13,
      "time_abs": null,
      "time_rel": null,
      "newton_iterations": 3,
      "gmres_iterations_total": 3,
      "factor_runtime_s": 0.3906198999902699,
      "runtime_s": 0.7384469999815337,
      "failure_reason": "",
      "preconditioner_assembly_runtime_s": 0.10628090004320256,
      "preconditioner_numeric_factor_runtime_s": 0.28275549999671057
    },
    {
      "converged": true,
      "source_scale": 0.1,
      "coeff_abs": 6.567676766203123e-19,
      "coeff_rel": 2.1715727224074493e-10,
      "time_abs": null,
      "time_rel": null,
      "newton_iterations": 3,
      "gmres_iterations_total": 3,
      "factor_runtime_s": 0.37220090001937933,
      "runtime_s": 0.703910000011092,
      "failure_reason": "",
      "preconditioner_assembly_runtime_s": 0.10731960003613494,
      "preconditioner_numeric_factor_runtime_s": 0.2630257999699097
    },
    {
      "converged": true,
      "source_scale": 0.15,
      "coeff_abs": 1.2258620269372568e-22,
      "coeff_rel": 2.7021716952035942e-14,
      "time_abs": null,
      "time_rel": null,
      "newton_iterations": 3,
      "gmres_iterations_total": 3,
      "factor_runtime_s": 0.4080557000124827,
      "runtime_s": 0.7875791999977082,
      "failure_reason": "",
      "preconditioner_assembly_runtime_s": 0.12197770003695041,
      "preconditioner_numeric_factor_runtime_s": 0.28426530002616346
    },
    {
      "converged": true,
      "source_scale": 0.2,
      "coeff_abs": 3.726185597739054e-21,
      "coeff_rel": 6.160232370384723e-13,
      "time_abs": null,
      "time_rel": null,
      "newton_iterations": 3,
      "gmres_iterations_total": 3,
      "factor_runtime_s": 0.3748458999907598,
      "runtime_s": 0.751464400003897,
      "failure_reason": "",
      "preconditioner_assembly_runtime_s": 0.10209399997256696,
      "preconditioner_numeric_factor_runtime_s": 0.27103130001341924
    },
    {
      "converged": true,
      "source_scale": 0.25,
      "coeff_abs": 4.332572978312039e-18,
      "coeff_rel": 5.730182913968968e-10,
      "time_abs": null,
      "time_rel": null,
      "newton_iterations": 3,
      "gmres_iterations_total": 3,
      "factor_runtime_s": 0.40390330002992414,
      "runtime_s": 0.7796734000148717,
      "failure_reason": "",
      "preconditioner_assembly_runtime_s": 0.11904529997264035,
      "preconditioner_numeric_factor_runtime_s": 0.2829788999806624
    },
    {
      "converged": true,
      "source_scale": 0.3,
      "coeff_abs": 3.665201210437347e-22,
      "coeff_rel": 4.039607537568609e-14,
      "time_abs": null,
      "time_rel": null,
      "newton_iterations": 4,
      "gmres_iterations_total": 4,
      "factor_runtime_s": 0.5164099999528844,
      "runtime_s": 0.9990519999992102,
      "failure_reason": "",
      "preconditioner_assembly_runtime_s": 0.14316840001265518,
      "preconditioner_numeric_factor_runtime_s": 0.37106439998024143
    },
    {
      "converged": true,
      "source_scale": 0.35,
      "coeff_abs": 2.951091226619742e-18,
      "coeff_rel": 2.7879000388435607e-10,
      "time_abs": null,
      "time_rel": null,
      "newton_iterations": 4,
      "gmres_iterations_total": 4,
      "factor_runtime_s": 0.5534868000540882,
      "runtime_s": 1.0396413000125904,
      "failure_reason": "",
      "preconditioner_assembly_runtime_s": 0.17334219996700995,