{
  "metadata": {
    "pump_modes": [
      1,
      3,
      5,
      7,
      9,
      11,
      13,
      15,
      17,
      19
    ],
    "pump_basis": "positive_phasor",
    "real_reconstruction_factor": 2,
    "omega_p": 51227194494.314,
    "phase_convention": "exp_plus_i_k_omega_t",
    "pump_mode_policy": "positive_odd_jc",
    "pump_source_mode": 1,
    "pump_freq_ghz": 8.1530612245,
    "nt": 40,
    "pump_current_a": 1.381847919793889e-05,
    "pump_current_ratio_ic_median": 5.202304682942102,
    "pump_backend": "full"
  },
  "solution_summary": {
    "x_rms": 3.11156539539828e-15,
    "x_max_abs": 7.108900954582359e-15,
    "branch_psi_rms": 1.4051713202595742e-16,
    "branch_psi_max_abs": 2.5566470788849983e-16,
    "branch_i_rms": 1.0830437542519575e-06,
    "branch_i_max_abs": 1.8621018160091833e-06,
    "X_h1_norm": 1.766446436457473e-13,
    "X_h2_norm": 1.1118449017835765e-15,
    "X_h3_norm": 3.797819754079717e-17,
    "X_h4_norm": 1.771156198383303e-18,
    "X_h5_norm": 1.2349996650455274e-19,
    "X_h6_norm": 9.023670974399259e-21,
    "X_h7_norm": 8.421084365129389e-22,
    "X_h8_norm": 1.0139324353163604e-22,
    "X_h9_norm": 5.415835727639511e-24,
    "X_h10_norm": 7.810445940412853e-25
  },
  "reports": [
    {
      "converged": false,
      "source_scale": 1.0,
      "coeff_abs": 2.5132878838394582e-11,
      "coeff_rel": 0.0013060870775766734,
      "time_abs": 1.589542825727475e-10,
      "time_rel": 0.0013060870775766728,
      "newton_iterations": 5,
      "gmres_iterations_total": 5,
      "factor_runtime_s": 3.274271700036479,
      "runtime_s": 4.98107819998404,
      "failure_reason": "stalled at Newton 5 (reduction ratio 0.888)",
      "preconditioner_assembly_runtime_s": 0.0,
      "preconditioner_numeric_factor_runtime_s": 0.0
    }
  ],
  "final_status": "FAIL"
}