{
  "metadata": {
    "pump_modes": [
      1,
      3,
      5,
      7,
      9,
      11,
      13,
      15,
      17,
      19
    ],
    "pump_basis": "positive_phasor",
    "real_reconstruction_factor": 2,
    "omega_p": 44252474118.46583,
    "phase_convention": "exp_plus_i_k_omega_t",
    "pump_mode_policy": "positive_odd_jc",
    "pump_source_mode": 1,
    "pump_freq_ghz": 7.043,
    "nt": 40,
    "pump_current_a": 6.977378565558683e-06,
    "pump_current_ratio_ic_median": 2.6268049230540447,
    "pump_backend": "schur_cpu_mt"
  },
  "solution_summary": {
    "x_rms": 1.788315326502957e-15,
    "x_max_abs": 3.998233842333359e-15,
    "branch_psi_rms": 9.913274074786019e-17,
    "branch_psi_max_abs": 2.097986886427169e-16,
    "branch_i_rms": 7.765130956403729e-07,
    "branch_i_max_abs": 1.5809113744235065e-06,
    "X_h1_norm": 1.0152443974329664e-13,
    "X_h2_norm": 4.1607757998766433e-16,
    "X_h3_norm": 1.1203623142329074e-17,
    "X_h4_norm": 6.425414377666759e-19,
    "X_h5_norm": 3.8164039137717535e-20,
    "X_h6_norm": 1.2043187655336448e-21,
    "X_h7_norm": 8.49109849438495e-23,
    "X_h8_norm": 7.936473954548564e-24,
    "X_h9_norm": 7.721064885426064e-24,
    "X_h10_norm": 6.861631911267781e-26
  },
  "reports": [
    {
      "converged": true,
      "source_scale": 1.0,
      "coeff_abs": 4.541531144187664e-20,
      "coeff_rel": 2.921345119917378e-12,
      "time_abs": null,
      "time_rel": null,
      "newton_iterations": 2,
      "gmres_iterations_total": 2,
      "factor_runtime_s": 0.33940440000151284,
      "runtime_s": 0.5995604999770876,
      "failure_reason": "",
      "preconditioner_assembly_runtime_s": 0.14054269998450764,
      "preconditioner_numeric_factor_runtime_s": 0.1976423999585677
    }
  ],
  "final_status": "VALID_CONVERGED"
}