{
  "metadata": {
    "pump_modes": [
      1,
      3,
      5,
      7,
      9,
      11,
      13,
      15,
      17,
      19
    ],
    "pump_basis": "positive_phasor",
    "real_reconstruction_factor": 2,
    "omega_p": 44252474118.46583,
    "phase_convention": "exp_plus_i_k_omega_t",
    "pump_mode_policy": "positive_odd_jc",
    "pump_source_mode": 1,
    "pump_freq_ghz": 7.043,
    "nt": 40,
    "pump_current_a": 7.3738158364945045e-06,
    "pump_current_ratio_ic_median": 2.776053435972154,
    "pump_backend": "schur_cpu_mt"
  },
  "solution_summary": {
    "x_rms": 1.8962605237071e-15,
    "x_max_abs": 4.260455863332478e-15,
    "branch_psi_rms": 1.0567239864372804e-16,
    "branch_psi_max_abs": 2.2038815011169024e-16,
    "branch_i_rms": 8.244984112655256e-07,
    "branch_i_max_abs": 1.6487629564312699e-06,
    "X_h1_norm": 1.0765255752846173e-13,
    "X_h2_norm": 4.497068468516607e-16,
    "X_h3_norm": 2.8768709050132924e-17,
    "X_h4_norm": 1.0637313173813634e-18,
    "X_h5_norm": 1.4609219987534016e-19,
    "X_h6_norm": 4.5868581974328025e-20,
    "X_h7_norm": 1.5187029801683442e-21,
    "X_h8_norm": 1.960196224434467e-21,
    "X_h9_norm": 1.145444450257424e-22,
    "X_h10_norm": 1.9535188615436627e-23
  },
  "reports": [
    {
      "converged": false,
      "source_scale": 1.0,
      "coeff_abs": 9.21890366867599e-15,
      "coeff_rel": 5.611252947544219e-07,
      "time_abs": null,
      "time_rel": null,
      "newton_iterations": 6,
      "gmres_iterations_total": 6,
      "factor_runtime_s": 0.7685384000069462,
      "runtime_s": 1.4660142999782693,
      "failure_reason": "stalled at Newton 6 (reduction ratio 0.969)",
      "preconditioner_assembly_runtime_s": 0.24142639999627136,
      "preconditioner_numeric_factor_runtime_s": 0.5241555999964476
    }
  ],
  "final_status": "FAIL"
}