{
  "metadata": {
    "pump_modes": [
      1,
      3,
      5,
      7,
      9,
      11,
      13,
      15,
      17,
      19
    ],
    "pump_basis": "positive_phasor",
    "real_reconstruction_factor": 2,
    "omega_p": 44252474118.46583,
    "phase_convention": "exp_plus_i_k_omega_t",
    "pump_mode_policy": "positive_odd_jc",
    "pump_source_mode": 1,
    "pump_freq_ghz": 7.043,
    "nt": 40,
    "pump_current_a": 7.748047718107238e-06,
    "pump_current_ratio_ic_median": 2.9169421866322516,
    "pump_backend": "schur_cpu_mt"
  },
  "solution_summary": {
    "x_rms": 1.996477700978577e-15,
    "x_max_abs": 4.5158923546381665e-15,
    "branch_psi_rms": 1.1066771630327832e-16,
    "branch_psi_max_abs": 2.263750851899643e-16,
    "branch_i_rms": 8.609926368135279e-07,
    "branch_i_max_abs": 1.6863731622006175e-06,
    "X_h1_norm": 1.1334170326906953e-13,
    "X_h2_norm": 5.371179235092199e-16,
    "X_h3_norm": 1.7616255450791415e-17,
    "X_h4_norm": 1.233124943952721e-18,
    "X_h5_norm": 7.768850479927368e-20,
    "X_h6_norm": 2.817202447849418e-21,
    "X_h7_norm": 2.0645477420326448e-22,
    "X_h8_norm": 1.9159535837975076e-23,
    "X_h9_norm": 1.6235834109856885e-23,
    "X_h10_norm": 1.7580324922317518e-25
  },
  "reports": [
    {
      "converged": false,
      "source_scale": 1.0,
      "coeff_abs": 5.618441107915685e-15,
      "coeff_rel": 3.2545908761030617e-07,
      "time_abs": null,
      "time_rel": null,
      "newton_iterations": 7,
      "gmres_iterations_total": 7,
      "factor_runtime_s": 0.8378570999775548,
      "runtime_s": 1.6787457999889739,
      "failure_reason": "line search failed at Newton 7",
      "preconditioner_assembly_runtime_s": 0.259946799982572,
      "preconditioner_numeric_factor_runtime_s": 0.5743287999939639
    }
  ],
  "final_status": "FAIL"
}