{
  "metadata": {
    "pump_modes": [
      1,
      3,
      5,
      7,
      9,
      11,
      13,
      15,
      17,
      19
    ],
    "pump_basis": "positive_phasor",
    "real_reconstruction_factor": 2,
    "omega_p": 44252474118.46583,
    "phase_convention": "exp_plus_i_k_omega_t",
    "pump_mode_policy": "positive_odd_jc",
    "pump_source_mode": 1,
    "pump_freq_ghz": 7.043,
    "nt": 40,
    "pump_current_a": 7.955954427112148e-06,
    "pump_current_ratio_ic_median": 2.995213755477009,
    "pump_backend": "schur_cpu_mt"
  },
  "solution_summary": {
    "x_rms": 2.0509890462325206e-15,
    "x_max_abs": 4.646076721395098e-15,
    "branch_psi_rms": 1.128864729414956e-16,
    "branch_psi_max_abs": 2.3011913350501736e-16,
    "branch_i_rms": 8.771931825399428e-07,
    "branch_i_max_abs": 1.7096106098549317e-06,
    "X_h1_norm": 1.164360704187473e-13,
    "X_h2_norm": 6.093299450595115e-16,
    "X_h3_norm": 2.0656106646683983e-17,
    "X_h4_norm": 1.4780076315319017e-18,
    "X_h5_norm": 9.180613715702978e-20,
    "X_h6_norm": 3.712186948841592e-21,
    "X_h7_norm": 2.7768295291883527e-22,
    "X_h8_norm": 2.4513031935144712e-23,
    "X_h9_norm": 2.1044737043605507e-23,
    "X_h10_norm": 2.3130320851815173e-25
  },
  "reports": [
    {
      "converged": true,
      "source_scale": 1.0,
      "coeff_abs": 7.929747746755293e-22,
      "coeff_rel": 4.473422747498322e-14,
      "time_abs": null,
      "time_rel": null,
      "newton_iterations": 2,
      "gmres_iterations_total": 2,
      "factor_runtime_s": 0.18150200002128258,
      "runtime_s": 0.3724540999974124,
      "failure_reason": "",
      "preconditioner_assembly_runtime_s": 0.05181790003553033,
      "preconditioner_numeric_factor_runtime_s": 0.12899560001096688
    }
  ],
  "final_status": "VALID_CONVERGED"
}