{
  "metadata": {
    "pump_modes": [
      1,
      3,
      5,
      7,
      9,
      11,
      13,
      15,
      17,
      19
    ],
    "pump_basis": "positive_phasor",
    "real_reconstruction_factor": 2,
    "omega_p": 51227194494.314,
    "phase_convention": "exp_plus_i_k_omega_t",
    "pump_mode_policy": "positive_odd_jc",
    "pump_source_mode": 1,
    "pump_freq_ghz": 8.1530612245,
    "nt": 40,
    "pump_current_a": 1.3691790619154041e-05,
    "pump_current_ratio_ic_median": 5.154609666924276,
    "pump_backend": "full"
  },
  "solution_summary": {
    "x_rms": 3.082845378735455e-15,
    "x_max_abs": 7.036376876597233e-15,
    "branch_psi_rms": 1.379676155419702e-16,
    "branch_psi_max_abs": 2.5288891487134083e-16,
    "branch_i_rms": 1.064158218982705e-06,
    "branch_i_max_abs": 1.8460592120467438e-06,
    "X_h1_norm": 1.7501334476827477e-13,
    "X_h2_norm": 1.2295232459450026e-15,
    "X_h3_norm": 4.420596952910433e-17,
    "X_h4_norm": 2.0735877432251636e-18,
    "X_h5_norm": 1.4887938980950542e-19,
    "X_h6_norm": 1.1086711939935508e-20,
    "X_h7_norm": 1.3397989560029634e-21,
    "X_h8_norm": 1.8340714520139953e-22,
    "X_h9_norm": 7.797992686630954e-24,
    "X_h10_norm": 8.992945676832646e-25
  },
  "reports": [
    {
      "converged": true,
      "source_scale": 1.0,
      "coeff_abs": 1.2804143239993961e-20,
      "coeff_rel": 6.71553193896245e-13,
      "time_abs": 1.9769034536297703e-19,
      "time_rel": 1.6394016182523315e-12,
      "newton_iterations": 3,
      "gmres_iterations_total": 3,
      "factor_runtime_s": 1.85662449998199,
      "runtime_s": 2.548814699985087,
      "failure_reason": "",
      "preconditioner_assembly_runtime_s": 0.0,
      "preconditioner_numeric_factor_runtime_s": 0.0
    }
  ],
  "final_status": "VALID_CONVERGED"
}