{
  "metadata": {
    "pump_modes": [
      1,
      3,
      5,
      7,
      9,
      11,
      13,
      15,
      17,
      19
    ],
    "pump_basis": "positive_phasor",
    "real_reconstruction_factor": 2,
    "omega_p": 44252474118.46583,
    "phase_convention": "exp_plus_i_k_omega_t",
    "pump_mode_policy": "positive_odd_jc",
    "pump_source_mode": 1,
    "pump_freq_ghz": 7.043,
    "nt": 40,
    "pump_current_a": 7.901186022070646e-06,
    "pump_current_ratio_ic_median": 2.974594849015351,
    "pump_backend": "schur_cpu_mt"
  },
  "solution_summary": {
    "x_rms": 2.03669691056481e-15,
    "x_max_abs": 4.612040876831933e-15,
    "branch_psi_rms": 1.1233509512041145e-16,
    "branch_psi_max_abs": 2.297040265670219e-16,
    "branch_i_rms": 8.731649552996438e-07,
    "branch_i_max_abs": 1.707045098482923e-06,
    "X_h1_norm": 1.1562478472268947e-13,
    "X_h2_norm": 5.879007004620403e-16,
    "X_h3_norm": 1.987936074436212e-17,
    "X_h4_norm": 1.4287214679598139e-18,
    "X_h5_norm": 8.971155707242094e-20,
    "X_h6_norm": 3.462818752918477e-21,
    "X_h7_norm": 2.6168956514903926e-22,
    "X_h8_norm": 2.3952803962506813e-23,
    "X_h9_norm": 2.0775651627717462e-23,
    "X_h10_norm": 2.341464738282815e-25
  },
  "reports": [
    {
      "converged": true,
      "source_scale": 1.0,
      "coeff_abs": 7.036093384829587e-22,
      "coeff_rel": 3.9967976792192205e-14,
      "time_abs": null,
      "time_rel": null,
      "newton_iterations": 2,
      "gmres_iterations_total": 2,
      "factor_runtime_s": 0.19292799997492693,
      "runtime_s": 0.3663626000052318,
      "failure_reason": "",
      "preconditioner_assembly_runtime_s": 0.05966719999560155,
      "preconditioner_numeric_factor_runtime_s": 0.13251519997720607
    }
  ],
  "final_status": "VALID_CONVERGED"
}