{
  "metadata": {
    "pump_modes": [
      1,
      3,
      5,
      7,
      9,
      11,
      13,
      15,
      17,
      19
    ],
    "pump_basis": "positive_phasor",
    "real_reconstruction_factor": 2,
    "omega_p": 44252474118.46583,
    "phase_convention": "exp_plus_i_k_omega_t",
    "pump_mode_policy": "positive_odd_jc",
    "pump_source_mode": 1,
    "pump_freq_ghz": 7.043,
    "nt": 40,
    "pump_current_a": 7.615392409123707e-06,
    "pump_current_ratio_ic_median": 2.867000849003355,
    "pump_backend": "schur_cpu_mt"
  },
  "solution_summary": {
    "x_rms": 1.961275950820945e-15,
    "x_max_abs": 4.428248181498972e-15,
    "branch_psi_rms": 1.090722921881893e-16,
    "branch_psi_max_abs": 2.24686166548269e-16,
    "branch_i_rms": 8.493386276040525e-07,
    "branch_i_max_abs": 1.6758192701240231e-06,
    "X_h1_norm": 1.1134340465742061e-13,
    "X_h2_norm": 4.986113613003049e-16,
    "X_h3_norm": 1.54612782930913e-17,
    "X_h4_norm": 9.899381844975214e-19,
    "X_h5_norm": 6.224383989045209e-20,
    "X_h6_norm": 2.180466218843784e-21,
    "X_h7_norm": 1.4749834862401036e-22,
    "X_h8_norm": 1.2959106145626833e-23,
    "X_h9_norm": 1.0405406529203245e-23,
    "X_h10_norm": 9.934112902054218e-26
  },
  "reports": [
    {
      "converged": true,
      "source_scale": 1.0,
      "coeff_abs": 8.175768902307325e-22,
      "coeff_rel": 4.81847019254995e-14,
      "time_abs": null,
      "time_rel": null,
      "newton_iterations": 2,
      "gmres_iterations_total": 2,
      "factor_runtime_s": 0.25226710000424646,
      "runtime_s": 0.48255439999047667,
      "failure_reason": "",
      "preconditioner_assembly_runtime_s": 0.08837049998692237,
      "preconditioner_numeric_factor_runtime_s": 0.162984199996572
    }
  ],
  "final_status": "VALID_CONVERGED"
}