{
  "metadata": {
    "pump_modes": [
      1,
      3,
      5,
      7,
      9,
      11,
      13,
      15,
      17,
      19
    ],
    "pump_basis": "positive_phasor",
    "real_reconstruction_factor": 2,
    "omega_p": 44252474118.46583,
    "phase_convention": "exp_plus_i_k_omega_t",
    "pump_mode_policy": "positive_odd_jc",
    "pump_source_mode": 1,
    "pump_freq_ghz": 7.043,
    "nt": 40,
    "pump_current_a": 6.897509173576038e-06,
    "pump_current_ratio_ic_median": 2.5967361357451613,
    "pump_backend": "schur_cpu_mt"
  },
  "solution_summary": {
    "x_rms": 1.7669284668107186e-15,
    "x_max_abs": 3.958029586900267e-15,
    "branch_psi_rms": 9.785710958975908e-17,
    "branch_psi_max_abs": 2.0810800911533273e-16,
    "branch_i_rms": 7.671096742627955e-07,
    "branch_i_max_abs": 1.5699250552656968e-06,
    "X_h1_norm": 1.0031030220931717e-13,
    "X_h2_norm": 4.0720745955162524e-16,
    "X_h3_norm": 1.2121026909131745e-17,
    "X_h4_norm": 6.635037654037335e-19,
    "X_h5_norm": 3.5536665078364477e-20,
    "X_h6_norm": 1.315776948031588e-21,
    "X_h7_norm": 7.902144524602575e-23,
    "X_h8_norm": 7.412351210173345e-24,
    "X_h9_norm": 7.06549031652329e-24,
    "X_h10_norm": 5.918556957373933e-26
  },
  "reports": [
    {
      "converged": true,
      "source_scale": 1.0,
      "coeff_abs": 6.601813495270868e-20,
      "coeff_rel": 4.295797696030336e-12,
      "time_abs": null,
      "time_rel": null,
      "newton_iterations": 2,
      "gmres_iterations_total": 2,
      "factor_runtime_s": 0.3325401999754831,
      "runtime_s": 0.5873605000087991,
      "failure_reason": "",
      "preconditioner_assembly_runtime_s": 0.10441729999729432,
      "preconditioner_numeric_factor_runtime_s": 0.22682560002431273
    }
  ],
  "final_status": "VALID_CONVERGED"
}