{
  "metadata": {
    "pump_modes": [
      1,
      3,
      5,
      7,
      9,
      11,
      13,
      15,
      17,
      19
    ],
    "pump_basis": "positive_phasor",
    "real_reconstruction_factor": 2,
    "omega_p": 51227194494.314,
    "phase_convention": "exp_plus_i_k_omega_t",
    "pump_mode_policy": "positive_odd_jc",
    "pump_source_mode": 1,
    "pump_freq_ghz": 8.1530612245,
    "nt": 40,
    "pump_current_a": 1.3135912566600308e-05,
    "pump_current_ratio_ic_median": 4.945335769665281,
    "pump_backend": "full"
  },
  "solution_summary": {
    "x_rms": 2.9670680248417528e-15,
    "x_max_abs": 6.7401122160058404e-15,
    "branch_psi_rms": 1.1158864774443314e-16,
    "branch_psi_max_abs": 2.2569021479809774e-16,
    "branch_i_rms": 8.710231499010862e-07,
    "branch_i_max_abs": 1.6820988097510986e-06,
    "X_h1_norm": 1.6844353384468946e-13,
    "X_h2_norm": 6.576553183321138e-16,
    "X_h3_norm": 1.5854065362414807e-17,
    "X_h4_norm": 4.885146480313233e-19,
    "X_h5_norm": 2.767734068799232e-20,
    "X_h6_norm": 1.4099795120284788e-21,
    "X_h7_norm": 8.93204550344531e-23,
    "X_h8_norm": 5.331699198321204e-24,
    "X_h9_norm": 4.756309071039944e-25,
    "X_h10_norm": 5.979078223377984e-26
  },
  "reports": [
    {
      "converged": true,
      "source_scale": 1.0,
      "coeff_abs": 1.2209712600609248e-20,
      "coeff_rel": 6.6747551080089e-13,
      "time_abs": 1.9441113885655956e-19,
      "time_rel": 1.6804323892293096e-12,
      "newton_iterations": 3,
      "gmres_iterations_total": 3,
      "factor_runtime_s": 1.9731651000329293,
      "runtime_s": 2.7050418999860995,
      "failure_reason": "",
      "preconditioner_assembly_runtime_s": 0.0,
      "preconditioner_numeric_factor_runtime_s": 0.0
    }
  ],
  "final_status": "VALID_CONVERGED"
}