{
  "metadata": {
    "pump_modes": [
      1,
      3,
      5,
      7,
      9,
      11,
      13,
      15,
      17,
      19
    ],
    "pump_basis": "positive_phasor",
    "real_reconstruction_factor": 2,
    "omega_p": 44252474118.46583,
    "phase_convention": "exp_plus_i_k_omega_t",
    "pump_mode_policy": "positive_odd_jc",
    "pump_source_mode": 1,
    "pump_freq_ghz": 7.043,
    "nt": 40,
    "pump_current_a": 1.8835674450943958e-05,
    "pump_current_ratio_ic_median": 7.091150625108898,
    "pump_backend": "schur_cpu_mt"
  },
  "solution_summary": {
    "x_rms": 1.703377675196435e-15,
    "x_max_abs": 3.876807075599503e-15,
    "branch_psi_rms": 1.0879943600151504e-16,
    "branch_psi_max_abs": 2.6369846146644036e-16,
    "branch_i_rms": 8.443991059829679e-07,
    "branch_i_max_abs": 1.9077821172893905e-06,
    "X_h1_norm": 9.669132713253493e-14,
    "X_h2_norm": 1.5156432440105169e-15,
    "X_h3_norm": 1.0011742132888938e-16,
    "X_h4_norm": 8.353846172562565e-18,
    "X_h5_norm": 3.978761831017847e-19,
    "X_h6_norm": 8.542683244313391e-20,
    "X_h7_norm": 6.945283722550477e-21,
    "X_h8_norm": 1.1584087601664545e-20,
    "X_h9_norm": 1.5963919471981482e-21,
    "X_h10_norm": 8.941924137123962e-23
  },
  "reports": [
    {
      "converged": false,
      "source_scale": 1.0,
      "coeff_abs": 1.4180567290883087e-08,
      "coeff_rel": 0.3378977390319158,
      "time_abs": null,
      "time_rel": null,
      "newton_iterations": 5,
      "gmres_iterations_total": 5,
      "factor_runtime_s": 0.583514300029492,
      "runtime_s": 1.191595000011148,
      "failure_reason": "stalled at Newton 5 (reduction ratio 0.997)",
      "preconditioner_assembly_runtime_s": 0.18512550002196804,
      "preconditioner_numeric_factor_runtime_s": 0.39570369996363297
    },
    {
      "converged": false,
      "source_scale": 0.5,
      "coeff_abs": 5.798462692507454e-10,
      "coeff_rel": 0.027633414001974953,
      "time_abs": null,
      "time_rel": null,
      "newton_iterations": 6,
      "gmres_iterations_total": 6,
      "factor_runtime_s": 0.7565324000024702,
      "runtime_s": 1.3896910000185017,
      "failure_reason": "stalled at Newton 6 (reduction ratio 0.833)",
      "preconditioner_assembly_runtime_s": 0.23697480000555515,
      "preconditioner_numeric_factor_runtime_s": 0.5165754000190645
    },
    {
      "converged": true,
      "source_scale": 0.25,
      "coeff_abs": 5.7495757399834396e-21,
      "coeff_rel": 5.480087229464213e-13,
      "time_abs": null,
      "time_rel": null,
      "newton_iterations": 7,
      "gmres_iterations_total": 7,
      "factor_runtime_s": 0.8883077000209596,
      "runtime_s": 1.707479799981229,
      "failure_reason": "",
      "preconditioner_assembly_runtime_s": 0.2888904999999795,
      "preconditioner_numeric_factor_runtime_s": 0.5956385999452323
    },
    {
      "converged": false,
      "source_scale": 0.625,
      "coeff_abs": 8.8985037650134e-10,
      "coeff_rel": 0.033925687076263894,
      "time_abs": null,
      "time_rel": null,
      "newton_iterations": 5,
      "gmres_iterations_total": 5,
      "factor_runtime_s": 0.6001905000011902,
      "runtime_s": 1.2132476000115275,
      "failure_reason": "stalled at Newton 5 (reduction ratio 0.958)",
      "preconditioner_assembly_runtime_s": 0.19227279999176972,
      "preconditioner_numeric_factor_runtime_s": 0.40542560000903904
    },
    {
      "converged": false,
      "source_scale": 0.4375,
      "coeff_abs": 5.849427682143706e-10,
      "coeff_rel": 0.031858622906901404,
      "time_abs": null,
      "time_rel": null,
      "newton_iterations": 5,
      "gmres_iterations_total": 5,
      "factor_runtime_s": 0.5551454000233207,
      "runtime_s": 1.097382000007201,
      "failure_reason": "stalled at Newton 5 (reduction ratio 0.998)",
      "preconditioner_assembly_runtime_s": 0.16550589998951182,
      "preconditioner_numeric_factor_runtime_s": 0.38717430000542663
    },
    {
      "converged": true,
      "source_scale": 0.34375,
      "coeff_abs": 6.320904464711546e-19,
      "coeff_rel": 4.3815543207466885e-11,
      "time_abs": null,
      "time_rel": null,
      "newton_iterations": 9,
      "gmres_iterations_total": 9,
      "factor_runtime_s": 1.2606731000123546,
      "runtime_s": 2.475894800008973,
      "failure_reason": "",
      "preconditioner_assembly_runtime_s": 0.39605229994049296,
      "preconditioner_numeric_factor_runtime_s": 0.8597075000288896
    },
    {
      "converged": false,
      "source_scale": 0.484375,
      "coeff_abs": 9.627044914768827e-10,
      "coeff_rel": 0.047359047474012456,
      "time_abs": null,
      "time_rel": null,
      "newton_iterations": 5,
      "gmres_iterations_total": 5,
      "factor_runtime_s": 0.9483576999919023,
      "runtime_s": 1.9172256000165362,
      "failure_reason": "stalled at Newton 5 (reduction ratio 0.993)",
      "preconditioner_assembly_runtime_s": 0.37098989996593446,
      "preconditioner_numeric_factor_runtime_s": 0.5742745999596082
    },
    {
      "converged": false,
      "source_scale": 0.4140625,
      "coeff_abs": 1.051330832426375e-09,
      "coeff_rel": 0.06050136623584448,
      "time_abs": null,
      "time_rel": null,
      "newton_iterations": 4,
      "gmres_iterations_total": 4,
      "factor_runtime_s": 0.812892300018575,
      "runtime_s": 1.4955140000092797,
      "failure_reason": "stalled at Newton 4 (reduction ratio 0.999)",
      "preconditioner_assembly_runtime_s": 0.292596900020726,
      "preconditioner_numeric_factor_runtime_s": 0.5180231000413187
    },
    {
      "converged": true,
      "source_scale": 0.05,
      "coeff_abs": 1.1853404285867295e-20,
      "coeff_rel": 5.6489115362836165e-12,
      "time_abs": null,
      "time_rel": null,
      "newton_iterations": 3,
      "gmres_iterations_total": 3,
      "factor_runtime_s": 0.5496565000212286,
      "runtime_s": 1.0294429000059608,
      "failure_reason": "",
      "preconditioner_assembly_runtime_s": 0.20240449998527765,
      "preconditioner_numeric_factor_runtime_s": 0.345654899982037
    },
    {
      "converged": true,
      "source_scale": 0.1,
      "coeff_abs": 2.304435052513529e-21,
      "coeff_rel": 5.491059546615111e-13,
      "time_abs": null,
      "time_rel": null,
      "newton_iterations": 4,
      "gmres_iterations_total": 4,
      "factor_runtime_s": 0.6317494999966584,
      "runtime_s": 1.2150565999909304,
      "failure_reason": "",
      "preconditioner_assembly_runtime_s": 0.2358041999686975,
      "preconditioner_numeric_factor_runtime_s": 0.3931428999931086
    },
    {
      "converged": true,
      "source_scale": 0.15,
      "coeff_abs": 4.519630979766705e-19,
      "coeff_rel": 7.179652068896735e-11,
      "time_abs": null,
      "time_rel": null,
      "newton_iterations": 3,
      "gmres_iterations_total": 3,
      "factor_runtime_s": 0.39828200000920333,
      "runtime_s": 0.7881170000182465,
      "failure_reason": "",
      "preconditioner_assembly_runtime_s": 0.12812179999309592,
      "preconditioner_numeric_factor_runtime_s": 0.2681227000139188
    },
    {
      "converged": true,
      "source_scale": 0.2,
      "coeff_abs": 2.3594835246441345e-20,
      "coeff_rel": 2.8111151405518254e-12,
      "time_abs": null,
      "time_rel": null,
      "newton_iterations": 4,
      "gmres_iterations_total": 4,
      "factor_runtime_s": 0.6386059999931604,
      "runtime_s": 1.2069293000095058,
      "failure_reason": "",
      "preconditioner_assembly_runtime_s": 0.23169499999494292,
      "preconditioner_numeric_factor_runtime_s": 0.40456100000301376
    },
    {
      "converged": true,
      "source_scale": 0.25,
      "coeff_abs": 3.947485386728919e-22,
      "coeff_rel": 3.7624626989211653e-14,
      "time_abs": null,
      "time_rel": null,
      "newton_iterations": 5,
      "gmres_iterations_total": 5,
      "factor_runtime_s": 0.736551399983,
      "runtime_s": 1.3776281999889761,
      "failure_reason": "",