{
  "metadata": {
    "pump_modes": [
      1,
      3,
      5,
      7,
      9,
      11,
      13,
      15,
      17,
      19
    ],
    "pump_basis": "positive_phasor",
    "real_reconstruction_factor": 2,
    "omega_p": 51227194494.314,
    "phase_convention": "exp_plus_i_k_omega_t",
    "pump_mode_policy": "positive_odd_jc",
    "pump_source_mode": 1,
    "pump_freq_ghz": 8.1530612245,
    "nt": 40,
    "pump_current_a": 1.4026853111241717e-05,
    "pump_current_ratio_ic_median": 5.280752142279013,
    "pump_backend": "full"
  },
  "solution_summary": {
    "x_rms": 3.1634363152918358e-15,
    "x_max_abs": 7.216393135631406e-15,
    "branch_psi_rms": 1.860782393471048e-16,
    "branch_psi_max_abs": 7.460715487350113e-16,
    "branch_i_rms": 1.3021707862843885e-06,
    "branch_i_max_abs": 2.6562225462640434e-06,
    "X_h1_norm": 1.7951728290759628e-13,
    "X_h2_norm": 5.2061736261827235e-15,
    "X_h3_norm": 2.4965526461708713e-16,
    "X_h4_norm": 3.039828308525579e-17,
    "X_h5_norm": 6.174758854581579e-18,
    "X_h6_norm": 2.1923116320200225e-18,
    "X_h7_norm": 4.127901285690761e-19,
    "X_h8_norm": 1.3373599409026678e-19,
    "X_h9_norm": 5.214365616889753e-20,
    "X_h10_norm": 1.7325908699873032e-20
  },
  "reports": [
    {
      "converged": false,
      "source_scale": 1.0,
      "coeff_abs": 1.2100216558323814e-08,
      "coeff_rel": 0.6194739353682254,
      "time_abs": 7.652848901117382e-08,
      "time_rel": 0.6194739353682253,
      "newton_iterations": 4,
      "gmres_iterations_total": 4,
      "factor_runtime_s": 2.8011650000407826,
      "runtime_s": 5.043551100010518,
      "failure_reason": "stalled at Newton 4 (reduction ratio 0.998)",
      "preconditioner_assembly_runtime_s": 0.0,
      "preconditioner_numeric_factor_runtime_s": 0.0
    }
  ],
  "final_status": "FAIL"
}