{
  "metadata": {
    "pump_modes": [
      1,
      3,
      5,
      7,
      9,
      11,
      13,
      15,
      17,
      19
    ],
    "pump_basis": "positive_phasor",
    "real_reconstruction_factor": 2,
    "omega_p": 44252474118.46583,
    "phase_convention": "exp_plus_i_k_omega_t",
    "pump_mode_policy": "positive_odd_jc",
    "pump_source_mode": 1,
    "pump_freq_ghz": 7.043,
    "nt": 40,
    "pump_current_a": 7.4592005996940984e-06,
    "pump_current_ratio_ic_median": 2.8081986197570243,
    "pump_backend": "schur_cpu_mt"
  },
  "solution_summary": {
    "x_rms": 1.9193938402678004e-15,
    "x_max_abs": 4.321744484117153e-15,
    "branch_psi_rms": 1.0695628791190024e-16,
    "branch_psi_max_abs": 2.214502879899957e-16,
    "branch_i_rms": 8.338845580069137e-07,
    "branch_i_max_abs": 1.6554755269881232e-06,
    "X_h1_norm": 1.0896582338649015e-13,
    "X_h2_norm": 4.642310432656754e-16,
    "X_h3_norm": 1.3413921053441514e-17,
    "X_h4_norm": 8.459729232461029e-19,
    "X_h5_norm": 5.1058972615647495e-20,
    "X_h6_norm": 1.5823059972505115e-21,
    "X_h7_norm": 1.0630997712651954e-22,
    "X_h8_norm": 9.052597659208036e-24,
    "X_h9_norm": 5.581356179842922e-24,
    "X_h10_norm": 6.490616595274491e-26
  },
  "reports": [
    {
      "converged": false,
      "source_scale": 1.0,
      "coeff_abs": 1.1280415048718214e-10,
      "coeff_rel": 0.006787434457686043,
      "time_abs": null,
      "time_rel": null,
      "newton_iterations": 13,
      "gmres_iterations_total": 13,
      "factor_runtime_s": 7.046264499978861,
      "runtime_s": 8.68889940000372,
      "failure_reason": "stalled at Newton 13 (reduction ratio 0.820)",
      "preconditioner_assembly_runtime_s": 0.63425879998249,
      "preconditioner_numeric_factor_runtime_s": 5.451546999975108
    },
    {
      "converged": true,
      "source_scale": 0.5,
      "coeff_abs": 2.352484480656112e-20,
      "coeff_rel": 2.8309834622603374e-12,
      "time_abs": null,
      "time_rel": null,
      "newton_iterations": 6,
      "gmres_iterations_total": 6,
      "factor_runtime_s": 0.7182984999963082,
      "runtime_s": 1.2995207000058144,
      "failure_reason": "",
      "preconditioner_assembly_runtime_s": 0.21305629998096265,
      "preconditioner_numeric_factor_runtime_s": 0.5020785000233445
    },
    {
      "converged": false,
      "source_scale": 1.0,
      "coeff_abs": 2.2351847491465112e-10,
      "coeff_rel": 0.013449123919757947,
      "time_abs": null,
      "time_rel": null,
      "newton_iterations": 8,
      "gmres_iterations_total": 8,
      "factor_runtime_s": 1.0841337000019848,
      "runtime_s": 2.1127206000091974,
      "failure_reason": "stalled at Newton 8 (reduction ratio 0.986)",
      "preconditioner_assembly_runtime_s": 0.33977680004318245,
      "preconditioner_numeric_factor_runtime_s": 0.7397478000202682
    },
    {
      "converged": false,
      "source_scale": 0.75,
      "coeff_abs": 1.5040305066929123e-10,
      "coeff_rel": 0.01206635091876749,
      "time_abs": null,
      "time_rel": null,
      "newton_iterations": 4,
      "gmres_iterations_total": 4,
      "factor_runtime_s": 0.542410399968503,
      "runtime_s": 1.064625300001353,
      "failure_reason": "stalled at Newton 4 (reduction ratio 0.889)",
      "preconditioner_assembly_runtime_s": 0.17291690001729876,
      "preconditioner_numeric_factor_runtime_s": 0.3668764000176452
    },
    {
      "converged": true,
      "source_scale": 0.625,
      "coeff_abs": 3.798881916285305e-21,
      "coeff_rel": 3.6572642985798873e-13,
      "time_abs": null,
      "time_rel": null,
      "newton_iterations": 5,
      "gmres_iterations_total": 5,
      "factor_runtime_s": 0.7717705999966711,
      "runtime_s": 1.3729914000141434,
      "failure_reason": "",
      "preconditioner_assembly_runtime_s": 0.2824484000157099,
      "preconditioner_numeric_factor_runtime_s": 0.4869419000460766
    },
    {
      "converged": true,
      "source_scale": 0.8125,
      "coeff_abs": 5.056080125701637e-22,
      "coeff_rel": 3.7443043955436595e-14,
      "time_abs": null,
      "time_rel": null,
      "newton_iterations": 6,
      "gmres_iterations_total": 6,
      "factor_runtime_s": 0.85281290000421,
      "runtime_s": 1.603570800012676,
      "failure_reason": "",
      "preconditioner_assembly_runtime_s": 0.2745565999939572,
      "preconditioner_numeric_factor_runtime_s": 0.5747511999798007
    },
    {
      "converged": false,
      "source_scale": 1.0,
      "coeff_abs": 6.2115888751688e-14,
      "coeff_rel": 3.7375178294606013e-06,
      "time_abs": null,
      "time_rel": null,
      "newton_iterations": 15,
      "gmres_iterations_total": 15,
      "factor_runtime_s": 1.9190953999350313,
      "runtime_s": 3.6288033000018913,
      "failure_reason": "stalled at Newton 15 (reduction ratio 0.982)",
      "preconditioner_assembly_runtime_s": 0.6500850000011269,
      "preconditioner_numeric_factor_runtime_s": 1.261745199910365
    },
    {
      "converged": false,
      "source_scale": 0.90625,
      "coeff_abs": 1.613172942718705e-10,
      "coeff_rel": 0.010710592077919875,
      "time_abs": null,
      "time_rel": null,
      "newton_iterations": 5,
      "gmres_iterations_total": 5,
      "factor_runtime_s": 0.6735310999793,
      "runtime_s": 1.3247912999941036,
      "failure_reason": "stalled at Newton 5 (reduction ratio 0.932)",
      "preconditioner_assembly_runtime_s": 0.2143930000020191,
      "preconditioner_numeric_factor_runtime_s": 0.45626149998861365
    },
    {
      "converged": true,
      "source_scale": 0.05,
      "coeff_abs": 2.494623204723548e-23,
      "coeff_rel": 3.002033422627969e-14,
      "time_abs": null,
      "time_rel": null,
      "newton_iterations": 3,
      "gmres_iterations_total": 3,
      "factor_runtime_s": 0.39809660002356395,
      "runtime_s": 0.7895204999949783,
      "failure_reason": "",
      "preconditioner_assembly_runtime_s": 0.13313069997821003,
      "preconditioner_numeric_factor_runtime_s": 0.2634773999743629
    },
    {
      "converged": true,
      "source_scale": 0.1,
      "coeff_abs": 5.895569490129615e-23,
      "coeff_rel": 3.547368721112371e-14,
      "time_abs": null,
      "time_rel": null,
      "newton_iterations": 3,
      "gmres_iterations_total": 3,
      "factor_runtime_s": 0.3890902000130154,
      "runtime_s": 0.7486674999818206,
      "failure_reason": "",
      "preconditioner_assembly_runtime_s": 0.11520140001084656,
      "preconditioner_numeric_factor_runtime_s": 0.2722277999855578
    },
    {
      "converged": true,
      "source_scale": 0.15,
      "coeff_abs": 6.6226151085828585e-21,
      "coeff_rel": 2.656555087961661e-12,
      "time_abs": null,
      "time_rel": null,
      "newton_iterations": 2,
      "gmres_iterations_total": 2,
      "factor_runtime_s": 0.23410020000301301,
      "runtime_s": 0.42697110000881366,
      "failure_reason": "",
      "preconditioner_assembly_runtime_s": 0.06440950001706369,
      "preconditioner_numeric_factor_runtime_s": 0.16864140002871864
    },
    {
      "converged": true,
      "source_scale": 0.2,
      "coeff_abs": 7.843667754834121e-20,
      "coeff_rel": 2.359770476701186e-11,
      "time_abs": null,
      "time_rel": null,
      "newton_iterations": 2,
      "gmres_iterations_total": 2,
      "factor_runtime_s": 0.24686189999920316,
      "runtime_s": 0.5123985999962315,
      "failure_reason": "",
      "preconditioner_assembly_runtime_s": 0.08238090001395904,
      "preconditioner_numeric_factor_runtime_s": 0.1632728999829851
    },
    {
      "converged": true,
      "source_scale": 0.25,
      "coeff_abs": 4.680290485311979e-19,
      "coeff_rel": 1.1264537616670883e-10,
      "time_abs": null,
      "time_rel": null,
      "newton_iterations": 2,
      "gmres_iterations_total": 2,
      "factor_runtime_s": 0.3232193999865558,
      "runtime_s": 0.592542800004594,
      "failure_reason": "",