{
  "metadata": {
    "pump_modes": [
      1,
      3,
      5,
      7,
      9,
      11,
      13,
      15,
      17,
      19
    ],
    "pump_basis": "positive_phasor",
    "real_reconstruction_factor": 2,
    "omega_p": 44252474118.46583,
    "phase_convention": "exp_plus_i_k_omega_t",
    "pump_mode_policy": "positive_odd_jc",
    "pump_source_mode": 1,
    "pump_freq_ghz": 7.043,
    "nt": 40,
    "pump_current_a": 7.837765882262561e-06,
    "pump_current_ratio_ic_median": 2.9507187852611243,
    "pump_backend": "schur_cpu_mt"
  },
  "solution_summary": {
    "x_rms": 2.02009058422042e-15,
    "x_max_abs": 4.5723805143671035e-15,
    "branch_psi_rms": 1.1166712231784423e-16,
    "branch_psi_max_abs": 2.2817184484420163e-16,
    "branch_i_rms": 8.682893555616156e-07,
    "branch_i_max_abs": 1.6975521799956772e-06,
    "X_h1_norm": 1.1468212687387964e-13,
    "X_h2_norm": 5.640365291611015e-16,
    "X_h3_norm": 1.8787376919560522e-17,
    "X_h4_norm": 1.3557138585506953e-18,
    "X_h5_norm": 8.552740307525882e-20,
    "X_h6_norm": 3.146481273034974e-21,
    "X_h7_norm": 2.399301243594456e-22,
    "X_h8_norm": 2.234694770221838e-23,
    "X_h9_norm": 1.9005627246631125e-23,
    "X_h10_norm": 1.9588195910357646e-25
  },
  "reports": [
    {
      "converged": true,
      "source_scale": 1.0,
      "coeff_abs": 6.597922841226946e-22,
      "coeff_rel": 3.7782248667821127e-14,
      "time_abs": null,
      "time_rel": null,
      "newton_iterations": 2,
      "gmres_iterations_total": 2,
      "factor_runtime_s": 0.25705569999990985,
      "runtime_s": 0.4914571999979671,
      "failure_reason": "",
      "preconditioner_assembly_runtime_s": 0.07385390001581982,
      "preconditioner_numeric_factor_runtime_s": 0.18218709997017868
    }
  ],
  "final_status": "VALID_CONVERGED"
}