{
  "metadata": {
    "pump_modes": [
      1,
      3,
      5,
      7,
      9,
      11,
      13,
      15,
      17,
      19
    ],
    "pump_basis": "positive_phasor",
    "real_reconstruction_factor": 2,
    "omega_p": 51227194494.314,
    "phase_convention": "exp_plus_i_k_omega_t",
    "pump_mode_policy": "positive_odd_jc",
    "pump_source_mode": 1,
    "pump_freq_ghz": 8.1530612245,
    "nt": 40,
    "pump_current_a": 1.4107831017969042e-05,
    "pump_current_ratio_ic_median": 5.3112382570929535,
    "pump_backend": "full"
  },
  "solution_summary": {
    "x_rms": 3.1972325890830482e-15,
    "x_max_abs": 7.240207501175568e-15,
    "branch_psi_rms": 2.881723634172741e-16,
    "branch_psi_max_abs": 1.4624531680232733e-15,
    "branch_i_rms": 1.4963725317084935e-06,
    "branch_i_max_abs": 2.6562225829515874e-06,
    "X_h1_norm": 1.810973664956095e-13,
    "X_h2_norm": 1.2230792292631446e-14,
    "X_h3_norm": 7.539775110232599e-16,
    "X_h4_norm": 1.9860300241963173e-16,
    "X_h5_norm": 5.797900157878368e-17,
    "X_h6_norm": 2.856191033585514e-17,
    "X_h7_norm": 1.3785851451037366e-17,
    "X_h8_norm": 3.6845500418448534e-18,
    "X_h9_norm": 1.8937776631952043e-18,
    "X_h10_norm": 1.8797275093559244e-18
  },
  "reports": [
    {
      "converged": false,
      "source_scale": 1.0,
      "coeff_abs": 6.458926448941416e-08,
      "coeff_rel": 3.287685256126843,
      "time_abs": 4.084983763631624e-07,
      "time_rel": 3.287685256126843,
      "newton_iterations": 4,
      "gmres_iterations_total": 4,
      "factor_runtime_s": 2.381291799945757,
      "runtime_s": 4.2324910999741405,
      "failure_reason": "stalled at Newton 4 (reduction ratio 0.999)",
      "preconditioner_assembly_runtime_s": 0.0,
      "preconditioner_numeric_factor_runtime_s": 0.0
    }
  ],
  "final_status": "FAIL"
}