{
  "metadata": {
    "pump_modes": [
      1,
      3,
      5,
      7,
      9,
      11,
      13,
      15,
      17,
      19
    ],
    "pump_basis": "positive_phasor",
    "real_reconstruction_factor": 2,
    "omega_p": 51227194494.314,
    "phase_convention": "exp_plus_i_k_omega_t",
    "pump_mode_policy": "positive_odd_jc",
    "pump_source_mode": 1,
    "pump_freq_ghz": 8.1530612245,
    "nt": 40,
    "pump_current_a": 1.4010713392355705e-05,
    "pump_current_ratio_ic_median": 5.2746759501062455,
    "pump_backend": "full"
  },
  "solution_summary": {
    "x_rms": 3.1424010166191612e-15,
    "x_max_abs": 7.193594056656314e-15,
    "branch_psi_rms": 1.4441903694121076e-16,
    "branch_psi_max_abs": 2.498425352179844e-16,
    "branch_i_rms": 1.1106301245956613e-06,
    "branch_i_max_abs": 1.8283016536600977e-06,
    "X_h1_norm": 1.7839583421675967e-13,
    "X_h2_norm": 1.0157907494403402e-15,
    "X_h3_norm": 3.8895141530228367e-17,
    "X_h4_norm": 1.854660074921178e-18,
    "X_h5_norm": 1.3346443167333243e-19,
    "X_h6_norm": 1.0134523709192659e-20,
    "X_h7_norm": 9.176708368702971e-22,
    "X_h8_norm": 1.0864605432441628e-22,
    "X_h9_norm": 1.2849839232346005e-23,
    "X_h10_norm": 2.4368230887323096e-24
  },
  "reports": [
    {
      "converged": false,
      "source_scale": 1.0,
      "coeff_abs": 6.236822949219793e-11,
      "coeff_rel": 0.0031966369154362716,
      "time_abs": 3.9445131765486997e-10,
      "time_rel": 0.003196636915436317,
      "newton_iterations": 4,
      "gmres_iterations_total": 4,
      "factor_runtime_s": 2.6612841000023764,
      "runtime_s": 4.593141999997897,
      "failure_reason": "stalled at Newton 4 (reduction ratio 0.998)",
      "preconditioner_assembly_runtime_s": 0.0,
      "preconditioner_numeric_factor_runtime_s": 0.0
    }
  ],
  "final_status": "FAIL"
}