{
  "metadata": {
    "pump_modes": [
      1,
      3,
      5,
      7,
      9,
      11,
      13,
      15,
      17,
      19
    ],
    "pump_basis": "positive_phasor",
    "real_reconstruction_factor": 2,
    "omega_p": 51227194494.314,
    "phase_convention": "exp_plus_i_k_omega_t",
    "pump_mode_policy": "positive_odd_jc",
    "pump_source_mode": 1,
    "pump_freq_ghz": 8.1530612245,
    "nt": 40,
    "pump_current_a": 1.3995599272404633e-05,
    "pump_current_ratio_ic_median": 5.268985869752704,
    "pump_backend": "full"
  },
  "solution_summary": {
    "x_rms": 3.1616585801437037e-15,
    "x_max_abs": 7.200923122411104e-15,
    "branch_psi_rms": 1.5776538921226656e-16,
    "branch_psi_max_abs": 3.6782155982321666e-16,
    "branch_i_rms": 1.1946283582764086e-06,
    "branch_i_max_abs": 2.388127736927339e-06,
    "X_h1_norm": 1.794806526151341e-13,
    "X_h2_norm": 2.0174180924075904e-15,
    "X_h3_norm": 8.462571576294856e-17,
    "X_h4_norm": 8.880930031821762e-18,
    "X_h5_norm": 1.6613803222486999e-18,
    "X_h6_norm": 2.999282309757785e-19,
    "X_h7_norm": 3.739104529543885e-20,
    "X_h8_norm": 5.175089755156126e-21,
    "X_h9_norm": 2.1065355682754032e-21,
    "X_h10_norm": 4.601221189281244e-22
  },
  "reports": [
    {
      "converged": false,
      "source_scale": 1.0,
      "coeff_abs": 8.495053191239325e-10,
      "coeff_rel": 0.04358777972776574,
      "time_abs": 5.372743385719639e-09,
      "time_rel": 0.043587779727765695,
      "newton_iterations": 8,
      "gmres_iterations_total": 8,
      "factor_runtime_s": 5.098445800045738,
      "runtime_s": 8.018552399997134,
      "failure_reason": "line search failed at Newton 8",
      "preconditioner_assembly_runtime_s": 0.0,
      "preconditioner_numeric_factor_runtime_s": 0.0
    }
  ],
  "final_status": "FAIL"
}