{
  "metadata": {
    "pump_modes": [
      1,
      3,
      5,
      7,
      9,
      11,
      13,
      15,
      17,
      19
    ],
    "pump_basis": "positive_phasor",
    "real_reconstruction_factor": 2,
    "omega_p": 44252474118.46583,
    "phase_convention": "exp_plus_i_k_omega_t",
    "pump_mode_policy": "positive_odd_jc",
    "pump_source_mode": 1,
    "pump_freq_ghz": 7.043,
    "nt": 40,
    "pump_current_a": 6.802871799851126e-06,
    "pump_current_ratio_ic_median": 2.5611075802827132,
    "pump_backend": "schur_cpu_mt"
  },
  "solution_summary": {
    "x_rms": 1.7418656811103651e-15,
    "x_max_abs": 3.91280582123686e-15,
    "branch_psi_rms": 9.640269110329808e-17,
    "branch_psi_max_abs": 2.0538360236572147e-16,
    "branch_i_rms": 7.563705863440706e-07,
    "branch_i_max_abs": 1.5521343538604914e-06,
    "X_h1_norm": 9.888744278986054e-14,
    "X_h2_norm": 4.0607229597640666e-16,
    "X_h3_norm": 1.8323314442948398e-17,
    "X_h4_norm": 7.051660330065948e-19,
    "X_h5_norm": 3.4093095650489736e-20,
    "X_h6_norm": 1.279892671031493e-20,
    "X_h7_norm": 2.341731278462445e-22,
    "X_h8_norm": 5.687222842402501e-23,
    "X_h9_norm": 4.3100559144201884e-24,
    "X_h10_norm": 8.720611594098198e-25
  },
  "reports": [
    {
      "converged": true,
      "source_scale": 1.0,
      "coeff_abs": 5.533877845200184e-21,
      "coeff_rel": 3.650985750369468e-13,
      "time_abs": null,
      "time_rel": null,
      "newton_iterations": 6,
      "gmres_iterations_total": 6,
      "factor_runtime_s": 0.8021018999861553,
      "runtime_s": 1.5152578999986872,
      "failure_reason": "",
      "preconditioner_assembly_runtime_s": 0.25390229996992275,
      "preconditioner_numeric_factor_runtime_s": 0.545362400036538
    }
  ],
  "final_status": "VALID_CONVERGED"
}