{
  "metadata": {
    "pump_modes": [
      1,
      3,
      5,
      7,
      9,
      11,
      13,
      15,
      17,
      19
    ],
    "pump_basis": "positive_phasor",
    "real_reconstruction_factor": 2,
    "omega_p": 51227194494.314,
    "phase_convention": "exp_plus_i_k_omega_t",
    "pump_mode_policy": "positive_odd_jc",
    "pump_source_mode": 1,
    "pump_freq_ghz": 8.1530612245,
    "nt": 40,
    "pump_current_a": 1.4026853111241717e-05,
    "pump_current_ratio_ic_median": 5.280752142279013,
    "pump_backend": "full"
  },
  "solution_summary": {
    "x_rms": 3.1626205443278436e-15,
    "x_max_abs": 7.216136195318066e-15,
    "branch_psi_rms": 1.8621737037771698e-16,
    "branch_psi_max_abs": 7.454594753673343e-16,
    "branch_i_rms": 1.3028813172262306e-06,
    "branch_i_max_abs": 2.65622251717303e-06,
    "X_h1_norm": 1.7947100562066736e-13,
    "X_h2_norm": 5.204341783246033e-15,
    "X_h3_norm": 2.4852513624525506e-16,
    "X_h4_norm": 3.007890022480443e-17,
    "X_h5_norm": 6.130087535492306e-18,
    "X_h6_norm": 2.1957927005829545e-18,
    "X_h7_norm": 4.1194838902778243e-19,
    "X_h8_norm": 1.3546031129134898e-19,
    "X_h9_norm": 5.3811675422357064e-20,
    "X_h10_norm": 1.963551086033797e-20
  },
  "reports": [
    {
      "converged": false,
      "source_scale": 1.0,
      "coeff_abs": 1.2105486085248633e-08,
      "coeff_rel": 0.6197437102574526,
      "time_abs": 7.656181642572183e-08,
      "time_rel": 0.6197437102574523,
      "newton_iterations": 4,
      "gmres_iterations_total": 4,
      "factor_runtime_s": 2.578281199967023,
      "runtime_s": 4.767130499996711,
      "failure_reason": "stalled at Newton 4 (reduction ratio 0.999)",
      "preconditioner_assembly_runtime_s": 0.0,
      "preconditioner_numeric_factor_runtime_s": 0.0
    }
  ],
  "final_status": "FAIL"
}