{
  "metadata": {
    "pump_modes": [
      1,
      3,
      5,
      7,
      9,
      11,
      13,
      15,
      17,
      19
    ],
    "pump_basis": "positive_phasor",
    "real_reconstruction_factor": 2,
    "omega_p": 44252474118.46583,
    "phase_convention": "exp_plus_i_k_omega_t",
    "pump_mode_policy": "positive_odd_jc",
    "pump_source_mode": 1,
    "pump_freq_ghz": 7.043,
    "nt": 40,
    "pump_current_a": 2.484042107742659e-05,
    "pump_current_ratio_ic_median": 9.351784450826187,
    "pump_backend": "schur_cpu_mt"
  },
  "solution_summary": {
    "x_rms": 1.589720413597357e-15,
    "x_max_abs": 3.642167025951165e-15,
    "branch_psi_rms": 8.872149656620249e-17,
    "branch_psi_max_abs": 1.868845997042359e-16,
    "branch_i_rms": 6.991156123549774e-07,
    "branch_i_max_abs": 1.4285835753216241e-06,
    "X_h1_norm": 9.024994860655652e-14,
    "X_h2_norm": 3.831286034448051e-16,
    "X_h3_norm": 3.1945491353918926e-17,
    "X_h4_norm": 4.757506556784442e-19,
    "X_h5_norm": 2.5800499711244212e-20,
    "X_h6_norm": 1.3465565773210366e-20,
    "X_h7_norm": 3.016124109870719e-22,
    "X_h8_norm": 6.051080725236774e-22,
    "X_h9_norm": 1.4901316521156173e-23,
    "X_h10_norm": 1.1164047773670733e-24
  },
  "reports": [
    {
      "converged": false,
      "source_scale": 1.0,
      "coeff_abs": 2.0967329648222106e-08,
      "coeff_rel": 0.37884104524094253,
      "time_abs": null,
      "time_rel": null,
      "newton_iterations": 3,
      "gmres_iterations_total": 3,
      "factor_runtime_s": 0.37801730004139245,
      "runtime_s": 0.7306822999962606,
      "failure_reason": "line search failed at Newton 3",
      "preconditioner_assembly_runtime_s": 0.11866439998266287,
      "preconditioner_numeric_factor_runtime_s": 0.25799330000882037
    },
    {
      "converged": false,
      "source_scale": 0.5,
      "coeff_abs": 2.0244808166256837e-09,
      "coeff_rel": 0.0731572824492454,
      "time_abs": null,
      "time_rel": null,
      "newton_iterations": 6,
      "gmres_iterations_total": 6,
      "factor_runtime_s": 0.7471884000115097,
      "runtime_s": 1.4671577000117395,
      "failure_reason": "stalled at Newton 6 (reduction ratio 0.978)",
      "preconditioner_assembly_runtime_s": 0.2209173000010196,
      "preconditioner_numeric_factor_runtime_s": 0.5233481000177562
    },
    {
      "converged": true,
      "source_scale": 0.25,
      "coeff_abs": 4.949848571630301e-18,
      "coeff_rel": 3.57738603460134e-10,
      "time_abs": null,
      "time_rel": null,
      "newton_iterations": 10,
      "gmres_iterations_total": 10,
      "factor_runtime_s": 1.560343200020725,
      "runtime_s": 2.9660238999931607,
      "failure_reason": "",
      "preconditioner_assembly_runtime_s": 0.5116224999947008,
      "preconditioner_numeric_factor_runtime_s": 1.0425268000690266
    },
    {
      "converged": false,
      "source_scale": 0.625,
      "coeff_abs": 6.031021052331507e-09,
      "coeff_rel": 0.17435111539092024,
      "time_abs": null,
      "time_rel": null,
      "newton_iterations": 3,
      "gmres_iterations_total": 3,
      "factor_runtime_s": 0.4493517999944743,
      "runtime_s": 0.9871684999961872,
      "failure_reason": "line search failed at Newton 3",
      "preconditioner_assembly_runtime_s": 0.16890379996038973,
      "preconditioner_numeric_factor_runtime_s": 0.27896530003636144
    },
    {
      "converged": false,
      "source_scale": 0.4375,
      "coeff_abs": 6.69778369481006e-10,
      "coeff_rel": 0.027660941837317467,
      "time_abs": null,
      "time_rel": null,
      "newton_iterations": 5,
      "gmres_iterations_total": 5,
      "factor_runtime_s": 0.793632200016873,
      "runtime_s": 1.5062295999960043,
      "failure_reason": "stalled at Newton 5 (reduction ratio 0.974)",
      "preconditioner_assembly_runtime_s": 0.2649544000159949,
      "preconditioner_numeric_factor_runtime_s": 0.525598699983675
    },
    {
      "converged": false,
      "source_scale": 0.34375,
      "coeff_abs": 3.086009684285231e-10,
      "coeff_rel": 0.01622065848894569,
      "time_abs": null,
      "time_rel": null,
      "newton_iterations": 5,
      "gmres_iterations_total": 5,
      "factor_runtime_s": 0.701890900003491,
      "runtime_s": 1.3836480999889318,
      "failure_reason": "stalled at Newton 5 (reduction ratio 0.983)",
      "preconditioner_assembly_runtime_s": 0.21782039996469393,
      "preconditioner_numeric_factor_runtime_s": 0.48118450000765733
    },
    {
      "converged": true,
      "source_scale": 0.05,
      "coeff_abs": 7.384397831424406e-19,
      "coeff_rel": 2.668449478180434e-10,
      "time_abs": null,
      "time_rel": null,
      "newton_iterations": 3,
      "gmres_iterations_total": 3,
      "factor_runtime_s": 0.4218778000213206,
      "runtime_s": 0.8164537999837194,
      "failure_reason": "",
      "preconditioner_assembly_runtime_s": 0.12904549998347647,
      "preconditioner_numeric_factor_runtime_s": 0.2911485999939032
    },
    {
      "converged": true,
      "source_scale": 0.1,
      "coeff_abs": 2.0440591548523458e-19,
      "coeff_rel": 3.6932385752052226e-11,
      "time_abs": null,
      "time_rel": null,
      "newton_iterations": 4,
      "gmres_iterations_total": 4,
      "factor_runtime_s": 0.49158720002742484,
      "runtime_s": 0.8875048000190873,
      "failure_reason": "",
      "preconditioner_assembly_runtime_s": 0.15515909995883703,
      "preconditioner_numeric_factor_runtime_s": 0.3346210999879986
    },
    {
      "converged": true,
      "source_scale": 0.15,
      "coeff_abs": 5.68132645315107e-19,
      "coeff_rel": 6.843407300713886e-11,
      "time_abs": null,
      "time_rel": null,
      "newton_iterations": 4,
      "gmres_iterations_total": 4,
      "factor_runtime_s": 0.48188270002719946,
      "runtime_s": 0.9128060000075493,
      "failure_reason": "",
      "preconditioner_assembly_runtime_s": 0.13278829999035224,
      "preconditioner_numeric_factor_runtime_s": 0.3468385999731254
    },
    {
      "converged": true,
      "source_scale": 0.2,
      "coeff_abs": 4.807081872031646e-22,
      "coeff_rel": 4.3427559720597864e-14,
      "time_abs": null,
      "time_rel": null,
      "newton_iterations": 6,
      "gmres_iterations_total": 6,
      "factor_runtime_s": 0.9797881000267807,
      "runtime_s": 1.8191623000020627,
      "failure_reason": "",
      "preconditioner_assembly_runtime_s": 0.31731240000226535,
      "preconditioner_numeric_factor_runtime_s": 0.6581818000122439
    },
    {
      "converged": false,
      "source_scale": 0.25,
      "coeff_abs": 1.328865355383246e-15,
      "coeff_rel": 9.60406019582094e-08,
      "time_abs": null,
      "time_rel": null,
      "newton_iterations": 30,
      "gmres_iterations_total": 30,
      "factor_runtime_s": 4.39782139993622,
      "runtime_s": 9.270457500009798,
      "failure_reason": "maximum Newton iterations reached",
      "preconditioner_assembly_runtime_s": 1.5157047999673523,
      "preconditioner_numeric_factor_runtime_s": 2.865471300086938
    }
  ],
  "final_status": "FAIL"
}