{
  "metadata": {
    "pump_modes": [
      1,
      3,
      5,
      7,
      9,
      11,
      13,
      15,
      17,
      19
    ],
    "pump_basis": "positive_phasor",
    "real_reconstruction_factor": 2,
    "omega_p": 51227194494.314,
    "phase_convention": "exp_plus_i_k_omega_t",
    "pump_mode_policy": "positive_odd_jc",
    "pump_source_mode": 1,
    "pump_freq_ghz": 8.1530612245,
    "nt": 40,
    "pump_current_a": 1.398653862768397e-05,
    "pump_current_ratio_ic_median": 5.265574768300397,
    "pump_backend": "full"
  },
  "solution_summary": {
    "x_rms": 3.1478394815460845e-15,
    "x_max_abs": 7.199593674584368e-15,
    "branch_psi_rms": 1.4585897788599756e-16,
    "branch_psi_max_abs": 2.667224239885324e-16,
    "branch_i_rms": 1.1194266268205895e-06,
    "branch_i_max_abs": 1.924683480399397e-06,
    "X_h1_norm": 1.7870259170303287e-13,
    "X_h2_norm": 1.3208262211182177e-15,
    "X_h3_norm": 5.058616854865304e-17,
    "X_h4_norm": 3.3112331723478213e-18,
    "X_h5_norm": 2.82810975922632e-19,
    "X_h6_norm": 3.7506220266701124e-20,
    "X_h7_norm": 3.5876474101559685e-21,
    "X_h8_norm": 5.859569305233056e-22,
    "X_h9_norm": 9.552257306020507e-23,
    "X_h10_norm": 1.9311665973322147e-23
  },
  "reports": [
    {
      "converged": false,
      "source_scale": 1.0,
      "coeff_abs": 1.5653609215645212e-10,
      "coeff_rel": 0.008037007667729275,
      "time_abs": 9.90021174472815e-10,
      "time_rel": 0.008037007667729279,
      "newton_iterations": 6,
      "gmres_iterations_total": 6,
      "factor_runtime_s": 4.079180000000633,
      "runtime_s": 6.186270400008652,
      "failure_reason": "stalled at Newton 6 (reduction ratio 1.000)",
      "preconditioner_assembly_runtime_s": 0.0,
      "preconditioner_numeric_factor_runtime_s": 0.0
    }
  ],
  "final_status": "FAIL"
}