{
  "metadata": {
    "pump_modes": [
      1,
      3,
      5,
      7,
      9,
      11,
      13,
      15,
      17,
      19
    ],
    "pump_basis": "positive_phasor",
    "real_reconstruction_factor": 2,
    "omega_p": 51227194494.314,
    "phase_convention": "exp_plus_i_k_omega_t",
    "pump_mode_policy": "positive_odd_jc",
    "pump_source_mode": 1,
    "pump_freq_ghz": 8.1530612245,
    "nt": 40,
    "pump_current_a": 1.3188950828109152e-05,
    "pump_current_ratio_ic_median": 4.965303321251111,
    "pump_backend": "schur_cpu_mt"
  },
  "solution_summary": {
    "x_rms": 1.6200179156939645e-15,
    "x_max_abs": 3.703351263047904e-15,
    "branch_psi_rms": 9.834786445008229e-17,
    "branch_psi_max_abs": 2.022484070384302e-16,
    "branch_i_rms": 7.720564281246771e-07,
    "branch_i_max_abs": 1.5315295992270035e-06,
    "X_h1_norm": 9.197006501792771e-14,
    "X_h2_norm": 3.679090084578508e-16,
    "X_h3_norm": 8.329803117608233e-18,
    "X_h4_norm": 4.475388638812612e-19,
    "X_h5_norm": 2.765550326141984e-20,
    "X_h6_norm": 2.344181621342433e-21,
    "X_h7_norm": 1.7640415002328656e-22,
    "X_h8_norm": 1.520408312761685e-23,
    "X_h9_norm": 1.2504622420363719e-24,
    "X_h10_norm": 1.140758151887524e-25
  },
  "reports": [
    {
      "converged": false,
      "source_scale": 1.0,
      "coeff_abs": 6.2241532354686966e-09,
      "coeff_rel": 0.21180825560655464,
      "time_abs": null,
      "time_rel": null,
      "newton_iterations": 5,
      "gmres_iterations_total": 5,
      "factor_runtime_s": 0.6443066000356339,
      "runtime_s": 1.302106500021182,
      "failure_reason": "line search failed at Newton 5",
      "preconditioner_assembly_runtime_s": 0.19396270002471283,
      "preconditioner_numeric_factor_runtime_s": 0.4472500000265427
    },
    {
      "converged": true,
      "source_scale": 0.5,
      "coeff_abs": 1.5718801830439216e-19,
      "coeff_rel": 1.0698232739379967e-11,
      "time_abs": null,
      "time_rel": null,
      "newton_iterations": 13,
      "gmres_iterations_total": 13,
      "factor_runtime_s": 1.5435912999382708,
      "runtime_s": 2.8976829999883194,
      "failure_reason": "",
      "preconditioner_assembly_runtime_s": 0.4637538999959361,
      "preconditioner_numeric_factor_runtime_s": 1.0730122999229934
    },
    {
      "converged": false,
      "source_scale": 1.0,
      "coeff_abs": 3.677792301019221e-09,
      "coeff_rel": 0.1251554616815982,
      "time_abs": null,
      "time_rel": null,
      "newton_iterations": 4,
      "gmres_iterations_total": 4,
      "factor_runtime_s": 0.5670336000039242,
      "runtime_s": 1.2434154000075068,
      "failure_reason": "stalled at Newton 4 (reduction ratio 1.000)",
      "preconditioner_assembly_runtime_s": 0.18881790005252697,
      "preconditioner_numeric_factor_runtime_s": 0.3756133000133559
    },
    {
      "converged": false,
      "source_scale": 0.75,
      "coeff_abs": 5.190778689997392e-10,
      "coeff_rel": 0.023552328870541435,
      "time_abs": null,
      "time_rel": null,
      "newton_iterations": 5,
      "gmres_iterations_total": 5,
      "factor_runtime_s": 0.6967573000292759,
      "runtime_s": 1.4188148999819532,
      "failure_reason": "stalled at Newton 5 (reduction ratio 0.992)",
      "preconditioner_assembly_runtime_s": 0.24103649996686727,
      "preconditioner_numeric_factor_runtime_s": 0.45269579999148846
    },
    {
      "converged": false,
      "source_scale": 0.625,
      "coeff_abs": 3.7449926110545095e-10,
      "coeff_rel": 0.02039076667166046,
      "time_abs": null,
      "time_rel": null,
      "newton_iterations": 4,
      "gmres_iterations_total": 4,
      "factor_runtime_s": 0.5461950999451801,
      "runtime_s": 1.1684012000041548,
      "failure_reason": "stalled at Newton 4 (reduction ratio 0.971)",
      "preconditioner_assembly_runtime_s": 0.17075729998759925,
      "preconditioner_numeric_factor_runtime_s": 0.3732241000107024
    },
    {
      "converged": false,
      "source_scale": 0.5625,
      "coeff_abs": 1.894183342590167e-10,
      "coeff_rel": 0.011459405660208689,
      "time_abs": null,
      "time_rel": null,
      "newton_iterations": 4,
      "gmres_iterations_total": 4,
      "factor_runtime_s": 0.605148399976315,
      "runtime_s": 1.1724015999934636,
      "failure_reason": "stalled at Newton 4 (reduction ratio 0.984)",
      "preconditioner_assembly_runtime_s": 0.21533380000619218,
      "preconditioner_numeric_factor_runtime_s": 0.3875259000051301
    },
    {
      "converged": true,
      "source_scale": 0.05,
      "coeff_abs": 2.1256282061872205e-22,
      "coeff_rel": 1.4467047496676924e-13,
      "time_abs": null,
      "time_rel": null,
      "newton_iterations": 3,
      "gmres_iterations_total": 3,
      "factor_runtime_s": 0.44901289997505955,
      "runtime_s": 0.8616323999885935,
      "failure_reason": "",
      "preconditioner_assembly_runtime_s": 0.160088899981929,
      "preconditioner_numeric_factor_runtime_s": 0.28672969999024644
    },
    {
      "converged": true,
      "source_scale": 0.1,
      "coeff_abs": 4.266305437520563e-19,
      "coeff_rel": 1.4518259406862796e-10,
      "time_abs": null,
      "time_rel": null,
      "newton_iterations": 3,
      "gmres_iterations_total": 3,
      "factor_runtime_s": 0.3711431999981869,
      "runtime_s": 0.6629805999982636,
      "failure_reason": "",
      "preconditioner_assembly_runtime_s": 0.09967979995417409,
      "preconditioner_numeric_factor_runtime_s": 0.26970460001030006
    },
    {
      "converged": true,
      "source_scale": 0.15,
      "coeff_abs": 1.2169975310593015e-22,
      "coeff_rel": 2.760965916479868e-14,
      "time_abs": null,
      "time_rel": null,
      "newton_iterations": 3,
      "gmres_iterations_total": 3,
      "factor_runtime_s": 0.3614943000138737,
      "runtime_s": 0.6494238000013866,
      "failure_reason": "",
      "preconditioner_assembly_runtime_s": 0.09649890000582673,
      "preconditioner_numeric_factor_runtime_s": 0.26344830001471564
    },
    {
      "converged": true,
      "source_scale": 0.2,
      "coeff_abs": 1.2653604614328095e-21,
      "coeff_rel": 2.1530140881035538e-13,
      "time_abs": null,
      "time_rel": null,
      "newton_iterations": 3,
      "gmres_iterations_total": 3,
      "factor_runtime_s": 0.36307740001939237,
      "runtime_s": 0.6458574999996927,
      "failure_reason": "",
      "preconditioner_assembly_runtime_s": 0.10935949999839067,
      "preconditioner_numeric_factor_runtime_s": 0.252472599997418
    },
    {
      "converged": true,
      "source_scale": 0.25,
      "coeff_abs": 1.713361699226769e-18,
      "coeff_rel": 2.332231479573954e-10,
      "time_abs": null,
      "time_rel": null,
      "newton_iterations": 3,
      "gmres_iterations_total": 3,
      "factor_runtime_s": 0.3631570000143256,
      "runtime_s": 0.6648019999847747,
      "failure_reason": "",
      "preconditioner_assembly_runtime_s": 0.1254447999817785,
      "preconditioner_numeric_factor_runtime_s": 0.23623109998879954
    },
    {
      "converged": true,
      "source_scale": 0.3,
      "coeff_abs": 2.7022506086400987e-22,
      "coeff_rel": 3.0652575859164755e-14,
      "time_abs": null,
      "time_rel": null,
      "newton_iterations": 4,
      "gmres_iterations_total": 4,
      "factor_runtime_s": 0.5078007999691181,
      "runtime_s": 0.9200720000080764,
      "failure_reason": "",
      "preconditioner_assembly_runtime_s": 0.15278140001464635,
      "preconditioner_numeric_factor_runtime_s": 0.3532898999983445
    },
    {
      "converged": true,
      "source_scale": 0.35,
      "coeff_abs": 6.770661043978749e-19,
      "coeff_rel": 6.583026986161838e-11,
      "time_abs": null,
      "time_rel": null,
      "newton_iterations": 4,
      "gmres_iterations_total": 4,
      "factor_runtime_s": 0.46844170000986196,
      "runtime_s": 0.8652214000176173,
      "failure_reason": "",
      "preconditioner_assembly_runtime_s": 0.14704969999729656,