{
  "metadata": {
    "pump_modes": [
      1,
      3,
      5,
      7,
      9,
      11,
      13,
      15,
      17,
      19
    ],
    "pump_basis": "positive_phasor",
    "real_reconstruction_factor": 2,
    "omega_p": 51227194494.314,
    "phase_convention": "exp_plus_i_k_omega_t",
    "pump_mode_policy": "positive_odd_jc",
    "pump_source_mode": 1,
    "pump_freq_ghz": 8.1530612245,
    "nt": 40,
    "pump_current_a": 1.4124082612041733e-05,
    "pump_current_ratio_ic_median": 5.317356567417743,
    "pump_backend": "full"
  },
  "solution_summary": {
    "x_rms": 3.1452514503617548e-15,
    "x_max_abs": 7.201553085895312e-15,
    "branch_psi_rms": 1.446986547771648e-16,
    "branch_psi_max_abs": 2.5903000901202753e-16,
    "branch_i_rms": 1.1119463035434924e-06,
    "branch_i_max_abs": 1.8813737034020125e-06,
    "X_h1_norm": 1.7855652927408644e-13,
    "X_h2_norm": 1.1979147024944041e-15,
    "X_h3_norm": 4.6858505499619437e-17,
    "X_h4_norm": 2.67904441240373e-18,
    "X_h5_norm": 2.179098282322068e-19,
    "X_h6_norm": 1.8160674564190757e-20,
    "X_h7_norm": 1.785507040781258e-21,
    "X_h8_norm": 2.157944112589681e-22,
    "X_h9_norm": 2.8046318989560364e-23,
    "X_h10_norm": 6.027735005457984e-24
  },
  "reports": [
    {
      "converged": false,
      "source_scale": 1.0,
      "coeff_abs": 2.1301122018574305e-10,
      "coeff_rel": 0.010830097716030164,
      "time_abs": 1.3472012459171577e-09,
      "time_rel": 0.0108300977160301,
      "newton_iterations": 4,
      "gmres_iterations_total": 4,
      "factor_runtime_s": 2.751507800014224,
      "runtime_s": 4.634904000005918,
      "failure_reason": "stalled at Newton 4 (reduction ratio 0.986)",
      "preconditioner_assembly_runtime_s": 0.0,
      "preconditioner_numeric_factor_runtime_s": 0.0
    }
  ],
  "final_status": "FAIL"
}