{
  "metadata": {
    "pump_modes": [
      1,
      3,
      5,
      7,
      9,
      11,
      13,
      15,
      17,
      19
    ],
    "pump_basis": "positive_phasor",
    "real_reconstruction_factor": 2,
    "omega_p": 51227194494.314,
    "phase_convention": "exp_plus_i_k_omega_t",
    "pump_mode_policy": "positive_odd_jc",
    "pump_source_mode": 1,
    "pump_freq_ghz": 8.1530612245,
    "nt": 40,
    "pump_current_a": 1.3113247225717716e-05,
    "pump_current_ratio_ic_median": 4.936802847385991,
    "pump_backend": "schur_cpu_mt"
  },
  "solution_summary": {
    "x_rms": 1.923512177818486e-15,
    "x_max_abs": 4.441685976303538e-15,
    "branch_psi_rms": 1.082543346147164e-16,
    "branch_psi_max_abs": 2.29005579366454e-16,
    "branch_i_rms": 8.463549730996922e-07,
    "branch_i_max_abs": 1.7027223146806895e-06,
    "X_h1_norm": 1.0919949006654744e-13,
    "X_h2_norm": 4.959280866445836e-16,
    "X_h3_norm": 1.4750459101870094e-17,
    "X_h4_norm": 7.151124782684592e-19,
    "X_h5_norm": 4.0761466975038976e-20,
    "X_h6_norm": 2.0912862726420156e-21,
    "X_h7_norm": 1.6678245033175231e-22,
    "X_h8_norm": 2.3009903717945054e-23,
    "X_h9_norm": 1.216085127628495e-24,
    "X_h10_norm": 1.666414874852141e-25
  },
  "reports": [
    {
      "converged": false,
      "source_scale": 1.0,
      "coeff_abs": 5.903494993473989e-09,
      "coeff_rel": 0.20205602573899545,
      "time_abs": null,
      "time_rel": null,
      "newton_iterations": 5,
      "gmres_iterations_total": 5,
      "factor_runtime_s": 0.7031970999669284,
      "runtime_s": 1.4804425000038464,
      "failure_reason": "stalled at Newton 5 (reduction ratio 0.998)",
      "preconditioner_assembly_runtime_s": 0.23055739994742908,
      "preconditioner_numeric_factor_runtime_s": 0.4695781999907922
    },
    {
      "converged": true,
      "source_scale": 0.5,
      "coeff_abs": 1.665185743744547e-19,
      "coeff_rel": 1.1398699037441268e-11,
      "time_abs": null,
      "time_rel": null,
      "newton_iterations": 13,
      "gmres_iterations_total": 13,
      "factor_runtime_s": 1.608934899995802,
      "runtime_s": 3.0688584000163246,
      "failure_reason": "",
      "preconditioner_assembly_runtime_s": 0.4966896000842098,
      "preconditioner_numeric_factor_runtime_s": 1.1051922999613453
    },
    {
      "converged": false,
      "source_scale": 1.0,
      "coeff_abs": 3.4093634679123395e-09,
      "coeff_rel": 0.1166906101195327,
      "time_abs": null,
      "time_rel": null,
      "newton_iterations": 4,
      "gmres_iterations_total": 4,
      "factor_runtime_s": 0.5367448000179138,
      "runtime_s": 1.1282072000030894,
      "failure_reason": "stalled at Newton 4 (reduction ratio 0.992)",
      "preconditioner_assembly_runtime_s": 0.1829044000187423,
      "preconditioner_numeric_factor_runtime_s": 0.351767700019991
    },
    {
      "converged": false,
      "source_scale": 0.75,
      "coeff_abs": 4.3873301618548065e-10,
      "coeff_rel": 0.020021732822995447,
      "time_abs": null,
      "time_rel": null,
      "newton_iterations": 5,
      "gmres_iterations_total": 5,
      "factor_runtime_s": 0.7429071000369731,
      "runtime_s": 1.492567399982363,
      "failure_reason": "stalled at Newton 5 (reduction ratio 0.998)",
      "preconditioner_assembly_runtime_s": 0.2564651999855414,
      "preconditioner_numeric_factor_runtime_s": 0.48304110002936795
    },
    {
      "converged": false,
      "source_scale": 0.625,
      "coeff_abs": 3.08875321918509e-10,
      "coeff_rel": 0.016914758478412655,
      "time_abs": null,
      "time_rel": null,
      "newton_iterations": 4,
      "gmres_iterations_total": 4,
      "factor_runtime_s": 0.4568442000017967,
      "runtime_s": 0.8532521000015549,
      "failure_reason": "stalled at Newton 4 (reduction ratio 0.957)",
      "preconditioner_assembly_runtime_s": 0.13057739997748286,
      "preconditioner_numeric_factor_runtime_s": 0.3242405000200961
    },
    {
      "converged": false,
      "source_scale": 0.5625,
      "coeff_abs": 1.6872462645015033e-10,
      "coeff_rel": 0.010266408854039698,
      "time_abs": null,
      "time_rel": null,
      "newton_iterations": 4,
      "gmres_iterations_total": 4,
      "factor_runtime_s": 0.5131048000184819,
      "runtime_s": 0.9935910000058357,
      "failure_reason": "stalled at Newton 4 (reduction ratio 0.993)",
      "preconditioner_assembly_runtime_s": 0.16254960003425367,
      "preconditioner_numeric_factor_runtime_s": 0.3484739000268746
    },
    {
      "converged": true,
      "source_scale": 0.05,
      "coeff_abs": 1.954284646985764e-22,
      "coeff_rel": 1.337766829206066e-13,
      "time_abs": null,
      "time_rel": null,
      "newton_iterations": 3,
      "gmres_iterations_total": 3,
      "factor_runtime_s": 0.4318695999972988,
      "runtime_s": 0.7923110999981873,
      "failure_reason": "",
      "preconditioner_assembly_runtime_s": 0.13991599998553284,
      "preconditioner_numeric_factor_runtime_s": 0.2904086000053212
    },
    {
      "converged": true,
      "source_scale": 0.1,
      "coeff_abs": 3.9136432908422535e-19,
      "coeff_rel": 1.3395034812121136e-10,
      "time_abs": null,
      "time_rel": null,
      "newton_iterations": 3,
      "gmres_iterations_total": 3,
      "factor_runtime_s": 0.40081529997405596,
      "runtime_s": 0.7526804999797605,
      "failure_reason": "",
      "preconditioner_assembly_runtime_s": 0.12397080002119765,
      "preconditioner_numeric_factor_runtime_s": 0.2750293000135571
    },
    {
      "converged": true,
      "source_scale": 0.15,
      "coeff_abs": 1.2141183992039808e-22,
      "coeff_rel": 2.7703356377980175e-14,
      "time_abs": null,
      "time_rel": null,
      "newton_iterations": 3,
      "gmres_iterations_total": 3,
      "factor_runtime_s": 0.4658332999970298,
      "runtime_s": 0.8383908999967389,
      "failure_reason": "",
      "preconditioner_assembly_runtime_s": 0.1812062000099104,
      "preconditioner_numeric_factor_runtime_s": 0.28275529996608384
    },
    {
      "converged": true,
      "source_scale": 0.2,
      "coeff_abs": 1.0239163277737478e-21,
      "coeff_rel": 1.7522540809125328e-13,
      "time_abs": null,
      "time_rel": null,
      "newton_iterations": 3,
      "gmres_iterations_total": 3,
      "factor_runtime_s": 0.3938682999869343,
      "runtime_s": 0.7607093999977224,
      "failure_reason": "",
      "preconditioner_assembly_runtime_s": 0.13120090001029894,
      "preconditioner_numeric_factor_runtime_s": 0.2607129999960307
    },
    {
      "converged": true,
      "source_scale": 0.25,
      "coeff_abs": 1.3567974091450033e-18,
      "coeff_rel": 1.857537560566159e-10,
      "time_abs": null,
      "time_rel": null,
      "newton_iterations": 3,
      "gmres_iterations_total": 3,
      "factor_runtime_s": 0.38433690002420917,
      "runtime_s": 0.7322815999796148,
      "failure_reason": "",
      "preconditioner_assembly_runtime_s": 0.1222954000113532,
      "preconditioner_numeric_factor_runtime_s": 0.26046050002332777
    },
    {
      "converged": true,
      "source_scale": 0.3,
      "coeff_abs": 2.6881253637536564e-22,
      "coeff_rel": 3.066838250271982e-14,
      "time_abs": null,
      "time_rel": null,
      "newton_iterations": 4,
      "gmres_iterations_total": 4,
      "factor_runtime_s": 0.5567682000400964,
      "runtime_s": 1.0507894000038505,
      "failure_reason": "",
      "preconditioner_assembly_runtime_s": 0.17560360004426911,
      "preconditioner_numeric_factor_runtime_s": 0.37872099998639897
    },
    {
      "converged": true,
      "source_scale": 0.35,
      "coeff_abs": 6.345875343806625e-19,
      "coeff_rel": 6.205633167771582e-11,
      "time_abs": null,
      "time_rel": null,
      "newton_iterations": 4,
      "gmres_iterations_total": 4,
      "factor_runtime_s": 0.5336811000306625,
      "runtime_s": 0.9896415999974124,
      "failure_reason": "",