{
  "metadata": {
    "pump_modes": [
      1,
      3,
      5,
      7,
      9,
      11,
      13,
      15,
      17,
      19
    ],
    "pump_basis": "positive_phasor",
    "real_reconstruction_factor": 2,
    "omega_p": 44252474118.46583,
    "phase_convention": "exp_plus_i_k_omega_t",
    "pump_mode_policy": "positive_odd_jc",
    "pump_source_mode": 1,
    "pump_freq_ghz": 7.043,
    "nt": 40,
    "pump_current_a": 7.27264329035707e-06,
    "pump_current_ratio_ic_median": 2.737964554915369,
    "pump_backend": "schur_cpu_mt"
  },
  "solution_summary": {
    "x_rms": 1.868708680102612e-15,
    "x_max_abs": 4.188275636893779e-15,
    "branch_psi_rms": 1.0407450752744155e-16,
    "branch_psi_max_abs": 2.1787904308002495e-16,
    "branch_i_rms": 8.127950298265165e-07,
    "branch_i_max_abs": 1.6328376574396137e-06,
    "X_h1_norm": 1.0608841547090198e-13,
    "X_h2_norm": 4.427441784460511e-16,
    "X_h3_norm": 2.3622543412895663e-17,
    "X_h4_norm": 9.665477419460578e-19,
    "X_h5_norm": 1.087654181325906e-19,
    "X_h6_norm": 3.0543857388355346e-20,
    "X_h7_norm": 7.503317481174802e-22,
    "X_h8_norm": 9.70628077981405e-22,
    "X_h9_norm": 7.637279803782983e-23,
    "X_h10_norm": 8.461439549144456e-24
  },
  "reports": [
    {
      "converged": true,
      "source_scale": 1.0,
      "coeff_abs": 3.8629797195302585e-21,
      "coeff_rel": 2.3839821414224533e-13,
      "time_abs": null,
      "time_rel": null,
      "newton_iterations": 4,
      "gmres_iterations_total": 4,
      "factor_runtime_s": 0.6561024999828078,
      "runtime_s": 1.258853299979819,
      "failure_reason": "",
      "preconditioner_assembly_runtime_s": 0.22209439997095615,
      "preconditioner_numeric_factor_runtime_s": 0.4311452999827452
    }
  ],
  "final_status": "VALID_CONVERGED"
}