{
  "metadata": {
    "pump_modes": [
      1,
      3,
      5,
      7,
      9,
      11,
      13,
      15,
      17,
      19
    ],
    "pump_basis": "positive_phasor",
    "real_reconstruction_factor": 2,
    "omega_p": 44252474118.46583,
    "phase_convention": "exp_plus_i_k_omega_t",
    "pump_mode_policy": "positive_odd_jc",
    "pump_source_mode": 1,
    "pump_freq_ghz": 7.043,
    "nt": 40,
    "pump_current_a": 7.493630705306777e-06,
    "pump_current_ratio_ic_median": 2.821160675645906,
    "pump_backend": "schur_cpu_mt"
  },
  "solution_summary": {
    "x_rms": 1.9286696418201335e-15,
    "x_max_abs": 4.345800518454436e-15,
    "branch_psi_rms": 1.0744619629808299e-16,
    "branch_psi_max_abs": 2.2225445221971407e-16,
    "branch_i_rms": 8.374646201275997e-07,
    "branch_i_max_abs": 1.660546272469573e-06,
    "X_h1_norm": 1.0949240329213784e-13,
    "X_h2_norm": 4.702561142130001e-16,
    "X_h3_norm": 1.3804553495163458e-17,
    "X_h4_norm": 8.540621364556645e-19,
    "X_h5_norm": 5.201956086403243e-20,
    "X_h6_norm": 1.680452861126538e-21,
    "X_h7_norm": 1.0964289060080894e-22,
    "X_h8_norm": 9.421967488756932e-24,
    "X_h9_norm": 5.953995665582992e-24,
    "X_h10_norm": 6.331503451887083e-26
  },
  "reports": [
    {
      "converged": true,
      "source_scale": 1.0,
      "coeff_abs": 7.485458531531029e-22,
      "coeff_rel": 4.4833121580721214e-14,
      "time_abs": null,
      "time_rel": null,
      "newton_iterations": 2,
      "gmres_iterations_total": 2,
      "factor_runtime_s": 0.28837059999932535,
      "runtime_s": 0.5549680000112858,
      "failure_reason": "",
      "preconditioner_assembly_runtime_s": 0.10847790000843816,
      "preconditioner_numeric_factor_runtime_s": 0.17890480000642128
    }
  ],
  "final_status": "VALID_CONVERGED"
}