{
  "metadata": {
    "pump_modes": [
      1,
      3,
      5,
      7,
      9,
      11,
      13,
      15,
      17,
      19
    ],
    "pump_basis": "positive_phasor",
    "real_reconstruction_factor": 2,
    "omega_p": 51227194494.314,
    "phase_convention": "exp_plus_i_k_omega_t",
    "pump_mode_policy": "positive_odd_jc",
    "pump_source_mode": 1,
    "pump_freq_ghz": 8.1530612245,
    "nt": 40,
    "pump_current_a": 1.385033408236464e-05,
    "pump_current_ratio_ic_median": 5.214297233790054,
    "pump_backend": "full"
  },
  "solution_summary": {
    "x_rms": 3.1184496014740644e-15,
    "x_max_abs": 7.124804179032027e-15,
    "branch_psi_rms": 1.4124181418255918e-16,
    "branch_psi_max_abs": 2.575117805626233e-16,
    "branch_i_rms": 1.0884276941464085e-06,
    "branch_i_max_abs": 1.87270358184638e-06,
    "X_h1_norm": 1.7703555914548647e-13,
    "X_h2_norm": 1.0990572570906313e-15,
    "X_h3_norm": 3.0744069822429156e-17,
    "X_h4_norm": 1.5034769710396086e-18,
    "X_h5_norm": 9.874932815523712e-20,
    "X_h6_norm": 7.086666300173378e-21,
    "X_h7_norm": 5.201722301571225e-22,
    "X_h8_norm": 4.344377404672624e-23,
    "X_h9_norm": 4.950760406753128e-24,
    "X_h10_norm": 8.157981543236754e-25
  },
  "reports": [
    {
      "converged": true,
      "source_scale": 1.0,
      "coeff_abs": 1.285960295105379e-20,
      "coeff_rel": 6.667414491586974e-13,
      "time_abs": 1.9830750929119333e-19,
      "time_rel": 1.6256949596229577e-12,
      "newton_iterations": 5,
      "gmres_iterations_total": 5,
      "factor_runtime_s": 3.203412200004095,
      "runtime_s": 4.287943800009089,
      "failure_reason": "",
      "preconditioner_assembly_runtime_s": 0.0,
      "preconditioner_numeric_factor_runtime_s": 0.0
    }
  ],
  "final_status": "VALID_CONVERGED"
}