{
  "metadata": {
    "pump_modes": [
      1,
      3,
      5,
      7,
      9,
      11,
      13,
      15,
      17,
      19
    ],
    "pump_basis": "positive_phasor",
    "real_reconstruction_factor": 2,
    "omega_p": 44252474118.46583,
    "phase_convention": "exp_plus_i_k_omega_t",
    "pump_mode_policy": "positive_odd_jc",
    "pump_source_mode": 1,
    "pump_freq_ghz": 7.043,
    "nt": 40,
    "pump_current_a": 7.946800066764506e-06,
    "pump_current_ratio_ic_median": 2.9917673724833596,
    "pump_backend": "schur_cpu_mt"
  },
  "solution_summary": {
    "x_rms": 2.048603063797577e-15,
    "x_max_abs": 4.640395574951175e-15,
    "branch_psi_rms": 1.1279586044889514e-16,
    "branch_psi_max_abs": 2.3012531341494815e-16,
    "branch_i_rms": 8.765307732468699e-07,
    "branch_i_max_abs": 1.7096487834015806e-06,
    "X_h1_norm": 1.1630063082682333e-13,
    "X_h2_norm": 6.058882367429256e-16,
    "X_h3_norm": 2.0541586817390962e-17,
    "X_h4_norm": 1.471046592242556e-18,
    "X_h5_norm": 9.158214293034888e-20,
    "X_h6_norm": 3.674142695643607e-21,
    "X_h7_norm": 2.7530146312777465e-22,
    "X_h8_norm": 2.447326928606423e-23,
    "X_h9_norm": 2.1140734719593936e-23,
    "X_h10_norm": 2.383160486928067e-25
  },
  "reports": [
    {
      "converged": true,
      "source_scale": 1.0,
      "coeff_abs": 7.48705716638054e-22,
      "coeff_rel": 4.2285524199224506e-14,
      "time_abs": null,
      "time_rel": null,
      "newton_iterations": 2,
      "gmres_iterations_total": 2,
      "factor_runtime_s": 0.2096587999840267,
      "runtime_s": 0.3807016999926418,
      "failure_reason": "",
      "preconditioner_assembly_runtime_s": 0.06288089998997748,
      "preconditioner_numeric_factor_runtime_s": 0.14590339999995194
    }
  ],
  "final_status": "VALID_CONVERGED"
}