{
  "metadata": {
    "pump_modes": [
      1,
      3,
      5,
      7,
      9,
      11,
      13,
      15,
      17,
      19
    ],
    "pump_basis": "positive_phasor",
    "real_reconstruction_factor": 2,
    "omega_p": 51227194494.314,
    "phase_convention": "exp_plus_i_k_omega_t",
    "pump_mode_policy": "positive_odd_jc",
    "pump_source_mode": 1,
    "pump_freq_ghz": 8.1530612245,
    "nt": 40,
    "pump_current_a": 1.411595447621306e-05,
    "pump_current_ratio_ic_median": 5.314296531759738,
    "pump_backend": "full"
  },
  "solution_summary": {
    "x_rms": 3.143813141087576e-15,
    "x_max_abs": 7.197070442119006e-15,
    "branch_psi_rms": 1.4452200570367718e-16,
    "branch_psi_max_abs": 2.5409008435158384e-16,
    "branch_i_rms": 1.1110772667488995e-06,
    "branch_i_max_abs": 1.8530175168751139e-06,
    "X_h1_norm": 1.7847552006713273e-13,
    "X_h2_norm": 1.0974074896777386e-15,
    "X_h3_norm": 4.1766983607714754e-17,
    "X_h4_norm": 2.239834140081412e-18,
    "X_h5_norm": 1.7209633990423865e-19,
    "X_h6_norm": 1.392432451970342e-20,
    "X_h7_norm": 1.3047638652199647e-21,
    "X_h8_norm": 1.5027905887639907e-22,
    "X_h9_norm": 1.984719700801087e-23,
    "X_h10_norm": 4.011360211746993e-24
  },
  "reports": [
    {
      "converged": false,
      "source_scale": 1.0,
      "coeff_abs": 2.006863388332628e-10,
      "coeff_rel": 0.0102093408884288,
      "time_abs": 1.2692518519867852e-09,
      "time_rel": 0.01020934088842854,
      "newton_iterations": 4,
      "gmres_iterations_total": 4,
      "factor_runtime_s": 2.663244700001087,
      "runtime_s": 4.719648900005268,
      "failure_reason": "stalled at Newton 4 (reduction ratio 0.980)",
      "preconditioner_assembly_runtime_s": 0.0,
      "preconditioner_numeric_factor_runtime_s": 0.0
    }
  ],
  "final_status": "FAIL"
}