{
  "metadata": {
    "pump_modes": [
      1,
      3,
      5,
      7,
      9,
      11,
      13,
      15,
      17,
      19
    ],
    "pump_basis": "positive_phasor",
    "real_reconstruction_factor": 2,
    "omega_p": 44252474118.46583,
    "phase_convention": "exp_plus_i_k_omega_t",
    "pump_mode_policy": "positive_odd_jc",
    "pump_source_mode": 1,
    "pump_freq_ghz": 7.043,
    "nt": 40,
    "pump_current_a": 7.344162653481591e-06,
    "pump_current_ratio_ic_median": 2.764889769504774,
    "pump_backend": "schur_cpu_mt"
  },
  "solution_summary": {
    "x_rms": 1.888221428749911e-15,
    "x_max_abs": 4.239534341404166e-15,
    "branch_psi_rms": 1.0523613717126425e-16,
    "branch_psi_max_abs": 2.1976915749465914e-16,
    "branch_i_rms": 8.21295610910355e-07,
    "branch_i_max_abs": 1.6448430803463102e-06,
    "X_h1_norm": 1.071961799505331e-13,
    "X_h2_norm": 4.462096705345349e-16,
    "X_h3_norm": 1.298926209203029e-17,
    "X_h4_norm": 8.71856852372267e-19,
    "X_h5_norm": 5.19031210448561e-20,
    "X_h6_norm": 1.4836141888636283e-21,
    "X_h7_norm": 1.1386946861199154e-22,
    "X_h8_norm": 9.273094648706311e-24,
    "X_h9_norm": 8.48115224296214e-24,
    "X_h10_norm": 8.296091335477483e-26
  },
  "reports": [
    {
      "converged": true,
      "source_scale": 1.0,
      "coeff_abs": 6.5105497385483e-18,
      "coeff_rel": 3.9787644669975024e-10,
      "time_abs": null,
      "time_rel": null,
      "newton_iterations": 2,
      "gmres_iterations_total": 2,
      "factor_runtime_s": 0.36691300000529736,
      "runtime_s": 0.7052943999879062,
      "failure_reason": "",
      "preconditioner_assembly_runtime_s": 0.12486029998399317,
      "preconditioner_numeric_factor_runtime_s": 0.24091240001143888
    }
  ],
  "final_status": "VALID_CONVERGED"
}