{
  "metadata": {
    "pump_modes": [
      1,
      3,
      5,
      7,
      9,
      11,
      13,
      15,
      17,
      19
    ],
    "pump_basis": "positive_phasor",
    "real_reconstruction_factor": 2,
    "omega_p": 44252474118.46583,
    "phase_convention": "exp_plus_i_k_omega_t",
    "pump_mode_policy": "positive_odd_jc",
    "pump_source_mode": 1,
    "pump_freq_ghz": 7.043,
    "nt": 40,
    "pump_current_a": 7.356856530686323e-06,
    "pump_current_ratio_ic_median": 2.769668690244237,
    "pump_backend": "schur_cpu_mt"
  },
  "solution_summary": {
    "x_rms": 1.8916524175758354e-15,
    "x_max_abs": 4.248302503819269e-15,
    "branch_psi_rms": 1.0541298472853164e-16,
    "branch_psi_max_abs": 2.2005313858339117e-16,
    "branch_i_rms": 8.22598369344493e-07,
    "branch_i_max_abs": 1.6466421621454553e-06,
    "X_h1_norm": 1.0739095591912572e-13,
    "X_h2_norm": 4.474330977367051e-16,
    "X_h3_norm": 2.817410265500811e-17,
    "X_h4_norm": 1.0619759306055083e-18,
    "X_h5_norm": 1.4289375247209582e-19,
    "X_h6_norm": 4.409825565031415e-20,
    "X_h7_norm": 1.4445993859006618e-21,
    "X_h8_norm": 1.8206893341172016e-21,
    "X_h9_norm": 1.1367116501969086e-22,
    "X_h10_norm": 9.924194455063234e-24
  },
  "reports": [
    {
      "converged": true,
      "source_scale": 1.0,
      "coeff_abs": 3.512782888641646e-18,
      "coeff_rel": 2.1430478999500428e-10,
      "time_abs": null,
      "time_rel": null,
      "newton_iterations": 7,
      "gmres_iterations_total": 7,
      "factor_runtime_s": 1.1946347000193782,
      "runtime_s": 2.237116199976299,
      "failure_reason": "",
      "preconditioner_assembly_runtime_s": 0.4400922999193426,
      "preconditioner_numeric_factor_runtime_s": 0.7499988999916241
    }
  ],
  "final_status": "VALID_CONVERGED"
}