{
  "metadata": {
    "pump_modes": [
      1,
      3,
      5,
      7,
      9,
      11,
      13,
      15,
      17,
      19
    ],
    "pump_basis": "positive_phasor",
    "real_reconstruction_factor": 2,
    "omega_p": 51227194494.314,
    "phase_convention": "exp_plus_i_k_omega_t",
    "pump_mode_policy": "positive_odd_jc",
    "pump_source_mode": 1,
    "pump_freq_ghz": 8.1530612245,
    "nt": 40,
    "pump_current_a": 1.354285563892898e-05,
    "pump_current_ratio_ic_median": 5.098539448633229,
    "pump_backend": "schur_cpu_mt"
  },
  "solution_summary": {
    "x_rms": 1.504925235735355e-15,
    "x_max_abs": 3.4624868166093206e-15,
    "branch_psi_rms": 9.729769011762978e-17,
    "branch_psi_max_abs": 2.0943697547224735e-16,
    "branch_i_rms": 7.624197417060664e-07,
    "branch_i_max_abs": 1.5785643999126095e-06,
    "X_h1_norm": 8.543076040665874e-14,
    "X_h2_norm": 1.0173123209755138e-15,
    "X_h3_norm": 2.3161500784163132e-17,
    "X_h4_norm": 1.7894886696369875e-18,
    "X_h5_norm": 1.1253184707548863e-19,
    "X_h6_norm": 9.771673192005312e-21,
    "X_h7_norm": 7.631336258971977e-22,
    "X_h8_norm": 7.70480070016817e-23,
    "X_h9_norm": 8.186768208369815e-24,
    "X_h10_norm": 1.0432250544475808e-24
  },
  "reports": [
    {
      "converged": false,
      "source_scale": 1.0,
      "coeff_abs": 5.968537662789042e-09,
      "coeff_rel": 0.19780193965367443,
      "time_abs": null,
      "time_rel": null,
      "newton_iterations": 5,
      "gmres_iterations_total": 5,
      "factor_runtime_s": 0.6726886999676935,
      "runtime_s": 1.3810315000009723,
      "failure_reason": "stalled at Newton 5 (reduction ratio 0.999)",
      "preconditioner_assembly_runtime_s": 0.22479129995917901,
      "preconditioner_numeric_factor_runtime_s": 0.44508740000310354
    },
    {
      "converged": true,
      "source_scale": 0.5,
      "coeff_abs": 1.3845649865526372e-18,
      "coeff_rel": 9.17711021994954e-11,
      "time_abs": null,
      "time_rel": null,
      "newton_iterations": 14,
      "gmres_iterations_total": 14,
      "factor_runtime_s": 1.9085341999889351,
      "runtime_s": 3.658088800002588,
      "failure_reason": "",
      "preconditioner_assembly_runtime_s": 0.5579121000482701,
      "preconditioner_numeric_factor_runtime_s": 1.3421929999894928
    },
    {
      "converged": false,
      "source_scale": 1.0,
      "coeff_abs": 3.5755353522766207e-09,
      "coeff_rel": 0.11849599817220711,
      "time_abs": null,
      "time_rel": null,
      "newton_iterations": 4,
      "gmres_iterations_total": 4,
      "factor_runtime_s": 0.4974962999986019,
      "runtime_s": 1.0593064000131562,
      "failure_reason": "line search failed at Newton 4",
      "preconditioner_assembly_runtime_s": 0.1346985999844037,
      "preconditioner_numeric_factor_runtime_s": 0.3609077000292018
    },
    {
      "converged": false,
      "source_scale": 0.75,
      "coeff_abs": 5.280361775381593e-10,
      "coeff_rel": 0.023332701358443633,
      "time_abs": null,
      "time_rel": null,
      "newton_iterations": 5,
      "gmres_iterations_total": 5,
      "factor_runtime_s": 0.6101629999757279,
      "runtime_s": 1.2605839999741875,
      "failure_reason": "stalled at Newton 5 (reduction ratio 0.983)",
      "preconditioner_assembly_runtime_s": 0.16400670001166873,
      "preconditioner_numeric_factor_runtime_s": 0.44347180001204833
    },
    {
      "converged": false,
      "source_scale": 0.625,
      "coeff_abs": 2.1779659887291907e-10,
      "coeff_rel": 0.01154871551887784,
      "time_abs": null,
      "time_rel": null,
      "newton_iterations": 5,
      "gmres_iterations_total": 5,
      "factor_runtime_s": 0.5442861000192352,
      "runtime_s": 1.0488818000012543,
      "failure_reason": "stalled at Newton 5 (reduction ratio 0.986)",
      "preconditioner_assembly_runtime_s": 0.1450314999674447,
      "preconditioner_numeric_factor_runtime_s": 0.39678149996325374
    },
    {
      "converged": false,
      "source_scale": 0.5625,
      "coeff_abs": 6.158360246815699e-11,
      "coeff_rel": 0.003628316558828405,
      "time_abs": null,
      "time_rel": null,
      "newton_iterations": 5,
      "gmres_iterations_total": 5,
      "factor_runtime_s": 0.5560351999884006,
      "runtime_s": 1.1411255999992136,
      "failure_reason": "stalled at Newton 5 (reduction ratio 0.921)",
      "preconditioner_assembly_runtime_s": 0.14044479999574833,
      "preconditioner_numeric_factor_runtime_s": 0.41293280001264066
    },
    {
      "converged": true,
      "source_scale": 0.05,
      "coeff_abs": 3.136195758702087e-22,
      "coeff_rel": 2.0787189065504468e-13,
      "time_abs": null,
      "time_rel": null,
      "newton_iterations": 3,
      "gmres_iterations_total": 3,
      "factor_runtime_s": 0.4107236999843735,
      "runtime_s": 0.7504757999849971,
      "failure_reason": "",
      "preconditioner_assembly_runtime_s": 0.1309880000189878,
      "preconditioner_numeric_factor_runtime_s": 0.2782225000264589
    },
    {
      "converged": true,
      "source_scale": 0.1,
      "coeff_abs": 6.344868543092635e-19,
      "coeff_rel": 2.102738351633093e-10,
      "time_abs": null,
      "time_rel": null,
      "newton_iterations": 3,
      "gmres_iterations_total": 3,
      "factor_runtime_s": 0.3422820999985561,
      "runtime_s": 0.642305799992755,
      "failure_reason": "",
      "preconditioner_assembly_runtime_s": 0.08914159997948445,
      "preconditioner_numeric_factor_runtime_s": 0.25160519999917597
    },
    {
      "converged": true,
      "source_scale": 0.15,
      "coeff_abs": 1.239624148095136e-22,
      "coeff_rel": 2.7388066646369785e-14,
      "time_abs": null,
      "time_rel": null,
      "newton_iterations": 3,
      "gmres_iterations_total": 3,
      "factor_runtime_s": 0.36259450003854,
      "runtime_s": 0.7054466999834403,
      "failure_reason": "",
      "preconditioner_assembly_runtime_s": 0.10903260001214221,
      "preconditioner_numeric_factor_runtime_s": 0.25172010003007017
    },
    {
      "converged": true,
      "source_scale": 0.2,
      "coeff_abs": 3.415914106768783e-21,
      "coeff_rel": 5.660301351717345e-13,
      "time_abs": null,
      "time_rel": null,
      "newton_iterations": 3,
      "gmres_iterations_total": 3,
      "factor_runtime_s": 0.4052928000164684,
      "runtime_s": 0.8155452999926638,
      "failure_reason": "",
      "preconditioner_assembly_runtime_s": 0.11343939998187125,
      "preconditioner_numeric_factor_runtime_s": 0.29016700002830476
    },
    {
      "converged": true,
      "source_scale": 0.25,
      "coeff_abs": 4.07969593459496e-18,
      "coeff_rel": 5.408170742332237e-10,
      "time_abs": null,
      "time_rel": null,
      "newton_iterations": 3,
      "gmres_iterations_total": 3,
      "factor_runtime_s": 0.4186574000050314,
      "runtime_s": 0.7815190999826882,
      "failure_reason": "",
      "preconditioner_assembly_runtime_s": 0.13368219998665154,
      "preconditioner_numeric_factor_runtime_s": 0.2829599999822676
    },
    {
      "converged": true,
      "source_scale": 0.3,
      "coeff_abs": 3.4403480954178914e-22,
      "coeff_rel": 3.8005262751942305e-14,
      "time_abs": null,
      "time_rel": null,
      "newton_iterations": 4,
      "gmres_iterations_total": 4,
      "factor_runtime_s": 0.49544730002526194,
      "runtime_s": 0.9482901000010315,
      "failure_reason": "",
      "preconditioner_assembly_runtime_s": 0.1435879000055138,
      "preconditioner_numeric_factor_runtime_s": 0.35001890000421554
    },
    {
      "converged": true,
      "source_scale": 0.35,
      "coeff_abs": 2.3912212596788284e-18,
      "coeff_rel": 2.2641976023920455e-10,
      "time_abs": null,
      "time_rel": null,
      "newton_iterations": 4,
      "gmres_iterations_total": 4,
      "factor_runtime_s": 0.43462230000295676,
      "runtime_s": 0.8111228999914601,
      "failure_reason": "",
      "preconditioner_assembly_runtime_s": 0.107510599977104,