{
  "metadata": {
    "pump_modes": [
      1,
      3,
      5,
      7,
      9,
      11,
      13,
      15,
      17,
      19
    ],
    "pump_basis": "positive_phasor",
    "real_reconstruction_factor": 2,
    "omega_p": 51227194494.314,
    "phase_convention": "exp_plus_i_k_omega_t",
    "pump_mode_policy": "positive_odd_jc",
    "pump_source_mode": 1,
    "pump_freq_ghz": 8.1530612245,
    "nt": 40,
    "pump_current_a": 1.4140352927228234e-05,
    "pump_current_ratio_ic_median": 5.323481925764001,
    "pump_backend": "full"
  },
  "solution_summary": {
    "x_rms": 3.144105390590272e-15,
    "x_max_abs": 7.197674651234975e-15,
    "branch_psi_rms": 1.4455741250596756e-16,
    "branch_psi_max_abs": 2.549721404480354e-16,
    "branch_i_rms": 1.111253082836304e-06,
    "branch_i_max_abs": 1.8581115032140331e-06,
    "X_h1_norm": 1.7849198453090874e-13,
    "X_h2_norm": 1.1178914150373956e-15,
    "X_h3_norm": 4.248121580300837e-17,
    "X_h4_norm": 2.328927179728882e-18,
    "X_h5_norm": 1.8052165182636552e-19,
    "X_h6_norm": 1.4718730505100903e-20,
    "X_h7_norm": 1.3790215526683912e-21,
    "X_h8_norm": 1.570764344548973e-22,
    "X_h9_norm": 2.0891581337073803e-23,
    "X_h10_norm": 4.183588575046348e-24
  },
  "reports": [
    {
      "converged": false,
      "source_scale": 1.0,
      "coeff_abs": 2.3344945910366696e-10,
      "coeff_rel": 0.011855578950939138,
      "time_abs": 1.4764640186038097e-09,
      "time_rel": 0.011855578950938934,
      "newton_iterations": 4,
      "gmres_iterations_total": 4,
      "factor_runtime_s": 2.556228999979794,
      "runtime_s": 4.672702499985462,
      "failure_reason": "stalled at Newton 4 (reduction ratio 0.979)",
      "preconditioner_assembly_runtime_s": 0.0,
      "preconditioner_numeric_factor_runtime_s": 0.0
    }
  ],
  "final_status": "FAIL"
}