{
  "metadata": {
    "pump_modes": [
      1,
      3,
      5,
      7,
      9,
      11,
      13,
      15,
      17,
      19
    ],
    "pump_basis": "positive_phasor",
    "real_reconstruction_factor": 2,
    "omega_p": 44252474118.46583,
    "phase_convention": "exp_plus_i_k_omega_t",
    "pump_mode_policy": "positive_odd_jc",
    "pump_source_mode": 1,
    "pump_freq_ghz": 7.043,
    "nt": 40,
    "pump_current_a": 7.783811081441024e-06,
    "pump_current_ratio_ic_median": 2.9304061800199515,
    "pump_backend": "schur_cpu_mt"
  },
  "solution_summary": {
    "x_rms": 2.0059085304772874e-15,
    "x_max_abs": 4.538714923932174e-15,
    "branch_psi_rms": 1.1107358868283652e-16,
    "branch_psi_max_abs": 2.2707192323248487e-16,
    "branch_i_rms": 8.63956548401523e-07,
    "branch_i_max_abs": 1.6907147104874674e-06,
    "X_h1_norm": 1.1387706374218174e-13,
    "X_h2_norm": 5.471063775465789e-16,
    "X_h3_norm": 1.7849844974473552e-17,
    "X_h4_norm": 1.2848721295498128e-18,
    "X_h5_norm": 8.107330234786519e-20,
    "X_h6_norm": 2.8981580221924857e-21,
    "X_h7_norm": 2.202530066877213e-22,
    "X_h8_norm": 2.0375601355439365e-23,
    "X_h9_norm": 1.7388802184723896e-23,
    "X_h10_norm": 2.0083912843537322e-25
  },
  "reports": [
    {
      "converged": true,
      "source_scale": 1.0,
      "coeff_abs": 6.79951674070816e-22,
      "coeff_rel": 3.9206549004453285e-14,
      "time_abs": null,
      "time_rel": null,
      "newton_iterations": 2,
      "gmres_iterations_total": 2,
      "factor_runtime_s": 0.17835770000237972,
      "runtime_s": 0.33436400000937283,
      "failure_reason": "",
      "preconditioner_assembly_runtime_s": 0.04798499998287298,
      "preconditioner_numeric_factor_runtime_s": 0.1296458999859169
    }
  ],
  "final_status": "VALID_CONVERGED"
}