{
  "metadata": {
    "pump_modes": [
      1,
      3,
      5,
      7,
      9,
      11,
      13,
      15,
      17,
      19
    ],
    "pump_basis": "positive_phasor",
    "real_reconstruction_factor": 2,
    "omega_p": 51227194494.314,
    "phase_convention": "exp_plus_i_k_omega_t",
    "pump_mode_policy": "positive_odd_jc",
    "pump_source_mode": 1,
    "pump_freq_ghz": 8.1530612245,
    "nt": 40,
    "pump_current_a": 1.3739162149260116e-05,
    "pump_current_ratio_ic_median": 5.172443838787828,
    "pump_backend": "full"
  },
  "solution_summary": {
    "x_rms": 3.09374107511925e-15,
    "x_max_abs": 7.0650393537561796e-15,
    "branch_psi_rms": 1.3865043855527118e-16,
    "branch_psi_max_abs": 2.5232619760563725e-16,
    "branch_i_rms": 1.0693096594353786e-06,
    "branch_i_max_abs": 1.8427909593268078e-06,
    "X_h1_norm": 1.7563217349067152e-13,
    "X_h2_norm": 1.193450271012909e-15,
    "X_h3_norm": 4.442079133331111e-17,
    "X_h4_norm": 2.024374232658691e-18,
    "X_h5_norm": 1.4710039680719138e-19,
    "X_h6_norm": 1.0781165524219551e-20,
    "X_h7_norm": 1.3724850475583808e-21,
    "X_h8_norm": 1.9700794983917454e-22,
    "X_h9_norm": 7.615257659052467e-24,
    "X_h10_norm": 8.132448733115227e-25
  },
  "reports": [
    {
      "converged": true,
      "source_scale": 1.0,
      "coeff_abs": 8.456415740193197e-20,
      "coeff_rel": 4.41993844278681e-12,
      "time_abs": 5.645981828479717e-19,
      "time_rel": 4.665942423017954e-12,
      "newton_iterations": 3,
      "gmres_iterations_total": 3,
      "factor_runtime_s": 1.7055111000081524,
      "runtime_s": 2.309276600019075,
      "failure_reason": "",
      "preconditioner_assembly_runtime_s": 0.0,
      "preconditioner_numeric_factor_runtime_s": 0.0
    }
  ],
  "final_status": "VALID_CONVERGED"
}