{
  "metadata": {
    "pump_modes": [
      1,
      3,
      5,
      7,
      9,
      11,
      13,
      15,
      17,
      19
    ],
    "pump_basis": "positive_phasor",
    "real_reconstruction_factor": 2,
    "omega_p": 44252474118.46583,
    "phase_convention": "exp_plus_i_k_omega_t",
    "pump_mode_policy": "positive_odd_jc",
    "pump_source_mode": 1,
    "pump_freq_ghz": 7.043,
    "nt": 40,
    "pump_current_a": 7.4206557834782155e-06,
    "pump_current_ratio_ic_median": 2.7936874803595035,
    "pump_backend": "schur_cpu_mt"
  },
  "solution_summary": {
    "x_rms": 1.9089786722534356e-15,
    "x_max_abs": 4.294378127397333e-15,
    "branch_psi_rms": 1.0639433889140971e-16,
    "branch_psi_max_abs": 2.206999000783389e-16,
    "branch_i_rms": 8.297747655722388e-07,
    "branch_i_max_abs": 1.650734958539969e-06,
    "X_h1_norm": 1.08374562091103e-13,
    "X_h2_norm": 4.575329760174038e-16,
    "X_h3_norm": 1.3119592631424551e-17,
    "X_h4_norm": 8.521106494806551e-19,
    "X_h5_norm": 5.101345581732173e-20,
    "X_h6_norm": 1.5078313300652186e-21,
    "X_h7_norm": 1.0682741755362306e-22,
    "X_h8_norm": 8.942724817479663e-24,
    "X_h9_norm": 5.9025376136404864e-24,
    "X_h10_norm": 7.073573424450061e-26
  },
  "reports": [
    {
      "converged": true,
      "source_scale": 1.0,
      "coeff_abs": 1.5698559751475265e-17,
      "coeff_rel": 9.494899668399377e-10,
      "time_abs": null,
      "time_rel": null,
      "newton_iterations": 1,
      "gmres_iterations_total": 1,
      "factor_runtime_s": 0.15694250000524335,
      "runtime_s": 0.2906815999886021,
      "failure_reason": "",
      "preconditioner_assembly_runtime_s": 0.038304799993056804,
      "preconditioner_numeric_factor_runtime_s": 0.11797620001016185
    }
  ],
  "final_status": "VALID_CONVERGED"
}