{
  "metadata": {
    "pump_modes": [
      1,
      3,
      5,
      7,
      9,
      11,
      13,
      15,
      17,
      19
    ],
    "pump_basis": "positive_phasor",
    "real_reconstruction_factor": 2,
    "omega_p": 51227194494.314,
    "phase_convention": "exp_plus_i_k_omega_t",
    "pump_mode_policy": "positive_odd_jc",
    "pump_source_mode": 1,
    "pump_freq_ghz": 8.1530612245,
    "nt": 40,
    "pump_current_a": 1.3962405575324133e-05,
    "pump_current_ratio_ic_median": 5.256489290115214,
    "pump_backend": "full"
  },
  "solution_summary": {
    "x_rms": 3.1413238675262967e-15,
    "x_max_abs": 7.188446507383427e-15,
    "branch_psi_rms": 1.4381407123292485e-16,
    "branch_psi_max_abs": 2.4513311139789464e-16,
    "branch_i_rms": 1.1067459373600538e-06,
    "branch_i_max_abs": 1.8005423699062166e-06,
    "X_h1_norm": 1.7833511997502547e-13,
    "X_h2_norm": 9.358616212774357e-16,
    "X_h3_norm": 3.541524856168425e-17,
    "X_h4_norm": 1.4881672094663371e-18,
    "X_h5_norm": 9.810874696344599e-20,
    "X_h6_norm": 6.605955897044281e-21,
    "X_h7_norm": 5.7014937673492045e-22,
    "X_h8_norm": 7.341125628038184e-23,
    "X_h9_norm": 4.926280252002491e-24,
    "X_h10_norm": 8.603159369999674e-25
  },
  "reports": [
    {
      "converged": true,
      "source_scale": 1.0,
      "coeff_abs": 1.2781694693390824e-20,
      "coeff_rel": 6.573827966791335e-13,
      "time_abs": 1.9866469254589007e-19,
      "time_rel": 1.6155506888252285e-12,
      "newton_iterations": 7,
      "gmres_iterations_total": 7,
      "factor_runtime_s": 4.32245549999061,
      "runtime_s": 5.8083877000026405,
      "failure_reason": "",
      "preconditioner_assembly_runtime_s": 0.0,
      "preconditioner_numeric_factor_runtime_s": 0.0
    }
  ],
  "final_status": "VALID_CONVERGED"
}