{
  "metadata": {
    "pump_modes": [
      1,
      3,
      5,
      7,
      9,
      11,
      13,
      15,
      17,
      19
    ],
    "pump_basis": "positive_phasor",
    "real_reconstruction_factor": 2,
    "omega_p": 44252474118.46583,
    "phase_convention": "exp_plus_i_k_omega_t",
    "pump_mode_policy": "positive_odd_jc",
    "pump_source_mode": 1,
    "pump_freq_ghz": 7.043,
    "nt": 40,
    "pump_current_a": 1.3796889170384084e-05,
    "pump_current_ratio_ic_median": 5.19417658868192,
    "pump_backend": "schur_cpu_mt"
  },
  "solution_summary": {
    "x_rms": 1.589339760584146e-15,
    "x_max_abs": 3.641430615190186e-15,
    "branch_psi_rms": 8.870395629577261e-17,
    "branch_psi_max_abs": 1.8684801324777538e-16,
    "branch_i_rms": 6.989840311637379e-07,
    "branch_i_max_abs": 1.4283346202131295e-06,
    "X_h1_norm": 9.022833936906235e-14,
    "X_h2_norm": 3.828273704727425e-16,
    "X_h3_norm": 3.2193634727104334e-17,
    "X_h4_norm": 4.750535246381702e-19,
    "X_h5_norm": 2.6249631738332116e-20,
    "X_h6_norm": 1.3766471686524314e-20,
    "X_h7_norm": 3.4613893125263346e-22,
    "X_h8_norm": 6.293856644979802e-22,
    "X_h9_norm": 1.5321684577323564e-23,
    "X_h10_norm": 6.472544878862942e-25
  },
  "reports": [
    {
      "converged": false,
      "source_scale": 1.0,
      "coeff_abs": 3.880234262350196e-09,
      "coeff_rel": 0.12622623452254797,
      "time_abs": null,
      "time_rel": null,
      "newton_iterations": 6,
      "gmres_iterations_total": 6,
      "factor_runtime_s": 0.6941300999606028,
      "runtime_s": 1.4232197999954224,
      "failure_reason": "stalled at Newton 6 (reduction ratio 0.998)",
      "preconditioner_assembly_runtime_s": 0.20084840001072735,
      "preconditioner_numeric_factor_runtime_s": 0.490298700024141
    },
    {
      "converged": true,
      "source_scale": 0.5,
      "coeff_abs": 3.6751218386687153e-19,
      "coeff_rel": 2.3910762069595253e-11,
      "time_abs": null,
      "time_rel": null,
      "newton_iterations": 16,
      "gmres_iterations_total": 16,
      "factor_runtime_s": 2.1049797000014223,
      "runtime_s": 3.9942036000138614,
      "failure_reason": "",
      "preconditioner_assembly_runtime_s": 0.6928723999590147,
      "preconditioner_numeric_factor_runtime_s": 1.4036393999413121
    },
    {
      "converged": false,
      "source_scale": 1.0,
      "coeff_abs": 3.8614894373725125e-09,
      "coeff_rel": 0.12561645467067786,
      "time_abs": null,
      "time_rel": null,
      "newton_iterations": 4,
      "gmres_iterations_total": 4,
      "factor_runtime_s": 0.5649519999569748,
      "runtime_s": 1.1296510999964084,
      "failure_reason": "stalled at Newton 4 (reduction ratio 0.998)",
      "preconditioner_assembly_runtime_s": 0.193045499996515,
      "preconditioner_numeric_factor_runtime_s": 0.3697256000014022
    },
    {
      "converged": false,
      "source_scale": 0.75,
      "coeff_abs": 3.0938903589406245e-10,
      "coeff_rel": 0.013419469156763454,
      "time_abs": null,
      "time_rel": null,
      "newton_iterations": 6,
      "gmres_iterations_total": 6,
      "factor_runtime_s": 0.8632698000292294,
      "runtime_s": 1.6972599999862723,
      "failure_reason": "stalled at Newton 6 (reduction ratio 0.956)",
      "preconditioner_assembly_runtime_s": 0.29544690003967844,
      "preconditioner_numeric_factor_runtime_s": 0.5645805000385735
    },
    {
      "converged": false,
      "source_scale": 0.625,
      "coeff_abs": 3.267470231496017e-10,
      "coeff_rel": 0.01700682735527217,
      "time_abs": null,
      "time_rel": null,
      "newton_iterations": 6,
      "gmres_iterations_total": 6,
      "factor_runtime_s": 0.7898496999696363,
      "runtime_s": 1.6084286000113934,
      "failure_reason": "stalled at Newton 6 (reduction ratio 0.997)",
      "preconditioner_assembly_runtime_s": 0.27004899995517917,
      "preconditioner_numeric_factor_runtime_s": 0.5169444999482948
    },
    {
      "converged": true,
      "source_scale": 0.5625,
      "coeff_abs": 7.118048776755826e-22,
      "coeff_rel": 4.1165188994704034e-14,
      "time_abs": null,
      "time_rel": null,
      "newton_iterations": 11,
      "gmres_iterations_total": 11,
      "factor_runtime_s": 1.2870874000363983,
      "runtime_s": 2.426216599997133,
      "failure_reason": "",
      "preconditioner_assembly_runtime_s": 0.3924128000799101,
      "preconditioner_numeric_factor_runtime_s": 0.8894545999937691
    },
    {
      "converged": false,
      "source_scale": 0.65625,
      "coeff_abs": 4.0815725769065097e-10,
      "coeff_rel": 0.020232515775064703,
      "time_abs": null,
      "time_rel": null,
      "newton_iterations": 9,
      "gmres_iterations_total": 9,
      "factor_runtime_s": 0.9899618999916129,
      "runtime_s": 1.977548700000625,
      "failure_reason": "stalled at Newton 9 (reduction ratio 0.912)",
      "preconditioner_assembly_runtime_s": 0.28183510003145784,
      "preconditioner_numeric_factor_runtime_s": 0.7042932000185829
    },
    {
      "converged": true,
      "source_scale": 0.05,
      "coeff_abs": 1.2410249662566337e-22,
      "coeff_rel": 8.074250050262e-14,
      "time_abs": null,
      "time_rel": null,
      "newton_iterations": 3,
      "gmres_iterations_total": 3,
      "factor_runtime_s": 0.30851140001323074,
      "runtime_s": 0.6068110999767669,
      "failure_reason": "",
      "preconditioner_assembly_runtime_s": 0.08516679998137988,
      "preconditioner_numeric_factor_runtime_s": 0.22210459999041632
    },
    {
      "converged": true,
      "source_scale": 0.1,
      "coeff_abs": 2.285688286516719e-19,
      "coeff_rel": 7.435474411912231e-11,
      "time_abs": null,
      "time_rel": null,
      "newton_iterations": 3,
      "gmres_iterations_total": 3,
      "factor_runtime_s": 0.33632790003321134,
      "runtime_s": 0.6370957999897655,
      "failure_reason": "",
      "preconditioner_assembly_runtime_s": 0.10640459999558516,
      "preconditioner_numeric_factor_runtime_s": 0.22835809999378398
    },
    {
      "converged": true,
      "source_scale": 0.15,
      "coeff_abs": 1.4849325108664253e-22,
      "coeff_rel": 3.220380123016138e-14,
      "time_abs": null,
      "time_rel": null,
      "newton_iterations": 3,
      "gmres_iterations_total": 3,
      "factor_runtime_s": 0.4418152999714948,
      "runtime_s": 0.812361400021473,
      "failure_reason": "",
      "preconditioner_assembly_runtime_s": 0.15349130003596656,
      "preconditioner_numeric_factor_runtime_s": 0.2865080999908969
    },
    {
      "converged": true,
      "source_scale": 0.2,
      "coeff_abs": 2.5720540942883294e-22,
      "coeff_rel": 4.1835193619685805e-14,
      "time_abs": null,
      "time_rel": null,
      "newton_iterations": 4,
      "gmres_iterations_total": 4,
      "factor_runtime_s": 0.515242199995555,
      "runtime_s": 1.017664099985268,
      "failure_reason": "",
      "preconditioner_assembly_runtime_s": 0.16820949997054413,
      "preconditioner_numeric_factor_runtime_s": 0.34493510000174865
    },
    {
      "converged": true,
      "source_scale": 0.25,
      "coeff_abs": 2.824676443488526e-22,
      "coeff_rel": 3.675533455963494e-14,
      "time_abs": null,
      "time_rel": null,
      "newton_iterations": 4,
      "gmres_iterations_total": 4,
      "factor_runtime_s": 0.5332212999637704,
      "runtime_s": 1.0593100000114646,
      "failure_reason": "",
      "preconditioner_assembly_runtime_s": 0.16939739999361336,
      "preconditioner_numeric_factor_runtime_s": 0.36165509998681955
    },
    {
      "converged": true,
      "source_scale": 0.3,
      "coeff_abs": 2.522013873150879e-21,
      "coeff_rel": 2.7347516764674776e-13,
      "time_abs": null,
      "time_rel": null,
      "newton_iterations": 4,
      "gmres_iterations_total": 4,
      "factor_runtime_s": 0.5299178999848664,
      "runtime_s": 0.9751363999966998,
      "failure_reason": "",