{
  "metadata": {
    "pump_modes": [
      1,
      3,
      5,
      7,
      9,
      11,
      13,
      15,
      17,
      19
    ],
    "pump_basis": "positive_phasor",
    "real_reconstruction_factor": 2,
    "omega_p": 44252474118.46583,
    "phase_convention": "exp_plus_i_k_omega_t",
    "pump_mode_policy": "positive_odd_jc",
    "pump_source_mode": 1,
    "pump_freq_ghz": 7.043,
    "nt": 40,
    "pump_current_a": 2.7556599229246384e-05,
    "pump_current_ratio_ic_median": 10.374356190922216,
    "pump_backend": "schur_cpu_mt"
  },
  "solution_summary": {
    "x_rms": 1.4131236625830833e-15,
    "x_max_abs": 3.2790086213150306e-15,
    "branch_psi_rms": 8.052342246581925e-17,
    "branch_psi_max_abs": 1.6606331889198345e-16,
    "branch_i_rms": 6.371581064171961e-07,
    "branch_i_max_abs": 1.2841451477699626e-06,
    "X_h1_norm": 8.022460041361381e-14,
    "X_h2_norm": 2.83364411679385e-16,
    "X_h3_norm": 3.8373827753516823e-17,
    "X_h4_norm": 3.384884758142665e-19,
    "X_h5_norm": 1.7295928530002087e-20,
    "X_h6_norm": 9.427265714901793e-21,
    "X_h7_norm": 2.4017808623143906e-22,
    "X_h8_norm": 2.5834661522251678e-22,
    "X_h9_norm": 7.152333459798234e-24,
    "X_h10_norm": 4.339365465746672e-25
  },
  "reports": [
    {
      "converged": false,
      "source_scale": 1.0,
      "coeff_abs": 3.792707603905751e-08,
      "coeff_rel": 0.6177270206141073,
      "time_abs": null,
      "time_rel": null,
      "newton_iterations": 3,
      "gmres_iterations_total": 3,
      "factor_runtime_s": 0.38633580002351664,
      "runtime_s": 0.8280332999711391,
      "failure_reason": "line search failed at Newton 3",
      "preconditioner_assembly_runtime_s": 0.12183830002322793,
      "preconditioner_numeric_factor_runtime_s": 0.2628639999893494
    },
    {
      "converged": false,
      "source_scale": 0.5,
      "coeff_abs": 3.860455890826748e-09,
      "coeff_rel": 0.12575226802070383,
      "time_abs": null,
      "time_rel": null,
      "newton_iterations": 6,
      "gmres_iterations_total": 6,
      "factor_runtime_s": 0.9039333999680821,
      "runtime_s": 1.786952399997972,
      "failure_reason": "stalled at Newton 6 (reduction ratio 0.998)",
      "preconditioner_assembly_runtime_s": 0.31359809995046817,
      "preconditioner_numeric_factor_runtime_s": 0.5872249999665655
    },
    {
      "converged": false,
      "source_scale": 0.25,
      "coeff_abs": 4.1411971611091016e-10,
      "coeff_rel": 0.026979452689399514,
      "time_abs": null,
      "time_rel": null,
      "newton_iterations": 5,
      "gmres_iterations_total": 5,
      "factor_runtime_s": 0.747781300015049,
      "runtime_s": 1.4108519000001252,
      "failure_reason": "stalled at Newton 5 (reduction ratio 0.996)",
      "preconditioner_assembly_runtime_s": 0.25695969999651425,
      "preconditioner_numeric_factor_runtime_s": 0.4876881999953184
    },
    {
      "converged": true,
      "source_scale": 0.125,
      "coeff_abs": 1.007415838228876e-19,
      "coeff_rel": 1.3126410981489445e-11,
      "time_abs": null,
      "time_rel": null,
      "newton_iterations": 5,
      "gmres_iterations_total": 5,
      "factor_runtime_s": 0.664701999980025,
      "runtime_s": 1.1719715000072028,
      "failure_reason": "",
      "preconditioner_assembly_runtime_s": 0.205086600035429,
      "preconditioner_numeric_factor_runtime_s": 0.45729049999499694
    },
    {
      "converged": false,
      "source_scale": 0.3125,
      "coeff_abs": 6.395997998910771e-10,
      "coeff_rel": 0.033335389492422374,
      "time_abs": null,
      "time_rel": null,
      "newton_iterations": 5,
      "gmres_iterations_total": 5,
      "factor_runtime_s": 0.7880421000299975,
      "runtime_s": 1.5368846000055782,
      "failure_reason": "stalled at Newton 5 (reduction ratio 0.927)",
      "preconditioner_assembly_runtime_s": 0.285741900006542,
      "preconditioner_numeric_factor_runtime_s": 0.4995463999803178
    },
    {
      "converged": false,
      "source_scale": 0.21875,
      "coeff_abs": 2.6161546695160536e-11,
      "coeff_rel": 0.0019478817601611194,
      "time_abs": null,
      "time_rel": null,
      "newton_iterations": 12,
      "gmres_iterations_total": 12,
      "factor_runtime_s": 1.8967815999349114,
      "runtime_s": 3.791674400010379,
      "failure_reason": "line search failed at Newton 12",
      "preconditioner_assembly_runtime_s": 0.7274079000053462,
      "preconditioner_numeric_factor_runtime_s": 1.1622276999987662
    },
    {
      "converged": true,
      "source_scale": 0.05,
      "coeff_abs": 1.0867736152354017e-22,
      "coeff_rel": 3.5401064228101753e-14,
      "time_abs": null,
      "time_rel": null,
      "newton_iterations": 4,
      "gmres_iterations_total": 4,
      "factor_runtime_s": 0.4583119000599254,
      "runtime_s": 0.9627903000218794,
      "failure_reason": "",
      "preconditioner_assembly_runtime_s": 0.13443609996465966,
      "preconditioner_numeric_factor_runtime_s": 0.3213696999591775
    },
    {
      "converged": true,
      "source_scale": 0.1,
      "coeff_abs": 2.5736093826276277e-22,
      "coeff_rel": 4.191696861940805e-14,
      "time_abs": null,
      "time_rel": null,
      "newton_iterations": 5,
      "gmres_iterations_total": 5,
      "factor_runtime_s": 0.6168109999562148,
      "runtime_s": 1.1924847999762278,
      "failure_reason": "",
      "preconditioner_assembly_runtime_s": 0.18406619995948859,
      "preconditioner_numeric_factor_runtime_s": 0.43021160003263503
    },
    {
      "converged": true,
      "source_scale": 0.15,
      "coeff_abs": 6.770729500696047e-21,
      "coeff_rel": 7.351762027989169e-13,
      "time_abs": null,
      "time_rel": null,
      "newton_iterations": 6,
      "gmres_iterations_total": 6,
      "factor_runtime_s": 0.6970367999456357,
      "runtime_s": 1.2795542000094429,
      "failure_reason": "",
      "preconditioner_assembly_runtime_s": 0.2184082999592647,
      "preconditioner_numeric_factor_runtime_s": 0.4756098999932874
    },
    {
      "converged": false,
      "source_scale": 0.2,
      "coeff_abs": 5.376476312649601e-13,
      "coeff_rel": 4.378395385126942e-05,
      "time_abs": null,
      "time_rel": null,
      "newton_iterations": 10,
      "gmres_iterations_total": 10,
      "factor_runtime_s": 1.20324989996152,
      "runtime_s": 2.2928230999968946,
      "failure_reason": "stalled at Newton 10 (reduction ratio 1.000)",
      "preconditioner_assembly_runtime_s": 0.37258769999607466,
      "preconditioner_numeric_factor_runtime_s": 0.8257679999514949
    }
  ],
  "final_status": "FAIL"
}