{
  "metadata": {
    "pump_modes": [
      1,
      3,
      5,
      7,
      9,
      11,
      13,
      15,
      17,
      19
    ],
    "pump_basis": "positive_phasor",
    "real_reconstruction_factor": 2,
    "omega_p": 51227194494.314,
    "phase_convention": "exp_plus_i_k_omega_t",
    "pump_mode_policy": "positive_odd_jc",
    "pump_source_mode": 1,
    "pump_freq_ghz": 8.1530612245,
    "nt": 40,
    "pump_current_a": 1.411595447621306e-05,
    "pump_current_ratio_ic_median": 5.314296531759738,
    "pump_backend": "full"
  },
  "solution_summary": {
    "x_rms": 3.1859363707463943e-15,
    "x_max_abs": 7.241704801262149e-15,
    "branch_psi_rms": 3.0466675484299136e-16,
    "branch_psi_max_abs": 2.215455562427291e-15,
    "branch_i_rms": 1.5971589783951023e-06,
    "branch_i_max_abs": 2.656222293892033e-06,
    "X_h1_norm": 1.8035551662211626e-13,
    "X_h2_norm": 1.3587308550959532e-14,
    "X_h3_norm": 1.111051972165406e-15,
    "X_h4_norm": 2.993689977945189e-16,
    "X_h5_norm": 1.0116042365683868e-16,
    "X_h6_norm": 4.4700149743708215e-17,
    "X_h7_norm": 1.981436453632248e-17,
    "X_h8_norm": 6.6550017839040576e-18,
    "X_h9_norm": 5.9971743101516815e-18,
    "X_h10_norm": 8.803254290072708e-18
  },
  "reports": [
    {
      "converged": false,
      "source_scale": 1.0,
      "coeff_abs": 7.410849764630651e-08,
      "coeff_rel": 3.770056893753368,
      "time_abs": 4.68703293071112e-07,
      "time_rel": 3.7700568937533676,
      "newton_iterations": 2,
      "gmres_iterations_total": 2,
      "factor_runtime_s": 1.3653512000164483,
      "runtime_s": 2.4392804999952205,
      "failure_reason": "line search failed at Newton 2",
      "preconditioner_assembly_runtime_s": 0.0,
      "preconditioner_numeric_factor_runtime_s": 0.0
    }
  ],
  "final_status": "FAIL"
}