{
  "metadata": {
    "pump_modes": [
      1,
      3,
      5,
      7,
      9,
      11,
      13,
      15,
      17,
      19
    ],
    "pump_basis": "positive_phasor",
    "real_reconstruction_factor": 2,
    "omega_p": 51227194494.314,
    "phase_convention": "exp_plus_i_k_omega_t",
    "pump_mode_policy": "positive_odd_jc",
    "pump_source_mode": 1,
    "pump_freq_ghz": 8.1530612245,
    "nt": 40,
    "pump_current_a": 1.3341671680959304e-05,
    "pump_current_ratio_ic_median": 5.022798823946064,
    "pump_backend": "schur_cpu_mt"
  },
  "solution_summary": {
    "x_rms": 1.802000304506874e-15,
    "x_max_abs": 4.1474345706606414e-15,
    "branch_psi_rms": 1.075291351429036e-16,
    "branch_psi_max_abs": 2.254274771601217e-16,
    "branch_i_rms": 8.397805331685396e-07,
    "branch_i_max_abs": 1.6804571005510287e-06,
    "X_h1_norm": 1.0230144334852011e-13,
    "X_h2_norm": 3.9573268850269874e-16,
    "X_h3_norm": 1.0646979029133912e-17,
    "X_h4_norm": 3.8553712132080206e-19,
    "X_h5_norm": 1.8519514995907837e-20,
    "X_h6_norm": 1.1194240270138875e-21,
    "X_h7_norm": 9.080498805421252e-23,
    "X_h8_norm": 9.640319082981897e-24,
    "X_h9_norm": 5.278548186944318e-25,
    "X_h10_norm": 5.029792254096884e-26
  },
  "reports": [
    {
      "converged": false,
      "source_scale": 1.0,
      "coeff_abs": 5.40586931759651e-09,
      "coeff_rel": 0.1818562159448985,
      "time_abs": null,
      "time_rel": null,
      "newton_iterations": 5,
      "gmres_iterations_total": 5,
      "factor_runtime_s": 0.6181815000018105,
      "runtime_s": 1.2508031999750528,
      "failure_reason": "stalled at Newton 5 (reduction ratio 0.999)",
      "preconditioner_assembly_runtime_s": 0.21017159998882562,
      "preconditioner_numeric_factor_runtime_s": 0.40588100004242733
    },
    {
      "converged": true,
      "source_scale": 0.5,
      "coeff_abs": 3.804560603209807e-18,
      "coeff_rel": 2.5597473930072443e-10,
      "time_abs": null,
      "time_rel": null,
      "newton_iterations": 13,
      "gmres_iterations_total": 13,
      "factor_runtime_s": 1.758866299962392,
      "runtime_s": 3.2709528999985196,
      "failure_reason": "",
      "preconditioner_assembly_runtime_s": 0.5849002000759356,
      "preconditioner_numeric_factor_runtime_s": 1.1667040999454912
    },
    {
      "converged": false,
      "source_scale": 1.0,
      "coeff_abs": 3.8248330150803265e-09,
      "coeff_rel": 0.1286693439812712,
      "time_abs": null,
      "time_rel": null,
      "newton_iterations": 2,
      "gmres_iterations_total": 2,
      "factor_runtime_s": 0.27541670002392493,
      "runtime_s": 0.5733495999884326,
      "failure_reason": "line search failed at Newton 2",
      "preconditioner_assembly_runtime_s": 0.09103279997361824,
      "preconditioner_numeric_factor_runtime_s": 0.18320510000921786
    },
    {
      "converged": false,
      "source_scale": 0.75,
      "coeff_abs": 5.838693075467419e-10,
      "coeff_rel": 0.02618888388125204,
      "time_abs": null,
      "time_rel": null,
      "newton_iterations": 5,
      "gmres_iterations_total": 5,
      "factor_runtime_s": 0.656025599950226,
      "runtime_s": 1.342864100006409,
      "failure_reason": "stalled at Newton 5 (reduction ratio 0.994)",
      "preconditioner_assembly_runtime_s": 0.2196498999837786,
      "preconditioner_numeric_factor_runtime_s": 0.4338545000064187
    },
    {
      "converged": false,
      "source_scale": 0.625,
      "coeff_abs": 3.8023325284742723e-10,
      "coeff_rel": 0.020465986571794242,
      "time_abs": null,
      "time_rel": null,
      "newton_iterations": 4,
      "gmres_iterations_total": 4,
      "factor_runtime_s": 0.5423393000091892,
      "runtime_s": 1.1225758999935351,
      "failure_reason": "stalled at Newton 4 (reduction ratio 0.964)",
      "preconditioner_assembly_runtime_s": 0.1752198999747634,
      "preconditioner_numeric_factor_runtime_s": 0.36503289997926913
    },
    {
      "converged": false,
      "source_scale": 0.5625,
      "coeff_abs": 1.4591244469161722e-10,
      "coeff_rel": 0.00872634571119887,
      "time_abs": null,
      "time_rel": null,
      "newton_iterations": 4,
      "gmres_iterations_total": 4,
      "factor_runtime_s": 0.5393201999831945,
      "runtime_s": 1.042753999994602,
      "failure_reason": "stalled at Newton 4 (reduction ratio 0.965)",
      "preconditioner_assembly_runtime_s": 0.15805210001417436,
      "preconditioner_numeric_factor_runtime_s": 0.378707800002303
    },
    {
      "converged": true,
      "source_scale": 0.05,
      "coeff_abs": 2.5161725216319384e-22,
      "coeff_rel": 1.6929066781509316e-13,
      "time_abs": null,
      "time_rel": null,
      "newton_iterations": 3,
      "gmres_iterations_total": 3,
      "factor_runtime_s": 0.4286718999792356,
      "runtime_s": 0.7885768999985885,
      "failure_reason": "",
      "preconditioner_assembly_runtime_s": 0.13837150001199916,
      "preconditioner_numeric_factor_runtime_s": 0.28873700005351566
    },
    {
      "converged": true,
      "source_scale": 0.1,
      "coeff_abs": 5.069845719280385e-19,
      "coeff_rel": 1.7055220978643511e-10,
      "time_abs": null,
      "time_rel": null,
      "newton_iterations": 3,
      "gmres_iterations_total": 3,
      "factor_runtime_s": 0.4139001000439748,
      "runtime_s": 0.7710755000007339,
      "failure_reason": "",
      "preconditioner_assembly_runtime_s": 0.13838210003450513,
      "preconditioner_numeric_factor_runtime_s": 0.27394559999811463
    },
    {
      "converged": true,
      "source_scale": 0.15,
      "coeff_abs": 1.2319900617231385e-22,
      "coeff_rel": 2.7629851622865846e-14,
      "time_abs": null,
      "time_rel": null,
      "newton_iterations": 3,
      "gmres_iterations_total": 3,
      "factor_runtime_s": 0.4253315000096336,
      "runtime_s": 0.7808910000021569,
      "failure_reason": "",
      "preconditioner_assembly_runtime_s": 0.14426920004189014,
      "preconditioner_numeric_factor_runtime_s": 0.27956289998837747
    },
    {
      "converged": true,
      "source_scale": 0.2,
      "coeff_abs": 1.9436478331829785e-21,
      "coeff_rel": 3.2692654900258545e-13,
      "time_abs": null,
      "time_rel": null,
      "newton_iterations": 3,
      "gmres_iterations_total": 3,
      "factor_runtime_s": 0.35172780000721104,
      "runtime_s": 0.6619944999984,
      "failure_reason": "",
      "preconditioner_assembly_runtime_s": 0.11288930001319386,
      "preconditioner_numeric_factor_runtime_s": 0.23752799999783747
    },
    {
      "converged": true,
      "source_scale": 0.25,
      "coeff_abs": 2.6090026273693967e-18,
      "coeff_rel": 3.5107274506935107e-10,
      "time_abs": null,
      "time_rel": null,
      "newton_iterations": 3,
      "gmres_iterations_total": 3,
      "factor_runtime_s": 0.46427259998745285,
      "runtime_s": 0.8225492000055965,
      "failure_reason": "",
      "preconditioner_assembly_runtime_s": 0.17336539999814704,
      "preconditioner_numeric_factor_runtime_s": 0.28933370002778247
    },
    {
      "converged": true,
      "source_scale": 0.3,
      "coeff_abs": 2.8152993754861647e-22,
      "coeff_rel": 3.156937155395264e-14,
      "time_abs": null,
      "time_rel": null,
      "newton_iterations": 4,
      "gmres_iterations_total": 4,
      "factor_runtime_s": 0.5264625999843702,
      "runtime_s": 1.0168512999953236,
      "failure_reason": "",
      "preconditioner_assembly_runtime_s": 0.17082110000774264,
      "preconditioner_numeric_factor_runtime_s": 0.353250999993179
    },
    {
      "converged": true,
      "source_scale": 0.35,
      "coeff_abs": 8.528246572379404e-19,
      "coeff_rel": 8.196988226691341e-11,
      "time_abs": null,
      "time_rel": null,
      "newton_iterations": 4,
      "gmres_iterations_total": 4,
      "factor_runtime_s": 0.5191051000438165,
      "runtime_s": 1.0462284999957774,
      "failure_reason": "",
      "preconditioner_assembly_runtime_s": 0.16756670002359897,