{
  "metadata": {
    "pump_modes": [
      1,
      3,
      5,
      7,
      9,
      11,
      13,
      15,
      17,
      19
    ],
    "pump_basis": "positive_phasor",
    "real_reconstruction_factor": 2,
    "omega_p": 51227194494.314,
    "phase_convention": "exp_plus_i_k_omega_t",
    "pump_mode_policy": "positive_odd_jc",
    "pump_source_mode": 1,
    "pump_freq_ghz": 8.1530612245,
    "nt": 40,
    "pump_current_a": 1.3946340011710437e-05,
    "pump_current_ratio_ic_median": 5.250441015509561,
    "pump_backend": "full"
  },
  "solution_summary": {
    "x_rms": 3.1412297729625076e-15,
    "x_max_abs": 7.187999995281877e-15,
    "branch_psi_rms": 1.4351575054893662e-16,
    "branch_psi_max_abs": 2.468187252573022e-16,
    "branch_i_rms": 1.1047026121525207e-06,
    "branch_i_max_abs": 1.8105207345221754e-06,
    "X_h1_norm": 1.7832978783324876e-13,
    "X_h2_norm": 9.339316205703414e-16,
    "X_h3_norm": 3.688974486725279e-17,
    "X_h4_norm": 1.5329828656573109e-18,
    "X_h5_norm": 1.0610193682988635e-19,
    "X_h6_norm": 7.165186518290648e-21,
    "X_h7_norm": 6.6137956743068205e-22,
    "X_h8_norm": 8.961413589155244e-23,
    "X_h9_norm": 5.249590562465576e-24,
    "X_h10_norm": 8.717592287148552e-25
  },
  "reports": [
    {
      "converged": false,
      "source_scale": 1.0,
      "coeff_abs": 2.2060223991767006e-11,
      "coeff_rel": 0.0011358992499895428,
      "time_abs": 1.3952110701458935e-10,
      "time_rel": 0.0011358992499866016,
      "newton_iterations": 4,
      "gmres_iterations_total": 4,
      "factor_runtime_s": 2.519385399937164,
      "runtime_s": 4.399923899996793,
      "failure_reason": "stalled at Newton 4 (reduction ratio 0.996)",
      "preconditioner_assembly_runtime_s": 0.0,
      "preconditioner_numeric_factor_runtime_s": 0.0
    }
  ],
  "final_status": "FAIL"
}