{
  "metadata": {
    "pump_modes": [
      1,
      3,
      5,
      7,
      9,
      11,
      13,
      15,
      17,
      19
    ],
    "pump_basis": "positive_phasor",
    "real_reconstruction_factor": 2,
    "omega_p": 51227194494.314,
    "phase_convention": "exp_plus_i_k_omega_t",
    "pump_mode_policy": "positive_odd_jc",
    "pump_source_mode": 1,
    "pump_freq_ghz": 8.1530612245,
    "nt": 40,
    "pump_current_a": 1.4230175265638768e-05,
    "pump_current_ratio_ic_median": 5.357297743340773,
    "pump_backend": "full"
  },
  "solution_summary": {
    "x_rms": 3.1524694108236783e-15,
    "x_max_abs": 7.217039067791361e-15,
    "branch_psi_rms": 1.4547691061586488e-16,
    "branch_psi_max_abs": 2.5595453613819314e-16,
    "branch_i_rms": 1.1175946392711647e-06,
    "branch_i_max_abs": 1.8637692507251977e-06,
    "X_h1_norm": 1.7896679392568635e-13,
    "X_h2_norm": 1.1236817832191629e-15,
    "X_h3_norm": 4.792817913593043e-17,
    "X_h4_norm": 2.774333224780101e-18,
    "X_h5_norm": 2.406805982169681e-19,
    "X_h6_norm": 2.51010978957325e-20,
    "X_h7_norm": 2.7435116007595192e-21,
    "X_h8_norm": 3.7888304341654904e-22,
    "X_h9_norm": 4.8481297509275507e-23,
    "X_h10_norm": 1.1076681541956516e-23
  },
  "reports": [
    {
      "converged": false,
      "source_scale": 1.0,
      "coeff_abs": 3.2388608746930565e-10,
      "coeff_rel": 0.016344520653927153,
      "time_abs": 2.048435477687053e-09,
      "time_rel": 0.016344520653927146,
      "newton_iterations": 4,
      "gmres_iterations_total": 4,
      "factor_runtime_s": 2.397554900002433,
      "runtime_s": 4.109940399997868,
      "failure_reason": "stalled at Newton 4 (reduction ratio 0.915)",
      "preconditioner_assembly_runtime_s": 0.0,
      "preconditioner_numeric_factor_runtime_s": 0.0
    }
  ],
  "final_status": "FAIL"
}