{
  "metadata": {
    "pump_modes": [
      1,
      3,
      5,
      7,
      9,
      11,
      13,
      15,
      17,
      19
    ],
    "pump_basis": "positive_phasor",
    "real_reconstruction_factor": 2,
    "omega_p": 44252474118.46583,
    "phase_convention": "exp_plus_i_k_omega_t",
    "pump_mode_policy": "positive_odd_jc",
    "pump_source_mode": 1,
    "pump_freq_ghz": 7.043,
    "nt": 40,
    "pump_current_a": 2.8526457452814704e-05,
    "pump_current_ratio_ic_median": 10.73948305517309,
    "pump_backend": "schur_cpu_mt"
  },
  "solution_summary": {
    "x_rms": 7.300871376540043e-16,
    "x_max_abs": 1.6795811956821479e-15,
    "branch_psi_rms": 4.1412879420809735e-17,
    "branch_psi_max_abs": 9.269043834826825e-17,
    "branch_i_rms": 3.324336577499825e-07,
    "branch_i_max_abs": 7.38255671183459e-07,
    "X_h1_norm": 4.1448081903393646e-14,
    "X_h2_norm": 3.298142550357785e-17,
    "X_h3_norm": 4.6650977482242026e-17,
    "X_h4_norm": 3.391706265953102e-19,
    "X_h5_norm": 1.9470181706742863e-20,
    "X_h6_norm": 1.0138147461793357e-20,
    "X_h7_norm": 2.2602758269964706e-22,
    "X_h8_norm": 2.5718441744590395e-22,
    "X_h9_norm": 6.681123968112378e-24,
    "X_h10_norm": 3.809360942475402e-25
  },
  "reports": [
    {
      "converged": false,
      "source_scale": 1.0,
      "coeff_abs": 4.2215246951313744e-08,
      "coeff_rel": 0.6641930826117922,
      "time_abs": null,
      "time_rel": null,
      "newton_iterations": 5,
      "gmres_iterations_total": 5,
      "factor_runtime_s": 0.6929796999902464,
      "runtime_s": 1.3840349000238348,
      "failure_reason": "stalled at Newton 5 (reduction ratio 0.999)",
      "preconditioner_assembly_runtime_s": 0.20714589999988675,
      "preconditioner_numeric_factor_runtime_s": 0.4832794000103604
    },
    {
      "converged": false,
      "source_scale": 0.5,
      "coeff_abs": 6.4022856351689545e-09,
      "coeff_rel": 0.20146056881715008,
      "time_abs": null,
      "time_rel": null,
      "newton_iterations": 4,
      "gmres_iterations_total": 4,
      "factor_runtime_s": 0.5718352999829222,
      "runtime_s": 1.1248622999992222,
      "failure_reason": "line search failed at Newton 4",
      "preconditioner_assembly_runtime_s": 0.21587559999898076,
      "preconditioner_numeric_factor_runtime_s": 0.3538632999989204
    },
    {
      "converged": false,
      "source_scale": 0.25,
      "coeff_abs": 1.128258841565514e-13,
      "coeff_rel": 7.1005787916167815e-06,
      "time_abs": null,
      "time_rel": null,
      "newton_iterations": 24,
      "gmres_iterations_total": 24,
      "factor_runtime_s": 2.940273300046101,
      "runtime_s": 5.591591300006257,
      "failure_reason": "stalled at Newton 24 (reduction ratio 0.916)",
      "preconditioner_assembly_runtime_s": 0.913759300019592,
      "preconditioner_numeric_factor_runtime_s": 2.0147071000537835
    },
    {
      "converged": true,
      "source_scale": 0.125,
      "coeff_abs": 4.59936268052424e-18,
      "coeff_rel": 5.789121414545155e-10,
      "time_abs": null,
      "time_rel": null,
      "newton_iterations": 5,
      "gmres_iterations_total": 5,
      "factor_runtime_s": 0.5460852000396699,
      "runtime_s": 1.0117415999993682,
      "failure_reason": "",
      "preconditioner_assembly_runtime_s": 0.14610300003550947,
      "preconditioner_numeric_factor_runtime_s": 0.3977489000244532
    },
    {
      "converged": false,
      "source_scale": 0.3125,
      "coeff_abs": 6.956856479830587e-10,
      "coeff_rel": 0.03502579780963391,
      "time_abs": null,
      "time_rel": null,
      "newton_iterations": 5,
      "gmres_iterations_total": 5,
      "factor_runtime_s": 0.5493887000193354,
      "runtime_s": 1.0488177000079304,
      "failure_reason": "stalled at Newton 5 (reduction ratio 0.932)",
      "preconditioner_assembly_runtime_s": 0.14514020003844053,
      "preconditioner_numeric_factor_runtime_s": 0.4016135999991093
    },
    {
      "converged": true,
      "source_scale": 0.21875,
      "coeff_abs": 9.431247645378717e-18,
      "coeff_rel": 6.783379288729416e-10,
      "time_abs": null,
      "time_rel": null,
      "newton_iterations": 8,
      "gmres_iterations_total": 8,
      "factor_runtime_s": 1.071537099982379,
      "runtime_s": 2.0284265999798663,
      "failure_reason": "",
      "preconditioner_assembly_runtime_s": 0.3420661000418477,
      "preconditioner_numeric_factor_runtime_s": 0.7250168000464328
    },
    {
      "converged": false,
      "source_scale": 0.359375,
      "coeff_abs": 2.3427928042903588e-09,
      "coeff_rel": 0.10256779838378159,
      "time_abs": null,
      "time_rel": null,
      "newton_iterations": 3,
      "gmres_iterations_total": 3,
      "factor_runtime_s": 0.35949150001397356,
      "runtime_s": 0.7586363000154961,
      "failure_reason": "line search failed at Newton 3",
      "preconditioner_assembly_runtime_s": 0.09811479999916628,
      "preconditioner_numeric_factor_runtime_s": 0.2598269000009168
    },
    {
      "converged": false,
      "source_scale": 0.2890625,
      "coeff_abs": 1.3290019815214277e-09,
      "coeff_rel": 0.0723367326053608,
      "time_abs": null,
      "time_rel": null,
      "newton_iterations": 5,
      "gmres_iterations_total": 5,
      "factor_runtime_s": 0.6830466000246815,
      "runtime_s": 1.3777960000152234,
      "failure_reason": "line search failed at Newton 5",
      "preconditioner_assembly_runtime_s": 0.2329907999956049,
      "preconditioner_numeric_factor_runtime_s": 0.44725750002544373
    },
    {
      "converged": true,
      "source_scale": 0.05,
      "coeff_abs": 1.216179490758876e-22,
      "coeff_rel": 3.826949092151357e-14,
      "time_abs": null,
      "time_rel": null,
      "newton_iterations": 4,
      "gmres_iterations_total": 4,
      "factor_runtime_s": 0.502147099992726,
      "runtime_s": 0.9738344000070356,
      "failure_reason": "",
      "preconditioner_assembly_runtime_s": 0.13832519997959025,
      "preconditioner_numeric_factor_runtime_s": 0.36153209998155944
    },
    {
      "converged": false,
      "source_scale": 0.1,
      "coeff_abs": 1.1007415583601575e-14,
      "coeff_rel": 1.7318504133099447e-06,
      "time_abs": null,
      "time_rel": null,
      "newton_iterations": 11,
      "gmres_iterations_total": 11,
      "factor_runtime_s": 1.4419165999570396,
      "runtime_s": 2.827334500005236,
      "failure_reason": "stalled at Newton 11 (reduction ratio 0.999)",
      "preconditioner_assembly_runtime_s": 0.45733149992884137,
      "preconditioner_numeric_factor_runtime_s": 0.9789549000270199
    }
  ],
  "final_status": "FAIL"
}