{
  "metadata": {
    "pump_modes": [
      1,
      3,
      5,
      7,
      9,
      11,
      13,
      15,
      17,
      19
    ],
    "pump_basis": "positive_phasor",
    "real_reconstruction_factor": 2,
    "omega_p": 51227194494.314,
    "phase_convention": "exp_plus_i_k_omega_t",
    "pump_mode_policy": "positive_odd_jc",
    "pump_source_mode": 1,
    "pump_freq_ghz": 8.1530612245,
    "nt": 40,
    "pump_current_a": 1.3810526930952659e-05,
    "pump_current_ratio_ic_median": 5.19931085741399,
    "pump_backend": "full"
  },
  "solution_summary": {
    "x_rms": 3.1097200742203273e-15,
    "x_max_abs": 7.106876249115397e-15,
    "branch_psi_rms": 1.3998105974603776e-16,
    "branch_psi_max_abs": 2.500489563318244e-16,
    "branch_i_rms": 1.079076890514154e-06,
    "branch_i_max_abs": 1.8295098616013334e-06,
    "X_h1_norm": 1.7653972800172418e-13,
    "X_h2_norm": 1.1354863209394185e-15,
    "X_h3_norm": 4.4359399931072784e-17,
    "X_h4_norm": 1.9397333715653376e-18,
    "X_h5_norm": 1.4751677543905264e-19,
    "X_h6_norm": 1.096877724192028e-20,
    "X_h7_norm": 1.3615544945739149e-21,
    "X_h8_norm": 2.0037825967363874e-22,
    "X_h9_norm": 8.625064784050128e-24,
    "X_h10_norm": 1.029311462354675e-24
  },
  "reports": [
    {
      "converged": false,
      "source_scale": 1.0,
      "coeff_abs": 7.598918985501433e-12,
      "coeff_rel": 0.0003951224530197659,
      "time_abs": 4.805978349855708e-11,
      "time_rel": 0.0003951224530197328,
      "newton_iterations": 2,
      "gmres_iterations_total": 2,
      "factor_runtime_s": 1.1423013000166975,
      "runtime_s": 2.064329600019846,
      "failure_reason": "line search failed at Newton 2",
      "preconditioner_assembly_runtime_s": 0.0,
      "preconditioner_numeric_factor_runtime_s": 0.0
    }
  ],
  "final_status": "FAIL"
}