{
  "metadata": {
    "pump_modes": [
      1,
      3,
      5,
      7,
      9,
      11,
      13,
      15,
      17,
      19
    ],
    "pump_basis": "positive_phasor",
    "real_reconstruction_factor": 2,
    "omega_p": 44252474118.46583,
    "phase_convention": "exp_plus_i_k_omega_t",
    "pump_mode_policy": "positive_odd_jc",
    "pump_source_mode": 1,
    "pump_freq_ghz": 7.043,
    "nt": 40,
    "pump_current_a": 1.243696777312026e-05,
    "pump_current_ratio_ic_median": 4.682200896416594,
    "pump_backend": "schur_cpu_mt"
  },
  "solution_summary": {
    "x_rms": 1.9262561481724828e-15,
    "x_max_abs": 4.219756580320895e-15,
    "branch_psi_rms": 1.0816574340438072e-16,
    "branch_psi_max_abs": 2.4644136885738602e-16,
    "branch_i_rms": 8.423381015360527e-07,
    "branch_i_max_abs": 1.808291006627147e-06,
    "X_h1_norm": 1.0935229344109878e-13,
    "X_h2_norm": 9.466374807912636e-16,
    "X_h3_norm": 3.5045773502437576e-17,
    "X_h4_norm": 2.524128218420051e-18,
    "X_h5_norm": 2.759300964086532e-19,
    "X_h6_norm": 4.5533756259938645e-20,
    "X_h7_norm": 2.4948083558361745e-21,
    "X_h8_norm": 6.135297022849802e-22,
    "X_h9_norm": 7.1190395154387315e-22,
    "X_h10_norm": 6.84555560575884e-24
  },
  "reports": [
    {
      "converged": false,
      "source_scale": 1.0,
      "coeff_abs": 2.2039564005987505e-09,
      "coeff_rel": 0.07953556056331179,
      "time_abs": null,
      "time_rel": null,
      "newton_iterations": 6,
      "gmres_iterations_total": 6,
      "factor_runtime_s": 0.8127016000216827,
      "runtime_s": 1.6170805000001565,
      "failure_reason": "stalled at Newton 6 (reduction ratio 0.996)",
      "preconditioner_assembly_runtime_s": 0.2699874000099953,
      "preconditioner_numeric_factor_runtime_s": 0.5398298000509385
    },
    {
      "converged": true,
      "source_scale": 0.5,
      "coeff_abs": 5.6457659304109034e-18,
      "coeff_rel": 4.0748461082305255e-10,
      "time_abs": null,
      "time_rel": null,
      "newton_iterations": 10,
      "gmres_iterations_total": 10,
      "factor_runtime_s": 1.3648669999383856,
      "runtime_s": 2.5890321000188123,
      "failure_reason": "",
      "preconditioner_assembly_runtime_s": 0.4369037999713328,
      "preconditioner_numeric_factor_runtime_s": 0.9230665999348275
    },
    {
      "converged": false,
      "source_scale": 1.0,
      "coeff_abs": 2.270892790943272e-09,
      "coeff_rel": 0.08195113617392272,
      "time_abs": null,
      "time_rel": null,
      "newton_iterations": 5,
      "gmres_iterations_total": 5,
      "factor_runtime_s": 0.8762903000460938,
      "runtime_s": 1.9757912999775726,
      "failure_reason": "stalled at Newton 5 (reduction ratio 0.997)",
      "preconditioner_assembly_runtime_s": 0.2669101000356022,
      "preconditioner_numeric_factor_runtime_s": 0.6039437999716029
    },
    {
      "converged": false,
      "source_scale": 0.75,
      "coeff_abs": 7.932585935548199e-10,
      "coeff_rel": 0.03816909559729741,
      "time_abs": null,
      "time_rel": null,
      "newton_iterations": 5,
      "gmres_iterations_total": 5,
      "factor_runtime_s": 0.7632797999831382,
      "runtime_s": 1.5304242999991402,
      "failure_reason": "stalled at Newton 5 (reduction ratio 0.992)",
      "preconditioner_assembly_runtime_s": 0.2846224999811966,
      "preconditioner_numeric_factor_runtime_s": 0.4757693000137806
    },
    {
      "converged": false,
      "source_scale": 0.625,
      "coeff_abs": 3.1008771645060045e-10,
      "coeff_rel": 0.01790452867034616,
      "time_abs": null,
      "time_rel": null,
      "newton_iterations": 4,
      "gmres_iterations_total": 4,
      "factor_runtime_s": 0.5294621999782976,
      "runtime_s": 1.0655381999968085,
      "failure_reason": "stalled at Newton 4 (reduction ratio 0.982)",
      "preconditioner_assembly_runtime_s": 0.16256630001589656,
      "preconditioner_numeric_factor_runtime_s": 0.3646195000037551
    },
    {
      "converged": false,
      "source_scale": 0.5625,
      "coeff_abs": 2.4867578908400836e-13,
      "coeff_rel": 1.5953990360605632e-05,
      "time_abs": null,
      "time_rel": null,
      "newton_iterations": 10,
      "gmres_iterations_total": 10,
      "factor_runtime_s": 1.2905277999816462,
      "runtime_s": 2.544340499996906,
      "failure_reason": "stalled at Newton 10 (reduction ratio 0.988)",
      "preconditioner_assembly_runtime_s": 0.39644320006482303,
      "preconditioner_numeric_factor_runtime_s": 0.8883092000032775
    },
    {
      "converged": true,
      "source_scale": 0.05,
      "coeff_abs": 5.1477373020581093e-23,
      "coeff_rel": 3.715392662401419e-14,
      "time_abs": null,
      "time_rel": null,
      "newton_iterations": 3,
      "gmres_iterations_total": 3,
      "factor_runtime_s": 0.41917520001879893,
      "runtime_s": 0.7967249999928754,
      "failure_reason": "",
      "preconditioner_assembly_runtime_s": 0.14353570001549087,
      "preconditioner_numeric_factor_runtime_s": 0.27370600000722334
    },
    {
      "converged": true,
      "source_scale": 0.1,
      "coeff_abs": 4.836230960553322e-20,
      "coeff_rel": 1.7452810788668665e-11,
      "time_abs": null,
      "time_rel": null,
      "newton_iterations": 3,
      "gmres_iterations_total": 3,
      "factor_runtime_s": 0.44655900000361726,
      "runtime_s": 0.741378300008364,
      "failure_reason": "",
      "preconditioner_assembly_runtime_s": 0.16587579998304136,
      "preconditioner_numeric_factor_runtime_s": 0.2792928999697324
    },
    {
      "converged": true,
      "source_scale": 0.15,
      "coeff_abs": 1.3192194765836016e-22,
      "coeff_rel": 3.173833521921774e-14,
      "time_abs": null,
      "time_rel": null,
      "newton_iterations": 3,
      "gmres_iterations_total": 3,
      "factor_runtime_s": 0.3963468999718316,
      "runtime_s": 0.7138033999945037,
      "failure_reason": "",
      "preconditioner_assembly_runtime_s": 0.12074069998925552,
      "preconditioner_numeric_factor_runtime_s": 0.2739311999757774
    },
    {
      "converged": true,
      "source_scale": 0.2,
      "coeff_abs": 4.2320699846549123e-22,
      "coeff_rel": 7.636268541456864e-14,
      "time_abs": null,
      "time_rel": null,
      "newton_iterations": 3,
      "gmres_iterations_total": 3,
      "factor_runtime_s": 0.36989489998086356,
      "runtime_s": 0.6846584000159055,
      "failure_reason": "",
      "preconditioner_assembly_runtime_s": 0.11746040001162328,
      "preconditioner_numeric_factor_runtime_s": 0.251009100000374
    },
    {
      "converged": true,
      "source_scale": 0.25,
      "coeff_abs": 2.665221789820294e-18,
      "coeff_rel": 3.847261389042388e-10,
      "time_abs": null,
      "time_rel": null,
      "newton_iterations": 3,
      "gmres_iterations_total": 3,
      "factor_runtime_s": 0.3605161999876145,
      "runtime_s": 0.6361509000125807,
      "failure_reason": "",
      "preconditioner_assembly_runtime_s": 0.11458920000586659,
      "preconditioner_numeric_factor_runtime_s": 0.24449819995788857
    },
    {
      "converged": true,
      "source_scale": 0.3,
      "coeff_abs": 1.2874575223486199e-21,
      "coeff_rel": 1.548709640439216e-13,
      "time_abs": null,
      "time_rel": null,
      "newton_iterations": 4,
      "gmres_iterations_total": 4,
      "factor_runtime_s": 0.4501432999968529,
      "runtime_s": 0.8486858999822289,
      "failure_reason": "",
      "preconditioner_assembly_runtime_s": 0.1341262999922037,
      "preconditioner_numeric_factor_runtime_s": 0.31416039998293854
    },
    {
      "converged": true,
      "source_scale": 0.35,
      "coeff_abs": 1.895400121410515e-18,
      "coeff_rel": 1.954299888110306e-10,
      "time_abs": null,
      "time_rel": null,
      "newton_iterations": 4,
      "gmres_iterations_total": 4,
      "factor_runtime_s": 0.4288083999999799,
      "runtime_s": 0.7800293999898713,
      "failure_reason": "",