{
  "metadata": {
    "pump_modes": [
      1,
      3,
      5,
      7,
      9,
      11,
      13,
      15,
      17,
      19
    ],
    "pump_basis": "positive_phasor",
    "real_reconstruction_factor": 2,
    "omega_p": 44252474118.46583,
    "phase_convention": "exp_plus_i_k_omega_t",
    "pump_mode_policy": "positive_odd_jc",
    "pump_source_mode": 1,
    "pump_freq_ghz": 7.043,
    "nt": 40,
    "pump_current_a": 7.156361765950549e-06,
    "pump_current_ratio_ic_median": 2.694187529217062,
    "pump_backend": "schur_cpu_mt"
  },
  "solution_summary": {
    "x_rms": 1.836933531777017e-15,
    "x_max_abs": 4.107471233011401e-15,
    "branch_psi_rms": 1.0213863198958343e-16,
    "branch_psi_max_abs": 2.1476416258977775e-16,
    "branch_i_rms": 7.986013400739393e-07,
    "branch_i_max_abs": 1.6129355733013381e-06,
    "X_h1_norm": 1.0428453517497554e-13,
    "X_h2_norm": 4.294393695059516e-16,
    "X_h3_norm": 1.1645420228668415e-17,
    "X_h4_norm": 6.980416588452157e-19,
    "X_h5_norm": 4.099470335660283e-20,
    "X_h6_norm": 1.2674040194587564e-21,
    "X_h7_norm": 8.562604583373053e-23,
    "X_h8_norm": 7.730811140109193e-24,
    "X_h9_norm": 7.298136896410476e-24,
    "X_h10_norm": 5.950694499542274e-26
  },
  "reports": [
    {
      "converged": true,
      "source_scale": 1.0,
      "coeff_abs": 5.42950285402618e-18,
      "coeff_rel": 3.4051844020665666e-10,
      "time_abs": null,
      "time_rel": null,
      "newton_iterations": 2,
      "gmres_iterations_total": 2,
      "factor_runtime_s": 0.33722519999719225,
      "runtime_s": 0.6497689000098035,
      "failure_reason": "",
      "preconditioner_assembly_runtime_s": 0.11414729998796247,
      "preconditioner_numeric_factor_runtime_s": 0.2218004000314977
    }
  ],
  "final_status": "VALID_CONVERGED"
}