{
  "metadata": {
    "pump_modes": [
      1,
      3,
      5,
      7,
      9,
      11,
      13,
      15,
      17,
      19
    ],
    "pump_basis": "positive_phasor",
    "real_reconstruction_factor": 2,
    "omega_p": 51227194494.314,
    "phase_convention": "exp_plus_i_k_omega_t",
    "pump_mode_policy": "positive_odd_jc",
    "pump_source_mode": 1,
    "pump_freq_ghz": 8.1530612245,
    "nt": 40,
    "pump_current_a": 1.3387831852355423e-05,
    "pump_current_ratio_ic_median": 5.040176950176862,
    "pump_backend": "schur_cpu_mt"
  },
  "solution_summary": {
    "x_rms": 1.808395495765782e-15,
    "x_max_abs": 4.163798064888734e-15,
    "branch_psi_rms": 1.0782414479227785e-16,
    "branch_psi_max_abs": 2.2651220493072017e-16,
    "branch_i_rms": 8.41949102598626e-07,
    "branch_i_max_abs": 1.6872280649357248e-06,
    "X_h1_norm": 1.0266452984614177e-13,
    "X_h2_norm": 3.9067839781887105e-16,
    "X_h3_norm": 1.0537498123406302e-17,
    "X_h4_norm": 3.865443255373549e-19,
    "X_h5_norm": 1.9742410961955763e-20,
    "X_h6_norm": 1.2711824634539662e-21,
    "X_h7_norm": 1.0682187013861611e-22,
    "X_h8_norm": 1.1372836449817451e-23,
    "X_h9_norm": 6.535167396306851e-25,
    "X_h10_norm": 6.332790743383803e-26
  },
  "reports": [
    {
      "converged": false,
      "source_scale": 1.0,
      "coeff_abs": 5.072254233925487e-09,
      "coeff_rel": 0.17004490373887446,
      "time_abs": null,
      "time_rel": null,
      "newton_iterations": 4,
      "gmres_iterations_total": 4,
      "factor_runtime_s": 0.5640716000052635,
      "runtime_s": 1.1478194999799598,
      "failure_reason": "line search failed at Newton 4",
      "preconditioner_assembly_runtime_s": 0.19054630000027828,
      "preconditioner_numeric_factor_runtime_s": 0.37129500004812144
    },
    {
      "converged": true,
      "source_scale": 0.5,
      "coeff_abs": 1.2299302133223824e-20,
      "coeff_rel": 8.246564745556097e-13,
      "time_abs": null,
      "time_rel": null,
      "newton_iterations": 14,
      "gmres_iterations_total": 14,
      "factor_runtime_s": 1.9713610000326298,
      "runtime_s": 3.7466376000083983,
      "failure_reason": "",
      "preconditioner_assembly_runtime_s": 0.648400899983244,
      "preconditioner_numeric_factor_runtime_s": 1.314895300049102
    },
    {
      "converged": false,
      "source_scale": 1.0,
      "coeff_abs": 3.896171318669764e-09,
      "coeff_rel": 0.13061728499374273,
      "time_abs": null,
      "time_rel": null,
      "newton_iterations": 4,
      "gmres_iterations_total": 4,
      "factor_runtime_s": 0.5431726999522652,
      "runtime_s": 1.1248464999953285,
      "failure_reason": "stalled at Newton 4 (reduction ratio 0.985)",
      "preconditioner_assembly_runtime_s": 0.17468820000067353,
      "preconditioner_numeric_factor_runtime_s": 0.3663811000005808
    },
    {
      "converged": false,
      "source_scale": 0.75,
      "coeff_abs": 6.390687765854027e-10,
      "coeff_rel": 0.028565967867606554,
      "time_abs": null,
      "time_rel": null,
      "newton_iterations": 5,
      "gmres_iterations_total": 5,
      "factor_runtime_s": 0.6265309999871533,
      "runtime_s": 1.3236324999888893,
      "failure_reason": "stalled at Newton 5 (reduction ratio 1.000)",
      "preconditioner_assembly_runtime_s": 0.19878999999491498,
      "preconditioner_numeric_factor_runtime_s": 0.4246382000274025
    },
    {
      "converged": false,
      "source_scale": 0.625,
      "coeff_abs": 4.1637606906269247e-10,
      "coeff_rel": 0.022334094567855713,
      "time_abs": null,
      "time_rel": null,
      "newton_iterations": 4,
      "gmres_iterations_total": 4,
      "factor_runtime_s": 0.5047402000345755,
      "runtime_s": 1.002897500002291,
      "failure_reason": "stalled at Newton 4 (reduction ratio 0.997)",
      "preconditioner_assembly_runtime_s": 0.14523220001137815,
      "preconditioner_numeric_factor_runtime_s": 0.35757910000393167
    },
    {
      "converged": false,
      "source_scale": 0.5625,
      "coeff_abs": 1.272972610587941e-10,
      "coeff_rel": 0.007586808811552871,
      "time_abs": null,
      "time_rel": null,
      "newton_iterations": 5,
      "gmres_iterations_total": 5,
      "factor_runtime_s": 0.6649703999864869,
      "runtime_s": 1.2868025999923702,
      "failure_reason": "stalled at Newton 5 (reduction ratio 0.975)",
      "preconditioner_assembly_runtime_s": 0.20857019996037707,
      "preconditioner_numeric_factor_runtime_s": 0.4536380000063218
    },
    {
      "converged": true,
      "source_scale": 0.05,
      "coeff_abs": 2.646266928194083e-22,
      "coeff_rel": 1.7742967300906797e-13,
      "time_abs": null,
      "time_rel": null,
      "newton_iterations": 3,
      "gmres_iterations_total": 3,
      "factor_runtime_s": 0.3383013999846298,
      "runtime_s": 0.663604800007306,
      "failure_reason": "",
      "preconditioner_assembly_runtime_s": 0.09315099997911602,
      "preconditioner_numeric_factor_runtime_s": 0.24360290000913665
    },
    {
      "converged": true,
      "source_scale": 0.1,
      "coeff_abs": 5.339219942882263e-19,
      "coeff_rel": 1.7899480178962785e-10,
      "time_abs": null,
      "time_rel": null,
      "newton_iterations": 3,
      "gmres_iterations_total": 3,
      "factor_runtime_s": 0.3457884000381455,
      "runtime_s": 0.6642244000104256,
      "failure_reason": "",
      "preconditioner_assembly_runtime_s": 0.11030620001838543,
      "preconditioner_numeric_factor_runtime_s": 0.23407799997949041
    },
    {
      "converged": true,
      "source_scale": 0.15,
      "coeff_abs": 1.236270462329909e-22,
      "coeff_rel": 2.763025170098252e-14,
      "time_abs": null,
      "time_rel": null,
      "newton_iterations": 3,
      "gmres_iterations_total": 3,
      "factor_runtime_s": 0.3638395999732893,
      "runtime_s": 0.6571219000034034,
      "failure_reason": "",
      "preconditioner_assembly_runtime_s": 0.11517289996845648,
      "preconditioner_numeric_factor_runtime_s": 0.24723309997352771
    },
    {
      "converged": true,
      "source_scale": 0.2,
      "coeff_abs": 2.213453878262046e-21,
      "coeff_rel": 3.7102492728190523e-13,
      "time_abs": null,
      "time_rel": null,
      "newton_iterations": 3,
      "gmres_iterations_total": 3,
      "factor_runtime_s": 0.40552110003773123,
      "runtime_s": 0.7704658000147901,
      "failure_reason": "",
      "preconditioner_assembly_runtime_s": 0.12756600001011975,
      "preconditioner_numeric_factor_runtime_s": 0.27652100002160296
    },
    {
      "converged": true,
      "source_scale": 0.25,
      "coeff_abs": 2.9208125862345655e-18,
      "coeff_rel": 3.916753949308022e-10,
      "time_abs": null,
      "time_rel": null,
      "newton_iterations": 3,
      "gmres_iterations_total": 3,
      "factor_runtime_s": 0.4528258000209462,
      "runtime_s": 0.8392205999989528,
      "failure_reason": "",
      "preconditioner_assembly_runtime_s": 0.15251349998288788,
      "preconditioner_numeric_factor_runtime_s": 0.29860789998201653
    },
    {
      "converged": true,
      "source_scale": 0.3,
      "coeff_abs": 2.9051023344368414e-22,
      "coeff_rel": 3.2464056678311815e-14,
      "time_abs": null,
      "time_rel": null,
      "newton_iterations": 4,
      "gmres_iterations_total": 4,
      "factor_runtime_s": 0.47520640000584535,
      "runtime_s": 0.9175076999817975,
      "failure_reason": "",
      "preconditioner_assembly_runtime_s": 0.13587649998953566,
      "preconditioner_numeric_factor_runtime_s": 0.3373538999876473
    },
    {
      "converged": true,
      "source_scale": 0.35,
      "coeff_abs": 1.0071375514745894e-18,
      "coeff_rel": 9.646801717404278e-11,
      "time_abs": null,
      "time_rel": null,
      "newton_iterations": 4,
      "gmres_iterations_total": 4,
      "factor_runtime_s": 0.554802099999506,
      "runtime_s": 1.0269861000124365,
      "failure_reason": "",