{
  "metadata": {
    "pump_modes": [
      1,
      3,
      5,
      7,
      9,
      11,
      13,
      15,
      17,
      19
    ],
    "pump_basis": "positive_phasor",
    "real_reconstruction_factor": 2,
    "omega_p": 51227194494.314,
    "phase_convention": "exp_plus_i_k_omega_t",
    "pump_mode_policy": "positive_odd_jc",
    "pump_source_mode": 1,
    "pump_freq_ghz": 8.1530612245,
    "nt": 40,
    "pump_current_a": 1.3173775224780383e-05,
    "pump_current_ratio_ic_median": 4.9595900939753115,
    "pump_backend": "full"
  },
  "solution_summary": {
    "x_rms": 2.9755060270268353e-15,
    "x_max_abs": 6.759638723813773e-15,
    "branch_psi_rms": 1.123224813512818e-16,
    "branch_psi_max_abs": 2.2189566088226483e-16,
    "branch_i_rms": 8.767253540012669e-07,
    "branch_i_max_abs": 1.6582850975980234e-06,
    "X_h1_norm": 1.689229110337285e-13,
    "X_h2_norm": 5.649236341086864e-16,
    "X_h3_norm": 1.3916255683517054e-17,
    "X_h4_norm": 4.447444569488641e-19,
    "X_h5_norm": 2.154237747871026e-20,
    "X_h6_norm": 1.0733605032680197e-21,
    "X_h7_norm": 6.213059707706585e-23,
    "X_h8_norm": 3.9469098063825065e-24,
    "X_h9_norm": 4.0017619818898805e-25,
    "X_h10_norm": 5.748537882869586e-26
  },
  "reports": [
    {
      "converged": true,
      "source_scale": 1.0,
      "coeff_abs": 5.086297987458356e-18,
      "coeff_rel": 2.772564736650091e-10,
      "time_abs": 3.2169096688654534e-17,
      "time_rel": 2.772609872873921e-10,
      "newton_iterations": 2,
      "gmres_iterations_total": 2,
      "factor_runtime_s": 1.2213427000097,
      "runtime_s": 1.6200046000012662,
      "failure_reason": "",
      "preconditioner_assembly_runtime_s": 0.0,
      "preconditioner_numeric_factor_runtime_s": 0.0
    }
  ],
  "final_status": "VALID_CONVERGED"
}