{
  "metadata": {
    "pump_modes": [
      1,
      3,
      5,
      7,
      9,
      11,
      13,
      15,
      17,
      19
    ],
    "pump_basis": "positive_phasor",
    "real_reconstruction_factor": 2,
    "omega_p": 44252474118.46583,
    "phase_convention": "exp_plus_i_k_omega_t",
    "pump_mode_policy": "positive_odd_jc",
    "pump_source_mode": 1,
    "pump_freq_ghz": 7.043,
    "nt": 40,
    "pump_current_a": 7.090751846913023e-06,
    "pump_current_ratio_ic_median": 2.669487069479982,
    "pump_backend": "schur_cpu_mt"
  },
  "solution_summary": {
    "x_rms": 1.8190250859370705e-15,
    "x_max_abs": 4.065152287232634e-15,
    "branch_psi_rms": 1.0103013481396235e-16,
    "branch_psi_max_abs": 2.1311520381621494e-16,
    "branch_i_rms": 7.904608964048785e-07,
    "branch_i_max_abs": 1.6023411832587953e-06,
    "X_h1_norm": 1.0326789261360502e-13,
    "X_h2_norm": 4.1601907224609153e-16,
    "X_h3_norm": 1.1285499143235785e-17,
    "X_h4_norm": 6.529877574707675e-19,
    "X_h5_norm": 3.907848084772679e-20,
    "X_h6_norm": 1.1680455020830577e-21,
    "X_h7_norm": 8.060528615894611e-23,
    "X_h8_norm": 7.236682623261792e-24,
    "X_h9_norm": 6.659309653413984e-24,
    "X_h10_norm": 5.523707691278848e-26
  },
  "reports": [
    {
      "converged": true,
      "source_scale": 1.0,
      "coeff_abs": 1.8173842173295237e-19,
      "coeff_rel": 1.1503429145360009e-11,
      "time_abs": null,
      "time_rel": null,
      "newton_iterations": 2,
      "gmres_iterations_total": 2,
      "factor_runtime_s": 0.3698404000024311,
      "runtime_s": 0.7298962000058964,
      "failure_reason": "",
      "preconditioner_assembly_runtime_s": 0.1255349999992177,
      "preconditioner_numeric_factor_runtime_s": 0.2431036000198219
    }
  ],
  "final_status": "VALID_CONVERGED"
}