{
  "metadata": {
    "pump_modes": [
      1,
      3,
      5,
      7,
      9,
      11,
      13,
      15,
      17,
      19
    ],
    "pump_basis": "positive_phasor",
    "real_reconstruction_factor": 2,
    "omega_p": 51227194494.314,
    "phase_convention": "exp_plus_i_k_omega_t",
    "pump_mode_policy": "positive_odd_jc",
    "pump_source_mode": 1,
    "pump_freq_ghz": 8.1530612245,
    "nt": 40,
    "pump_current_a": 1.4107831017969042e-05,
    "pump_current_ratio_ic_median": 5.3112382570929535,
    "pump_backend": "full"
  },
  "solution_summary": {
    "x_rms": 3.1437538761102515e-15,
    "x_max_abs": 7.198408472384237e-15,
    "branch_psi_rms": 1.4464520345091073e-16,
    "branch_psi_max_abs": 2.550131219943302e-16,
    "branch_i_rms": 1.1119006378831854e-06,
    "branch_i_max_abs": 1.8583478526752877e-06,
    "X_h1_norm": 1.784721423441055e-13,
    "X_h2_norm": 1.0994467727454585e-15,
    "X_h3_norm": 4.404507161251562e-17,
    "X_h4_norm": 2.2926323374513736e-18,
    "X_h5_norm": 1.808298608420866e-19,
    "X_h6_norm": 1.4633856633728763e-20,
    "X_h7_norm": 1.4346208022284357e-21,
    "X_h8_norm": 1.7887884715521438e-22,
    "X_h9_norm": 2.2321256099349585e-23,
    "X_h10_norm": 5.002546226308957e-24
  },
  "reports": [
    {
      "converged": false,
      "source_scale": 1.0,
      "coeff_abs": 1.8953813836340252e-10,
      "coeff_rel": 0.009647760318949254,
      "time_abs": 1.1987444413929832e-09,
      "time_rel": 0.009647760318949263,
      "newton_iterations": 4,
      "gmres_iterations_total": 4,
      "factor_runtime_s": 2.6062421999522485,
      "runtime_s": 4.6207641000219155,
      "failure_reason": "stalled at Newton 4 (reduction ratio 0.976)",
      "preconditioner_assembly_runtime_s": 0.0,
      "preconditioner_numeric_factor_runtime_s": 0.0
    }
  ],
  "final_status": "FAIL"
}