{
  "metadata": {
    "pump_modes": [
      1,
      3,
      5,
      7,
      9,
      11,
      13,
      15,
      17,
      19
    ],
    "pump_basis": "positive_phasor",
    "real_reconstruction_factor": 2,
    "omega_p": 44252474118.46583,
    "phase_convention": "exp_plus_i_k_omega_t",
    "pump_mode_policy": "positive_odd_jc",
    "pump_source_mode": 1,
    "pump_freq_ghz": 7.043,
    "nt": 40,
    "pump_current_a": 2.089526302470351e-05,
    "pump_current_ratio_ic_median": 7.866533149388524,
    "pump_backend": "schur_cpu_mt"
  },
  "solution_summary": {
    "x_rms": 1.6046359730488718e-15,
    "x_max_abs": 3.671016442777043e-15,
    "branch_psi_rms": 8.942061432701185e-17,
    "branch_psi_max_abs": 1.8868407522255087e-16,
    "branch_i_rms": 7.043969144850483e-07,
    "branch_i_max_abs": 1.4408063827323975e-06,
    "X_h1_norm": 9.109667114785242e-14,
    "X_h2_norm": 3.919946244457559e-16,
    "X_h3_norm": 7.541007368004358e-17,
    "X_h4_norm": 6.544295236032179e-19,
    "X_h5_norm": 1.5344634386030467e-19,
    "X_h6_norm": 9.52206328013582e-20,
    "X_h7_norm": 3.095101683682487e-21,
    "X_h8_norm": 1.9498975163288857e-20,
    "X_h9_norm": 3.392424895255709e-22,
    "X_h10_norm": 1.9934053551985143e-23
  },
  "reports": [
    {
      "converged": false,
      "source_scale": 1.0,
      "coeff_abs": 1.8091314147407966e-08,
      "coeff_rel": 0.3885931395928871,
      "time_abs": null,
      "time_rel": null,
      "newton_iterations": 3,
      "gmres_iterations_total": 3,
      "factor_runtime_s": 0.42416040002717637,
      "runtime_s": 0.9199924000131432,
      "failure_reason": "line search failed at Newton 3",
      "preconditioner_assembly_runtime_s": 0.13179059998947196,
      "preconditioner_numeric_factor_runtime_s": 0.2908847000217065
    },
    {
      "converged": false,
      "source_scale": 0.5,
      "coeff_abs": 8.27144701487922e-10,
      "coeff_rel": 0.03553337848537275,
      "time_abs": null,
      "time_rel": null,
      "newton_iterations": 6,
      "gmres_iterations_total": 6,
      "factor_runtime_s": 0.9797548000351526,
      "runtime_s": 1.9731497000029776,
      "failure_reason": "stalled at Newton 6 (reduction ratio 0.926)",
      "preconditioner_assembly_runtime_s": 0.3518608999729622,
      "preconditioner_numeric_factor_runtime_s": 0.6244006999768317
    },
    {
      "converged": true,
      "source_scale": 0.25,
      "coeff_abs": 1.0973162857230629e-21,
      "coeff_rel": 9.427940438624784e-14,
      "time_abs": null,
      "time_rel": null,
      "newton_iterations": 8,
      "gmres_iterations_total": 8,
      "factor_runtime_s": 1.232438600040041,
      "runtime_s": 2.2807199000089895,
      "failure_reason": "",
      "preconditioner_assembly_runtime_s": 0.4555751000007149,
      "preconditioner_numeric_factor_runtime_s": 0.7723946000041906
    },
    {
      "converged": false,
      "source_scale": 0.625,
      "coeff_abs": 2.7178709308562565e-09,
      "coeff_rel": 0.0934057959017638,
      "time_abs": null,
      "time_rel": null,
      "newton_iterations": 5,
      "gmres_iterations_total": 5,
      "factor_runtime_s": 0.743191100016702,
      "runtime_s": 1.5185137999942526,
      "failure_reason": "stalled at Newton 5 (reduction ratio 0.998)",
      "preconditioner_assembly_runtime_s": 0.2558091000537388,
      "preconditioner_numeric_factor_runtime_s": 0.48427559999981895
    },
    {
      "converged": false,
      "source_scale": 0.4375,
      "coeff_abs": 1.0031107133048828e-09,
      "coeff_rel": 0.049248819565809315,
      "time_abs": null,
      "time_rel": null,
      "newton_iterations": 4,
      "gmres_iterations_total": 4,
      "factor_runtime_s": 0.6237170999520458,
      "runtime_s": 1.2685675999964587,
      "failure_reason": "stalled at Newton 4 (reduction ratio 0.996)",
      "preconditioner_assembly_runtime_s": 0.2335050000110641,
      "preconditioner_numeric_factor_runtime_s": 0.3882230999879539
    },
    {
      "converged": true,
      "source_scale": 0.34375,
      "coeff_abs": 3.234244301503177e-20,
      "coeff_rel": 2.0209479525978122e-12,
      "time_abs": null,
      "time_rel": null,
      "newton_iterations": 12,
      "gmres_iterations_total": 12,
      "factor_runtime_s": 2.2662996999861207,
      "runtime_s": 4.1590211000002455,
      "failure_reason": "",
      "preconditioner_assembly_runtime_s": 0.8618425999884494,
      "preconditioner_numeric_factor_runtime_s": 1.3967679000634234
    },
    {
      "converged": false,
      "source_scale": 0.484375,
      "coeff_abs": 1.7063137010687624e-09,
      "coeff_rel": 0.0756662432499051,
      "time_abs": null,
      "time_rel": null,
      "newton_iterations": 4,
      "gmres_iterations_total": 4,
      "factor_runtime_s": 0.670510700030718,
      "runtime_s": 1.3169022000220139,
      "failure_reason": "line search failed at Newton 4",
      "preconditioner_assembly_runtime_s": 0.21450150004238822,
      "preconditioner_numeric_factor_runtime_s": 0.4531056999694556
    },
    {
      "converged": false,
      "source_scale": 0.4140625,
      "coeff_abs": 1.6292532691672403e-09,
      "coeff_rel": 0.08451770880273765,
      "time_abs": null,
      "time_rel": null,
      "newton_iterations": 4,
      "gmres_iterations_total": 4,
      "factor_runtime_s": 0.6096965000033379,
      "runtime_s": 1.1498159999900963,
      "failure_reason": "line search failed at Newton 4",
      "preconditioner_assembly_runtime_s": 0.1917995000258088,
      "preconditioner_numeric_factor_runtime_s": 0.41556880000280216
    },
    {
      "converged": true,
      "source_scale": 0.05,
      "coeff_abs": 5.588421649619706e-20,
      "coeff_rel": 2.400734735464999e-11,
      "time_abs": null,
      "time_rel": null,
      "newton_iterations": 3,
      "gmres_iterations_total": 3,
      "factor_runtime_s": 0.4287682999565732,
      "runtime_s": 0.7970142999838572,
      "failure_reason": "",
      "preconditioner_assembly_runtime_s": 0.1331258999707643,
      "preconditioner_numeric_factor_runtime_s": 0.293845300009707
    },
    {
      "converged": true,
      "source_scale": 0.1,
      "coeff_abs": 1.2181673724668776e-19,
      "coeff_rel": 2.6165677073511225e-11,
      "time_abs": null,
      "time_rel": null,
      "newton_iterations": 4,
      "gmres_iterations_total": 4,
      "factor_runtime_s": 0.629256299987901,
      "runtime_s": 1.1479230000113603,
      "failure_reason": "",
      "preconditioner_assembly_runtime_s": 0.24470430001383647,
      "preconditioner_numeric_factor_runtime_s": 0.38218200000119396
    },
    {
      "converged": true,
      "source_scale": 0.15,
      "coeff_abs": 9.146601067497211e-22,
      "coeff_rel": 1.309765336913216e-13,
      "time_abs": null,
      "time_rel": null,
      "newton_iterations": 4,
      "gmres_iterations_total": 4,
      "factor_runtime_s": 0.5468544999603182,
      "runtime_s": 1.003768199996557,
      "failure_reason": "",
      "preconditioner_assembly_runtime_s": 0.16602269996656105,
      "preconditioner_numeric_factor_runtime_s": 0.37860499997623265
    },
    {
      "converged": true,
      "source_scale": 0.2,
      "coeff_abs": 1.5954043665986775e-21,
      "coeff_rel": 1.713427744069125e-13,
      "time_abs": null,
      "time_rel": null,
      "newton_iterations": 4,
      "gmres_iterations_total": 4,
      "factor_runtime_s": 0.540778299968224,
      "runtime_s": 1.0947504000214394,
      "failure_reason": "",
      "preconditioner_assembly_runtime_s": 0.1760325999930501,
      "preconditioner_numeric_factor_runtime_s": 0.3624247999978252
    },
    {
      "converged": true,
      "source_scale": 0.25,
      "coeff_abs": 5.465127228810702e-22,
      "coeff_rel": 4.695537163998449e-14,
      "time_abs": null,
      "time_rel": null,
      "newton_iterations": 6,
      "gmres_iterations_total": 6,
      "factor_runtime_s": 1.0368959999759682,
      "runtime_s": 1.8747298000089359,
      "failure_reason": "",