{
  "metadata": {
    "pump_modes": [
      1,
      3,
      5,
      7,
      9,
      11,
      13,
      15,
      17,
      19
    ],
    "pump_basis": "positive_phasor",
    "real_reconstruction_factor": 2,
    "omega_p": 51227194494.314,
    "phase_convention": "exp_plus_i_k_omega_t",
    "pump_mode_policy": "positive_odd_jc",
    "pump_source_mode": 1,
    "pump_freq_ghz": 8.1530612245,
    "nt": 40,
    "pump_current_a": 1.4119509959917183e-05,
    "pump_current_ratio_ic_median": 5.315635080615884,
    "pump_backend": "full"
  },
  "solution_summary": {
    "x_rms": 3.2292381911015586e-15,
    "x_max_abs": 7.323954882181038e-15,
    "branch_psi_rms": 3.22347742200519e-16,
    "branch_psi_max_abs": 1.4010021165789794e-15,
    "branch_i_rms": 1.4975616570881818e-06,
    "branch_i_max_abs": 2.6562225857279106e-06,
    "X_h1_norm": 1.8277885064597716e-13,
    "X_h2_norm": 1.416479736599016e-14,
    "X_h3_norm": 7.658650294865774e-16,
    "X_h4_norm": 1.788484182578065e-16,
    "X_h5_norm": 8.282900159317396e-17,
    "X_h6_norm": 4.106787000646168e-17,
    "X_h7_norm": 1.9001951013887115e-17,
    "X_h8_norm": 8.309845533654937e-18,
    "X_h9_norm": 3.7555449444036065e-18,
    "X_h10_norm": 3.468861196249231e-18
  },
  "reports": [
    {
      "converged": false,
      "source_scale": 1.0,
      "coeff_abs": 9.425641499726141e-08,
      "coeff_rel": 4.793816849203599,
      "time_abs": 5.961299109467994e-07,
      "time_rel": 4.793816849203602,
      "newton_iterations": 4,
      "gmres_iterations_total": 4,
      "factor_runtime_s": 2.373032100003911,
      "runtime_s": 4.623880300001474,
      "failure_reason": "stalled at Newton 4 (reduction ratio 0.998)",
      "preconditioner_assembly_runtime_s": 0.0,
      "preconditioner_numeric_factor_runtime_s": 0.0
    }
  ],
  "final_status": "FAIL"
}