{
  "metadata": {
    "pump_modes": [
      1,
      3,
      5,
      7,
      9,
      11,
      13,
      15,
      17,
      19
    ],
    "pump_basis": "positive_phasor",
    "real_reconstruction_factor": 2,
    "omega_p": 44252474118.46583,
    "phase_convention": "exp_plus_i_k_omega_t",
    "pump_mode_policy": "positive_odd_jc",
    "pump_source_mode": 1,
    "pump_freq_ghz": 7.043,
    "nt": 40,
    "pump_current_a": 7.416385339881801e-06,
    "pump_current_ratio_ic_median": 2.792079767354213,
    "pump_backend": "schur_cpu_mt"
  },
  "solution_summary": {
    "x_rms": 1.907822810833503e-15,
    "x_max_abs": 4.291325578429339e-15,
    "branch_psi_rms": 1.0633123196506381e-16,
    "branch_psi_max_abs": 2.20666762104902e-16,
    "branch_i_rms": 8.293130165592716e-07,
    "branch_i_max_abs": 1.650525411670224e-06,
    "X_h1_norm": 1.0830894466782904e-13,
    "X_h2_norm": 4.567953174892279e-16,
    "X_h3_norm": 1.3097657218340604e-17,
    "X_h4_norm": 8.5349127554505875e-19,
    "X_h5_norm": 5.10592312801697e-20,
    "X_h6_norm": 1.5020459308274714e-21,
    "X_h7_norm": 1.0711134891799267e-22,
    "X_h8_norm": 8.946265296272191e-24,
    "X_h9_norm": 5.99145515364504e-24,
    "X_h10_norm": 7.156204890924074e-26
  },
  "reports": [
    {
      "converged": true,
      "source_scale": 1.0,
      "coeff_abs": 1.596506733062185e-17,
      "coeff_rel": 9.661650517699798e-10,
      "time_abs": null,
      "time_rel": null,
      "newton_iterations": 1,
      "gmres_iterations_total": 1,
      "factor_runtime_s": 0.18641990001196973,
      "runtime_s": 0.29548160001286305,
      "failure_reason": "",
      "preconditioner_assembly_runtime_s": 0.07088740001199767,
      "preconditioner_numeric_factor_runtime_s": 0.11504429997876287
    }
  ],
  "final_status": "VALID_CONVERGED"
}