{
  "metadata": {
    "pump_modes": [
      1,
      3,
      5,
      7,
      9,
      11,
      13,
      15,
      17,
      19
    ],
    "pump_basis": "positive_phasor",
    "real_reconstruction_factor": 2,
    "omega_p": 51227194494.314,
    "phase_convention": "exp_plus_i_k_omega_t",
    "pump_mode_policy": "positive_odd_jc",
    "pump_source_mode": 1,
    "pump_freq_ghz": 8.1530612245,
    "nt": 40,
    "pump_current_a": 1.3527272822085254e-05,
    "pump_current_ratio_ic_median": 5.092672915863715,
    "pump_backend": "full"
  },
  "solution_summary": {
    "x_rms": 3.0436601068436403e-15,
    "x_max_abs": 6.9396182867027745e-15,
    "branch_psi_rms": 1.3605764503636234e-16,
    "branch_psi_max_abs": 2.6253569472022773e-16,
    "branch_i_rms": 1.0502547970739118e-06,
    "branch_i_max_abs": 1.901240293936349e-06,
    "X_h1_norm": 1.7278942050927943e-13,
    "X_h2_norm": 1.1211020457253533e-15,
    "X_h3_norm": 4.6168412913959847e-17,
    "X_h4_norm": 1.8305455789674296e-18,
    "X_h5_norm": 1.658775143949961e-19,
    "X_h6_norm": 1.0707055963792565e-20,
    "X_h7_norm": 2.1888724280052274e-21,
    "X_h8_norm": 1.4948980970923195e-22,
    "X_h9_norm": 9.336129988512515e-24,
    "X_h10_norm": 1.799609031587954e-24
  },
  "reports": [
    {
      "converged": true,
      "source_scale": 1.0,
      "coeff_abs": 1.2471367651591035e-20,
      "coeff_rel": 6.620548589056741e-13,
      "time_abs": 1.9926314564911228e-19,
      "time_rel": 1.672541418309464e-12,
      "newton_iterations": 9,
      "gmres_iterations_total": 9,
      "factor_runtime_s": 5.3948072000348475,
      "runtime_s": 7.545370299980277,
      "failure_reason": "",
      "preconditioner_assembly_runtime_s": 0.0,
      "preconditioner_numeric_factor_runtime_s": 0.0
    }
  ],
  "final_status": "VALID_CONVERGED"
}