{
  "metadata": {
    "pump_modes": [
      1,
      3,
      5,
      7,
      9,
      11,
      13,
      15,
      17,
      19
    ],
    "pump_basis": "positive_phasor",
    "real_reconstruction_factor": 2,
    "omega_p": 51227194494.314,
    "phase_convention": "exp_plus_i_k_omega_t",
    "pump_mode_policy": "positive_odd_jc",
    "pump_source_mode": 1,
    "pump_freq_ghz": 8.1530612245,
    "nt": 40,
    "pump_current_a": 1.3295670666135124e-05,
    "pump_current_ratio_ic_median": 5.005480616101918,
    "pump_backend": "schur_cpu_mt"
  },
  "solution_summary": {
    "x_rms": 1.7957028207928903e-15,
    "x_max_abs": 4.130470555082613e-15,
    "branch_psi_rms": 1.0714356244904527e-16,
    "branch_psi_max_abs": 2.2308377741999287e-16,
    "branch_i_rms": 8.369277090809089e-07,
    "branch_i_max_abs": 1.6657652882564385e-06,
    "X_h1_norm": 1.019437116448817e-13,
    "X_h2_norm": 4.469013521282378e-16,
    "X_h3_norm": 1.1799931233072109e-17,
    "X_h4_norm": 4.615465728338633e-19,
    "X_h5_norm": 2.2223434915858977e-20,
    "X_h6_norm": 1.3153307440490055e-21,
    "X_h7_norm": 9.881119619553673e-23,
    "X_h8_norm": 9.191006729450713e-24,
    "X_h9_norm": 5.390361555456474e-25,
    "X_h10_norm": 6.411782588949636e-26
  },
  "reports": [
    {
      "converged": false,
      "source_scale": 1.0,
      "coeff_abs": 5.810846094624675e-09,
      "coeff_rel": 0.19615617316018397,
      "time_abs": null,
      "time_rel": null,
      "newton_iterations": 5,
      "gmres_iterations_total": 5,
      "factor_runtime_s": 0.6955952000280377,
      "runtime_s": 1.4923684000095818,
      "failure_reason": "stalled at Newton 5 (reduction ratio 0.998)",
      "preconditioner_assembly_runtime_s": 0.2295017999713309,
      "preconditioner_numeric_factor_runtime_s": 0.46314949996303767
    },
    {
      "converged": true,
      "source_scale": 0.5,
      "coeff_abs": 7.507395163374224e-19,
      "coeff_rel": 5.068528340514856e-11,
      "time_abs": null,
      "time_rel": null,
      "newton_iterations": 13,
      "gmres_iterations_total": 13,
      "factor_runtime_s": 1.8192355000355747,
      "runtime_s": 3.45087390000117,
      "failure_reason": "",
      "preconditioner_assembly_runtime_s": 0.5893123999994714,
      "preconditioner_numeric_factor_runtime_s": 1.2231930999842007
    },
    {
      "converged": false,
      "source_scale": 1.0,
      "coeff_abs": 3.3706182886772163e-09,
      "coeff_rel": 0.11378163763488149,
      "time_abs": null,
      "time_rel": null,
      "newton_iterations": 4,
      "gmres_iterations_total": 4,
      "factor_runtime_s": 0.48614520000410266,
      "runtime_s": 1.022428199998103,
      "failure_reason": "stalled at Newton 4 (reduction ratio 0.998)",
      "preconditioner_assembly_runtime_s": 0.13311049996991642,
      "preconditioner_numeric_factor_runtime_s": 0.3511465000046883
    },
    {
      "converged": false,
      "source_scale": 0.75,
      "coeff_abs": 5.413915398771446e-10,
      "coeff_rel": 0.024367602907681588,
      "time_abs": null,
      "time_rel": null,
      "newton_iterations": 5,
      "gmres_iterations_total": 5,
      "factor_runtime_s": 0.6626269999833312,
      "runtime_s": 1.271518699999433,
      "failure_reason": "stalled at Newton 5 (reduction ratio 0.994)",
      "preconditioner_assembly_runtime_s": 0.20346700004301965,
      "preconditioner_numeric_factor_runtime_s": 0.456612000009045
    },
    {
      "converged": false,
      "source_scale": 0.625,
      "coeff_abs": 3.481149472370712e-10,
      "coeff_rel": 0.01880205250882145,
      "time_abs": null,
      "time_rel": null,
      "newton_iterations": 4,
      "gmres_iterations_total": 4,
      "factor_runtime_s": 0.4365659999893978,
      "runtime_s": 0.8813649000076111,
      "failure_reason": "stalled at Newton 4 (reduction ratio 0.938)",
      "preconditioner_assembly_runtime_s": 0.12166140001500025,
      "preconditioner_numeric_factor_runtime_s": 0.3130156999977771
    },
    {
      "converged": false,
      "source_scale": 0.5625,
      "coeff_abs": 1.0423999676836183e-10,
      "coeff_rel": 0.006255679205049667,
      "time_abs": null,
      "time_rel": null,
      "newton_iterations": 5,
      "gmres_iterations_total": 5,
      "factor_runtime_s": 0.6150062000378966,
      "runtime_s": 1.1522869000036735,
      "failure_reason": "stalled at Newton 5 (reduction ratio 0.940)",
      "preconditioner_assembly_runtime_s": 0.20599759995820932,
      "preconditioner_numeric_factor_runtime_s": 0.40675670001655817
    },
    {
      "converged": true,
      "source_scale": 0.05,
      "coeff_abs": 2.3919174899885923e-22,
      "coeff_rel": 1.61487457664762e-13,
      "time_abs": null,
      "time_rel": null,
      "newton_iterations": 3,
      "gmres_iterations_total": 3,
      "factor_runtime_s": 0.36006509998696856,
      "runtime_s": 0.6721841000253335,
      "failure_reason": "",
      "preconditioner_assembly_runtime_s": 0.10225270001683384,
      "preconditioner_numeric_factor_runtime_s": 0.2562825999921188
    },
    {
      "converged": true,
      "source_scale": 0.1,
      "coeff_abs": 4.814061207647881e-19,
      "coeff_rel": 1.6250780152732566e-10,
      "time_abs": null,
      "time_rel": null,
      "newton_iterations": 3,
      "gmres_iterations_total": 3,
      "factor_runtime_s": 0.427173700009007,
      "runtime_s": 0.8693949000153225,
      "failure_reason": "",
      "preconditioner_assembly_runtime_s": 0.15135259999078698,
      "preconditioner_numeric_factor_runtime_s": 0.2740017000178341
    },
    {
      "converged": true,
      "source_scale": 0.15,
      "coeff_abs": 1.227983744310334e-22,
      "coeff_rel": 2.763528616020903e-14,
      "time_abs": null,
      "time_rel": null,
      "newton_iterations": 3,
      "gmres_iterations_total": 3,
      "factor_runtime_s": 0.4406877000001259,
      "runtime_s": 0.813792699977057,
      "failure_reason": "",
      "preconditioner_assembly_runtime_s": 0.1579096999776084,
      "preconditioner_numeric_factor_runtime_s": 0.28100430002086796
    },
    {
      "converged": true,
      "source_scale": 0.2,
      "coeff_abs": 1.707899587777898e-21,
      "coeff_rel": 2.882670112277401e-13,
      "time_abs": null,
      "time_rel": null,
      "newton_iterations": 3,
      "gmres_iterations_total": 3,
      "factor_runtime_s": 0.3986912999826018,
      "runtime_s": 0.730854299996281,
      "failure_reason": "",
      "preconditioner_assembly_runtime_s": 0.12147440004628152,
      "preconditioner_numeric_factor_runtime_s": 0.2755782000022009
    },
    {
      "converged": true,
      "source_scale": 0.25,
      "coeff_abs": 2.316024835824369e-18,
      "coeff_rel": 3.127273111979368e-10,
      "time_abs": null,
      "time_rel": null,
      "newton_iterations": 3,
      "gmres_iterations_total": 3,
      "factor_runtime_s": 0.39356889997725375,
      "runtime_s": 0.7524261999933515,
      "failure_reason": "",
      "preconditioner_assembly_runtime_s": 0.13088839998818003,
      "preconditioner_numeric_factor_runtime_s": 0.26121389999752864
    },
    {
      "converged": true,
      "source_scale": 0.3,
      "coeff_abs": 2.79926596248127e-22,
      "coeff_rel": 3.1498184023254026e-14,
      "time_abs": null,
      "time_rel": null,
      "newton_iterations": 4,
      "gmres_iterations_total": 4,
      "factor_runtime_s": 0.5491243999858852,
      "runtime_s": 1.0511310000147205,
      "failure_reason": "",
      "preconditioner_assembly_runtime_s": 0.1801400000404101,
      "preconditioner_numeric_factor_runtime_s": 0.3667573000129778
    },
    {
      "converged": true,
      "source_scale": 0.35,
      "coeff_abs": 7.610974778346432e-19,
      "coeff_rel": 7.340655546678773e-11,
      "time_abs": null,
      "time_rel": null,
      "newton_iterations": 4,
      "gmres_iterations_total": 4,
      "factor_runtime_s": 0.5677097999723628,
      "runtime_s": 1.0368078000028618,
      "failure_reason": "",