{
  "metadata": {
    "pump_modes": [
      1,
      3,
      5,
      7,
      9,
      11,
      13,
      15,
      17,
      19
    ],
    "pump_basis": "positive_phasor",
    "real_reconstruction_factor": 2,
    "omega_p": 51227194494.314,
    "phase_convention": "exp_plus_i_k_omega_t",
    "pump_mode_policy": "positive_odd_jc",
    "pump_source_mode": 1,
    "pump_freq_ghz": 8.1530612245,
    "nt": 40,
    "pump_current_a": 1.40753839070255e-05,
    "pump_current_ratio_ic_median": 5.299022748078423,
    "pump_backend": "full"
  },
  "solution_summary": {
    "x_rms": 3.1466777527414665e-15,
    "x_max_abs": 7.204688243319514e-15,
    "branch_psi_rms": 1.448638733182003e-16,
    "branch_psi_max_abs": 2.546222284200706e-16,
    "branch_i_rms": 1.1134575651094353e-06,
    "branch_i_max_abs": 1.8560923118296216e-06,
    "X_h1_norm": 1.7863822961593484e-13,
    "X_h2_norm": 1.0845095254797328e-15,
    "X_h3_norm": 4.3906502842668305e-17,
    "X_h4_norm": 2.428716722136759e-18,
    "X_h5_norm": 1.9582681883561848e-19,
    "X_h6_norm": 1.8031875033472053e-20,
    "X_h7_norm": 1.8133878864146693e-21,
    "X_h8_norm": 2.316789154133571e-22,
    "X_h9_norm": 3.359816763992444e-23,
    "X_h10_norm": 8.312969674839079e-24
  },
  "reports": [
    {
      "converged": false,
      "source_scale": 1.0,
      "coeff_abs": 1.4027328575345905e-10,
      "coeff_rel": 0.007156569034691462,
      "time_abs": 8.871661557131425e-10,
      "time_rel": 0.007156569034691336,
      "newton_iterations": 4,
      "gmres_iterations_total": 4,
      "factor_runtime_s": 2.358704599988414,
      "runtime_s": 3.912357199995313,
      "failure_reason": "stalled at Newton 4 (reduction ratio 0.938)",
      "preconditioner_assembly_runtime_s": 0.0,
      "preconditioner_numeric_factor_runtime_s": 0.0
    }
  ],
  "final_status": "FAIL"
}