{
  "metadata": {
    "pump_modes": [
      1,
      3,
      5,
      7,
      9,
      11,
      13,
      15,
      17,
      19
    ],
    "pump_basis": "positive_phasor",
    "real_reconstruction_factor": 2,
    "omega_p": 44252474118.46583,
    "phase_convention": "exp_plus_i_k_omega_t",
    "pump_mode_policy": "positive_odd_jc",
    "pump_source_mode": 1,
    "pump_freq_ghz": 7.043,
    "nt": 40,
    "pump_current_a": 6.834272429370037e-06,
    "pump_current_ratio_ic_median": 2.5729291157537024,
    "pump_backend": "schur_cpu_mt"
  },
  "solution_summary": {
    "x_rms": 1.7501471854963033e-15,
    "x_max_abs": 3.927553306396853e-15,
    "branch_psi_rms": 9.687843343905692e-17,
    "branch_psi_max_abs": 2.063214241560206e-16,
    "branch_i_rms": 7.59885275953735e-07,
    "branch_i_max_abs": 1.5582705091471515e-06,
    "X_h1_norm": 9.935761509920581e-14,
    "X_h2_norm": 4.025418018822828e-16,
    "X_h3_norm": 1.3314863338484383e-17,
    "X_h4_norm": 6.495989013798546e-19,
    "X_h5_norm": 3.1243486289473977e-20,
    "X_h6_norm": 2.612829265414872e-21,
    "X_h7_norm": 7.379156610938656e-23,
    "X_h8_norm": 6.283900749742242e-24,
    "X_h9_norm": 4.903111933419454e-24,
    "X_h10_norm": 4.4903990851284e-26
  },
  "reports": [
    {
      "converged": true,
      "source_scale": 1.0,
      "coeff_abs": 4.980753556450911e-22,
      "coeff_rel": 3.2709629382047454e-14,
      "time_abs": null,
      "time_rel": null,
      "newton_iterations": 3,
      "gmres_iterations_total": 3,
      "factor_runtime_s": 0.3716978000011295,
      "runtime_s": 0.7291306999977678,
      "failure_reason": "",
      "preconditioner_assembly_runtime_s": 0.12855699995998293,
      "preconditioner_numeric_factor_runtime_s": 0.24193170000216924
    }
  ],
  "final_status": "VALID_CONVERGED"
}