{
  "metadata": {
    "pump_modes": [
      1,
      3,
      5,
      7,
      9,
      11,
      13,
      15,
      17,
      19
    ],
    "pump_basis": "positive_phasor",
    "real_reconstruction_factor": 2,
    "omega_p": 51227194494.314,
    "phase_convention": "exp_plus_i_k_omega_t",
    "pump_mode_policy": "positive_odd_jc",
    "pump_source_mode": 1,
    "pump_freq_ghz": 8.1530612245,
    "nt": 40,
    "pump_current_a": 1.4026853111241704e-05,
    "pump_current_ratio_ic_median": 5.280752142279009,
    "pump_backend": "full"
  },
  "solution_summary": {
    "x_rms": 3.142923349539264e-15,
    "x_max_abs": 7.19489244375842e-15,
    "branch_psi_rms": 1.444535329751792e-16,
    "branch_psi_max_abs": 2.5123694602863604e-16,
    "branch_i_rms": 1.1107882646976104e-06,
    "branch_i_max_abs": 1.836449304871107e-06,
    "X_h1_norm": 1.784253442747016e-13,
    "X_h2_norm": 1.0407500876772e-15,
    "X_h3_norm": 3.9754065924434245e-17,
    "X_h4_norm": 1.9798860809782564e-18,
    "X_h5_norm": 1.4599825401096137e-19,
    "X_h6_norm": 1.1391122944836413e-20,
    "X_h7_norm": 1.0442135859337142e-21,
    "X_h8_norm": 1.2155509551589824e-22,
    "X_h9_norm": 1.5370119265305117e-23,
    "X_h10_norm": 3.0309025872373823e-24
  },
  "reports": [
    {
      "converged": false,
      "source_scale": 1.0,
      "coeff_abs": 8.23544595909988e-11,
      "coeff_rel": 0.0042161593498808115,
      "time_abs": 5.208553355597336e-10,
      "time_rel": 0.004216159349881002,
      "newton_iterations": 4,
      "gmres_iterations_total": 4,
      "factor_runtime_s": 2.4016414000070654,
      "runtime_s": 4.087474700005259,
      "failure_reason": "stalled at Newton 4 (reduction ratio 0.984)",
      "preconditioner_assembly_runtime_s": 0.0,
      "preconditioner_numeric_factor_runtime_s": 0.0
    }
  ],
  "final_status": "FAIL"
}