{
  "metadata": {
    "pump_modes": [
      1,
      3,
      5,
      7,
      9,
      11,
      13,
      15,
      17,
      19
    ],
    "pump_basis": "positive_phasor",
    "real_reconstruction_factor": 2,
    "omega_p": 51227194494.314,
    "phase_convention": "exp_plus_i_k_omega_t",
    "pump_mode_policy": "positive_odd_jc",
    "pump_source_mode": 1,
    "pump_freq_ghz": 8.1530612245,
    "nt": 40,
    "pump_current_a": 1.376290934079811e-05,
    "pump_current_ratio_ic_median": 5.181384050223198,
    "pump_backend": "full"
  },
  "solution_summary": {
    "x_rms": 3.0990649371836792e-15,
    "x_max_abs": 7.0783942932032985e-15,
    "branch_psi_rms": 1.390555544913461e-16,
    "branch_psi_max_abs": 2.502735513971665e-16,
    "branch_i_rms": 1.0723573341213946e-06,
    "branch_i_max_abs": 1.8308236263063708e-06,
    "X_h1_norm": 1.7593462298352795e-13,
    "X_h2_norm": 1.1638226311028007e-15,
    "X_h3_norm": 4.2197816309083666e-17,
    "X_h4_norm": 1.9042077575140576e-18,
    "X_h5_norm": 1.333760931677561e-19,
    "X_h6_norm": 9.759446332508821e-21,
    "X_h7_norm": 1.080291325297165e-21,
    "X_h8_norm": 1.5236845470862002e-22,
    "X_h9_norm": 6.265008185658815e-24,
    "X_h10_norm": 5.997229495625916e-25
  },
  "reports": [
    {
      "converged": true,
      "source_scale": 1.0,
      "coeff_abs": 1.4319070794414212e-19,
      "coeff_rel": 7.47127515829673e-12,
      "time_abs": 9.24054922406035e-19,
      "time_rel": 7.623382031498168e-12,
      "newton_iterations": 3,
      "gmres_iterations_total": 3,
      "factor_runtime_s": 1.7484983999456745,
      "runtime_s": 2.314176399988355,
      "failure_reason": "",
      "preconditioner_assembly_runtime_s": 0.0,
      "preconditioner_numeric_factor_runtime_s": 0.0
    }
  ],
  "final_status": "VALID_CONVERGED"
}