{
  "metadata": {
    "pump_modes": [
      1,
      3,
      5,
      7,
      9,
      11,
      13,
      15,
      17,
      19
    ],
    "pump_basis": "positive_phasor",
    "real_reconstruction_factor": 2,
    "omega_p": 44252474118.46583,
    "phase_convention": "exp_plus_i_k_omega_t",
    "pump_mode_policy": "positive_odd_jc",
    "pump_source_mode": 1,
    "pump_freq_ghz": 7.043,
    "nt": 40,
    "pump_current_a": 7.306212286554939e-06,
    "pump_current_ratio_ic_median": 2.7506024250905394,
    "pump_backend": "schur_cpu_mt"
  },
  "solution_summary": {
    "x_rms": 1.877865695369623e-15,
    "x_max_abs": 4.212138800627937e-15,
    "branch_psi_rms": 1.0461803872915693e-16,
    "branch_psi_max_abs": 2.1876933095798647e-16,
    "branch_i_rms": 8.167758449888937e-07,
    "branch_i_max_abs": 1.6384992248432188e-06,
    "X_h1_norm": 1.0660827352448373e-13,
    "X_h2_norm": 4.4348277093728573e-16,
    "X_h3_norm": 2.6300096603653088e-17,
    "X_h4_norm": 1.0303243091691217e-18,
    "X_h5_norm": 1.284208671905092e-19,
    "X_h6_norm": 3.7141115546449204e-20,
    "X_h7_norm": 1.0620982934349863e-21,
    "X_h8_norm": 1.3411017975275829e-21,
    "X_h9_norm": 9.758282271198224e-23,
    "X_h10_norm": 1.5037948525054192e-23
  },
  "reports": [
    {
      "converged": true,
      "source_scale": 1.0,
      "coeff_abs": 1.0162801746158608e-19,
      "coeff_rel": 6.243009893318161e-12,
      "time_abs": null,
      "time_rel": null,
      "newton_iterations": 10,
      "gmres_iterations_total": 10,
      "factor_runtime_s": 1.815412300027674,
      "runtime_s": 3.2449524000112433,
      "failure_reason": "",
      "preconditioner_assembly_runtime_s": 0.711583900032565,
      "preconditioner_numeric_factor_runtime_s": 1.0982497000077274
    }
  ],
  "final_status": "VALID_CONVERGED"
}