{
  "metadata": {
    "pump_modes": [
      1,
      3,
      5,
      7,
      9,
      11,
      13,
      15,
      17,
      19
    ],
    "pump_basis": "positive_phasor",
    "real_reconstruction_factor": 2,
    "omega_p": 44252474118.46583,
    "phase_convention": "exp_plus_i_k_omega_t",
    "pump_mode_policy": "positive_odd_jc",
    "pump_source_mode": 1,
    "pump_freq_ghz": 7.043,
    "nt": 40,
    "pump_current_a": 2.6163285885308235e-06,
    "pump_current_ratio_ic_median": 0.984980928310791,
    "pump_backend": "schur_cpu_mt"
  },
  "solution_summary": {
    "x_rms": 6.696256413340803e-16,
    "x_max_abs": 1.5418364539058455e-15,
    "branch_psi_rms": 3.787778792262318e-17,
    "branch_psi_max_abs": 7.305968117540688e-17,
    "branch_i_rms": 3.0434281455289115e-07,
    "branch_i_max_abs": 5.848351589421465e-07,
    "X_h1_norm": 3.80156243552042e-14,
    "X_h2_norm": 2.586176833281154e-17,
    "X_h3_norm": 2.1173677099404554e-19,
    "X_h4_norm": 1.0191992885345733e-21,
    "X_h5_norm": 8.152900545851939e-24,
    "X_h6_norm": 1.643448608189747e-25,
    "X_h7_norm": 1.804547742565914e-27,
    "X_h8_norm": 2.0227128556692876e-29,
    "X_h9_norm": 7.323689377375478e-31,
    "X_h10_norm": 5.902999409242056e-31
  },
  "reports": [
    {
      "converged": true,
      "source_scale": 1.0,
      "coeff_abs": 8.65624538621075e-22,
      "coeff_rel": 1.4849441811543027e-13,
      "time_abs": null,
      "time_rel": null,
      "newton_iterations": 2,
      "gmres_iterations_total": 2,
      "factor_runtime_s": 0.2846665999968536,
      "runtime_s": 0.5883797999995295,
      "failure_reason": "",
      "preconditioner_assembly_runtime_s": 0.09702210000250489,
      "preconditioner_numeric_factor_runtime_s": 0.18638050003210083
    }
  ],
  "final_status": "VALID_CONVERGED"
}