{
  "metadata": {
    "pump_modes": [
      1,
      3,
      5,
      7,
      9,
      11,
      13,
      15,
      17,
      19
    ],
    "pump_basis": "positive_phasor",
    "real_reconstruction_factor": 2,
    "omega_p": 44252474118.46583,
    "phase_convention": "exp_plus_i_k_omega_t",
    "pump_mode_policy": "positive_odd_jc",
    "pump_source_mode": 1,
    "pump_freq_ghz": 7.043,
    "nt": 40,
    "pump_current_a": 2.6314328183056634e-06,
    "pump_current_ratio_ic_median": 0.9906672852654408,
    "pump_backend": "schur_cpu_mt"
  },
  "solution_summary": {
    "x_rms": 6.73490038197169e-16,
    "x_max_abs": 1.5506531351451972e-15,
    "branch_psi_rms": 3.80983841050873e-17,
    "branch_psi_max_abs": 7.34964602375501e-17,
    "branch_i_rms": 3.0609911064185046e-07,
    "branch_i_max_abs": 5.882733888275259e-07,
    "X_h1_norm": 3.8235011616166365e-14,
    "X_h2_norm": 2.628274450596428e-17,
    "X_h3_norm": 1.3141319322935307e-19,
    "X_h4_norm": 7.759951830996265e-22,
    "X_h5_norm": 5.153474331438471e-24,
    "X_h6_norm": 4.3950023467914913e-26,
    "X_h7_norm": 4.041522375084778e-28,
    "X_h8_norm": 4.1523362118181055e-30,
    "X_h9_norm": 1.1171978148697883e-30,
    "X_h10_norm": 5.966399676254155e-31
  },
  "reports": [
    {
      "converged": true,
      "source_scale": 1.0,
      "coeff_abs": 3.141350522672886e-22,
      "coeff_rel": 5.357929178783378e-14,
      "time_abs": null,
      "time_rel": null,
      "newton_iterations": 2,
      "gmres_iterations_total": 2,
      "factor_runtime_s": 0.2879636000143364,
      "runtime_s": 0.55371720000403,
      "failure_reason": "",
      "preconditioner_assembly_runtime_s": 0.09756360002211295,
      "preconditioner_numeric_factor_runtime_s": 0.18932380000478588
    }
  ],
  "final_status": "VALID_CONVERGED"
}