{
  "metadata": {
    "pump_modes": [
      1,
      3,
      5,
      7,
      9,
      11,
      13,
      15,
      17,
      19
    ],
    "pump_basis": "positive_phasor",
    "real_reconstruction_factor": 2,
    "omega_p": 51227194494.314,
    "phase_convention": "exp_plus_i_k_omega_t",
    "pump_mode_policy": "positive_odd_jc",
    "pump_source_mode": 1,
    "pump_freq_ghz": 8.1530612245,
    "nt": 40,
    "pump_current_a": 1.3834397471580033e-05,
    "pump_current_ratio_ic_median": 5.208297506632861,
    "pump_backend": "full"
  },
  "solution_summary": {
    "x_rms": 3.115164753347646e-15,
    "x_max_abs": 7.115836874953711e-15,
    "branch_psi_rms": 1.408188622883985e-16,
    "branch_psi_max_abs": 2.5427605900763347e-16,
    "branch_i_rms": 1.085379272126149e-06,
    "branch_i_max_abs": 1.8540926528056776e-06,
    "X_h1_norm": 1.7684923813970052e-13,
    "X_h2_norm": 1.0716074784559112e-15,
    "X_h3_norm": 3.189199345902884e-17,
    "X_h4_norm": 1.5620538796703379e-18,
    "X_h5_norm": 1.0087386996103648e-19,
    "X_h6_norm": 7.281687820016055e-21,
    "X_h7_norm": 5.648471918015195e-22,
    "X_h8_norm": 4.9734785362315293e-23,
    "X_h9_norm": 5.2109996416741626e-24,
    "X_h10_norm": 9.471834596680934e-25
  },
  "reports": [
    {
      "converged": false,
      "source_scale": 1.0,
      "coeff_abs": 1.9144818809934043e-11,
      "coeff_rel": 0.0009937591843604088,
      "time_abs": 1.2108246566125263e-10,
      "time_rel": 0.0009937591843604172,
      "newton_iterations": 5,
      "gmres_iterations_total": 5,
      "factor_runtime_s": 3.4405875999946147,
      "runtime_s": 4.866472599998815,
      "failure_reason": "stalled at Newton 5 (reduction ratio 0.895)",
      "preconditioner_assembly_runtime_s": 0.0,
      "preconditioner_numeric_factor_runtime_s": 0.0
    }
  ],
  "final_status": "FAIL"
}