{
  "metadata": {
    "pump_modes": [
      1,
      3,
      5,
      7,
      9,
      11,
      13,
      15,
      17,
      19
    ],
    "pump_basis": "positive_phasor",
    "real_reconstruction_factor": 2,
    "omega_p": 51227194494.314,
    "phase_convention": "exp_plus_i_k_omega_t",
    "pump_mode_policy": "positive_odd_jc",
    "pump_source_mode": 1,
    "pump_freq_ghz": 8.1530612245,
    "nt": 40,
    "pump_current_a": 1.3628882555548744e-05,
    "pump_current_ratio_ic_median": 5.130926386788971,
    "pump_backend": "full"
  },
  "solution_summary": {
    "x_rms": 3.068134094744404e-15,
    "x_max_abs": 6.999986687079993e-15,
    "branch_psi_rms": 1.3728817967763356e-16,
    "branch_psi_max_abs": 2.6061242368034256e-16,
    "branch_i_rms": 1.0590191224568316e-06,
    "branch_i_max_abs": 1.8903677560877205e-06,
    "X_h1_norm": 1.7417788196147899e-13,
    "X_h2_norm": 1.2657407415391148e-15,
    "X_h3_norm": 4.942169499801344e-17,
    "X_h4_norm": 2.2037273732373065e-18,
    "X_h5_norm": 1.7385066905555277e-19,
    "X_h6_norm": 1.3064329060652732e-20,
    "X_h7_norm": 2.1715881285313977e-21,
    "X_h8_norm": 2.959611704391232e-22,
    "X_h9_norm": 1.1408731476049514e-23,
    "X_h10_norm": 1.8420127378983903e-24
  },
  "reports": [
    {
      "converged": true,
      "source_scale": 1.0,
      "coeff_abs": 1.3330375975348246e-20,
      "coeff_rel": 7.023802537324659e-13,
      "time_abs": 2.0419550243413803e-19,
      "time_rel": 1.7011635608841078e-12,
      "newton_iterations": 3,
      "gmres_iterations_total": 3,
      "factor_runtime_s": 2.035883999982616,
      "runtime_s": 2.910744100023294,
      "failure_reason": "",
      "preconditioner_assembly_runtime_s": 0.0,
      "preconditioner_numeric_factor_runtime_s": 0.0
    }
  ],
  "final_status": "VALID_CONVERGED"
}