{
  "metadata": {
    "pump_modes": [
      1,
      3,
      5,
      7,
      9,
      11,
      13,
      15,
      17,
      19
    ],
    "pump_basis": "positive_phasor",
    "real_reconstruction_factor": 2,
    "omega_p": 51227194494.314,
    "phase_convention": "exp_plus_i_k_omega_t",
    "pump_mode_policy": "positive_odd_jc",
    "pump_source_mode": 1,
    "pump_freq_ghz": 8.1530612245,
    "nt": 40,
    "pump_current_a": 1.391426431977455e-05,
    "pump_current_ratio_ic_median": 5.238365336270448,
    "pump_backend": "full"
  },
  "solution_summary": {
    "x_rms": 3.132342108522938e-15,
    "x_max_abs": 7.167226177199692e-15,
    "branch_psi_rms": 1.420873198857341e-16,
    "branch_psi_max_abs": 2.5404677621840444e-16,
    "branch_i_rms": 1.094544365284236e-06,
    "branch_i_max_abs": 1.8527670637739797e-06,
    "X_h1_norm": 1.778247576375977e-13,
    "X_h2_norm": 1.0171825873241752e-15,
    "X_h3_norm": 4.027665879001491e-17,
    "X_h4_norm": 1.697469556557864e-18,
    "X_h5_norm": 1.3004460023572003e-19,
    "X_h6_norm": 8.590589377648028e-21,
    "X_h7_norm": 1.0466553173564195e-21,
    "X_h8_norm": 1.5670230337539369e-22,
    "X_h9_norm": 6.338087934972383e-24,
    "X_h10_norm": 1.0340340693363227e-24
  },
  "reports": [
    {
      "converged": true,
      "source_scale": 1.0,
      "coeff_abs": 3.8510146568253244e-20,
      "coeff_rel": 1.9874905232171075e-12,
      "time_abs": 3.054887228296416e-19,
      "time_rel": 2.4928438883942343e-12,
      "newton_iterations": 3,
      "gmres_iterations_total": 3,
      "factor_runtime_s": 2.0474215000285767,
      "runtime_s": 2.9304288999992423,
      "failure_reason": "",
      "preconditioner_assembly_runtime_s": 0.0,
      "preconditioner_numeric_factor_runtime_s": 0.0
    }
  ],
  "final_status": "VALID_CONVERGED"
}