{
  "metadata": {
    "pump_modes": [
      1,
      3,
      5,
      7,
      9,
      11,
      13,
      15,
      17,
      19
    ],
    "pump_basis": "positive_phasor",
    "real_reconstruction_factor": 2,
    "omega_p": 51227194494.314,
    "phase_convention": "exp_plus_i_k_omega_t",
    "pump_mode_policy": "positive_odd_jc",
    "pump_source_mode": 1,
    "pump_freq_ghz": 8.1530612245,
    "nt": 40,
    "pump_current_a": 1.411121522395362e-05,
    "pump_current_ratio_ic_median": 5.312512324259783,
    "pump_backend": "full"
  },
  "solution_summary": {
    "x_rms": 3.209048105936987e-15,
    "x_max_abs": 7.343204156605581e-15,
    "branch_psi_rms": 3.0629359915457287e-16,
    "branch_psi_max_abs": 1.240992927179872e-15,
    "branch_i_rms": 1.5487559894150337e-06,
    "branch_i_max_abs": 2.65622258586856e-06,
    "X_h1_norm": 1.8171079190661896e-13,
    "X_h2_norm": 1.3071224813307819e-14,
    "X_h3_norm": 8.401666285923479e-16,
    "X_h4_norm": 1.9676749666573445e-16,
    "X_h5_norm": 7.502617433802129e-17,
    "X_h6_norm": 4.0086109919669344e-17,
    "X_h7_norm": 1.5810171972923222e-17,
    "X_h8_norm": 5.613301569561799e-18,
    "X_h9_norm": 2.6329912582320014e-18,
    "X_h10_norm": 4.1196267558349496e-18
  },
  "reports": [
    {
      "converged": false,
      "source_scale": 1.0,
      "coeff_abs": 7.044185406916272e-08,
      "coeff_rel": 3.584730464222958,
      "time_abs": 4.455134029275086e-07,
      "time_rel": 3.584730464222958,
      "newton_iterations": 4,
      "gmres_iterations_total": 4,
      "factor_runtime_s": 2.6786371000052895,
      "runtime_s": 4.544325099996058,
      "failure_reason": "stalled at Newton 4 (reduction ratio 1.000)",
      "preconditioner_assembly_runtime_s": 0.0,
      "preconditioner_numeric_factor_runtime_s": 0.0
    }
  ],
  "final_status": "FAIL"
}