{
  "metadata": {
    "pump_modes": [
      1,
      3,
      5,
      7,
      9,
      11,
      13,
      15,
      17,
      19
    ],
    "pump_basis": "positive_phasor",
    "real_reconstruction_factor": 2,
    "omega_p": 51227194494.314,
    "phase_convention": "exp_plus_i_k_omega_t",
    "pump_mode_policy": "positive_odd_jc",
    "pump_source_mode": 1,
    "pump_freq_ghz": 8.1530612245,
    "nt": 40,
    "pump_current_a": 1.314347638254735e-05,
    "pump_current_ratio_ic_median": 4.948183353292868,
    "pump_backend": "schur_cpu_mt"
  },
  "solution_summary": {
    "x_rms": 1.6138461668503895e-15,
    "x_max_abs": 3.690043899658641e-15,
    "branch_psi_rms": 9.823392921626026e-17,
    "branch_psi_max_abs": 2.0284179951059043e-16,
    "branch_i_rms": 7.711497583160059e-07,
    "branch_i_max_abs": 1.5354401427122542e-06,
    "X_h1_norm": 9.161955745785637e-14,
    "X_h2_norm": 3.9790828105945716e-16,
    "X_h3_norm": 9.384551473835517e-18,
    "X_h4_norm": 5.794295769875531e-19,
    "X_h5_norm": 3.7638684086259323e-20,
    "X_h6_norm": 3.429140766785575e-21,
    "X_h7_norm": 2.6305152858445034e-22,
    "X_h8_norm": 2.3789561022126792e-23,
    "X_h9_norm": 2.0012396404521556e-24,
    "X_h10_norm": 1.938729047944542e-25
  },
  "reports": [
    {
      "converged": false,
      "source_scale": 1.0,
      "coeff_abs": 5.229641104105797e-09,
      "coeff_rel": 0.1785806883884956,
      "time_abs": null,
      "time_rel": null,
      "newton_iterations": 4,
      "gmres_iterations_total": 4,
      "factor_runtime_s": 0.4505261000012979,
      "runtime_s": 0.9794584999908693,
      "failure_reason": "line search failed at Newton 4",
      "preconditioner_assembly_runtime_s": 0.1284035999851767,
      "preconditioner_numeric_factor_runtime_s": 0.32030270001268946
    },
    {
      "converged": true,
      "source_scale": 0.5,
      "coeff_abs": 1.5902646945699809e-19,
      "coeff_rel": 1.086080510011544e-11,
      "time_abs": null,
      "time_rel": null,
      "newton_iterations": 13,
      "gmres_iterations_total": 13,
      "factor_runtime_s": 1.8421920999244321,
      "runtime_s": 3.5674618000048213,
      "failure_reason": "",
      "preconditioner_assembly_runtime_s": 0.607596799993189,
      "preconditioner_numeric_factor_runtime_s": 1.22704109994811
    },
    {
      "converged": false,
      "source_scale": 1.0,
      "coeff_abs": 3.1036227116725947e-09,
      "coeff_rel": 0.10598185789719325,
      "time_abs": null,
      "time_rel": null,
      "newton_iterations": 4,
      "gmres_iterations_total": 4,
      "factor_runtime_s": 0.5663088999863248,
      "runtime_s": 1.1202404999930877,
      "failure_reason": "stalled at Newton 4 (reduction ratio 0.995)",
      "preconditioner_assembly_runtime_s": 0.18649359999108128,
      "preconditioner_numeric_factor_runtime_s": 0.37745969998650253
    },
    {
      "converged": false,
      "source_scale": 0.75,
      "coeff_abs": 4.5940549305720716e-10,
      "coeff_rel": 0.020916909992211345,
      "time_abs": null,
      "time_rel": null,
      "newton_iterations": 5,
      "gmres_iterations_total": 5,
      "factor_runtime_s": 0.7589299000101164,
      "runtime_s": 1.4473678000213113,
      "failure_reason": "stalled at Newton 5 (reduction ratio 0.993)",
      "preconditioner_assembly_runtime_s": 0.26830120003432967,
      "preconditioner_numeric_factor_runtime_s": 0.4876648999634199
    },
    {
      "converged": false,
      "source_scale": 0.625,
      "coeff_abs": 3.5632897469561484e-10,
      "coeff_rel": 0.019468555436877227,
      "time_abs": null,
      "time_rel": null,
      "newton_iterations": 4,
      "gmres_iterations_total": 4,
      "factor_runtime_s": 0.5188708000059705,
      "runtime_s": 1.044209799991222,
      "failure_reason": "stalled at Newton 4 (reduction ratio 0.989)",
      "preconditioner_assembly_runtime_s": 0.16148279997287318,
      "preconditioner_numeric_factor_runtime_s": 0.3552829999825917
    },
    {
      "converged": false,
      "source_scale": 0.5625,
      "coeff_abs": 1.6260448323824849e-10,
      "coeff_rel": 0.00987126011515627,
      "time_abs": null,
      "time_rel": null,
      "newton_iterations": 4,
      "gmres_iterations_total": 4,
      "factor_runtime_s": 0.52119520000997,
      "runtime_s": 1.0519008999981452,
      "failure_reason": "stalled at Newton 4 (reduction ratio 0.992)",
      "preconditioner_assembly_runtime_s": 0.153438700013794,
      "preconditioner_numeric_factor_runtime_s": 0.36557699998957105
    },
    {
      "converged": true,
      "source_scale": 0.05,
      "coeff_abs": 2.0213974149628879e-22,
      "coeff_rel": 1.3805251055847416e-13,
      "time_abs": null,
      "time_rel": null,
      "newton_iterations": 3,
      "gmres_iterations_total": 3,
      "factor_runtime_s": 0.4262474999704864,
      "runtime_s": 0.814468600001419,
      "failure_reason": "",
      "preconditioner_assembly_runtime_s": 0.13999530003638938,
      "preconditioner_numeric_factor_runtime_s": 0.28446289998828433
    },
    {
      "converged": true,
      "source_scale": 0.1,
      "coeff_abs": 4.0510674185356453e-19,
      "coeff_rel": 1.3833500118054485e-10,
      "time_abs": null,
      "time_rel": null,
      "newton_iterations": 3,
      "gmres_iterations_total": 3,
      "factor_runtime_s": 0.42513859999598935,
      "runtime_s": 0.7977990999934264,
      "failure_reason": "",
      "preconditioner_assembly_runtime_s": 0.1476066000177525,
      "preconditioner_numeric_factor_runtime_s": 0.2757458999985829
    },
    {
      "converged": true,
      "source_scale": 0.15,
      "coeff_abs": 1.2143789717467236e-22,
      "coeff_rel": 2.7645572410795416e-14,
      "time_abs": null,
      "time_rel": null,
      "newton_iterations": 3,
      "gmres_iterations_total": 3,
      "factor_runtime_s": 0.45151369998347946,
      "runtime_s": 0.8089031999988947,
      "failure_reason": "",
      "preconditioner_assembly_runtime_s": 0.16478510003071278,
      "preconditioner_numeric_factor_runtime_s": 0.28496889999951236
    },
    {
      "converged": true,
      "source_scale": 0.2,
      "coeff_abs": 1.1147316920100219e-21,
      "coeff_rel": 1.9032812095970833e-13,
      "time_abs": null,
      "time_rel": null,
      "newton_iterations": 3,
      "gmres_iterations_total": 3,
      "factor_runtime_s": 0.38290269998833537,
      "runtime_s": 0.7459638000000268,
      "failure_reason": "",
      "preconditioner_assembly_runtime_s": 0.11122179997619241,
      "preconditioner_numeric_factor_runtime_s": 0.27002719999291
    },
    {
      "converged": true,
      "source_scale": 0.25,
      "coeff_abs": 1.4919312218846404e-18,
      "coeff_rel": 2.0378461873666543e-10,
      "time_abs": null,
      "time_rel": null,
      "newton_iterations": 3,
      "gmres_iterations_total": 3,
      "factor_runtime_s": 0.3683403999893926,
      "runtime_s": 0.6764596000139136,
      "failure_reason": "",
      "preconditioner_assembly_runtime_s": 0.12623149997671135,
      "preconditioner_numeric_factor_runtime_s": 0.2407678999879863
    },
    {
      "converged": true,
      "source_scale": 0.3,
      "coeff_abs": 2.7154188469344815e-22,
      "coeff_rel": 3.090851789478392e-14,
      "time_abs": null,
      "time_rel": null,
      "newton_iterations": 4,
      "gmres_iterations_total": 4,
      "factor_runtime_s": 0.571731500007445,
      "runtime_s": 1.0360206999757793,
      "failure_reason": "",
      "preconditioner_assembly_runtime_s": 0.1811994000163395,
      "preconditioner_numeric_factor_runtime_s": 0.388458500005072
    },
    {
      "converged": true,
      "source_scale": 0.35,
      "coeff_abs": 6.549870476168049e-19,
      "coeff_rel": 6.39038869401167e-11,
      "time_abs": null,
      "time_rel": null,
      "newton_iterations": 4,
      "gmres_iterations_total": 4,
      "factor_runtime_s": 0.5399183999979869,
      "runtime_s": 0.9588946999865584,
      "failure_reason": "",
      "preconditioner_assembly_runtime_s": 0.18904029999976046,