{
  "metadata": {
    "pump_modes": [
      1,
      3,
      5,
      7,
      9,
      11,
      13,
      15,
      17,
      19
    ],
    "pump_basis": "positive_phasor",
    "real_reconstruction_factor": 2,
    "omega_p": 51227194494.314,
    "phase_convention": "exp_plus_i_k_omega_t",
    "pump_mode_policy": "positive_odd_jc",
    "pump_source_mode": 1,
    "pump_freq_ghz": 8.1530612245,
    "nt": 40,
    "pump_current_a": 1.323458260839268e-05,
    "pump_current_ratio_ic_median": 4.982482521715904,
    "pump_backend": "schur_cpu_mt"
  },
  "solution_summary": {
    "x_rms": 1.7870025699299586e-15,
    "x_max_abs": 4.11008120206568e-15,
    "branch_psi_rms": 1.0720423293598115e-16,
    "branch_psi_max_abs": 2.235180206060711e-16,
    "branch_i_rms": 8.372836958586861e-07,
    "branch_i_max_abs": 1.6684938012477788e-06,
    "X_h1_norm": 1.0144995040194846e-13,
    "X_h2_norm": 4.066252757764886e-16,
    "X_h3_norm": 1.0449530007861374e-17,
    "X_h4_norm": 4.2871052091192265e-19,
    "X_h5_norm": 2.098881835758297e-20,
    "X_h6_norm": 1.187868291697764e-21,
    "X_h7_norm": 7.663801697270295e-23,
    "X_h8_norm": 6.017957071323523e-24,
    "X_h9_norm": 3.9211993373845393e-25,
    "X_h10_norm": 4.777522147367554e-26
  },
  "reports": [
    {
      "converged": false,
      "source_scale": 1.0,
      "coeff_abs": 5.846256278218949e-09,
      "coeff_rel": 0.1982624445120506,
      "time_abs": null,
      "time_rel": null,
      "newton_iterations": 5,
      "gmres_iterations_total": 5,
      "factor_runtime_s": 0.7303483000141568,
      "runtime_s": 1.5051585999899544,
      "failure_reason": "stalled at Newton 5 (reduction ratio 0.998)",
      "preconditioner_assembly_runtime_s": 0.23660900004324503,
      "preconditioner_numeric_factor_runtime_s": 0.49074710000422783
    },
    {
      "converged": true,
      "source_scale": 0.5,
      "coeff_abs": 1.8858257180221413e-19,
      "coeff_rel": 1.2790695412096002e-11,
      "time_abs": null,
      "time_rel": null,
      "newton_iterations": 13,
      "gmres_iterations_total": 13,
      "factor_runtime_s": 1.593029600015143,
      "runtime_s": 2.9681099000154063,
      "failure_reason": "",
      "preconditioner_assembly_runtime_s": 0.5036519000132103,
      "preconditioner_numeric_factor_runtime_s": 1.0831411999533884
    },
    {
      "converged": false,
      "source_scale": 1.0,
      "coeff_abs": 3.308182159276955e-09,
      "coeff_rel": 0.11218945091972914,
      "time_abs": null,
      "time_rel": null,
      "newton_iterations": 4,
      "gmres_iterations_total": 4,
      "factor_runtime_s": 0.46125290004420094,
      "runtime_s": 0.9373801999900024,
      "failure_reason": "stalled at Newton 4 (reduction ratio 0.993)",
      "preconditioner_assembly_runtime_s": 0.15287780002108775,
      "preconditioner_numeric_factor_runtime_s": 0.3063391000323463
    },
    {
      "converged": false,
      "source_scale": 0.75,
      "coeff_abs": 5.341758627607071e-10,
      "coeff_rel": 0.024153807681414386,
      "time_abs": null,
      "time_rel": null,
      "newton_iterations": 5,
      "gmres_iterations_total": 5,
      "factor_runtime_s": 0.5963250000495464,
      "runtime_s": 1.1946898000023793,
      "failure_reason": "stalled at Newton 5 (reduction ratio 0.999)",
      "preconditioner_assembly_runtime_s": 0.19020059998729266,
      "preconditioner_numeric_factor_runtime_s": 0.4036696999974083
    },
    {
      "converged": false,
      "source_scale": 0.625,
      "coeff_abs": 3.7641702927811667e-10,
      "coeff_rel": 0.0204245197142481,
      "time_abs": null,
      "time_rel": null,
      "newton_iterations": 4,
      "gmres_iterations_total": 4,
      "factor_runtime_s": 0.4836665000184439,
      "runtime_s": 0.9796590999758337,
      "failure_reason": "stalled at Newton 4 (reduction ratio 0.916)",
      "preconditioner_assembly_runtime_s": 0.14818509999895468,
      "preconditioner_numeric_factor_runtime_s": 0.3337873999844305
    },
    {
      "converged": false,
      "source_scale": 0.5625,
      "coeff_abs": 1.3231037409505688e-10,
      "coeff_rel": 0.007976896880942516,
      "time_abs": null,
      "time_rel": null,
      "newton_iterations": 5,
      "gmres_iterations_total": 5,
      "factor_runtime_s": 0.6992075000016484,
      "runtime_s": 1.3903606999956537,
      "failure_reason": "stalled at Newton 5 (reduction ratio 0.969)",
      "preconditioner_assembly_runtime_s": 0.24642730006598867,
      "preconditioner_numeric_factor_runtime_s": 0.44993970001814887
    },
    {
      "converged": true,
      "source_scale": 0.05,
      "coeff_abs": 2.2363656954280973e-22,
      "coeff_rel": 1.516824814027974e-13,
      "time_abs": null,
      "time_rel": null,
      "newton_iterations": 3,
      "gmres_iterations_total": 3,
      "factor_runtime_s": 0.36037650000071153,
      "runtime_s": 0.6661907000234351,
      "failure_reason": "",
      "preconditioner_assembly_runtime_s": 0.10836739998194389,
      "preconditioner_numeric_factor_runtime_s": 0.2506252999592107
    },
    {
      "converged": true,
      "source_scale": 0.1,
      "coeff_abs": 4.492982067982422e-19,
      "coeff_rel": 1.523692369193197e-10,
      "time_abs": null,
      "time_rel": null,
      "newton_iterations": 3,
      "gmres_iterations_total": 3,
      "factor_runtime_s": 0.39172310000867583,
      "runtime_s": 0.7256668999907561,
      "failure_reason": "",
      "preconditioner_assembly_runtime_s": 0.1246687000093516,
      "preconditioner_numeric_factor_runtime_s": 0.26559769999585114
    },
    {
      "converged": true,
      "source_scale": 0.15,
      "coeff_abs": 1.2202997900219133e-22,
      "coeff_rel": 2.7589122325303773e-14,
      "time_abs": null,
      "time_rel": null,
      "newton_iterations": 3,
      "gmres_iterations_total": 3,
      "factor_runtime_s": 0.46614390003378503,
      "runtime_s": 0.8849288000201341,
      "failure_reason": "",
      "preconditioner_assembly_runtime_s": 0.16385640000225976,
      "preconditioner_numeric_factor_runtime_s": 0.30046900000888854
    },
    {
      "converged": true,
      "source_scale": 0.2,
      "coeff_abs": 1.4387136378381034e-21,
      "coeff_rel": 2.43953454327105e-13,
      "time_abs": null,
      "time_rel": null,
      "newton_iterations": 3,
      "gmres_iterations_total": 3,
      "factor_runtime_s": 0.4162147000024561,
      "runtime_s": 0.8202028000087012,
      "failure_reason": "",
      "preconditioner_assembly_runtime_s": 0.14149449998512864,
      "preconditioner_numeric_factor_runtime_s": 0.2731365000072401
    },
    {
      "converged": true,
      "source_scale": 0.25,
      "coeff_abs": 1.95718498402821e-18,
      "coeff_rel": 2.654938550958811e-10,
      "time_abs": null,
      "time_rel": null,
      "newton_iterations": 3,
      "gmres_iterations_total": 3,
      "factor_runtime_s": 0.4410970999742858,
      "runtime_s": 0.8183239999925718,
      "failure_reason": "",
      "preconditioner_assembly_runtime_s": 0.14258960000006482,
      "preconditioner_numeric_factor_runtime_s": 0.29692829999839887
    },
    {
      "converged": true,
      "source_scale": 0.3,
      "coeff_abs": 2.724486952991834e-22,
      "coeff_rel": 3.079825319745244e-14,
      "time_abs": null,
      "time_rel": null,
      "newton_iterations": 4,
      "gmres_iterations_total": 4,
      "factor_runtime_s": 0.5728829999861773,
      "runtime_s": 1.0675778000149876,
      "failure_reason": "",
      "preconditioner_assembly_runtime_s": 0.1919979999656789,
      "preconditioner_numeric_factor_runtime_s": 0.3786051000060979
    },
    {
      "converged": true,
      "source_scale": 0.35,
      "coeff_abs": 7.003485757599324e-19,
      "coeff_rel": 6.785921208513411e-11,
      "time_abs": null,
      "time_rel": null,
      "newton_iterations": 4,
      "gmres_iterations_total": 4,
      "factor_runtime_s": 0.5905218000407331,
      "runtime_s": 1.1273869999859016,
      "failure_reason": "",