{
  "metadata": {
    "pump_modes": [
      1,
      3,
      5,
      7,
      9,
      11,
      13,
      15,
      17,
      19
    ],
    "pump_basis": "positive_phasor",
    "real_reconstruction_factor": 2,
    "omega_p": 51227194494.314,
    "phase_convention": "exp_plus_i_k_omega_t",
    "pump_mode_policy": "positive_odd_jc",
    "pump_source_mode": 1,
    "pump_freq_ghz": 8.1530612245,
    "nt": 40,
    "pump_current_a": 1.343415173098121e-05,
    "pump_current_ratio_ic_median": 5.057615202102891,
    "pump_backend": "schur_cpu_mt"
  },
  "solution_summary": {
    "x_rms": 1.652665518570097e-15,
    "x_max_abs": 3.772251894303802e-15,
    "branch_psi_rms": 9.932167321415754e-17,
    "branch_psi_max_abs": 2.0849359453776585e-16,
    "branch_i_rms": 7.793737761577071e-07,
    "branch_i_max_abs": 1.572434311508484e-06,
    "X_h1_norm": 9.38231609540626e-14,
    "X_h2_norm": 4.526668180842326e-16,
    "X_h3_norm": 1.221708738233808e-17,
    "X_h4_norm": 6.489098765905831e-19,
    "X_h5_norm": 3.978197081954936e-20,
    "X_h6_norm": 3.753122105397019e-21,
    "X_h7_norm": 2.7852838190410877e-22,
    "X_h8_norm": 2.6363521202149453e-23,
    "X_h9_norm": 2.56420584677116e-24,
    "X_h10_norm": 2.438204393946743e-25
  },
  "reports": [
    {
      "converged": false,
      "source_scale": 1.0,
      "coeff_abs": 5.483057808702504e-09,
      "coeff_rel": 0.18318311169801688,
      "time_abs": null,
      "time_rel": null,
      "newton_iterations": 5,
      "gmres_iterations_total": 5,
      "factor_runtime_s": 0.5800617999921087,
      "runtime_s": 1.2917215000197757,
      "failure_reason": "line search failed at Newton 5",
      "preconditioner_assembly_runtime_s": 0.19358890000148676,
      "preconditioner_numeric_factor_runtime_s": 0.38411500002257526
    },
    {
      "converged": true,
      "source_scale": 0.5,
      "coeff_abs": 7.839153408728565e-20,
      "coeff_rel": 5.2379550411080774e-12,
      "time_abs": null,
      "time_rel": null,
      "newton_iterations": 14,
      "gmres_iterations_total": 14,
      "factor_runtime_s": 1.8361827000626363,
      "runtime_s": 3.611756600002991,
      "failure_reason": "",
      "preconditioner_assembly_runtime_s": 0.576889600022696,
      "preconditioner_numeric_factor_runtime_s": 1.2507475999300368
    },
    {
      "converged": false,
      "source_scale": 1.0,
      "coeff_abs": 3.930220186139059e-09,
      "coeff_rel": 0.131304463398623,
      "time_abs": null,
      "time_rel": null,
      "newton_iterations": 4,
      "gmres_iterations_total": 4,
      "factor_runtime_s": 0.5173683999746572,
      "runtime_s": 1.0474181000026874,
      "failure_reason": "line search failed at Newton 4",
      "preconditioner_assembly_runtime_s": 0.16820900002494454,
      "preconditioner_numeric_factor_runtime_s": 0.34695239999564365
    },
    {
      "converged": false,
      "source_scale": 0.75,
      "coeff_abs": 6.038897699039581e-10,
      "coeff_rel": 0.02690041725696216,
      "time_abs": null,
      "time_rel": null,
      "newton_iterations": 5,
      "gmres_iterations_total": 5,
      "factor_runtime_s": 0.5525597999803722,
      "runtime_s": 1.1529053999984171,
      "failure_reason": "stalled at Newton 5 (reduction ratio 0.981)",
      "preconditioner_assembly_runtime_s": 0.16450879999320023,
      "preconditioner_numeric_factor_runtime_s": 0.3855632000195328
    },
    {
      "converged": false,
      "source_scale": 0.625,
      "coeff_abs": 3.355205949735339e-10,
      "coeff_rel": 0.017935016195808763,
      "time_abs": null,
      "time_rel": null,
      "newton_iterations": 4,
      "gmres_iterations_total": 4,
      "factor_runtime_s": 0.5324606999929529,
      "runtime_s": 1.0831744000024628,
      "failure_reason": "stalled at Newton 4 (reduction ratio 0.945)",
      "preconditioner_assembly_runtime_s": 0.16858069997397251,
      "preconditioner_numeric_factor_runtime_s": 0.36161289998563007
    },
    {
      "converged": false,
      "source_scale": 0.5625,
      "coeff_abs": 1.0345281508059582e-10,
      "coeff_rel": 0.006144441211554151,
      "time_abs": null,
      "time_rel": null,
      "newton_iterations": 5,
      "gmres_iterations_total": 5,
      "factor_runtime_s": 0.7028860000136774,
      "runtime_s": 1.432564499991713,
      "failure_reason": "stalled at Newton 5 (reduction ratio 0.957)",
      "preconditioner_assembly_runtime_s": 0.25171519999275915,
      "preconditioner_numeric_factor_runtime_s": 0.448090800025966
    },
    {
      "converged": true,
      "source_scale": 0.05,
      "coeff_abs": 2.7852553618442867e-22,
      "coeff_rel": 1.861048202871155e-13,
      "time_abs": null,
      "time_rel": null,
      "newton_iterations": 3,
      "gmres_iterations_total": 3,
      "factor_runtime_s": 0.4127228000143077,
      "runtime_s": 0.7883036000130232,
      "failure_reason": "",
      "preconditioner_assembly_runtime_s": 0.12341460000607185,
      "preconditioner_numeric_factor_runtime_s": 0.2874323000141885
    },
    {
      "converged": true,
      "source_scale": 0.1,
      "coeff_abs": 5.622908786671057e-19,
      "coeff_rel": 1.8785538366962185e-10,
      "time_abs": null,
      "time_rel": null,
      "newton_iterations": 3,
      "gmres_iterations_total": 3,
      "factor_runtime_s": 0.4392696999711916,
      "runtime_s": 0.7954610000015236,
      "failure_reason": "",
      "preconditioner_assembly_runtime_s": 0.14824510004837066,
      "preconditioner_numeric_factor_runtime_s": 0.28916419998859055
    },
    {
      "converged": true,
      "source_scale": 0.15,
      "coeff_abs": 1.231002974102145e-22,
      "coeff_rel": 2.7417664032606132e-14,
      "time_abs": null,
      "time_rel": null,
      "newton_iterations": 3,
      "gmres_iterations_total": 3,
      "factor_runtime_s": 0.4080110000213608,
      "runtime_s": 0.7704216999991331,
      "failure_reason": "",
      "preconditioner_assembly_runtime_s": 0.11837280003237538,
      "preconditioner_numeric_factor_runtime_s": 0.2878228999907151
    },
    {
      "converged": true,
      "source_scale": 0.2,
      "coeff_abs": 2.520933347378764e-21,
      "coeff_rel": 4.2110846818284504e-13,
      "time_abs": null,
      "time_rel": null,
      "newton_iterations": 3,
      "gmres_iterations_total": 3,
      "factor_runtime_s": 0.42657650003093295,
      "runtime_s": 0.8238825000007637,
      "failure_reason": "",
      "preconditioner_assembly_runtime_s": 0.1296007000200916,
      "preconditioner_numeric_factor_runtime_s": 0.29542049995507114
    },
    {
      "converged": true,
      "source_scale": 0.25,
      "coeff_abs": 3.249959849243886e-18,
      "coeff_rel": 4.3431076515969985e-10,
      "time_abs": null,
      "time_rel": null,
      "newton_iterations": 3,
      "gmres_iterations_total": 3,
      "factor_runtime_s": 0.42944309997255914,
      "runtime_s": 0.8102999999828171,
      "failure_reason": "",
      "preconditioner_assembly_runtime_s": 0.1298094000085257,
      "preconditioner_numeric_factor_runtime_s": 0.2978754000214394
    },
    {
      "converged": true,
      "source_scale": 0.3,
      "coeff_abs": 3.004512648210736e-22,
      "coeff_rel": 3.3459187387601844e-14,
      "time_abs": null,
      "time_rel": null,
      "newton_iterations": 4,
      "gmres_iterations_total": 4,
      "factor_runtime_s": 0.5114061000058427,
      "runtime_s": 1.0295772000099532,
      "failure_reason": "",
      "preconditioner_assembly_runtime_s": 0.15288360000704415,
      "preconditioner_numeric_factor_runtime_s": 0.35627190000377595
    },
    {
      "converged": true,
      "source_scale": 0.35,
      "coeff_abs": 1.2499258107380878e-18,
      "coeff_rel": 1.1931053666507262e-10,
      "time_abs": null,
      "time_rel": null,
      "newton_iterations": 4,
      "gmres_iterations_total": 4,
      "factor_runtime_s": 0.49334049999015406,
      "runtime_s": 0.9151794000063092,
      "failure_reason": "",
      "preconditioner_assembly_runtime_s": 0.15270020000752993,