{
  "metadata": {
    "pump_modes": [
      1,
      3,
      5,
      7,
      9,
      11,
      13,
      15,
      17,
      19
    ],
    "pump_basis": "positive_phasor",
    "real_reconstruction_factor": 2,
    "omega_p": 44252474118.46583,
    "phase_convention": "exp_plus_i_k_omega_t",
    "pump_mode_policy": "positive_odd_jc",
    "pump_source_mode": 1,
    "pump_freq_ghz": 7.043,
    "nt": 40,
    "pump_current_a": 7.5195575371167554e-06,
    "pump_current_ratio_ic_median": 2.830921466005457,
    "pump_backend": "schur_cpu_mt"
  },
  "solution_summary": {
    "x_rms": 1.9356375043593855e-15,
    "x_max_abs": 4.3636406058137115e-15,
    "branch_psi_rms": 1.0780690428818482e-16,
    "branch_psi_max_abs": 2.2285350149842706e-16,
    "branch_i_rms": 8.400991571851729e-07,
    "branch_i_max_abs": 1.6643172011667074e-06,
    "X_h1_norm": 1.0988796197151568e-13,
    "X_h2_norm": 4.7507462686207e-16,
    "X_h3_norm": 1.414926136644502e-17,
    "X_h4_norm": 8.69542119127013e-19,
    "X_h5_norm": 5.336936141632129e-20,
    "X_h6_norm": 1.770963398952316e-21,
    "X_h7_norm": 1.1461544844980097e-22,
    "X_h8_norm": 9.893585158528407e-24,
    "X_h9_norm": 6.546095377510246e-24,
    "X_h10_norm": 6.424097532657565e-26
  },
  "reports": [
    {
      "converged": true,
      "source_scale": 1.0,
      "coeff_abs": 7.879067835168671e-22,
      "coeff_rel": 4.7027880850067524e-14,
      "time_abs": null,
      "time_rel": null,
      "newton_iterations": 2,
      "gmres_iterations_total": 2,
      "factor_runtime_s": 0.23728610001853667,
      "runtime_s": 0.4557832000136841,
      "failure_reason": "",
      "preconditioner_assembly_runtime_s": 0.0708988000114914,
      "preconditioner_numeric_factor_runtime_s": 0.16533580000395887
    }
  ],
  "final_status": "VALID_CONVERGED"
}