{
  "metadata": {
    "pump_modes": [
      1,
      3,
      5,
      7,
      9,
      11,
      13,
      15,
      17,
      19
    ],
    "pump_basis": "positive_phasor",
    "real_reconstruction_factor": 2,
    "omega_p": 51227194494.314,
    "phase_convention": "exp_plus_i_k_omega_t",
    "pump_mode_policy": "positive_odd_jc",
    "pump_source_mode": 1,
    "pump_freq_ghz": 8.1530612245,
    "nt": 40,
    "pump_current_a": 1.3173775224780383e-05,
    "pump_current_ratio_ic_median": 4.9595900939753115,
    "pump_backend": "schur_cpu_mt"
  },
  "solution_summary": {
    "x_rms": 1.6179663874534592e-15,
    "x_max_abs": 3.698902111005886e-15,
    "branch_psi_rms": 9.830410240814165e-17,
    "branch_psi_max_abs": 2.021822163263765e-16,
    "branch_i_rms": 7.717126454898463e-07,
    "branch_i_max_abs": 1.5310930838189085e-06,
    "X_h1_norm": 9.185356079081624e-14,
    "X_h2_norm": 3.7654221899698875e-16,
    "X_h3_norm": 8.663412074189405e-18,
    "X_h4_norm": 4.840474993010934e-19,
    "X_h5_norm": 3.0417730314955686e-20,
    "X_h6_norm": 2.6281468982488194e-21,
    "X_h7_norm": 1.9892798427069778e-22,
    "X_h8_norm": 1.7368406686775398e-23,
    "X_h9_norm": 1.4358908423542634e-24,
    "X_h10_norm": 1.336085600896047e-25
  },
  "reports": [
    {
      "converged": false,
      "source_scale": 1.0,
      "coeff_abs": 5.845033161022088e-09,
      "coeff_rel": 0.1991359116871627,
      "time_abs": null,
      "time_rel": null,
      "newton_iterations": 4,
      "gmres_iterations_total": 4,
      "factor_runtime_s": 0.535877199989045,
      "runtime_s": 1.016933799983235,
      "failure_reason": "line search failed at Newton 4",
      "preconditioner_assembly_runtime_s": 0.17805060002137907,
      "preconditioner_numeric_factor_runtime_s": 0.35555909998947755
    },
    {
      "converged": true,
      "source_scale": 0.5,
      "coeff_abs": 1.557645591173269e-19,
      "coeff_rel": 1.0613564246384478e-11,
      "time_abs": null,
      "time_rel": null,
      "newton_iterations": 13,
      "gmres_iterations_total": 13,
      "factor_runtime_s": 1.5971232000156306,
      "runtime_s": 2.94932109999354,
      "failure_reason": "",
      "preconditioner_assembly_runtime_s": 0.4874794000061229,
      "preconditioner_numeric_factor_runtime_s": 1.1035166000074241
    },
    {
      "converged": false,
      "source_scale": 1.0,
      "coeff_abs": 3.429447464680117e-09,
      "coeff_rel": 0.11683871222774796,
      "time_abs": null,
      "time_rel": null,
      "newton_iterations": 4,
      "gmres_iterations_total": 4,
      "factor_runtime_s": 0.4492335000250023,
      "runtime_s": 0.910175099998014,
      "failure_reason": "stalled at Newton 4 (reduction ratio 0.992)",
      "preconditioner_assembly_runtime_s": 0.12459300001501106,
      "preconditioner_numeric_factor_runtime_s": 0.32246309996116906
    },
    {
      "converged": false,
      "source_scale": 0.75,
      "coeff_abs": 4.81141646996845e-10,
      "coeff_rel": 0.021856181795354264,
      "time_abs": null,
      "time_rel": null,
      "newton_iterations": 5,
      "gmres_iterations_total": 5,
      "factor_runtime_s": 0.7312651000102051,
      "runtime_s": 1.4430837999971118,
      "failure_reason": "stalled at Newton 5 (reduction ratio 0.964)",
      "preconditioner_assembly_runtime_s": 0.2541891999717336,
      "preconditioner_numeric_factor_runtime_s": 0.47456360000069253
    },
    {
      "converged": false,
      "source_scale": 0.625,
      "coeff_abs": 3.6717247984381467e-10,
      "coeff_rel": 0.020014867188838683,
      "time_abs": null,
      "time_rel": null,
      "newton_iterations": 4,
      "gmres_iterations_total": 4,
      "factor_runtime_s": 0.47162839997326955,
      "runtime_s": 0.9626800999976695,
      "failure_reason": "stalled at Newton 4 (reduction ratio 0.972)",
      "preconditioner_assembly_runtime_s": 0.13579080000636168,
      "preconditioner_numeric_factor_runtime_s": 0.33366810000734404
    },
    {
      "converged": false,
      "source_scale": 0.5625,
      "coeff_abs": 1.1780935318067536e-10,
      "coeff_rel": 0.00713542510507811,
      "time_abs": null,
      "time_rel": null,
      "newton_iterations": 5,
      "gmres_iterations_total": 5,
      "factor_runtime_s": 0.5804013000160921,
      "runtime_s": 1.1540049000177532,
      "failure_reason": "stalled at Newton 5 (reduction ratio 0.838)",
      "preconditioner_assembly_runtime_s": 0.17289769995841198,
      "preconditioner_numeric_factor_runtime_s": 0.4051054000156
    },
    {
      "converged": true,
      "source_scale": 0.05,
      "coeff_abs": 2.0896647713656291e-22,
      "coeff_rel": 1.4238663422524539e-13,
      "time_abs": null,
      "time_rel": null,
      "newton_iterations": 3,
      "gmres_iterations_total": 3,
      "factor_runtime_s": 0.3412518000113778,
      "runtime_s": 0.6579378999886103,
      "failure_reason": "",
      "preconditioner_assembly_runtime_s": 0.09767319998354651,
      "preconditioner_numeric_factor_runtime_s": 0.241919299995061
    },
    {
      "converged": true,
      "source_scale": 0.1,
      "coeff_abs": 4.1933191416305327e-19,
      "coeff_rel": 1.4286324940503979e-10,
      "time_abs": null,
      "time_rel": null,
      "newton_iterations": 3,
      "gmres_iterations_total": 3,
      "factor_runtime_s": 0.49676250002812594,
      "runtime_s": 0.9008107999979984,
      "failure_reason": "",
      "preconditioner_assembly_runtime_s": 0.18538249997072853,
      "preconditioner_numeric_factor_runtime_s": 0.30955720000201836
    },
    {
      "converged": true,
      "source_scale": 0.15,
      "coeff_abs": 1.2028525423734721e-22,
      "coeff_rel": 2.7320191468782866e-14,
      "time_abs": null,
      "time_rel": null,
      "newton_iterations": 3,
      "gmres_iterations_total": 3,
      "factor_runtime_s": 0.4761995999724604,
      "runtime_s": 0.9322231000114698,
      "failure_reason": "",
      "preconditioner_assembly_runtime_s": 0.17859839997254312,
      "preconditioner_numeric_factor_runtime_s": 0.2957131000002846
    },
    {
      "converged": true,
      "source_scale": 0.2,
      "coeff_abs": 1.2135034715595368e-21,
      "coeff_rel": 2.0671578200446762e-13,
      "time_abs": null,
      "time_rel": null,
      "newton_iterations": 3,
      "gmres_iterations_total": 3,
      "factor_runtime_s": 0.4492556999903172,
      "runtime_s": 0.8663176999834832,
      "failure_reason": "",
      "preconditioner_assembly_runtime_s": 0.1636309000023175,
      "preconditioner_numeric_factor_runtime_s": 0.2839959999837447
    },
    {
      "converged": true,
      "source_scale": 0.25,
      "coeff_abs": 1.637049019822322e-18,
      "coeff_rel": 2.2309214682497314e-10,
      "time_abs": null,
      "time_rel": null,
      "newton_iterations": 3,
      "gmres_iterations_total": 3,
      "factor_runtime_s": 0.3987588999734726,
      "runtime_s": 0.7219409999961499,
      "failure_reason": "",
      "preconditioner_assembly_runtime_s": 0.11985250003635883,
      "preconditioner_numeric_factor_runtime_s": 0.27729480000562035
    },
    {
      "converged": true,
      "source_scale": 0.3,
      "coeff_abs": 2.70317486595881e-22,
      "coeff_rel": 3.069838251572908e-14,
      "time_abs": null,
      "time_rel": null,
      "newton_iterations": 4,
      "gmres_iterations_total": 4,
      "factor_runtime_s": 0.5921392999589443,
      "runtime_s": 1.1192069000098854,
      "failure_reason": "",
      "preconditioner_assembly_runtime_s": 0.20199599998886697,
      "preconditioner_numeric_factor_runtime_s": 0.38772279999102466
    },
    {
      "converged": true,
      "source_scale": 0.35,
      "coeff_abs": 6.702677547334773e-19,
      "coeff_rel": 6.524434714120773e-11,
      "time_abs": null,
      "time_rel": null,
      "newton_iterations": 4,
      "gmres_iterations_total": 4,
      "factor_runtime_s": 0.605453700030921,
      "runtime_s": 1.067240700009279,
      "failure_reason": "",
      "preconditioner_assembly_runtime_s": 0.21303650000481866,