{
  "metadata": {
    "pump_modes": [
      1,
      3,
      5,
      7,
      9,
      11,
      13,
      15,
      17,
      19
    ],
    "pump_basis": "positive_phasor",
    "real_reconstruction_factor": 2,
    "omega_p": 51227194494.314,
    "phase_convention": "exp_plus_i_k_omega_t",
    "pump_mode_policy": "positive_odd_jc",
    "pump_source_mode": 1,
    "pump_freq_ghz": 8.1530612245,
    "nt": 40,
    "pump_current_a": 1.4018780929106503e-05,
    "pump_current_ratio_ic_median": 5.277713171758303,
    "pump_backend": "full"
  },
  "solution_summary": {
    "x_rms": 3.142294843364896e-15,
    "x_max_abs": 7.192998029177756e-15,
    "branch_psi_rms": 1.4438353311716003e-16,
    "branch_psi_max_abs": 2.4901798074717283e-16,
    "branch_i_rms": 1.1104334419092433e-06,
    "branch_i_max_abs": 1.823468265699546e-06,
    "X_h1_norm": 1.7838988504659457e-13,
    "X_h2_norm": 1.001929819102063e-15,
    "X_h3_norm": 3.8200273402219555e-17,
    "X_h4_norm": 1.7789663585693955e-18,
    "X_h5_norm": 1.253278105469327e-19,
    "X_h6_norm": 9.229299438255163e-21,
    "X_h7_norm": 8.194722496184418e-22,
    "X_h8_norm": 9.781450651839245e-23,
    "X_h9_norm": 1.0578576521383205e-23,
    "X_h10_norm": 1.9153986474037725e-24
  },
  "reports": [
    {
      "converged": false,
      "source_scale": 1.0,
      "coeff_abs": 7.229914665437285e-11,
      "coeff_rel": 0.003703506117339885,
      "time_abs": 4.572599526287158e-10,
      "time_rel": 0.0037035061173398406,
      "newton_iterations": 4,
      "gmres_iterations_total": 4,
      "factor_runtime_s": 2.6022066000150517,
      "runtime_s": 4.485868999996455,
      "failure_reason": "stalled at Newton 4 (reduction ratio 0.998)",
      "preconditioner_assembly_runtime_s": 0.0,
      "preconditioner_numeric_factor_runtime_s": 0.0
    }
  ],
  "final_status": "FAIL"
}