{
  "metadata": {
    "pump_modes": [
      1,
      3,
      5,
      7,
      9,
      11,
      13,
      15,
      17,
      19
    ],
    "pump_basis": "positive_phasor",
    "real_reconstruction_factor": 2,
    "omega_p": 44252474118.46583,
    "phase_convention": "exp_plus_i_k_omega_t",
    "pump_mode_policy": "positive_odd_jc",
    "pump_source_mode": 1,
    "pump_freq_ghz": 7.043,
    "nt": 40,
    "pump_current_a": 7.730227702855781e-06,
    "pump_current_ratio_ic_median": 2.9102334057696964,
    "pump_backend": "schur_cpu_mt"
  },
  "solution_summary": {
    "x_rms": 1.9917690703451225e-15,
    "x_max_abs": 4.504361017859351e-15,
    "branch_psi_rms": 1.1046199441313446e-16,
    "branch_psi_max_abs": 2.260445764690002e-16,
    "branch_i_rms": 8.59489832422928e-07,
    "branch_i_max_abs": 1.684311331056435e-06,
    "X_h1_norm": 1.1307440752096938e-13,
    "X_h2_norm": 5.32240571092514e-16,
    "X_h3_norm": 1.7019196831228583e-17,
    "X_h4_norm": 1.202058479459018e-18,
    "X_h5_norm": 7.583403774564832e-20,
    "X_h6_norm": 2.6767511480142062e-21,
    "X_h7_norm": 1.9888033684859586e-22,
    "X_h8_norm": 1.807497797036072e-23,
    "X_h9_norm": 1.5620493247335076e-23,
    "X_h10_norm": 1.613923500024799e-25
  },
  "reports": [
    {
      "converged": true,
      "source_scale": 1.0,
      "coeff_abs": 6.140812446339483e-21,
      "coeff_rel": 3.5653847528644965e-13,
      "time_abs": null,
      "time_rel": null,
      "newton_iterations": 2,
      "gmres_iterations_total": 2,
      "factor_runtime_s": 0.2659073999966495,
      "runtime_s": 0.5247742999927141,
      "failure_reason": "",
      "preconditioner_assembly_runtime_s": 0.08847459996468388,
      "preconditioner_numeric_factor_runtime_s": 0.17640470000333153
    }
  ],
  "final_status": "VALID_CONVERGED"
}