{
  "metadata": {
    "pump_modes": [
      1,
      3,
      5,
      7,
      9,
      11,
      13,
      15,
      17,
      19
    ],
    "pump_basis": "positive_phasor",
    "real_reconstruction_factor": 2,
    "omega_p": 44252474118.46583,
    "phase_convention": "exp_plus_i_k_omega_t",
    "pump_mode_policy": "positive_odd_jc",
    "pump_source_mode": 1,
    "pump_freq_ghz": 7.043,
    "nt": 40,
    "pump_current_a": 2.6772707101473927e-06,
    "pump_current_ratio_ic_median": 1.0079240814706258,
    "pump_backend": "schur_cpu_mt"
  },
  "solution_summary": {
    "x_rms": 6.852623203217939e-16,
    "x_max_abs": 1.5775122406221835e-15,
    "branch_psi_rms": 4.0340459315775254e-17,
    "branch_psi_max_abs": 1.3614606928784539e-16,
    "branch_i_rms": 3.237634588302776e-07,
    "branch_i_max_abs": 1.0677638194400918e-06,
    "X_h1_norm": 3.890279695724747e-14,
    "X_h2_norm": 2.739534067474514e-17,
    "X_h3_norm": 2.0569933910968045e-16,
    "X_h4_norm": 9.289468819465371e-19,
    "X_h5_norm": 2.700649588003365e-19,
    "X_h6_norm": 1.711939805759e-19,
    "X_h7_norm": 2.054356004071687e-21,
    "X_h8_norm": 1.374383073541187e-20,
    "X_h9_norm": 2.4739597838823055e-22,
    "X_h10_norm": 1.8320546184314756e-22
  },
  "reports": [
    {
      "converged": false,
      "source_scale": 1.0,
      "coeff_abs": 4.537508287600696e-11,
      "coeff_rel": 0.007606729992958399,
      "time_abs": null,
      "time_rel": null,
      "newton_iterations": 7,
      "gmres_iterations_total": 7,
      "factor_runtime_s": 1.4177613999927416,
      "runtime_s": 2.7741697000165004,
      "failure_reason": "stalled at Newton 7 (reduction ratio 1.000)",
      "preconditioner_assembly_runtime_s": 0.5356199000088964,
      "preconditioner_numeric_factor_runtime_s": 0.8766060999478213
    }
  ],
  "final_status": "FAIL"
}