{
  "metadata": {
    "pump_modes": [
      1,
      3,
      5,
      7,
      9,
      11,
      13,
      15,
      17,
      19
    ],
    "pump_basis": "positive_phasor",
    "real_reconstruction_factor": 2,
    "omega_p": 51227194494.314,
    "phase_convention": "exp_plus_i_k_omega_t",
    "pump_mode_policy": "positive_odd_jc",
    "pump_source_mode": 1,
    "pump_freq_ghz": 8.1530612245,
    "nt": 40,
    "pump_current_a": 1.3272729670876305e-05,
    "pump_current_ratio_ic_median": 4.996843916986424,
    "pump_backend": "full"
  },
  "solution_summary": {
    "x_rms": 3.0043865557493896e-15,
    "x_max_abs": 6.821356258687536e-15,
    "branch_psi_rms": 1.186711260802027e-16,
    "branch_psi_max_abs": 2.2791596012966246e-16,
    "branch_i_rms": 9.235375908674271e-07,
    "branch_i_max_abs": 1.695963207307271e-06,
    "X_h1_norm": 1.7055758234444828e-13,
    "X_h2_norm": 1.4138296432302115e-15,
    "X_h3_norm": 3.765111664168407e-17,
    "X_h4_norm": 2.134405342202384e-18,
    "X_h5_norm": 1.6497864214735197e-19,
    "X_h6_norm": 1.4405568192581082e-20,
    "X_h7_norm": 1.519670333949531e-21,
    "X_h8_norm": 1.749985113493603e-22,
    "X_h9_norm": 4.870038651567335e-23,
    "X_h10_norm": 6.684554768937424e-24
  },
  "reports": [
    {
      "converged": false,
      "source_scale": 1.0,
      "coeff_abs": 1.964136639337903e-10,
      "coeff_rel": 0.010626777611354974,
      "time_abs": 1.2422290832192885e-09,
      "time_rel": 0.010626777611354965,
      "newton_iterations": 4,
      "gmres_iterations_total": 4,
      "factor_runtime_s": 2.5207542999705765,
      "runtime_s": 4.136730400001397,
      "failure_reason": "stalled at Newton 4 (reduction ratio 0.904)",
      "preconditioner_assembly_runtime_s": 0.0,
      "preconditioner_numeric_factor_runtime_s": 0.0
    }
  ],
  "final_status": "FAIL"
}