{
  "metadata": {
    "pump_modes": [
      1,
      3,
      5,
      7,
      9,
      11,
      13,
      15,
      17,
      19
    ],
    "pump_basis": "positive_phasor",
    "real_reconstruction_factor": 2,
    "omega_p": 44252474118.46583,
    "phase_convention": "exp_plus_i_k_omega_t",
    "pump_mode_policy": "positive_odd_jc",
    "pump_source_mode": 1,
    "pump_freq_ghz": 7.043,
    "nt": 40,
    "pump_current_a": 7.1893940310184986e-06,
    "pump_current_ratio_ic_median": 2.7066233338225945,
    "pump_backend": "schur_cpu_mt"
  },
  "solution_summary": {
    "x_rms": 1.8459622954689065e-15,
    "x_max_abs": 4.1295523929629195e-15,
    "branch_psi_rms": 1.0269259729515444e-16,
    "branch_psi_max_abs": 2.1594820830083482e-16,
    "branch_i_rms": 8.026668578409665e-07,
    "branch_i_max_abs": 1.6205179838210073e-06,
    "X_h1_norm": 1.0479708734109437e-13,
    "X_h2_norm": 4.3620802707143544e-16,
    "X_h3_norm": 1.4874205063923032e-17,
    "X_h4_norm": 7.665936815502495e-19,
    "X_h5_norm": 4.7671613889304775e-20,
    "X_h6_norm": 7.034431502957133e-21,
    "X_h7_norm": 1.8808807154658483e-22,
    "X_h8_norm": 9.636221526075417e-23,
    "X_h9_norm": 1.2195134900943846e-23,
    "X_h10_norm": 4.7638212800526e-25
  },
  "reports": [
    {
      "converged": true,
      "source_scale": 1.0,
      "coeff_abs": 1.2110690942976653e-19,
      "coeff_rel": 7.560482125651976e-12,
      "time_abs": null,
      "time_rel": null,
      "newton_iterations": 5,
      "gmres_iterations_total": 5,
      "factor_runtime_s": 0.887497199990321,
      "runtime_s": 1.589266900002258,
      "failure_reason": "",
      "preconditioner_assembly_runtime_s": 0.32449349999660626,
      "preconditioner_numeric_factor_runtime_s": 0.5602707000216469
    }
  ],
  "final_status": "VALID_CONVERGED"
}