{
  "metadata": {
    "pump_modes": [
      1,
      3,
      5,
      7,
      9,
      11,
      13,
      15,
      17,
      19
    ],
    "pump_basis": "positive_phasor",
    "real_reconstruction_factor": 2,
    "omega_p": 51227194494.314,
    "phase_convention": "exp_plus_i_k_omega_t",
    "pump_mode_policy": "positive_odd_jc",
    "pump_source_mode": 1,
    "pump_freq_ghz": 8.1530612245,
    "nt": 40,
    "pump_current_a": 1.4337064831251699e-05,
    "pump_current_ratio_ic_median": 5.397538936295548,
    "pump_backend": "full"
  },
  "solution_summary": {
    "x_rms": 3.1616218397675858e-15,
    "x_max_abs": 7.23779079165986e-15,
    "branch_psi_rms": 1.466323872255853e-16,
    "branch_psi_max_abs": 2.7977087809249227e-16,
    "branch_i_rms": 1.124905698580804e-06,
    "branch_i_max_abs": 1.9957320164960186e-06,
    "X_h1_norm": 1.794852014169761e-13,
    "X_h2_norm": 1.3015248499515168e-15,
    "X_h3_norm": 4.016283558631565e-17,
    "X_h4_norm": 2.8302259064722703e-18,
    "X_h5_norm": 2.4541774429612544e-19,
    "X_h6_norm": 2.965340208779207e-20,
    "X_h7_norm": 2.7470485663940756e-21,
    "X_h8_norm": 4.628885697085815e-22,
    "X_h9_norm": 6.995486914813728e-23,
    "X_h10_norm": 1.5116586949251248e-23
  },
  "reports": [
    {
      "converged": false,
      "source_scale": 1.0,
      "coeff_abs": 4.596971806826375e-10,
      "coeff_rel": 0.023025111142777912,
      "time_abs": 2.9073802498302042e-09,
      "time_rel": 0.02302511114277808,
      "newton_iterations": 4,
      "gmres_iterations_total": 4,
      "factor_runtime_s": 2.5807281999732368,
      "runtime_s": 4.2106515999767,
      "failure_reason": "stalled at Newton 4 (reduction ratio 0.908)",
      "preconditioner_assembly_runtime_s": 0.0,
      "preconditioner_numeric_factor_runtime_s": 0.0
    }
  ],
  "final_status": "FAIL"
}