{
  "metadata": {
    "pump_modes": [
      1,
      3,
      5,
      7,
      9,
      11,
      13,
      15,
      17,
      19
    ],
    "pump_basis": "positive_phasor",
    "real_reconstruction_factor": 2,
    "omega_p": 44252474118.46583,
    "phase_convention": "exp_plus_i_k_omega_t",
    "pump_mode_policy": "positive_odd_jc",
    "pump_source_mode": 1,
    "pump_freq_ghz": 7.043,
    "nt": 40,
    "pump_current_a": 7.467793267135239e-06,
    "pump_current_ratio_ic_median": 2.8114335397093355,
    "pump_backend": "schur_cpu_mt"
  },
  "solution_summary": {
    "x_rms": 1.921711238459146e-15,
    "x_max_abs": 4.327786675131285e-15,
    "branch_psi_rms": 1.070796565012631e-16,
    "branch_psi_max_abs": 2.2169861658494382e-16,
    "branch_i_rms": 8.347863272734548e-07,
    "branch_i_max_abs": 1.6570424463660142e-06,
    "X_h1_norm": 1.0909738032238653e-13,
    "X_h2_norm": 4.657215621144696e-16,
    "X_h3_norm": 1.3501730315041565e-17,
    "X_h4_norm": 8.466653644808682e-19,
    "X_h5_norm": 5.121004521637434e-20,
    "X_h6_norm": 1.604173321849425e-21,
    "X_h7_norm": 1.0678629080872874e-22,
    "X_h8_norm": 9.118403453147763e-24,
    "X_h9_norm": 5.622668910618373e-24,
    "X_h10_norm": 6.41669621435695e-26
  },
  "reports": [
    {
      "converged": true,
      "source_scale": 1.0,
      "coeff_abs": 5.652373445673608e-22,
      "coeff_rel": 3.397124137141937e-14,
      "time_abs": null,
      "time_rel": null,
      "newton_iterations": 3,
      "gmres_iterations_total": 3,
      "factor_runtime_s": 0.5382872000045609,
      "runtime_s": 0.9943874999880791,
      "failure_reason": "",
      "preconditioner_assembly_runtime_s": 0.20131490004132502,
      "preconditioner_numeric_factor_runtime_s": 0.3350442000082694
    }
  ],
  "final_status": "VALID_CONVERGED"
}